video,view,frame,timestamp_ms,fps,frame_width,frame_height,left_knee_angle_deg,right_knee_angle_deg,left_hip_angle_deg,right_hip_angle_deg,left_ankle_angle_deg,right_ankle_angle_deg,trunk_angle_deg
person_17.mp4,front,0,0,59.93154671820066,848,478,138.04230718364855,141.94458013814207,159.6586307515662,162.70753950908428,74.12985170953345,71.98224122236633,24.681212141668297
person_17.mp4,front,1,17,59.93154671820066,848,478,143.50031505066795,145.82622498656548,162.00188093382548,166.53076836925462,76.05035981584919,74.71831473513191,23.823752117720424
person_17.mp4,front,2,33,59.93154671820066,848,478,143.64842159312505,146.01483937323331,162.56218271905414,166.9286538089751,75.93939198150417,74.92799269201595,23.586832276470737
person_17.mp4,front,3,50,59.93154671820066,848,478,146.03610225356118,148.20634927961623,163.84001185376331,168.2774735889719,77.27792897706952,76.2479417164961,23.413687053677442
person_17.mp4,front,4,67,59.93154671820066,848,478,147.63218283979265,147.91517095096987,164.15631816357703,168.41521701426558,78.56016566140798,76.19215638260103,23.046634805846164
person_17.mp4,front,5,83,59.93154671820066,848,478,147.29003716634674,147.6786076537472,164.25502767068394,168.14707418312966,78.41909065252771,76.29235630939843,23.10170669283345
person_17.mp4,front,6,100,59.93154671820066,848,478,146.75495280435283,147.29859898640925,164.32669479335348,168.35501040639843,78.18630183459476,76.09041707644285,22.924054707620588
person_17.mp4,front,7,117,59.93154671820066,848,478,148.66907746868634,148.19778358950398,164.38099709093154,168.7596737066966,79.96527594214174,77.43296904029548,22.161749961509365
person_17.mp4,front,8,133,59.93154671820066,848,478,147.71047749285728,149.90734127779214,166.12103720847594,171.24265538149066,79.48656754608723,78.83542675780168,19.270673267304257
person_17.mp4,front,9,150,59.93154671820066,848,478,146.29609335457297,150.11363018054254,168.63773273761728,173.1225490957422,80.30996511414455,79.96876382350317,15.295319625927482
person_17.mp4,front,10,167,59.93154671820066,848,478,144.59699733439533,148.51766054090436,170.55144149273286,173.87093604870887,78.81468810934167,78.76093096167706,13.416010079936157
person_17.mp4,front,11,184,59.93154671820066,848,478,144.21028049731768,146.19841356306995,167.9002777991937,172.81835668632917,78.40163412139235,76.6651356454399,15.716234181310206
person_17.mp4,front,12,200,59.93154671820066,848,478,144.46291158096207,146.49182418969693,166.84164212945944,171.1128751267741,78.51662074559671,77.03474411200034,17.339628569488546
person_17.mp4,front,13,217,59.93154671820066,848,478,145.0512324228536,146.64631242631515,166.5662636403304,170.02134919007213,78.83290532305402,77.30399611814521,18.213398106435484
person_17.mp4,front,14,234,59.93154671820066,848,478,143.37629675748292,146.1400189523841,166.21131534801134,169.278684078888,76.9657774151595,76.80680342813422,18.768771050942572
person_17.mp4,front,15,250,59.93154671820066,848,478,143.1488915778226,145.87147617329904,165.87113776356065,168.83277101002884,76.69165678980168,76.65625306790068,19.06806407748124
person_17.mp4,front,16,267,59.93154671820066,848,478,144.11998704968138,145.78064855893868,166.30029747077384,168.58326183839284,76.63431429960154,76.52023999920006,19.396045971841954
person_17.mp4,front,17,284,59.93154671820066,848,478,144.15189875837785,146.2654037081542,166.32384318523717,169.04385990928006,77.02074871895432,77.45036223329521,18.936005457293355
person_17.mp4,front,18,300,59.93154671820066,848,478,144.33144889915565,146.10417225995198,166.11967066845241,168.82928650606385,77.01079831419888,77.2075292749934,19.061968961754467
person_17.mp4,front,19,317,59.93154671820066,848,478,144.94783569559465,146.29117032767493,165.71359474922602,168.7402694123498,77.80744393168995,77.4193633860705,19.279284013098028
person_17.mp4,front,20,334,59.93154671820066,848,478,145.68214422000918,146.2401868476689,166.07001549148941,168.39332132499402,77.66809013246142,77.20516530486744,19.604150579542704
person_17.mp4,front,21,350,59.93154671820066,848,478,146.07166413097553,146.79724972208177,166.07211592527332,168.73166744884995,78.06222621279954,77.48674845126918,19.66361103937145
person_17.mp4,front,22,367,59.93154671820066,848,478,145.71035067435974,146.91817178927704,165.88407389126667,168.62447768911412,77.91324383293525,77.45622361089163,19.75453583310725
person_17.mp4,front,23,384,59.93154671820066,848,478,145.76276344483776,146.99470883006418,165.90916472746406,168.60763156173707,77.99573139875706,77.51154794975963,19.812894107671656
person_17.mp4,front,24,400,59.93154671820066,848,478,145.85986938670564,146.9354760990583,165.77592718788122,168.55721132024235,78.10221561967927,77.42064971798666,19.935788187368388
person_17.mp4,front,25,417,59.93154671820066,848,478,146.2726321233951,147.13600575990307,165.09587858498338,168.19809200876492,78.01344698898397,77.22279908954955,21.44985122852908
person_17.mp4,front,26,434,59.93154671820066,848,478,146.14515186645727,146.8698073789963,166.15464259796687,168.72896457713586,77.9105419714232,77.06854692329895,20.38076151056842
person_17.mp4,front,27,451,59.93154671820066,848,478,146.6295993627672,147.10628279521364,166.3450765677875,168.64775098925872,78.1555356310495,77.42956608397762,20.48517424838312
person_17.mp4,front,28,467,59.93154671820066,848,478,144.79347443104763,145.80378320764987,166.22771455866445,168.65702763768178,77.42786735385671,77.19733687897491,19.128491949308756
person_17.mp4,front,29,484,59.93154671820066,848,478,145.2271701724899,145.61625384704436,166.15043379659517,168.6167983561673,77.85841477484381,77.0870931755275,19.248642400854564
person_17.mp4,front,30,501,59.93154671820066,848,478,145.85677742823705,145.4280817168639,166.87292349847215,168.3607629969428,77.54874438029366,76.8593615082745,19.575574298059735
person_17.mp4,front,31,517,59.93154671820066,848,478,147.8258614991638,145.64140252549942,166.89370275216882,166.9532309592776,77.81894895181168,76.07783399137496,21.623708517500923
person_17.mp4,front,32,534,59.93154671820066,848,478,149.10119164343206,146.72427039051448,166.6263354619843,167.0493392379516,78.60326893024443,76.9694970953226,21.624787325297305
person_17.mp4,front,33,551,59.93154671820066,848,478,148.82781354397716,146.70441580448815,166.56796137883558,167.3181886266134,78.77474718905016,76.98835742601045,21.363715594607054
person_17.mp4,front,34,567,59.93154671820066,848,478,148.03041432228534,146.41124639341447,166.38514505529156,166.57326753900367,78.74934252601864,77.88379837975576,20.77231921175842
person_17.mp4,front,35,584,59.93154671820066,848,478,146.56968182314841,145.9171826944862,167.39115942559195,166.5216283139472,76.99537653488368,77.59244471162128,20.820334814107323
person_17.mp4,front,36,601,59.93154671820066,848,478,147.49167345339362,146.6269788013618,166.22132560462708,168.03040099584828,78.7446032014959,78.02478509786984,20.00601458509347
person_17.mp4,front,37,617,59.93154671820066,848,478,144.4190984457108,145.72359377491216,165.76559796574816,168.71507907822453,76.71799153097417,76.93473649490744,19.348609043080444
person_17.mp4,front,38,634,59.93154671820066,848,478,142.63471854463234,145.3927031248915,166.78302224390745,170.11388665809392,76.1070031499491,77.46822031765846,17.05910153127589
person_17.mp4,front,39,651,59.93154671820066,848,478,142.6155486441077,145.07407662885018,166.74133039616902,168.74152346457942,76.09763319081786,77.89711835349078,17.438490943310036
person_17.mp4,front,40,667,59.93154671820066,848,478,141.48181856374222,143.86640741448073,165.9992099701332,167.49980485314777,75.71593508500644,77.34549355730752,17.660800712955233
person_17.mp4,front,41,684,59.93154671820066,848,478,140.58909757476022,142.42325070854,165.65726583417376,165.32210124159226,75.04317997300689,76.75949198866887,18.20237215023517
person_17.mp4,front,42,701,59.93154671820066,848,478,139.12376050780713,140.28972774750125,166.0347980464659,162.04538260501667,72.61084891859848,75.4558984948068,19.70486608561421
person_17.mp4,front,43,717,59.93154671820066,848,478,138.3536380080599,139.5756918739114,165.13026513487813,160.51035723282607,71.9793501745442,74.7132351126328,20.904126843647187
person_17.mp4,front,44,734,59.93154671820066,848,478,138.58258059441656,138.65437186167472,165.799401343186,159.044771320716,70.56608180926573,74.3252376172552,22.194978894304842
person_17.mp4,front,45,751,59.93154671820066,848,478,139.638478852796,138.37430069113083,164.73045684341287,159.9170348560572,71.61812909782951,73.67134582456606,22.534832734030267
person_17.mp4,front,46,768,59.93154671820066,848,478,140.5283675769204,138.25236008723132,164.89167781339992,160.06562075482267,72.27872548662376,73.64268257502614,22.37211977706558
person_17.mp4,front,47,784,59.93154671820066,848,478,140.55195887434894,136.9356678391501,164.75134907771005,159.23239335280167,72.61096825163838,73.35455575282067,22.327430490870963
person_17.mp4,front,48,801,59.93154671820066,848,478,139.016546800774,136.0087174562261,163.97958826899338,157.50761002328673,71.20850580553395,72.82223592913866,23.48750133304843
person_17.mp4,front,49,818,59.93154671820066,848,478,138.0475310723203,134.65468725543738,164.05924265077203,156.6566625343264,70.74771419811586,73.03004314026009,22.70130515596885
person_17.mp4,front,50,834,59.93154671820066,848,478,135.5315343916032,131.7998955896309,161.13729836234896,154.49918693360453,71.73705581920373,72.41928327710244,22.787512457374532
person_17.mp4,front,51,851,59.93154671820066,848,478,130.4453605926479,129.05205350947378,156.58426814952628,153.03532439141014,70.28077771822966,71.71874684764082,23.366840392909477
person_17.mp4,front,52,868,59.93154671820066,848,478,128.00483188880872,122.56688576902366,150.41083344912414,146.96893664572383,70.79183945351444,70.85857444977107,24.9378263603989
person_17.mp4,front,53,884,59.93154671820066,848,478,128.12235855028868,122.77699166098301,146.85794651310957,145.46614580531312,72.05815191044206,70.91616182434933,26.588673033806018
person_17.mp4,front,54,901,59.93154671820066,848,478,121.78159208141733,115.91374144564477,138.91473468761333,137.180217837824,72.18244629677122,70.61136624114951,27.979212258788834
person_17.mp4,front,55,918,59.93154671820066,848,478,121.5706682520405,118.01731103017114,135.58076416695,137.84470400663352,73.69557985832704,71.19311981757706,28.77370039509534
person_17.mp4,front,56,934,59.93154671820066,848,478,117.39134858082413,113.40039423802679,133.20995913479743,134.04529588574417,71.30257689594177,69.44230219410416,29.518468158593564
person_17.mp4,front,57,951,59.93154671820066,848,478,108.88909399094277,111.60114858366438,126.11439399594944,131.9936385958263,67.82443190925761,67.5130452131004,32.01991284843121
person_17.mp4,front,58,968,59.93154671820066,848,478,104.17656017838718,104.31096937421208,120.37525083922242,125.86901943103327,69.04840508794658,67.40406776959361,31.36828418597763
person_17.mp4,front,59,984,59.93154671820066,848,478,83.27478615497316,86.02498723452423,97.87526413938555,105.81121441258625,64.6553791698891,62.153750448996966,35.56032003286307
person_17.mp4,front,60,1001,59.93154671820066,848,478,88.42044862016381,87.62135162844051,105.95761323841796,108.41490875520125,66.18138254105594,64.25495198086709,33.3329120644893
person_17.mp4,front,61,1018,59.93154671820066,848,478,73.34457051226128,72.43619905164867,91.96193231002745,94.32421271975201,63.96179515854033,61.94565209072271,32.6989676747866
person_17.mp4,front,62,1035,59.93154671820066,848,478,71.3656447793275,70.34196732345067,87.91140476292485,91.19566878927766,64.5477396320564,62.377092733364016,33.35353702130517
person_17.mp4,front,63,1051,59.93154671820066,848,478,68.65871676131512,67.40168910395644,85.30961488186378,90.74393238213504,64.33665619662304,62.366592112960795,32.162631650586476
person_17.mp4,front,64,1068,59.93154671820066,848,478,66.92781369421688,65.09361672624493,83.96527391437273,89.57575563778512,64.96807630201238,63.12371682372853,30.47194200391119
person_17.mp4,front,65,1085,59.93154671820066,848,478,65.82048295525293,64.68061878966729,85.99082787732453,92.44842034206829,65.143378333377,63.64425138913037,27.34443491848249
person_17.mp4,front,66,1101,59.93154671820066,848,478,64.03402284983412,63.45737255483647,86.28954442851956,93.14867126272502,65.4040669008701,64.16267831496339,25.156651170350813
person_17.mp4,front,67,1118,59.93154671820066,848,478,63.24470939391084,61.895072439064606,86.8720982270755,92.76273647908393,65.06143967499852,63.589597640470735,24.719028744847773
person_17.mp4,front,68,1135,59.93154671820066,848,478,61.32423036742127,60.91157690702402,91.04803250347328,96.80029139178124,64.8109710609254,64.16564238165635,19.39868996568927
person_17.mp4,front,69,1151,59.93154671820066,848,478,60.51977490519396,59.15737956924437,87.50699684667218,91.96341887000146,64.1736674955974,63.51154601403255,22.61162650159253
person_17.mp4,front,70,1168,59.93154671820066,848,478,61.766438055734845,60.0228895305007,86.28947293837184,92.87154502432205,65.8617621968934,64.8085334068795,21.975700179447504
person_17.mp4,front,71,1185,59.93154671820066,848,478,61.29376719321749,59.246691924690616,88.82535360537344,94.45225149532834,65.20486610051185,65.28065074164239,20.706586615920422
person_17.mp4,front,72,1201,59.93154671820066,848,478,61.37434367856295,58.59850779130877,92.01694104929774,97.97124369334257,65.17886614790353,65.04196187516318,17.057532414380294
person_17.mp4,front,73,1218,59.93154671820066,848,478,61.38118492437127,58.39812599815108,90.61620497327084,96.94062724744528,64.97867169221252,64.5052478616359,18.656369484138164
person_17.mp4,front,74,1235,59.93154671820066,848,478,59.53551321904958,56.49401634646394,90.92722249632075,95.94163865596215,63.33991265829537,63.872947433808925,18.79814337864573
person_17.mp4,front,75,1251,59.93154671820066,848,478,59.000783078172944,55.24490392549349,90.37604106454533,95.64356694870627,61.967065050883086,62.965585741749955,19.84143990695922
person_17.mp4,front,76,1268,59.93154671820066,848,478,58.603237470364405,54.91256214228704,92.6958789335019,97.70551024011174,60.29481976833671,61.10287610244942,18.224369470751533
person_17.mp4,front,77,1285,59.93154671820066,848,478,58.210042181439185,53.96760155510463,94.89518843903546,99.84456502553319,62.39609144357911,63.2857505889817,15.257860903545556
person_17.mp4,front,78,1301,59.93154671820066,848,478,55.7740527660874,51.77454275928197,91.13545579592552,96.39660309107751,61.289221402810995,62.46239411106172,17.85646972569372
person_17.mp4,front,79,1318,59.93154671820066,848,478,56.7151061387281,52.37940033378195,96.22752445525637,104.47371693410027,62.8086236665213,62.48244486487871,11.838395902137322
person_17.mp4,front,80,1335,59.93154671820066,848,478,56.35056117115172,52.30823127120646,96.14790376260663,102.58340059375983,61.745452173822436,65.0654489750473,13.158878909969719
person_17.mp4,front,81,1352,59.93154671820066,848,478,53.7078855635378,51.54552220008738,98.56288640513016,107.40183351382994,62.086883450658576,68.37434508058685,9.625147796106717
person_17.mp4,front,82,1368,59.93154671820066,848,478,52.3162661136599,49.5180604032155,96.03215067119973,101.48327489201345,60.530615959175286,67.24207886155932,13.515092837397653
person_17.mp4,front,83,1385,59.93154671820066,848,478,51.3047619879481,48.42620905638856,94.25077922332662,99.63812726023562,59.5549763577533,65.28081613140044,15.496753611717027
person_17.mp4,front,84,1402,59.93154671820066,848,478,49.86750710475975,45.92334405574908,85.9731911358274,94.41388407401634,58.50389864061639,64.40812667236608,21.820319368107967
person_17.mp4,front,85,1418,59.93154671820066,848,478,48.77262852942525,45.1058043371223,82.2308524978605,89.34391911853191,57.49367260114592,63.27124198205896,25.649676996292392
person_17.mp4,front,86,1435,59.93154671820066,848,478,47.837879865490905,44.71567840058161,79.2499653331672,85.04916934710222,57.011414123438534,63.25567119608594,29.582920530984953
person_17.mp4,front,87,1452,59.93154671820066,848,478,46.60451505077467,42.63723134757591,77.77522465534703,81.83912007486973,56.92438017455489,61.89816140499211,31.031052243278225
person_17.mp4,front,88,1468,59.93154671820066,848,478,46.68338868744533,41.44151793591207,78.28252595034562,81.72137799412684,57.52415278976007,63.96209666580405,31.379002467141085
person_17.mp4,front,89,1485,59.93154671820066,848,478,46.039026032600376,40.85144328453006,73.87934062880136,77.79970830475867,55.78956784317092,60.52832177452051,34.67109508700039
person_17.mp4,front,90,1502,59.93154671820066,848,478,45.466679826904965,40.98215066252656,71.1749146302076,75.3383591834864,56.147722059355864,61.67299111802709,37.020009367696844
person_17.mp4,front,91,1518,59.93154671820066,848,478,44.668099191414555,40.21488052350066,69.72805576719676,73.94537359238555,56.32737566315635,59.520662934209234,37.538003674326745
person_17.mp4,front,92,1535,59.93154671820066,848,478,44.33977475719507,40.137567329776196,69.5183268700135,73.78528746120958,57.22930774853886,58.75125475722883,37.39615411029749
person_17.mp4,front,93,1552,59.93154671820066,848,478,43.66777208683241,39.99118192521568,68.56887726890666,71.7342684903681,57.320504387564476,60.79735762044805,39.28406165499056
person_17.mp4,front,94,1568,59.93154671820066,848,478,44.04928753944345,40.02752191561574,68.61151998531635,72.28119586491803,58.635472855630454,63.97068598547768,39.35830521082515
person_17.mp4,front,95,1585,59.93154671820066,848,478,43.748255242542974,39.322154380233464,68.2115471886499,71.74471608491375,58.54378383332868,65.46108260051592,39.04396969860946
person_17.mp4,front,96,1602,59.93154671820066,848,478,42.44920735313517,38.27938004941846,63.940688739973005,67.24227875287423,57.56784332539151,62.72207743188707,42.486675660405716
person_17.mp4,front,97,1619,59.93154671820066,848,478,42.91428424870976,39.0856372033048,64.57507414233856,68.60392424551151,59.281166731341294,65.3897415698613,41.44096357869213
person_17.mp4,front,98,1635,59.93154671820066,848,478,42.11259993116231,38.61254133367555,61.25328620099133,65.4113294879495,58.79693735602184,64.90014192300332,44.158724456311816
person_17.mp4,front,99,1652,59.93154671820066,848,478,37.97667532592021,34.56197698955193,52.79459749550914,56.12130153453068,56.45435604901591,61.59474213047495,50.71038336951815
person_17.mp4,front,100,1669,59.93154671820066,848,478,37.639487785386166,34.10093081006352,52.27275287844834,55.355245106148544,57.208646150235055,61.2512825082105,50.68453577653136
person_17.mp4,front,101,1685,59.93154671820066,848,478,34.212713978783654,31.34886211668859,44.350606036289236,47.327241679676256,54.026003968941794,57.18012236870687,56.97158430258873
person_17.mp4,front,102,1702,59.93154671820066,848,478,34.054807935262154,31.023058675909393,43.905007045148245,46.85976868692594,54.90518170487297,57.540765960538394,57.05475103463117
person_17.mp4,front,103,1719,59.93154671820066,848,478,33.86112846912343,30.64663586825191,43.88487310748789,46.90084760326194,54.74850973565694,57.89198976694537,56.6901823402711
person_17.mp4,front,104,1735,59.93154671820066,848,478,31.419303789169785,28.072055997541156,40.787787635402424,43.018570465915616,53.9289305914606,55.46114151167432,59.01122299716437
person_17.mp4,front,105,1752,59.93154671820066,848,478,32.347566432252435,28.84696125035584,42.32268018888307,44.821447556284724,55.98943720234989,57.21606874860801,57.09354845404724
person_17.mp4,front,106,1769,59.93154671820066,848,478,30.897969984821287,27.4572763876193,39.15344589579394,41.211409665642975,54.378941330352625,54.74001474161924,59.66076075336294
person_17.mp4,front,107,1785,59.93154671820066,848,478,31.416583602737667,27.77550008837981,39.70770830354932,42.201380716742094,54.830019495814845,55.47365555421766,58.52297764556185
person_17.mp4,front,108,1802,59.93154671820066,848,478,30.459990791605705,27.114340977515525,38.26782776467485,40.79052367261035,54.724873503446524,55.15029134684018,59.19818119686143
person_17.mp4,front,109,1819,59.93154671820066,848,478,29.42056770663182,26.422845350714226,37.476599174688644,39.83046034621841,54.78472296331113,55.47832461848767,59.66534577894752
person_17.mp4,front,110,1835,59.93154671820066,848,478,30.04511662552862,26.891437069655733,38.227810091993895,40.84957027274733,56.134598354775584,56.5535539746915,58.59485401080475
person_17.mp4,front,111,1852,59.93154671820066,848,478,30.463547480473412,27.50016034055912,37.94996331078647,40.68750114078545,56.844500589182076,56.75983959439685,58.519164649908994
person_17.mp4,front,112,1869,59.93154671820066,848,478,30.60613624996764,27.790781858284372,37.98538572858269,41.78006416923615,58.66246305062322,57.880702359296606,57.36271252258463
person_17.mp4,front,113,1885,59.93154671820066,848,478,30.58243487417541,27.6612747213294,37.407517909969386,42.22450275418787,59.99190280313972,58.681970253739934,56.73489203036095
person_17.mp4,front,114,1902,59.93154671820066,848,478,29.609498164693864,26.885594922220942,36.46671513877057,39.76219818165773,58.679511997867024,58.135722434534365,58.071291382696174
person_17.mp4,front,115,1919,59.93154671820066,848,478,31.58535203391258,28.483502519410916,43.064421210478024,46.274090948920175,61.24986535777633,60.59681094814307,51.34075772276229
person_17.mp4,front,116,1936,59.93154671820066,848,478,31.651478556677908,28.211523355399997,41.19110207658625,45.38021973557891,62.02057712812968,61.25337297334946,52.42620584232031
person_17.mp4,front,117,1952,59.93154671820066,848,478,29.67526765063375,26.581521923840413,40.28504767911909,42.63949382032556,60.43285190612501,59.963101860816636,53.56522104465453
person_17.mp4,front,118,1969,59.93154671820066,848,478,30.22251408470168,26.830512953503955,42.58278238348234,45.03531400004779,61.35644253327137,60.45937355775425,50.956279509608706
person_17.mp4,front,119,1986,59.93154671820066,848,478,32.672932612675005,28.30454917047651,49.03727038219744,51.995779697022385,63.74915401923868,63.22065358634702,43.79189180797915
person_17.mp4,front,120,2002,59.93154671820066,848,478,32.61916471757357,28.743848221324374,46.37808483373534,48.766145972392586,63.617436746056505,63.869441096716116,46.65024890559933
person_17.mp4,front,121,2019,59.93154671820066,848,478,32.13970752906722,28.647272693584544,46.99359338194189,49.35421699622659,63.586427331430436,64.0553200427162,45.69182776062823
person_17.mp4,front,122,2036,59.93154671820066,848,478,32.74592220864076,28.74658316236932,50.24752073653203,52.95201892182419,64.8017993709296,64.42808659989831,42.037526774901764
person_17.mp4,front,123,2052,59.93154671820066,848,478,33.16397562211509,29.149678828851847,49.523214725939816,52.52834161298294,65.72327872236193,64.85350157599875,42.67949012332409
person_17.mp4,front,124,2069,59.93154671820066,848,478,33.42056109124292,29.62210123725368,50.56327752881947,53.668352666736844,66.16634572441049,65.51500225340769,41.490396518167294
person_17.mp4,front,125,2086,59.93154671820066,848,478,33.18278603054429,29.68134040450728,47.47857662102624,50.71962789828407,64.80439437733392,64.39955096707727,44.661565945596706
person_17.mp4,front,126,2102,59.93154671820066,848,478,32.89399680968597,29.420591385514008,46.01217182533402,49.24686731481707,64.11512575663784,63.98197532610399,46.33956431374803
person_17.mp4,front,127,2119,59.93154671820066,848,478,30.979895832320448,28.257296903030902,41.9799710950977,44.621993487875706,60.921895082840116,61.27227161791766,50.71238791127159
person_17.mp4,front,128,2136,59.93154671820066,848,478,30.874802611746674,28.03036833729689,40.7363719211834,42.98161502301258,60.7419808534886,61.49143550693532,52.33758257218802
person_17.mp4,front,129,2152,59.93154671820066,848,478,29.312003549978783,26.767311447276878,36.680350804661686,38.83870856982713,58.68508303220658,59.01261430530612,56.56332235498914
person_17.mp4,front,130,2169,59.93154671820066,848,478,30.427176616159546,28.169613668385495,36.76451689362337,39.18924584805555,59.43021390944521,59.74282759039633,57.4532778541397
person_17.mp4,front,131,2186,59.93154671820066,848,478,30.04429651055499,28.200317007025994,36.87729448242281,39.366910940381906,58.9466873266879,59.174820355165416,58.302761249775145
person_17.mp4,front,132,2203,59.93154671820066,848,478,28.593669277652655,27.552898822533418,35.59932880203535,38.034569632708674,55.6824686106157,57.46978881665493,60.212612121507895
person_17.mp4,front,133,2219,59.93154671820066,848,478,29.524773391021796,28.758518662667203,37.55683129757724,39.701566339869764,55.951752009661256,57.23363995854703,59.34670413079467
person_17.mp4,front,134,2236,59.93154671820066,848,478,31.394586460949842,30.59687821030587,40.74570073209497,42.73262507035622,55.84629264774027,57.881900141444945,57.548638913090436
person_17.mp4,front,135,2253,59.93154671820066,848,478,33.10341023140776,31.405777170242413,42.89223561603469,45.20231719542357,55.543395163616935,56.81185711622804,56.390698366131225
person_17.mp4,front,136,2269,59.93154671820066,848,478,33.86542575558804,32.38124684174104,41.74987452082057,44.46137671687521,54.584253733715116,55.85043113427715,58.41327731855741
person_17.mp4,front,137,2286,59.93154671820066,848,478,34.27261089565543,33.003932668499395,42.66765780473528,45.52193511973966,52.93945241198975,54.55309875812892,58.62000537792773
person_17.mp4,front,138,2303,59.93154671820066,848,478,34.834674089013625,33.306854636054496,43.97843423370847,46.90651096433988,51.687536817153976,52.73059403055076,58.447940487447624
person_17.mp4,front,139,2319,59.93154671820066,848,478,38.66981013402679,38.46178466643944,51.57391100233404,56.19746738209259,54.51617885326624,57.66748239321516,52.23337999839975
person_17.mp4,front,140,2336,59.93154671820066,848,478,41.145422321559465,40.60237140933767,55.47966765636087,60.57898334293618,55.405601388114434,58.792839646857814,49.807432020758796
person_17.mp4,front,141,2353,59.93154671820066,848,478,44.732124754831126,44.40978697144506,65.36655991125322,71.49199159119425,58.26558924992431,61.545825492610945,41.443481481235786
person_17.mp4,front,142,2369,59.93154671820066,848,478,45.358408220442236,43.836091568120054,69.84774431529901,75.25681268807936,58.13456309012407,61.06114574621033,38.020140428842815
person_17.mp4,front,143,2386,59.93154671820066,848,478,48.20033928187987,47.10348476254434,75.23018734643337,81.44623228340485,59.29948278793446,62.71044831982783,34.46100545032475
person_17.mp4,front,144,2403,59.93154671820066,848,478,50.71291254322602,48.85762273324427,80.1420816334185,87.36409247613668,59.71007564497077,63.988408165241005,31.41498503286209
person_17.mp4,front,145,2419,59.93154671820066,848,478,51.30404476908688,49.39981621452432,86.03512608312258,92.85105919449188,59.411113226287895,63.51093143164413,25.401046697411548
person_17.mp4,front,146,2436,59.93154671820066,848,478,52.836588801844215,50.288706104061156,91.80598861676927,98.45464746517688,59.30725283951116,63.03409629930229,20.50456248428617
person_17.mp4,front,147,2453,59.93154671820066,848,478,54.87611868652119,50.91650502040106,98.49938554520054,104.86238011533402,60.292517586578775,63.12475176289829,14.510789471703148
person_17.mp4,front,148,2469,59.93154671820066,848,478,56.788860279560225,51.70201208397756,101.48198774700758,105.2588840872675,59.907130412251576,62.75400969127867,14.943218408532076
person_17.mp4,front,149,2486,59.93154671820066,848,478,57.96522123194184,52.00762310606807,99.46094895757271,102.15221512594162,59.01648065032754,63.10294349837852,17.703754743945336
person_17.mp4,front,150,2503,59.93154671820066,848,478,58.895279978329725,53.88305760363367,99.78018811712182,103.17476311231853,64.74378984205009,62.22038473585559,17.308685042742603
person_17.mp4,front,151,2520,59.93154671820066,848,478,62.76114948466942,55.498044966870204,103.4843745117576,105.0682092642568,61.42543914130796,62.56064983244834,16.51808265043257
person_17.mp4,front,152,2536,59.93154671820066,848,478,65.49651349891371,54.81736188279693,108.0113315316843,104.20309854999539,59.88011946427654,64.13439827948689,15.632196028709188
person_17.mp4,front,153,2553,59.93154671820066,848,478,71.1570942843514,57.68711074998281,112.02220635223786,103.87920616074405,59.423855401928385,63.22002107777809,19.73984546404016
person_17.mp4,front,154,2570,59.93154671820066,848,478,71.31452577254429,56.02716972890917,110.57116779121618,98.67905737257142,56.25872527642604,62.430279145778755,22.880622225734754
person_17.mp4,front,155,2586,59.93154671820066,848,478,85.11414369512306,79.08642957955438,116.62274097047687,115.09988326584225,57.343843431072,62.88923301172401,28.09293331322555
person_17.mp4,front,156,2603,59.93154671820066,848,478,90.61216428458738,75.29690487853878,123.97709679815149,113.24587155028381,57.615948980833636,64.065131637728,26.46828127816403
person_17.mp4,front,157,2620,59.93154671820066,848,478,94.97476424014157,88.6667455125047,127.46136282238419,125.12358895924328,57.48081000851257,63.598081946343136,28.606619678490734
person_17.mp4,front,158,2636,59.93154671820066,848,478,107.70902073499963,105.22739102159396,137.179443546267,139.64933092709012,59.0305311834577,64.99470605825464,29.4311925753766
person_17.mp4,front,159,2653,59.93154671820066,848,478,107.74098985546108,109.6600990112185,135.87986647580297,142.83646027960557,59.35850312261628,64.2818303264501,29.57720076337162
person_17.mp4,front,160,2670,59.93154671820066,848,478,118.44671397374269,114.93921813121398,142.13612440021546,144.97394800471181,63.56867311247392,66.79380693662695,29.51986264558156
person_17.mp4,front,161,2686,59.93154671820066,848,478,120.15337558416326,117.56900502026741,143.06131618179728,146.95963145840497,64.65280426390129,66.72462571663124,29.000326666785877
person_17.mp4,front,162,2703,59.93154671820066,848,478,120.57230813611089,118.48679617951332,144.26925232485766,149.18099773281222,65.50634272669019,66.58884190373259,26.642198867621456
person_17.mp4,front,163,2720,59.93154671820066,848,478,121.49420651856045,122.59133353552477,146.15236259336262,154.70558638569736,65.02523391725231,66.39914071834728,26.225819753553882
person_17.mp4,front,164,2736,59.93154671820066,848,478,127.69040683363784,126.30469803737516,151.10532726582727,156.50157450469564,66.76282356280018,67.5310933383197,25.993285710340395
person_17.mp4,front,165,2753,59.93154671820066,848,478,129.7920731653542,125.26578104090851,154.67995867589786,155.92280289167198,66.70962852942455,67.66121478558097,25.190122868931144
person_17.mp4,front,166,2770,59.93154671820066,848,478,134.45973633966625,129.3993109138149,161.19581401109934,158.73954675305822,67.1953802985708,67.88278598372871,24.18245591477478
person_17.mp4,front,167,2787,59.93154671820066,848,478,133.12626970481824,133.44945704038304,161.36297712385368,162.3013863818619,67.36673407517486,68.41178369563848,22.367769241237493
person_17.mp4,front,168,2803,59.93154671820066,848,478,137.5362911729365,138.05835141862843,164.23135338785028,165.67139469642208,68.88150110416686,68.26564694536218,22.19954685545133
person_17.mp4,front,169,2820,59.93154671820066,848,478,139.61128931470188,137.32696614213376,166.93773820686766,164.99031276113112,68.33392769104796,68.48245442990307,22.277186444001448
person_17.mp4,front,170,2837,59.93154671820066,848,478,141.43000908617176,140.11732655754182,166.97627570414488,166.7259926576126,69.64751052819054,68.53170186068829,22.446931218221966
person_17.mp4,front,171,2853,59.93154671820066,848,478,142.88870758072594,140.00084596364002,166.8994499888209,164.82413541846688,72.83186227494853,71.56255487322085,21.441559270930924
person_17.mp4,front,172,2870,59.93154671820066,848,478,142.85874675437165,141.79307483550406,168.1989394207715,165.42551785902646,71.6530311432616,72.14033943149136,21.68815319518496
person_17.mp4,front,173,2887,59.93154671820066,848,478,146.61998913089298,143.58681856226764,169.2108492281316,165.76296929257947,75.14050318526108,74.86558373675724,21.495727892874232
person_17.mp4,front,174,2903,59.93154671820066,848,478,145.7562822725843,141.19321082266288,169.15939717485153,164.5072880711565,76.02404251619647,73.153465817626,20.337891238475947
person_17.mp4,front,175,2920,59.93154671820066,848,478,145.76716573870175,141.5727350333381,170.01714427829327,164.1355189713852,77.17576517543426,75.46528041427784,18.22550846245649
person_17.mp4,front,176,2937,59.93154671820066,848,478,145.720630188296,142.23076502893235,169.52800373035976,163.5453148707178,78.03715463958136,77.60499529288558,17.917427196762077
person_17.mp4,front,177,2953,59.93154671820066,848,478,146.58807044757873,142.71276724677563,169.9289164826677,163.77320210123173,78.56776614504695,78.97255196481171,17.61285451172494
person_17.mp4,front,178,2970,59.93154671820066,848,478,144.7391670240548,143.54312104241427,168.32061246796252,164.56328324066266,77.58419939508934,79.8174758659299,18.247869049205605
person_17.mp4,front,179,2987,59.93154671820066,848,478,144.58907823234216,147.01698266210508,167.41773805107138,166.47549410368808,78.39528060758337,81.08735130506861,18.69953393117635
person_17.mp4,front,180,3003,59.93154671820066,848,478,147.19218115371692,146.893550137801,168.51320045675732,166.438428642101,79.51890728381,81.1606671663858,18.734482720105145
person_17.mp4,front,181,3020,59.93154671820066,848,478,142.59926132562796,145.75282063341234,166.59680061601827,166.9233419393984,77.7200115957738,81.46391281538253,16.96840352167408
person_17.mp4,front,182,3037,59.93154671820066,848,478,143.5318677232553,145.77632038227932,167.1328400079257,166.90477785113663,77.4678098116996,81.61624288399997,17.47620726229347
person_17.mp4,front,183,3053,59.93154671820066,848,478,144.91273818899873,146.73593410867403,166.2908649756068,167.16390562346976,77.97023626013839,81.27068408065324,18.073267671970797
person_17.mp4,front,184,3070,59.93154671820066,848,478,147.9427160053929,148.03334179360894,166.35772381238365,168.06963407114048,80.83410328773357,82.1623504472868,17.50272772025744
person_17.mp4,front,185,3087,59.93154671820066,848,478,146.5619022494796,147.1274946365199,164.9856928301169,166.7554538266253,80.34455411396361,81.77554422514305,18.14599546903172
person_17.mp4,front,186,3104,59.93154671820066,848,478,145.78612613603067,146.17149693296471,162.7695836978113,166.31673630370395,80.18463938537057,81.3099122757372,19.317328598449222
person_17.mp4,front,187,3120,59.93154671820066,848,478,146.63657153872984,145.958363201003,162.99052548621785,166.24610600673535,80.335744057316,80.92390160140519,19.555440456280333
person_17.mp4,front,188,3137,59.93154671820066,848,478,146.0322258139594,146.36538015188268,162.559689060014,165.80277907067187,80.38774543809494,81.5723438890696,19.542297087972614
person_17.mp4,front,189,3154,59.93154671820066,848,478,149.48358535504713,146.57726784559043,164.41537228268015,165.48437096836147,82.229620486654,81.68178482392797,19.834136885578282
person_17.mp4,front,190,3170,59.93154671820066,848,478,149.99008668392784,147.49899163948166,163.81296742167774,166.07009780175736,82.53507562394559,81.99718109813232,19.8388107237848
person_17.mp4,front,191,3187,59.93154671820066,848,478,148.89964162373553,147.79059716044375,163.30028535545566,166.0514846498081,82.07141755717252,82.08238735103286,20.00044871144978
person_17.mp4,front,192,3204,59.93154671820066,848,478,148.7097639810592,147.07306226296825,163.34253836163236,164.7486561067204,81.3961135532952,81.7558320601386,20.674820496606763
person_17.mp4,front,193,3220,59.93154671820066,848,478,148.9074733761523,147.52271007374873,163.52204746044836,164.7177667703679,81.73682051867316,82.18161946591496,20.427708367522953
person_17.mp4,front,194,3237,59.93154671820066,848,478,148.3276071755987,147.69097118717937,163.4111892630357,165.14937577508877,81.46368626218566,82.08438728720571,20.320129793730388
person_17.mp4,front,195,3254,59.93154671820066,848,478,149.32389586236357,149.45700629346743,165.5742380826616,167.37611584908169,82.42963477624288,82.76870026467535,18.629213986793665
person_17.mp4,front,196,3270,59.93154671820066,848,478,149.3144197883035,148.83287561916478,165.34796587316865,166.74843737363733,82.5224017723451,82.4872860557175,18.989308118170626
person_17.mp4,front,197,3287,59.93154671820066,848,478,149.06995323425326,148.79363328043792,165.18135732414896,166.52013406697827,82.29502992024094,82.57434122837327,19.063276422266846
person_17.mp4,front,198,3304,59.93154671820066,848,478,152.1264440315837,148.91170088289894,166.75334848098106,165.7876115551871,83.06144122050286,82.60124797993524,19.87712893160692
person_17.mp4,front,199,3320,59.93154671820066,848,478,152.04933288483184,149.23749311309436,167.2723764585198,166.02777917855056,83.11607168626209,83.05981062035721,19.354282365497994
person_17.mp4,front,200,3337,59.93154671820066,848,478,152.9710092070776,149.90069622230916,167.15476019781815,166.0807759023468,83.33415969130883,83.27076638453634,20.00850069637633
person_17.mp4,front,201,3354,59.93154671820066,848,478,154.5701489891436,150.43324481746853,167.22945717282474,166.07518953160528,84.03094474839314,83.51360965504226,20.61432139900515
person_17.mp4,front,202,3371,59.93154671820066,848,478,153.9020549021314,150.43228648632268,166.7706772936557,165.84765639534714,83.80695757495282,83.55259813189868,20.693216148505947
person_17.mp4,front,203,3387,59.93154671820066,848,478,153.25899372322357,149.1850396051501,166.36887192973037,165.61545060152903,83.58022906367371,82.27513910222922,20.825306276504804
person_17.mp4,front,204,3404,59.93154671820066,848,478,152.53491651431617,149.06969178056013,166.37627546793448,165.16821828656765,82.6374413796961,82.23151001388588,21.18256169148236
person_17.mp4,front,205,3421,59.93154671820066,848,478,152.7263705302599,149.01612412714857,166.8005124843615,165.22564271019,82.44162660450321,82.24686358901198,21.34492249900596
person_17.mp4,front,206,3437,59.93154671820066,848,478,152.2542179304012,148.22436018754004,166.0857845554512,164.88924382377465,82.12117910936428,81.4934239063476,21.989501280395757
person_17.mp4,front,207,3454,59.93154671820066,848,478,153.83336461470293,148.57811706375966,165.88137961888057,165.25673081716664,83.24850727958682,81.53858362831778,21.892836854847644
person_17.mp4,front,208,3471,59.93154671820066,848,478,154.14103304791647,148.67729819737585,166.60217361774014,165.13455831471256,82.91424184977754,81.64752645792053,22.02602929215404
person_17.mp4,front,209,3487,59.93154671820066,848,478,153.21298827145594,148.663707979057,166.07368858910007,165.54883823094087,82.65278034502442,81.86992416759193,21.65232714090054
person_17.mp4,front,210,3504,59.93154671820066,848,478,153.5867029134025,149.62424227657385,166.21821156773692,165.59375161497454,83.16534306970058,82.81998871868846,21.409102204634866
person_17.mp4,front,211,3521,59.93154671820066,848,478,152.27181010675898,149.2197967204315,166.4400068156226,165.5797365300192,82.04366814060005,82.4919555528923,21.18313403993971
person_17.mp4,front,212,3537,59.93154671820066,848,478,151.04564306470124,147.8275721066994,166.28786176077676,166.1531908606595,80.51769055763046,80.56451749610405,21.6170763692962
person_17.mp4,front,213,3554,59.93154671820066,848,478,149.78725500166624,147.85916402782965,165.82541672846438,166.20455890242195,80.16398525489129,80.6424501274615,21.35153357746091
person_17.mp4,front,214,3571,59.93154671820066,848,478,148.82411365667747,147.88237004705414,165.5240706558113,166.1613901713555,79.95890465933788,80.72417377082041,21.116972719709004
person_17.mp4,front,215,3587,59.93154671820066,848,478,147.01766383494723,147.68973221174423,165.30644161826177,166.16038318938453,79.7674062517206,80.77809942233112,20.649625011213924
person_17.mp4,front,216,3604,59.93154671820066,848,478,144.9294583545866,146.33565466796057,165.49939506777162,166.15021139611036,78.43978310292042,79.75612270483546,20.50282760027231
person_17.mp4,front,217,3621,59.93154671820066,848,478,144.91697860311996,145.8244861756447,165.59388248633093,165.9324924697989,78.09335056484048,79.09322256381172,20.679094346979
person_17.mp4,front,218,3637,59.93154671820066,848,478,143.1639970069624,144.84522342472715,166.08123078218915,165.16821807369783,75.58436356243112,77.61864844576677,21.105927001401085
person_17.mp4,front,219,3654,59.93154671820066,848,478,140.18461615021678,143.36287138076148,166.7130576358177,163.83993065953078,72.808746737704,76.12414007965403,21.65282730869762
person_17.mp4,front,220,3671,59.93154671820066,848,478,140.78207303904605,141.83977545819283,166.468604692677,163.7835873263823,73.1615220562502,74.71964475338667,21.785301949120377
person_17.mp4,front,221,3688,59.93154671820066,848,478,141.40046196103307,141.99093471892374,166.25116847700133,163.74702716285248,74.04679683612486,75.16659619692936,21.79590930833675
person_17.mp4,front,222,3704,59.93154671820066,848,478,139.3888585420809,139.54411710960312,164.51698548455687,161.8478845571596,73.6613208232803,74.46751632202897,22.092638353260426
person_17.mp4,front,223,3721,59.93154671820066,848,478,135.92436120784123,135.7932490672744,162.9949128672405,159.05574196079144,72.70513832257147,73.20451683031264,22.427550904295334
person_17.mp4,front,224,3738,59.93154671820066,848,478,129.93101212360077,133.81483373266497,158.85757965886935,157.92298904289967,69.38130914459937,73.00524442991889,22.35816489413192
person_17.mp4,front,225,3754,59.93154671820066,848,478,125.67573748004354,128.92218619580947,155.8174821086186,154.67673043101988,67.13899070063111,70.91724308361957,22.376004951420644
person_17.mp4,front,226,3771,59.93154671820066,848,478,123.18062266638327,128.27508908220778,153.78605253340865,154.05615164570474,66.00007685031845,71.30939093299712,22.590596318260285
person_17.mp4,front,227,3788,59.93154671820066,848,478,123.15350625293809,126.31085728899549,151.7344333041725,152.14485103558042,68.26494189119808,71.41862134175608,23.170664175907746
person_17.mp4,front,228,3804,59.93154671820066,848,478,120.94967592181195,115.73791525935076,145.14987048456467,140.63345802448552,72.83017238061235,72.85170208557295,23.405149477786306
person_17.mp4,front,229,3821,59.93154671820066,848,478,113.49663165620312,111.50558741881163,135.22426209094843,135.1838894102125,72.79768473117802,71.7923231502655,25.652185646347487
person_17.mp4,front,230,3838,59.93154671820066,848,478,105.53393541273104,107.06532252445251,127.09494559325918,130.73480605176925,71.87540676164194,71.31391895806686,26.488683559796318
person_17.mp4,front,231,3854,59.93154671820066,848,478,103.44007045318332,104.24613863198356,123.76712753273306,127.49346727393001,71.04510162016179,70.17130841483845,28.046201081933724
person_17.mp4,front,232,3871,59.93154671820066,848,478,97.78025411352628,98.66376550059712,119.21181250947272,122.37037340493295,68.46281676070642,67.8503904047984,29.743120437624043
person_17.mp4,front,233,3888,59.93154671820066,848,478,91.12153087252686,92.9471762481345,112.99078210208182,116.92976782574446,66.16891961894942,65.58862482444259,31.28761619066869
person_17.mp4,front,234,3904,59.93154671820066,848,478,91.31567475014441,90.60933240772745,112.37880184475982,114.42355370179136,67.57918597467952,66.15534430146714,30.994887497490073
person_17.mp4,front,235,3921,59.93154671820066,848,478,91.96245096888892,86.9783884978403,113.497378276531,109.93178296934913,67.93721690469405,67.08717288389381,30.805311946168697
person_17.mp4,front,236,3938,59.93154671820066,848,478,78.70175298766664,77.42756048142992,102.63618914115773,104.65904959424064,68.01828523862739,66.51917992669294,25.870965498759663
person_17.mp4,front,237,3955,59.93154671820066,848,478,71.89203221094338,70.65866086367237,97.24424303668921,98.77579558320534,65.90684870121692,64.42006168360916,26.262045059926482
person_17.mp4,front,238,3971,59.93154671820066,848,478,68.5275370664842,69.06169321111102,91.1611059145393,95.02998454564138,65.92114829835214,64.16597974093783,27.236747444878283
person_17.mp4,front,239,3988,59.93154671820066,848,478,71.89521378452575,71.21737293324415,90.2582189067357,94.27949286167261,69.1990585348615,65.67215798982213,27.90288793198286
person_17.mp4,front,240,4005,59.93154671820066,848,478,71.92719246940469,70.77221211629818,91.02451434425468,94.65961887012625,69.64377061950209,66.16627104101158,26.788059416579348
person_17.mp4,front,241,4021,59.93154671820066,848,478,69.78258339605334,68.30664906563165,91.9971662725413,96.00282649879205,68.45830907824912,65.80691597175975,24.620621417929648
person_17.mp4,front,242,4038,59.93154671820066,848,478,65.75508676339977,65.7328263876877,89.11783962213225,94.00065811772944,67.05381932148578,65.13305969759794,24.380421080458053
person_17.mp4,front,243,4055,59.93154671820066,848,478,65.74760019095267,65.3205705596285,85.17306318127721,92.66515011732614,67.47168743986819,65.38345379885084,26.099773093577845
person_17.mp4,front,244,4071,59.93154671820066,848,478,64.86551027884225,64.38088402842989,82.18365334753982,90.38510244330553,66.84741477061688,64.67275144877668,28.135400457876592
person_17.mp4,front,245,4088,59.93154671820066,848,478,64.65185765436455,64.10225813035318,82.32951830267318,88.69017239526053,66.9964423348992,65.43427223595725,27.39425334260704
person_17.mp4,front,246,4105,59.93154671820066,848,478,66.87416894486131,65.9025609886865,89.25824565235432,93.8560106818415,69.21347082658254,67.82109941714863,22.119188004220657
person_17.mp4,front,247,4121,59.93154671820066,848,478,67.76718323645535,65.71745564137773,93.92925443748679,98.16418353556165,70.05147013430856,68.81286049046248,17.071420328494582
person_17.mp4,front,248,4138,59.93154671820066,848,478,63.50469746058385,62.164783106849455,94.1558658141251,98.57609748638863,65.77962417046618,66.10799070363566,16.76870652618998
person_17.mp4,front,249,4155,59.93154671820066,848,478,62.69261391434769,61.083053605501526,98.11610173755444,102.54378114958743,64.28831513334627,65.36935227269757,13.614046143519406
person_17.mp4,front,250,4171,59.93154671820066,848,478,60.02404404703739,59.91429536053908,95.45193209323844,101.63631662818884,62.668124636745425,63.23158803915952,15.430405501170616
person_17.mp4,front,251,4188,59.93154671820066,848,478,59.692662242195794,59.27191164704187,95.27052508416278,103.09092582526876,62.88772136787458,60.84854847594903,14.721442567409666
person_17.mp4,front,252,4205,59.93154671820066,848,478,55.03843233680305,54.55700384714751,81.44089830446943,90.3549866953283,59.28648690337433,58.873040877822625,26.37752191276823
person_17.mp4,front,253,4221,59.93154671820066,848,478,56.244863046668684,54.66729894803196,83.1457920305226,90.38804670223901,59.696484669818346,58.48628036479619,26.19229511171283
person_17.mp4,front,254,4238,59.93154671820066,848,478,57.033435170489746,55.371644087641535,92.18614429990602,98.83826217458902,59.31258437707028,60.415623399227734,17.94124962146977
person_17.mp4,front,255,4255,59.93154671820066,848,478,56.16510975616697,54.917618813508746,90.71037138113503,97.1753201163596,59.985918886828856,61.36884763657931,19.09279414193779
person_17.mp4,front,256,4272,59.93154671820066,848,478,54.57453995814094,53.10379368161415,86.56953099389123,94.1219686546263,59.527414594813905,61.40696753789799,21.876030532515085
person_17.mp4,front,257,4288,59.93154671820066,848,478,54.00032110785272,52.45506238803741,84.5859110634577,93.42546014064389,61.48900132080057,63.63897307623779,23.316472117143086
person_17.mp4,front,258,4305,59.93154671820066,848,478,53.85261014636374,51.91621489856128,83.6610524007515,92.82713907484269,63.61452316185016,63.30609380027022,24.002426053484154
person_17.mp4,front,259,4322,59.93154671820066,848,478,49.648994191216104,49.400023601766755,75.4702321712206,83.1732191027966,60.15245827853659,60.9474313236089,31.93194565934921
person_17.mp4,front,260,4338,59.93154671820066,848,478,48.787125275797756,47.97656163278357,74.16838972694174,81.66133115685713,60.2803633926716,61.247737152164014,33.18488697101462
person_17.mp4,front,261,4355,59.93154671820066,848,478,47.95111204437701,47.095227079129145,74.31731754465817,80.88072008854441,60.01543000711432,61.141814591572114,33.29060236882565
person_17.mp4,front,262,4372,59.93154671820066,848,478,45.97817989827049,45.7794088660868,72.15596614967104,78.5130679352874,58.62124379129138,60.52223308620227,34.92268197663662
person_17.mp4,front,263,4388,59.93154671820066,848,478,45.24925698337554,44.90076665054805,68.48140775798655,73.55968195132606,57.760094031848276,59.61234244613742,38.538451982419865
person_17.mp4,front,264,4405,59.93154671820066,848,478,43.74294098694741,43.900682456605466,66.25004343071464,70.77356852941733,55.94638226770199,59.30838491137555,41.4675438064073
person_17.mp4,front,265,4422,59.93154671820066,848,478,43.3022710230658,42.322665397331264,62.444794512423194,67.35092385354768,56.147552754756866,59.605244201338444,44.74014594984064
person_17.mp4,front,266,4438,59.93154671820066,848,478,43.572452759330204,42.60670787096394,64.06925922682109,69.55956894642583,56.66648548575431,58.912097915232074,42.31196057783332
person_17.mp4,front,267,4455,59.93154671820066,848,478,42.490880327568135,41.42623549233404,58.61920994234676,63.838244952833286,56.40052699672064,58.958356940490255,47.58677194157483
person_17.mp4,front,268,4472,59.93154671820066,848,478,39.84675263002043,38.98902978668784,53.049861626075796,57.48172116360673,54.174310379602545,57.04966759917229,52.346422674831935
person_17.mp4,front,269,4488,59.93154671820066,848,478,37.56858063340222,36.91779464949592,49.305710811349286,53.720354461025785,51.994700118083244,55.031021277031,55.387260578942964
person_17.mp4,front,270,4505,59.93154671820066,848,478,37.15267140185305,36.23121318938447,49.14627987686889,53.0777157215549,51.93263678653572,55.56516517985212,55.38619105284838
person_17.mp4,front,271,4522,59.93154671820066,848,478,34.76484006814694,34.11811367605991,44.96651676690572,48.17384688118629,50.46986992999002,54.80809151769792,58.595196735807995
person_17.mp4,front,272,4539,59.93154671820066,848,478,34.435166140734765,33.14131641441684,44.71910816054833,47.60592010243366,51.34086011724674,54.50016615846613,58.17771757892852
person_17.mp4,front,273,4555,59.93154671820066,848,478,35.23227370089074,33.29479167018274,45.22131513411316,48.317505250094,52.91303859555457,55.43941463132827,57.49057490758521
person_17.mp4,front,274,4572,59.93154671820066,848,478,32.86685016530441,30.830616316677897,40.95734658949954,43.58545992702692,51.776478655809676,54.371519639659745,60.52053763513157
person_17.mp4,front,275,4589,59.93154671820066,848,478,30.493823728326394,28.53680289072312,36.7495746194485,38.75305059412573,48.30514161160545,50.419277158737344,63.53734739059337
person_17.mp4,front,276,4605,59.93154671820066,848,478,29.99446588334871,27.84949567274866,35.55183652609981,37.514031608700066,47.63913660815891,49.480397382588734,64.07566501181813
person_17.mp4,front,277,4622,59.93154671820066,848,478,29.54055028900451,27.161630914982027,34.68432746142888,36.7387666134119,47.63714069137077,49.51104742123164,63.95010537494529
person_17.mp4,front,278,4639,59.93154671820066,848,478,29.251872825381575,26.482765152344854,34.62855649660829,37.04048605170296,48.745319939370724,50.859135827557125,63.42790093329465
person_17.mp4,front,279,4655,59.93154671820066,848,478,28.63186105498651,26.054500492537443,33.87542683746099,35.963040446427016,48.95166671879596,50.41442276246134,63.88327560234802
person_17.mp4,front,280,4672,59.93154671820066,848,478,27.887216116230633,25.72948789754019,33.2619040037974,36.12514412273636,49.42535349725007,51.19204411780002,63.849004341983715
person_17.mp4,front,281,4689,59.93154671820066,848,478,26.758587127125214,24.78045497155855,32.39758687680311,34.93414295094221,48.63283163227337,49.697377395792756,64.25326533877153
person_17.mp4,front,282,4705,59.93154671820066,848,478,25.21342683974365,23.468481306255708,30.618796147531874,32.755060104208454,47.57560963305645,48.81790986786636,65.70129583419713
person_17.mp4,front,283,4722,59.93154671820066,848,478,24.795723769698174,22.99482096757782,29.992885476793123,31.579652009738233,47.475792645709646,48.64167949756073,66.33857165313677
person_17.mp4,front,284,4739,59.93154671820066,848,478,24.411456258457914,22.498784603849774,30.25901765049801,31.71863975634346,48.53194278074903,48.85357924071441,65.87972605118821
person_17.mp4,front,285,4755,59.93154671820066,848,478,24.24126314616244,22.319373453920097,29.98517655298744,31.590430802034515,49.488183415701016,48.71928137607276,65.83104682417853
person_17.mp4,front,286,4772,59.93154671820066,848,478,23.460230650742222,22.076655409213505,29.854067437076658,31.17345898690149,48.559656816983974,47.60845394362096,65.73231622905433
person_17.mp4,front,287,4789,59.93154671820066,848,478,22.72554357491277,21.65935420686288,29.07099974469748,30.30602948633061,47.353191533338055,46.53468017829543,66.12536399497137
person_17.mp4,front,288,4805,59.93154671820066,848,478,22.82426587360376,21.799971878548472,28.5600811397917,30.12113442148513,47.70756816857776,47.196375857275804,66.32729526051348
person_17.mp4,front,289,4822,59.93154671820066,848,478,23.19289129335614,22.213500130872518,28.933370228597965,30.69129299968248,47.81652321601062,47.978906988450305,65.77954150680878
person_17.mp4,front,290,4839,59.93154671820066,848,478,23.34782912665221,22.544502806350547,29.414060418481704,31.34245867597558,48.410558756166076,48.781902186465246,65.04536682334779
person_17.mp4,front,291,4856,59.93154671820066,848,478,23.296145191758008,22.381093424899817,29.24144616506798,31.213285798358413,49.125650505755004,48.43758830226003,64.89023625273035
person_17.mp4,front,292,4872,59.93154671820066,848,478,22.369488239373773,21.600577581354298,28.49854878911087,29.925553013345226,47.88310874128584,46.85576312031533,65.4606571171024
person_17.mp4,front,293,4889,59.93154671820066,848,478,23.400179021111065,22.092583598333015,29.154558973511886,30.876453870123946,49.38766286544174,49.247104611071556,64.49002293048302
person_17.mp4,front,294,4906,59.93154671820066,848,478,23.851485147350093,22.050854998623223,29.126192616787126,30.657905872036633,49.11043999343847,49.42462572474454,64.31741560212002
person_17.mp4,front,295,4922,59.93154671820066,848,478,24.67600464764696,22.37183836091412,30.400828934137035,31.18839984910439,49.206109761098524,50.35406089361463,63.53843619129955
person_17.mp4,front,296,4939,59.93154671820066,848,478,24.483399776784285,22.546359263787654,30.786761601859762,31.777543261000204,49.3939351530956,50.7017915867207,62.886572713211145
person_17.mp4,front,297,4956,59.93154671820066,848,478,25.04355524461934,22.917742592809038,30.964717945669715,32.045777231475235,49.71350491496934,51.028239914367774,62.67438513976342
person_17.mp4,front,298,4972,59.93154671820066,848,478,25.064387202643697,22.814250539268876,31.088998095037976,31.98266772332354,49.45017034163499,51.10343950759273,62.712866930951705
person_17.mp4,front,299,4989,59.93154671820066,848,478,26.112371241982352,23.694960225902154,32.76979857940658,33.62316734350797,50.531688777439726,52.394910455340515,61.13640961494876
person_17.mp4,front,300,5006,59.93154671820066,848,478,26.401478972160497,24.437962920746234,32.59309151158163,33.30717560549759,52.237881465749034,53.20918095328646,61.79939336374364
person_17.mp4,front,301,5022,59.93154671820066,848,478,26.606312274787474,24.994409952892532,34.35480362447301,35.188455855497715,54.851681562310375,57.06899334831874,60.48190194708105
person_17.mp4,front,302,5039,59.93154671820066,848,478,26.09762998184018,24.3485236868348,34.075994012140924,35.238930504593775,53.794404978561424,55.31876683066212,60.814733293697095
person_17.mp4,front,303,5056,59.93154671820066,848,478,26.62472176955807,24.822646878192312,34.43734895418996,35.33631143257711,53.23100229120178,55.01860153372038,61.11572155196227
person_17.mp4,front,304,5072,59.93154671820066,848,478,26.58689162254227,25.382354642318063,32.119461695677956,32.82251683455945,52.22251477985668,54.269962072769495,64.25445241173014
person_17.mp4,front,305,5089,59.93154671820066,848,478,27.008824511515286,25.84027121443484,32.614580670367566,33.068504012194225,52.02874411373708,53.834229031742915,64.52640451810981
person_17.mp4,front,306,5106,59.93154671820066,848,478,27.215714765943357,25.02421152256279,32.65543214570395,33.14937261661666,49.17587251829188,51.86866181885299,65.07827326725558
person_17.mp4,front,307,5123,59.93154671820066,848,478,29.203427925092438,27.18328104695409,34.43759025608496,35.13457824640293,49.8694598444137,52.8218461139543,64.60300746885501
person_17.mp4,front,308,5139,59.93154671820066,848,478,30.242792584442963,27.7395739252797,34.881978853890665,36.30156071957034,50.48240468248243,52.8387505680855,64.55541709398511
person_17.mp4,front,309,5156,59.93154671820066,848,478,32.990421879625124,30.457238767013013,38.94934090420616,41.79651907497394,52.17350005624556,54.58237439936126,61.31070602334842
person_17.mp4,front,310,5173,59.93154671820066,848,478,33.242535077763904,31.762741992334117,39.43034693313301,42.77022087333964,50.66132139864048,52.0309864715958,61.61558664528741
person_17.mp4,front,311,5189,59.93154671820066,848,478,35.04194967752423,34.08744751065683,40.307556340376,43.81161592135691,51.63398944397468,52.10774324830935,61.84402362221844
person_17.mp4,front,312,5206,59.93154671820066,848,478,37.84308527969209,36.63426292953541,44.14553688530101,47.70886682811413,52.58305910796588,53.37675984768616,59.43000459402788
person_17.mp4,front,313,5223,59.93154671820066,848,478,40.78455965019331,39.95448085635217,49.11891809561194,52.551083814211566,53.532224500990516,54.00649210761476,56.60710336458335
person_17.mp4,front,314,5239,59.93154671820066,848,478,40.6986959381,39.77693307637823,51.61272160612045,55.688482072054434,52.229511058683485,53.363856145481655,54.657968426800025
person_17.mp4,front,315,5256,59.93154671820066,848,478,43.03906868032364,42.47281585458007,58.983216230373465,63.5496755503008,53.96978622455063,55.3356727285557,48.271460752292725
person_17.mp4,front,316,5273,59.93154671820066,848,478,47.93379852456868,46.98170275813994,67.42495467061404,73.25240237513921,57.03555483170032,59.630648535959786,41.87971650475763
person_17.mp4,front,317,5289,59.93154671820066,848,478,52.419830967861806,50.64477843198647,76.20455439551995,83.38765398556352,59.39763063864638,61.77877367280135,34.58796918373013
person_17.mp4,front,318,5306,59.93154671820066,848,478,53.88159143223844,52.35093145244891,80.37036738930284,87.65764381048169,59.34112958680867,61.57707899953901,31.464601965389985
person_17.mp4,front,319,5323,59.93154671820066,848,478,54.968694712757554,53.00563549097147,85.35291639629325,92.38652086514325,59.60218396316033,62.07433600094781,27.19724467242367
person_17.mp4,front,320,5339,59.93154671820066,848,478,59.151957730013024,55.93852437117282,95.64692871759019,102.6324550293248,61.68517231877559,63.901481700687874,18.347649089276235
person_17.mp4,front,321,5356,59.93154671820066,848,478,63.32276858045719,58.98128505907893,107.70989019552057,112.54378447257025,64.06435299819142,66.08861716758815,8.838722782932104
person_17.mp4,front,322,5373,59.93154671820066,848,478,62.12750125164486,58.088444867471814,104.07965070596379,110.5388359004242,64.40382073332921,65.16460069630712,11.06725447018282
person_17.mp4,front,323,5389,59.93154671820066,848,478,62.82958123606907,57.093302770044076,102.60735203891663,105.44266659534952,63.603487518129164,62.83333448710155,13.63945557455936
person_17.mp4,front,324,5406,59.93154671820066,848,478,73.14613933710201,62.91161103546696,109.6422416219383,108.4610664022681,62.70246900739011,64.92110136852398,15.239581933815943
person_17.mp4,front,325,5423,59.93154671820066,848,478,68.8401702836808,64.99424557745331,105.3199226246183,107.1509506202075,61.37987801819507,64.32877864541084,17.61540051431676
person_17.mp4,front,326,5440,59.93154671820066,848,478,81.38450011784485,68.23605567962724,120.19122912034936,112.51337369686605,62.75034558780338,66.45236320123912,14.024634410315178
person_17.mp4,front,327,5456,59.93154671820066,848,478,78.4300439892118,73.24163873472469,113.04214292861383,113.60020239694924,61.738900443866,64.75478227678056,18.9526786278593
person_17.mp4,front,328,5473,59.93154671820066,848,478,98.64747097374163,89.56772800903015,127.2033362719662,125.84476332851037,62.13852478096129,65.34324697480778,24.399135998712982
person_17.mp4,front,329,5490,59.93154671820066,848,478,100.84515942524955,94.03643577248457,128.6398980643786,129.68984097881653,60.05893621711387,63.282501610489916,26.010080099735085
person_17.mp4,front,330,5506,59.93154671820066,848,478,101.1861163667681,103.19272469479372,124.59889661665922,132.55076491922597,61.22371540222316,62.813823230715045,29.580388313576574
person_17.mp4,front,331,5523,59.93154671820066,848,478,114.52202696274959,112.04621681357443,135.46054493408215,138.17359145008953,64.36008210048246,65.24751893117259,29.52225340265091
person_17.mp4,front,332,5540,59.93154671820066,848,478,120.09283291198199,117.78041666220179,141.74683104753905,143.80013323708314,64.7661213659669,66.82276709854243,29.002477306399918
person_17.mp4,front,333,5556,59.93154671820066,848,478,125.07033001693097,119.87287378893207,149.37876850404115,147.61148603511683,66.93513485413105,67.57582549143056,25.167828750512495
person_17.mp4,front,334,5573,59.93154671820066,848,478,126.47069396806529,126.47941171371116,151.01734474431768,155.5204364789417,66.55891241738041,66.54085608157982,25.350545187316506
person_17.mp4,front,335,5590,59.93154671820066,848,478,130.3914977025898,130.84890336029963,154.44845785813794,158.59895921243708,68.13714664646614,67.47300239598276,24.70674399963943
person_17.mp4,front,336,5606,59.93154671820066,848,478,140.09104641579773,134.87361966738095,162.27951330193181,160.90190415941277,72.69374285205262,70.18335050106882,22.98750196768634
person_17.mp4,front,337,5623,59.93154671820066,848,478,136.03931862802543,133.14198906623307,164.03187866764645,160.6380681898167,69.79793331165166,69.03808291798823,21.753464835733798
person_17.mp4,front,338,5640,59.93154671820066,848,478,138.83771173091668,134.02986151482403,167.98578118330983,160.17224652890133,70.43446942807607,69.90075026903422,20.781933765638872
person_17.mp4,front,339,5656,59.93154671820066,848,478,138.36390389107547,136.24837623348571,167.57986660073792,162.35652816156852,69.4031426990695,69.47817953462268,21.37304084475867
person_17.mp4,front,340,5673,59.93154671820066,848,478,141.5299401401347,141.56094479804878,166.910598804067,165.7699974519838,71.9271387488941,71.48993723108626,21.82564799340364
person_17.mp4,front,341,5690,59.93154671820066,848,478,142.99405499800312,143.57021282659926,166.20868265987596,167.72160772746898,72.97037017347606,71.3605544279963,22.378482171674094
person_17.mp4,front,342,5707,59.93154671820066,848,478,145.89018448861194,146.44386526947423,166.3134313764795,167.9308426491931,75.69622459305013,74.17897551449997,22.293800338499313
person_17.mp4,front,343,5723,59.93154671820066,848,478,145.92094894377263,146.01698798135476,166.97344024703992,167.47866860795614,76.82440722497577,75.73820296387895,20.878620215886315
person_17.mp4,front,344,5740,59.93154671820066,848,478,141.71805539865886,142.4647491367324,165.56159852602175,165.0908699892723,75.74281631650328,76.2090655992742,19.852033740189846
person_17.mp4,front,345,5757,59.93154671820066,848,478,141.88794056631204,142.49128528387672,165.72402889915935,164.959362069921,76.7794845963193,77.86872901614049,19.188681486404498
person_17.mp4,front,346,5773,59.93154671820066,848,478,141.9004240514954,140.2247946245477,164.88655024304182,163.54362339086853,77.33091577969593,75.35701162371933,19.3316777204838
person_17.mp4,front,347,5790,59.93154671820066,848,478,143.28659307539476,142.6810798230454,165.86396118025345,164.9834203945011,79.69154786240091,76.58738211793846,18.102332832617105
person_17.mp4,front,348,5807,59.93154671820066,848,478,144.06356180989198,142.4385325254299,166.5333422469379,163.81472546225035,79.86516987337775,78.20532525711552,17.784737034536196
person_17.mp4,front,349,5823,59.93154671820066,848,478,141.56374851576172,144.5061624247244,167.67024583157163,165.30661606698325,79.20573836551925,82.02728418531198,14.530251950504004
person_17.mp4,front,350,5840,59.93154671820066,848,478,144.2606677688713,144.28841106917295,168.05649409916566,164.46314687550586,80.329038798222,82.13510136533348,16.015341087564973
person_17.mp4,front,351,5857,59.93154671820066,848,478,146.10497234017126,148.8007913917402,167.5024664301732,166.71755106154384,81.6729532204217,82.35066359500676,17.205814064603395
person_17.mp4,front,352,5873,59.93154671820066,848,478,145.7180167488,149.43645852395687,166.286543532551,167.00553833175425,81.85611462106243,81.86154416563744,17.91532694058597
person_17.mp4,front,353,5890,59.93154671820066,848,478,146.4331293339408,147.98962829769303,165.98668142065372,165.6383734509404,82.2805689110749,82.00482674843444,18.42887997960666
person_17.mp4,front,354,5907,59.93154671820066,848,478,148.21001969727214,147.804700813187,166.579060137301,165.40939983947138,83.02402401304931,82.4283823056658,18.579626268824423
person_17.mp4,front,355,5923,59.93154671820066,848,478,149.40266867276569,149.1267799366578,166.07339678549468,165.84724819774843,83.44091461258918,82.56983745324364,19.479810181236438
person_17.mp4,front,356,5940,59.93154671820066,848,478,151.20339292338255,151.36613325204453,166.43538290407506,167.13275712511518,83.71828831782118,83.33602147777086,19.52461609490944
person_17.mp4,front,357,5957,59.93154671820066,848,478,148.5319754468621,149.2669648102203,164.3555295525199,165.614739777733,82.50099686299923,82.33627546002973,20.129166994452905
person_17.mp4,front,358,5973,59.93154671820066,848,478,149.40989700551305,150.71131366549676,164.6234877558957,167.66279207415823,82.5211821482044,82.07907809821161,20.183650140289952
person_17.mp4,front,359,5990,59.93154671820066,848,478,150.67434002568865,150.28811479460455,165.20524592429646,167.53346018413833,82.68102331900926,81.82627627316293,20.356678845744423
person_17.mp4,front,360,6007,59.93154671820066,848,478,149.5977204536074,149.15727966977698,163.90739145395588,166.32481743274107,82.30426338318945,81.5080249301405,21.032117801618387
person_17.mp4,front,361,6024,59.93154671820066,848,478,148.84821394524639,148.5672465386359,163.297618779178,166.40152931325625,82.04180946803726,80.97034822790692,21.203935396873824
person_17.mp4,front,362,6040,59.93154671820066,848,478,149.1817242598936,148.21944679259965,163.3171540358647,166.53859141464775,82.51090306811982,80.57181808603951,20.878027058396352
person_17.mp4,front,363,6057,59.93154671820066,848,478,148.9175187357715,147.86513299794873,163.7087164578646,166.30868215991362,82.61107265561556,80.73367001599283,20.930640042278206
person_17.mp4,front,364,6074,59.93154671820066,848,478,148.17557131791614,147.26170188549239,163.38958226137942,165.89759785163596,82.43173145681193,80.65701160015601,20.80662691279869
person_17.mp4,front,365,6090,59.93154671820066,848,478,148.05952260151852,146.7847290363546,163.40960362921388,165.6113088328515,82.63495339085429,80.54254632376166,20.694037661898392
person_17.mp4,front,366,6107,59.93154671820066,848,478,148.05361701692584,147.67652666098618,164.8459675921903,166.4927915077561,83.01683338127181,81.19745457531704,19.151647920302683
person_17.mp4,front,367,6124,59.93154671820066,848,478,147.69767062373285,148.12280083511098,164.242040326236,166.39232643748002,82.73150410573597,81.08951837853174,19.961523503109035
person_17.mp4,front,368,6140,59.93154671820066,848,478,150.21243635274035,148.38027504570016,165.9047284687736,166.3199960664201,83.07833002408624,81.1504400477995,20.55613311349714
person_17.mp4,front,369,6157,59.93154671820066,848,478,151.67732741051802,148.57335377752142,166.57204120349218,166.51259542673336,83.4190907373662,81.00965688715414,21.007425251666145
person_17.mp4,front,370,6174,59.93154671820066,848,478,148.86730925696827,148.13951734208544,165.99098831294788,166.3461200649196,81.8916324266752,80.91064083420137,20.794717417377097
person_17.mp4,front,371,6190,59.93154671820066,848,478,151.21655243917473,148.73906608554898,167.28700244684993,166.72016190740194,82.88645162907233,81.11730554390424,20.663354891047163
person_17.mp4,front,372,6207,59.93154671820066,848,478,149.5143967246494,149.09294371522418,166.75085704334003,166.81793012414138,82.27151693632949,81.6369852844101,20.382063862603765
person_17.mp4,front,373,6224,59.93154671820066,848,478,148.85763927232284,148.97178167177566,166.88689495515823,166.90881093780956,82.0235565003204,81.94630061701673,19.902302641129136
person_17.mp4,front,374,6240,59.93154671820066,848,478,147.71512055830814,148.8378374902144,168.11702640933274,168.02098366573645,81.70579500496004,81.88858438944098,18.450812717595095
person_17.mp4,front,375,6257,59.93154671820066,848,478,148.1233197596187,148.58452883435177,167.99600227496705,167.84679980592054,81.88445473726779,82.01824533117703,18.595714640923436
person_17.mp4,front,376,6274,59.93154671820066,848,478,147.436019914836,148.13809261021615,167.6082362575161,167.67847453776966,81.50044606102553,81.7409786764155,18.746310766039073
person_17.mp4,front,377,6291,59.93154671820066,848,478,147.41776340703086,147.2829285517572,166.97980176914152,165.81495444978773,81.41994321530264,81.26222875271229,19.628930374674397
person_17.mp4,front,378,6307,59.93154671820066,848,478,147.77245757694968,147.2845637367689,167.29064836790604,165.89358799745867,81.67392127824611,81.37269403048376,19.626591696736007
person_17.mp4,front,379,6324,59.93154671820066,848,478,146.25863829139746,146.74035637425115,166.02619773761288,165.33104906760352,81.07060421562682,80.94637670191563,20.04501184453982
person_17.mp4,front,380,6341,59.93154671820066,848,478,146.37726771888282,146.41506815831434,166.1723850571343,164.97857124272943,81.05554751485909,80.73356594642226,20.396498135166546
person_17.mp4,front,381,6357,59.93154671820066,848,478,145.88749779168987,146.5239639179076,165.99787941599047,165.08717740339213,81.28509304893318,80.6882666502017,20.380999450391744
person_17.mp4,front,382,6374,59.93154671820066,848,478,143.7770814730276,145.79542793663563,166.04295276567834,164.76734611049258,79.4129660005071,80.22526757560962,20.40266094786428
person_17.mp4,front,383,6391,59.93154671820066,848,478,143.07857496179463,144.3972038401063,166.4711295448342,165.03387701090446,77.89973616743681,78.60610948012531,20.417807003186187
person_17.mp4,front,384,6407,59.93154671820066,848,478,144.01477592962522,143.63226496189355,166.0301215543601,165.5825424872949,78.46908217844174,77.3421207889828,20.613662603019126
person_17.mp4,front,385,6424,59.93154671820066,848,478,143.6017740162437,143.4497006854613,164.78553947314128,166.13902499604538,78.70563944782238,75.95176775316499,21.136339406395106
person_17.mp4,front,386,6441,59.93154671820066,848,478,140.93061392744156,142.28847318755686,163.16323043349706,165.53944202370218,76.73360894158691,74.47428455014592,21.66858180685918
person_17.mp4,front,387,6457,59.93154671820066,848,478,137.1526806158139,141.3471135504294,160.3394243186759,165.07894362381543,75.57813281482248,73.84477556805838,21.941626824598284
person_17.mp4,front,388,6474,59.93154671820066,848,478,131.9759489954515,137.45569699066678,157.93313364189783,162.61952203072013,73.2726580959866,72.45707841907594,22.10735147802932
person_17.mp4,front,389,6491,59.93154671820066,848,478,131.18012677908982,134.258838281881,157.06274249754807,159.85747050168922,72.86922849554932,71.83642487661604,22.295891289155648
person_17.mp4,front,390,6507,59.93154671820066,848,478,129.12096978452522,130.75191572118055,155.47023368708477,156.73655977533596,71.25079249067637,70.03483956143197,23.34538532416536
person_17.mp4,front,391,6524,59.93154671820066,848,478,125.11634470188237,126.46832518196472,152.25178886260474,152.842354808445,69.60933204175687,68.90037287831635,23.806004719528485
person_17.mp4,front,392,6541,59.93154671820066,848,478,125.93202439791015,122.46099654401972,152.70606854296904,148.49970729926227,69.6000084317547,70.46320248610488,23.85404892514865
person_17.mp4,front,393,6557,59.93154671820066,848,478,121.01271219484957,116.11115197173834,148.78273470795273,142.2930999637625,68.83500709254379,70.24817781620163,24.040371634875484
person_17.mp4,front,394,6574,59.93154671820066,848,478,117.95208143521545,113.65673183356942,143.11781561113563,138.90396168463377,69.8685205252251,70.4635832963358,24.73824180693451
person_17.mp4,front,395,6591,59.93154671820066,848,478,106.59659899035749,105.62686218949345,132.42658671190657,130.2569724428693,68.60499112420582,68.23313162414682,26.000945706300353
person_17.mp4,front,396,6608,59.93154671820066,848,478,100.07700608345078,102.21071094626477,126.6847896267036,127.89552917710185,67.58360619696404,67.03931259153205,26.579018745100033
person_17.mp4,front,397,6624,59.93154671820066,848,478,90.79456775369981,94.75513999753093,117.42243940826201,120.63397753222647,65.93977776958637,65.4948231037546,27.806032274800316
person_17.mp4,front,398,6641,59.93154671820066,848,478,84.53137133034762,86.29841797441382,114.28078725381445,114.76709140432543,63.11660951931334,62.676238204668955,27.4665860598541
person_17.mp4,front,399,6658,59.93154671820066,848,478,84.87509549615159,86.64815434418615,112.87513645650456,113.65958012670492,63.279509253515414,62.80020076238684,28.926422591145094
person_17.mp4,front,400,6674,59.93154671820066,848,478,79.78555161408062,78.1223698646267,105.09535610765833,101.97097926014492,63.014176182716476,62.6609195723277,31.100390450107763
person_17.mp4,front,401,6691,59.93154671820066,848,478,79.34956979352398,77.88475689498024,103.88687196245284,101.13734363301649,63.28722002927209,63.551827203423635,31.671685243627955
person_17.mp4,front,402,6708,59.93154671820066,848,478,73.86180725978885,72.46117973569642,94.92395389541316,93.10686823503534,63.88810870858,64.12053257212547,32.2881848888205
person_17.mp4,front,403,6724,59.93154671820066,848,478,69.84297037482666,68.26986504741468,91.42503322220273,89.22270905905133,63.72396882457469,63.66928907256849,31.957649527293754
person_17.mp4,front,404,6741,59.93154671820066,848,478,69.85030509001322,68.19298433282717,89.63346675448146,88.20844096265895,64.78791874827675,64.28072921844239,31.582597828674583
person_17.mp4,front,405,6758,59.93154671820066,848,478,68.4382760202344,67.1397378640024,87.23671957513442,86.77083266593792,64.69745204092722,63.965276031533406,32.14730812327335
person_17.mp4,front,406,6774,59.93154671820066,848,478,67.72794152988757,66.62669231225722,84.84365296032085,85.51204317649298,64.62376313634954,64.14379928444038,32.857741462795
person_17.mp4,front,407,6791,59.93154671820066,848,478,66.96223934137676,67.43571115386207,82.75011441783101,86.3829861302014,65.82081209920077,65.84408516256218,31.53011365140831
person_17.mp4,front,408,6808,59.93154671820066,848,478,65.43730167135467,66.0534153562247,82.62502169465922,88.18123512241168,64.74490175229695,65.4023132022077,30.440907620067062
person_17.mp4,front,409,6824,59.93154671820066,848,478,65.79556437892941,65.80334826489647,81.41798808729541,87.53713674644497,65.56372315877466,65.74263744592788,30.46272260039146
person_17.mp4,front,410,6841,59.93154671820066,848,478,64.91129698808312,64.70063700300179,83.39238838088154,90.64885141146357,65.59926886843145,66.20828540132099,26.473680250568986
person_17.mp4,front,411,6858,59.93154671820066,848,478,67.63645554207409,66.75931672118784,92.49539487754835,96.39622892217292,68.53621449737875,69.49935681763677,18.964128684817027
person_17.mp4,front,412,6875,59.93154671820066,848,478,65.6124191797828,64.53738764651493,96.02538714905928,100.97164910835107,66.92422205464011,67.8437068446592,15.117574404412576
person_17.mp4,front,413,6891,59.93154671820066,848,478,65.57461545088046,63.95245233893527,98.78986008488673,103.30781498775043,66.4257673869421,68.44586812406959,13.192921244460148
person_17.mp4,front,414,6908,59.93154671820066,848,478,62.7020017243709,61.849086201066875,99.10011901206097,104.75849075975944,64.2931233724143,67.07324761274344,12.201032782118872
person_17.mp4,front,415,6925,59.93154671820066,848,478,59.44368512052911,58.95674899183368,93.37553445161993,97.23571765555457,61.20256805235344,64.79210899460499,17.68095510724756
person_17.mp4,front,416,6941,59.93154671820066,848,478,57.9330849884193,57.65467919486468,82.8062051995018,89.79347147827556,60.222604060217634,62.51473411898302,26.51808404835954
person_17.mp4,front,417,6958,59.93154671820066,848,478,56.95924967336909,56.839959128596476,82.09798824873272,89.58077176902685,60.4392804707217,62.56098594445044,26.680553535042566
person_17.mp4,front,418,6975,59.93154671820066,848,478,55.73869044398392,55.13898531991295,81.85484326411688,88.81735288699305,60.40154137362703,62.22414880616709,26.43156418822007
person_17.mp4,front,419,6991,59.93154671820066,848,478,55.48803370650706,54.41131981622964,80.8658006502443,88.10437049902629,59.709057663719435,62.16834633319005,27.392043922550815
person_17.mp4,front,420,7008,59.93154671820066,848,478,55.000603321466826,53.49738329552586,81.07785209495214,87.53552204317553,58.35289151877768,62.42719032449167,27.51279837742103
person_17.mp4,front,421,7025,59.93154671820066,848,478,52.91415477497689,51.86788248860198,77.83182599523798,84.96662596485483,57.797779226542595,61.62655728145575,29.58798185540417
person_17.mp4,front,422,7041,59.93154671820066,848,478,52.29956170620758,51.21689187292194,77.71724653503594,84.52598817733445,57.562703958490594,60.25824959432685,29.781439100250882
person_17.mp4,front,423,7058,59.93154671820066,848,478,50.544035071282664,49.90207934009331,76.19076676415487,82.15171681107758,57.37102839932401,59.796762164768374,30.923338843379234
person_17.mp4,front,424,7075,59.93154671820066,848,478,51.483018538084536,48.60839587480726,75.88036991829243,80.98377176212396,59.67317037507794,60.867251434336346,32.321603553788556
person_17.mp4,front,425,7091,59.93154671820066,848,478,51.002553815457,48.776403517875345,74.16676580863013,80.36541552800774,59.68396714447886,60.36913117906283,33.63918413336635
person_17.mp4,front,426,7108,59.93154671820066,848,478,49.81317103726183,47.515901987112024,73.82092838539602,79.45910225007854,60.161050410076726,61.76910003962947,33.807770765955766
person_17.mp4,front,427,7125,59.93154671820066,848,478,48.05855017292447,46.03555550875589,72.60838280251123,77.607253440689,59.019151228915355,60.06273714946474,34.324953412448565
person_17.mp4,front,428,7141,59.93154671820066,848,478,46.45305075893631,44.85008125517149,69.52308414046546,73.97943061444076,58.07096104000047,59.628189278425715,37.12594465218513
person_17.mp4,front,429,7158,59.93154671820066,848,478,45.22020289168381,43.996758306376464,65.63184870186001,69.52466664174709,56.70401744646377,58.89610329850594,41.281302699961614
person_17.mp4,front,430,7175,59.93154671820066,848,478,44.94706617918102,42.99169312432405,65.73551103852198,69.9160290018062,56.6567158741028,58.73938003022889,41.182745390507414
person_17.mp4,front,431,7192,59.93154671820066,848,478,44.16414830203694,42.81408990416818,66.18977299177658,70.89559073432221,56.89284100504175,59.91954567696397,40.713598396800826
person_17.mp4,front,432,7208,59.93154671820066,848,478,43.96091861777477,42.61792480725522,66.25139855928259,70.76781751454183,56.247980499184344,59.12808467478482,40.211665529468746
person_17.mp4,front,433,7225,59.93154671820066,848,478,43.205926203360484,41.440813922839304,63.158079299975796,67.71752629927437,56.30933243045452,59.56919079167629,42.56186166792085
person_17.mp4,front,434,7242,59.93154671820066,848,478,42.2814104324612,40.175275377126354,59.48430644145246,63.43170101689249,55.461265839105835,59.017865381948816,45.899098304597665
person_17.mp4,front,435,7258,59.93154671820066,848,478,39.33347192519899,37.42957692508883,52.78026489126511,56.909694898844755,53.172595201206256,56.81143165816805,51.34850488807896
person_17.mp4,front,436,7275,59.93154671820066,848,478,37.57071522843688,35.488966464462806,50.02397229177366,53.6786776186945,51.852027163408785,54.86925663459765,53.2930925668772
person_17.mp4,front,437,7292,59.93154671820066,848,478,35.223099885422485,33.10086632968854,47.13498220897351,50.3048237862757,50.21416314515776,53.153119555451475,55.33479741826922
person_17.mp4,front,438,7308,59.93154671820066,848,478,33.46300260639291,32.05138594314285,43.392400939167885,46.206303024710834,48.706675337775145,52.41755810825215,58.46145128242185
person_17.mp4,front,439,7325,59.93154671820066,848,478,32.36493687431869,30.50716806496128,39.145201741332755,41.64678708567587,47.428975646295484,49.71259919116526,61.86236452226017
person_17.mp4,front,440,7342,59.93154671820066,848,478,32.05294493981591,29.754363079009984,37.80986015988574,40.35669905591807,47.49961995015396,49.59758117309121,62.50794674962344
person_17.mp4,front,441,7358,59.93154671820066,848,478,32.618580887256165,30.260707330847517,38.17059664212857,40.32575186336376,48.49077121060804,50.53036895126738,62.34319528561525
person_17.mp4,front,442,7375,59.93154671820066,848,478,31.656090145369006,29.20518832745495,36.67960965657579,38.599679785180456,48.43145951702484,50.494899185455466,63.41991786866442
person_17.mp4,front,443,7392,59.93154671820066,848,478,30.57238753879394,28.239797021922648,34.92508333944071,36.54151838187518,47.9802733255114,49.577016494363306,64.47593568524061
person_17.mp4,front,444,7408,59.93154671820066,848,478,30.359239620027534,28.02582661156033,34.97567146136327,36.317832564322735,48.33630941770076,49.61310256511378,64.09525806183443
person_17.mp4,front,445,7425,59.93154671820066,848,478,30.462638375109677,27.575290853390193,34.7701534130378,36.28871441952581,48.79391051114313,50.40896056681583,63.74620101959471
person_17.mp4,front,446,7442,59.93154671820066,848,478,29.927159340218243,26.818246079509596,33.776022496784464,35.03195668733025,48.87915793368497,50.18211087699409,64.18300209443919
person_17.mp4,front,447,7459,59.93154671820066,848,478,29.32063984598264,26.367046222884404,33.450807449555235,34.2999547958078,49.241702557896154,50.66286895154664,64.51727225359956
person_17.mp4,front,448,7475,59.93154671820066,848,478,27.073417600222946,24.64502240766942,32.25271398094189,33.49225919723444,47.902337703652414,49.123882448164316,64.86433306810463
person_17.mp4,front,449,7492,59.93154671820066,848,478,27.21883426681566,24.73603598504757,32.47322619387919,34.10925785414156,48.82256423715679,50.0263816048294,64.40129362669842
person_17.mp4,front,450,7509,59.93154671820066,848,478,28.46498100163745,25.627652465786554,33.325929748792795,34.91687078409252,50.77518142689045,52.23295943406273,63.464229037460434
person_17.mp4,front,451,7525,59.93154671820066,848,478,27.557822487737784,24.91653834897933,32.64529816964088,33.95964961916715,50.623675269869345,52.1214859831797,63.681658320201194
person_17.mp4,front,452,7542,59.93154671820066,848,478,26.430379557160713,24.29479324861536,31.879984222592885,33.36663798971353,50.4947907710025,51.44425770958447,63.60084527636325
person_17.mp4,front,453,7559,59.93154671820066,848,478,26.636627990966385,24.63344426123737,32.144019469646864,33.68322468140725,51.57973956178422,52.622819980515665,63.11671597740992
person_17.mp4,front,454,7575,59.93154671820066,848,478,26.259145315707958,24.455845321270452,31.982052542786057,33.640413614328864,51.525878598369715,52.099139016888344,62.870600566673694
person_17.mp4,front,455,7592,59.93154671820066,848,478,26.150598747827793,24.130155343021933,31.32804790923768,33.02755822370367,51.579918048635506,52.3182699859995,63.2905864141089
person_17.mp4,front,456,7609,59.93154671820066,848,478,26.086604374750653,23.88828193942855,31.118770808795457,32.56141810904771,51.83374078410699,52.41661456570855,63.27808570928076
person_17.mp4,front,457,7625,59.93154671820066,848,478,26.02662289321218,23.339728254856052,30.92325599075452,32.28348661630041,50.61035436534451,50.952732970002984,63.194432354331504
person_17.mp4,front,458,7642,59.93154671820066,848,478,25.622782084569536,22.796581949537103,30.48559610695091,31.692551410939927,49.60417051446007,50.74320541762067,63.46358997963217
person_17.mp4,front,459,7659,59.93154671820066,848,478,26.220768395801308,23.21922253848903,30.666902833809207,31.439266066820576,49.06517495447298,50.84092433127764,63.274367734615474
person_17.mp4,front,460,7675,59.93154671820066,848,478,26.349117191777392,23.4028223007962,30.748652530492098,31.521698626682877,49.06010614701194,51.03707824540227,62.927569869456526
person_17.mp4,front,461,7692,59.93154671820066,848,478,26.829137438844583,24.132587690763287,31.19389489624053,31.42832228368601,49.78698722340632,51.926343576471346,62.6432517546138
person_17.mp4,front,462,7709,59.93154671820066,848,478,26.963655639602116,24.083797253582475,32.455107501213,32.9494074298692,50.62336621992395,53.09404095304421,61.049313109486484
person_17.mp4,front,463,7725,59.93154671820066,848,478,27.20361835302097,24.07702130399437,32.198343621008945,32.811122165692325,50.53245219617566,52.8524995664292,61.171097520547896
person_17.mp4,front,464,7742,59.93154671820066,848,478,27.964487490733255,23.68433320287119,32.57585163333969,33.11426810509156,50.6147319143628,53.00531080926462,60.89151864819625
person_17.mp4,front,465,7759,59.93154671820066,848,478,28.169167934095398,24.028940131100097,32.41419490790094,33.07266082677445,50.95259979477147,53.29200390697652,61.07007106282686
person_17.mp4,front,466,7776,59.93154671820066,848,478,28.309913386276857,24.417316280409437,32.877326024487694,33.0291203138927,51.14319356958316,53.56378449513179,60.50570499325632
person_17.mp4,front,467,7792,59.93154671820066,848,478,29.69992177921538,25.385292747920666,34.70425257011852,35.1747268268945,52.51164111992048,54.56226892268931,58.64848250029576
person_17.mp4,front,468,7809,59.93154671820066,848,478,29.08655427647451,25.329073491654395,34.56165136670992,34.9774713627436,51.88389352555712,54.486579425649104,58.707693042945465
person_17.mp4,front,469,7826,59.93154671820066,848,478,31.2974080840855,27.3898456741185,37.95492692605624,38.67485240666538,55.515725380181166,56.06526468569779,55.45877199112873
person_17.mp4,front,470,7842,59.93154671820066,848,478,31.08986343937529,26.69578008750448,35.721577135407905,36.65611615504324,54.393029262022786,55.343458696600216,57.7354075771375
person_17.mp4,front,471,7859,59.93154671820066,848,478,29.88277060336064,26.373496750518864,35.583738965146196,36.321625795296455,53.29799947513772,55.97242133980613,58.014253716170806
person_17.mp4,front,472,7876,59.93154671820066,848,478,29.362079931369628,26.191372002720648,34.17638458531125,34.84952192717707,52.70216137416921,56.33110145831012,59.914391707795204
person_17.mp4,front,473,7892,59.93154671820066,848,478,29.352671517944653,26.363791880536933,32.27940872446563,32.47210639655369,52.07354893488682,55.50305755423845,62.92365025916249
person_17.mp4,front,474,7909,59.93154671820066,848,478,29.291412819582813,26.854591485460055,32.68116720904535,33.120886991366454,51.79336078797479,54.9005367100389,63.05944083067564
person_17.mp4,front,475,7926,59.93154671820066,848,478,27.938627441897445,25.731996787193367,31.57001949747334,32.232131542021314,48.05555017978381,52.29028247757277,64.67923427648401
person_17.mp4,front,476,7942,59.93154671820066,848,478,27.93136707306573,25.73017799869789,31.852357270620484,33.059381899650155,47.63450479315358,51.220802157072384,64.9496915146164
person_17.mp4,front,477,7959,59.93154671820066,848,478,28.3607610344254,26.226918328494435,32.777623065025196,33.66439988189287,46.73803290814773,50.07414226181839,64.90506450538444
person_17.mp4,front,478,7976,59.93154671820066,848,478,28.937262453556155,27.053665202908626,33.86425515260923,34.98802033133554,46.18848230760184,49.38083009849593,64.48049245993744
person_17.mp4,front,479,7992,59.93154671820066,848,478,30.79629359685586,28.316507711726988,35.67706752527141,36.4819443124004,47.13973757862347,50.55878715772275,63.69316861396403
person_17.mp4,front,480,8009,59.93154671820066,848,478,33.220219388240935,30.79973901529262,37.33999381190979,38.156357444782586,48.25567954594465,52.013685982582885,63.24906915815226
person_17.mp4,front,481,8026,59.93154671820066,848,478,34.27419300205559,32.22071901861665,38.37647362091542,39.25605506958515,47.95329004916076,51.34475754834709,63.21757511946857
person_17.mp4,front,482,8043,59.93154671820066,848,478,35.32579368941084,33.552827362658405,38.818902133865286,40.529522986355836,48.54040525467762,51.01418264720667,62.94031207621153
person_17.mp4,front,483,8059,59.93154671820066,848,478,35.90085072273626,33.77183823375409,38.74473797233327,41.74817359565778,49.244278347922446,49.91916312206231,62.5068287672029
person_17.mp4,front,484,8076,59.93154671820066,848,478,39.13345050046466,37.97870931778993,43.82590602067428,48.03808797395188,50.903764350469146,52.09447046146164,59.09293413500522
person_17.mp4,front,485,8093,59.93154671820066,848,478,41.17463602122314,40.2167577612972,46.171891009482785,49.969602030031496,51.91115766355382,53.45944027355751,59.02132292596914
person_17.mp4,front,486,8109,59.93154671820066,848,478,42.98000367778847,41.9207431930432,51.24353578844566,54.65068954378015,53.2221157734039,54.39377927909098,55.66224397416456
person_17.mp4,front,487,8126,59.93154671820066,848,478,44.349996828036645,43.721184846072546,53.165702406813516,57.39330759230226,53.097168251732086,54.53215774440785,54.151472368743924
person_17.mp4,front,488,8143,59.93154671820066,848,478,47.884375019483436,47.20648716521859,58.85117490433066,64.35638078317338,55.11146392834481,56.76398778411355,49.798263623784614
person_17.mp4,front,489,8159,59.93154671820066,848,478,50.5264033219674,50.21450819684179,65.80392667467868,72.96582779092103,56.64454537234163,58.538628821621856,43.67879339958271
person_17.mp4,front,490,8176,59.93154671820066,848,478,53.80910197629858,51.67562551972509,70.69289615361235,76.31748126409879,57.295151170247614,59.005065614403584,41.080497929901604
person_17.mp4,front,491,8193,59.93154671820066,848,478,57.08597619045508,55.0526316119086,77.66661080925398,83.99678677700933,58.76776776334784,61.105598584938164,35.122040330956786
person_17.mp4,front,492,8209,59.93154671820066,848,478,58.49092065982183,56.110075469622956,82.78207233056304,88.56366169821493,59.35729515231424,61.64616040338312,30.995867801292757
person_17.mp4,front,493,8226,59.93154671820066,848,478,64.97651653734981,60.435258571658395,101.96848208252105,105.79533758533664,63.66955360205549,65.21604062175801,15.591384655349643
person_17.mp4,front,494,8243,59.93154671820066,848,478,64.51492550124541,60.442772685921554,101.12541624367645,104.83096449027018,62.14412174479992,64.31701704700076,16.655863027164852
person_17.mp4,front,495,8259,59.93154671820066,848,478,74.47084945506685,71.21582436891607,119.11661618002341,125.0330252843362,67.27792623924374,68.63428376016195,4.428346146910885
person_17.mp4,front,496,8276,59.93154671820066,848,478,63.7927628317557,60.83823715475014,110.3281068629805,114.37627328619534,57.7934440346491,68.059948104188,7.733542628794407
person_17.mp4,front,497,8293,59.93154671820066,848,478,66.96389842175854,59.69391833356589,101.49291250766208,104.21089147949611,60.12837293714657,64.27461580846781,17.7836641660657
person_17.mp4,front,498,8309,59.93154671820066,848,478,76.88605280555845,68.93150804956869,111.93351884191217,112.71090459832347,64.26315492189431,64.76201905603286,14.306357107889776
person_17.mp4,front,499,8326,59.93154671820066,848,478,84.06103378543258,73.14758076322958,120.67938775968983,116.46770040089635,63.567113187844754,64.25782591813942,15.141119567020864
person_17.mp4,front,500,8343,59.93154671820066,848,478,82.31818196777867,71.18937056633264,114.44005979814426,111.50938266353589,61.86914756264282,62.701012917586944,20.29762498850277
person_17.mp4,front,501,8360,59.93154671820066,848,478,91.04260160948785,83.78458928879499,117.87542507533247,119.4238467269866,60.60263000056048,62.306141183239035,25.912443905567052
person_17.mp4,front,502,8376,59.93154671820066,848,478,102.77558674337244,95.4744186569681,128.90019546505954,129.79106097527384,61.174610919624676,63.86812048507785,27.47937221033929
person_17.mp4,front,503,8393,59.93154671820066,848,478,109.83907627316866,104.93077347888196,132.636004093714,134.48848445805527,64.38027524718639,66.13419365572769,27.71521918848285
person_17.mp4,front,504,8410,59.93154671820066,848,478,106.86494786120053,105.17702149837554,129.94425602499848,135.04403912461552,63.364685373762136,64.49158386774921,28.055683708348656
person_17.mp4,front,505,8426,59.93154671820066,848,478,118.92152308069507,111.86561763655938,142.15888599577463,140.04145098213536,66.68219484927488,67.65170850649218,26.09320426780412
person_17.mp4,front,506,8443,59.93154671820066,848,478,123.39304557770676,113.64325804298272,153.08182713921016,145.0863684685128,67.2866554374783,69.23468440892061,20.164911470152184
person_17.mp4,front,507,8460,59.93154671820066,848,478,122.86549283570935,113.5035418726022,158.55175394031542,145.8995306422259,65.21081721194318,67.43480023202981,18.80319827215368
person_17.mp4,front,508,8476,59.93154671820066,848,478,125.13846319263509,120.0456223639554,158.06742579678493,151.07841250833854,66.34334245770351,67.56244954909641,20.22028266123262
person_17.mp4,front,509,8493,59.93154671820066,848,478,125.83376825967807,121.75393278309278,160.2474207058245,152.66081850257567,65.64834264439008,66.81493339281158,20.64314256471797
person_17.mp4,front,510,8510,59.93154671820066,848,478,135.88781196272987,132.31520711306743,165.1004339369848,159.86222614637026,70.62071800928568,69.07503657918684,20.76629470131387
person_17.mp4,front,511,8526,59.93154671820066,848,478,137.37625386175577,134.2246042420637,168.08467723862003,161.84485958553137,69.90988916861322,68.94493799669964,20.344036166863614
person_17.mp4,front,512,8543,59.93154671820066,848,478,137.7380798286493,137.68759470050534,165.58417079303115,163.9811167915815,72.36413047154257,71.1539828684016,20.005684150834494
person_17.mp4,front,513,8560,59.93154671820066,848,478,142.33999089220003,141.46820900790047,168.11353031063632,166.24362092099844,75.30702691282912,73.37167958110427,18.747105530498875
person_17.mp4,front,514,8576,59.93154671820066,848,478,141.8995037824974,142.0097378455657,168.7360191957265,166.04570661977763,74.87131742685723,74.01641295745635,18.532053118326672
person_17.mp4,front,515,8593,59.93154671820066,848,478,143.43640449377426,143.6441293573382,167.77547140576488,166.41816440678545,76.2483106170611,74.88991365147825,19.359829299358474
person_17.mp4,front,516,8610,59.93154671820066,848,478,144.28215796412442,142.80417486144145,168.68948358979748,165.5831303094332,75.6374235434365,75.04760171487825,19.827598679074303
person_17.mp4,front,517,8627,59.93154671820066,848,478,144.51168349266626,145.00960456104184,166.84613771936677,166.09407259786718,78.40024113376973,77.45271830590232,19.118381875505662
person_17.mp4,front,518,8643,59.93154671820066,848,478,146.6378511147932,144.12362097964748,169.68376108593816,166.24828590126515,80.17075551074817,79.40804927271105,16.762922565707374
person_17.mp4,front,519,8660,59.93154671820066,848,478,145.99817844931076,142.292237080086,170.51414359666524,165.98574441658448,79.92870617691632,79.57018674337287,15.55365480274163
person_17.mp4,front,520,8677,59.93154671820066,848,478,148.00204952134925,144.2907666133082,169.98365505745883,165.90182798470215,81.33961756491601,80.76432028183501,16.551219916699292
person_17.mp4,front,521,8693,59.93154671820066,848,478,150.50390015478413,147.2630196312426,171.08735375014112,167.0987425155379,81.7904811483393,81.37635763255012,17.32791274726482
person_17.mp4,front,522,8710,59.93154671820066,848,478,151.84337068263645,147.912206042113,170.51863398289083,167.1848248073372,82.95605285202357,81.83880681839793,17.803518269436392
person_17.mp4,front,523,8727,59.93154671820066,848,478,151.70094004928544,149.9277938327728,169.86559158247215,168.46987231577748,83.24247527282155,81.85803341636102,18.1231433635244
person_17.mp4,front,524,8743,59.93154671820066,848,478,150.1270574281074,148.9494188266225,168.2955764749045,167.52616676894752,82.99299219632147,81.65196750636126,18.48732964281831
person_17.mp4,front,525,8760,59.93154671820066,848,478,149.51449268270542,147.48973737770757,168.04280707022804,166.40446778188743,81.8684543385458,80.78551818655572,19.234446332218216
person_17.mp4,front,526,8777,59.93154671820066,848,478,152.4363467773716,149.8041997880592,168.9655651738372,167.39231794805644,83.41584898715264,81.5808596144936,19.78042319270098
person_17.mp4,front,527,8793,59.93154671820066,848,478,148.32642940290955,147.1071186917068,166.4662015315809,165.7441152614815,81.81234486623144,80.98310165600967,19.788708024655612
person_17.mp4,front,528,8810,59.93154671820066,848,478,148.12331719060083,146.67509264458033,166.57124428175908,165.72127799943954,81.56592156318257,80.32507024868497,19.499143130789506
person_17.mp4,front,529,8827,59.93154671820066,848,478,149.43045879953408,146.38506432532046,167.26944768319322,165.20814207317014,82.0529931973317,80.35457709960694,19.9139349090567
person_17.mp4,front,530,8843,59.93154671820066,848,478,148.66771085902644,147.4233624283815,167.0202154618826,166.0137277482032,81.4269581894758,80.50155434006763,19.89794723663114
person_17.mp4,front,531,8860,59.93154671820066,848,478,149.12477734936778,147.40549946472024,169.01661634521622,166.61729570407073,81.87747631127051,80.96832488464996,18.058507275606477
person_17.mp4,front,532,8877,59.93154671820066,848,478,150.1985593717361,149.27811399926895,169.22332299783122,168.23992087059844,82.53293685752845,81.35162646696628,18.198356836442542
person_17.mp4,front,533,8893,59.93154671820066,848,478,150.28153327971398,149.79810315521667,169.02749573564688,169.11874735421495,82.65354395440636,81.30641655793936,18.294045574099354
person_17.mp4,front,534,8910,59.93154671820066,848,478,148.5655786720004,148.90866368833292,167.7858603577211,168.39552298643642,82.08894462655387,80.99547514424538,18.486802987223047
person_17.mp4,front,535,8927,59.93154671820066,848,478,149.6894552272824,148.432695768883,168.2288815309263,167.7232368590782,82.5663943631483,80.83257724858646,18.627633778661075
person_17.mp4,front,536,8944,59.93154671820066,848,478,148.60202064845657,148.09070738897935,167.71930723292786,167.5323253143945,82.06914034289744,80.82370824252257,18.532488302301992
person_17.mp4,front,537,8960,59.93154671820066,848,478,149.9398726957895,149.1471637999501,169.17526642481792,168.03049923644252,82.64261064513235,81.88630498920502,17.649792674333675
person_17.mp4,front,538,8977,59.93154671820066,848,478,150.05967582410574,151.8798293781702,171.0659281178586,169.56485356681966,83.03932487051162,84.50996348305199,15.630440048879093
person_17.mp4,front,539,8994,59.93154671820066,848,478,150.4913860744764,151.06520527419502,172.07386212366202,169.52225267111953,83.00020524530704,84.07896370121412,15.347827569107942
person_17.mp4,front,540,9010,59.93154671820066,848,478,149.75936516247273,151.50908406679727,172.2250728253363,170.22049070760133,82.6407361153583,84.46678953592134,14.581341045071312
person_17.mp4,front,541,9027,59.93154671820066,848,478,149.36822620969167,150.50625302856616,172.76392801120048,169.7705422878209,82.68189308552653,84.728620723836,13.807550023894628
person_17.mp4,front,542,9044,59.93154671820066,848,478,150.53978686446655,150.02120411938648,173.82255508580113,169.28066067333455,82.86962665233686,84.24684818058546,14.142135946879469
person_17.mp4,front,543,9060,59.93154671820066,848,478,150.51512670257574,148.71397993722366,173.38736144853428,168.48635878093603,82.82046225283248,83.41252368137854,14.416263796277395
person_17.mp4,front,544,9077,59.93154671820066,848,478,149.10306214932774,148.0572170016176,172.9932715463563,168.2490220512837,81.596187122617,82.7752814327643,14.816796722596353
person_17.mp4,front,545,9094,59.93154671820066,848,478,149.83069434043344,148.71738573683072,173.06985388644844,168.91249612093387,83.62305870056502,84.17376436043556,13.366049778605252
person_17.mp4,front,546,9110,59.93154671820066,848,478,146.23750827222995,147.01277395526873,172.3936253730634,168.88394738475648,80.7341995839981,82.43708188510192,13.732228796128092
person_17.mp4,front,547,9127,59.93154671820066,848,478,146.06354015992662,146.61178158486533,172.15180331918847,168.49460844623843,80.38785639826686,81.91956509401128,14.18560113541909
person_17.mp4,front,548,9144,59.93154671820066,848,478,144.34151460996043,145.63356942440288,172.22819009361174,166.64630377718748,78.21791108648867,80.92577632595876,15.504982482012156
person_17.mp4,front,549,9160,59.93154671820066,848,478,144.33299029970925,144.20221585192564,169.9074417171219,165.77903848289287,77.92830184635862,79.22071453138844,17.338092372011843
person_17.mp4,front,550,9177,59.93154671820066,848,478,143.74304076921865,143.37592029054824,169.28961762717617,165.29335185312434,77.97639398160504,78.87232737386043,17.28745776086009
person_17.mp4,front,551,9194,59.93154671820066,848,478,140.2808606726592,142.0047782238033,167.68036824349238,163.81483063238346,74.94070950811995,77.26636999475687,18.695339947140507
person_17.mp4,front,552,9211,59.93154671820066,848,478,140.1915134053858,140.00366769943895,165.92593500383077,163.1843024698203,75.18183182428253,75.96249995910074,19.658288905944037
person_17.mp4,front,553,9227,59.93154671820066,848,478,136.37155558826245,137.9632222671919,163.10742986038662,162.54581434167778,73.75448846547425,74.1028946086175,20.280251805310304
person_17.mp4,front,554,9244,59.93154671820066,848,478,131.37016190609782,136.52347032562167,159.07737475292322,161.05428077199667,72.32862271523845,73.9764224179651,20.56020350924416
person_17.mp4,front,555,9261,59.93154671820066,848,478,129.19461175383213,133.88305138184518,158.05733942080488,158.89096322044603,71.25195841999589,73.16182647907101,20.63447373301331
person_17.mp4,front,556,9277,59.93154671820066,848,478,122.91462202168405,121.98075841849221,153.94828597113397,149.74963366611715,69.16584949897931,70.28138862039654,21.071238183692095
person_17.mp4,front,557,9294,59.93154671820066,848,478,121.31177869617527,118.96845146082958,151.50898545580716,145.22466929004332,67.37973979592202,69.09969414619766,24.201521689090118
person_17.mp4,front,558,9311,59.93154671820066,848,478,119.57450728022185,114.73371225200938,148.7417769130967,140.79927256213944,67.39664176637336,67.98406471427091,25.332458479980655
person_17.mp4,front,559,9327,59.93154671820066,848,478,116.97936127104246,114.63096102685299,143.31183620133376,137.8193868075734,66.98901951887429,68.40342978806368,28.019504365285076
person_17.mp4,front,560,9344,59.93154671820066,848,478,108.4367590978699,109.03933232637374,131.74079630488652,131.80905179445864,68.24289044451645,67.59678736353877,29.46944411150208
person_17.mp4,front,561,9361,59.93154671820066,848,478,99.87962877378999,105.40154001621116,120.59331161114419,127.50939989510131,68.42675329834796,67.07817671273418,30.982589762674184
person_17.mp4,front,562,9377,59.93154671820066,848,478,94.77085087752242,98.13592248254616,118.40618014309908,122.66780430656435,66.17672913117889,64.74322866157253,30.460076431612215
person_17.mp4,front,563,9394,59.93154671820066,848,478,94.10342823898563,98.04908047862648,114.57112162208381,120.1189511457399,66.00614344719975,64.52013344271332,33.28577205722731
person_17.mp4,front,564,9411,59.93154671820066,848,478,82.68851865167619,85.92227055255391,103.75079482664715,108.38857139878144,64.71775409493006,63.132641657233144,33.2351012896301
person_17.mp4,front,565,9427,59.93154671820066,848,478,76.3450901765537,77.92175385626516,101.00303351083413,102.08588828029833,63.75547068631033,62.7282918081675,31.69993336076323
person_17.mp4,front,566,9444,59.93154671820066,848,478,77.87891219873951,79.85299225292474,101.91007273548065,103.66473710407249,64.46117327064862,63.28560170331979,31.25426140324032
person_17.mp4,front,567,9461,59.93154671820066,848,478,78.23287034142666,75.12257877026495,102.21463787928732,100.51679924697078,65.67755307119215,64.54475726425916,29.273488470664017
person_17.mp4,front,568,9477,59.93154671820066,848,478,78.18532860985502,76.50702797019595,102.0139607491307,102.61850475555005,67.63433721345802,65.44179847322302,26.786010885939994
person_17.mp4,front,569,9494,59.93154671820066,848,478,73.69623399659393,73.81312491040319,95.50700371770681,99.46081111361363,68.00227011233272,65.13259048783496,26.881901345398354
person_17.mp4,front,570,9511,59.93154671820066,848,478,71.04482756217737,70.9844203989321,89.28784167610925,94.22206819470252,67.78692245246853,65.0663365515845,28.668326454259855
person_17.mp4,front,571,9528,59.93154671820066,848,478,69.195594507186,68.98931345343135,87.84998318187606,91.47682209429219,67.83792005443021,66.16040789893825,28.272284530689692
person_17.mp4,front,572,9544,59.93154671820066,848,478,64.06438979985735,64.44931629554343,84.48489425516661,88.28250630711716,63.92632395183473,63.78988995782508,29.547975616333513
person_17.mp4,front,573,9561,59.93154671820066,848,478,64.07751352772142,65.34433452609142,81.44411728397432,85.79167218073412,65.72632226881333,66.17947147967463,29.913185090103596
person_17.mp4,front,574,9578,59.93154671820066,848,478,64.37401140611286,64.83213598411834,87.94340583616224,93.50191178345624,65.30412903605878,64.97394391957064,24.29927321198119
person_17.mp4,front,575,9594,59.93154671820066,848,478,66.96755277468762,66.61596928364281,92.22690460532411,97.00874937426882,69.16431993605337,68.54206584959752,18.063823487714096
person_17.mp4,front,576,9611,59.93154671820066,848,478,63.13663532731076,63.3069477823717,92.32631712622239,96.84305104050527,65.76756426418204,65.992678071156,18.242788058686777
person_17.mp4,front,577,9628,59.93154671820066,848,478,65.0034162160473,64.14185243727519,92.76547085698435,100.30067227624683,66.35285832616479,65.13915003991137,18.23565415103587
person_17.mp4,front,578,9644,59.93154671820066,848,478,64.20830179338127,63.304395785404566,99.78726104265935,106.31518883360134,66.36718668677265,67.28646633704349,11.39529780725069
person_17.mp4,front,579,9661,59.93154671820066,848,478,65.79034173516047,64.31208905368925,98.8593369199705,106.22827411361948,67.14469243150987,67.08314634320001,12.915321375756168
person_17.mp4,front,580,9678,59.93154671820066,848,478,62.805698380734555,61.57116986203954,89.78966013077317,101.17456822772081,64.00286217709181,65.36638013402958,18.320553931895052
person_17.mp4,front,581,9694,59.93154671820066,848,478,60.545335566330635,59.872900743808174,85.64913356500087,98.46333969228283,62.83221719116283,63.86378716249427,21.57000967927979
person_17.mp4,front,582,9711,59.93154671820066,848,478,59.77495588328875,59.589748439483806,88.22504070254698,98.77279793757748,62.767172677801206,61.13523404262523,20.409779064539077
person_17.mp4,front,583,9728,59.93154671820066,848,478,56.652896022755016,57.278937090808796,81.76137904979453,94.67585682050915,60.66427925545639,59.88401603470264,25.189358748817174
person_17.mp4,front,584,9744,59.93154671820066,848,478,52.86025799476467,53.34617528447569,73.31308147736596,83.78122885608924,58.39823936145383,58.52324846682972,33.088029150321795
person_17.mp4,front,585,9761,59.93154671820066,848,478,51.52820109847526,52.02330771732984,69.11435060470409,78.2241029090475,57.76997295975891,57.656630158156005,37.54169029128159
person_17.mp4,front,586,9778,59.93154671820066,848,478,49.103757851271496,48.112241882995896,63.82660797663899,70.38887368168159,55.987992503017985,56.081992852849815,42.46708675457264
person_17.mp4,front,587,9795,59.93154671820066,848,478,49.16678357473861,48.99939774094887,67.14765884995107,74.775156004837,56.68956477869809,56.03153925901887,38.747447391567455
person_17.mp4,front,588,9811,59.93154671820066,848,478,46.93491345619309,47.10156807244967,62.9646671906635,70.61758867228801,55.07236872306106,56.14930384095611,42.40872496341874
person_17.mp4,front,589,9828,59.93154671820066,848,478,48.42006625575122,48.24332207417575,66.42685820524122,73.76262239947451,56.62055232090235,58.04066860407903,39.66429799927033
person_17.mp4,front,590,9845,59.93154671820066,848,478,46.86941486782782,45.346735238213746,65.6393048525813,72.71733256050865,57.74607288833468,57.670590519777726,40.483715480054464
person_17.mp4,front,591,9861,59.93154671820066,848,478,44.716593101131146,43.91158459017143,62.73574029106805,69.9947308023521,56.59510692793158,56.07870145743744,43.03446282273325
person_17.mp4,front,592,9878,59.93154671820066,848,478,45.10356137809561,44.02861587253325,64.09987588065793,71.14034187647275,57.557579568810134,56.32900309263341,41.92226586128104
person_17.mp4,front,593,9895,59.93154671820066,848,478,43.841823456363464,42.96350745070052,63.43668172250937,70.57776664551717,56.37473993514136,55.903775985365286,42.28771732913037
person_17.mp4,front,594,9911,59.93154671820066,848,478,43.36336713640178,42.65845549744699,63.575905887704586,70.84414678841935,56.311016219960614,56.967038103413586,42.37518960681574
person_17.mp4,front,595,9928,59.93154671820066,848,478,42.83648006558434,42.33905653593012,61.958941951719105,68.66146240498075,56.168970365507214,57.17215972045167,43.69743266308321
person_17.mp4,front,596,9945,59.93154671820066,848,478,41.862277727083324,41.66693271671825,58.33166390539248,63.967092316264605,54.565584071239044,55.8398146569587,47.49435049888623
person_17.mp4,front,597,9961,59.93154671820066,848,478,41.084759899063855,41.12135052340344,56.74806495474331,61.91551655847021,54.52110921439695,56.483489237750604,49.27604448395356
person_17.mp4,front,598,9978,59.93154671820066,848,478,39.25368470529783,38.39713365301113,52.35997787118983,56.52765102394095,52.30355989440705,54.00902290782607,52.91847132910491
person_17.mp4,front,599,9995,59.93154671820066,848,478,38.33972341881142,37.050920547802924,50.07552311315274,54.421134510166496,51.9753401550607,53.492639395176234,54.32119275796526
person_17.mp4,front,600,10011,59.93154671820066,848,478,35.38858177055582,34.0146882436072,44.219181719048244,47.74031823001441,49.86415302944336,50.07883153404083,58.7884247027456
person_17.mp4,front,601,10028,59.93154671820066,848,478,32.50212895462165,31.40775995484014,39.90928351194259,43.136623276101076,47.01173206981208,47.878574372862445,61.22610202775422
person_17.mp4,front,602,10045,59.93154671820066,848,478,31.73093018112612,30.53802947145081,39.354079665065804,42.4131578082337,47.108685316429465,48.64571820258094,61.46434016588831
person_17.mp4,front,603,10061,59.93154671820066,848,478,31.986928037778696,31.076196487278462,39.14535487787728,42.353352326513125,47.704236618112475,49.62383880593773,61.63040218967162
person_17.mp4,front,604,10078,59.93154671820066,848,478,31.638677597707815,30.14723820197413,38.792905889412225,41.65039192834385,47.974319002014106,49.37999633876469,61.49262386561277
person_17.mp4,front,605,10095,59.93154671820066,848,478,31.513337896474827,29.879156707230546,37.607081196846025,40.29371015632928,48.02512814355202,49.71469786793757,62.50101013757379
person_17.mp4,front,606,10112,59.93154671820066,848,478,30.74695873358531,28.874345987208955,35.83634696128009,37.92925043947935,47.85343805546409,49.01550054289541,63.804629025017135
person_17.mp4,front,607,10128,59.93154671820066,848,478,30.07962023528866,27.929590023938175,34.53111357409875,36.45634013399467,47.73577364012178,48.60678054753137,64.60318157956553
person_17.mp4,front,608,10145,59.93154671820066,848,478,29.264370461504082,26.850072118820293,33.373333752139175,35.106441798670964,47.518409459390455,47.96704812743667,64.99243563983123
person_17.mp4,front,609,10162,59.93154671820066,848,478,28.198418433086324,26.02281821015061,32.14255959199812,33.69013393611531,47.538080542754486,48.406196381108074,65.92240345238298
person_17.mp4,front,610,10178,59.93154671820066,848,478,27.658686122494288,25.659837272626902,31.784595675933424,33.49706173597966,47.83327702044633,48.91006536045963,65.84259744591546
person_17.mp4,front,611,10195,59.93154671820066,848,478,27.037535842430117,25.18639416093413,31.67633137542892,33.09185484572451,47.96860742600134,49.36834729490565,65.77709882284086
person_17.mp4,front,612,10212,59.93154671820066,848,478,26.93476158172375,24.890677025967033,31.838857073778012,33.616820243817266,48.912886413802575,49.96175710167532,64.85710809986631
person_17.mp4,front,613,10228,59.93154671820066,848,478,26.034998621052857,24.433441030139218,31.20571985617505,32.5504303494161,48.48989310891894,49.221696194225,65.26535886246073
person_17.mp4,front,614,10245,59.93154671820066,848,478,26.147228327086495,24.6687898082926,31.149633174988466,32.47095957708926,49.68882098790347,50.342506683036135,65.04614195545736
person_17.mp4,front,615,10262,59.93154671820066,848,478,26.077031594027783,24.96359909800445,31.208369106838592,32.47626632694941,50.29915645443077,50.1235606301274,64.60588610443622
person_17.mp4,front,616,10278,59.93154671820066,848,478,25.72121031890772,24.700433273342068,30.71437097557638,32.01860499987743,50.43153140826588,50.16623911152702,64.73502812300251
person_17.mp4,front,617,10295,59.93154671820066,848,478,26.890146631822734,25.88620857371893,31.272825832769577,32.40359510139117,52.39551445516535,52.44267003630506,64.22163715746575
person_17.mp4,front,618,10312,59.93154671820066,848,478,25.005114175243655,24.204660138446382,30.272185935009976,31.225687862978596,50.634682547854986,50.60180268454812,64.63976456351216
person_17.mp4,front,619,10328,59.93154671820066,848,478,24.895352915647965,24.276119585866734,30.579569037915665,31.4381121340129,49.41007638506982,51.66494522119368,64.31028431166996
person_17.mp4,front,620,10345,59.93154671820066,848,478,25.82045003322932,24.62575552897284,30.35292955594996,31.398037707356206,51.42164114395626,52.708773286565695,64.12506605204489
person_17.mp4,front,621,10362,59.93154671820066,848,478,25.976362169072885,24.878415633753306,31.916004808418478,32.61523881259712,52.617857984692776,54.049859298813814,62.2404322344602
person_17.mp4,front,622,10379,59.93154671820066,848,478,30.76062830466937,27.728769209276397,38.629506918584084,38.76104803332705,57.31976905415155,58.60544972873485,55.579457576110165
person_17.mp4,front,623,10395,59.93154671820066,848,478,30.30115559592787,27.72647823149269,38.90850437043793,38.8873719018143,57.22698397943696,59.232174472003855,54.7871919798726
person_17.mp4,front,624,10412,59.93154671820066,848,478,29.636601465461165,27.552402898905996,37.36876164976756,36.47648967173396,56.60376775616191,59.09486525249762,56.272745264315105
person_17.mp4,front,625,10429,59.93154671820066,848,478,30.284774166904477,28.327322599991916,38.12807706136144,37.07829076722298,60.92657550418992,59.832789911194965,55.42792323105711
person_17.mp4,front,626,10445,59.93154671820066,848,478,26.624846739072236,25.409411491007194,32.989253862163956,31.618654712830566,56.254152106477946,56.05368809806294,60.48905605013601
person_17.mp4,front,627,10462,59.93154671820066,848,478,26.58649345736935,25.34099517983318,32.838026113072246,31.453426965835853,55.54266499815209,56.217727800824235,60.78114456322044
person_17.mp4,front,628,10479,59.93154671820066,848,478,26.758331252357102,25.534511670968715,31.231629131936558,29.99348245065703,53.445772525662534,55.78190429515652,62.328553153814696
person_17.mp4,front,629,10495,59.93154671820066,848,478,26.168128746771096,24.89883827773395,30.94505928002043,29.645759120856713,52.63246805500631,55.36233117213363,62.613334006656345
person_17.mp4,front,630,10512,59.93154671820066,848,478,26.654393774971727,25.59566865161455,31.01130048702564,29.662074968947778,52.12334650051502,55.196282565078036,62.46968213888738
person_17.mp4,front,631,10529,59.93154671820066,848,478,26.36236521245402,25.572909736062936,31.646727012404575,30.157376580084065,52.131887385758645,55.43305702139781,61.955337702758946
person_17.mp4,front,632,10545,59.93154671820066,848,478,26.07549736372284,25.426130358937396,30.768612627845364,29.28434091229399,50.85301803352811,53.89077366499073,62.68332788680435
person_17.mp4,front,633,10562,59.93154671820066,848,478,25.788035191559647,24.512120012520572,30.729440242780704,29.277258179690286,50.62728708918545,53.86672084026716,62.780029302541095
person_17.mp4,front,634,10579,59.93154671820066,848,478,26.653897068028197,25.21981864627337,30.9778314708511,29.413211425531337,51.10507842393287,54.927883209927586,62.795459326964554
person_17.mp4,front,635,10595,59.93154671820066,848,478,26.328375544511566,24.978431131725582,30.37118546267234,29.206882101671958,50.80461771611284,54.37708199996405,63.52552050065824
person_17.mp4,front,636,10612,59.93154671820066,848,478,26.388237749457073,24.743147079528573,30.329081532156092,29.40097778749107,50.32000307400998,54.16686286379522,63.65760650571384
person_17.mp4,front,637,10629,59.93154671820066,848,478,26.80369923208018,25.020786956427425,30.851010946290245,30.020318954852478,50.92339700535414,55.75450754641816,63.667456115878714
person_17.mp4,front,638,10645,59.93154671820066,848,478,30.267169982856217,27.965704063816503,35.51486366113849,35.27192046525988,56.6140907478114,60.66027722160794,60.67629576253787
person_17.mp4,front,639,10662,59.93154671820066,848,478,28.949671924474124,28.233182207471565,33.550609522452575,34.213065161967684,53.80814827197552,56.74529048433967,62.85958678425798
person_17.mp4,front,640,10679,59.93154671820066,848,478,29.51066273695772,28.35586188123441,34.12721157850342,34.01842245945385,52.88237236390934,55.5382020376291,63.60374821192453
person_17.mp4,front,641,10696,59.93154671820066,848,478,30.29728270538129,29.02857061543508,34.74147257557293,35.12668114055312,52.375412110233334,54.7385029514667,63.68029277418948
person_17.mp4,front,642,10712,59.93154671820066,848,478,31.763174898681132,29.797595950742267,36.18607884731025,36.736825559983146,51.729186320000736,54.142875308194974,63.19149299199586
person_17.mp4,front,643,10729,59.93154671820066,848,478,32.69237626774566,30.601812610418303,37.29709461706424,38.020548041254024,51.059841353935944,53.17231933221645,62.98735187179959
person_17.mp4,front,644,10746,59.93154671820066,848,478,36.06796716755511,33.68959672935104,41.588036940531566,42.933813042095444,51.66875328074572,54.43287389426984,60.283305035668846
person_17.mp4,front,645,10762,59.93154671820066,848,478,37.21776077865321,34.94098576698156,42.40581942280893,44.701800761454855,51.54881868331183,53.96371827411355,59.809610183010506
person_17.mp4,front,646,10779,59.93154671820066,848,478,38.8567171001016,37.295743938105744,44.244885698596484,46.91659177598921,51.22549345865389,53.74782552532706,59.68093528111877
person_17.mp4,front,647,10796,59.93154671820066,848,478,39.38606666638707,38.207714873043784,46.786081582804,50.33097887736911,51.557279221562105,52.99461055599407,58.10988872069293
person_17.mp4,front,648,10812,59.93154671820066,848,478,39.86626256651784,39.386161431354395,48.58989537564213,52.89606991858473,50.78889518904119,52.297787190164556,57.724320954276955
person_17.mp4,front,649,10829,59.93154671820066,848,478,43.831736626965096,43.11141182019229,56.54284032609507,61.33088387359618,54.31815823908346,55.538531550684255,51.0283237743248
person_17.mp4,front,650,10846,59.93154671820066,848,478,47.724417448627634,46.7102689365174,61.310649629279666,66.86341639860258,56.17056605597191,57.1729853044329,48.30816598760601
person_17.mp4,front,651,10862,59.93154671820066,848,478,50.0335039684567,48.485492116441314,64.96791090028485,71.6826436280152,57.31919898438607,58.044351052937415,44.96020319223279
person_17.mp4,front,652,10879,59.93154671820066,848,478,53.21180722821703,51.880214805846734,72.70650023167521,80.14950088101912,59.17739129524895,60.27590283505552,38.31643343780045
person_17.mp4,front,653,10896,59.93154671820066,848,478,58.172539586396304,55.73880676325632,89.78950286703052,96.40547050473145,62.13758423034545,63.60685707682984,23.207139687157877
person_17.mp4,front,654,10912,59.93154671820066,848,478,61.550554621967855,58.55484305491921,93.74343817754483,100.76454696523062,62.6962894716227,64.31763863304842,21.290996831131146
person_17.mp4,front,655,10929,59.93154671820066,848,478,62.31515679369154,58.87261251376366,96.45869725548528,101.64846739095397,61.75438202899223,63.45978021323989,20.176415580473257
person_17.mp4,front,656,10946,59.93154671820066,848,478,64.79589254525303,61.63101569766406,101.60868677404162,107.56931625322486,62.127062067290616,62.8553535522912,16.379941020238665
person_17.mp4,front,657,10963,59.93154671820066,848,478,72.77189621360141,64.96223623392864,114.0278871011716,115.04014508679279,63.69446294368044,64.73363162181242,10.272670438931051
person_17.mp4,front,658,10979,59.93154671820066,848,478,78.09929172640189,69.3608816654398,118.1889563959373,115.58840479897461,62.12061535932901,64.53293588157675,14.872987261022933
person_17.mp4,front,659,10996,59.93154671820066,848,478,90.6894605491668,78.39385850370479,134.90893452245476,127.00329743280929,65.11585363422375,67.49093534234328,9.641618173565703
person_17.mp4,front,660,11013,59.93154671820066,848,478,85.61545503612308,81.41634476299788,125.09383591067349,127.06145429278594,61.52228281609474,63.696063444696634,15.806502369520912
person_17.mp4,front,661,11029,59.93154671820066,848,478,94.04726369867073,88.02834142871164,127.99280145622043,129.0391958410355,61.52276010575833,62.6686239372386,20.35609370686758
person_17.mp4,front,662,11046,59.93154671820066,848,478,96.25978564357118,92.08511443174575,125.39301739388833,129.71449460417577,61.26663124232256,61.85711860735367,24.14396986168329
person_17.mp4,front,663,11063,59.93154671820066,848,478,99.31327453653648,97.15101187313911,126.17820512968413,131.19830994132442,60.86472133440079,62.56428907837982,27.185491766354488
person_17.mp4,front,664,11079,59.93154671820066,848,478,109.12233968440303,105.76239607953664,136.3305936732133,137.89419600244472,61.32233428442434,62.78003235307672,27.44489276543991
person_17.mp4,front,665,11096,59.93154671820066,848,478,114.9039796192867,110.98081671877154,144.93355466055272,144.8923054443451,63.34540628278282,64.07329895457771,24.128762788666045
person_17.mp4,front,666,11113,59.93154671820066,848,478,115.91725065173843,110.26158851008412,152.71355998121516,146.6314927936134,61.69590393702208,63.188737210779436,20.73813325918007
person_17.mp4,front,667,11129,59.93154671820066,848,478,117.7070715854537,114.33261248362534,157.13827985320947,151.58500599619478,64.24631852498776,64.5252686923082,16.091699256453975
person_17.mp4,front,668,11146,59.93154671820066,848,478,118.20077231827838,116.77204783106572,158.91914901402,154.2344296821096,64.43630000267898,64.9883524990262,15.627182827427356
person_17.mp4,front,669,11163,59.93154671820066,848,478,119.69339663807807,123.98506383656488,159.34657048712577,159.80100548560043,63.84013964063193,63.139433458768835,17.539775127349596
person_17.mp4,front,670,11179,59.93154671820066,848,478,122.10615839651432,127.51772597899877,157.8911108879847,161.34111351377157,64.89106035172783,64.32593543860227,19.6313567823649
person_17.mp4,front,671,11196,59.93154671820066,848,478,130.69297571176102,134.60101827286573,163.19358097204292,165.86993382654768,67.10514836749,66.1935595011272,20.09992026676111
person_17.mp4,front,672,11213,59.93154671820066,848,478,132.2731506632145,139.6653609528853,160.9546320945116,167.99087111731788,69.31521827677098,68.54696519656,20.465281678165454
person_17.mp4,front,673,11229,59.93154671820066,848,478,131.61794282600326,139.09590484818182,159.832519729315,165.9677842978269,70.35898568407707,70.1235985828195,20.601569688557635
person_17.mp4,front,674,11246,59.93154671820066,848,478,130.14417518703962,136.7784445201094,163.85721284300567,166.06209788644892,71.83057476443159,71.5958635654885,15.345184631227909
person_17.mp4,front,675,11263,59.93154671820066,848,478,133.59260408123845,140.61332604239553,163.68581740095416,168.14191882331087,73.61562385744354,72.44264278934939,16.17103288555956
person_17.mp4,front,676,11280,59.93154671820066,848,478,137.85849195387556,143.99946115590325,165.37132401005408,171.06222434106718,74.42880734552739,72.80164403660143,17.144452085445607
person_17.mp4,front,677,11296,59.93154671820066,848,478,141.86498452949743,146.13360588441165,167.33306479480862,170.84270788960626,76.64945937898935,74.53879069742152,18.245022332933313
person_17.mp4,front,678,11313,59.93154671820066,848,478,141.9478911431791,146.12246519147612,164.59203194676192,168.5879256517716,80.28961482337344,77.40825616369283,19.221105784447648
person_17.mp4,front,679,11330,59.93154671820066,848,478,146.7635230032682,145.8946135099446,166.75631024718052,167.8867152518143,81.88425832260887,79.1443326908099,19.146122324657604
person_17.mp4,front,680,11346,59.93154671820066,848,478,146.1793648271683,146.38688872225316,165.398712307719,167.61828755176717,82.77468330024799,80.04942110150455,19.517918139625184
person_17.mp4,front,681,11363,59.93154671820066,848,478,143.31221259731507,145.55154258841134,164.16679434301423,167.24123308086365,80.29859499834075,79.5225395863025,19.33897779221658
person_17.mp4,front,682,11380,59.93154671820066,848,478,144.80656038155885,145.9319635009726,165.20438763383498,167.78676514568735,81.03824536559634,80.12832804579315,18.805148058946457
person_17.mp4,front,683,11396,59.93154671820066,848,478,148.19096027544188,148.88503821086115,166.84316706950366,169.35465713610117,82.207833320838,80.5352153207363,19.08983123025475
person_17.mp4,front,684,11413,59.93154671820066,848,478,148.8304101637461,149.1744793652176,167.42336363815824,169.65792108785817,80.84372708792756,79.79670156681773,19.99815558741223
person_17.mp4,front,685,11430,59.93154671820066,848,478,146.80135856190049,147.40672823505255,165.4693750051406,168.08774210083968,80.85989945521327,79.38792822443288,20.37400767231257
person_17.mp4,front,686,11446,59.93154671820066,848,478,146.0060913662961,148.71265320336136,163.65970332289908,169.3230078599941,80.74251852766514,79.40256604421107,20.360744475914107
person_17.mp4,front,687,11463,59.93154671820066,848,478,147.22139333911423,146.6903747340131,164.23737188123349,167.95734333117716,82.03166491913686,78.98948783224323,19.852196683141614
person_17.mp4,front,688,11480,59.93154671820066,848,478,145.58328098550672,145.57068520741038,163.95311559942175,167.1672470195143,81.03127149842197,78.84323415421233,19.90668827925277
person_17.mp4,front,689,11496,59.93154671820066,848,478,146.15336131200033,145.3269428156414,164.00401668827502,166.89366505897897,80.98152740391093,78.21280093401002,20.001456520881867
person_17.mp4,front,690,11513,59.93154671820066,848,478,144.84617204258657,145.3145272348351,163.12817662232837,166.78704674722505,80.27932479843453,78.33894396207728,20.14688988398317
person_17.mp4,front,691,11530,59.93154671820066,848,478,146.00795253729643,146.68851324253248,162.66172548838875,167.85558824265692,81.57734380370923,78.80602725031666,19.871797112065334
person_17.mp4,front,692,11547,59.93154671820066,848,478,146.27049338040013,145.85690814528533,164.46378084816658,167.17217270782842,81.2618243408953,78.82543540241099,19.74354008240509
person_17.mp4,front,693,11563,59.93154671820066,848,478,149.01885698347468,147.48853714833447,165.9307890260112,166.873360166198,82.3574312208085,80.39955780480899,19.859687082742703
person_17.mp4,front,694,11580,59.93154671820066,848,478,148.43331918047548,147.84599498587184,166.0339297887832,167.37351036487215,82.25891415657625,80.79685222707279,19.328541415722587
person_17.mp4,front,695,11597,59.93154671820066,848,478,148.36604839471156,149.1282539914263,165.60856301622348,168.2828267178159,82.47447471250032,81.49654421363206,18.973155985835234
person_17.mp4,front,696,11613,59.93154671820066,848,478,148.05767973900814,148.7237685969209,167.0757034753124,168.14352083750273,81.73064407114205,81.53722248857567,18.670975708617394
person_17.mp4,front,697,11630,59.93154671820066,848,478,150.2652534111097,151.35624931782957,166.40674557809473,169.43672773629967,83.44095486802628,82.59896312085992,18.81292985541739
person_17.mp4,front,698,11647,59.93154671820066,848,478,147.78194114644606,150.29641195647784,166.95706313886703,168.85979453353238,81.46996301265536,82.06616932070735,18.921376621994522
person_17.mp4,front,699,11663,59.93154671820066,848,478,148.81989111610656,150.7680783187527,168.32881162471386,169.28083273005038,82.19447780015777,82.73469700517286,18.109139086900484
person_17.mp4,front,700,11680,59.93154671820066,848,478,148.24202881581633,149.94505038828717,168.05266753644938,168.34106887658808,80.88349069174906,81.77155251155152,19.109614954271994
person_17.mp4,front,701,11697,59.93154671820066,848,478,148.5821810115211,151.35968677448022,169.26975066274696,169.37001220054347,81.17139511648324,83.62424068149345,17.75356828050056
person_17.mp4,front,702,11713,59.93154671820066,848,478,147.41433238567615,150.75094001043234,168.3808152432877,169.0367752987958,80.64668664788856,83.0479825434456,17.957079846191906
person_17.mp4,front,703,11730,59.93154671820066,848,478,144.9300700914955,148.92716978288723,167.7113078567035,168.2261879170012,79.67065259223142,82.19581038936641,18.042866046925543
person_17.mp4,front,704,11747,59.93154671820066,848,478,143.8666429928496,147.9538324142141,166.4055322991814,167.52389043899058,79.26688593150763,81.53536870312617,18.48731259485331
person_17.mp4,front,705,11763,59.93154671820066,848,478,141.88974237845557,146.36107385202263,167.38832957296353,165.58179904345687,76.10684804763396,79.39510652855463,20.042566015807775
person_17.mp4,front,706,11780,59.93154671820066,848,478,140.8474602049534,143.65300189975676,166.45843907306275,165.64622206173456,75.65800779935404,76.72209541874454,20.31829206779976
person_17.mp4,front,707,11797,59.93154671820066,848,478,142.22869855912353,144.00175289571538,165.91237061015298,165.5573282619856,76.77612199369594,77.16150828174499,20.492366226350118
person_17.mp4,front,708,11813,59.93154671820066,848,478,142.11620206390288,143.84879839927706,164.8778600391263,165.15411466558865,77.32804696237454,77.46665452978833,21.075881773537983
person_17.mp4,front,709,11830,59.93154671820066,848,478,141.47268179890318,143.4657930755789,163.65289099368675,164.33193261775406,76.78078006364483,76.94567248688705,21.924419166478977
person_17.mp4,front,710,11847,59.93154671820066,848,478,140.74311595696997,142.92577567409703,163.37799666414315,164.21106123490225,76.42809398047565,76.51947782355597,21.938469607595245
person_17.mp4,front,711,11864,59.93154671820066,848,478,137.04286041076094,139.0014866332821,162.32870370027263,161.49013989187463,73.48016137593112,73.79553205255202,23.198912967246592
person_17.mp4,front,712,11880,59.93154671820066,848,478,135.40560534527424,136.11671433830693,160.52581728613524,160.14223767818115,71.5068294956141,70.74910543372515,24.54339712576769
person_17.mp4,front,713,11897,59.93154671820066,848,478,133.04391921777088,134.24942115914553,159.3807867744474,159.57272977746442,70.32249687664995,68.83588222409404,24.943911449511713
person_17.mp4,front,714,11914,59.93154671820066,848,478,131.9160487265141,133.2597314942152,156.3268000700666,157.57877152447008,69.5130314737139,66.96768638671713,27.43853042797387
person_17.mp4,front,715,11930,59.93154671820066,848,478,126.50356785365203,130.61064231871887,153.60141996659218,157.84471608571832,67.28875877378502,65.18808234612038,26.320054191792202
person_17.mp4,front,716,11947,59.93154671820066,848,478,122.65963106245187,125.39418110610436,150.91785976019474,154.18923903141925,66.25771231519985,64.49826781678287,25.80482076446362
person_17.mp4,front,717,11964,59.93154671820066,848,478,118.77157757119924,120.70856216066053,145.6631110673764,148.7304443255895,65.43822988663082,63.404062278575005,27.805232083848992
person_17.mp4,front,718,11980,59.93154671820066,848,478,116.86454322068289,114.1530037689429,143.32923623214162,142.79317201323076,65.69899361023604,62.85340912827096,27.19059908864649
person_17.mp4,front,719,11997,59.93154671820066,848,478,108.08483351590675,105.06185724005769,133.4584120321759,131.7848577649482,66.0905750380245,62.9428306477707,27.910797957652278
person_17.mp4,front,720,12014,59.93154671820066,848,478,97.66129627099721,98.72063966098749,121.1623777405452,124.32395352316739,65.28269841106179,63.0046020028502,29.446171166094405
person_17.mp4,front,721,12030,59.93154671820066,848,478,92.5290095153751,92.47531696091347,118.85818586129672,119.60045684924913,63.62849383669336,61.75364892353684,29.136043857095107
person_17.mp4,front,722,12047,59.93154671820066,848,478,77.22028597999571,76.22060085374831,104.93996909474984,105.330222025003,59.326906705394784,58.393011784359466,30.063593465573142
person_17.mp4,front,723,12064,59.93154671820066,848,478,71.21339872558661,69.26746779278797,100.22816433204095,99.26018195433141,58.865075745012724,57.69766671415754,29.28707066363609
person_17.mp4,front,724,12080,59.93154671820066,848,478,69.6215206196222,68.5796126283615,97.1746445527304,98.65856753672799,60.475085038065934,59.49712846020123,28.53516005193522
person_17.mp4,front,725,12097,59.93154671820066,848,478,69.99729715339832,68.5266651745973,101.50551370272684,104.01886785709772,60.561094338715534,59.41127556129589,25.006735133861227
person_17.mp4,front,726,12114,59.93154671820066,848,478,63.29409676696132,62.043423953950466,93.387012104423,95.77559178880593,58.804338646907375,57.763015255346836,26.573185346822385
person_17.mp4,front,727,12131,59.93154671820066,848,478,70.2268272315442,69.96648876565165,100.89867146292245,105.25017790333666,62.99842993357933,61.73549364242877,22.545601865022768
person_17.mp4,front,728,12147,59.93154671820066,848,478,71.4374517184682,70.52869725069661,102.89951549742227,107.62628254594662,65.63604730050332,64.12252439092555,18.976158062185746
person_17.mp4,front,729,12164,59.93154671820066,848,478,66.34859222011987,65.9515090985076,97.92842283501301,102.03545399752588,63.953074733083255,62.9125061644052,19.902035547409923
person_17.mp4,front,730,12181,59.93154671820066,848,478,64.18703627964668,65.8230038637509,97.34382823909672,103.83989872735211,64.26642478708446,63.518114631571486,17.704208882978694
person_17.mp4,front,731,12197,59.93154671820066,848,478,63.73296585193274,64.7030306154916,96.80019877770383,102.01616920857533,64.58620485111987,63.933276881430636,18.053774288248942
person_17.mp4,front,732,12214,59.93154671820066,848,478,64.33544504233787,64.73043310936617,93.9748669976039,98.47337601329141,64.45350672155185,63.81892426492118,20.46170318538804
person_17.mp4,front,733,12231,59.93154671820066,848,478,66.73636916972792,66.22320397352901,99.39981727936934,105.45780948327284,65.7120171795135,64.38365111287138,16.441098444824313
person_17.mp4,front,734,12247,59.93154671820066,848,478,64.85171184760902,64.88216415254743,100.27549252670086,105.69571543518343,64.5608309405147,64.61566587114382,15.021463012835813
person_17.mp4,front,735,12264,59.93154671820066,848,478,64.85469512672505,65.01534796512169,99.37631264703724,105.15393210662953,65.11228931619087,64.93366516531853,15.661579892877173
person_17.mp4,front,736,12281,59.93154671820066,848,478,63.40322704385483,64.11837420426835,99.58751833233384,107.18752497836884,64.43501820883085,65.08450386285409,13.529826810514233
person_17.mp4,front,737,12297,59.93154671820066,848,478,59.03296791184576,59.25471132125604,88.1587063098737,98.79235547950428,61.03899382741572,62.48232440886408,20.813479305899392
person_17.mp4,front,738,12314,59.93154671820066,848,478,57.34218809631044,58.29633422194362,84.62233392223213,93.61341674605653,59.451690916146305,61.56556289849616,25.338695358662324
person_17.mp4,front,739,12331,59.93154671820066,848,478,54.11103460181611,55.44473156162117,77.1985974448874,84.95360677506024,57.156348068845645,59.63630335638263,32.32071462857834
person_17.mp4,front,740,12347,59.93154671820066,848,478,55.131122663725456,54.94778701872494,77.87170114457928,83.92509467962078,58.228861931900134,59.80767605311702,31.935714044018816
person_17.mp4,front,741,12364,59.93154671820066,848,478,54.72867247860816,55.47205352347829,75.97997715706502,83.96066673402636,58.989228432335466,60.12083390610916,32.63335477842323
person_17.mp4,front,742,12381,59.93154671820066,848,478,53.087502823787794,54.19142240949411,72.398383464886,79.87202428046089,57.64816450749145,59.25379118840152,36.05395103119865
person_17.mp4,front,743,12397,59.93154671820066,848,478,53.552061117479646,54.29090466042185,73.51926481573834,81.46271723363593,59.07765852945829,60.38779458663014,34.58822060276866
person_17.mp4,front,744,12414,59.93154671820066,848,478,51.61238787983916,52.31971450077034,73.09490664532694,80.68353674120719,57.57886716045349,58.71904200498498,34.90466252396823
person_17.mp4,front,745,12431,59.93154671820066,848,478,51.04491362840098,51.94018076891745,73.40911647874579,80.93261087823647,58.26639843493243,59.72795467884108,33.81478950909164
person_17.mp4,front,746,12448,59.93154671820066,848,478,50.73513750061452,50.59889060827366,73.55217527739771,80.4296279473558,58.791616269344345,59.73829790067653,33.16946158761672
person_17.mp4,front,747,12464,59.93154671820066,848,478,50.157351401521154,49.80200058555049,70.72463903774394,76.43465236095749,58.59893500058146,59.111047590539,36.38306233016354
person_17.mp4,front,748,12481,59.93154671820066,848,478,48.12015450170055,47.235596775477944,63.65938006704154,68.5678456054955,56.919196677443324,57.37952799650039,42.895483166842
person_17.mp4,front,749,12498,59.93154671820066,848,478,46.565373173578806,46.11761631669322,58.90005664472821,64.5406020233543,55.05091115362729,56.98317568908855,47.223189203874576
person_17.mp4,front,750,12514,59.93154671820066,848,478,45.87015069724361,44.90959888059574,58.552015155784545,64.35285027510473,54.505474073025255,56.29660943645665,47.297378451759435
person_17.mp4,front,751,12531,59.93154671820066,848,478,45.53120076806955,44.398556603728224,59.98591632698798,65.21852035551422,55.511327760674924,55.72669329676515,46.68818754766386
person_17.mp4,front,752,12548,59.93154671820066,848,478,43.74128321198249,42.09806192088603,56.757899220262594,61.48098819263516,54.863198746601796,54.03916179919542,49.39902185605937
person_17.mp4,front,753,12564,59.93154671820066,848,478,42.23485121136492,40.94781055154538,52.67473382813365,57.551709534948394,53.43160130789803,52.87250748430527,53.332397905337395
person_17.mp4,front,754,12581,59.93154671820066,848,478,40.99241281031695,38.73180807601028,51.29961473135385,55.8127725140724,53.076324226896794,52.723987389435834,53.81964435097759
person_17.mp4,front,755,12598,59.93154671820066,848,478,38.253642731044955,36.29825384491369,46.65849168179771,50.24789635435941,51.004167161053644,50.60072958334763,57.93036819703324
person_17.mp4,front,756,12614,59.93154671820066,848,478,36.939230899566304,35.77897315710543,44.82357292558664,49.68317347774773,50.582364488497475,50.423416679793036,58.18411439716037
person_17.mp4,front,757,12631,59.93154671820066,848,478,35.40175851513668,34.19136806781299,41.96744771362299,45.33156935625768,49.77912510248796,49.640707804905716,60.523046903863985
person_17.mp4,front,758,12648,59.93154671820066,848,478,34.824114355195505,33.31040055211208,40.32873565749349,43.37079445495884,49.42665244071696,49.29231416510311,61.860859337425104
person_17.mp4,front,759,12664,59.93154671820066,848,478,33.9258969262278,32.708552392320534,39.36311753866634,42.26122053639554,49.16357227506993,49.27434688316427,62.41231006475315
person_17.mp4,front,760,12681,59.93154671820066,848,478,33.92417400979188,32.35187001316903,39.73987439137676,42.67133644241088,49.88459813618863,49.93861948606807,61.529595515076636
person_17.mp4,front,761,12698,59.93154671820066,848,478,33.316700753573336,31.3935337610611,37.88993015794054,40.02896036728269,49.51743535731195,49.58794955863993,63.199669118902186
person_17.mp4,front,762,12715,59.93154671820066,848,478,32.26949403791014,30.489904948029285,36.4928630436248,38.6684619627446,49.03378098487839,49.60843072603683,63.896928487692726
person_17.mp4,front,763,12731,59.93154671820066,848,478,32.10360830471008,30.269763285107928,36.697048072899314,38.34489306934877,48.94386797757137,50.11608721265683,63.59465119908666
person_17.mp4,front,764,12748,59.93154671820066,848,478,30.946541278924997,29.00985926096222,35.72385523444363,37.242026261579305,49.56274494655525,50.25859628863177,63.79583011821365
person_17.mp4,front,765,12765,59.93154671820066,848,478,31.235502334234916,28.972300799272585,35.825340493212536,36.71144029196947,50.06783811661,50.90734366588031,63.8693873294037
person_17.mp4,front,766,12781,59.93154671820066,848,478,30.450480675887313,28.0124751178871,34.88609640371615,35.202682681846795,49.405432586096175,50.602482347015446,64.76898675023335
person_17.mp4,front,767,12798,59.93154671820066,848,478,30.69129762461736,28.114850861706692,35.06280335289133,35.698168176851894,50.593741991238645,51.6604997782453,64.19283877035406
person_17.mp4,front,768,12815,59.93154671820066,848,478,31.17862027522446,28.325884828823437,35.68553339113001,36.376964997352836,51.73348007198873,52.67501182078322,63.29838628518741
person_17.mp4,front,769,12831,59.93154671820066,848,478,28.846491953852762,26.42222788773819,33.262249136151446,33.84323131240014,50.34747521334762,50.73377079262781,64.7398155089322
person_17.mp4,front,770,12848,59.93154671820066,848,478,29.05136346479649,27.11438020789298,33.882838141075084,34.698395513539246,51.553033529354444,51.64909093968117,63.98756482776745
person_17.mp4,front,771,12865,59.93154671820066,848,478,28.25896607694836,26.64038766231258,33.38392528491817,34.041066291493514,51.663213537456365,52.48734839668813,63.88366693720215
person_17.mp4,front,772,12881,59.93154671820066,848,478,28.752668551104094,26.988095847732346,33.78048841172799,34.54142826947254,52.59856328382524,53.529462498454826,63.34432977518168
person_17.mp4,front,773,12898,59.93154671820066,848,478,28.127779331004355,26.349505482143627,33.169016357741505,33.575380967556875,52.5660295555797,53.57015306719469,63.76233273341493
person_17.mp4,front,774,12915,59.93154671820066,848,478,28.055599471196746,26.586026582425195,32.96956381489262,33.244396820909984,52.969882852219065,53.720055431680194,63.77352240234156
person_17.mp4,front,775,12931,59.93154671820066,848,478,27.63122530178407,25.842456799519926,32.6781544700683,33.15667020789592,52.4756261423443,53.01917764342791,63.33556582828345
person_17.mp4,front,776,12948,59.93154671820066,848,478,28.21472154618757,25.747257740873327,33.63127198393206,33.239896611216636,51.66944857758858,53.94516651667835,62.92177335377317
person_17.mp4,front,777,12965,59.93154671820066,848,478,27.844830025771934,26.28106899066372,32.43996959024077,32.16443890959612,52.11860724113011,53.32929110953105,63.31850929508137
person_17.mp4,front,778,12981,59.93154671820066,848,478,27.43400050385098,25.745004700203715,32.314286427252334,32.124582674561644,50.63089967270141,53.35595749711549,63.38513582000884
person_17.mp4,front,779,12998,59.93154671820066,848,478,26.772953412159946,25.157435716917753,31.622539107168326,31.48117455943685,51.66313045367609,53.731455478327035,63.89099499063857
person_17.mp4,front,780,13015,59.93154671820066,848,478,25.78977364300174,24.350529832898708,30.381795483261772,30.607353736737995,51.09484827942843,52.44685357618568,64.43677033678507
person_17.mp4,front,781,13032,59.93154671820066,848,478,26.61376236003156,24.910074097041118,29.860403644187997,30.13268374194766,51.270884848454244,52.47106618807247,64.43196314765918
person_17.mp4,front,782,13048,59.93154671820066,848,478,28.324591406974935,25.921570434927343,29.820432861883855,30.005897072780925,52.39593884684894,54.38915221833296,64.45460512838714
person_17.mp4,front,783,13065,59.93154671820066,848,478,27.874500460701842,25.465727513351258,29.885259950654536,30.023790532358746,52.53729883301746,54.686961304646914,64.43839252541461
person_17.mp4,front,784,13082,59.93154671820066,848,478,27.099360037458254,24.643267932593023,29.89494470743308,30.897841799208916,52.029949810330216,54.02832828898216,63.84937676725241
person_17.mp4,front,785,13098,59.93154671820066,848,478,27.316993240667998,24.545800920098156,30.7132263467539,31.913446060301293,52.26041793416259,54.18045317732774,62.765756746978994
person_17.mp4,front,786,13115,59.93154671820066,848,478,27.634021575718887,24.545824701089828,30.07869739990845,31.399859978689616,51.61843475377371,53.75326838915586,62.957302915609475
person_17.mp4,front,787,13132,59.93154671820066,848,478,26.884548684305855,24.36190051525588,30.38340995243171,31.059797333462814,51.36556332078147,54.32960088911832,62.67946723005092
person_17.mp4,front,788,13148,59.93154671820066,848,478,27.037292716129535,24.733552803079,30.80027561219009,31.680579071965624,51.8646494682581,54.724184708500125,62.042858735188915
person_17.mp4,front,789,13165,59.93154671820066,848,478,28.26644294328026,25.452661940288998,31.703969075459774,32.32889151176517,54.47287818898798,58.2598355819708,61.478539888055614
person_17.mp4,front,790,13182,59.93154671820066,848,478,28.063623790104018,25.30093931246854,31.312216744749627,31.553425858024955,53.481154413790094,57.450428533159794,62.01429322141106
person_17.mp4,front,791,13198,59.93154671820066,848,478,27.67856150150661,25.401517674684754,29.402426018272877,30.0677636755034,50.64149850573285,53.14993109279821,63.288126042976586
person_17.mp4,front,792,13215,59.93154671820066,848,478,29.76030861682073,28.87974568302316,33.19541766863992,33.404445164217336,57.37746770908616,61.7164530887943,59.73691438247296
person_17.mp4,front,793,13232,59.93154671820066,848,478,30.463036033657172,29.340069113058746,34.04118338945528,34.23550813436514,58.78408590095845,64.63518721587207,58.942818290935755
person_17.mp4,front,794,13248,59.93154671820066,848,478,31.352510267971844,30.089729496869587,35.59826418549448,35.86350907800115,59.362911143404844,69.04739634899177,57.34057645668364
person_17.mp4,front,795,13265,59.93154671820066,848,478,29.77243095508222,29.08702532473802,33.503269943257,33.754297406323715,57.03409861238969,68.67804602051818,59.4050807473586
person_17.mp4,front,796,13282,59.93154671820066,848,478,29.979015039805116,28.171021825806868,33.17534364339551,33.56350179925282,55.68504362285473,61.05587053647519,59.505469905865354
person_17.mp4,front,797,13299,59.93154671820066,848,478,31.12339869657488,29.039500655354217,35.267895523380176,35.1005994120054,58.75658324891968,64.91219130412811,57.73650097456932
person_17.mp4,front,798,13315,59.93154671820066,848,478,30.92450646358487,28.637205202336222,33.848416722586165,33.75189517833798,57.02995580682473,62.32674504610654,59.077968075864035
person_17.mp4,front,799,13332,59.93154671820066,848,478,30.093068246770063,27.718731991896654,33.29322650705237,33.106064857344805,55.874227368225434,61.0034828708461,59.71423308390266
person_17.mp4,front,800,13349,59.93154671820066,848,478,29.517771215402302,27.09903391659106,31.656823284863783,30.97676288215097,53.97410976291198,59.29908090113821,61.566893479547986
person_17.mp4,front,801,13365,59.93154671820066,848,478,29.627844811754944,27.254351213395168,31.1478039866922,30.41946710682274,53.197951386530484,58.349659159689004,62.11019133726225
person_17.mp4,front,802,13382,59.93154671820066,848,478,29.538894057697696,27.129639579582197,31.105508973971492,30.477361371556988,52.93157100951489,58.09880515941185,62.18570129225524
person_17.mp4,front,803,13399,59.93154671820066,848,478,29.453971073407445,27.455620998186888,30.0220681791673,29.23514920634674,52.01510643756888,56.860658265784274,63.58906351266493
person_17.mp4,front,804,13415,59.93154671820066,848,478,29.282048911209817,27.457797081661493,31.650204870536374,30.845268277123573,53.36812126329245,58.13208064550874,62.429548824500806
person_17.mp4,front,805,13432,59.93154671820066,848,478,29.93468487800671,28.27103930546897,31.367293907121958,30.089755132637137,53.40557548387773,58.10972164066885,63.72821344243586
person_17.mp4,front,806,13449,59.93154671820066,848,478,30.12522799887537,28.04743948933929,33.145367788790864,32.61869052937346,54.153439952960845,59.05862648869896,62.91198947762233
person_17.mp4,front,807,13465,59.93154671820066,848,478,31.22239947311221,29.118852131508866,34.952656406157935,34.34829618417212,54.98571708242534,59.8015812089451,62.60285708476228
person_17.mp4,front,808,13482,59.93154671820066,848,478,32.237330540646134,30.046177113123342,36.2623724465697,36.219972329479255,53.301403091103616,57.69900855742187,62.02879722783011
person_17.mp4,front,809,13499,59.93154671820066,848,478,33.78820325028834,31.476678347551005,37.57113722969563,37.60751099718889,53.212368543182755,57.7141963264105,62.0298473010138
person_17.mp4,front,810,13515,59.93154671820066,848,478,33.13992093089968,30.96194485275104,35.19858479202295,35.32077416314986,51.95328663775064,57.99170170771601,64.44863869953011
person_17.mp4,front,811,13532,59.93154671820066,848,478,34.192959898519696,31.294785283924053,36.46699192539442,36.93446299626424,51.15961117237743,55.358545021146604,64.08212709925687
person_17.mp4,front,812,13549,59.93154671820066,848,478,35.33712842661106,33.15484895637071,38.1818931564286,38.868989466159974,50.10722638402668,53.86085569613089,63.4209796645236
person_17.mp4,front,813,13565,59.93154671820066,848,478,36.41568715182389,33.9835132246342,38.59166349138722,39.882961511719195,50.38334264469084,53.16637849761392,63.61434587286089
person_17.mp4,front,814,13582,59.93154671820066,848,478,36.788543505580165,34.06344236758055,38.39380680510684,39.7123422393782,50.27914002680731,52.05010934102732,64.5020344276782
person_17.mp4,front,815,13599,59.93154671820066,848,478,37.55911369749433,35.926152674969885,39.49472911375308,41.60563679748956,51.16393538845403,52.673829736469735,64.01672409559728
person_17.mp4,front,816,13616,59.93154671820066,848,478,38.16423317730401,37.28773634903107,40.70462971527817,44.22682134625811,51.6112748843541,52.48513416826274,63.198356107852916
person_17.mp4,front,817,13632,59.93154671820066,848,478,38.32332836935365,38.551813657200555,42.51224009417292,45.779838379309,51.3690799603108,52.49391970569224,62.33271634064222
person_17.mp4,front,818,13649,59.93154671820066,848,478,41.844903463221804,42.588730928886825,47.41349667410899,52.8380398068269,53.70546259579743,55.10738969443368,58.728120906481436
person_17.mp4,front,819,13666,59.93154671820066,848,478,43.30967843135469,43.22646555094691,49.32181382914442,54.75990066130435,54.811045945901625,54.75480729740339,57.153359993097645
person_17.mp4,front,820,13682,59.93154671820066,848,478,46.392370874672906,46.364937157534364,54.430105713638845,61.439966840736695,56.4632629816162,56.55632542321806,52.868787630498396
person_17.mp4,front,821,13699,59.93154671820066,848,478,46.07461313982729,45.78177081734927,54.840212218527384,61.180844415322916,55.70593022937521,55.40467194537227,52.55652335970311
person_17.mp4,front,822,13716,59.93154671820066,848,478,48.20365267507054,47.95657350331934,60.032895630613666,67.0731164417897,55.971743322130024,56.150784905359146,48.55275603385587
person_17.mp4,front,823,13732,59.93154671820066,848,478,50.37042780997594,50.66147133423445,66.0992575725106,73.66536893931209,57.302078846988294,58.010137842009094,43.420404753167816
person_17.mp4,front,824,13749,59.93154671820066,848,478,50.55504690167485,49.72447588412968,66.08674692759894,74.30764835158183,57.05130822316114,57.20560120094894,43.01684417735388
person_17.mp4,front,825,13766,59.93154671820066,848,478,52.03274337838364,51.391702452585314,70.09522600674337,78.20600403419172,57.520205338942304,57.99020846153757,39.74176948709329
person_17.mp4,front,826,13782,59.93154671820066,848,478,56.46090469497751,56.106910713021755,78.26199966952952,87.43591454335446,60.10437638125841,60.799233488998595,33.76635953387185
person_17.mp4,front,827,13799,59.93154671820066,848,478,61.2906147748055,59.79762913076528,92.85794603027911,102.03998555648218,62.821889970990306,62.76059845258302,21.434329790303774
person_17.mp4,front,828,13816,59.93154671820066,848,478,64.65710220769932,60.06582726861132,96.63758636443336,103.05005839218316,63.4588329904451,63.3759942952584,19.655216273330446
person_17.mp4,front,829,13832,59.93154671820066,848,478,66.61181821065563,61.95792506728843,105.674429827696,111.41842292327622,63.92318409126695,64.13918335542851,12.656249308424835
person_17.mp4,front,830,13849,59.93154671820066,848,478,75.9354253498398,67.48578709879642,117.0466655071459,118.99289596563986,63.459177864926005,63.83276861584531,11.289691396535396
person_17.mp4,front,831,13866,59.93154671820066,848,478,76.26629552309684,69.70973930701898,114.22911987079716,118.44634149754536,61.46527791688409,61.77022078632073,14.379584692226192
person_17.mp4,front,832,13883,59.93154671820066,848,478,82.36614920979797,78.72236945175744,125.15207978281026,131.6973944508122,61.75429641131458,63.35160485630263,10.782778011411834
person_17.mp4,front,833,13899,59.93154671820066,848,478,84.98276780326538,77.19159828347753,127.78930240252042,128.23026100450892,60.263362914368024,62.21266271304755,12.250860186571469
person_17.mp4,front,834,13916,59.93154671820066,848,478,95.43915100764742,81.83499540768389,142.52632840842423,136.73511652687907,61.66559431916361,63.948466811220314,6.368559370536563
person_17.mp4,front,835,13933,59.93154671820066,848,478,103.62840812760355,90.38881907358649,148.34833221714246,140.73338936794906,61.36044454407365,63.86789379458056,10.088944331402919
person_17.mp4,front,836,13949,59.93154671820066,848,478,103.4898687950564,95.18745762471978,141.68762014034775,138.4145042553675,61.516528119005926,63.20234727343407,15.88838680748234
person_17.mp4,front,837,13966,59.93154671820066,848,478,115.7993896269155,105.72229292145144,150.9702338219391,145.5551980167788,63.87312949565777,64.58728667589355,17.25551816134253
person_17.mp4,front,838,13983,59.93154671820066,848,478,120.42145839438903,110.01943827425987,157.67265589583465,150.33859357558072,64.14598231507621,65.09741434224613,15.38686466450964
person_17.mp4,front,839,13999,59.93154671820066,848,478,121.39840550225814,113.17849835959119,160.0535183912304,153.1117403114004,63.798752683396295,64.21626581840893,14.917259347032177
person_17.mp4,front,840,14016,59.93154671820066,848,478,124.33843236262874,114.67503521424545,163.31981475337827,155.0332947182326,66.26041677406464,65.48094676230414,12.833602842403476
person_17.mp4,front,841,14033,59.93154671820066,848,478,125.84255279883013,117.49080850506412,166.12294453139612,157.10080944400025,67.43079849065205,67.09629631870403,11.022209928842049
person_17.mp4,front,842,14049,59.93154671820066,848,478,125.43150102367191,117.5985489515742,169.6672563080776,159.06378182724833,67.57226161965173,66.89613128659626,7.839038895901964
person_17.mp4,front,843,14066,59.93154671820066,848,478,128.91157875309014,123.35737738467719,172.06369860024148,162.2531532784844,68.94938651173273,68.1992892191749,8.195111430372254
person_17.mp4,front,844,14083,59.93154671820066,848,478,126.90564893819423,124.93813492121417,171.1134246455606,163.68781166928883,67.6057130864832,66.87428445777866,8.616731886368816
person_17.mp4,front,845,14099,59.93154671820066,848,478,128.53074698593525,129.13572201980844,173.6561873410315,167.55437567680505,68.59770650636383,67.51200545231625,6.59440400188212
person_17.mp4,front,846,14116,59.93154671820066,848,478,131.2565908418699,131.164420606352,170.66469939917687,167.33751655413406,68.76234710612,67.83101384722887,10.03916626441515
person_17.mp4,front,847,14133,59.93154671820066,848,478,135.46221049914334,135.1645172965602,170.16822029570042,167.2802106008035,71.1901874000819,70.34481834042806,12.421502626070131
person_17.mp4,front,848,14149,59.93154671820066,848,478,136.78706895493855,135.6760138087856,169.74657912196284,165.47950856393973,71.80587280356846,70.58890423088336,14.504899640680994
person_17.mp4,front,849,14166,59.93154671820066,848,478,137.93897493487808,136.65886299148227,169.45859523741655,162.46269958480187,72.89438532579645,72.0092056053044,16.42804945636795
person_17.mp4,front,850,14183,59.93154671820066,848,478,140.31960241153337,138.5181429013915,170.68649662997748,163.59495760799672,73.8729957236943,73.03214491580478,16.625423150572143
person_17.mp4,front,851,14200,59.93154671820066,848,478,140.66763215957693,141.61253134506973,169.68763301653738,164.7037989342727,74.08862806067549,73.32055594208609,18.588299930442407
person_17.mp4,front,852,14216,59.93154671820066,848,478,143.9663804163914,146.34673588435987,170.89991303950765,167.0427037501871,77.97773797110275,77.05668287740433,17.570178251923092
person_17.mp4,front,853,14233,59.93154671820066,848,478,139.53255694933134,146.75312917712077,166.8277453662478,168.15521491765512,78.45598915676541,76.87340299427919,17.47285156406323
person_17.mp4,front,854,14250,59.93154671820066,848,478,139.79230032876552,146.9226498443702,163.9013099402162,167.4177107776065,79.60204101011789,76.9779418381328,19.48928310096139
person_17.mp4,front,855,14266,59.93154671820066,848,478,145.1787160301648,145.1807389365377,165.2120877112862,164.815485207261,81.5862474913902,77.32805877267923,20.674158163073123
person_17.mp4,front,856,14283,59.93154671820066,848,478,142.67565385200461,143.50617375213463,162.90481932404847,162.76409769706024,80.01588219555035,76.85072162761325,21.40770197459576
person_17.mp4,front,857,14300,59.93154671820066,848,478,144.121846560116,142.7529425040459,164.29980365399902,161.02462481431417,79.04327396739212,76.599642564599,22.353446968916117
