video,view,frame,timestamp_ms,fps,frame_width,frame_height,left_knee_angle_deg,right_knee_angle_deg,left_hip_angle_deg,right_hip_angle_deg,left_ankle_angle_deg,right_ankle_angle_deg,trunk_angle_deg
person_8.mp4,front,0,0,59.92470636893879,848,478,137.32298614511993,138.32636021351834,173.57000183798638,169.90412036613367,73.70873158433083,74.16835450338891,10.188483127847174
person_8.mp4,front,1,17,59.92470636893879,848,478,141.31497029612126,141.75372248582934,175.89373599117383,174.82769474900263,75.62182780250993,76.26944014256131,5.141871438694402
person_8.mp4,front,2,33,59.92470636893879,848,478,142.4996747890187,142.29579527479015,175.80274811698627,174.5360437553442,76.29451675308854,76.58484331594686,5.51749755670715
person_8.mp4,front,3,50,59.92470636893879,848,478,142.61597629845585,142.43033359832762,175.9720957549462,174.100531931963,76.68287242780048,77.13886158438063,6.040316175584287
person_8.mp4,front,4,67,59.92470636893879,848,478,142.9355292721839,143.1628781142711,176.0630839133738,173.9537730353756,76.68680948145834,77.87591733618807,7.111936726136218
person_8.mp4,front,5,83,59.92470636893879,848,478,144.21113898666258,143.62723191266602,175.77965414172576,173.62456153166647,77.86980841655603,78.68681525474376,8.131950403268222
person_8.mp4,front,6,100,59.92470636893879,848,478,146.69249953436312,145.7756181150796,175.25157385764268,173.670651725566,78.93279767200478,79.46128679246432,10.026548047618782
person_8.mp4,front,7,117,59.92470636893879,848,478,146.58190474574903,145.55552435886776,175.89751160336274,173.69928089256555,78.74459252514151,79.55172779079071,9.146778607245418
person_8.mp4,front,8,134,59.92470636893879,848,478,146.4935529294148,145.05323705141726,175.92718758170432,173.89563292025187,78.7406917063032,79.14881207219226,8.851524287327072
person_8.mp4,front,9,150,59.92470636893879,848,478,147.54367756630478,145.95336899020782,175.95022389594388,174.08890629777892,78.99461135277562,79.50227778435902,9.246260004908265
person_8.mp4,front,10,167,59.92470636893879,848,478,148.02520196339876,146.6840110705276,175.93431922423596,174.14736888137443,79.95460096713585,80.75326610676959,9.100195120263136
person_8.mp4,front,11,184,59.92470636893879,848,478,148.08991413347366,146.19094660059798,175.9430530221526,173.85135741501904,79.85551821757531,80.45808138328233,9.161822216919118
person_8.mp4,front,12,200,59.92470636893879,848,478,147.7818591343226,146.17342164865718,175.94418848276743,174.18163222459953,79.66705550434848,80.3795244956894,8.820277593486322
person_8.mp4,front,13,217,59.92470636893879,848,478,148.0960653679515,145.61889521961112,176.04070156716728,173.35535659181045,80.29538936970248,81.18485503974851,8.34195364901749
person_8.mp4,front,14,234,59.92470636893879,848,478,147.8877863245138,145.58103728126147,176.0034801161204,173.23948214953577,80.03099616512448,81.07806223187984,8.630201811680992
person_8.mp4,front,15,250,59.92470636893879,848,478,147.51113567648684,145.15176782762836,175.9339736445221,172.8518929116204,79.84448601188377,80.55698547489756,9.131583731907703
person_8.mp4,front,16,267,59.92470636893879,848,478,147.2576456812042,144.95775984772928,176.04329635751935,173.60205302305621,79.33397510219719,79.75156277787123,8.668271747526171
person_8.mp4,front,17,284,59.92470636893879,848,478,146.42228944215296,144.63538995068302,175.9176448319446,173.3729556671075,78.92786953928928,79.54050370243684,8.743914215639787
person_8.mp4,front,18,300,59.92470636893879,848,478,146.2420131551046,143.53142141105306,175.65330580614545,170.90858708859753,79.27248824303254,79.96765634381792,9.571893567148786
person_8.mp4,front,19,317,59.92470636893879,848,478,146.449126368216,143.39040749478224,175.70762899703527,170.92958317866785,79.41786013088088,79.89046594970608,9.554301696504988
person_8.mp4,front,20,334,59.92470636893879,848,478,146.6867809715845,143.57111321850454,175.787902538826,170.754837061184,79.7594903316597,80.39545664730217,9.51869415347577
person_8.mp4,front,21,350,59.92470636893879,848,478,147.17944348490607,144.9930429192517,175.52764257138418,171.0997080551538,79.94313756109082,81.13299109801265,10.15694244818681
person_8.mp4,front,22,367,59.92470636893879,848,478,146.9291686289159,144.40820744748862,175.8992840402426,170.87110975650424,79.95736903507779,81.02698487252208,9.668468641769916
person_8.mp4,front,23,384,59.92470636893879,848,478,147.78718392225025,145.04215319663126,176.2685492839422,172.8610191031481,80.54294682285912,81.39146644824078,7.676641625231251
person_8.mp4,front,24,401,59.92470636893879,848,478,147.6393102566374,144.85556531983542,176.2713103551982,172.90430195139555,80.35773893650425,81.026306160359,7.674175756669795
person_8.mp4,front,25,417,59.92470636893879,848,478,147.03907839639265,144.46164378354587,176.26702627871688,173.09538168178048,80.03810229319133,80.78504713620774,7.315621593830102
person_8.mp4,front,26,434,59.92470636893879,848,478,147.08554212927197,144.76951263633043,176.30812336390358,173.08312555825216,80.15925772763958,80.79754214869688,7.732450605154984
person_8.mp4,front,27,451,59.92470636893879,848,478,147.41988278134457,145.2007437548193,176.33382785181368,170.787271148762,80.79129647801489,81.80375293905354,9.104690701940335
person_8.mp4,front,28,467,59.92470636893879,848,478,151.08663242288725,145.9992841877857,176.3558549173275,169.24895518971732,82.58673256774401,82.57957353903602,10.679753928085557
person_8.mp4,front,29,484,59.92470636893879,848,478,150.55625844646758,145.729280916596,176.37778294665662,169.51786442132746,82.67269130949319,82.61527609469101,10.16598213521812
person_8.mp4,front,30,501,59.92470636893879,848,478,150.71572529413973,145.654663800476,176.0306013251875,168.0164723570546,83.10918618885684,82.64421552025527,11.817640268796001
person_8.mp4,front,31,517,59.92470636893879,848,478,149.7230659402014,145.2149394561712,176.12258249309346,168.43555461957249,82.71837378145469,82.32008118362602,11.076782441228561
person_8.mp4,front,32,534,59.92470636893879,848,478,150.4226227968585,145.65253907862538,176.09205668211297,167.83866157125664,82.98838647725552,82.69146758827884,11.578759921066709
person_8.mp4,front,33,551,59.92470636893879,848,478,150.14329851432228,145.49160828423683,176.1418359017531,167.90276947252693,82.77576320859777,82.45069747833116,11.503050264092865
person_8.mp4,front,34,567,59.92470636893879,848,478,150.53800895050267,145.96326084346038,175.57569138718887,166.564324795142,83.1221132073775,83.07206801138594,12.905589344773583
person_8.mp4,front,35,584,59.92470636893879,848,478,149.38356983404466,144.74506098894372,176.34331461602412,170.8726806222418,81.84358680265048,81.36314232014918,8.991096052313763
person_8.mp4,front,36,601,59.92470636893879,848,478,149.52366821967874,145.31117267974494,176.22534519928504,171.77438196336036,82.10982146460552,81.74121686417868,8.296559891249357
person_8.mp4,front,37,617,59.92470636893879,848,478,146.85090056216862,142.32700713547783,175.40980551223944,174.14675543546278,78.92957490265437,77.4215163002774,6.0796745485524015
person_8.mp4,front,38,634,59.92470636893879,848,478,148.10222491155642,143.66226185424654,175.1353994546425,172.85663889871412,79.90152022218896,78.89171076898054,7.243499469945389
person_8.mp4,front,39,651,59.92470636893879,848,478,147.9680650062931,143.90251704555604,174.93472351489694,174.32832678572981,79.51138487070662,78.74464996515809,6.139920134616651
person_8.mp4,front,40,668,59.92470636893879,848,478,147.4014510342893,143.64660475079796,175.06909420015393,174.25073091774706,79.40463301438682,78.41292142023838,5.997095665513678
person_8.mp4,front,41,684,59.92470636893879,848,478,146.9640211859971,143.59408263777848,174.85094110407937,174.47549459508875,79.37070072045002,78.35133812716032,5.499356956790675
person_8.mp4,front,42,701,59.92470636893879,848,478,146.4345259294751,143.55016324370865,175.40053143699717,174.27954685150567,79.42380205901073,78.48965767513653,5.919422339495573
person_8.mp4,front,43,718,59.92470636893879,848,478,146.46810304670205,143.86291878472542,175.91356752479686,171.6846792125123,80.77633104290153,81.04233316514409,6.8736549639128395
person_8.mp4,front,44,734,59.92470636893879,848,478,142.7196049257186,139.63593469125212,175.89761549968046,172.53603501565607,77.0546852826123,76.11036655674518,6.205396355725122
person_8.mp4,front,45,751,59.92470636893879,848,478,148.59545927686267,142.31974101423137,174.1532520600641,173.19557895378392,79.76442296828708,78.68885644575057,6.401803636581392
person_8.mp4,front,46,768,59.92470636893879,848,478,148.50684734500794,142.0925415868635,174.48825727452575,174.07957298637322,79.81126858143018,77.69122899798465,6.16738319431989
person_8.mp4,front,47,784,59.92470636893879,848,478,148.34810403296203,143.5141036426813,174.6066501991844,174.6039820660145,79.91813151687485,78.47418670234572,6.1605591825341195
person_8.mp4,front,48,801,59.92470636893879,848,478,146.91617128511712,143.41325910443803,175.05700965826185,174.70400810157346,79.30375821376502,78.51910274711787,5.90050036428889
person_8.mp4,front,49,818,59.92470636893879,848,478,146.5461108269083,143.00840112592465,176.2191758186429,174.55378323596221,79.14266659108259,77.75342426000078,7.892621451914845
person_8.mp4,front,50,834,59.92470636893879,848,478,146.61684379586418,144.16422029134293,176.216492674381,174.5053918598661,79.19383127528116,78.52249890928313,8.344060213094489
person_8.mp4,front,51,851,59.92470636893879,848,478,146.59283986250514,144.10292981325733,176.2217921212982,174.27164376504274,79.27014715375715,78.52700582613399,8.583898365891335
person_8.mp4,front,52,868,59.92470636893879,848,478,145.96640768748173,144.28345074476525,176.23566491794796,174.14390884851397,78.77347276756984,78.67253257462428,8.740617066894794
person_8.mp4,front,53,884,59.92470636893879,848,478,146.85967806324584,145.3899915454918,176.24713452161114,174.19791303936398,79.79382264530508,80.53687150944121,8.35102879827017
person_8.mp4,front,54,901,59.92470636893879,848,478,147.0491231501764,145.5934601772145,176.063922554862,174.5091272284772,79.90747839987002,80.46541404136984,7.829910845294687
person_8.mp4,front,55,918,59.92470636893879,848,478,147.4701803869575,145.70860593951411,176.04875074050562,174.5006169480569,80.18381166774455,80.40301127242668,7.966499711082897
person_8.mp4,front,56,935,59.92470636893879,848,478,148.84439263937784,147.7595034320387,175.84548625864213,174.26798700980464,82.05951583402256,83.52534845896609,7.6285857810260485
person_8.mp4,front,57,951,59.92470636893879,848,478,149.211560200706,148.23439738242598,175.69347995564704,174.90164096135913,82.12106416915708,83.56511309400976,7.561717912898789
person_8.mp4,front,58,968,59.92470636893879,848,478,152.03675367818272,150.19270271607508,175.6835911789392,174.61233470769153,83.50951347685937,85.0258280678594,9.197284709292111
person_8.mp4,front,59,985,59.92470636893879,848,478,154.02653493616228,150.93882180771513,175.33536521980636,174.66192583496945,83.74776349955646,85.31507906468651,9.985653219937786
person_8.mp4,front,60,1001,59.92470636893879,848,478,155.5059994825541,152.1391466217381,174.19245948870233,176.0256464448042,84.45584397223797,85.42844754358325,8.077044975320332
person_8.mp4,front,61,1018,59.92470636893879,848,478,156.97019929948215,152.2343354343258,172.65970748839763,176.12957632614595,84.94078410285884,85.62939698961196,7.102192045820457
person_8.mp4,front,62,1035,59.92470636893879,848,478,154.7378642562629,151.4029915351694,172.57241767472584,176.17005922974914,82.81857403824164,84.63262640279619,6.992246029143346
person_8.mp4,front,63,1051,59.92470636893879,848,478,155.1557030702667,151.77482690751546,173.76586574589976,175.83717619071953,83.15788204525342,85.17470995601754,8.63352271288611
person_8.mp4,front,64,1068,59.92470636893879,848,478,152.9277574268293,150.7186356695955,174.91698440166536,175.58332936399646,81.56435087141303,83.68053496504183,8.413082103933819
person_8.mp4,front,65,1085,59.92470636893879,848,478,152.94323207502634,149.24228832239223,173.47004358063774,175.3289521039889,81.86014542663479,82.90678460733992,7.019146553690421
person_8.mp4,front,66,1101,59.92470636893879,848,478,153.88385881745864,149.71309672448052,173.90832237649968,174.367908443075,82.45421793072765,83.51536531878193,8.04943338614527
person_8.mp4,front,67,1118,59.92470636893879,848,478,152.8668515947441,148.97961760307584,175.06937638742676,173.87794744213264,82.05500435069594,83.53415544664972,8.716987151331022
person_8.mp4,front,68,1135,59.92470636893879,848,478,152.79608268857723,149.09825364639235,175.0342735905493,174.41591866972234,81.92855498850969,83.81705810663293,8.324222927046675
person_8.mp4,front,69,1151,59.92470636893879,848,478,152.95876586382533,149.10133534040523,175.5420956205876,173.5378266870709,82.41267317587005,83.73462586402417,9.449805183531828
person_8.mp4,front,70,1168,59.92470636893879,848,478,150.96386787131533,146.25663431266582,175.79951948284756,173.5437528067119,81.02778649349335,80.28156601863853,9.858034408182206
person_8.mp4,front,71,1185,59.92470636893879,848,478,151.53236856045643,147.03720602086824,174.77665267996616,170.3580991805017,81.95818370594907,81.51065194451822,13.326704049327668
person_8.mp4,front,72,1202,59.92470636893879,848,478,151.36062941706274,146.8447311519429,174.3832672291319,169.49098390058268,82.09721481512246,81.43785871528333,14.049552898832909
person_8.mp4,front,73,1218,59.92470636893879,848,478,151.41864733902494,146.64371695359776,174.86905679833586,169.6543846615092,82.0386046769373,81.83310364617186,13.219091477515764
person_8.mp4,front,74,1235,59.92470636893879,848,478,150.42358873423598,145.4751482402899,175.50997613728998,171.7907739452837,81.19267725833662,80.2524397368215,11.087077050423346
person_8.mp4,front,75,1252,59.92470636893879,848,478,150.08999850153842,145.64040287823977,172.5233010037129,167.086917893648,81.2138967146286,80.88291538218226,16.297168336337254
person_8.mp4,front,76,1268,59.92470636893879,848,478,151.41971534760555,147.21449114415853,171.08090887150834,164.88112772804013,82.93089665570918,83.64932972957604,18.186503196841628
person_8.mp4,front,77,1285,59.92470636893879,848,478,150.02369490026138,147.17268039814238,171.87748160484517,165.72238762517608,81.81290113224333,83.62471574213808,17.560209516362953
person_8.mp4,front,78,1302,59.92470636893879,848,478,151.1400914401424,147.87750313544402,171.79090935509618,164.2328640969315,81.89243580363822,84.74346098359472,18.684917213338412
person_8.mp4,front,79,1318,59.92470636893879,848,478,151.11758874270424,147.36456099630462,172.48416316699155,164.65043741816373,82.1347228619037,84.9755109968167,17.55874618001965
person_8.mp4,front,80,1335,59.92470636893879,848,478,151.48301981858904,146.92700407802218,172.50291235822735,165.00770900782305,82.48497764072232,84.70515465878849,17.316627877885324
person_8.mp4,front,81,1352,59.92470636893879,848,478,147.5941469096656,145.53750216460045,169.753293857513,165.20833076537613,81.24477367326902,83.55483448704753,17.671243005393166
person_8.mp4,front,82,1368,59.92470636893879,848,478,147.57975957760488,145.1516445723886,168.89142983162296,162.0945167082618,82.91745751573333,84.89380814283733,18.47304382701709
person_8.mp4,front,83,1385,59.92470636893879,848,478,146.2479556514814,144.46417609446945,166.55521327965994,161.5612017051181,84.85624794006343,85.77125877817137,18.030150870064503
person_8.mp4,front,84,1402,59.92470636893879,848,478,145.31871753088268,145.12672801469614,166.82734670496524,162.39197058319817,86.69056944162595,87.65743110166166,15.480673160212818
person_8.mp4,front,85,1418,59.92470636893879,848,478,147.12877991188645,146.2754333331274,166.87742615266936,162.34492550151245,88.19504331346053,89.1271456168225,15.588072446612415
person_8.mp4,front,86,1435,59.92470636893879,848,478,147.45472973604495,147.4426166089594,165.76364214092217,165.36235182506476,89.5075298446031,89.80389948945476,14.141483717014385
person_8.mp4,front,87,1452,59.92470636893879,848,478,143.85017784496637,148.45182557543026,163.3329431669949,166.63718617976943,90.45191480424945,91.1421487353517,12.85361320832288
person_8.mp4,front,88,1469,59.92470636893879,848,478,142.87481539752022,147.17779450252715,163.63591712771216,165.80618353532046,88.96941946198169,89.90063830035096,13.065691091791308
person_8.mp4,front,89,1485,59.92470636893879,848,478,139.4013297179543,145.9252427535808,161.4208336884596,165.02362827289593,88.36529489962554,89.36384900547247,13.366354185525061
person_8.mp4,front,90,1502,59.92470636893879,848,478,139.09500405480202,146.84098236947443,159.7758633532908,166.75447241918036,90.42330669314813,90.62640814319705,12.544041089557807
person_8.mp4,front,91,1519,59.92470636893879,848,478,139.990110111087,149.20796260439974,163.69226792402628,171.74393534060263,92.80868468453411,93.6282670740101,6.257594884687409
person_8.mp4,front,92,1535,59.92470636893879,848,478,140.94588969642052,150.43296224304623,166.22098177041127,172.70606403455102,93.85889074374792,95.36853198247547,3.640736018501048
person_8.mp4,front,93,1552,59.92470636893879,848,478,139.25661408037482,150.0060545514655,162.5774662327199,170.7743230346452,95.48845249272516,96.85998111213726,4.891816711946978
person_8.mp4,front,94,1569,59.92470636893879,848,478,124.62301870642573,136.2226327597274,155.25797172011022,160.7765145338266,88.87558445290345,90.26076118633884,6.141767262593898
person_8.mp4,front,95,1585,59.92470636893879,848,478,124.3621184333365,132.6948135234241,152.52247412928534,158.2545696283453,88.99803817420448,88.99843488625653,7.050764061094293
person_8.mp4,front,96,1602,59.92470636893879,848,478,122.01792833121486,130.6186407841628,150.63430773755988,155.57583870492593,89.56769073453121,89.64563320453946,6.2990510118173235
person_8.mp4,front,97,1619,59.92470636893879,848,478,120.05476540544045,126.47752136619819,144.3429182789245,153.47198008005003,88.23095377757471,87.39595890068244,9.582808009828844
person_8.mp4,front,98,1635,59.92470636893879,848,478,112.47234180637017,118.2236152644883,135.49531143287743,144.6270947257468,86.96532587125479,85.70325127258772,12.190100988344998
person_8.mp4,front,99,1652,59.92470636893879,848,478,111.41127404245559,114.61326230147208,132.42929499997308,139.19789077742172,87.93963484596463,86.25227112470746,13.294092706248634
person_8.mp4,front,100,1669,59.92470636893879,848,478,102.75098464931021,108.3878789872785,119.1044493345236,127.95025936963738,88.16469448349532,86.82875740538886,17.51760230832936
person_8.mp4,front,101,1685,59.92470636893879,848,478,104.68785523152023,109.81546530436454,121.12745524553672,128.56750964234175,89.58192339776664,87.46256866138937,16.559561357079232
person_8.mp4,front,102,1702,59.92470636893879,848,478,107.75404193218428,109.11064955681155,126.55475722157131,129.594094822716,96.77080703631854,92.51832715603639,7.812115774732965
person_8.mp4,front,103,1719,59.92470636893879,848,478,105.97926642905018,107.23048291292807,128.14591832103832,130.1046931795051,93.34294357732774,89.06063950968968,8.169946027989809
person_8.mp4,front,104,1736,59.92470636893879,848,478,104.79501771533367,105.28030499348748,123.80793414173618,127.31945782462,96.44058611579024,91.18764643533063,7.222438652035602
person_8.mp4,front,105,1752,59.92470636893879,848,478,94.88274719278775,101.48073032147981,121.31774576030554,129.481331192062,90.25178014416187,86.94939023217499,5.99681136742384
person_8.mp4,front,106,1769,59.92470636893879,848,478,94.97450396739147,101.17002416332564,118.45588243077975,125.27484839885237,92.0060038398553,88.02529971033967,6.797010289303497
person_8.mp4,front,107,1786,59.92470636893879,848,478,86.41941100537122,94.03352202808246,114.48042777451842,123.15340128575738,86.16126361970811,82.39443448340243,8.483666329559625
person_8.mp4,front,108,1802,59.92470636893879,848,478,95.62796253623459,101.74671224953035,119.3838456057265,123.48632618491189,94.50878854766634,90.30830783044412,5.680208929587198
person_8.mp4,front,109,1819,59.92470636893879,848,478,86.58260978755068,92.79468148727146,114.21942690059453,119.34862519203125,88.70862087575703,83.87625673035906,6.52496697631538
person_8.mp4,front,110,1836,59.92470636893879,848,478,92.84253099704371,99.74490791260494,117.06003052823911,122.84224710774431,95.51152458091025,90.67524822837109,3.988730395638745
person_8.mp4,front,111,1852,59.92470636893879,848,478,82.80047798639937,90.56213463968503,105.37164494064493,112.15138161402861,87.29576961606489,82.72757325579529,13.43456799187351
person_8.mp4,front,112,1869,59.92470636893879,848,478,83.27224522984433,89.57662003546446,109.16771385753611,113.59160622139973,87.7406064521177,82.69493919366344,10.794937555770803
person_8.mp4,front,113,1886,59.92470636893879,848,478,85.43003262608718,91.28633225654133,112.99431302984758,118.17198528340991,89.11230192387985,84.31099501254694,7.205532462583203
person_8.mp4,front,114,1902,59.92470636893879,848,478,85.11088465075733,88.06300672980568,112.79564606404914,119.2201197224463,97.1564402500428,77.86662210769914,6.948268231442496
person_8.mp4,front,115,1919,59.92470636893879,848,478,81.58698286290127,87.84653263442107,113.94384785543167,121.75324210209807,88.8021757384495,80.6974558678134,4.969599792626167
person_8.mp4,front,116,1936,59.92470636893879,848,478,77.96856136352753,82.8281961388422,112.35999657919177,119.65889558231933,84.40903210923629,78.94735736323324,5.3750722508922895
person_8.mp4,front,117,1952,59.92470636893879,848,478,79.30418363193942,85.25361275624618,114.19516405238241,121.68156978377628,85.43376072601704,81.09186145113242,3.822294380385348
person_8.mp4,front,118,1969,59.92470636893879,848,478,76.61407175084993,79.72604977217338,113.33895652764201,119.58328061856758,86.68125636929712,77.77542133289076,4.066731574118113
person_8.mp4,front,119,1986,59.92470636893879,848,478,75.88576577768072,81.10849396974533,114.32797420737063,120.0906592011137,84.36802433721732,79.481804222739,3.7678643137678844
person_8.mp4,front,120,2003,59.92470636893879,848,478,76.88268038138303,82.71684184478995,115.72204735838055,120.61428495207626,85.12551000023574,82.11528245754484,2.817140659645813
person_8.mp4,front,121,2019,59.92470636893879,848,478,77.27721342430016,82.73478856983199,117.3395609823531,120.79136162654254,84.98384880231602,82.6168704015533,2.5708741125554764
person_8.mp4,front,122,2036,59.92470636893879,848,478,75.80018310129319,80.42291195282847,114.83963124326468,118.54800688240522,84.77640523524585,81.85145409914392,3.1820310281939532
person_8.mp4,front,123,2053,59.92470636893879,848,478,71.9669414001208,77.14157463385064,113.04470576983333,117.67428681942484,81.63839147497896,79.03605629766325,3.6453954687033168
person_8.mp4,front,124,2069,59.92470636893879,848,478,69.50005991779769,74.50466391494945,111.07365440801404,115.94556089453114,80.09052896382752,77.76943924828872,4.395365269713996
person_8.mp4,front,125,2086,59.92470636893879,848,478,68.11172438347255,72.28490240411058,108.10740105885316,114.1433562811711,78.68498340298589,76.29005137473578,6.098306437979663
person_8.mp4,front,126,2103,59.92470636893879,848,478,71.26447506734407,75.97924990530804,112.08405369509565,117.76572255911918,81.60325960269657,78.23552380599598,3.944258725445819
person_8.mp4,front,127,2119,59.92470636893879,848,478,73.04246204283199,74.83640160821864,113.55160305966409,117.87159317229465,82.58510491213576,78.56638267451135,3.6917643630681227
person_8.mp4,front,128,2136,59.92470636893879,848,478,72.36892504890403,75.62013271197945,112.80548635232962,117.42128040410468,81.99077632691593,79.31276879214826,4.223132199624749
person_8.mp4,front,129,2153,59.92470636893879,848,478,73.47635303404698,77.43944011062699,113.0499529416413,116.74546438481319,82.6852649473281,80.57624508626111,4.978450380348767
person_8.mp4,front,130,2169,59.92470636893879,848,478,72.98848362685952,76.62150153491669,112.87999265556657,116.03789142043688,82.22016503182977,80.41805436177017,5.334931170834809
person_8.mp4,front,131,2186,59.92470636893879,848,478,75.58603918579517,80.69978206171741,118.44180561048347,121.69017413015442,84.02225303773879,82.66834450729664,3.0653628451048864
person_8.mp4,front,132,2203,59.92470636893879,848,478,75.12613731216355,81.31580870654042,118.26679683983437,123.39039486041447,82.11045115649945,80.34694548769997,3.79049543198996
person_8.mp4,front,133,2219,59.92470636893879,848,478,77.14744892289612,85.56601518275714,120.7832218272521,126.63395034196157,82.34311507790248,81.11123378214155,3.2956916721064657
person_8.mp4,front,134,2236,59.92470636893879,848,478,80.67061584835368,87.21339469670829,121.56129364747194,124.56923075526333,83.4938770532223,81.87744634518114,4.629242368766871
person_8.mp4,front,135,2253,59.92470636893879,848,478,82.26481911556608,90.27377665589592,121.28837267103212,127.99812388695702,79.97787125244527,78.38152177001062,7.269167812170201
person_8.mp4,front,136,2270,59.92470636893879,848,478,82.91461436001512,92.90130596623531,119.42987303085238,128.06527006366227,79.69821000724968,78.61499084502522,9.419381405090805
person_8.mp4,front,137,2286,59.92470636893879,848,478,86.79119074565351,95.46789979783927,122.69907495311556,131.24872373907155,79.62917693823313,78.3542788210222,9.722733729784336
person_8.mp4,front,138,2303,59.92470636893879,848,478,94.82672405013275,101.60275778085095,126.39989682854728,132.53672126111604,83.11993543651012,80.86427883683032,10.914531762878166
person_8.mp4,front,139,2320,59.92470636893879,848,478,97.43412020166754,103.80856004043102,128.89328881580124,135.82765271499642,82.38747778570078,79.55212558119436,11.753150356719418
person_8.mp4,front,140,2336,59.92470636893879,848,478,104.91619659502152,110.75314313076254,136.59059340306115,143.4310748297725,83.16702018182524,80.61001756369313,10.724964754661965
person_8.mp4,front,141,2353,59.92470636893879,848,478,102.961134073391,110.20092133078656,136.17480291502906,144.40547175717242,81.16901818512183,78.85709354831502,10.893947927012167
person_8.mp4,front,142,2370,59.92470636893879,848,478,106.15718130622997,115.28592147040163,137.69558970962856,145.43458554912186,80.43334557129825,79.05912841797331,12.392903195091296
person_8.mp4,front,143,2386,59.92470636893879,848,478,109.91481943302418,117.88185426380119,138.78406947914385,147.72495213356555,81.32968690093156,79.99340196354821,12.60957427387108
person_8.mp4,front,144,2403,59.92470636893879,848,478,112.81213791462925,127.53651925427135,136.85706978525175,155.21855918345486,79.19600987676287,75.83346182078444,18.67309855972015
person_8.mp4,front,145,2420,59.92470636893879,848,478,110.30529245219765,131.09039538440678,138.9349075847938,159.16183358115367,75.201055310067,73.78592183453185,19.62647933675068
person_8.mp4,front,146,2436,59.92470636893879,848,478,119.48429841873045,137.08227305543284,144.70678134219463,163.6924739399227,79.45852731593847,77.76273721411782,18.323742785020592
person_8.mp4,front,147,2453,59.92470636893879,848,478,118.75931200641527,137.90040271931215,144.46394901478777,167.3569396480815,77.88297940929574,75.55349569174616,18.760435548013724
person_8.mp4,front,148,2470,59.92470636893879,848,478,117.63002300520418,136.1081081940014,143.72600322401937,164.87829398269187,76.15879882631107,73.60728210893971,20.476531406202163
person_8.mp4,front,149,2486,59.92470636893879,848,478,117.3857397246272,136.8963561377016,145.67322602715117,164.4784737949213,75.52350375108617,75.45520513121053,19.676298431942495
person_8.mp4,front,150,2503,59.92470636893879,848,478,120.22044941002359,139.07580189808056,145.17075045588325,164.87450533003508,76.81883114129356,75.42705133233754,21.82912440861413
person_8.mp4,front,151,2520,59.92470636893879,848,478,126.83032225740007,138.77824457815984,152.5876271074754,161.4424028532079,78.98100574319287,77.77043384330403,20.45546477199848
person_8.mp4,front,152,2537,59.92470636893879,848,478,124.55310696924886,136.36450555295679,153.02318930383538,160.6036999376308,76.68694374542342,74.79094887349761,21.263909686019318
person_8.mp4,front,153,2553,59.92470636893879,848,478,129.43157481423805,139.28098139280303,156.02436627567667,160.0729861738395,78.70193318472572,78.33474126259252,20.94246707887913
person_8.mp4,front,154,2570,59.92470636893879,848,478,128.18432460998673,138.16405038881624,157.18123006492866,160.37543888034267,76.96839782297987,77.18789972447631,20.124948477340048
person_8.mp4,front,155,2587,59.92470636893879,848,478,128.5509563291148,138.36784950922015,158.0389485647905,161.04477115105686,76.8314068240432,77.75884972581956,19.218897603606315
person_8.mp4,front,156,2603,59.92470636893879,848,478,127.83143708302033,141.3074822142603,156.8544626974573,167.6053790152822,76.63021684597216,76.37784370825776,19.07665069627889
person_8.mp4,front,157,2620,59.92470636893879,848,478,131.07956916321862,141.34648450180552,158.4429783213553,165.68621803464782,78.12657508791824,78.17040663203717,19.205209690008974
person_8.mp4,front,158,2637,59.92470636893879,848,478,130.59193388040035,141.52496411976455,158.224661135747,166.61683244347904,77.8464528281409,77.30878511837496,18.45052408970384
person_8.mp4,front,159,2653,59.92470636893879,848,478,131.5319694883222,140.54517049284348,158.65721103198436,165.28132457725314,77.0019122226889,77.31803442175575,18.716564350604937
person_8.mp4,front,160,2670,59.92470636893879,848,478,139.08013211224156,142.99791810997135,162.66758886213077,167.04207231719502,80.41599577867242,78.77032607476677,18.084706742961654
person_8.mp4,front,161,2687,59.92470636893879,848,478,142.2611722736404,142.45355406303827,168.71522064056745,168.31359012924065,80.38703065273569,78.3274611469576,14.773992499415304
person_8.mp4,front,162,2703,59.92470636893879,848,478,143.87388250525322,142.42761668668382,170.55749881255016,168.26566593439654,80.86122778610267,78.87900595866202,13.897389222859355
person_8.mp4,front,163,2720,59.92470636893879,848,478,141.57087713967965,140.63108324364313,170.12540603420675,167.70917890338424,79.48958159326043,77.64658395234306,13.677320904744086
person_8.mp4,front,164,2737,59.92470636893879,848,478,144.1647538622376,141.63636477061934,171.12135081652553,167.95899910791206,81.58584281346327,79.03109573395008,13.439583104369538
person_8.mp4,front,165,2753,59.92470636893879,848,478,143.7723711641137,141.46712854991327,172.10146311059086,167.63578877670741,80.86849919389361,79.70133182261482,12.72899237379956
person_8.mp4,front,166,2770,59.92470636893879,848,478,146.14682657590325,141.2184236877027,172.38172755833497,166.64891876381859,82.62914086719879,79.83633365396827,13.315978408948213
person_8.mp4,front,167,2787,59.92470636893879,848,478,147.6857178363774,142.67933140209104,171.3599407958499,165.31428758007087,85.09193477735656,80.3009633724867,15.184072770379908
person_8.mp4,front,168,2804,59.92470636893879,848,478,148.9895295824348,145.88029552578698,169.56951467426754,166.50709636346096,84.59278820267912,82.00515886027932,17.36596842272821
person_8.mp4,front,169,2820,59.92470636893879,848,478,151.69484070087378,145.50890874313342,174.31235164259533,167.98907226924524,83.96259683227608,82.06149309861821,13.777188699152777
person_8.mp4,front,170,2837,59.92470636893879,848,478,147.9986868240324,144.68103015680023,171.8615152129568,165.87732367212627,80.95834640874018,81.80045387618964,15.54630082161337
person_8.mp4,front,171,2854,59.92470636893879,848,478,147.81868959345073,144.80754096289567,171.57213069667225,165.76677593625467,81.74854253922102,82.07565524202766,15.50334022653296
person_8.mp4,front,172,2870,59.92470636893879,848,478,149.54783709506702,145.68740490166817,173.8531008534231,168.3737180591228,82.38323233250183,82.65045923772186,13.42246039487853
person_8.mp4,front,173,2887,59.92470636893879,848,478,147.94623702315297,145.77192223856872,173.5490524697737,168.2616209549088,80.80557122757628,82.71386680344993,13.323301035042286
person_8.mp4,front,174,2904,59.92470636893879,848,478,147.31085244908058,145.48760433309067,175.01620148612537,171.7775963551854,80.57609481371061,82.23192991890026,9.609543480233802
person_8.mp4,front,175,2920,59.92470636893879,848,478,146.61330634229398,144.54768871334625,174.84301809855742,170.12553415899913,80.67173466233075,81.85687857346427,10.321046883044017
person_8.mp4,front,176,2937,59.92470636893879,848,478,144.99994629762298,142.06673487478665,174.90893863058534,169.27507583234532,80.38174926548584,80.17045258624705,9.356716151831689
person_8.mp4,front,177,2954,59.92470636893879,848,478,142.69185848476278,140.57520792251054,174.94821603104862,170.21287228737987,79.60781275018648,78.75837547781957,7.616364616173131
person_8.mp4,front,178,2970,59.92470636893879,848,478,140.18323355232013,139.71290701631708,173.8255528933217,169.33327607910257,78.47539751971121,78.11791065243538,8.045757531875285
person_8.mp4,front,179,2987,59.92470636893879,848,478,139.52507748291583,138.65719469817876,173.66856778700833,168.94092972908552,77.7115489335097,76.45788708378117,8.708873913042394
person_8.mp4,front,180,3004,59.92470636893879,848,478,138.77511413684576,137.9099387337352,173.5082492714042,169.14086977887345,77.38054348332979,75.91591839419063,8.638164543265802
person_8.mp4,front,181,3020,59.92470636893879,848,478,136.8857323430438,137.5622205780991,172.34016025987194,168.9584200195198,76.7668431466963,75.8015257570989,8.752561734171529
person_8.mp4,front,182,3037,59.92470636893879,848,478,136.42947814796955,137.53297537636033,172.17319990023765,168.989705509468,76.79309361692853,76.10085796142515,8.576059564492592
person_8.mp4,front,183,3054,59.92470636893879,848,478,136.19294720533918,137.43656861969205,171.35129933131358,168.38830300438389,76.61139274360352,75.71955403620028,9.209044253126201
person_8.mp4,front,184,3071,59.92470636893879,848,478,136.06104678782302,137.29443115812265,171.3973910036963,167.55419295792967,76.73031707899906,75.97043846876709,9.474507258977686
person_8.mp4,front,185,3087,59.92470636893879,848,478,135.63087209597487,137.25254051448772,169.0634001999985,165.67991277178626,76.51422759740187,76.40728925418456,11.32860050028905
person_8.mp4,front,186,3104,59.92470636893879,848,478,135.37198167128676,137.38661512781957,167.85912260162246,163.71960279816423,76.5160184194374,76.78931289736332,12.885156857998359
person_8.mp4,front,187,3121,59.92470636893879,848,478,135.69901488137378,137.35226892734067,167.81485909739334,162.2120502345021,76.7011598037425,77.01055575188305,13.75571990931314
person_8.mp4,front,188,3137,59.92470636893879,848,478,135.60093734079712,137.2884460987169,167.37447519295367,160.67981571583044,76.86364885948453,77.01486420357713,14.732516517835728
person_8.mp4,front,189,3154,59.92470636893879,848,478,135.27710195930405,136.95208934994955,169.1864506378738,161.7179129671128,76.63017160139037,76.8256471742626,13.223002197864988
person_8.mp4,front,190,3171,59.92470636893879,848,478,135.37353003040874,137.3368785355357,169.2693946816727,161.5603305401203,77.19387693800911,78.23228940326015,12.798437432660483
person_8.mp4,front,191,3187,59.92470636893879,848,478,135.28229674488992,136.94400993663817,167.52430714779922,161.58792003629776,77.19996417402383,78.00498638057537,13.87154368533039
person_8.mp4,front,192,3204,59.92470636893879,848,478,135.44874357328956,136.9809766917194,168.3053482832708,162.73184253791825,77.43145966363234,78.08102317968435,12.692899543885554
person_8.mp4,front,193,3221,59.92470636893879,848,478,136.04885531344362,137.64825932172207,169.35883395967517,165.2150736644594,77.93116447573028,78.5793716504858,10.995234374969348
person_8.mp4,front,194,3237,59.92470636893879,848,478,138.37439746877018,139.3018890858967,170.23410534547986,166.9318351439078,80.1898190225786,80.5830911609547,9.71944464565224
person_8.mp4,front,195,3254,59.92470636893879,848,478,138.91325966988816,139.70626062892867,170.8493931346227,166.42631556849284,80.35991146925303,81.00975393434396,9.822536843276934
person_8.mp4,front,196,3271,59.92470636893879,848,478,138.60663611793262,139.50161161475899,170.75250035782562,166.403884298881,80.0496981439387,80.78942591128377,9.895907164087426
person_8.mp4,front,197,3287,59.92470636893879,848,478,139.27674287907152,140.07320853106944,169.49877827525802,163.90702424807426,80.29254921929565,81.29408709850337,12.337822892032737
person_8.mp4,front,198,3304,59.92470636893879,848,478,138.96970783625645,139.80443123085078,170.35742671031335,165.36453457465316,80.08606706743497,80.91103106820242,10.999856154521112
person_8.mp4,front,199,3321,59.92470636893879,848,478,137.7192736050925,138.9300345877893,170.52858168191426,166.885506160057,78.81088350843908,79.11224519875638,10.46713076235994
person_8.mp4,front,200,3338,59.92470636893879,848,478,136.7713446419168,138.80014240592328,169.93381533284617,166.9147490225244,78.37825709670138,79.05785066861029,10.496164363615879
person_8.mp4,front,201,3354,59.92470636893879,848,478,136.70416077316855,138.92650326696133,168.73745730166087,166.22750917160042,78.22780444927687,78.91029432658601,11.762186680937612
person_8.mp4,front,202,3371,59.92470636893879,848,478,136.36807022286362,138.51921752679584,169.59317420336063,165.80783340062797,78.23635369761688,78.80410841161125,11.061921598020096
person_8.mp4,front,203,3388,59.92470636893879,848,478,138.46738645389348,139.7713401426258,169.2012052420795,164.8171109310991,78.58962302215922,79.19419180619211,13.360650699233362
person_8.mp4,front,204,3404,59.92470636893879,848,478,137.7103705457813,140.06474010390878,168.21421937259305,165.12843395462812,78.9484712455602,79.77554935794964,12.98764705192479
person_8.mp4,front,205,3421,59.92470636893879,848,478,139.01164459201246,141.2388287369109,169.2018440107857,166.1325643155209,79.19340269897158,80.14769114348792,12.788304953021937
person_8.mp4,front,206,3438,59.92470636893879,848,478,138.52421215439628,140.73455305502773,169.19192493338198,166.03413028501163,78.81202393964632,79.85826050208698,12.675852149572028
person_8.mp4,front,207,3454,59.92470636893879,848,478,137.51354274166084,140.52464569657656,168.97464582007854,166.1687537506411,77.96504674588724,79.55379827981804,12.650362586074817
person_8.mp4,front,208,3471,59.92470636893879,848,478,136.4874494341213,139.7828783908116,168.62545507692602,165.2182739719662,77.45027463687238,79.14174841178506,13.166390260590758
person_8.mp4,front,209,3488,59.92470636893879,848,478,136.54184154717535,139.7137245966144,168.5397465455898,165.3876518575608,77.4381178965072,79.06347944547049,13.066940203725181
person_8.mp4,front,210,3504,59.92470636893879,848,478,135.6421434701657,138.66305494994407,167.19787263688926,165.47433060176917,76.77092350315228,77.80547627525483,13.922301883757063
person_8.mp4,front,211,3521,59.92470636893879,848,478,136.00903639566337,138.80907457432244,167.11897101388908,165.04572965593923,76.88379264048876,77.74576435578075,14.229590030603424
person_8.mp4,front,212,3538,59.92470636893879,848,478,135.45900047956204,138.25191404691023,167.28146146119585,165.15833708631817,76.27183579898163,77.11855470255824,14.062758718560328
person_8.mp4,front,213,3554,59.92470636893879,848,478,134.429406771429,138.08936774872546,166.93393902832418,165.53208757301297,75.61762789060133,76.66913213284711,14.030861961608325
person_8.mp4,front,214,3571,59.92470636893879,848,478,134.43493816333688,138.25660197931984,167.26286650550765,165.75516316939203,75.76634476702465,76.75743716349743,13.651406713477781
person_8.mp4,front,215,3588,59.92470636893879,848,478,134.8019508534021,138.63435799542404,167.01017014539522,165.90359649546735,75.76174400268452,77.19955805586514,13.899414073698047
person_8.mp4,front,216,3605,59.92470636893879,848,478,133.0566727131706,136.87804346203842,166.51970798376726,166.2135269990738,74.89982648356826,75.59034876475673,14.017469504713748
person_8.mp4,front,217,3621,59.92470636893879,848,478,134.05957055558696,137.63597981803193,166.91434019281843,167.1986908368138,75.20321246141496,75.67679178470226,13.91722943242184
person_8.mp4,front,218,3638,59.92470636893879,848,478,138.95336801465356,138.6306572006681,168.61312134057587,165.61276162743638,77.0717726721253,75.92279821041461,15.50960086253001
person_8.mp4,front,219,3655,59.92470636893879,848,478,139.29514222962925,139.34169538773546,168.6061165583357,167.2223737689516,77.12657559541836,75.79235145627628,15.231213763156019
person_8.mp4,front,220,3671,59.92470636893879,848,478,144.56077010457173,141.91620617581205,171.01987392575268,169.04909779763324,79.27861422928972,76.9558759026901,15.528773141013696
person_8.mp4,front,221,3688,59.92470636893879,848,478,148.79595656638858,142.40518108837745,173.31574627400994,169.42306362249911,81.29883688367806,77.91514555839954,15.261686490401479
person_8.mp4,front,222,3705,59.92470636893879,848,478,147.12819968518733,146.99045364480946,172.60173866794582,173.56318552203868,80.06154596306618,78.11178848551017,15.485435534399349
person_8.mp4,front,223,3721,59.92470636893879,848,478,147.91173742957304,147.15640411197325,172.29065984943554,172.96181963562282,81.18793762956857,78.44839682614115,15.421461364634773
person_8.mp4,front,224,3738,59.92470636893879,848,478,148.31653275475605,147.05320533684298,172.22661240855976,172.41968545119607,81.68009711621039,78.69914507564333,15.407579524712537
person_8.mp4,front,225,3755,59.92470636893879,848,478,149.52849780133639,146.18179496980824,173.78955374146946,172.8259823343704,81.47453809341096,78.59657963020474,14.262845500984408
person_8.mp4,front,226,3771,59.92470636893879,848,478,148.70522009450477,146.60558818141473,173.31010142378835,172.91578224668604,80.9099164379116,78.66081125046078,14.679853413887207
person_8.mp4,front,227,3788,59.92470636893879,848,478,146.97629222984608,145.83947246478886,173.16715404658947,172.64587913511812,79.39006073761716,77.74992307231857,14.748818573163083
person_8.mp4,front,228,3805,59.92470636893879,848,478,145.585180394668,144.8834421207229,172.4154736328688,171.7041831552743,78.76843630107477,77.16685536582447,15.27560244264152
person_8.mp4,front,229,3821,59.92470636893879,848,478,146.78174094361412,147.25940813907386,173.99845292738115,171.71748197615463,79.15428705023396,80.59405533893512,13.887239202273857
person_8.mp4,front,230,3838,59.92470636893879,848,478,147.46768883921294,147.61403224248753,174.13742362476975,171.63378259217023,79.65954431193876,81.28971808919225,13.413424524266391
person_8.mp4,front,231,3855,59.92470636893879,848,478,147.00722597449035,147.42365993496102,173.0640366974755,168.8833327524854,80.04122366917655,81.04751590507286,15.593672757492595
person_8.mp4,front,232,3872,59.92470636893879,848,478,146.16587005011996,146.42486020628343,172.34535017643404,168.97679036852014,79.83361408422512,80.106514682818,15.519731100778063
person_8.mp4,front,233,3888,59.92470636893879,848,478,144.15230674084802,145.5293480629259,171.45570157463442,168.4379090078704,78.9357543355901,80.17542054947135,16.19078438654364
person_8.mp4,front,234,3905,59.92470636893879,848,478,140.063347598449,144.2188436037586,169.30855822063288,168.31050795534125,77.04457567819597,79.20868260978156,16.111875051427685
person_8.mp4,front,235,3922,59.92470636893879,848,478,134.40539234846304,140.8919674246263,165.70060288563127,168.26479383092138,74.66199422871227,75.7731668809207,16.73529797630373
person_8.mp4,front,236,3938,59.92470636893879,848,478,132.63349936983553,140.88875588821358,164.6331981461158,168.84003037030507,73.27695621437368,75.16831846968651,16.818900046481417
person_8.mp4,front,237,3955,59.92470636893879,848,478,131.94033205865028,140.8018140420781,163.8028318985349,168.97270010464175,72.57499867946012,73.78443173485051,16.97103131038824
person_8.mp4,front,238,3972,59.92470636893879,848,478,132.04401696646448,140.92738712281354,162.43133521902493,166.67210469164493,72.88519604642595,75.13842253449748,18.72547973962046
person_8.mp4,front,239,3988,59.92470636893879,848,478,129.8428269942364,139.00814790404877,159.95986866003315,164.98906407722237,73.08087992066737,74.03643461256588,19.68591563542398
person_8.mp4,front,240,4005,59.92470636893879,848,478,126.9078091853329,138.55415273899345,157.1352200870568,165.51568622713341,73.32746089302749,75.11358085927638,20.0680237600246
person_8.mp4,front,241,4022,59.92470636893879,848,478,129.33915119775884,139.54688802716876,157.68002584442158,165.68314417930867,75.90012010273887,76.74674043989009,19.902643701858363
person_8.mp4,front,242,4038,59.92470636893879,848,478,128.7158229258522,140.60203258348864,158.7632503650952,168.13415250671764,76.74744887309359,78.55390559593747,17.013468764617244
person_8.mp4,front,243,4055,59.92470636893879,848,478,120.899576197753,137.91027647688438,153.6828068329348,167.66878915792373,73.84237438201467,74.90040505779866,17.29303503379963
person_8.mp4,front,244,4072,59.92470636893879,848,478,118.48907066666237,136.687686827273,151.8688465957165,168.76954072510722,73.615167986759,74.30451684460265,15.799285986422879
person_8.mp4,front,245,4088,59.92470636893879,848,478,125.8178561701821,143.0216292084632,154.02832542760893,168.88275516684078,80.01953837386394,82.66113917999677,14.658545593417946
person_8.mp4,front,246,4105,59.92470636893879,848,478,121.98478880178756,139.7058343910054,151.71335435906667,166.30068936543051,78.61545766043548,80.34934109376923,15.217858492492187
person_8.mp4,front,247,4122,59.92470636893879,848,478,121.74230093133994,138.01036522991197,150.10988644313238,163.05668514593742,81.10288325858366,82.4146913890711,14.569089633196176
person_8.mp4,front,248,4139,59.92470636893879,848,478,119.6123820520914,136.6567773631846,147.47286682263774,163.97296987897832,81.11758654244863,80.19679041198974,14.601936305967271
person_8.mp4,front,249,4155,59.92470636893879,848,478,112.73207915708754,129.68309446523287,142.59550465784133,157.73625220946306,79.65925515854363,80.21065321278859,13.842588697208315
person_8.mp4,front,250,4172,59.92470636893879,848,478,110.32255176766836,127.34216426740868,140.51283146802828,155.009491913078,81.03349976532871,81.8865904637902,12.45285884170171
person_8.mp4,front,251,4189,59.92470636893879,848,478,115.38707119609231,125.4121280632847,143.2061828647076,149.58423560735318,82.60169822060823,83.32177478738888,13.421761480690828
person_8.mp4,front,252,4205,59.92470636893879,848,478,100.9313918940145,114.22724109243424,128.68011583367158,141.29934822825078,80.63371653833018,79.27236496866152,15.814722647761917
person_8.mp4,front,253,4222,59.92470636893879,848,478,99.90545876344798,107.97066271538192,127.88594348491344,136.37677022586155,79.88448261304778,78.145329977717,16.089451891748322
person_8.mp4,front,254,4239,59.92470636893879,848,478,93.34681713517423,107.10184142302671,119.8336486396607,135.79609894544282,78.03115641890747,75.99107591424837,18.702664758772382
person_8.mp4,front,255,4255,59.92470636893879,848,478,90.54161830250969,96.83577485629819,114.97922578769759,123.62891297190669,78.48411627436775,76.3994718604509,20.178584103000887
person_8.mp4,front,256,4272,59.92470636893879,848,478,75.62420766142567,76.57889735420135,102.17420965270153,104.39514183655422,73.99696702789826,71.68157137861952,22.26942719286773
person_8.mp4,front,257,4289,59.92470636893879,848,478,75.83023480787138,79.22410931266015,103.45170697225504,106.91028776715147,74.82600691138337,73.4459192483914,21.42039922072
person_8.mp4,front,258,4305,59.92470636893879,848,478,76.21715793649834,79.10785050969479,101.45426573255253,104.30973545652837,76.38945261896451,74.94597209292644,22.130720226706377
person_8.mp4,front,259,4322,59.92470636893879,848,478,80.19957465879794,81.19423304368985,104.00357478130992,105.72941971715916,78.82616615095478,76.52112918021588,21.502226143182963
person_8.mp4,front,260,4339,59.92470636893879,848,478,74.72251978955913,76.32153210646453,101.82773598400216,104.40597845558365,76.27610216849743,74.35469543923872,20.76700341925767
person_8.mp4,front,261,4355,59.92470636893879,848,478,77.21795982726904,78.87372371285511,101.85449859305015,104.96716236035391,78.8622044872886,76.8519247696546,20.53566975876409
person_8.mp4,front,262,4372,59.92470636893879,848,478,77.82456808682447,79.09129790576081,103.96903135276685,107.65913741039542,81.02962582864056,79.4010369128288,16.146010773190998
person_8.mp4,front,263,4389,59.92470636893879,848,478,75.01711268857771,75.79006296933682,104.75877265387973,106.68744732778082,77.88512167007384,76.64307994831418,16.405125563783297
person_8.mp4,front,264,4406,59.92470636893879,848,478,73.28318008158716,74.58668913422622,104.92353993905853,107.65258607355693,78.17569984603895,76.56071349629842,15.27181492860782
person_8.mp4,front,265,4422,59.92470636893879,848,478,76.69010527102535,77.43818920521042,111.90651120031112,112.3769546990144,82.45816376406957,80.52927599494954,8.010041868382926
person_8.mp4,front,266,4439,59.92470636893879,848,478,73.41513135051524,74.28235426374152,109.50876648658354,109.68295671227897,79.46730235299859,78.46339162493268,9.801525710369667
person_8.mp4,front,267,4456,59.92470636893879,848,478,69.24022513986192,70.16915882968388,108.23277266308696,109.44948167277806,76.3147275714954,75.6187975984489,9.881328995859405
person_8.mp4,front,268,4472,59.92470636893879,848,478,69.34779269419263,70.93224495494763,106.34837106115394,107.78237721939733,77.49300902121466,76.77365336682008,10.964100998925916
person_8.mp4,front,269,4489,59.92470636893879,848,478,71.16682328373072,72.69407409545332,107.50848797591263,107.35121924755282,79.41737101293064,79.15252747046185,10.467352568208028
person_8.mp4,front,270,4506,59.92470636893879,848,478,69.22441769794314,71.13810692110009,109.17236048364487,109.68806383441837,77.20299877853108,77.29783889613903,8.173334264024811
person_8.mp4,front,271,4522,59.92470636893879,848,478,70.00318460296792,71.8936695867336,109.1361839182486,109.41097053218574,78.76497403859273,78.56697090905473,7.808390327272164
person_8.mp4,front,272,4539,59.92470636893879,848,478,69.24255552202322,71.15481220250021,109.53628276240383,109.15030787662464,78.5366204164475,78.43296576806588,7.540557845225866
person_8.mp4,front,273,4556,59.92470636893879,848,478,69.55309806530151,70.89724911770078,107.69664874259155,107.33989644142027,79.01532119813736,78.60755650984025,9.248244259176863
person_8.mp4,front,274,4572,59.92470636893879,848,478,67.2242789276901,69.36465036517563,106.69815444562091,107.24917375394786,77.63334671786012,77.28708427324231,9.118755574134997
person_8.mp4,front,275,4589,59.92470636893879,848,478,69.21523857534015,71.36768249680586,108.21769991316258,107.80889529525237,79.8604679979326,79.68878352222103,8.292381596444358
person_8.mp4,front,276,4606,59.92470636893879,848,478,70.4873477482658,72.73098815760203,110.78677349592417,109.35446414720526,80.9649317175841,81.02420941237264,6.3761151525529005
person_8.mp4,front,277,4622,59.92470636893879,848,478,71.80489233577401,73.61557972662041,112.59198265016954,112.00071286243855,82.43486776687955,81.98649448217063,4.462909119624058
person_8.mp4,front,278,4639,59.92470636893879,848,478,72.99735078081451,74.9958226933714,115.49658161282872,115.38686478448761,83.77181052124851,83.37295036617738,2.3790561298905453
person_8.mp4,front,279,4656,59.92470636893879,848,478,73.30194873915126,75.58561327108988,115.9291801694438,116.15085907945017,84.17721441832424,83.73140724873544,2.3124380985797397
person_8.mp4,front,280,4673,59.92470636893879,848,478,70.79554032752813,73.2472293365103,112.76707933578685,114.42089169112194,82.0886410949872,81.45132862311837,2.88285430413134
person_8.mp4,front,281,4689,59.92470636893879,848,478,69.0973345465177,71.79910760050271,108.03932298496574,108.12890187588377,80.60816239105559,79.87134831217539,7.635628002540994
person_8.mp4,front,282,4706,59.92470636893879,848,478,69.22895463635119,69.45339928334127,106.095056690191,107.30685098893215,78.81224314765824,78.65287934831215,9.651885904158398
person_8.mp4,front,283,4723,59.92470636893879,848,478,67.86195472272006,69.4622031042009,105.62740566596823,107.35999915220226,78.21593772237398,78.36941958351899,9.744134124263468
person_8.mp4,front,284,4739,59.92470636893879,848,478,69.4103339612204,73.00262433475798,106.48238166356369,109.8751946500599,80.62505625236508,80.4520042364962,9.412353484485882
person_8.mp4,front,285,4756,59.92470636893879,848,478,68.8125306763618,71.16551631308681,102.30630456736816,105.71198298378563,79.94806508358268,78.57106577271293,13.208308397081638
person_8.mp4,front,286,4773,59.92470636893879,848,478,68.76840351158218,70.40112554233309,105.65790654530323,108.51659030932043,80.72387849982194,78.39862840710683,10.333950628724711
person_8.mp4,front,287,4789,59.92470636893879,848,478,70.20101312598162,73.8195429301079,110.12763420668173,116.37075473135009,81.64787278208684,79.3995717793658,7.333575612323919
person_8.mp4,front,288,4806,59.92470636893879,848,478,71.43462996163387,74.02701778422956,110.07972606903506,113.45230299059855,81.14133855560657,78.6647598734193,9.601114684176236
person_8.mp4,front,289,4823,59.92470636893879,848,478,72.15919327641244,73.94459897510148,105.57393033073775,109.02745413753779,80.08545659580551,77.73250462410856,15.187768328175103
person_8.mp4,front,290,4839,59.92470636893879,848,478,71.49410683632419,74.77292712183555,106.00058455244886,112.154381163521,78.0130057156083,76.16026840164324,15.1019838706291
person_8.mp4,front,291,4856,59.92470636893879,848,478,72.5727189062822,76.04989914756528,105.19711969941157,109.76029354644515,77.41571345034244,75.1872665111836,17.326766133419554
person_8.mp4,front,292,4873,59.92470636893879,848,478,74.28969174539012,78.63871178787194,108.1936784458556,110.21223736896546,76.47857677872308,75.06818417586237,18.09337227781752
person_8.mp4,front,293,4889,59.92470636893879,848,478,75.55013528269622,81.39633231058367,106.72423399629115,110.91834892717655,75.42277545578841,74.02128644678618,20.277491773955266
person_8.mp4,front,294,4906,59.92470636893879,848,478,80.3601681593027,87.8740059363275,110.12263674076034,116.09002016561996,75.8294081198515,74.62373756523971,20.46208508582366
person_8.mp4,front,295,4923,59.92470636893879,848,478,84.69863719918679,90.78734622662995,114.92009577909784,117.55960005606688,76.024596112143,75.43810212266544,19.984615783786236
person_8.mp4,front,296,4940,59.92470636893879,848,478,100.58861384899022,106.9621324763592,127.35242609596463,129.5429845099673,78.97423980495834,78.72665004528803,19.54614905107377
person_8.mp4,front,297,4956,59.92470636893879,848,478,90.7839917795128,104.60642492426058,118.88710172297667,132.27080859482965,74.56775127211158,73.51526719611516,20.650989310181654
person_8.mp4,front,298,4973,59.92470636893879,848,478,94.69412221474548,102.40709373586579,124.10116760338147,129.2457734206869,73.79842825462659,73.20037072571876,20.623722266679174
person_8.mp4,front,299,4990,59.92470636893879,848,478,90.9874228585711,99.0400388473407,119.7324145100401,124.46925712773526,72.82312492767983,72.2194777407345,22.29386340777659
person_8.mp4,front,300,5006,59.92470636893879,848,478,97.90454836062347,114.8208179957215,125.4593601424922,138.87870174090065,73.8159059110132,72.741044752682,22.764467085312184
person_8.mp4,front,301,5023,59.92470636893879,848,478,106.17835653556737,127.12381586728208,133.84219295474844,153.22638440367993,74.79766004279789,73.614730534147,21.348840664665396
person_8.mp4,front,302,5040,59.92470636893879,848,478,112.21238422307742,123.22912357937548,136.60626589590515,147.2786055102579,78.01594134967146,76.94282685119587,20.49505874523261
person_8.mp4,front,303,5056,59.92470636893879,848,478,126.40352921726964,131.82760802366448,149.26876691106727,152.09471447251155,82.67611063728803,81.20135991789542,17.47000024258524
person_8.mp4,front,304,5073,59.92470636893879,848,478,129.7761817449584,138.08562556961775,154.2500945185294,157.2153831615994,83.49831424480132,82.67106356282574,14.904625482601844
person_8.mp4,front,305,5090,59.92470636893879,848,478,130.27436116766032,142.7795100981329,154.79718069587764,161.82865472228613,83.04735212999972,83.85169818455385,14.857123543017023
person_8.mp4,front,306,5106,59.92470636893879,848,478,124.47820109259463,140.9134993567597,153.22691858237744,164.12877412200885,78.40346335859803,78.83723544522636,15.635211078231912
person_8.mp4,front,307,5123,59.92470636893879,848,478,122.85315373819954,142.30643995506165,151.89424571815493,169.3726608758005,76.91546000566629,77.03716502942467,16.65133013702593
person_8.mp4,front,308,5140,59.92470636893879,848,478,126.52588690113082,143.68418471885616,153.39615604801327,169.09889905955868,77.95407298653659,78.94106188883428,16.941110237387353
person_8.mp4,front,309,5156,59.92470636893879,848,478,122.93419603320618,141.11332822483985,152.49029341403153,168.54893323982043,74.96041560285892,77.24592313884868,17.374510047051544
person_8.mp4,front,310,5173,59.92470636893879,848,478,126.25665176680278,140.75174372268546,155.37621332100684,168.81437942010567,75.26848193439122,77.13863832778804,17.313777024385686
person_8.mp4,front,311,5190,59.92470636893879,848,478,129.96230497458797,142.4766509582515,157.05674848804384,169.0349545567283,77.28945816185907,78.98424610170368,17.05568635594241
person_8.mp4,front,312,5207,59.92470636893879,848,478,133.16728640599703,144.04927304936137,158.7081085283062,168.49497178363535,79.43320378102514,81.719946289357,17.055329625291723
person_8.mp4,front,313,5223,59.92470636893879,848,478,129.0216238091878,141.0200518859471,158.3001790707249,167.2206237049,77.24109133165881,80.5642005814921,16.229108836774067
person_8.mp4,front,314,5240,59.92470636893879,848,478,131.22405918702927,139.93810364943099,161.35681731967532,166.32313927206036,76.09617022895942,79.48336607648483,16.575272096282518
person_8.mp4,front,315,5257,59.92470636893879,848,478,135.55389203800965,140.46545744953335,163.92607698355644,165.8365587601533,77.49712741647342,80.57553663330225,16.288275127408728
person_8.mp4,front,316,5273,59.92470636893879,848,478,136.72544095766233,140.17125251013724,163.75322787859457,165.04688754659023,78.77875233835212,81.00004441654515,15.999886601743178
person_8.mp4,front,317,5290,59.92470636893879,848,478,138.31127643980793,140.67779423798456,164.94253187132722,165.4896883478037,78.8820290470902,80.43005929219275,16.034744431385345
person_8.mp4,front,318,5307,59.92470636893879,848,478,140.39101021628443,141.69447323191704,165.105201486981,164.15972990380803,80.7715278254175,81.33610450470547,17.304297109128264
person_8.mp4,front,319,5323,59.92470636893879,848,478,142.18763061601,142.40796841466093,165.1810696625506,164.2962697078639,80.4489901586893,80.83994881301379,18.65022637542874
person_8.mp4,front,320,5340,59.92470636893879,848,478,144.47039723151897,142.58767121288136,165.68500377121939,163.68782122741013,82.94453991850418,82.82198432138578,18.358733401702334
person_8.mp4,front,321,5357,59.92470636893879,848,478,143.45135319517726,141.67867912324886,166.84639060410362,163.57576872070587,80.82969250400885,81.20217476739175,18.47356259757331
person_8.mp4,front,322,5373,59.92470636893879,848,478,143.40781589183183,142.71717598537805,166.7100790911577,165.7082192630928,80.03388602484813,80.83402940741382,18.747153404881896
person_8.mp4,front,323,5390,59.92470636893879,848,478,148.28113563358505,145.5620875360971,169.75225773351056,167.34388807987514,81.31215806074859,82.35456924599953,18.607693416783704
person_8.mp4,front,324,5407,59.92470636893879,848,478,147.56936516184405,145.19326669847052,168.81052529539082,166.779205286304,82.38406862333483,82.11316020088398,18.516428104962124
person_8.mp4,front,325,5423,59.92470636893879,848,478,144.39311079866954,143.46563790722004,167.5198118218098,166.09650502320943,81.8812004823545,80.603995279874,17.780106223145964
person_8.mp4,front,326,5440,59.92470636893879,848,478,143.45260544998803,142.62627848347014,167.24845822466042,165.50677612819854,81.68411030419793,80.8967666423865,17.28063293467839
person_8.mp4,front,327,5457,59.92470636893879,848,478,143.37099543338755,142.39716714508666,168.23887952190378,165.48337823067598,82.16985072033111,81.91937722213284,16.138725929586883
person_8.mp4,front,328,5474,59.92470636893879,848,478,142.9127861149063,142.1010194680736,170.3160263719381,168.04110874164397,82.01644794927671,80.58308109551449,13.543542311136138
person_8.mp4,front,329,5490,59.92470636893879,848,478,143.13916643691817,142.22966934790333,170.52975398810986,168.39152413316415,81.75507016375364,80.77118703713374,13.087006854262075
person_8.mp4,front,330,5507,59.92470636893879,848,478,140.73685195169477,142.23839313497555,169.83832679847254,168.46836146492905,79.35432855100494,81.12456744326632,13.037194811433304
person_8.mp4,front,331,5524,59.92470636893879,848,478,141.34841299207048,141.6135074916588,169.77529141574624,168.01458758613026,79.32150572733654,79.7565865020896,13.321053908059072
person_8.mp4,front,332,5540,59.92470636893879,848,478,139.48932311440265,141.2439639395115,169.70860409145166,167.98401796638728,77.56522681986806,79.0504036733571,13.119229216256278
person_8.mp4,front,333,5557,59.92470636893879,848,478,140.36872372363908,141.39315209113013,172.07473116678034,170.3783848396138,77.25758583455858,77.9468857269676,9.9960324759979
person_8.mp4,front,334,5574,59.92470636893879,848,478,140.54264152570636,141.29231725628765,171.57115772980995,170.39982138115673,77.80361363023201,78.38756515315207,10.173173896451873
person_8.mp4,front,335,5590,59.92470636893879,848,478,139.95457372901885,140.12025739758633,173.55297553617498,168.5873000395336,78.61472678077061,80.10661407924381,7.948754164535814
person_8.mp4,front,336,5607,59.92470636893879,848,478,137.8089328764371,139.12269711068066,171.02364947202756,167.57254170599697,77.96191551960571,80.01138157858766,9.030099795833399
person_8.mp4,front,337,5624,59.92470636893879,848,478,137.24044481968477,138.48683204423963,170.06020506297108,167.34736982456863,77.14124734635699,79.19345284544694,9.674456961912925
person_8.mp4,front,338,5640,59.92470636893879,848,478,136.80269428084588,137.88307553664995,170.1536873483421,167.1431789666442,76.92931416400685,78.89646569130309,9.421254020257502
person_8.mp4,front,339,5657,59.92470636893879,848,478,135.92851980600707,137.91424326977204,169.83807799793652,167.59244352725025,76.86710723771613,79.08616965544063,9.083330834502055
person_8.mp4,front,340,5674,59.92470636893879,848,478,134.9775513291322,136.5886578023945,169.89278791340195,168.15875285018478,76.17623452687491,76.63117142870186,9.507908889293317
person_8.mp4,front,341,5690,59.92470636893879,848,478,135.22834286139675,136.42613588536375,170.82309614887197,168.2027575305093,76.55120453665704,75.88299859280644,8.754288788512818
person_8.mp4,front,342,5707,59.92470636893879,848,478,135.55112088828588,136.62343204803935,170.22218707005766,167.79651058617486,76.2557024294605,76.02864253705819,9.276799475609321
person_8.mp4,front,343,5724,59.92470636893879,848,478,134.67600176231423,135.84162202344146,169.7832540244813,167.95786045353933,75.93174200694858,75.75992959822742,9.519900140159642
person_8.mp4,front,344,5741,59.92470636893879,848,478,137.31611383327916,138.13535036966655,170.35486745716992,169.4661383056503,78.60899649306137,78.83062321591629,8.095308225203071
person_8.mp4,front,345,5757,59.92470636893879,848,478,136.7248363849567,138.60986934904693,171.40324021052774,169.22279156143617,78.760193495977,79.83108408382901,7.05528773915196
person_8.mp4,front,346,5774,59.92470636893879,848,478,136.88644211482654,138.68148201376016,171.08278894790487,169.31908436433218,78.84107508779572,80.06426996545487,7.217132062046084
person_8.mp4,front,347,5791,59.92470636893879,848,478,137.07786839507352,139.36887657723452,169.81087755544522,169.4496939802274,78.11093386395564,79.46552024662789,9.131188877698087
person_8.mp4,front,348,5807,59.92470636893879,848,478,138.40914100862986,140.7099308227965,169.6212382417091,168.44160580359596,78.36805673518859,79.98146666924005,10.844474076348947
person_8.mp4,front,349,5824,59.92470636893879,848,478,139.20456386895083,141.88750120410683,169.4739887226867,168.40313355915282,78.582375149758,80.65974912622063,11.516804912772066
person_8.mp4,front,350,5841,59.92470636893879,848,478,140.2452923604403,142.45287568797264,169.58921517083212,168.30425549975593,78.99836204546877,81.1002243193805,11.990694878104351
person_8.mp4,front,351,5857,59.92470636893879,848,478,140.90304271821415,142.25195335540673,170.01915936732775,168.42879891094722,79.58381030500604,80.98968837082428,11.655983114556815
person_8.mp4,front,352,5874,59.92470636893879,848,478,140.8031602167148,141.95807596736964,169.29797946517513,167.66594821583718,79.48174312220385,80.92317390716312,12.349676888243398
person_8.mp4,front,353,5891,59.92470636893879,848,478,140.64821500019968,142.32848498372533,170.13849107588922,167.93779472802564,79.68029170072671,81.6133135155703,11.433104514918405
person_8.mp4,front,354,5907,59.92470636893879,848,478,139.5520223459222,141.41901790545114,169.6009512557745,166.87139419905398,78.80160147363523,80.69214855625788,12.228608976984331
person_8.mp4,front,355,5924,59.92470636893879,848,478,138.91372924531652,141.276106465087,169.48216164045454,166.8534189222899,78.66628525235373,80.66807776711401,11.98518018288457
person_8.mp4,front,356,5941,59.92470636893879,848,478,138.7653123199287,141.27278528731625,169.55859818925578,166.9334066109572,78.62819051775182,80.68099167383637,11.881453424035485
person_8.mp4,front,357,5957,59.92470636893879,848,478,138.46161024178724,140.90264695732094,169.62482523423625,167.22051493561062,78.32533412570413,80.2043686780771,11.910095930410275
person_8.mp4,front,358,5974,59.92470636893879,848,478,138.17826631076585,141.81950859315057,172.43092755832734,170.57832444685735,79.85645537433582,82.38948841894702,6.576776633654907
person_8.mp4,front,359,5991,59.92470636893879,848,478,136.58250502768334,140.75047398885516,171.761015605753,169.99038635292396,78.31345273512946,81.13802217465029,7.291113969312869
person_8.mp4,front,360,6008,59.92470636893879,848,478,134.37473242319606,138.309070915567,169.1575923400009,167.63967248146275,76.5615568300774,78.93583604501882,10.102327512002633
person_8.mp4,front,361,6024,59.92470636893879,848,478,134.4086776977958,138.30665018897855,168.44315055942997,166.24580372366225,76.44188240612452,78.91063259275332,11.262897912043211
person_8.mp4,front,362,6041,59.92470636893879,848,478,134.57472903294854,138.31396327192599,168.45398142960582,166.1371729460217,76.52785597123851,78.75693106262764,11.334728646861828
person_8.mp4,front,363,6058,59.92470636893879,848,478,134.69676898780878,138.57641848995763,167.4396748912373,165.6871992168007,76.57098900937005,78.93797489799661,12.282314424428163
person_8.mp4,front,364,6074,59.92470636893879,848,478,135.112451257444,138.74175576292626,167.78247514668396,165.7567290499985,76.70581835735123,79.0502198419569,12.2720452948842
person_8.mp4,front,365,6091,59.92470636893879,848,478,136.42147009648554,139.83858073421462,171.60085562432837,168.23587762403082,78.15016215232404,81.03631817537214,8.294450924617141
person_8.mp4,front,366,6108,59.92470636893879,848,478,136.1906403131549,139.11148764827416,171.3317377982743,167.77135692194773,78.03775735428856,80.6482193664647,8.466921209543717
person_8.mp4,front,367,6124,59.92470636893879,848,478,136.06837901565004,138.76824648806735,171.0319429623498,167.61801411557659,77.88304024252982,80.37478546957843,8.771222986282858
person_8.mp4,front,368,6141,59.92470636893879,848,478,135.28003646785677,137.91127213457665,170.97644903388297,167.1148989640831,76.84114522241723,79.47008105315363,9.47262623294306
person_8.mp4,front,369,6158,59.92470636893879,848,478,136.71754262534844,139.69950303984868,172.3621978822432,170.4579579170854,78.95183192045947,81.31585737350787,6.292656132907769
person_8.mp4,front,370,6174,59.92470636893879,848,478,136.59812522643625,139.72781512801075,170.64049970401723,169.46693021253432,78.32801566144747,80.72511080615268,8.751921541274498
person_8.mp4,front,371,6191,59.92470636893879,848,478,137.09013271635249,140.3976327020757,171.1536710244191,169.29136389896524,78.94057416490706,81.73172919559393,8.51118490415768
person_8.mp4,front,372,6208,59.92470636893879,848,478,137.89933153573563,140.61608144409928,172.27030983914656,170.47859782082642,79.33809441642092,81.8067884068847,7.226513187822794
person_8.mp4,front,373,6224,59.92470636893879,848,478,136.9592902621847,139.6824304450166,172.01085730233464,168.4012324031759,77.90543573526938,80.64319082478771,8.938895476389034
person_8.mp4,front,374,6241,59.92470636893879,848,478,138.45918072420136,140.67034845645085,171.90214524766589,168.4623942756181,79.35856751846245,81.76182662128322,8.963254969503621
person_8.mp4,front,375,6258,59.92470636893879,848,478,139.4705894713174,141.4203611002448,173.59132042610318,170.1752128328093,80.40006346784122,82.93945700652456,6.789199636923235
person_8.mp4,front,376,6275,59.92470636893879,848,478,139.41200723841393,140.549739135512,168.72567278558583,165.58755252296845,79.44134128355404,81.57475124518547,13.150466398828229
person_8.mp4,front,377,6291,59.92470636893879,848,478,139.72759532173154,140.84656209910366,168.10361167317612,164.92208572591747,79.52156151209785,81.88445252235515,13.943025727731898
person_8.mp4,front,378,6308,59.92470636893879,848,478,140.15182949067457,141.50941591857142,167.94794818863258,166.28542974270943,79.61091905862648,81.66450764754121,14.362259298009636
person_8.mp4,front,379,6325,59.92470636893879,848,478,140.0994351141946,141.87817048703306,168.32078371420067,166.2968549859868,79.85966505473098,82.39043016316397,13.932472093855456
person_8.mp4,front,380,6341,59.92470636893879,848,478,139.51994757864765,141.15594759799671,167.52618949053834,165.11878833499955,78.79281985302636,81.03639451458993,15.526385591027838
person_8.mp4,front,381,6358,59.92470636893879,848,478,140.1934087502479,141.57858721302824,166.68066113025398,165.83426725842168,78.56565444621663,80.35517857560112,16.459454148136793
person_8.mp4,front,382,6375,59.92470636893879,848,478,144.72428669550874,144.3296029702976,169.94099670373396,168.03319902772427,80.22138498913756,81.26074411796861,15.587291015792836
person_8.mp4,front,383,6391,59.92470636893879,848,478,145.83460024686963,145.10727609589483,169.02665929907388,167.4528481668932,80.59132354959452,81.6214315355586,17.09335228722931
person_8.mp4,front,384,6408,59.92470636893879,848,478,145.80880477000625,145.0173332910578,171.18278445109817,166.71972098283499,79.23451374707749,81.25732523962728,17.197363900896814
person_8.mp4,front,385,6425,59.92470636893879,848,478,145.0910933103788,145.37158692749557,169.8389041514618,167.667591198752,79.13471396334022,80.92281193554284,17.42483980644938
person_8.mp4,front,386,6441,59.92470636893879,848,478,145.89654867269954,145.85965668910794,170.92473985630298,168.40562005222668,79.25256909772685,80.82477144672934,16.923646332736432
person_8.mp4,front,387,6458,59.92470636893879,848,478,145.5752554555686,146.27309883836375,170.77030917089638,169.30980185706443,79.21567676790787,80.55406175415766,16.510181510714997
person_8.mp4,front,388,6475,59.92470636893879,848,478,146.24752777235125,146.11964087851604,171.92404348194412,169.5151700004223,78.79726212601118,80.5090707620155,16.109660488366426
person_8.mp4,front,389,6491,59.92470636893879,848,478,148.48030079799832,145.84040204258824,173.09997990155193,168.99403700790432,79.51358476160337,80.32281124276234,16.333113473468465
person_8.mp4,front,390,6508,59.92470636893879,848,478,151.71778660205527,146.8747418886541,174.06587951944493,169.33261984671105,81.07993721456494,81.53862092563692,16.125477577692312
person_8.mp4,front,391,6525,59.92470636893879,848,478,152.34901144343345,148.1040295127419,174.61611615238147,169.23793778065814,80.97232812341663,82.89196897742154,16.235759449856
person_8.mp4,front,392,6542,59.92470636893879,848,478,150.366797810096,147.7106753718176,173.90613759577855,169.14330968054298,79.88946827691375,81.9433950134671,16.318228151406245
person_8.mp4,front,393,6558,59.92470636893879,848,478,151.04103603299012,147.73863994563553,173.76106183040142,169.2584777969272,80.19984215386638,81.72648019225525,16.32292816495198
person_8.mp4,front,394,6575,59.92470636893879,848,478,153.2792978364629,149.30833855229707,174.13638479633963,169.24442464222406,80.77408053351687,83.2829311185325,16.31016256300107
person_8.mp4,front,395,6592,59.92470636893879,848,478,151.79846997406534,149.30954298380408,173.7561450858596,169.07280203400327,80.46593999596183,83.18537619276908,16.384610793321446
person_8.mp4,front,396,6608,59.92470636893879,848,478,151.71643970965113,149.36510788400642,173.4487275803006,169.21038726431826,79.89831112956655,83.10951960996388,16.359401392208618
person_8.mp4,front,397,6625,59.92470636893879,848,478,150.76502843719445,148.06489333694486,173.15009390819242,167.03963035888958,79.07688489107308,83.02410592416786,16.998499736896058
person_8.mp4,front,398,6642,59.92470636893879,848,478,149.10717097850093,146.49761780634435,172.53879145219685,164.72725485556577,78.73630818572715,81.98999669400914,18.579775948783325
person_8.mp4,front,399,6658,59.92470636893879,848,478,150.30231151214292,146.43349459846678,172.36616589461656,164.63047277907367,79.03700798325166,82.67079131634853,17.457854104432467
person_8.mp4,front,400,6675,59.92470636893879,848,478,150.13385989167392,145.73810907888216,171.93760238944057,165.484972961499,78.94039715060819,83.0204334635194,17.132094022869293
person_8.mp4,front,401,6692,59.92470636893879,848,478,147.44457867310595,145.1934007775695,170.7948741151238,165.43984799920034,79.83996349177085,83.39283478191872,17.746131051425593
person_8.mp4,front,402,6708,59.92470636893879,848,478,146.6863052922425,144.02407156077712,170.26331353683537,163.95673669821952,79.39371983977745,82.67590526746844,18.260232073356246
person_8.mp4,front,403,6725,59.92470636893879,848,478,147.53871326281768,145.09558701669633,170.85244067078588,164.01777432428474,79.83144362713607,83.2798917423215,16.927591256918202
person_8.mp4,front,404,6742,59.92470636893879,848,478,147.01356149175183,144.9363859711133,170.66701685644526,164.76141674404235,81.21000392049216,82.12017105171131,16.04644026706389
person_8.mp4,front,405,6758,59.92470636893879,848,478,138.00356424177954,140.4226592711595,167.0074044350945,164.500513816729,78.29485139859153,77.85115406019592,17.74299307550625
person_8.mp4,front,406,6775,59.92470636893879,848,478,133.26503364447598,139.18660908286674,163.89426785948632,165.28341567996273,77.3795822555924,76.40240277555493,17.727745269900634
person_8.mp4,front,407,6792,59.92470636893879,848,478,134.65429464239256,140.22939503169903,164.83816300722745,166.10389907066968,79.23035934928308,76.31062547921309,16.386886415091475
person_8.mp4,front,408,6809,59.92470636893879,848,478,128.61608648305608,140.0605233771998,159.64962401300494,163.327397549872,78.18731599454664,76.19513518703403,18.42038279756627
person_8.mp4,front,409,6825,59.92470636893879,848,478,127.51679152522995,140.325368417488,156.79542398815883,163.92251845102658,77.93533418768455,76.2481885342323,19.18683407731721
person_8.mp4,front,410,6842,59.92470636893879,848,478,121.79866160155984,139.47845725971015,150.43481111995663,163.57857607640665,77.29122029807273,75.92461464802923,20.29863704536847
person_8.mp4,front,411,6859,59.92470636893879,848,478,124.13729847626706,140.62921838286002,150.24813840759688,164.08067770231165,79.98754587584335,79.64341778033463,19.665810872472775
person_8.mp4,front,412,6875,59.92470636893879,848,478,127.55614773480178,143.45633770710216,154.41030739279134,163.66245817027612,81.06775938057422,82.01030297637853,18.618415825592876
person_8.mp4,front,413,6892,59.92470636893879,848,478,123.03415366582398,141.25150602070488,150.20008132925136,162.55167893177108,80.32837375910297,80.18719800614359,19.21606335618158
person_8.mp4,front,414,6909,59.92470636893879,848,478,121.5753481661133,141.26819105980263,147.98188562564775,162.18560236096758,80.8432607319747,79.78425942096722,19.31702764469101
person_8.mp4,front,415,6925,59.92470636893879,848,478,98.5036753438072,135.79006477649096,125.35733393452618,159.73350474703147,75.63518292977834,77.5920560720292,21.934674218708896
person_8.mp4,front,416,6942,59.92470636893879,848,478,94.84004696567148,130.82836367558536,121.2063375045899,158.13902066492867,74.14632310995228,72.86276811173093,24.164549240442934
person_8.mp4,front,417,6959,59.92470636893879,848,478,97.2691240311617,131.22299756895057,121.47380596460557,157.3821032200562,76.09864558265166,72.77373383086477,25.17309897680134
person_8.mp4,front,418,6975,59.92470636893879,848,478,89.33908030607513,121.13195686385299,113.34843989335036,145.48290429548598,76.81769357233689,73.69334349053182,24.891574371960054
person_8.mp4,front,419,6992,59.92470636893879,848,478,84.55906811056133,113.81116389593912,109.2001408318617,138.46661972010435,75.30737975257334,72.8688198649369,25.695935958675744
person_8.mp4,front,420,7009,59.92470636893879,848,478,84.06203347204068,95.21348705274296,109.85900105813569,121.2141676000663,75.97661643989844,74.16257118619409,23.340077810392113
person_8.mp4,front,421,7025,59.92470636893879,848,478,82.9713443251274,93.92480264691446,108.18301611383104,120.19206478976503,76.8386426950037,74.23739966844191,22.971389428839608
person_8.mp4,front,422,7042,59.92470636893879,848,478,84.49151381176293,93.26748615404752,107.93854700943275,117.13423912365805,77.20840249682098,74.7560399741131,23.886378321110417
person_8.mp4,front,423,7059,59.92470636893879,848,478,80.61452663573088,84.3319225618256,105.9667214382708,111.23729054794738,76.88770807563345,76.22685276034315,21.486967278949656
person_8.mp4,front,424,7076,59.92470636893879,848,478,77.67173287372687,83.26492489230385,103.57899274512819,112.22757216389805,76.57959824727445,75.57576801741796,20.389742388801775
person_8.mp4,front,425,7092,59.92470636893879,848,478,82.7741994673918,90.47121855389115,107.58340897114829,113.45416480371351,80.2562118484337,79.78220253982711,20.27282730488019
person_8.mp4,front,426,7109,59.92470636893879,848,478,83.49514259044254,87.6557682488572,109.92877555189504,110.797761340588,83.75106449627917,82.93176646724895,16.009531780542623
person_8.mp4,front,427,7126,59.92470636893879,848,478,86.13681811319441,90.8818068346315,117.92713512683936,114.90666816336989,86.20765916704732,85.91362577367661,10.088943243500909
person_8.mp4,front,428,7142,59.92470636893879,848,478,81.97120774457989,86.32831987598595,116.69663461232273,113.71673849512668,84.75236005778586,84.36370945849602,9.067178087391074
person_8.mp4,front,429,7159,59.92470636893879,848,478,85.78333260155372,89.75570514468983,120.46876703347371,118.11663558257936,88.17328262265985,88.34581431859971,4.914806864247687
person_8.mp4,front,430,7176,59.92470636893879,848,478,88.13399162514018,93.3447267042092,125.69634081821016,122.43867740369076,91.13571425956118,91.6645649476226,2.812497311750867
person_8.mp4,front,431,7192,59.92470636893879,848,478,80.65967322979333,84.96772759514775,121.71065791816002,125.43586365718024,88.34763415246165,87.23172998156927,4.665131678613589
person_8.mp4,front,432,7209,59.92470636893879,848,478,83.76206296075085,89.49080176011121,125.37884261127071,128.6218139675071,91.6496727966337,90.97183153166685,6.9644257504987594
person_8.mp4,front,433,7226,59.92470636893879,848,478,78.08797539980779,83.36808481033452,119.26560244431123,124.74718708422172,86.9658857697563,86.06482765281245,4.130024194849203
person_8.mp4,front,434,7242,59.92470636893879,848,478,79.8066600703966,83.68228804126332,118.4369519751507,121.57164500820399,89.34454363165052,87.90538354833433,3.5920747215637294
person_8.mp4,front,435,7259,59.92470636893879,848,478,76.78587564169105,80.78363816633274,116.31548128482163,120.63315650398188,86.45856511236532,85.33594324634457,3.045040548660893
person_8.mp4,front,436,7276,59.92470636893879,848,478,78.22296331222076,82.64926673797402,117.9268522781084,122.1132006591053,88.21233899205747,87.35556783214051,3.887585298816109
person_8.mp4,front,437,7292,59.92470636893879,848,478,75.63959754258565,79.87764646226933,114.78121953983172,119.43581266338867,86.49624010801189,85.44479345243577,2.989202598023325
person_8.mp4,front,438,7309,59.92470636893879,848,478,76.51339927419485,81.4902276176536,116.97008707105239,122.20173684058867,87.97073781584615,87.09489454243352,3.9600236012586794
person_8.mp4,front,439,7326,59.92470636893879,848,478,73.52212724228825,78.77566262834748,115.66732647855818,120.75291140348945,85.5922181892137,84.92734177590899,3.3874335830689035
person_8.mp4,front,440,7343,59.92470636893879,848,478,74.12805545054891,79.52859455498232,114.89540002085651,119.23336630680409,86.61871771950841,86.11458036814341,3.1582238160337917
person_8.mp4,front,441,7359,59.92470636893879,848,478,73.51806341509351,79.17261777588868,116.39777709822599,120.66827283853023,85.23746751335567,83.97288753194903,3.4461940350080904
person_8.mp4,front,442,7376,59.92470636893879,848,478,73.15872738502928,79.11112527801306,115.022599253347,119.4397562402375,85.65781484306963,84.32919076147704,3.1059198393973193
person_8.mp4,front,443,7393,59.92470636893879,848,478,70.15123184029227,78.86102887630373,110.76586245661389,117.25268321398035,83.01238032254585,85.03013061528975,4.062067928837676
person_8.mp4,front,444,7409,59.92470636893879,848,478,69.087376465872,75.71583373843757,108.42583183248786,115.55695831993059,82.23658507546311,82.24375452569187,5.079647610422739
person_8.mp4,front,445,7426,59.92470636893879,848,478,69.04162074524386,75.0727682395874,108.28715030036176,115.26880356438795,82.00699272684017,81.47622940705052,5.314549238186214
person_8.mp4,front,446,7443,59.92470636893879,848,478,68.74276330957423,75.07602130974959,107.31869779374983,114.28411600924612,81.00191890266625,82.05999103368843,6.30901284212644
person_8.mp4,front,447,7459,59.92470636893879,848,478,67.60280542867265,72.2574261105653,105.60396663697216,112.50194870296374,79.9804587396542,79.67973388390095,7.226742311211617
person_8.mp4,front,448,7476,59.92470636893879,848,478,69.96060496166088,72.32269047792082,107.08128475189697,113.66543983929631,81.98707575606066,80.6550925076176,6.56045713800524
person_8.mp4,front,449,7493,59.92470636893879,848,478,68.93914451212491,72.30542111542398,105.7758740885876,112.78277974892185,81.00059145353458,79.83094487963758,7.668721044471864
person_8.mp4,front,450,7509,59.92470636893879,848,478,71.02975915085062,73.53405751418858,107.62009390249675,115.09117444294407,82.37168536374568,80.44187374646312,6.192824689362073
person_8.mp4,front,451,7526,59.92470636893879,848,478,72.01923808772582,73.77912632823062,109.37679035556776,116.56578889589828,83.00131517744073,80.3368008288976,4.985147180551992
person_8.mp4,front,452,7543,59.92470636893879,848,478,71.95995770755201,74.58134699098434,109.92833441528066,116.33893179392282,82.68258015836322,80.68002613669238,5.077516184767979
person_8.mp4,front,453,7559,59.92470636893879,848,478,76.01561804518415,77.61152509756826,121.21200616519128,117.5417272315481,85.2364421860319,82.67691184822591,3.2321256748798626
person_8.mp4,front,454,7576,59.92470636893879,848,478,75.7171652816616,77.58459102888136,117.07181675993061,116.11616320177251,84.87255527796133,83.1191077914847,3.3315347979794185
person_8.mp4,front,455,7593,59.92470636893879,848,478,81.3137739308986,81.08721136082234,122.72989271629643,117.90099079053772,87.62006549523412,83.95765223424603,2.8946616302492507
person_8.mp4,front,456,7610,59.92470636893879,848,478,79.634713500245,81.8494900472468,117.800952645663,115.52764546661736,86.41050865996203,84.20385915298647,4.454815011055064
person_8.mp4,front,457,7626,59.92470636893879,848,478,76.36634749588592,80.8154251186648,115.8984514091593,118.57609387883842,82.5095275043708,80.9650319855748,5.672231035167192
person_8.mp4,front,458,7643,59.92470636893879,848,478,78.84288299476657,83.47306094264698,117.36887254530065,120.27401326540283,83.50400726516585,81.93811989321887,5.779169979631409
person_8.mp4,front,459,7660,59.92470636893879,848,478,80.52258855876588,86.56453345871704,120.02701393945905,123.07815253295334,82.68674209159356,81.94053401650588,5.442204606792966
person_8.mp4,front,460,7676,59.92470636893879,848,478,81.236243055258,83.19156190828846,109.49319333987174,111.4392317118233,82.6557868468041,82.11354232820412,15.440287107670159
person_8.mp4,front,461,7693,59.92470636893879,848,478,71.47173562594428,77.13553246718094,104.04159137759426,109.94783198819917,75.27962828210089,74.64895810360544,16.309417688720202
person_8.mp4,front,462,7710,59.92470636893879,848,478,82.50672764850562,90.5324616136396,115.43515798931818,119.74184118159991,80.0510502483941,79.95766547216468,14.194302948169899
person_8.mp4,front,463,7726,59.92470636893879,848,478,82.96763253337903,89.98714096986684,113.6768201575259,119.2306925124214,79.37352282404625,78.73959210327861,15.54026822259682
person_8.mp4,front,464,7743,59.92470636893879,848,478,90.78196512272461,97.69003207902756,120.48403771683878,122.5367591094379,81.70515519583432,81.59677942037645,14.92746516529381
person_8.mp4,front,465,7760,59.92470636893879,848,478,93.67936114671005,102.57157595830002,124.76671839201227,128.19455464421443,81.05266219925056,81.25743171006135,13.854843813307472
person_8.mp4,front,466,7776,59.92470636893879,848,478,106.62405852892601,112.73744217175691,142.80957677496818,138.38726985651405,83.84649466253414,82.92940411096365,7.905681111371069
person_8.mp4,front,467,7793,59.92470636893879,848,478,104.77594705945515,123.46221048417969,140.50982197265077,150.08228961631372,81.80257235030473,78.88612089460484,10.960577058989664
person_8.mp4,front,468,7810,59.92470636893879,848,478,96.86969138273949,116.77706783663989,126.9481553447845,146.90541296299267,75.13538754395792,73.89305361995228,17.6334181035279
person_8.mp4,front,469,7826,59.92470636893879,848,478,105.24996989596528,122.35073539775348,129.22235818946277,149.26068913815058,79.28319011435671,77.71495483733827,18.27790603807277
person_8.mp4,front,470,7843,59.92470636893879,848,478,108.33649711644757,127.9777270374474,135.58731979756425,157.59400083368874,78.23520099316973,76.51678111947743,16.539039440491507
person_8.mp4,front,471,7860,59.92470636893879,848,478,116.23770652960641,133.59286442199942,143.82382951094766,162.84561548285495,78.28054401563011,76.44852757494982,15.79340943772803
person_8.mp4,front,472,7877,59.92470636893879,848,478,126.98375520629564,141.3750196879813,151.36521116717628,166.4455427519945,81.39034098883059,79.79927925743407,15.874004825486251
person_8.mp4,front,473,7893,59.92470636893879,848,478,125.13836213455829,143.44873999375156,149.42787535879586,170.18624359902608,80.66834760576073,79.37651247682726,16.344581289672295
person_8.mp4,front,474,7910,59.92470636893879,848,478,128.67073432151997,143.80857429832201,152.20611423863488,169.0417372990975,81.76737441683018,80.16533573733359,15.936314602970297
person_8.mp4,front,475,7927,59.92470636893879,848,478,130.87915595743294,142.18061504778007,156.380904413907,166.64086604977905,81.9041619918778,81.79170704547012,13.576430725467018
person_8.mp4,front,476,7943,59.92470636893879,848,478,128.11469671315157,141.67367963221784,155.51992758232086,168.20997038685013,78.56388554340703,79.18490236271163,14.896616815264611
person_8.mp4,front,477,7960,59.92470636893879,848,478,126.55565581022071,140.17436195383294,157.1920408374125,170.06463017432364,75.90488882919888,76.46807824057325,14.242982279814603
person_8.mp4,front,478,7977,59.92470636893879,848,478,129.2980846002411,142.2024151612008,157.0060424494112,170.39270083016544,76.68496002944138,77.25538009786388,16.323739696239755
person_8.mp4,front,479,7993,59.92470636893879,848,478,128.69267411350646,141.20056502064355,157.46003972069093,168.8111730627269,76.04841248007719,77.94627260577812,16.228889671433286
person_8.mp4,front,480,8010,59.92470636893879,848,478,127.89511849902983,139.6141490596877,159.43388393992666,166.27771114255947,73.6059323888414,76.81695999231013,17.84388513103308
person_8.mp4,front,481,8027,59.92470636893879,848,478,131.87221286596338,140.14808397998485,162.91908411976834,164.2656838682676,74.83658185108507,78.25136208101195,18.131074241239997
person_8.mp4,front,482,8043,59.92470636893879,848,478,132.89604993161015,139.15621275845052,163.74849327385277,160.35073531520752,75.97110703121184,79.87472150657267,18.684878825242897
person_8.mp4,front,483,8060,59.92470636893879,848,478,134.73741264928816,138.67497974920485,164.7081017608303,160.79707105655007,76.88499223846806,79.74491740169984,17.768340801237628
person_8.mp4,front,484,8077,59.92470636893879,848,478,133.58458105715982,139.16281683995877,163.78053753772463,163.32596640535075,76.40129428522442,79.00206420364307,17.756563045246295
person_8.mp4,front,485,8093,59.92470636893879,848,478,137.0117581127855,139.85666939186146,165.46539687254963,163.48609800853896,78.10555607005696,80.11092445291081,17.353358506844938
person_8.mp4,front,486,8110,59.92470636893879,848,478,138.78285656367828,140.6714234064168,166.61001272356881,164.54744445597754,77.96338589912412,80.08609720055924,17.07481542783975
person_8.mp4,front,487,8127,59.92470636893879,848,478,142.2120236855015,143.57361522017777,167.6954014391579,166.3080189555219,80.48395243300955,81.02847361679704,16.928177755166207
person_8.mp4,front,488,8144,59.92470636893879,848,478,141.8444073221479,143.22652679243086,167.70797857011212,166.9531036525088,79.99458843864012,80.38586226243747,16.475831277935324
person_8.mp4,front,489,8160,59.92470636893879,848,478,145.45463584053647,144.50005594043677,169.47097678974728,167.74098870905465,80.96151264312482,80.96278941198429,16.207812837564884
person_8.mp4,front,490,8177,59.92470636893879,848,478,146.53980253408523,146.95437763719633,169.46337677143947,168.98206108392813,83.17205496042513,83.04603540568155,15.784008911250643
person_8.mp4,front,491,8194,59.92470636893879,848,478,145.0048471606905,145.99174167977782,170.333364037835,170.46247438660384,82.06524768145886,81.88285670306867,13.872443933957607
person_8.mp4,front,492,8210,59.92470636893879,848,478,143.19968836697583,143.58362018142122,171.30080484110357,169.4649114770862,80.53252446059871,80.7386976361521,12.482226067497946
person_8.mp4,front,493,8227,59.92470636893879,848,478,141.5365592094798,142.4396840593085,173.12247829705834,172.07910220086208,79.37308292463185,79.57760265656273,8.500617969862612
person_8.mp4,front,494,8244,59.92470636893879,848,478,142.82667148610398,143.474190994748,173.07990687051014,171.4434041176353,78.69850944491779,81.22966185723895,9.181366162415728
person_8.mp4,front,495,8260,59.92470636893879,848,478,143.1620727134488,143.05300688433036,172.71870230121795,170.43700818665977,79.31693252505035,81.48479367736137,9.795630570794842
person_8.mp4,front,496,8277,59.92470636893879,848,478,142.44120415887164,142.18626566708986,174.64616657700276,171.658940457703,78.47750691635453,80.67672917394212,7.364999390852828
person_8.mp4,front,497,8294,59.92470636893879,848,478,142.51726319991442,142.17563235788583,173.986194068503,172.17653086860867,79.09577054801093,79.71370685648074,7.824054654802985
person_8.mp4,front,498,8310,59.92470636893879,848,478,142.70414784367725,142.16963790246385,175.23595120026317,172.44840456710727,78.90184514374948,79.56864952882485,6.362007989914948
person_8.mp4,front,499,8327,59.92470636893879,848,478,143.86892334581606,143.28906592669694,175.54943358595546,174.2342896907466,80.11763745135386,81.41880465196068,3.2230697438367835
person_8.mp4,front,500,8344,59.92470636893879,848,478,145.16193725975185,144.20529005029388,175.63749443688928,176.12162919959152,81.92929773642776,83.27254241410506,1.3107891487039052
person_8.mp4,front,501,8360,59.92470636893879,848,478,144.58235128272202,142.37735600048552,176.06739820990342,174.8207418907283,81.01200164931763,80.54294070892156,2.8563600023069533
person_8.mp4,front,502,8377,59.92470636893879,848,478,143.86185943256078,142.24782117666518,176.02408637155403,173.6320896891231,80.26809775100966,81.05082307672059,3.9598775989398307
person_8.mp4,front,503,8394,59.92470636893879,848,478,143.79556647506467,142.58980324836935,176.22380848008973,173.71524551669117,80.50054915563112,80.94581312103807,4.0605357107928315
person_8.mp4,front,504,8411,59.92470636893879,848,478,143.25749935617117,141.59334829520327,176.02321729929224,172.8862097007198,79.35480924250952,79.60320652280163,4.613583975796218
person_8.mp4,front,505,8427,59.92470636893879,848,478,141.9397277234046,141.29846971270698,175.74250693982273,172.91134604277806,78.9918938331256,79.28950681910563,4.374839997557838
person_8.mp4,front,506,8444,59.92470636893879,848,478,140.19581992506957,140.98095631986354,175.0782104213814,172.13347337341636,78.38412628733398,79.46960023594372,4.703308038610136
person_8.mp4,front,507,8461,59.92470636893879,848,478,137.5518962644928,139.12342542397332,174.42082399455492,171.708029987478,76.9060637578069,78.49856774307675,5.02353137793236
person_8.mp4,front,508,8477,59.92470636893879,848,478,137.43151844705832,139.38232070558567,174.39729505325874,171.53790771205513,76.85873264747119,78.64398531713883,5.178320869918091
person_8.mp4,front,509,8494,59.92470636893879,848,478,138.22703987306784,141.79021389999755,173.5133942069171,171.63461511084574,76.99514246895659,80.63117892829149,6.673412705796977
person_8.mp4,front,510,8511,59.92470636893879,848,478,138.3954281937975,141.8822390567933,175.05077968962985,173.4359027744374,77.31999004776789,80.5218023260381,4.284610907703615
person_8.mp4,front,511,8527,59.92470636893879,848,478,138.53514213150748,142.01869682169692,174.6320060421997,173.26164381954501,77.52252593961197,81.10150635903837,4.773862424201277
person_8.mp4,front,512,8544,59.92470636893879,848,478,138.32696655640584,141.33128914454036,174.47834101468595,172.786966730527,77.54421682808956,80.63282720678436,5.092576644483693
person_8.mp4,front,513,8561,59.92470636893879,848,478,138.65168304701223,141.31944390130764,174.97520846494095,172.13799035024,77.82307518995472,80.72829355048947,4.8369963835081995
person_8.mp4,front,514,8577,59.92470636893879,848,478,139.06277810074934,141.7996036571339,175.1498587164038,172.07931230226814,77.65712836998392,80.89718655172233,5.100142640138327
person_8.mp4,front,515,8594,59.92470636893879,848,478,140.00993250822123,142.33648421995903,175.8351019194239,173.369547989966,78.59948482963821,81.18248669535481,3.644807008344262
person_8.mp4,front,516,8611,59.92470636893879,848,478,140.0222489155067,142.25495990471805,175.82346112799613,172.9184690859423,78.59646168932662,81.32260997230026,4.015843499733645
person_8.mp4,front,517,8627,59.92470636893879,848,478,138.4573802624464,141.9662873600809,175.24539532245834,172.6734524323495,78.13942231070122,81.16554761345597,4.097474641065589
person_8.mp4,front,518,8644,59.92470636893879,848,478,137.5302293154956,141.78264510075627,175.05337239223147,173.0614087064861,78.14136151516144,81.25216257338789,3.346702698643494
person_8.mp4,front,519,8661,59.92470636893879,848,478,136.7059365088565,141.24570318835117,174.7888762326636,173.42211116289872,77.76752385128344,81.13028451780242,2.6800169391606685
person_8.mp4,front,520,8678,59.92470636893879,848,478,138.06335031478162,142.44670909125756,175.582761728717,174.76952821008643,79.41349534157987,83.0302717220227,1.1974944315348592
person_8.mp4,front,521,8694,59.92470636893879,848,478,138.00482545124186,142.37853564834853,175.80177944063618,174.41979051829756,79.3970761374631,83.13721687546257,1.170916191659681
person_8.mp4,front,522,8711,59.92470636893879,848,478,139.7608337618273,143.1429770261197,175.51416069983352,174.07957829581366,80.02616413410662,83.6647248342869,2.565575754575154
person_8.mp4,front,523,8728,59.92470636893879,848,478,141.9086186490185,143.0832509900829,174.0443593056437,169.81011056837917,80.72181640622799,83.59220836538903,7.3603922258601395
person_8.mp4,front,524,8744,59.92470636893879,848,478,142.40730810410219,143.09583104181863,174.1540361474515,169.08203030596624,80.7496785766641,83.5152986002939,7.945155030060077
person_8.mp4,front,525,8761,59.92470636893879,848,478,142.17795734060203,143.00920132182858,175.60129280193354,169.02243915419024,80.46321239421654,83.18706313372199,6.674556777115242
person_8.mp4,front,526,8778,59.92470636893879,848,478,142.11855098386962,142.8507498094059,174.00462703331053,168.50584953495914,80.36356266350695,83.02503532604774,8.15943514306332
person_8.mp4,front,527,8794,59.92470636893879,848,478,140.21566895261506,142.0272199825127,173.65186910565137,168.54531137976568,78.63809595170638,82.162942644587,8.013660512198436
person_8.mp4,front,528,8811,59.92470636893879,848,478,140.4329338534836,142.13271918000575,173.6368727795541,168.73175630392367,78.98697094023987,82.13251164485483,7.770003756562709
person_8.mp4,front,529,8828,59.92470636893879,848,478,139.5420644466947,141.83236696132144,173.38767381043294,168.61488064328077,78.53749275005343,81.84447602995516,7.940998257022136
person_8.mp4,front,530,8844,59.92470636893879,848,478,139.40606880658618,141.77868163386418,173.33561183109825,169.0612697707473,78.53206459138642,81.82471888680962,7.647679291438448
person_8.mp4,front,531,8861,59.92470636893879,848,478,139.63356560930973,141.80983866131385,173.4018717592587,169.25149348408593,78.76257831006012,81.88545722344449,7.590351882817886
person_8.mp4,front,532,8878,59.92470636893879,848,478,139.39414055675852,141.5513851559592,173.34157463860095,169.36725532102528,78.68508519472154,81.69231851422404,7.409360927234783
person_8.mp4,front,533,8894,59.92470636893879,848,478,138.87841385733006,141.58960268674232,173.23833257597462,169.3966578512712,78.52037045468515,81.60870453396126,7.488135586761596
person_8.mp4,front,534,8911,59.92470636893879,848,478,139.00916501023363,141.34952299518713,173.33894794571313,169.36754645601562,78.47862799985782,81.1241137146214,7.493100433997134
person_8.mp4,front,535,8928,59.92470636893879,848,478,138.92223163915853,141.37540482254929,172.19297924054348,168.16219291753293,78.6493586011987,81.15895935892985,8.874100309833684
person_8.mp4,front,536,8945,59.92470636893879,848,478,139.35933884176254,141.07220104679925,171.25294749831323,165.5790880604988,78.01365573910341,80.78896124073243,11.74821442744509
person_8.mp4,front,537,8961,59.92470636893879,848,478,139.09294237521982,140.25201104131895,170.97557432385383,166.32340677156253,77.99355333272004,80.57018791441354,11.013810840118026
person_8.mp4,front,538,8978,59.92470636893879,848,478,139.08118517394058,140.6358155024464,171.4258521467495,166.45447182547076,77.89374221722338,81.31797374499823,10.609893014094027
person_8.mp4,front,539,8995,59.92470636893879,848,478,138.9540008800372,140.41552725730452,171.28961053876048,166.96782996427993,77.91716297634858,81.06109625672944,10.375250287125287
person_8.mp4,front,540,9011,59.92470636893879,848,478,138.21380269693665,140.04883228270947,171.17888753883352,166.95479282185676,77.43856488493137,80.4963041736673,10.356456312512282
person_8.mp4,front,541,9028,59.92470636893879,848,478,138.48887192414298,140.24415679025552,171.20747472775741,167.4584847478854,78.15991805144593,80.95793556354052,9.976283185744204
person_8.mp4,front,542,9045,59.92470636893879,848,478,138.81054431852291,140.24072495726057,169.46087387285166,166.5787104847179,77.81281427164124,80.52120856683935,12.182619183866102
person_8.mp4,front,543,9061,59.92470636893879,848,478,138.66327476289837,140.27648585838077,169.67703177125364,166.93462904625702,77.98705762023526,80.87559364785187,11.6141613836262
person_8.mp4,front,544,9078,59.92470636893879,848,478,138.65449483495846,140.42198757018588,168.8283726800928,167.025931292402,78.08646548111062,81.01167511907852,12.145255975796694
person_8.mp4,front,545,9095,59.92470636893879,848,478,138.04541829511507,140.31400428972964,169.98333925857963,167.68483428125737,77.65140390198181,80.45353495584888,11.112711127009288
person_8.mp4,front,546,9111,59.92470636893879,848,478,138.34974889850358,140.3634283130675,170.1725126434136,167.49834658713246,77.8110188864836,80.29047858842956,11.173021110869435
person_8.mp4,front,547,9128,59.92470636893879,848,478,137.59918718949194,140.26646169506031,170.5604222553375,167.57690640477836,77.51846212861408,80.16439806391026,10.641331698141515
person_8.mp4,front,548,9145,59.92470636893879,848,478,137.4543839871043,140.2010191330269,170.30734965100837,166.96059403717916,77.05891097172389,79.59770044461378,11.259827555225426
person_8.mp4,front,549,9161,59.92470636893879,848,478,135.79326982481857,138.89518973123177,169.68249548790328,167.1771396282667,75.59347818129035,77.67026234765453,12.234348404130078
person_8.mp4,front,550,9178,59.92470636893879,848,478,137.16583148802872,139.30435762913544,169.79509608759696,166.94780928319096,76.42722266738328,77.37654078865452,12.619751841627119
person_8.mp4,front,551,9195,59.92470636893879,848,478,136.89706231267988,139.57458544262366,169.1581866714129,166.39227119744717,76.53322102825483,77.42391798484229,13.211206620992979
person_8.mp4,front,552,9212,59.92470636893879,848,478,138.58700588731907,140.65022661952074,169.6076634990634,167.2126162614454,77.27253054375191,78.58671909846112,12.767535742475125
person_8.mp4,front,553,9228,59.92470636893879,848,478,140.1767847657709,141.1781747135537,170.21528858140596,167.67608252793414,77.58007947720007,78.68155549557672,12.426924489560403
person_8.mp4,front,554,9245,59.92470636893879,848,478,140.61365827582605,141.9433252474425,169.4248698702507,167.64342783322942,77.71303819133097,79.00942405675953,13.566412489780921
person_8.mp4,front,555,9262,59.92470636893879,848,478,141.0208473865563,142.81931254420692,169.90064707863445,168.4022246833436,78.02814942785626,79.44144533277962,13.290141991081452
person_8.mp4,front,556,9278,59.92470636893879,848,478,144.06202842609875,143.2661511491664,171.47775443722577,168.33367266604077,79.40573360182877,80.09069114933554,13.384266407927143
person_8.mp4,front,557,9295,59.92470636893879,848,478,146.6163728592187,143.87168778338827,172.267668677957,166.658678476827,80.63700949133579,80.34899417457129,14.690665187467362
person_8.mp4,front,558,9312,59.92470636893879,848,478,145.03605878189418,143.78074630297638,171.67597525451038,167.3766278230135,79.94820257747128,80.18788681605945,14.23093745482141
person_8.mp4,front,559,9328,59.92470636893879,848,478,146.74254344068783,144.34476781301,172.3868605880509,167.83932353707448,80.61209311124408,80.45151682170548,14.3040727257356
person_8.mp4,front,560,9345,59.92470636893879,848,478,148.19503466716878,144.94150803508748,172.6281002069566,167.344612430396,81.31423397189177,81.13179269742753,14.897920662848758
person_8.mp4,front,561,9362,59.92470636893879,848,478,149.6474844605108,146.0401092470252,172.6412692377251,166.1382663635774,81.71921580877526,82.22294118358597,16.330908197269036
person_8.mp4,front,562,9378,59.92470636893879,848,478,147.76057408971567,145.88907823692463,171.64195454948825,166.7622524688198,80.92120011192873,81.95672274109306,16.004639659420977
person_8.mp4,front,563,9395,59.92470636893879,848,478,147.69360024697858,146.44235482437097,171.17399014782063,166.78293337656262,81.21541046077482,82.60185806679867,16.202694372168036
person_8.mp4,front,564,9412,59.92470636893879,848,478,147.13275649525,146.59212196155008,170.15469723021286,166.01276835584284,81.81932435310813,83.62230031885026,16.64750638146389
person_8.mp4,front,565,9428,59.92470636893879,848,478,145.67305433392585,146.01138032916316,169.3601946622585,165.0664598744199,81.69786117299694,82.90115551561888,17.38235007190282
person_8.mp4,front,566,9445,59.92470636893879,848,478,142.53475051322167,144.3653495469298,168.22097039495543,165.3123691786873,80.97349611426988,82.29937457707817,16.962356587066907
person_8.mp4,front,567,9462,59.92470636893879,848,478,142.4902356994008,143.74624773378034,166.9490239949405,165.74667282937452,80.75741249716067,82.50493780534342,17.35388860162378
person_8.mp4,front,568,9479,59.92470636893879,848,478,141.92649253904574,143.12535894249174,168.83232738556555,165.06411444580334,79.94933419706263,82.40863269552838,15.7184903217372
person_8.mp4,front,569,9495,59.92470636893879,848,478,141.09430446793627,143.09631242722577,168.4753464253022,164.51883131432785,79.96190124137115,83.27894708770621,15.557093575394319
person_8.mp4,front,570,9512,59.92470636893879,848,478,137.7943362053613,142.79956904020236,166.50551421739877,165.53391729266576,79.15287273977762,82.20546944555255,15.309543352818418
person_8.mp4,front,571,9529,59.92470636893879,848,478,136.25079381117578,142.69031187144495,165.17921810079278,165.76335917346535,80.3039605122643,82.44373950659102,15.195308199850718
person_8.mp4,front,572,9545,59.92470636893879,848,478,139.25468401643718,145.59794259915154,167.15314918606276,168.5561389153638,84.5197772064775,86.18924543491657,11.494779794408421
person_8.mp4,front,573,9562,59.92470636893879,848,478,137.2559181068791,144.2658963038695,165.238994245969,167.1163547261483,84.39274902174296,85.95612811175137,13.217571463217862
person_8.mp4,front,574,9579,59.92470636893879,848,478,136.8561179969254,144.30964565856405,165.43839497900774,166.79576425594038,84.0737541874407,85.99964112327358,12.622294558035653
person_8.mp4,front,575,9595,59.92470636893879,848,478,132.65274389209026,141.7651562362556,160.7897421838561,166.4153622751703,80.74968597556887,84.70659997438145,15.160011232736037
person_8.mp4,front,576,9612,59.92470636893879,848,478,131.84678896459576,143.4696502381186,159.2414087470775,164.73118913671362,82.07471064229793,85.20380332805367,15.629258114846104
person_8.mp4,front,577,9629,59.92470636893879,848,478,128.71628685784452,142.16390821673474,155.90144871436127,162.85267006300708,80.32770570344165,84.27723271726445,17.746315366641213
person_8.mp4,front,578,9645,59.92470636893879,848,478,127.53059466918855,142.14899745919809,153.77799094381734,162.42934121960016,80.85744734086632,83.55081751833752,18.339805783301376
person_8.mp4,front,579,9662,59.92470636893879,848,478,122.99090897555811,142.40088658076218,149.45355980236326,162.6675212110022,80.94470324977125,85.32156803834195,18.853973195678215
person_8.mp4,front,580,9679,59.92470636893879,848,478,114.05623987212194,140.10057185334196,139.51473185257362,160.3352724746864,79.43380354919852,83.55213300468941,20.439466446334343
person_8.mp4,front,581,9696,59.92470636893879,848,478,109.81380518149759,137.81626477761773,136.21350285999455,157.5016393651223,78.44662759640201,82.51318614834935,21.552360047939743
person_8.mp4,front,582,9712,59.92470636893879,848,478,114.64332323091871,137.37454251798673,140.49527543680756,157.79256408135367,79.27289278713134,81.55322234291837,21.32393538276845
person_8.mp4,front,583,9729,59.92470636893879,848,478,90.46640383267979,108.6386562779478,119.1795278733622,132.293710790152,75.13259778553589,75.17146321772879,21.88598534934354
person_8.mp4,front,584,9746,59.92470636893879,848,478,95.92461110362382,114.97241423678614,119.99806459097454,134.67336901091798,79.46978020008076,77.92208693260054,22.361889694199114
person_8.mp4,front,585,9762,59.92470636893879,848,478,87.13472184876063,101.1460566129775,112.01676990495294,121.06077318984583,78.2862642234981,77.17843470802259,22.291192503559024
person_8.mp4,front,586,9779,59.92470636893879,848,478,82.30407778671167,95.18344926976552,105.08156734324052,114.11989345396998,76.60288977288414,76.45285653562092,24.79643312734159
person_8.mp4,front,587,9796,59.92470636893879,848,478,80.89099169408465,96.11532395124665,105.25000286363644,116.42810121781956,76.41267646093348,75.35867204701411,24.482699787141264
person_8.mp4,front,588,9812,59.92470636893879,848,478,77.0983784799705,86.95467449471175,103.29649688857022,109.17534992963272,75.24184664421519,73.82089732457715,24.578237823201167
person_8.mp4,front,589,9829,59.92470636893879,848,478,72.71214992452718,82.59117742376662,100.80836630120672,108.45031387308572,73.55012259907346,72.07634812371651,24.193332255492425
person_8.mp4,front,590,9846,59.92470636893879,848,478,70.47010004222848,75.19111597845772,99.30061959382552,103.23197264701749,73.66919236256858,72.39223257802789,22.49229138285793
person_8.mp4,front,591,9862,59.92470636893879,848,478,71.5243279223892,76.72517516089643,101.86019975069418,107.40936360590861,73.86044882224579,72.30579769775314,21.364255752791365
person_8.mp4,front,592,9879,59.92470636893879,848,478,73.44914438274168,81.89515471720053,102.4965792687653,112.81974870789,75.38497260911329,72.2071099408432,21.031806305974122
person_8.mp4,front,593,9896,59.92470636893879,848,478,70.14601075427244,74.37428680252373,100.85817334373661,106.86414619441912,75.74617895682154,73.84297993254893,19.035859143825284
person_8.mp4,front,594,9912,59.92470636893879,848,478,71.23554268785578,74.68273048074735,102.6634783619487,105.58048572559687,77.499979309275,76.56011508191794,16.0408691033199
person_8.mp4,front,595,9929,59.92470636893879,848,478,74.79783668873222,79.94210224204187,114.15720706157815,114.33073513778963,80.22591297690225,78.56350728937656,9.553793667474455
person_8.mp4,front,596,9946,59.92470636893879,848,478,72.1947313604387,77.20089727567135,113.06535839064156,117.77713848248827,79.29826686832067,77.75396287526866,7.327073385984349
person_8.mp4,front,597,9963,59.92470636893879,848,478,72.80789057735596,78.4705082985132,112.19078764086869,115.89888367388346,82.2764781620203,81.19756442383512,6.054938517327223
person_8.mp4,front,598,9979,59.92470636893879,848,478,71.71723542113789,75.95895795438466,114.14068032549343,116.82539739130225,81.79238396223238,80.98077706255957,2.911565337704447
person_8.mp4,front,599,9996,59.92470636893879,848,478,72.67324072430792,75.80185363384865,118.62416408498424,118.49908792397936,83.05877102300609,82.45300273955979,2.927559957017505
person_8.mp4,front,600,10013,59.92470636893879,848,478,68.42745042410222,70.69073488476737,114.41292362301823,115.2856288171635,80.9744656656088,79.8151340864947,2.2785975973446484
person_8.mp4,front,601,10029,59.92470636893879,848,478,70.7061312354344,75.67439879634519,113.87693351102651,116.66993067153636,83.8946580530331,83.47483391632505,2.5044785268394554
person_8.mp4,front,602,10046,59.92470636893879,848,478,72.89900286247287,76.7969993996437,114.77246633840612,118.8447372438079,85.58548310584811,83.0692209820548,2.5774271331089214
person_8.mp4,front,603,10063,59.92470636893879,848,478,70.554844014587,73.74131806607532,112.52164951234906,115.69488807072285,84.24343717797376,82.55434162938718,2.715092770673993
person_8.mp4,front,604,10079,59.92470636893879,848,478,68.91226183058424,71.9157457232796,111.52653002628259,113.25624806720874,83.08816070731996,81.7802714614684,3.1979790045569287
person_8.mp4,front,605,10096,59.92470636893879,848,478,71.08313316156548,74.3515534613508,113.43986952811427,114.64540599584393,85.1904976075137,83.87338009534231,2.5565605573838375
person_8.mp4,front,606,10113,59.92470636893879,848,478,71.18281060412887,74.31084158261494,115.38291852760419,114.64290962911618,85.40431359167896,84.51844740817812,2.280036022339574
person_8.mp4,front,607,10129,59.92470636893879,848,478,71.80180456149053,75.03157553517511,116.82537826896659,116.36623549919048,85.61962191404938,84.35942645084012,2.574839964450438
person_8.mp4,front,608,10146,59.92470636893879,848,478,70.32711155708209,73.06128070964834,114.01162377828007,113.08870964862281,83.8747261787971,83.07059635378792,2.65191715523004
person_8.mp4,front,609,10163,59.92470636893879,848,478,70.72920372316769,73.61586641129053,113.33577759921155,112.35563615208449,84.38391435067203,83.28958767021965,3.2687664256802957
person_8.mp4,front,610,10179,59.92470636893879,848,478,71.48031496385437,73.03379902234698,116.36388799148656,114.15240582971887,83.2811800588694,81.8440252173498,2.3140121593028287
person_8.mp4,front,611,10196,59.92470636893879,848,478,71.38329329964054,73.39237181784243,114.0215865015401,113.6992929310122,84.30166617605293,81.76319367530698,2.882394498462476
person_8.mp4,front,612,10213,59.92470636893879,848,478,69.14500220761613,70.63697877626451,112.2870191858547,111.33960445020516,82.55106185111816,80.70121932347426,3.368226769108827
person_8.mp4,front,613,10230,59.92470636893879,848,478,68.21162040084955,69.81509057098344,110.47808116602681,110.5980466869091,81.81564008492349,80.48570823085379,3.990272301715559
person_8.mp4,front,614,10246,59.92470636893879,848,478,69.11525458752918,72.39430007570697,110.73014338808956,111.9766724859946,84.44383920022139,83.43531622530443,4.247222860878374
person_8.mp4,front,615,10263,59.92470636893879,848,478,69.40189494516883,72.40869488528534,110.21153360558125,111.1678524105868,83.19403148505947,81.82638441409466,4.442457257682908
person_8.mp4,front,616,10280,59.92470636893879,848,478,69.84840766586142,72.44783261299597,107.16211960846668,109.2170010522659,82.4276339837584,81.38901942417787,7.207604616730329
person_8.mp4,front,617,10296,59.92470636893879,848,478,71.14318257916197,76.90183013868293,108.31866158428709,111.19558717836368,83.95645170574365,83.53627048713523,6.808367841405841
person_8.mp4,front,618,10313,59.92470636893879,848,478,73.50589116069793,78.73570961135164,113.0327675777333,114.58068381407217,85.60991366689834,85.65660779448172,3.5970106868407976
person_8.mp4,front,619,10330,59.92470636893879,848,478,75.7891177098924,80.17323032062522,116.03605489349532,116.6459416156821,87.30007701481176,86.58187138245484,2.394953438493765
person_8.mp4,front,620,10346,59.92470636893879,848,478,76.40516819403138,79.97328221289028,115.81834196339787,115.88243529546618,87.4266833243194,86.5681517920931,2.6923571413257292
person_8.mp4,front,621,10363,59.92470636893879,848,478,77.5458668919085,81.2241702080421,116.54746205543879,116.63814703224755,87.70894299973166,87.25535755210393,2.953949645450468
person_8.mp4,front,622,10380,59.92470636893879,848,478,76.08428963278519,80.41853784700058,113.67928893582598,116.2140104169968,85.80533894577438,84.52524737280072,5.7301677275515805
person_8.mp4,front,623,10396,59.92470636893879,848,478,78.36513425780039,83.13767903610024,114.24113965211494,117.21869871268483,86.13975269280544,84.68260217581455,7.046623381704422
person_8.mp4,front,624,10413,59.92470636893879,848,478,79.47559334706852,86.41791596384128,115.90613219614981,120.70768869521892,85.32325127088681,84.14987659869048,7.5086003766254645
person_8.mp4,front,625,10430,59.92470636893879,848,478,80.32346217703358,87.06727155317705,109.83422278499309,115.92403564239288,85.11269843692993,83.47365977494898,13.30504161065866
person_8.mp4,front,626,10446,59.92470636893879,848,478,79.71579229065456,88.11483131984565,107.4406466970232,118.13908276736491,83.97809082057027,80.92377503632974,15.252998528015803
person_8.mp4,front,627,10463,59.92470636893879,848,478,86.97532127696576,94.24587106665493,115.85810507045564,122.17532906698493,86.62497984209284,84.67196090368874,13.606621363251278
person_8.mp4,front,628,10480,59.92470636893879,848,478,90.16276987508037,99.93409688334482,119.72740761503412,127.85286067253674,86.29247282897974,84.83812695846426,11.661774009190983
person_8.mp4,front,629,10497,59.92470636893879,848,478,86.65427130498209,96.54947568070035,114.15224217262441,124.16550027592949,82.76592623540907,80.80954886379942,15.690368468858967
person_8.mp4,front,630,10513,59.92470636893879,848,478,83.63793088573043,98.83911138588284,112.71919965255614,129.7173053586262,78.80451421094908,76.14323995897963,17.766600473784827
person_8.mp4,front,631,10530,59.92470636893879,848,478,85.04347174815835,98.19868789592769,115.667693175371,127.44077621731903,78.52813501381611,78.04553341622862,16.441338150254925
person_8.mp4,front,632,10547,59.92470636893879,848,478,83.59725333017562,94.00293700560347,116.20146647763266,123.94040948933967,76.60100145937876,76.87409807290008,16.43249419574974
person_8.mp4,front,633,10563,59.92470636893879,848,478,83.88350945880785,95.18778205181862,116.74468650756612,125.81890262914898,74.40016651182435,73.3396659749303,18.374306673815134
person_8.mp4,front,634,10580,59.92470636893879,848,478,87.75808796433195,103.42919323653737,120.61299621565409,132.687481477645,73.97135459579356,72.98643943075416,18.617949039015304
person_8.mp4,front,635,10597,59.92470636893879,848,478,94.16475321265078,108.82288586026593,122.9444252410177,134.7458914447623,75.77611696793197,73.65033138570931,19.818682461288432
person_8.mp4,front,636,10613,59.92470636893879,848,478,101.75375696908027,119.85169330892268,128.03066269499882,144.92611592595406,77.10653915398342,75.34232874565164,19.789956001935867
person_8.mp4,front,637,10630,59.92470636893879,848,478,111.72534684336902,129.4339425437394,140.12332695038012,157.10632112485513,74.363928262143,73.18694335795932,20.061290860719875
person_8.mp4,front,638,10647,59.92470636893879,848,478,118.7425973737607,140.7207417289016,143.04720988546342,166.57397809777993,79.2338642379773,77.64858276230277,18.84651913888015
person_8.mp4,front,639,10663,59.92470636893879,848,478,115.72942334126478,140.29855350550602,140.18917587311756,168.36179260401676,76.7293200256068,73.79997877368743,20.54967372806979
person_8.mp4,front,640,10680,59.92470636893879,848,478,112.47473236595695,138.97349350221563,134.88706934030674,165.79783816987558,75.79368603590923,73.1729530583161,22.754003570892035
person_8.mp4,front,641,10697,59.92470636893879,848,478,120.70035381556605,143.88348454308746,142.50966825237393,170.07747237717908,77.90661434744887,75.95288689549409,20.836583471308153
person_8.mp4,front,642,10713,59.92470636893879,848,478,120.5869399989331,141.2303068055075,146.40908092966447,170.54396102669068,74.62933345878885,72.66501017016776,20.633798541255924
person_8.mp4,front,643,10730,59.92470636893879,848,478,118.42768231735272,138.41710741237523,145.38858621164542,167.19648741729225,73.15245490492893,72.0732755182094,21.15721493394086
person_8.mp4,front,644,10747,59.92470636893879,848,478,118.23167001818265,136.7273423343766,147.0714179067422,165.35798954930917,72.13043587197114,71.33550855337796,21.43663590400796
person_8.mp4,front,645,10764,59.92470636893879,848,478,121.07398710481618,138.29229549466834,149.75780746131787,166.98102520675243,72.85752929886303,72.71362338752039,20.336966818049024
person_8.mp4,front,646,10780,59.92470636893879,848,478,124.37493561930043,139.50618580742074,152.84689046911376,167.1143256107417,73.94730316310951,74.03554803613713,20.027517845703077
person_8.mp4,front,647,10797,59.92470636893879,848,478,125.91722956734884,139.48511777486098,155.68602549967204,166.26419087636253,73.66183326663938,74.5200672633679,19.50204512791658
person_8.mp4,front,648,10814,59.92470636893879,848,478,127.86628095849261,141.36859009214066,157.1609413599577,167.83626971290306,75.40034660735867,76.04573812619606,18.68921370489403
person_8.mp4,front,649,10830,59.92470636893879,848,478,128.59048383707398,140.03771183187658,159.57943280405448,166.418937572496,74.71003026769367,75.66067321578302,19.464816933374756
person_8.mp4,front,650,10847,59.92470636893879,848,478,130.46894217518593,140.5467966575559,160.14775864435688,166.12634113248401,76.07703813311308,77.06373248511613,18.844513143560295
person_8.mp4,front,651,10864,59.92470636893879,848,478,131.0589588732714,140.348703747507,159.92823597146005,165.60608369402868,77.68541442770203,81.49792366388495,17.319665245511775
person_8.mp4,front,652,10880,59.92470636893879,848,478,135.64554776279195,141.4746782925246,163.9982398894441,166.22259548214532,79.34940120394764,84.9275409531292,15.801851010592005
person_8.mp4,front,653,10897,59.92470636893879,848,478,138.1659874537087,141.16015060715173,167.46206033482053,167.53325455137835,80.3994167348315,82.88371644666722,13.301679379632459
person_8.mp4,front,654,10914,59.92470636893879,848,478,136.86502735481437,141.39911117159468,168.80331162656424,170.12211738364877,79.2599953250985,82.75633460875329,10.721509523104427
person_8.mp4,front,655,10930,59.92470636893879,848,478,140.24228483043396,140.90089637431066,170.92877946442596,169.65170659054033,81.14224174135033,79.2947180163071,9.71936023420718
person_8.mp4,front,656,10947,59.92470636893879,848,478,142.61757963413027,142.5943604485948,171.92843049142525,171.0341620277564,82.48671551895923,79.82520715675318,9.1232114720038
person_8.mp4,front,657,10964,59.92470636893879,848,478,141.183147201058,143.66308119376873,171.26019252488436,171.7416188435354,81.40768725629287,80.83358343555024,9.372105728615187
person_8.mp4,front,658,10980,59.92470636893879,848,478,139.87311993838034,143.72565642042872,170.94848001766485,172.4263107950321,80.55429069845657,81.00100828310795,9.064908101021086
person_8.mp4,front,659,10997,59.92470636893879,848,478,138.41487811281786,142.5559749168186,171.93126876078142,172.6363661101902,79.97493747884934,80.42738620029445,7.4305949746396704
person_8.mp4,front,660,11014,59.92470636893879,848,478,137.3458167444368,141.83910810047968,171.18341103645233,171.44809264543966,78.83641795765926,80.21733960933848,8.335601448370465
person_8.mp4,front,661,11031,59.92470636893879,848,478,140.4481808390803,141.87926931756817,172.42274411658494,171.15315074190391,80.17932002682106,80.07804284948378,8.435498801137525
person_8.mp4,front,662,11047,59.92470636893879,848,478,137.74173998790565,141.4408317146317,171.57895086340136,170.75193339889626,78.56183111878633,79.86170791843283,8.652593081286907
person_8.mp4,front,663,11064,59.92470636893879,848,478,139.63982895581017,141.53374099176003,172.05800498794247,170.5382308687968,79.49347060219134,79.93301793787722,8.982347864631425
person_8.mp4,front,664,11081,59.92470636893879,848,478,136.68234137540873,139.37957060702695,171.32315714586795,170.3299144058688,76.92171165334892,76.89049334624309,9.173522113530762
person_8.mp4,front,665,11097,59.92470636893879,848,478,137.68844867477253,140.13285395081124,172.0483987355487,171.027144943404,79.22434654635674,77.05766537086083,8.194349448943056
person_8.mp4,front,666,11114,59.92470636893879,848,478,138.1473777013883,140.86757555908798,173.28473262779966,172.1014091924357,77.70378718027382,78.45603522285097,6.333940462589024
person_8.mp4,front,667,11131,59.92470636893879,848,478,139.81403582304563,142.4545433620135,172.5665118134539,170.9490496353756,79.33379821886011,81.12654638512338,7.17875817426841
person_8.mp4,front,668,11147,59.92470636893879,848,478,138.4610411551064,141.65863733490724,172.94810514193455,171.31435255955412,79.27431694376203,81.43295972526893,6.3520489729714
person_8.mp4,front,669,11164,59.92470636893879,848,478,138.27240181242124,141.51219748739186,172.8082724763693,171.45053976511795,79.5410375792453,81.72259292829351,6.238032709784733
person_8.mp4,front,670,11181,59.92470636893879,848,478,139.71484839067165,142.68470780519948,173.8135388542697,173.8036480955605,82.13848217620082,84.03311004028629,3.185049642490287
person_8.mp4,front,671,11197,59.92470636893879,848,478,138.81861279537083,141.82407885490701,174.39692384290603,175.3131472156099,82.00108011153866,83.87811879238528,1.294631086639412
person_8.mp4,front,672,11214,59.92470636893879,848,478,137.09998299856198,141.28204490505692,175.06597977832845,175.4978984282603,81.22951215570464,83.40167223506114,0.6208499512688743
person_8.mp4,front,673,11231,59.92470636893879,848,478,137.0800402478995,141.3480767833221,175.09753796580947,174.33046210989167,81.26358104319544,83.37408418598338,0.3795111239880482
person_8.mp4,front,674,11247,59.92470636893879,848,478,139.3806323055202,143.2471437361791,175.48700176964982,173.59606381911465,81.95087669449006,84.4466011945073,1.5381818779106766
person_8.mp4,front,675,11264,59.92470636893879,848,478,139.27802982697708,142.55015441161657,175.4537926521376,173.32205596320165,81.97293774370891,83.4476853097001,1.8025158025942882
person_8.mp4,front,676,11281,59.92470636893879,848,478,140.0316738503252,142.74314521900973,175.23906896889483,172.59825663352424,82.42667571840781,83.59096396912896,2.7819138025469603
person_8.mp4,front,677,11298,59.92470636893879,848,478,139.44069061388214,141.04982199323436,175.66986787431304,172.9953973642208,81.87908094714211,82.40784099884031,1.1688137447371554
person_8.mp4,front,678,11314,59.92470636893879,848,478,140.68280474140101,142.08409605547163,175.29242773736777,172.35062406588563,82.19378748834386,82.99859774136587,2.9528263173115477
person_8.mp4,front,679,11331,59.92470636893879,848,478,140.4786657097571,142.9698551750902,174.78730716837808,172.37505492193515,82.67267873802622,84.29244944047971,2.7390471278626696
person_8.mp4,front,680,11348,59.92470636893879,848,478,139.17955565761568,141.35766935063802,175.08656700265564,171.34190975339706,81.393231917345,83.37921197489796,2.618467627829812
person_8.mp4,front,681,11364,59.92470636893879,848,478,138.8803227142378,141.3135936848514,174.28439186359878,171.1168018897751,81.27823679898667,83.18994483294216,3.613472579079735
person_8.mp4,front,682,11381,59.92470636893879,848,478,138.82474527154207,141.5182412663578,175.83374298482505,174.2861260329822,81.23767032637166,83.14769819284776,0.6033683201059263
person_8.mp4,front,683,11398,59.92470636893879,848,478,138.75324626875732,141.31931667943823,175.86163401152788,173.18600754146166,81.19886344530909,83.16487565172555,0.41265914852172664
person_8.mp4,front,684,11414,59.92470636893879,848,478,138.72424105977046,141.19248101878694,175.8392973608558,172.53454526606393,81.3283188540536,83.10604339103827,1.1884300814610051
person_8.mp4,front,685,11431,59.92470636893879,848,478,139.75577349565765,142.83979867595792,173.63706945735674,171.43315088814143,81.7505411099427,84.21895728630042,4.456450179959591
person_8.mp4,front,686,11448,59.92470636893879,848,478,139.4543141760991,141.80918422858394,173.3086932526434,168.29436414506378,80.669635108891,83.22135519003403,7.067323699077186
person_8.mp4,front,687,11464,59.92470636893879,848,478,139.7122793126476,141.91685896482144,173.1923425039498,168.48601131696125,80.61649897959761,83.23713258564251,7.027492848407943
person_8.mp4,front,688,11481,59.92470636893879,848,478,138.83274970228348,141.42474325359896,175.40253768231526,171.49186833906714,80.35011447441742,82.93313792314889,3.458287185729921
person_8.mp4,front,689,11498,59.92470636893879,848,478,139.69784859663338,142.639003427599,172.8643293004998,169.6486244555268,80.79152846929665,83.81322763627163,6.832372965087045
person_8.mp4,front,690,11514,59.92470636893879,848,478,138.15147332809556,141.02104661400477,169.72474654986905,165.3249302781139,79.26201360009941,82.14620073650495,11.11452585103659
person_8.mp4,front,691,11531,59.92470636893879,848,478,138.1922458981604,140.59848572558772,169.86052205785091,165.3430226381349,78.52954767180755,80.6008009538061,11.456374393357383
person_8.mp4,front,692,11548,59.92470636893879,848,478,138.3632318736296,140.75637567018168,170.48142009868295,165.25138465596473,78.729825821976,80.71328694909789,11.097710214286739
person_8.mp4,front,693,11565,59.92470636893879,848,478,138.81021449088223,140.55852445280328,171.51901856325298,166.00179752199764,78.47794634767754,80.03030643437447,10.511805118105142
person_8.mp4,front,694,11581,59.92470636893879,848,478,138.72801517728513,140.25753375683547,172.1054791546602,166.74095958458457,78.34828650170108,79.41906026006262,9.792965591805189
person_8.mp4,front,695,11598,59.92470636893879,848,478,139.21741001083046,140.8181160088427,172.7778606577284,167.3802060065778,78.68527563573083,79.94884734301513,9.381175246428251
person_8.mp4,front,696,11615,59.92470636893879,848,478,138.94056158717027,140.4312778345143,175.25913016485816,168.2899735027415,78.86638539320721,79.61414543967209,6.840596691065584
person_8.mp4,front,697,11631,59.92470636893879,848,478,139.0986124457046,141.01349199718396,175.24720740054187,168.60808227269246,78.8362660483843,80.0863709127525,6.841756598170828
person_8.mp4,front,698,11648,59.92470636893879,848,478,139.6168952499139,141.17151700699415,175.2617084285561,168.7385077216157,79.13879895834624,80.13547950822662,6.799932796320778
person_8.mp4,front,699,11665,59.92470636893879,848,478,141.5388165201135,141.79506379056332,175.49972285897167,168.54929908893718,79.90201001717408,80.53052604977792,7.331456671345177
person_8.mp4,front,700,11681,59.92470636893879,848,478,140.90769650477517,141.57456141280448,175.3449822677012,168.71996609788997,79.56379301550372,80.345305371457,7.168074917833028
person_8.mp4,front,701,11698,59.92470636893879,848,478,141.3106516527788,141.88077395495472,175.49011047103525,170.20315204219634,80.01368686379249,80.5589133574318,6.26742804181333
person_8.mp4,front,702,11715,59.92470636893879,848,478,140.93035365999617,141.7950653017942,175.13520926334903,170.00716233176564,80.12533517091562,80.667750877935,6.545473973901487
person_8.mp4,front,703,11731,59.92470636893879,848,478,140.54942458803035,141.7699542276662,174.64814307793478,169.47806152133802,79.73322859707655,80.66262932095236,7.150176966317829
person_8.mp4,front,704,11748,59.92470636893879,848,478,141.33992162106955,142.64607024394329,174.93856593883964,170.869174402543,80.7220850059127,81.92570015950734,6.035615680579474
person_8.mp4,front,705,11765,59.92470636893879,848,478,143.36476274882276,143.85079481784487,174.14059135105825,170.02591269842972,81.38624512796505,82.49544449211093,8.929281865118273
person_8.mp4,front,706,11781,59.92470636893879,848,478,142.65443710329495,142.5490816944045,175.14006839904135,169.61068370875418,81.0974283170349,81.82267568311933,7.758521822389313
person_8.mp4,front,707,11798,59.92470636893879,848,478,142.00968411263824,142.41326382961503,174.7128287615305,169.78907851997843,80.78579274647983,81.5443438664319,7.783902078725659
person_8.mp4,front,708,11815,59.92470636893879,848,478,138.89299230243276,140.56833527671236,173.23681096284793,168.67355817624588,78.25788450308686,79.31002631290094,9.271700067980776
person_8.mp4,front,709,11832,59.92470636893879,848,478,143.38165570303823,142.63239527466794,172.2481932238738,167.3651015089377,80.38507066935072,80.5814440132575,12.368576152459637
person_8.mp4,front,710,11848,59.92470636893879,848,478,145.8032860900843,143.4275060752455,171.95990627079703,165.52818098282867,81.28889275463835,80.65018752401245,14.678513799794043
person_8.mp4,front,711,11865,59.92470636893879,848,478,147.1232485453078,144.58989064283543,171.45086481964572,165.5995592276003,81.59839484584943,80.98130461493658,15.89445285891445
person_8.mp4,front,712,11882,59.92470636893879,848,478,148.63174308768765,145.6937175236619,171.73816938722808,166.42097129836446,82.34803106876466,81.58850018040596,15.912453009714277
person_8.mp4,front,713,11898,59.92470636893879,848,478,150.11648472175295,147.73286549250142,172.49517926880515,168.65293777646463,82.9346822966971,82.23090246350394,15.870538540693572
person_8.mp4,front,714,11915,59.92470636893879,848,478,149.30306747332244,147.2979248668168,172.11030662788733,167.82768654050903,82.59700507043537,81.67265775230581,16.222356632001656
person_8.mp4,front,715,11932,59.92470636893879,848,478,149.76250089497574,147.210285741068,172.86987337677107,167.34470383864877,82.45537812815306,81.70284717921734,16.35382390849074
person_8.mp4,front,716,11948,59.92470636893879,848,478,152.91269220793308,147.90460736596032,173.19833546480882,167.36654642578645,83.83694541275909,82.8228833946985,16.9092656765944
person_8.mp4,front,717,11965,59.92470636893879,848,478,154.49287589547478,149.77988318343216,174.35781052525655,169.48233748317412,84.31325074987579,83.61351741583486,16.142474077235494
person_8.mp4,front,718,11982,59.92470636893879,848,478,152.1199611065294,149.10628493536635,172.9667184327023,168.2236265183625,83.41174676467743,83.15670769881652,16.927616806084618
person_8.mp4,front,719,11998,59.92470636893879,848,478,150.72180549709483,148.81265857135747,172.07437590625025,167.94370188239824,82.91097416175826,82.83186814335521,17.054980033384066
person_8.mp4,front,720,12015,59.92470636893879,848,478,150.55023972570916,149.139232457928,171.31700984283287,166.4152694448746,83.26752894851329,83.79606794262236,18.162187895978683
person_8.mp4,front,721,12032,59.92470636893879,848,478,150.64442076443825,150.0140887724234,170.72482538281594,165.91342033158185,84.07495400203668,85.11909640082985,18.382693056445753
person_8.mp4,front,722,12048,59.92470636893879,848,478,153.8248092647255,150.81450284317324,172.00733813093598,164.55662276583493,85.5014065700165,86.463920381948,18.887189686514382
person_8.mp4,front,723,12065,59.92470636893879,848,478,152.8499382890994,149.77445296489276,171.72965652202893,164.4543473788766,84.83857121955904,85.93512344375675,18.614610916955385
person_8.mp4,front,724,12082,59.92470636893879,848,478,149.59689345968803,147.9472995395419,170.73874399382942,164.94751402138877,82.93706490795088,84.86908157459982,18.633916595849797
person_8.mp4,front,725,12099,59.92470636893879,848,478,149.31089671242972,147.68746979649669,170.3490366582416,164.66256599653914,82.78235159783384,84.48443128638552,18.81372497786711
person_8.mp4,front,726,12115,59.92470636893879,848,478,148.95329006959506,147.52355316411686,169.80623849828925,163.45672368693545,82.5712082354386,84.78847528669056,19.04134260276504
person_8.mp4,front,727,12132,59.92470636893879,848,478,147.13055077615232,146.31624424772346,169.15465291472452,162.09325178326284,81.75685550057067,83.7789183431363,19.709469211509475
person_8.mp4,front,728,12149,59.92470636893879,848,478,145.83928935460602,145.93804101389486,167.91682153898404,162.3421692808889,81.74133564590831,83.88099231372922,19.91409836762898
person_8.mp4,front,729,12165,59.92470636893879,848,478,144.39166874244196,146.24754028076438,167.79389670599426,162.71740306129738,81.92119885919675,83.52912193481953,19.353877367987835
person_8.mp4,front,730,12182,59.92470636893879,848,478,143.31899916262122,146.74794855008327,168.2032254408064,163.81120603240416,81.18614510166846,84.26906988782278,18.126911691364676
person_8.mp4,front,731,12199,59.92470636893879,848,478,141.5116313441287,145.0493304245872,167.46688760662906,161.74985216626675,80.91019592697056,83.88204471842091,17.792493225447462
person_8.mp4,front,732,12215,59.92470636893879,848,478,139.08805210973156,144.918950971205,164.70163732426397,162.084789001971,82.74252266110682,83.73211056419359,18.122803358725154
person_8.mp4,front,733,12232,59.92470636893879,848,478,135.72786540306024,144.88973573210933,162.0000672133653,164.51431990814913,82.78360192076379,82.81717649679261,17.340353828007455
person_8.mp4,front,734,12249,59.92470636893879,848,478,132.5645468677227,144.4299084289233,159.46091743062436,165.97690908269578,81.82818223842179,82.72199118399709,17.01188869747231
person_8.mp4,front,735,12265,59.92470636893879,848,478,130.3043409088065,144.70647494384556,156.41623529079595,166.21995545636042,83.80584385553898,84.84214628870848,16.11045596436012
person_8.mp4,front,736,12282,59.92470636893879,848,478,133.79291025629115,145.898248524932,156.7383798472045,165.31834343234098,87.37283817358454,87.83933233983826,14.588478061201497
person_8.mp4,front,737,12299,59.92470636893879,848,478,131.94709890138188,143.4723494029254,153.55742677359444,162.1015452409462,87.19834040101253,86.80467658428493,15.97586050391923
person_8.mp4,front,738,12315,59.92470636893879,848,478,127.56446627067997,140.03685694763197,151.45516359762274,161.22556830215206,83.96960712764506,84.68889358526957,15.95801168029125
person_8.mp4,front,739,12332,59.92470636893879,848,478,131.10646994961994,140.17845893163482,152.7711458271818,160.15695394513384,85.91418644178034,84.95720480161746,16.530301239233637
person_8.mp4,front,740,12349,59.92470636893879,848,478,131.91482903107234,140.66073515611885,151.30578466650482,158.46725277780152,88.15525175208377,88.6614853347814,15.726556482791976
person_8.mp4,front,741,12366,59.92470636893879,848,478,131.95651620895808,141.093527834529,149.47014727538195,158.46030249998293,87.97921500733096,84.75302948462534,17.65897045211848
person_8.mp4,front,742,12382,59.92470636893879,848,478,123.70035772723408,134.71649279988816,142.9309267813817,154.1139881628567,85.87530515775929,85.53166451185395,17.0567097667856
person_8.mp4,front,743,12399,59.92470636893879,848,478,124.77893061107078,130.8814152734003,147.3044706635439,156.8043667920978,85.87852967942086,85.51546430490512,12.802475516215441
person_8.mp4,front,744,12416,59.92470636893879,848,478,117.22391045473029,119.1771305026515,137.47540375400487,142.18715033062372,84.78636757659217,84.06127866192202,16.806143497042196
person_8.mp4,front,745,12432,59.92470636893879,848,478,103.2861449815046,108.04007778963587,120.96810466895693,128.45940331079618,82.44911256547326,82.70790079936685,20.60273464585799
person_8.mp4,front,746,12449,59.92470636893879,848,478,96.21754469885107,97.42862382555434,118.23179606853546,119.98028463196754,80.29763367672342,80.3620931187815,19.72049647922707
person_8.mp4,front,747,12466,59.92470636893879,848,478,95.6399698332231,94.94013679274612,116.98896175351089,116.79782818821332,80.43102924549035,80.27218653122996,20.273347895593204
person_8.mp4,front,748,12482,59.92470636893879,848,478,91.17761515856226,94.01323225800087,113.08287662484413,115.3820548233549,80.4841444323314,80.53657644236974,19.7505735742794
person_8.mp4,front,749,12499,59.92470636893879,848,478,94.49354742098261,95.24313350985466,115.25195074704001,117.17995301923841,84.1045839805393,83.87661344434383,15.890324269004816
person_8.mp4,front,750,12516,59.92470636893879,848,478,92.86131831425789,94.3588444895484,115.33735962352637,117.02804718894298,83.33073860409098,83.4591244687712,16.172969958792144
person_8.mp4,front,751,12532,59.92470636893879,848,478,87.43133766856425,86.3956787160929,110.36726430832803,112.08380064753494,80.61407180157526,79.71474260783377,18.135267048381248
person_8.mp4,front,752,12549,59.92470636893879,848,478,89.8614778226098,92.52275118176513,111.01907660374006,113.35924450423309,87.22603798531645,87.17206308968942,13.027495459600685
person_8.mp4,front,753,12566,59.92470636893879,848,478,81.91211744780956,85.34439631726205,103.09085872481549,108.13149114570177,79.85785574838614,80.50852351714074,19.75204809278242
person_8.mp4,front,754,12582,59.92470636893879,848,478,86.23220967865285,90.8868646721692,115.80500636938555,118.09489384227282,83.91651423990807,84.11530383771276,10.524859342384614
person_8.mp4,front,755,12599,59.92470636893879,848,478,88.09161551917128,93.37405103096742,114.2548387907199,117.65680410830524,88.30695343770988,88.83193427205622,7.6708771210944136
person_8.mp4,front,756,12616,59.92470636893879,848,478,90.95247136561382,96.33798764218395,122.56221651437677,120.92058862591122,91.22929571324197,92.34382417354402,3.8563555316484974
person_8.mp4,front,757,12633,59.92470636893879,848,478,92.07005948679087,98.9937608245918,123.36655700693382,123.13732394602955,94.53385725739044,95.85801596315054,2.8247747202038105
person_8.mp4,front,758,12649,59.92470636893879,848,478,80.73125622742516,86.98456235267344,115.33803353677591,116.31449149533721,85.4820174090896,86.03430124009827,5.74548240582141
person_8.mp4,front,759,12666,59.92470636893879,848,478,80.8963598754235,85.91001918418681,117.87186307494396,119.06455257325247,86.20560081424551,86.20503866021762,3.3761404915403377
person_8.mp4,front,760,12683,59.92470636893879,848,478,78.04911566701279,81.54166786981533,116.44336888701983,115.05366842465672,84.67044165756374,84.47590834619979,3.9359353283046223
person_8.mp4,front,761,12699,59.92470636893879,848,478,74.34036600188308,77.3328775649956,112.07436755084159,110.96474919122028,82.75584991222645,81.85197885783856,6.283643138897523
person_8.mp4,front,762,12716,59.92470636893879,848,478,74.92355928647895,79.31927942231195,113.97417548877294,113.41666269155183,84.01370386644662,83.09126132506569,4.412112603853717
person_8.mp4,front,763,12733,59.92470636893879,848,478,71.83341879186915,76.04951187432094,110.22508083016348,110.7494530971258,82.77382300188192,81.70282706989276,5.8997893963797665
person_8.mp4,front,764,12749,59.92470636893879,848,478,69.05886338063385,72.76691502772232,107.53503568873296,108.64392556915239,80.8761528851059,79.6888933498103,6.888828384991317
person_8.mp4,front,765,12766,59.92470636893879,848,478,70.23052769750878,73.91415657450187,108.86586672644853,108.02814018221108,82.85459493812856,81.68213749013877,5.849241767163794
person_8.mp4,front,766,12783,59.92470636893879,848,478,65.00940591091685,68.20688755980699,105.39061754909154,105.06556006357822,78.89805211297427,77.87604739579447,6.563163138565728
person_8.mp4,front,767,12799,59.92470636893879,848,478,65.48401872031606,68.39283871346151,104.26126836684018,103.35678995764843,80.0396516777949,79.42860395884348,7.112379532726225
person_8.mp4,front,768,12816,59.92470636893879,848,478,63.347801548979895,66.59634674698832,102.8113245233331,102.67902864021474,78.68804497421038,78.00669292517395,7.488948388340306
person_8.mp4,front,769,12833,59.92470636893879,848,478,61.55094676472067,64.20071173471553,101.96875343576956,101.48642715497155,77.23903767670582,76.29936570163952,7.737643139234327
person_8.mp4,front,770,12849,59.92470636893879,848,478,61.864991439177246,66.17550791195649,100.43422830145754,101.37153543737936,78.00530193147111,78.10774996385018,8.60078115655161
person_8.mp4,front,771,12866,59.92470636893879,848,478,62.125043656348204,65.067748994685,101.77277175587434,101.61426041898649,78.14930793157916,78.27252135861951,7.603494467895714
person_8.mp4,front,772,12883,59.92470636893879,848,478,62.40778280160734,65.76226658306136,101.35096873266312,102.19218941050592,78.13089423177867,78.15063156358441,7.685987961923478
person_8.mp4,front,773,12900,59.92470636893879,848,478,62.126414932144485,66.0466936701555,101.3627574140805,102.84935148322425,77.8951227152074,77.84954369816515,7.617264896078004
person_8.mp4,front,774,12916,59.92470636893879,848,478,60.29473908077762,63.4217423822009,100.97232328637214,101.66680293755192,76.44415483803265,76.51383805182671,7.51139898844892
person_8.mp4,front,775,12933,59.92470636893879,848,478,60.44240446675356,63.46582000005753,100.76435924576452,101.72808829897289,76.84133797857153,76.57371362017273,7.574488538215923
person_8.mp4,front,776,12950,59.92470636893879,848,478,61.79229297828223,65.26812049501807,100.77152332541974,101.80478865686548,78.10024408140856,77.77756366937503,7.886469696010423
person_8.mp4,front,777,12966,59.92470636893879,848,478,61.5544503511919,65.3262501757154,100.87943775631713,102.63284022415803,77.53780242319377,78.0839460820386,7.6305055678992995
person_8.mp4,front,778,12983,59.92470636893879,848,478,61.48628061112765,64.4364673678862,101.07328828276263,102.90035290442049,77.2180340451525,76.9796878086949,7.735515793263858
person_8.mp4,front,779,13000,59.92470636893879,848,478,61.307987634939636,63.91963194542355,101.2741025398705,103.58717933973107,76.67848778855053,75.86002052937937,7.43248738009921
person_8.mp4,front,780,13016,59.92470636893879,848,478,62.383122270541435,64.59951951891381,101.12805230498654,103.57915300631858,77.12418547247574,75.6746596009412,7.837684062631818
person_8.mp4,front,781,13033,59.92470636893879,848,478,61.86072811796298,64.47479622190038,101.29159721409602,103.58114296961655,76.66553080009972,75.48094935277057,7.640546438709983
person_8.mp4,front,782,13050,59.92470636893879,848,478,62.268387501058534,64.91009036148492,101.73891562861459,103.46388605093969,77.07914973602682,75.85751994266533,7.606247234476381
person_8.mp4,front,783,13066,59.92470636893879,848,478,60.014736381657244,63.11951704528146,98.4972424908778,100.21077697213963,74.85414383678955,74.47248200080494,9.905829929153187
person_8.mp4,front,784,13083,59.92470636893879,848,478,60.31852301145183,63.7869248317439,98.67429399309128,100.21171280881164,75.1418277413746,75.19921314952467,9.994863748316982
person_8.mp4,front,785,13100,59.92470636893879,848,478,61.15642759474661,65.05079724675959,101.61641624597704,103.78424267337844,76.17708227802653,76.07234011896958,7.117595903980549
person_8.mp4,front,786,13116,59.92470636893879,848,478,62.456291700421836,66.18671639596154,101.93829708493355,104.12211461063018,77.00488970059145,77.11144658120044,7.158368589276951
person_8.mp4,front,787,13133,59.92470636893879,848,478,65.46736523725265,67.2093759839565,104.23274354414247,105.62153581949748,79.70585817234698,77.66193412433294,6.161838170704552
person_8.mp4,front,788,13150,59.92470636893879,848,478,74.3032264150143,75.8829288377208,119.69614475670566,115.97454372247081,86.52286533518078,83.61419608549801,4.743579697002189
person_8.mp4,front,789,13167,59.92470636893879,848,478,73.31744060327921,76.40584122067777,119.02341878804457,118.14255902952853,85.15618340310363,83.47868951278257,3.4346949759748675
person_8.mp4,front,790,13183,59.92470636893879,848,478,77.8717471489307,81.38949671084539,120.77419148873216,119.83754161741349,86.80583507961342,85.29900555781607,2.525720199468486
person_8.mp4,front,791,13200,59.92470636893879,848,478,81.90708833680874,86.56978208687762,122.45135253831604,124.25094731388532,87.6362870708203,86.0337286026056,2.1361146055761533
person_8.mp4,front,792,13217,59.92470636893879,848,478,80.56895360500675,86.59561697219075,120.60339136797064,122.371307490334,86.10224996158296,85.11324028991336,2.4424717443144437
person_8.mp4,front,793,13233,59.92470636893879,848,478,82.24017858583674,87.8293674271104,119.49187109406665,119.42009734319369,86.02911443412509,84.74291426189413,4.994988187463293
person_8.mp4,front,794,13250,59.92470636893879,848,478,82.1362055216808,87.55996901452218,116.75047149007841,116.88461124919218,85.05967914449747,83.42548221733672,9.737686144035365
person_8.mp4,front,795,13267,59.92470636893879,848,478,84.81195853640395,89.161893904536,117.74023348630843,116.80020742971827,85.41116307019011,83.45024429752146,10.718912035956947
person_8.mp4,front,796,13283,59.92470636893879,848,478,84.65053837271086,90.61547555760887,115.67669221923231,116.42462573158272,82.75879717663378,81.76138755514289,13.590168324743287
person_8.mp4,front,797,13300,59.92470636893879,848,478,86.12751038612365,93.5009559475442,115.21482000298334,117.36503291215362,81.53031222823478,80.56551852715106,16.621678065826313
person_8.mp4,front,798,13317,59.92470636893879,848,478,84.59732893980701,93.99888812140765,107.68632053836102,116.56657360411862,79.11386016686545,77.48628117693848,21.783356523265983
person_8.mp4,front,799,13333,59.92470636893879,848,478,93.09982752686064,104.72654051751088,118.0574156609774,128.05985017547624,77.38995829646778,75.11471586815962,22.89416150085182
person_8.mp4,front,800,13350,59.92470636893879,848,478,101.30156360836584,119.29912609752556,124.79166272698787,142.16494241692348,77.8022994162835,75.17314148440161,23.124407167241788
person_8.mp4,front,801,13367,59.92470636893879,848,478,105.91383336918967,121.11920720406535,130.51728428637435,147.40430952614454,76.67401936140146,74.37124556022638,21.54860025074845
person_8.mp4,front,802,13383,59.92470636893879,848,478,103.33866144561414,124.41663561778573,129.40097681166287,152.61049283678514,73.0769061147651,70.88222760627636,22.168214057529564
person_8.mp4,front,803,13400,59.92470636893879,848,478,110.56232032390753,129.41469607938836,136.71838620796123,158.08434241005287,75.61693293782773,74.30517530749617,20.580055947124062
person_8.mp4,front,804,13417,59.92470636893879,848,478,117.57737978110953,139.13482004946005,140.9900818683385,166.43521682720285,76.23922357698606,74.1380753897755,21.66118043811425
person_8.mp4,front,805,13434,59.92470636893879,848,478,116.73379859795118,139.49592101425367,141.57731497654822,168.3094225368167,74.02891153427073,72.03924859737077,21.97082592121173
person_8.mp4,front,806,13450,59.92470636893879,848,478,117.51817989196581,140.14297842522382,142.12206392598037,168.6243494225962,73.87416562346667,72.54918041133641,22.00977757434769
person_8.mp4,front,807,13467,59.92470636893879,848,478,119.48846185046088,141.29160942494835,143.10786100915809,168.92632615878185,75.34950990722619,74.41404213522907,21.581817055813794
person_8.mp4,front,808,13484,59.92470636893879,848,478,124.01710836545477,143.07342789568975,148.67524740857274,170.43854098905126,75.68267238787033,75.45810874898841,20.224793856673422
person_8.mp4,front,809,13500,59.92470636893879,848,478,122.75080265628223,142.16282106730114,147.14579787019036,169.25674784877805,74.73444106931112,74.76300280035471,21.81410608768001
person_8.mp4,front,810,13517,59.92470636893879,848,478,129.7039943370053,143.41432701174634,152.37265584547137,167.40290347198678,78.1485837386128,77.9585342564609,20.687783625910658
person_8.mp4,front,811,13534,59.92470636893879,848,478,130.7858736131376,143.09133793312725,155.63770578217398,167.54711439322602,77.4760382879202,78.18993062088389,19.5677189420116
person_8.mp4,front,812,13550,59.92470636893879,848,478,129.76999197770886,142.45230472640168,155.13905028938106,168.31562751903252,77.54574269004587,76.41241336526964,19.670165900758086
person_8.mp4,front,813,13567,59.92470636893879,848,478,127.6079478993588,140.28776266554132,154.97990312500133,167.20373130833732,75.31478399781616,75.03778884770264,19.13191945158854
person_8.mp4,front,814,13584,59.92470636893879,848,478,123.20345889463711,135.97930880849088,155.16458166839092,165.7569786642152,71.48265619778918,71.30497368039244,18.57458316777734
person_8.mp4,front,815,13600,59.92470636893879,848,478,125.31762583396764,136.68406074577322,157.4118023724766,165.9236973837215,72.05828563799093,72.26676532790951,18.12236814177293
person_8.mp4,front,816,13617,59.92470636893879,848,478,129.7460707345201,137.42768489307036,160.65393230523452,164.21170638120395,75.01044440075253,76.08933383180926,17.049639683600823
person_8.mp4,front,817,13634,59.92470636893879,848,478,128.09355711593892,139.69344141651345,157.9539754828076,165.39261001435284,75.99362287394595,76.68578220307063,16.8816217447161
person_8.mp4,front,818,13650,59.92470636893879,848,478,130.3508793037916,138.87796838785195,161.38019593773691,164.52124674246596,77.44292089320867,79.21736262674848,15.061429121348764
person_8.mp4,front,819,13667,59.92470636893879,848,478,134.21776746510685,142.37022864133527,162.1013749738805,165.97253886036077,79.8164568869296,80.4159325957468,15.34638571486105
person_8.mp4,front,820,13684,59.92470636893879,848,478,135.69911851556597,140.22450711666977,165.92971006291174,166.24391294446357,80.0015850943619,77.0667420329484,12.480335886704083
person_8.mp4,front,821,13701,59.92470636893879,848,478,140.98532697932043,141.30114714698118,170.25211412487195,169.07384621854408,82.29380986504722,77.50029385953127,9.401832568193228
person_8.mp4,front,822,13717,59.92470636893879,848,478,140.29611216911036,141.1049642132765,170.20180919193407,169.324612817679,80.47560929110992,77.61813569784111,9.687710183821373
person_8.mp4,front,823,13734,59.92470636893879,848,478,140.16632748164955,142.0124566646537,170.02335720886023,169.5787768367522,80.89058359519453,78.52255778150568,9.990141966601541
person_8.mp4,front,824,13751,59.92470636893879,848,478,138.16496430790403,141.74418903807307,168.70086447851398,169.06398604827368,80.53740631361516,78.8286188691311,10.575062860735148
person_8.mp4,front,825,13767,59.92470636893879,848,478,139.42447848504654,141.46257731203755,170.0526473982931,168.55022893043466,79.4869164125868,78.47565491956442,11.183332883902152
person_8.mp4,front,826,13784,59.92470636893879,848,478,139.488797446461,142.20836104036934,169.4366524666902,168.99879174098643,80.06437150908039,78.83020601028572,11.56076873415072
person_8.mp4,front,827,13801,59.92470636893879,848,478,138.7092777322581,141.89937242756278,170.4708095138039,168.96959690223372,79.71571711897703,79.39655857285462,10.569842564202364
person_8.mp4,front,828,13817,59.92470636893879,848,478,138.0597177557923,141.49718978225,171.04081933167342,172.1925518879065,80.99344739322916,78.79415808477067,7.8425123645647
person_8.mp4,front,829,13834,59.92470636893879,848,478,137.72975662584798,141.4740988520164,170.978924422404,171.20543715175663,81.99999029146076,78.75087521981214,7.89542083061616
person_8.mp4,front,830,13851,59.92470636893879,848,478,138.90892098583066,143.47499687504137,171.97117857657332,171.80255435796582,81.16813287291056,81.61592207359838,7.120677509233031
person_8.mp4,front,831,13867,59.92470636893879,848,478,138.17578360332587,143.35569916349414,174.95435014744461,175.61461376173776,80.33277655133338,82.66816181317444,1.4281928654757081
person_8.mp4,front,832,13884,59.92470636893879,848,478,138.70997764633532,143.14158977327276,175.06627724986825,174.10685009598865,80.75006575151754,84.14468484504285,1.5618840173670656
person_8.mp4,front,833,13901,59.92470636893879,848,478,138.47946881858803,143.01319929371328,173.54211034093902,172.0586936381629,80.92206710467799,85.52662514055164,4.093578365336954
person_8.mp4,front,834,13917,59.92470636893879,848,478,139.13997568827034,142.7782578388801,173.95800113126532,171.78140435843773,81.31677918673951,85.01318999218142,3.9776255122924957
person_8.mp4,front,835,13934,59.92470636893879,848,478,138.6090758878434,142.4463485432497,174.32246711996848,172.33007637311,80.57651028134609,85.53672282536704,3.393554650613689
person_8.mp4,front,836,13951,59.92470636893879,848,478,138.76303101541234,142.05152450526606,174.03257288071177,171.88451744622324,80.61223590448091,85.57326932469729,3.7988259228985606
person_8.mp4,front,837,13968,59.92470636893879,848,478,139.00280294336207,142.36430329513968,174.86160126015176,173.7131023672851,80.7093418105834,86.2518710566329,2.2234739780349306
person_8.mp4,front,838,13984,59.92470636893879,848,478,137.6016743596839,140.1072902236925,173.6397126680081,171.21974376449757,80.02303440533541,83.03628843105263,4.878766679037066
person_8.mp4,front,839,14001,59.92470636893879,848,478,138.5856909728122,141.19895699615006,171.01796507962624,169.51516557125623,80.54323806165976,83.02907689006175,8.410771901831245
person_8.mp4,front,840,14018,59.92470636893879,848,478,139.09275947238532,141.54253974486997,171.0714525230607,168.41256138299593,80.17950147364489,83.0322743890648,8.96507011770025
person_8.mp4,front,841,14034,59.92470636893879,848,478,141.07672504299404,142.91754971385586,172.45215584915448,169.10817463113318,80.94589039789231,83.7889663152457,8.789630063321127
person_8.mp4,front,842,14051,59.92470636893879,848,478,140.77982920309816,143.02239177181016,171.55016770333373,169.5514016101336,80.80638803069462,83.28602620518728,9.574198311085278
person_8.mp4,front,843,14068,59.92470636893879,848,478,141.67431758687792,143.06609618598264,174.10912395090986,172.4631865240332,81.35365479463245,83.18365762037777,6.208878966728829
person_8.mp4,front,844,14084,59.92470636893879,848,478,140.58089317778894,142.33370882179628,175.54793559778534,174.4410945845793,80.73861308436555,82.944980984447,3.2680659337137694
person_8.mp4,front,845,14101,59.92470636893879,848,478,140.20603451212318,142.87114683594632,176.03294945690595,174.5134893010443,80.8848346244783,83.46369218002857,1.4975941103476482
person_8.mp4,front,846,14118,59.92470636893879,848,478,141.10371373036966,143.34156727480632,176.03025631640938,173.7789055073534,81.52569704155457,84.18136216253889,2.0837082559975184
person_8.mp4,front,847,14134,59.92470636893879,848,478,138.62429435655812,141.7219658103467,176.12163314200154,174.64086683223687,80.12995056193331,83.18784817403085,0.19524860264933383
person_8.mp4,front,848,14151,59.92470636893879,848,478,138.8606893926341,142.09090304047112,176.15199153415068,174.96710352284938,80.69712652885907,83.78984493199395,0.5270850406828589
person_8.mp4,front,849,14168,59.92470636893879,848,478,138.7275999770814,142.07533405781007,176.11919865076638,173.85815820659258,80.69232166495433,84.02470930335694,0.6622892264837013
