video,view,frame,timestamp_ms,fps,frame_width,frame_height,left_knee_angle_deg,right_knee_angle_deg,left_hip_angle_deg,right_hip_angle_deg,left_ankle_angle_deg,right_ankle_angle_deg,trunk_angle_deg
person_6.mp4,front,0,0,59.95280823127177,848,478,154.29033819947503,148.70203858725603,173.31503475805155,165.89275450434468,82.7856192925835,83.52673052023108,16.224922065480897
person_6.mp4,front,1,17,59.95280823127177,848,478,155.86306885038854,147.9217102890388,171.86323916347928,165.3263400283568,84.8710857131558,82.49682795244703,18.04572586930359
person_6.mp4,front,2,33,59.95280823127177,848,478,155.34527669835728,146.7636468054908,170.55168076548762,165.64312271964098,84.78466524942996,80.28015359110726,18.72971151566068
person_6.mp4,front,3,50,59.95280823127177,848,478,154.52296322852698,146.20970604594154,169.74555367472624,165.9832656318166,84.35810815879245,78.94389017706182,19.28348898537089
person_6.mp4,front,4,67,59.95280823127177,848,478,154.99771444006177,147.3859143069998,169.04621892319858,166.21718364602793,84.77527919729759,79.78302931740495,19.192696052179393
person_6.mp4,front,5,83,59.95280823127177,848,478,154.10925375374387,147.52775977402956,168.85407848460383,166.3262925752495,84.40387915051343,80.14925372934592,19.045508668874604
person_6.mp4,front,6,100,59.95280823127177,848,478,153.36717786934548,147.12250986766844,168.60314292921723,166.33424550182625,84.07097257253638,79.91244704387464,19.029748159896826
person_6.mp4,front,7,117,59.95280823127177,848,478,152.6176522038817,147.26070453343328,168.26126396505137,166.32654592619363,83.59059582701987,80.07231529137084,18.968692688604555
person_6.mp4,front,8,133,59.95280823127177,848,478,151.14713309562458,146.84395412036258,167.89131348415984,166.31890472995727,82.5078178327572,79.72276002300349,18.932794413048388
person_6.mp4,front,9,150,59.95280823127177,848,478,150.53271302165228,147.1468931054975,167.73396870075575,166.12357531648055,81.66182784373001,80.20895430477918,19.07308593697674
person_6.mp4,front,10,167,59.95280823127177,848,478,151.7185152508086,147.5328130090544,168.45964800689234,166.2722194909108,82.9024324386651,80.55239381566312,18.62930132594883
person_6.mp4,front,11,183,59.95280823127177,848,478,152.05223173537235,147.60070385669124,168.71375486444634,166.25372754720664,83.23555542464358,80.68089397791778,18.4659381507726
person_6.mp4,front,12,200,59.95280823127177,848,478,152.09805544603347,147.509709219482,168.93803349812546,166.19483410833786,83.3024120381544,80.56859477154163,18.39750983420482
person_6.mp4,front,13,217,59.95280823127177,848,478,152.54420839819505,148.04858446432627,169.26799511758958,166.49340761045525,83.67005277571118,80.95170568269143,18.234599899345948
person_6.mp4,front,14,234,59.95280823127177,848,478,151.4492752636075,147.52381755340247,168.88280343898205,166.016725839323,82.80171495164983,80.71086697061868,18.47979015535608
person_6.mp4,front,15,250,59.95280823127177,848,478,151.87312561147104,148.74993071789604,168.85802244624418,165.98243113868276,82.92142940412205,81.74370470713552,18.514546970224444
person_6.mp4,front,16,267,59.95280823127177,848,478,150.88670983629146,147.87006770804572,168.24321351581244,165.07413098064924,82.53524526945895,81.62842639225919,18.565476526101016
person_6.mp4,front,17,284,59.95280823127177,848,478,149.01998856136095,147.87236641400318,167.45447891062213,166.18681880355768,82.68699996825985,82.34128168080485,16.896334217381003
person_6.mp4,front,18,300,59.95280823127177,848,478,149.86695481189483,148.01608562216134,166.4102350464065,165.0873700048707,83.2014345895536,82.55884625190954,18.301397445773784
person_6.mp4,front,19,317,59.95280823127177,848,478,149.28713475668593,147.82754522505303,166.3586049605159,165.1707274054199,82.967082944168,82.36235254197305,18.130801215828008
person_6.mp4,front,20,334,59.95280823127177,848,478,150.5100319237214,147.95496591068806,166.40876291008018,165.3444943218615,83.59008676892347,82.38456105835195,18.224076045750962
person_6.mp4,front,21,350,59.95280823127177,848,478,151.06238506084517,148.56211028275473,166.49384006011883,165.25042503798576,84.23612058240623,83.01029817866474,18.219930864927992
person_6.mp4,front,22,367,59.95280823127177,848,478,149.95301431755792,148.10117960499286,165.91718625507966,165.18085239814692,83.71684476981194,83.010243742968,18.02587234871277
person_6.mp4,front,23,384,59.95280823127177,848,478,151.38866899932603,148.18568601074224,165.79350295673498,166.76426474978857,86.20280985159746,83.32035214317135,16.260191719733232
person_6.mp4,front,24,400,59.95280823127177,848,478,147.5660201879148,146.98063028794675,164.12964701708626,165.80776236414482,84.25054078844468,82.59198994643744,16.50326426712739
person_6.mp4,front,25,417,59.95280823127177,848,478,147.88154087414975,147.8428053184039,164.7985937067505,166.49306927374204,84.90277049003515,84.08675785544301,15.069696866459903
person_6.mp4,front,26,434,59.95280823127177,848,478,150.3095967941513,149.38319405522935,167.18428442073218,169.8343716349937,88.14692224206611,85.91279969249676,10.996405614989532
person_6.mp4,front,27,450,59.95280823127177,848,478,149.6429075994729,149.46336433349686,167.2885853181724,169.3730886523736,89.1350127009265,87.59504174316517,9.37219955984182
person_6.mp4,front,28,467,59.95280823127177,848,478,148.59810964500602,147.68096028217806,166.192515354926,167.1593031169271,87.81447207112315,86.18029715146706,11.574065078122048
person_6.mp4,front,29,484,59.95280823127177,848,478,146.6425767948485,146.70875845435887,165.31569467336274,167.52391508849362,87.9738338395215,86.338993097905,10.125888872394018
person_6.mp4,front,30,500,59.95280823127177,848,478,145.92038869388475,146.22818067667586,166.47722125724997,168.194030834557,87.07161948237882,85.9213374961082,9.36977940393778
person_6.mp4,front,31,517,59.95280823127177,848,478,145.91699231466694,145.218312275268,164.29504496374454,165.48676115056213,88.4707946399293,87.02986829412121,9.895241000701635
person_6.mp4,front,32,534,59.95280823127177,848,478,146.19873408134663,143.5397493679898,163.92046553457138,165.0343189520353,89.57019534326334,86.405153311766,9.486657777734152
person_6.mp4,front,33,550,59.95280823127177,848,478,143.17669853405272,142.52248026887878,162.16744331727452,164.50736778827934,88.55701981460498,85.49789281343148,9.878975246742657
person_6.mp4,front,34,567,59.95280823127177,848,478,139.8452649632526,142.1936405544797,159.11562856476,163.13341934790546,86.60747801304731,85.13801688739325,11.58261698293767
person_6.mp4,front,35,584,59.95280823127177,848,478,139.33397390104565,138.92421996181844,158.36805660967306,160.78900021198868,86.68505631269987,83.9908224619599,11.842015432563283
person_6.mp4,front,36,600,59.95280823127177,848,478,139.00116592493407,135.53639357466375,156.51446352998258,157.0626522534337,86.05615435963512,82.73535522940303,13.621061294091575
person_6.mp4,front,37,617,59.95280823127177,848,478,133.8840337533465,130.48553847722334,152.79254492835764,153.54473367458203,84.70146764813654,81.08424203453961,13.842678614060592
person_6.mp4,front,38,634,59.95280823127177,848,478,135.33244959208017,132.03154073052974,152.17429731336486,153.09741606463433,84.78623767869762,81.15500190299181,15.758669740437409
person_6.mp4,front,39,651,59.95280823127177,848,478,134.92851131732954,129.4901913895365,153.23278701951548,153.3897049330019,85.74981185007618,80.8255729991569,13.45483056620282
person_6.mp4,front,40,667,59.95280823127177,848,478,135.0422022968512,126.851012276619,154.92539574633906,151.98948674651857,86.02016973550597,81.31951441344076,11.950720326697267
person_6.mp4,front,41,684,59.95280823127177,848,478,136.10053193318407,126.70200644318825,154.95500426550853,151.47773529931587,88.32727848660723,82.3332343134706,11.062730313971743
person_6.mp4,front,42,701,59.95280823127177,848,478,138.26459086728525,129.56779557299242,156.60691406854806,154.00202993779152,89.08862951584362,83.35694151104241,10.39933718855591
person_6.mp4,front,43,717,59.95280823127177,848,478,138.104672773111,129.31376408013418,156.20693844676973,153.53082966539915,88.92553262336173,83.12427615631209,10.819806950358336
person_6.mp4,front,44,734,59.95280823127177,848,478,137.08177705067453,127.41491325667621,155.29968569589164,152.40588817333287,88.63628739919827,81.94299418516115,11.126036565898845
person_6.mp4,front,45,751,59.95280823127177,848,478,135.42006235963197,124.7767236854211,154.1286099275339,150.71185873718613,87.991338341209,80.80399735454456,11.433912069277568
person_6.mp4,front,46,767,59.95280823127177,848,478,134.46460310403484,124.19377658670423,151.55608888975013,148.3187753632224,87.209966810007,80.23962600084454,13.788330680073955
person_6.mp4,front,47,784,59.95280823127177,848,478,134.18360478501123,125.86396655591057,151.37136013735434,149.52051492403487,87.00686757897968,81.57361510638984,13.793981728628818
person_6.mp4,front,48,801,59.95280823127177,848,478,133.60789809265054,126.14158106544285,150.3157840880085,149.36930262435328,86.38513290632257,81.27001956638551,14.50806152510101
person_6.mp4,front,49,817,59.95280823127177,848,478,132.65299161874574,125.7986895686902,150.25091659684725,149.4555171571868,85.41916841340085,80.82613613944697,14.39083594348667
person_6.mp4,front,50,834,59.95280823127177,848,478,132.0539330925671,122.60065422635915,151.34452633900108,149.39971748738367,85.7353395192095,80.1712588682777,12.219387815282284
person_6.mp4,front,51,851,59.95280823127177,848,478,128.79351184660567,122.1779733763998,149.65896368546677,149.60308262633976,84.44972976207559,80.36972628600971,12.09428376225045
person_6.mp4,front,52,867,59.95280823127177,848,478,126.52777957265354,120.26271903666898,148.9230134043961,149.4171210240054,83.89944164284677,79.53782360216015,11.293761281518847
person_6.mp4,front,53,884,59.95280823127177,848,478,125.15507622379795,117.80766762642611,148.1953113026944,148.19088883690407,83.45691050797426,78.43325124771276,10.991357610628706
person_6.mp4,front,54,901,59.95280823127177,848,478,125.17799354174487,114.12120900394055,146.92949899064504,143.4660609968494,82.56401156239015,78.57215150039916,12.223375833087898
person_6.mp4,front,55,917,59.95280823127177,848,478,123.85923237788933,111.56188027147212,145.65475301398888,140.16833603357003,82.71906833041798,78.35201025006253,12.406688941570113
person_6.mp4,front,56,934,59.95280823127177,848,478,123.78335484568869,112.25402307834553,148.30689202299325,143.2852337955923,84.62662899840083,79.65206189702069,8.282553855216173
person_6.mp4,front,57,951,59.95280823127177,848,478,121.47041797876051,113.778243839453,147.74572657754828,145.79389857720568,82.91893548624805,78.85789924906251,7.951156716765024
person_6.mp4,front,58,967,59.95280823127177,848,478,117.46226075791947,107.90680722143192,146.19502206192746,142.54252400699454,81.05471567654293,77.0105381282801,7.428032583824531
person_6.mp4,front,59,984,59.95280823127177,848,478,118.86441610915686,110.42334795759722,146.36986387596176,143.38230386502917,81.9665294041992,77.1961673969897,8.241420442231354
person_6.mp4,front,60,1001,59.95280823127177,848,478,114.09703341516456,103.72738227373331,144.49104765041366,140.28274190646408,80.023398403258,75.62513031693372,6.733917076064763
person_6.mp4,front,61,1017,59.95280823127177,848,478,112.85472412861571,101.71827485040022,143.65161809054655,138.83290198325477,79.6003984831704,75.36077135067444,6.301127155803239
person_6.mp4,front,62,1034,59.95280823127177,848,478,112.95612852760385,105.82637946384747,143.30427813690721,141.30058715028582,79.62978582680371,76.14133783887192,6.961375276268
person_6.mp4,front,63,1051,59.95280823127177,848,478,111.52250544349731,103.35639020958833,144.74529301937673,141.57523033426932,79.98791935629721,76.55244770132266,3.9688109058936667
person_6.mp4,front,64,1068,59.95280823127177,848,478,109.83662958500783,103.32753439400932,146.0440355441829,144.07642728203896,80.82838712521038,77.25327808270828,1.2668610041760064
person_6.mp4,front,65,1084,59.95280823127177,848,478,105.76085494248666,96.80387138887016,143.3994079223125,138.66280048781513,79.13314919609759,75.30338889040166,1.504511986680413
person_6.mp4,front,66,1101,59.95280823127177,848,478,107.11374797069884,98.09641930264277,142.9879512499983,138.50890291920956,79.22387776650874,75.41167490706616,2.613786596584305
person_6.mp4,front,67,1118,59.95280823127177,848,478,107.10147407334298,97.39618993220289,143.19290978786182,137.84158993803877,78.98912586589364,75.47397262434153,2.7022529899077363
person_6.mp4,front,68,1134,59.95280823127177,848,478,109.88482430208359,100.00746572633423,147.76802924268384,142.97517041039075,81.20465588998837,76.09738453823297,1.4587687606277444
person_6.mp4,front,69,1151,59.95280823127177,848,478,110.0608428233263,99.64568721867745,146.59792069688027,141.29483158062544,80.8570935812276,75.91873100063472,1.586913493567013
person_6.mp4,front,70,1168,59.95280823127177,848,478,108.4949295541561,100.72428653826074,148.46252385141256,145.05536862147045,80.32045173085709,76.74229270185396,2.692098660749047
person_6.mp4,front,71,1184,59.95280823127177,848,478,108.17627060094411,101.12202404787682,149.73615404148384,148.2059741313474,81.95335887619548,78.95322886802627,6.597112788098122
person_6.mp4,front,72,1201,59.95280823127177,848,478,105.31147233746398,99.93486206594415,145.29382886563488,146.37568163542176,83.69491632784786,80.32493869469474,7.478005555226624
person_6.mp4,front,73,1218,59.95280823127177,848,478,102.255113121621,98.30544695759131,141.76716918977812,144.68629000929508,85.22994006171585,81.22645839631723,8.50489851535165
person_6.mp4,front,74,1234,59.95280823127177,848,478,102.05724906339113,97.11189299178467,141.5941292781809,142.81429244781359,84.3820288361363,81.24225374836068,7.431279257971001
person_6.mp4,front,75,1251,59.95280823127177,848,478,98.51673897060022,94.29872691477148,138.41538496731857,141.92962354309475,84.57626024783103,80.38003283026028,8.754081769379775
person_6.mp4,front,76,1268,59.95280823127177,848,478,98.002360790534,92.65626790012354,139.70002799822228,141.2511244007733,83.17966651838958,79.63205736692309,8.208923557108522
person_6.mp4,front,77,1284,59.95280823127177,848,478,97.25179280523288,91.63114928707499,136.60888824687606,138.58410496591975,85.37046372353487,81.31884303398115,8.970511741094196
person_6.mp4,front,78,1301,59.95280823127177,848,478,93.99041570296735,88.41922704502821,134.1352130651617,135.93285224669765,83.74540691044493,79.91371090502246,7.84894862807049
person_6.mp4,front,79,1318,59.95280823127177,848,478,91.02766505291939,86.2488710541361,130.71117683700624,134.58896515313296,81.96599313116837,78.3242034753503,6.46973444590641
person_6.mp4,front,80,1334,59.95280823127177,848,478,93.09390519098336,88.5116430716809,132.70708410418464,135.1226292012235,85.83669580908487,81.89693943052252,8.96301585601923
person_6.mp4,front,81,1351,59.95280823127177,848,478,90.54137323546037,86.38339036939664,130.59916481848657,132.85328332408872,84.34351770331992,80.57719310356114,7.482367265728556
person_6.mp4,front,82,1368,59.95280823127177,848,478,87.98363499928972,83.10416972094856,128.7670942003784,130.9881111617695,82.38039755645211,78.44670815674617,6.142321418760067
person_6.mp4,front,83,1384,59.95280823127177,848,478,92.76712353937538,88.40381940832664,127.97246785802938,131.03647957369952,89.60366102247323,84.608894509363,9.064250700549334
person_6.mp4,front,84,1401,59.95280823127177,848,478,92.86623601834133,88.85498255941765,132.44054439530117,134.78676299172238,89.62412844085708,84.76945982188735,12.086183585250764
person_6.mp4,front,85,1418,59.95280823127177,848,478,90.38066590687279,86.45652719545808,128.33910401255784,130.68390232782107,88.49927195806642,83.516654961445,10.037152768123677
person_6.mp4,front,86,1434,59.95280823127177,848,478,88.26239080557009,84.80030468072424,127.29091424507156,130.36622511056234,87.01585937947503,82.40400905776002,9.360678423343087
person_6.mp4,front,87,1451,59.95280823127177,848,478,88.20434950116447,83.28716552196093,125.61671632952833,127.47007460710196,88.31952356054707,82.83442343256834,9.072067043551023
person_6.mp4,front,88,1468,59.95280823127177,848,478,89.1920699766312,84.57827613196748,125.59185345559212,128.1128329545505,88.66767033976366,83.28031757485378,8.508424483439121
person_6.mp4,front,89,1485,59.95280823127177,848,478,84.38502070185041,80.71241061156105,110.90196390958818,115.7419649631976,85.24449448540983,80.40580250334186,4.588001222531655
person_6.mp4,front,90,1501,59.95280823127177,848,478,84.41184002391397,81.08961841202616,113.42042935858842,118.00748002039242,85.9103980069425,81.0326485289723,2.176008744154961
person_6.mp4,front,91,1518,59.95280823127177,848,478,79.6463267071842,77.2374296681415,101.53141152701338,108.26360491301803,83.1325465518079,78.67782673783148,9.603833793958986
person_6.mp4,front,92,1535,59.95280823127177,848,478,79.51065596812101,76.3437210968738,101.91213924562076,108.33760620119537,84.30197388460988,79.357917087637,7.802011523658292
person_6.mp4,front,93,1551,59.95280823127177,848,478,80.1285343478113,77.15095314223494,105.03101883976078,111.65762487910742,84.42548725568068,79.40927360483415,5.785272236182184
person_6.mp4,front,94,1568,59.95280823127177,848,478,78.18511147214461,76.07277616365107,100.11802370251824,107.37336408781093,83.56131972345509,78.66781895941945,9.133928944132734
person_6.mp4,front,95,1585,59.95280823127177,848,478,80.54383509313594,78.53641320483734,102.49014447160161,109.85756341850565,85.78310195171629,81.10728525094062,6.880363685335672
person_6.mp4,front,96,1601,59.95280823127177,848,478,82.38380395867091,79.59402070714384,103.07093693400124,110.31592245366254,88.1013512697317,82.58265624305146,5.224547789916769
person_6.mp4,front,97,1618,59.95280823127177,848,478,77.69951361750917,74.83787793912308,102.05490186250529,108.71835970821522,83.73590582506412,78.30434032152955,7.0900273828071665
person_6.mp4,front,98,1635,59.95280823127177,848,478,77.9072759511203,75.49500259715666,102.09327485352931,108.63567902891806,84.49899339111104,79.39480057486526,6.085280185272155
person_6.mp4,front,99,1651,59.95280823127177,848,478,78.05531414574828,74.90850171676456,103.40337937310808,109.90277777984095,84.31255836398918,78.81750101782055,5.174011057119856
person_6.mp4,front,100,1668,59.95280823127177,848,478,76.85654186313873,73.95283721989524,103.30924510677045,109.5397889390927,83.32899205306953,78.18168645490262,5.3014770457438924
person_6.mp4,front,101,1685,59.95280823127177,848,478,77.21882454874842,74.56020431001534,103.61738774109875,109.1312354050251,83.8071752601755,79.01354665354664,5.1605848539673325
person_6.mp4,front,102,1701,59.95280823127177,848,478,76.6861489960144,73.90037705849086,101.59183267252972,106.84919243433544,83.34906279527983,78.51490511819213,6.880526917662376
person_6.mp4,front,103,1718,59.95280823127177,848,478,77.17901749831744,74.4049061165022,103.16831088261735,107.79727966472755,83.16277633955322,78.9487473105486,6.175862447077365
person_6.mp4,front,104,1735,59.95280823127177,848,478,76.891679278376,74.05342822504089,105.53271959033603,108.91712272356277,82.09983805621911,78.59761380816418,4.8207234655686095
person_6.mp4,front,105,1751,59.95280823127177,848,478,71.32957272873455,68.67710942460013,100.0401393053091,103.33381628870575,77.67188275860744,74.21658126655436,9.974611990699296
person_6.mp4,front,106,1768,59.95280823127177,848,478,66.05274304836496,65.32640162022871,92.5230553874293,95.32079028789461,72.66366593439727,71.41210477451993,17.40800494030115
person_6.mp4,front,107,1785,59.95280823127177,848,478,67.49550018450657,67.59582467139779,95.5180785415954,96.73883247059167,73.69750290810848,73.01571366034649,15.637435967274133
person_6.mp4,front,108,1801,59.95280823127177,848,478,68.1842373474823,67.81583420991693,97.24174150927594,98.26353992881926,74.15914477095609,73.44053980555397,14.046187611584926
person_6.mp4,front,109,1818,59.95280823127177,848,478,65.7457372590455,65.87491015984277,98.52210810044855,101.1108037637078,72.47019201953877,72.34809025495898,11.17564151033596
person_6.mp4,front,110,1835,59.95280823127177,848,478,63.14858391901028,63.63291333687007,95.87650042160038,98.6087903517039,69.94884668161451,70.8574963374403,13.959743538346496
person_6.mp4,front,111,1851,59.95280823127177,848,478,63.912838181127505,63.93769560956324,97.80487353396649,101.03094332417528,70.46034995901935,71.19783190619628,11.747378324884005
person_6.mp4,front,112,1868,59.95280823127177,848,478,63.86516614660239,63.234692544072,98.77173466353169,101.63798623092718,70.54775897823608,70.87890589990984,11.025679863242901
person_6.mp4,front,113,1885,59.95280823127177,848,478,63.10733483544221,62.84627741954124,99.03633440803657,102.38285163370021,69.85298470406536,70.81426883173336,10.224420724600614
person_6.mp4,front,114,1901,59.95280823127177,848,478,60.48187753462124,60.43806842300304,92.8923767789407,94.86451300678553,67.59494048978698,68.68326708942038,17.13238988539578
person_6.mp4,front,115,1918,59.95280823127177,848,478,59.68131870407052,58.95162190462317,92.24627095005883,95.38375060611605,67.36253812931368,67.33269722561897,16.95842549847726
person_6.mp4,front,116,1935,59.95280823127177,848,478,54.912738075568434,55.30287970729947,87.38431121979121,89.73386392715712,63.778206761070024,64.55647004635884,22.27115943590679
person_6.mp4,front,117,1952,59.95280823127177,848,478,55.98660183147409,54.80244426683459,83.64426971914727,85.51002204798998,63.945728778496616,63.898066701234924,25.710669642149174
person_6.mp4,front,118,1968,59.95280823127177,848,478,55.189320518616455,51.98393259197374,85.79872500414305,85.95173180830456,63.23735434973409,62.1778199013639,25.297752040631053
person_6.mp4,front,119,1985,59.95280823127177,848,478,57.65523870884827,54.18116598112174,88.13613934811502,90.38754370863084,64.03523386054697,62.8624868360458,21.832224145924307
person_6.mp4,front,120,2002,59.95280823127177,848,478,54.47313777796246,52.28220358473146,78.28509653166405,80.41830705624304,62.3954335218539,61.59550005278283,31.51300581598092
person_6.mp4,front,121,2018,59.95280823127177,848,478,52.95739452391684,52.13753256944114,79.20384191424284,80.71187767069569,60.928181026522935,61.56025512130332,30.8272414712497
person_6.mp4,front,122,2035,59.95280823127177,848,478,54.0945383749533,52.27076715420635,85.01076434097047,86.22533334464032,62.14115361212728,62.2807474020673,25.467394946295453
person_6.mp4,front,123,2052,59.95280823127177,848,478,54.43381349921348,51.618423667893545,87.97550018876207,88.61438288081513,62.23349989486411,61.90101221734474,23.211625784219592
person_6.mp4,front,124,2068,59.95280823127177,848,478,54.86587390131534,51.728872125322795,88.48786513662671,89.08846895744301,62.52959571861761,62.07527565659717,22.589765211228492
person_6.mp4,front,125,2085,59.95280823127177,848,478,53.764848982796025,51.2346848729552,82.114360286156,82.42471020095361,61.48220339344123,61.32516648355548,29.157444880247432
person_6.mp4,front,126,2102,59.95280823127177,848,478,53.7954829659138,50.66830472563013,85.26384007333876,85.39963862271605,61.70645715959585,61.02810769892024,26.289135578075413
person_6.mp4,front,127,2118,59.95280823127177,848,478,52.826758759138166,49.82715350483496,81.8699825625761,82.63496798246224,60.70538961025435,60.16521367781867,29.256723544346617
person_6.mp4,front,128,2135,59.95280823127177,848,478,52.373619264072985,49.57227358561991,80.81617590132727,81.51717432099306,60.22554976101902,59.64812023146924,30.384933063706068
person_6.mp4,front,129,2152,59.95280823127177,848,478,52.373584351270736,49.552533319179666,86.44230064839581,86.60278904148534,60.84905143382104,59.94359177665068,25.433182089755164
person_6.mp4,front,130,2168,59.95280823127177,848,478,52.217967770916154,48.82106283915222,87.79295308557754,88.12301647281353,60.69517082026152,59.12388722321297,24.13514332971954
person_6.mp4,front,131,2185,59.95280823127177,848,478,51.22211220907813,48.94526436072589,87.49451441543017,87.69598855689334,59.69312109257174,58.961291494117035,24.415579514729718
person_6.mp4,front,132,2202,59.95280823127177,848,478,51.451630093685125,48.991694275674305,91.25719943833356,91.68837432215066,60.07089925873794,59.14018926122775,20.56708356872356
person_6.mp4,front,133,2218,59.95280823127177,848,478,53.33592666276957,50.65280442381633,99.120061793976,98.77735035667638,61.73953072305728,60.64243586541642,13.956322453933886
person_6.mp4,front,134,2235,59.95280823127177,848,478,54.9062428089214,52.66903620579144,102.6332011497931,103.44241382008151,62.65075870412533,61.47630540958573,10.490781437531954
person_6.mp4,front,135,2252,59.95280823127177,848,478,55.722354583660234,52.9652094479127,105.62781359523915,105.59332470783879,63.50982423173229,61.93280447096039,8.079124097215015
person_6.mp4,front,136,2268,59.95280823127177,848,478,55.846147874154404,53.38319392593098,106.39325568460256,106.84652263121681,63.5299025001704,62.06056906791036,6.863964596834337
person_6.mp4,front,137,2285,59.95280823127177,848,478,56.04205880079829,53.13417921650093,106.16863571976474,106.16221415460596,63.93381211390612,61.5434232612982,7.160955692374596
person_6.mp4,front,138,2302,59.95280823127177,848,478,55.58184905872183,52.95583150144771,105.60987298237957,106.47960070155204,63.80395672864641,62.13622280490279,7.5007837607546515
person_6.mp4,front,139,2318,59.95280823127177,848,478,55.874161884481424,52.980975922984435,107.13138268436542,107.38773600712561,63.917837616297774,61.982500280623746,6.37483259429112
person_6.mp4,front,140,2335,59.95280823127177,848,478,55.321557501108266,53.716321704135574,106.54764526427063,107.35548801633658,62.70883358157568,62.70271054809149,6.368365563858273
person_6.mp4,front,141,2352,59.95280823127177,848,478,53.79547560163034,51.25008293741326,94.86547633521529,95.10633608924356,61.83391523209672,60.80173096829323,17.387711349719567
person_6.mp4,front,142,2369,59.95280823127177,848,478,55.089129678437196,52.610363519327066,106.23852567334627,106.78020964796661,62.461387807312036,62.026306487687336,6.105425412135177
person_6.mp4,front,143,2385,59.95280823127177,848,478,54.529662212105634,52.32290829107239,104.65461722266717,106.21574240131662,62.429495178041776,61.920855238619076,7.116487235266349
person_6.mp4,front,144,2402,59.95280823127177,848,478,56.52518787589362,53.99719009503434,108.47309516633257,109.86741693799253,63.888721291193576,62.85679621883823,3.4692346065629955
person_6.mp4,front,145,2419,59.95280823127177,848,478,54.90758273088584,52.93062153202975,101.3161641203516,103.9822673189546,63.16244209784539,62.247318132544805,9.247955637460896
person_6.mp4,front,146,2435,59.95280823127177,848,478,58.04261244108524,55.27873438861605,113.83274936630981,114.88800370803426,65.59032033222229,64.12295539551681,2.0031237656756744
person_6.mp4,front,147,2452,59.95280823127177,848,478,56.38303688410639,54.69723440805905,109.47039363140308,113.93482802156782,64.99987596089431,63.62523160772214,1.0310316027596327
person_6.mp4,front,148,2469,59.95280823127177,848,478,55.93254393629996,54.40296402871413,106.00186236804102,108.90015241083665,65.50657560562543,64.16888852974128,4.683767941456298
person_6.mp4,front,149,2485,59.95280823127177,848,478,55.4476011627008,53.7245594809035,102.68726822360095,106.76029557275197,65.29154653893018,63.82343727546621,7.186916209988693
person_6.mp4,front,150,2502,59.95280823127177,848,478,56.05634180643465,54.03449303902389,106.11953748709189,108.30137944578192,65.82825341043315,64.25001233319328,4.971835786256659
person_6.mp4,front,151,2519,59.95280823127177,848,478,55.5206912300167,53.86743396451148,104.81242903469503,106.72866440669492,65.26250476076369,64.28266098426559,6.373194098879891
person_6.mp4,front,152,2535,59.95280823127177,848,478,55.4775066578814,53.58014715688714,103.98242647496558,105.79710877999823,64.9083332380924,63.87506917930147,7.247971436602482
person_6.mp4,front,153,2552,59.95280823127177,848,478,55.68165141597393,53.397322622121614,105.57978923385848,106.86320137834788,64.86757241800538,63.900246200986885,6.111365284503097
person_6.mp4,front,154,2569,59.95280823127177,848,478,56.96115155114283,54.29796066707765,108.97144328267294,109.99840316488265,65.37178129146312,64.26955924786853,3.3906464211431158
person_6.mp4,front,155,2585,59.95280823127177,848,478,56.65669938979799,53.30764586616335,104.02472432611837,104.84416452296975,64.93314743092203,63.29928767751153,8.209794641303706
person_6.mp4,front,156,2602,59.95280823127177,848,478,56.268723678986724,53.2851043922759,104.35689004880204,105.77166152627835,64.58326341609369,63.14986112548358,7.572986829336683
person_6.mp4,front,157,2619,59.95280823127177,848,478,55.727912366954136,51.848169047379656,103.59275234007394,104.04255260120257,63.935323817014726,62.20031209464505,8.574186209012817
person_6.mp4,front,158,2635,59.95280823127177,848,478,54.95012004436468,51.19713917332556,100.63134483741341,101.68313818771476,63.2143163796504,61.30930395268487,11.18490472229681
person_6.mp4,front,159,2652,59.95280823127177,848,478,54.163488861627165,51.17986069908899,101.26478490027037,101.88502453086411,62.422048986376026,61.28635561507564,11.099883067276531
person_6.mp4,front,160,2669,59.95280823127177,848,478,54.03249086045752,50.669376665719795,99.43835807546587,100.0065282951969,62.14976400225612,60.78650803763613,12.809748861338772
person_6.mp4,front,161,2685,59.95280823127177,848,478,54.31547769154618,50.787379479797764,100.57999319606867,100.80807234563191,62.25209898568871,61.06630472214864,11.808502928316162
person_6.mp4,front,162,2702,59.95280823127177,848,478,52.86422868539769,50.099653828114484,95.99713553846125,96.82051590243317,60.40300956853196,60.07600559396026,15.59835174261548
person_6.mp4,front,163,2719,59.95280823127177,848,478,53.053815650453174,50.61077168304585,103.14276765479295,103.83918230396348,60.871501578771415,60.681545542114634,8.416475235669607
person_6.mp4,front,164,2735,59.95280823127177,848,478,52.944280017084914,50.10745592018552,101.86462048678757,102.75897721861364,60.91852640584197,60.15073956389496,9.669624168733808
person_6.mp4,front,165,2752,59.95280823127177,848,478,52.16332532364122,49.92021519608777,98.30655388335262,99.59780217643939,60.75188927782099,59.78442713004163,12.679692281347869
person_6.mp4,front,166,2769,59.95280823127177,848,478,52.45295169751678,50.64442949704623,100.9440560124836,102.45012068586449,60.99742344329361,60.29157455220238,10.088198092965957
person_6.mp4,front,167,2786,59.95280823127177,848,478,52.83622097671579,50.68678618793995,101.3789862505523,102.18728068062366,61.70083852897662,60.50509273786676,10.25444278205923
person_6.mp4,front,168,2802,59.95280823127177,848,478,53.07994269507526,50.77841633964003,102.10863028238917,102.66765004339582,61.7426118327207,60.53966199601837,9.743755809996065
person_6.mp4,front,169,2819,59.95280823127177,848,478,53.1264606261439,50.77883990449621,102.0432628380192,102.68312252367775,61.71924829393467,60.60717178789743,9.798896041911865
person_6.mp4,front,170,2836,59.95280823127177,848,478,53.00363723725537,50.71364378918364,101.64404916674127,102.27071892544915,61.63562060418227,60.650764853496845,10.325676982128073
person_6.mp4,front,171,2852,59.95280823127177,848,478,54.04602311832008,51.40679511699244,103.17985117831878,103.22840407588536,62.175391962572704,61.094398455088985,9.54440425281031
person_6.mp4,front,172,2869,59.95280823127177,848,478,54.07273538469577,51.312857933458616,102.97793924912249,103.10773008942236,62.0209590742512,60.818740855175086,9.732103213085978
person_6.mp4,front,173,2886,59.95280823127177,848,478,55.6343524466426,52.23615078383418,108.95501149324275,108.66526863300268,62.78701009317409,61.33186484020201,4.520355988294383
person_6.mp4,front,174,2902,59.95280823127177,848,478,55.267158865244475,52.3230335776504,107.09631213893107,107.01780056023668,62.3778788437467,61.43052976074255,6.263068039762807
person_6.mp4,front,175,2919,59.95280823127177,848,478,55.22146728894847,52.63326902372512,106.56398738989223,107.09835561413428,62.296962665681995,61.44102184627676,6.722242181803066
person_6.mp4,front,176,2936,59.95280823127177,848,478,56.13772688585927,53.427879640978205,107.81643394221538,108.25266870578355,62.47766868748103,61.71513454767608,6.074196092300353
person_6.mp4,front,177,2952,59.95280823127177,848,478,56.62565357338671,54.20076971361004,108.42849038716692,109.26378164136331,62.57867087136983,61.9659107193173,5.723551723208216
person_6.mp4,front,178,2969,59.95280823127177,848,478,56.41934458000963,53.96738856555492,108.76821936611404,110.06844404430788,62.389449857206024,61.79271511563476,5.07048929191477
person_6.mp4,front,179,2986,59.95280823127177,848,478,57.17566554494786,55.099866367880985,108.84499994321973,110.24583444867596,62.942786708329606,62.41920936513353,5.283284299931567
person_6.mp4,front,180,3002,59.95280823127177,848,478,57.60911784112025,55.455733266822335,108.23740188016205,110.1006497209833,62.7198605068394,62.06706513939445,5.446846161313799
person_6.mp4,front,181,3019,59.95280823127177,848,478,57.9203710256714,55.642405909065,108.41062002484794,109.69044900444783,62.713966982649275,62.10087159427055,5.70913137419576
person_6.mp4,front,182,3036,59.95280823127177,848,478,58.677641455105466,55.879494288247365,109.25431125219266,110.24181200955306,63.0390647208938,62.21867912753493,5.292614455823067
person_6.mp4,front,183,3052,59.95280823127177,848,478,59.49313649555104,56.60279230101052,109.55743806663567,110.21732701947388,63.350919987013036,62.83321377047548,5.542894688375892
person_6.mp4,front,184,3069,59.95280823127177,848,478,60.62476921707438,59.040024800155,98.26708382490574,102.35736357294525,64.68017272061216,63.86545314470363,12.91887409023943
person_6.mp4,front,185,3086,59.95280823127177,848,478,59.24024866602209,58.25328744081405,99.95425851985905,102.97609593966418,64.73931530602563,64.38590552445031,11.974423274497228
person_6.mp4,front,186,3102,59.95280823127177,848,478,58.928156676323745,57.796428928026195,96.34265156488584,99.91187636441893,64.22036700033301,64.01186270701265,14.71705817856295
person_6.mp4,front,187,3119,59.95280823127177,848,478,58.400505045748915,57.58804113304882,98.31242209051737,101.3605899490778,64.44973281702416,64.35607387039998,13.30293506830446
person_6.mp4,front,188,3136,59.95280823127177,848,478,58.82336255753811,57.52790914356487,94.75810099502749,97.5138541049722,64.26342834718056,63.82475867920722,17.557205418461063
person_6.mp4,front,189,3152,59.95280823127177,848,478,58.02890101704031,57.05064561533937,88.9651921467013,91.85697145286419,62.366259529067996,62.19795459413309,23.349669245338998
person_6.mp4,front,190,3169,59.95280823127177,848,478,57.612155201814275,56.720842216110306,84.21652350960515,87.52262850142658,61.412525540950654,61.42379233303391,28.055233225915252
person_6.mp4,front,191,3186,59.95280823127177,848,478,61.0549589801657,59.552124998934545,91.75874928581318,92.3872286932337,63.57127815554222,63.82166906474783,23.145080949350533
person_6.mp4,front,192,3203,59.95280823127177,848,478,60.91853869805347,59.6782080070307,87.04524960244088,89.49346036728542,62.90112881879016,63.92728307317908,26.78666620637709
person_6.mp4,front,193,3219,59.95280823127177,848,478,69.59540738505824,64.3614294007519,109.42466619622138,109.76548086035422,68.63232574901447,66.86813308711147,8.28106152174496
person_6.mp4,front,194,3236,59.95280823127177,848,478,71.16591682517873,65.40244203293288,103.83437908205127,102.97890876323338,68.73817537339056,67.8311792738744,14.384877188828959
person_6.mp4,front,195,3253,59.95280823127177,848,478,71.04791891163359,66.77103957112675,105.74216876622414,105.88035540049785,69.58111996624305,68.23104790701817,12.249714128047307
person_6.mp4,front,196,3269,59.95280823127177,848,478,70.10347569380126,66.00709055734623,105.48824508812517,105.79201728953349,68.48781736581817,66.82795368803814,12.387577878970239
person_6.mp4,front,197,3286,59.95280823127177,848,478,64.17264606960602,65.4289261625989,89.67790348207659,91.73155917562681,63.828384758858384,66.26536021116833,26.23620685278552
person_6.mp4,front,198,3303,59.95280823127177,848,478,63.594772935578725,65.59976046014467,89.56240626336162,91.8711520761078,63.14258647055312,66.31185924465937,26.313086931938113
person_6.mp4,front,199,3319,59.95280823127177,848,478,65.58541152844509,65.5971746213452,93.42850392503658,94.97909018105909,65.25544682293061,65.42481456750515,23.719879212017787
person_6.mp4,front,200,3336,59.95280823127177,848,478,68.78533630106541,68.24264541397112,97.09568257791685,98.7289397069543,66.74288565159468,66.81499312482175,21.344587159047272
person_6.mp4,front,201,3353,59.95280823127177,848,478,71.56490632781905,69.38509423559604,99.40995267139668,100.2032581313764,66.16344124105412,67.17190830678877,20.85784085475344
person_6.mp4,front,202,3369,59.95280823127177,848,478,74.76492800708094,71.29209910470271,102.21251364958546,101.83098886799549,66.31630470534,67.33553875087436,20.917545910331544
person_6.mp4,front,203,3386,59.95280823127177,848,478,76.58288694607111,73.5386553157279,104.75001981011347,103.67828267351425,66.08997125485608,67.38721697923401,21.745891944955236
person_6.mp4,front,204,3403,59.95280823127177,848,478,81.70821231183116,80.28024646608345,110.35491762294322,110.12201782132607,67.17572166689949,69.17902745619902,21.395992870024603
person_6.mp4,front,205,3419,59.95280823127177,848,478,83.08474383483124,83.10800106371761,113.08467953569046,113.40889292460092,66.83129764869454,69.31131206937373,20.904993194636067
person_6.mp4,front,206,3436,59.95280823127177,848,478,83.55993843559197,84.86424034097773,112.4883907489668,113.61267180565316,65.72736897899289,68.62310881040997,23.128060854733217
person_6.mp4,front,207,3453,59.95280823127177,848,478,97.33362022650518,97.49284816637878,123.26159041475094,122.6512727564222,68.06132355126034,71.40054249221073,24.223957559334945
person_6.mp4,front,208,3469,59.95280823127177,848,478,100.15190327033616,99.45571721330616,123.8446091609317,123.06268851554483,69.8199777948977,72.7434519517598,24.270856364522565
person_6.mp4,front,209,3486,59.95280823127177,848,478,100.87937087707319,100.01212687268146,125.47500449933017,124.54458244750086,69.85920028447133,72.2395824198271,22.931909780287036
person_6.mp4,front,210,3503,59.95280823127177,848,478,109.79518570638564,105.28446009564493,133.25430997885067,129.0895491894215,71.79404794149923,73.85887361992854,22.269071380147263
person_6.mp4,front,211,3519,59.95280823127177,848,478,114.36437479812207,107.30974405681629,136.6654240546593,130.6407911582682,73.45860689034274,74.84044998361836,21.705829317034524
person_6.mp4,front,212,3536,59.95280823127177,848,478,118.94827970722663,116.18056154406304,139.83461081869578,137.85754612448764,73.06380509635734,74.85905504966506,23.228194579145743
person_6.mp4,front,213,3553,59.95280823127177,848,478,116.57537353324193,109.0148724791395,138.89006082448248,131.56316851463484,72.62139620323396,74.16548350648075,22.36139798152297
person_6.mp4,front,214,3569,59.95280823127177,848,478,122.63693402445709,116.16585059552057,144.22477288262218,137.59394575222856,73.07251714452363,75.0722242045813,22.393046119987602
person_6.mp4,front,215,3586,59.95280823127177,848,478,127.33577527792886,123.40712403706095,149.93771834984034,146.14066400570468,75.43493972762481,76.58618937722862,18.702854523242642
person_6.mp4,front,216,3603,59.95280823127177,848,478,129.57897879464264,127.23815719132435,151.1733276692899,148.22979855365642,75.30996083375453,76.83943372362032,20.194084212412015
person_6.mp4,front,217,3620,59.95280823127177,848,478,132.21202642197755,131.97298720316277,154.73151311469888,152.34685312825894,74.92946553623752,77.1635717425881,19.906650262054512
person_6.mp4,front,218,3636,59.95280823127177,848,478,134.47422974029965,135.35263958802628,154.95947229184296,154.61241589086163,76.73445830778486,78.77681281574674,20.11226094287252
person_6.mp4,front,219,3653,59.95280823127177,848,478,130.69700862388171,133.13099112584814,153.74031148234104,153.49227188817918,74.34580963562331,77.23852707139697,19.820569255254437
person_6.mp4,front,220,3670,59.95280823127177,848,478,134.61050452941222,136.87612938355045,155.74051202267225,155.73213446561425,76.16767347637303,78.73776498178201,19.6964497852238
person_6.mp4,front,221,3686,59.95280823127177,848,478,132.49455027171572,136.4455915068405,156.63564190646545,157.46275087273932,74.48341629100126,77.80647548859565,18.404413462816777
person_6.mp4,front,222,3703,59.95280823127177,848,478,133.52613704671347,135.89086161618258,157.66441299682967,157.30960993453846,74.33042827834525,77.10895776430215,18.711270862944076
person_6.mp4,front,223,3720,59.95280823127177,848,478,136.08900749847655,137.42415165598487,158.94120419138838,157.70510746436779,75.5117067125679,78.06191530280793,18.73141233960413
person_6.mp4,front,224,3736,59.95280823127177,848,478,136.71049352549034,136.82722209719805,160.44256123275682,158.27646385497886,74.85143762302197,77.07468836216276,18.574859035530803
person_6.mp4,front,225,3753,59.95280823127177,848,478,139.70697233236015,138.159466264477,162.18359871238437,158.63043203078158,75.97628157007256,77.89388188401409,18.81918841150988
person_6.mp4,front,226,3770,59.95280823127177,848,478,142.67547575108915,139.66849037657738,163.26962955903866,158.93906323211755,78.0441838346109,79.1871447195503,18.524927647992303
person_6.mp4,front,227,3786,59.95280823127177,848,478,143.4655938336881,139.8809683709874,163.52414207462039,159.01057843365393,78.32218117259218,79.05512839751292,18.918758397400154
person_6.mp4,front,228,3803,59.95280823127177,848,478,143.16235037621848,139.65929839745732,163.4014441508209,158.97558144735183,77.97002253073875,78.78926059056674,19.23096379019161
person_6.mp4,front,229,3820,59.95280823127177,848,478,146.85453335967165,140.61188888745784,166.91477526486136,159.39270410261912,78.26886171648705,79.33679010554908,19.384489535960498
person_6.mp4,front,230,3836,59.95280823127177,848,478,150.36841900315082,141.84702904338246,168.91144655880518,159.24055150799157,79.71609664751372,80.19828251367156,19.751171129101003
person_6.mp4,front,231,3853,59.95280823127177,848,478,149.91806825757442,143.07711126505248,168.38583457021684,160.80649567819555,79.11846015484807,79.63622101762418,20.596376244667848
person_6.mp4,front,232,3870,59.95280823127177,848,478,147.14741105489188,140.9025501980912,167.2557452840864,160.92828867996508,77.80103820819464,77.36007207056664,20.840854959245554
person_6.mp4,front,233,3886,59.95280823127177,848,478,149.89271406739206,142.0901738806153,169.6427212031079,161.9303684673781,77.94920769725235,77.32525972812913,21.144427071572743
person_6.mp4,front,234,3903,59.95280823127177,848,478,150.57115009735992,142.94475389018626,170.10599386411275,162.21810052064123,78.67043904746657,78.2039619988716,21.309227049534854
person_6.mp4,front,235,3920,59.95280823127177,848,478,151.96468880034527,143.64325811780708,171.13110347303376,162.27853239407256,79.31643242967408,79.35696177806405,20.63802981291293
person_6.mp4,front,236,3936,59.95280823127177,848,478,149.1990393163762,143.47694261084717,169.48658974521294,162.96927151431845,77.73691939689222,78.27055732497081,20.988796009240396
person_6.mp4,front,237,3953,59.95280823127177,848,478,150.78898432682666,144.7096850627527,169.66680761337935,163.36477944923865,78.95104964006026,79.48116381230722,20.665747145038928
person_6.mp4,front,238,3970,59.95280823127177,848,478,149.85684339729497,145.13197631111933,167.91622933457506,164.46181476068526,78.71201446844431,78.8284825762318,21.43494628197224
person_6.mp4,front,239,3986,59.95280823127177,848,478,147.5100182585384,143.2361848010721,166.77778161261315,162.79563866025757,76.55973055498653,77.12326100150163,23.00351346121361
person_6.mp4,front,240,4003,59.95280823127177,848,478,147.07277872984133,145.01669921522284,165.4162548169824,164.93942844155762,77.13761579667256,77.36621068854764,22.97214067013891
person_6.mp4,front,241,4020,59.95280823127177,848,478,147.3699733171205,143.87195265037906,166.3966204155547,163.55578042854893,76.4713237812423,76.99095796446679,23.09252643238916
person_6.mp4,front,242,4037,59.95280823127177,848,478,147.87991199169988,143.66683232876724,166.9659225986594,162.66855585930574,76.98410185226368,77.6001111075947,22.774029109950902
person_6.mp4,front,243,4053,59.95280823127177,848,478,148.11658050597248,143.66104845531612,167.57131300053044,162.5511560300584,77.00406446507778,77.98771635626906,22.544697332054373
person_6.mp4,front,244,4070,59.95280823127177,848,478,149.52045459137187,145.41342059782951,168.37306568018852,163.49836221939773,77.50087122914896,79.01323032787522,22.178968108886888
person_6.mp4,front,245,4087,59.95280823127177,848,478,147.9995184364152,143.3693420805042,167.41656574143497,163.5395919427496,76.68453171743762,77.02272028186168,22.736601014134248
person_6.mp4,front,246,4103,59.95280823127177,848,478,148.77734843788554,144.08687949623717,168.17943439169687,163.57339488666307,77.0624954898129,77.79809537646474,22.450366762634463
person_6.mp4,front,247,4120,59.95280823127177,848,478,147.5610409366312,143.42324681313679,169.0812987000739,163.43117433918565,75.60220564780431,77.71042163492383,22.31025658453682
person_6.mp4,front,248,4137,59.95280823127177,848,478,147.28847537462613,144.03223781878023,168.4022054181475,165.74138131858172,75.51073266056106,76.80674783968335,22.174338770206823
person_6.mp4,front,249,4153,59.95280823127177,848,478,147.2862151747184,144.78636990585602,168.24475329952014,166.7823266633279,75.44599838006566,76.91510839279226,21.744650409285004
person_6.mp4,front,250,4170,59.95280823127177,848,478,146.4624102341186,143.6384219337526,168.62316153983517,166.2320287933931,74.38582747894094,76.42016720671448,21.937765007131258
person_6.mp4,front,251,4187,59.95280823127177,848,478,147.17372596574774,143.52264639401247,167.7887580086602,166.1295245066519,74.97077907601995,76.29916756012196,22.787486364962824
person_6.mp4,front,252,4203,59.95280823127177,848,478,147.24042914259851,143.10306633260606,167.6765038068062,165.17872256767487,74.60114374164871,76.03896317135147,23.53252690486627
person_6.mp4,front,253,4220,59.95280823127177,848,478,147.3561176451438,143.20503933582555,167.60317892577163,165.25658520363555,74.77390570488947,76.32411659713922,23.210210742972738
person_6.mp4,front,254,4237,59.95280823127177,848,478,147.38581308139365,143.01451106997706,168.05643262295598,164.87204331647015,74.8549342877996,76.52997347039474,23.18981620170746
person_6.mp4,front,255,4253,59.95280823127177,848,478,146.9563379711822,143.35307215912724,168.34737528525028,165.01251320339014,74.63365964851101,76.44859114752498,23.074272948176123
person_6.mp4,front,256,4270,59.95280823127177,848,478,148.2123294902584,143.3615314930106,169.16602180915598,164.87706445463064,74.99271512756052,76.58154011702426,22.940007084949706
person_6.mp4,front,257,4287,59.95280823127177,848,478,148.33754248810342,143.26233850672486,169.6189208284375,164.8230467907932,74.85753677912382,76.57744896644768,22.713640766709517
person_6.mp4,front,258,4303,59.95280823127177,848,478,148.18483684815388,142.6998830053847,169.420828609552,165.06705268762528,74.85962071949899,76.08970786684685,22.61040711591559
person_6.mp4,front,259,4320,59.95280823127177,848,478,147.95051587819174,142.52093272872543,169.33372078453453,165.0626850895869,74.85485333614655,76.23739626453953,22.527563638827296
person_6.mp4,front,260,4337,59.95280823127177,848,478,147.9483862211047,142.5154183784436,169.3739929536512,165.03754177262456,74.66004654041504,76.43333000340493,22.46368422831462
person_6.mp4,front,261,4353,59.95280823127177,848,478,147.9574527019794,142.49257802407027,169.25922615679355,164.97242470329778,74.77771761515764,76.51443766666652,22.43787829119022
person_6.mp4,front,262,4370,59.95280823127177,848,478,148.21503899014434,143.2271642479594,169.914612108002,165.91143000671173,75.4840407316453,77.50115680645408,21.465885690937515
person_6.mp4,front,263,4387,59.95280823127177,848,478,149.56520591975908,143.3611148836996,170.56382562372323,166.55528166304356,76.84160758603603,77.61274468940758,20.752511909885015
person_6.mp4,front,264,4403,59.95280823127177,848,478,149.96544031198246,143.62069558202714,171.1007822648038,166.50219648903794,76.72978831120724,77.82255740775119,20.725127996797298
person_6.mp4,front,265,4420,59.95280823127177,848,478,150.34090935254144,144.0949896271579,172.64059098299853,168.505784285668,77.34499148502806,78.00567415167974,18.76878502048454
person_6.mp4,front,266,4437,59.95280823127177,848,478,150.7940103979629,144.72209722030684,172.62941084313954,168.55614298899644,77.50111352698106,78.12281054596832,19.10283610865759
person_6.mp4,front,267,4454,59.95280823127177,848,478,150.7375307146862,144.93108208224822,172.4947951991571,168.7493893128787,77.43093830771834,78.14808617646973,19.118384566368128
person_6.mp4,front,268,4470,59.95280823127177,848,478,150.4286557041735,144.55742594793952,172.01466680432898,168.70880863355737,77.16559067545629,77.74189403471004,19.38701105470223
person_6.mp4,front,269,4487,59.95280823127177,848,478,150.31564163384024,144.62889042060476,172.10367164253466,168.676094493873,76.7840720726908,77.60091240626895,19.49510694316567
person_6.mp4,front,270,4504,59.95280823127177,848,478,149.98487738444143,144.69354012609955,172.0286902593972,168.58795888916742,76.38472173296536,77.58939523179771,19.641581087023088
person_6.mp4,front,271,4520,59.95280823127177,848,478,150.00474041964463,144.82014093793515,172.02163718590165,168.64646576322065,76.25225503653772,77.54462735293632,19.633311076623677
person_6.mp4,front,272,4537,59.95280823127177,848,478,149.60830125347508,144.77767798952715,172.0947577268156,168.55467477490393,75.53236598749804,77.34542723066966,19.65491348160353
person_6.mp4,front,273,4554,59.95280823127177,848,478,150.0563511145424,144.83514114736488,172.50464400552792,168.74403463713284,75.3837461097169,77.29887283824067,19.53048677649138
person_6.mp4,front,274,4570,59.95280823127177,848,478,150.98249487527187,146.37241838146164,173.63190155648752,167.95429939380105,75.36503754781049,79.22469053280585,19.444733602625686
person_6.mp4,front,275,4587,59.95280823127177,848,478,151.52116065268444,146.86940227900791,174.00625543061022,168.08671414334657,75.77018619852589,80.00643140251438,19.01803575283089
person_6.mp4,front,276,4604,59.95280823127177,848,478,151.36971712258907,146.41549825623818,173.85614537987436,167.98135576711792,76.02748032024864,79.67580656728322,19.060508529327013
person_6.mp4,front,277,4620,59.95280823127177,848,478,152.3834225336647,146.6974707976646,174.48391450143217,168.15262294078576,76.38304121451365,79.91031028347992,18.744301711555103
person_6.mp4,front,278,4637,59.95280823127177,848,478,152.60917442068998,147.08045189905033,174.4570592654405,167.52180952652046,76.57634876441958,81.00572724503944,18.857261597926755
person_6.mp4,front,279,4654,59.95280823127177,848,478,152.7394647557561,146.44590269434096,174.7083212745881,167.39412350018725,76.54765796383329,80.65419625332638,18.649017413891833
person_6.mp4,front,280,4670,59.95280823127177,848,478,153.69962608917504,148.50886775329994,175.06954496886183,167.27552589133288,76.92195862195467,82.6729339699738,18.405572318930215
person_6.mp4,front,281,4687,59.95280823127177,848,478,153.67899998322952,147.08569695035752,174.9000793119116,167.12001470017697,77.55758551528913,81.58174440254321,18.46982307634484
person_6.mp4,front,282,4704,59.95280823127177,848,478,155.24891791605566,148.60469898310905,174.73762753677192,167.51827273116106,78.30224354012665,82.29114608916662,18.877640016142948
person_6.mp4,front,283,4720,59.95280823127177,848,478,155.7718305550151,148.0998232044009,174.2201144893429,166.69503794469432,79.22123443831923,81.6780974636743,19.716687337438582
person_6.mp4,front,284,4737,59.95280823127177,848,478,156.46974864132406,147.80011523161642,174.21361982389223,166.18313941080513,79.91744004973567,81.88794704272044,19.680969435044137
person_6.mp4,front,285,4754,59.95280823127177,848,478,155.6835605805818,145.96842190481576,174.2709006535393,164.426715141387,79.87076880899907,81.49542188121869,19.449715898773267
person_6.mp4,front,286,4770,59.95280823127177,848,478,155.21206508629112,145.15255002003084,174.1421708166771,163.7503058842626,79.38674604198476,81.03878820323378,19.86441606831204
person_6.mp4,front,287,4787,59.95280823127177,848,478,157.9484013320814,146.5440978487326,174.16478874275666,164.01487376673458,81.68044408797296,81.91015931721935,19.673957429925885
person_6.mp4,front,288,4804,59.95280823127177,848,478,158.6338295089204,147.09226834366294,174.29037969687602,163.96065180813707,82.83652837625978,82.756274139956,19.459309998027372
person_6.mp4,front,289,4820,59.95280823127177,848,478,157.94995941552014,146.41849190056843,173.8871461659916,163.71812584651656,82.36308237318403,82.16092897333674,19.877990132261356
person_6.mp4,front,290,4837,59.95280823127177,848,478,158.26226647938228,148.75439340865557,174.03537078943452,163.8027239212203,82.61571972083091,84.52228144572325,19.50794986528923
person_6.mp4,front,291,4854,59.95280823127177,848,478,158.457403053959,147.74929969036782,173.44442445084212,163.87577166176013,83.27165880761275,83.60145217734971,19.51071819361013
person_6.mp4,front,292,4870,59.95280823127177,848,478,157.47065897804987,147.24765505405713,173.2927965634389,163.72657910822255,82.73422268496644,83.2182536024086,19.53440701665657
person_6.mp4,front,293,4887,59.95280823127177,848,478,156.10345136428356,146.80036142803215,171.89632634094056,163.60912089915945,83.09922063195407,82.95815022310407,19.279901588427364
person_6.mp4,front,294,4904,59.95280823127177,848,478,155.18214468849433,146.42045655406872,171.8272290515353,163.052918299499,82.38452949514163,83.12114848121209,19.361796880695177
person_6.mp4,front,295,4921,59.95280823127177,848,478,153.4040823269615,146.60858460794353,170.09370680415824,163.2197295317644,82.16572612686299,83.52967361919987,19.317881960315628
person_6.mp4,front,296,4937,59.95280823127177,848,478,154.2212410983497,146.02817505135732,170.32997871753625,162.83521033187338,82.76933582144797,82.95961939145992,19.547031911453406
person_6.mp4,front,297,4954,59.95280823127177,848,478,151.87584177618163,145.17464457136847,169.24354247501225,162.976923892888,81.45745496466026,81.38306510474466,19.519897651459516
person_6.mp4,front,298,4971,59.95280823127177,848,478,151.54585337868835,145.03572991179607,169.62096833042298,163.16923100218915,81.31455246901199,81.3102529024047,19.23619144260092
person_6.mp4,front,299,4987,59.95280823127177,848,478,150.50772023012772,144.91123691254046,169.238024696241,163.1377357476308,80.86051876795997,81.28268855227539,19.073266364645782
person_6.mp4,front,300,5004,59.95280823127177,848,478,150.33347567196614,146.36193313890607,168.2142270440305,163.20353925174666,82.12697711642156,82.9991481818374,18.481197632688733
person_6.mp4,front,301,5021,59.95280823127177,848,478,150.68779479463586,148.79230203240755,167.48818237169874,163.22285024108763,83.45271490388359,85.89728023758896,17.84732050948314
person_6.mp4,front,302,5037,59.95280823127177,848,478,149.41725365717878,148.6321128729648,166.471833010068,163.62296758765888,83.3917637714553,86.03724802510274,17.48099039138975
person_6.mp4,front,303,5054,59.95280823127177,848,478,148.17240125131002,147.8693655652227,165.73736121540247,163.1695205545649,82.64972232848892,85.43622731771902,17.801986159992744
person_6.mp4,front,304,5071,59.95280823127177,848,478,148.00287123940745,148.13975806982072,165.70341632579752,163.00128383771514,82.77398972287085,85.98900892398096,17.530211362242166
person_6.mp4,front,305,5087,59.95280823127177,848,478,145.59946764164516,147.71769838635294,164.18666381916398,163.88039009378184,82.53239857551772,85.91134982184316,16.65699461341716
person_6.mp4,front,306,5104,59.95280823127177,848,478,144.17577152257968,146.80530779362076,164.46865283998508,164.0401342685538,81.64085472779493,85.32128297380414,15.656917058142747
person_6.mp4,front,307,5121,59.95280823127177,848,478,143.48827891201424,146.06743455707536,164.93175278909737,164.5269288391261,81.79233999202219,85.14124159282892,14.68545596958825
person_6.mp4,front,308,5137,59.95280823127177,848,478,144.2863885553467,146.03741948116343,164.71102342957892,164.62426540159709,82.67844969478205,85.32776281846232,14.44906168071419
person_6.mp4,front,309,5154,59.95280823127177,848,478,143.53948014076815,145.18529308390427,164.85657782878587,163.6453204324657,81.94384752318533,84.98013404661373,14.974508855818948
person_6.mp4,front,310,5171,59.95280823127177,848,478,143.33123926069192,145.41143925643973,164.63837402923818,163.31702606852727,81.93380196159652,85.44372094002625,14.910138054290064
person_6.mp4,front,311,5187,59.95280823127177,848,478,141.97578855264635,144.78322545806094,163.24156124234867,162.47021571337845,81.65106546718819,85.15579379903986,15.347678389870405
person_6.mp4,front,312,5204,59.95280823127177,848,478,142.28547679801247,144.9642740070937,163.34394237937784,162.8582074517068,82.14180416731807,85.57543174412329,15.00824004816838
person_6.mp4,front,313,5221,59.95280823127177,848,478,140.73566597503688,143.87752876368847,162.04940428688428,161.33027348415558,81.27029358519681,85.11525458834076,15.458282880817393
person_6.mp4,front,314,5237,59.95280823127177,848,478,139.82968926929206,143.30671894768832,161.35797967507636,161.30263935874868,81.27549475215369,84.89848289221298,15.15872075445329
person_6.mp4,front,315,5254,59.95280823127177,848,478,137.66515430634865,140.44999538029637,159.4310107837629,159.64947041949634,80.82577254658537,83.61159028401015,15.164925865460232
person_6.mp4,front,316,5271,59.95280823127177,848,478,136.4016594858739,138.7236336650014,158.62283682381175,158.67296980110586,80.71955640608086,83.04690474808741,15.174216556805636
person_6.mp4,front,317,5287,59.95280823127177,848,478,136.03375337878276,137.7383699631453,158.71152177619132,158.28232866244824,80.3696061376767,82.43034970615358,15.147876087918375
person_6.mp4,front,318,5304,59.95280823127177,848,478,137.59585903024305,137.9312144499462,159.37071295798785,158.4921837117744,82.09658945637607,83.30709269109983,14.500289647883504
person_6.mp4,front,319,5321,59.95280823127177,848,478,135.13949134908336,136.58028567718614,157.52636612929192,157.54908641363792,81.22419072405879,82.2126782247013,14.872357517914926
person_6.mp4,front,320,5338,59.95280823127177,848,478,134.0168329788367,135.33371660442035,155.95205191432802,156.24905927051148,82.26835914783774,83.1102418288953,14.61861883929204
person_6.mp4,front,321,5354,59.95280823127177,848,478,132.6920657390488,132.6787047816424,154.3291239360474,154.5474205921132,82.51193666803513,82.2060471834392,14.717776550218908
person_6.mp4,front,322,5371,59.95280823127177,848,478,127.65324125344429,124.27526610141413,152.84277905208413,150.48944803018185,80.54675359205315,79.70624264016641,13.311517463370917
person_6.mp4,front,323,5388,59.95280823127177,848,478,128.77448551382994,123.56210103669504,153.3865465504868,149.08906003766057,80.82057021955879,79.87168345867163,13.765900893442092
person_6.mp4,front,324,5404,59.95280823127177,848,478,122.35966635179565,120.58867694271237,148.07311079264346,147.34665343510449,79.23683303269297,77.85801781025512,14.220289667702286
person_6.mp4,front,325,5421,59.95280823127177,848,478,120.40790887522591,119.41149548265557,148.07183250658102,148.88467520712769,79.55951189927549,77.62116677684868,12.054229668375434
person_6.mp4,front,326,5438,59.95280823127177,848,478,121.42778201522968,118.98822856374758,148.9807017383024,148.84153167436895,79.83639017663222,77.68531430221599,11.841506661609804
person_6.mp4,front,327,5454,59.95280823127177,848,478,121.36931182678822,115.78057009459322,151.19469490928938,147.79100939723105,79.63383960487451,77.53880649340792,9.845546138519703
person_6.mp4,front,328,5471,59.95280823127177,848,478,121.05129627415486,114.44911978699722,152.74625868901185,147.5703081654036,80.90642068407962,78.7691041193416,7.097819622534967
person_6.mp4,front,329,5488,59.95280823127177,848,478,120.98886214488384,116.78806231578227,152.15915929743315,148.87557728655494,80.47780414205016,77.82495787736644,7.996506595523857
person_6.mp4,front,330,5504,59.95280823127177,848,478,115.2595553291309,112.15830837357782,151.47401352046944,149.14467286232247,80.6005004644781,78.45828136054416,3.337027504659779
person_6.mp4,front,331,5521,59.95280823127177,848,478,111.96664626338962,106.91062372886053,150.2014092577457,146.6657541396695,83.00653654843133,79.64380905893839,1.2221986691710003
person_6.mp4,front,332,5538,59.95280823127177,848,478,108.26364045797924,102.93001598803644,145.53698475667886,141.3037461727185,80.91067379765263,77.62211627470191,2.244590922023423
person_6.mp4,front,333,5554,59.95280823127177,848,478,104.81403695532673,97.35169717555584,140.32408709522298,134.4528323377998,79.6534514625183,76.14464162801093,5.003973195514258
person_6.mp4,front,334,5571,59.95280823127177,848,478,95.33597796199719,90.26357716741302,130.69948602253146,128.79862706669422,76.78213351338128,73.93089256254751,6.773803050931681
person_6.mp4,front,335,5588,59.95280823127177,848,478,94.39641201714515,91.27138463487681,125.11946632205886,125.45608310983137,76.92845912704668,74.58128525143522,10.901537219054745
person_6.mp4,front,336,5604,59.95280823127177,848,478,97.15401435698458,98.42595512519625,126.18142759609565,128.0379704927289,76.40007136325244,74.34371025498984,13.82417869446325
person_6.mp4,front,337,5621,59.95280823127177,848,478,93.05862270861671,89.96648665130208,123.07151894372352,122.26599246935429,76.13031413785197,73.5611808779233,13.576990196419882
person_6.mp4,front,338,5638,59.95280823127177,848,478,95.77624949785948,91.15574802443525,132.32893999775558,130.01792796988892,77.0621243100588,74.25597051192018,6.122403111912596
person_6.mp4,front,339,5654,59.95280823127177,848,478,91.37008876833873,86.4973305037674,129.2936487518624,128.07137174381793,77.45583454791297,74.19051831659671,3.485559169201618
person_6.mp4,front,340,5671,59.95280823127177,848,478,86.07355265907671,82.92527757173548,121.83604790434482,121.30947143284581,77.75775034773586,74.72588522554665,5.010453763140902
person_6.mp4,front,341,5688,59.95280823127177,848,478,84.94757989459262,81.51756616360551,122.35756243333037,121.56783780510054,76.34315293175253,73.30453714441465,5.371318292460656
person_6.mp4,front,342,5704,59.95280823127177,848,478,82.06176271555444,77.7632724466891,121.27478505255417,119.09141308494817,73.97551831284707,71.1480483181697,6.173666016630969
person_6.mp4,front,343,5721,59.95280823127177,848,478,79.95108709641576,76.36411907945006,117.45033849025974,116.47127591834749,72.92831140967515,70.52542592942034,8.50831301465621
person_6.mp4,front,344,5738,59.95280823127177,848,478,76.07526106169387,74.03422392625951,110.39348245528191,110.79334905592603,71.78385340402737,69.72153990157844,12.428953833050944
person_6.mp4,front,345,5755,59.95280823127177,848,478,73.63495166069212,71.49845328268393,104.8831085733966,105.08556161738699,71.57688718222745,69.45200137352784,15.41856491231113
person_6.mp4,front,346,5771,59.95280823127177,848,478,71.1461232690622,68.76082052705443,99.15134428061069,99.06856105452758,70.26106858277059,68.57893614019723,19.594984223415683
person_6.mp4,front,347,5788,59.95280823127177,848,478,69.49766706491866,68.5298703451136,94.5712184688563,95.96240743311307,70.30373080513304,69.19759975292426,21.44192819548486
person_6.mp4,front,348,5805,59.95280823127177,848,478,67.49585799489222,66.94679383922923,92.8811426771745,94.77424344817085,69.35433567599866,68.42221146232073,21.88343995051985
person_6.mp4,front,349,5821,59.95280823127177,848,478,64.52524553195936,64.30986935000506,89.25527410114319,91.54110654120683,67.68633671218898,66.86227835838767,24.220582700253694
person_6.mp4,front,350,5838,59.95280823127177,848,478,64.80991864926162,64.52296611150702,87.33373074720272,89.34481544403435,67.71274681782123,67.2501614263434,26.1268969663835
person_6.mp4,front,351,5855,59.95280823127177,848,478,62.83485438883039,62.73938052922073,82.9096487791837,84.28755831795284,66.35125942231588,66.38664887302977,30.358822630934235
person_6.mp4,front,352,5871,59.95280823127177,848,478,61.539441813825476,61.35604858952553,81.60338616222683,82.63926160917451,65.3975307111342,65.76631191072374,31.280953435351726
person_6.mp4,front,353,5888,59.95280823127177,848,478,61.975610991783064,60.69791321403269,81.86803042315897,81.74406262921082,65.09106855699034,65.67814009369796,32.03873084060015
person_6.mp4,front,354,5905,59.95280823127177,848,478,59.950034756569515,58.95440653427385,78.75340617045983,78.93081036071266,63.354831151251275,64.0767167440881,34.88526926082704
person_6.mp4,front,355,5921,59.95280823127177,848,478,59.08968695359638,57.564828172212366,77.9401366477633,77.64109622626557,62.316553035429635,63.06288573901632,35.93848649949985
person_6.mp4,front,356,5938,59.95280823127177,848,478,57.90478920032958,56.78420589057291,76.1368469188446,75.64002914394813,61.80423499541447,62.76996353078072,36.9935322027841
person_6.mp4,front,357,5955,59.95280823127177,848,478,57.38297500849503,56.38479646417716,77.35303644804796,77.49957721332338,61.79854710448486,62.70176617796131,35.13175756902335
person_6.mp4,front,358,5971,59.95280823127177,848,478,56.39381838568066,54.76705186857041,77.44318151914764,76.5730590732745,60.70293721129403,61.49029633717077,35.31024059779296
person_6.mp4,front,359,5988,59.95280823127177,848,478,56.05304361020083,54.977690234484534,76.46460585686782,75.37969987868088,60.95170299504521,61.965022519337836,35.63208408387594
person_6.mp4,front,360,6005,59.95280823127177,848,478,55.10894264174526,54.06774663669397,73.78254179294976,72.8310212402214,60.774988257415025,61.49726402323727,37.2614504443081
person_6.mp4,front,361,6021,59.95280823127177,848,478,54.276897908020395,52.66338928599967,74.27261564088222,73.03349677403878,60.21045838838556,60.69757768912843,36.71225447166773
person_6.mp4,front,362,6038,59.95280823127177,848,478,54.21265194742206,53.05055572754848,75.42560559107784,74.6563955302893,60.56469685984455,61.13573732062453,35.42451566352552
person_6.mp4,front,363,6055,59.95280823127177,848,478,53.48222874647392,52.37024317422169,77.17648294976931,76.3933339468453,60.28943891525751,60.08449862373865,34.22010375572975
person_6.mp4,front,364,6071,59.95280823127177,848,478,53.031112449282205,51.49989713801325,77.02423465502103,76.88742512987601,59.96862365988426,59.484678758449384,33.842901390553735
person_6.mp4,front,365,6088,59.95280823127177,848,478,51.67937293076237,50.8798171373736,76.67579252808424,77.08196035272945,59.19151623800672,58.9674199717647,33.62601625146886
person_6.mp4,front,366,6105,59.95280823127177,848,478,51.631729776220965,50.010665928816344,76.12620816698042,75.45290764197001,58.81885637335952,58.70749997449915,34.70507185069769
person_6.mp4,front,367,6121,59.95280823127177,848,478,51.52222359417324,50.23664111047991,81.90527926365912,80.32488922824396,58.707182038828456,59.296866061847936,29.88411647344823
person_6.mp4,front,368,6138,59.95280823127177,848,478,51.418613392420504,50.57114492031603,89.69984963422422,88.1330086127442,59.39877476654984,61.12739245289939,21.94357029735938
person_6.mp4,front,369,6155,59.95280823127177,848,478,49.271959664415895,48.65230573167164,85.55430504181386,84.90687672584428,57.984626348245484,60.06811458819033,24.844132334437866
person_6.mp4,front,370,6172,59.95280823127177,848,478,50.28400878992968,46.498479345240014,93.3884307437863,90.94610695451686,59.23959619922201,59.19120053643983,19.185166179628506
person_6.mp4,front,371,6188,59.95280823127177,848,478,50.2482417450971,47.00774687747806,93.95066548609924,91.19247274172139,58.84648462613896,58.471688325244585,18.774694061725928
person_6.mp4,front,372,6205,59.95280823127177,848,478,50.13953283483219,46.55852266750363,94.85778929236201,92.58080824037555,59.236377153093805,58.6286341181388,17.953752412284455
person_6.mp4,front,373,6222,59.95280823127177,848,478,50.736204241542445,47.10535884837822,96.48739966988883,94.53553906821637,59.92243991996178,58.32638882874752,15.896120199971904
person_6.mp4,front,374,6238,59.95280823127177,848,478,49.76609918010448,46.57825868890983,91.90230957431109,90.49559455338643,59.252002726225456,58.344261226687244,20.077690207622258
person_6.mp4,front,375,6255,59.95280823127177,848,478,48.20410715331327,46.75384263812871,92.18318982906487,91.22236707451235,56.42112640156769,57.879064814434805,18.940018749686043
person_6.mp4,front,376,6272,59.95280823127177,848,478,47.422947281771044,46.530227080951704,91.29075326531286,90.51029477146878,55.07703167544238,57.51198850345552,19.301016723061995
person_6.mp4,front,377,6288,59.95280823127177,848,478,47.86341346368625,46.54734600410976,93.46594092852966,93.0183112413796,58.48325501904333,56.99661014927894,16.599873703143896
person_6.mp4,front,378,6305,59.95280823127177,848,478,48.07186010478226,46.69262433772418,94.90135510748475,94.60054410076913,60.23709342935867,57.59388121615854,14.828012318212284
person_6.mp4,front,379,6322,59.95280823127177,848,478,47.427693413712454,46.51165374683693,91.36182815073825,91.69456277199063,59.920612572750464,58.26900377133575,17.8201152857738
person_6.mp4,front,380,6338,59.95280823127177,848,478,47.454982213978624,46.58438268324357,92.82850597145512,93.02799852869342,59.59380147128548,58.27539455632491,16.25642937457228
person_6.mp4,front,381,6355,59.95280823127177,848,478,47.62886819598878,46.752340214993765,94.57353836626291,95.10170339706109,59.684981560776144,58.423865955520284,14.237698184951231
person_6.mp4,front,382,6372,59.95280823127177,848,478,47.7484724059141,46.88085581705979,96.27660964926693,96.94615313500181,59.686811444911754,58.394005787536145,12.434894725082765
person_6.mp4,front,383,6388,59.95280823127177,848,478,49.199613293242386,48.03637771926463,98.05149764863306,98.38086607480919,61.57189180684991,60.19152455882396,11.688094762667193
person_6.mp4,front,384,6405,59.95280823127177,848,478,50.34927247800459,48.63769863711164,100.94590320719409,100.81624800546749,61.99528846576345,60.37370519143797,9.36093889186755
person_6.mp4,front,385,6422,59.95280823127177,848,478,49.57680495551969,48.39287293202491,100.14573667107187,100.28564593239372,59.86736603183212,60.388948623151855,9.661315227701836
person_6.mp4,front,386,6438,59.95280823127177,848,478,49.25906425715079,47.89526404493742,98.12034267834835,98.20535936653995,59.94882773513301,60.54991781733322,11.533007893814915
person_6.mp4,front,387,6455,59.95280823127177,848,478,48.97904766883251,47.305030155348305,97.4671190344762,97.34756646138304,60.46184120620766,59.637857819477944,12.049504570820663
person_6.mp4,front,388,6472,59.95280823127177,848,478,48.14415603611453,46.74426243407776,97.32827057743137,97.05725903800207,60.82424773115775,60.45350999083315,12.296488586358231
person_6.mp4,front,389,6488,59.95280823127177,848,478,47.87086392123394,46.42814714400376,98.18914687921483,98.2715089223525,60.70884531287931,60.70473367691868,11.465276578154645
person_6.mp4,front,390,6505,59.95280823127177,848,478,47.57877881769158,45.83331658785851,97.2686788723238,97.43571780316647,60.0538428655398,59.984201374869365,12.409543980985111
person_6.mp4,front,391,6522,59.95280823127177,848,478,46.837387779738044,45.31275964084465,95.094164410424,95.21466953947748,59.30870649085769,59.25938658765429,14.267349457664736
person_6.mp4,front,392,6538,59.95280823127177,848,478,46.15150748085139,45.05922950775937,94.3476230474609,95.11345712240696,58.68922974062156,58.83539839087317,14.652471744226476
person_6.mp4,front,393,6555,59.95280823127177,848,478,46.27432201850684,45.04706113756447,95.00055899732801,96.09608232925183,58.83223094789157,59.173571040815176,14.042915073697339
person_6.mp4,front,394,6572,59.95280823127177,848,478,46.52463992419921,45.03522889109935,95.70691312395151,96.22420871473311,59.36321867397179,59.152605078186554,13.926909357991228
person_6.mp4,front,395,6589,59.95280823127177,848,478,46.07237712417875,44.58196475338662,95.75034799090636,95.25818820691558,58.680408933508,58.3157309889434,14.360393245923598
person_6.mp4,front,396,6605,59.95280823127177,848,478,46.57296539280994,44.69784553130396,96.00923570784634,95.96822880505664,58.884244266243485,58.83366315881203,14.29732423058898
person_6.mp4,front,397,6622,59.95280823127177,848,478,47.012351010493504,45.40884614112317,98.51469771893149,99.22620079749154,58.41968476452356,59.09388665376735,11.568661920786997
person_6.mp4,front,398,6639,59.95280823127177,848,478,47.84055285109345,46.05119240266957,100.65786167020869,102.08797140679403,59.538899486563515,60.08975267035766,9.482413601667291
person_6.mp4,front,399,6655,59.95280823127177,848,478,47.99920498284483,45.7944591496243,99.62701502373963,100.97990076918042,59.72975835910247,58.83556443561006,10.412669606237694
person_6.mp4,front,400,6672,59.95280823127177,848,478,48.87803047972012,47.011673434639505,102.98256490438301,104.17821749879644,60.4416516632803,59.907818303838745,7.4854154752978825
person_6.mp4,front,401,6689,59.95280823127177,848,478,48.46272497001697,46.35385687107185,101.83286039433939,103.09985451226072,60.76796826907493,59.979689658257904,8.454076955504002
person_6.mp4,front,402,6705,59.95280823127177,848,478,48.532898123644905,46.80172038419975,100.58572314906654,101.95768970338321,60.45854082393726,60.06531296007014,9.438240766227143
person_6.mp4,front,403,6722,59.95280823127177,848,478,48.44834516471193,46.43992010163802,100.59684175040773,101.78585424199684,60.88856603181614,60.128602350513276,9.465421658914225
person_6.mp4,front,404,6739,59.95280823127177,848,478,48.00927728736742,45.37373666010416,100.19614657971852,100.89370777680404,60.617560591895234,59.16091674215753,9.848583261424556
person_6.mp4,front,405,6755,59.95280823127177,848,478,48.77790326967075,46.44509258131055,100.42815848833752,100.74504031913078,60.43645482725208,59.19520609726721,9.914379742545968
person_6.mp4,front,406,6772,59.95280823127177,848,478,47.872328471712116,45.44738424021819,96.90167550124357,97.3711641178716,59.84147967056043,59.03505805861834,13.22107720436056
person_6.mp4,front,407,6789,59.95280823127177,848,478,47.37383129335159,45.2335878209572,96.73719481235327,97.6930604075925,59.6375736776815,58.84910724457922,12.883371606308135
person_6.mp4,front,408,6805,59.95280823127177,848,478,47.39750253890396,45.06775384474116,96.94237662565271,97.9058260524751,60.03145583490785,59.2701443952989,12.7491179810127
person_6.mp4,front,409,6822,59.95280823127177,848,478,47.22653559924183,44.90427724385406,96.0690860000413,97.28268960771176,59.338232065489926,58.43749481227689,12.924019773087709
person_6.mp4,front,410,6839,59.95280823127177,848,478,47.781378413818274,45.35992472276696,97.27807321540894,98.57038103349679,60.86107990976656,59.714000757213725,12.188052941185964
person_6.mp4,front,411,6855,59.95280823127177,848,478,47.78418164128775,45.61090810027369,98.69874945162034,100.06828343876768,60.4875197738693,59.18911546697809,10.686463409977236
person_6.mp4,front,412,6872,59.95280823127177,848,478,46.86254559816763,44.76427048242318,97.07638892046852,98.09864378128165,59.884522016628075,58.53483060609228,12.533731447340692
person_6.mp4,front,413,6889,59.95280823127177,848,478,47.355753555883815,44.72507894259121,99.43528055714593,99.2086809151483,59.465459945978004,58.49105275288337,11.38273051510901
person_6.mp4,front,414,6905,59.95280823127177,848,478,47.54253942529465,44.66896062383863,100.16326593303,99.6405513799064,59.246779465310915,58.48571723486217,10.758894184603994
person_6.mp4,front,415,6922,59.95280823127177,848,478,46.41340832427883,43.97819602694351,98.66293472041997,98.40327785906575,57.972615612477625,57.45546700602181,11.51410938019351
person_6.mp4,front,416,6939,59.95280823127177,848,478,46.45486452830701,43.79470822851068,98.4589211710962,97.82661577726329,58.103580960489204,57.19530199675015,11.965832840778836
person_6.mp4,front,417,6955,59.95280823127177,848,478,46.520117979760286,43.68696481643874,97.14484132785331,96.68462005151449,58.10627879091922,56.79369563464518,13.070716802979133
person_6.mp4,front,418,6972,59.95280823127177,848,478,46.08353685877645,42.82890120480749,93.51686939478465,92.45692729628828,57.44886652503911,56.200175353733,16.776849008120678
person_6.mp4,front,419,6989,59.95280823127177,848,478,45.21406170450179,42.86279404373962,92.37942565058664,91.65267620800924,55.80482988417109,56.09489513519784,17.554856127951552
person_6.mp4,front,420,7006,59.95280823127177,848,478,45.36468747954439,43.28812033417111,92.8372332928831,92.31206383810309,55.44767921914825,56.3715782441423,17.034738135697502
person_6.mp4,front,421,7022,59.95280823127177,848,478,45.96691567969132,43.81898910717606,93.84450031726149,93.20374119058167,55.975563506804875,56.882000214840616,16.372289677800413
person_6.mp4,front,422,7039,59.95280823127177,848,478,46.71446942303906,44.17981230748991,94.4716392964628,93.81365814996958,56.70592914956543,57.31966595997556,15.827849640920528
person_6.mp4,front,423,7056,59.95280823127177,848,478,47.53139398813337,45.32221772470884,94.79683186884515,94.68083794651402,57.699536525478635,58.16754241010194,15.478186373441044
person_6.mp4,front,424,7072,59.95280823127177,848,478,49.845715575417394,46.45840265377987,97.67215561324598,95.57662426967828,59.842554845061535,59.591056419614645,14.897639993584852
person_6.mp4,front,425,7089,59.95280823127177,848,478,51.8048171065033,46.93256411183588,100.43032465911159,96.09908852369155,60.251453672158036,59.718038020300085,14.377145552898343
person_6.mp4,front,426,7106,59.95280823127177,848,478,51.15279287517585,47.52259297097426,103.17804967386697,100.51602010649673,60.17804898556209,59.89510060404694,11.174885369337533
person_6.mp4,front,427,7122,59.95280823127177,848,478,51.30779769848797,47.90422328612559,102.58715979939713,99.14171467100081,60.02694623479493,59.60288672492501,12.339843620044809
person_6.mp4,front,428,7139,59.95280823127177,848,478,50.94735309701164,47.72090258357253,102.25017916456329,99.4736210812423,59.960183519046126,59.13442917650196,12.457711812816727
person_6.mp4,front,429,7156,59.95280823127177,848,478,52.040816229979015,48.27220527898505,103.655281861375,100.03744700995216,59.800682754157144,58.750295459404526,12.604552956870526
person_6.mp4,front,430,7172,59.95280823127177,848,478,52.07669202966201,48.314403756169646,99.96167547132882,96.97946923387263,59.39864001304003,59.32367894452273,15.906888350406877
person_6.mp4,front,431,7189,59.95280823127177,848,478,53.2978240218056,49.00691169164355,103.10746720732091,99.43302107369084,60.132268196748306,59.191846624255625,13.816723434085889
person_6.mp4,front,432,7206,59.95280823127177,848,478,53.05780176832855,49.457335496355604,102.75522453726603,99.65769696772382,59.643565624831915,59.42470896506479,13.769491737496704
person_6.mp4,front,433,7222,59.95280823127177,848,478,53.83731211904213,49.756260610239224,102.69014641536035,99.31953675482984,59.72241413327059,59.67227375205921,14.47577522370803
person_6.mp4,front,434,7239,59.95280823127177,848,478,54.87139462948076,51.57653842391569,103.51351509436249,100.46450070991136,60.15979208448501,59.67033399737482,14.46146207003248
person_6.mp4,front,435,7256,59.95280823127177,848,478,54.521580733975036,51.46853143623211,102.61146425715928,100.29445326866069,59.604599397818056,59.629371367075386,14.830694765982319
person_6.mp4,front,436,7272,59.95280823127177,848,478,55.348456495866785,52.11567407054658,101.33640077068145,98.80545745138387,59.691815825926014,60.056663058677614,16.690855364827172
person_6.mp4,front,437,7289,59.95280823127177,848,478,55.22942503823484,52.27792345291062,100.92385111914037,98.23982847862432,59.01378252445708,59.756699182139386,17.36552046922966
person_6.mp4,front,438,7306,59.95280823127177,848,478,55.29600548976072,52.37953525650005,97.96942487206731,95.92720005579842,59.60922771983793,59.540486723171774,19.994770038795785
person_6.mp4,front,439,7322,59.95280823127177,848,478,56.21028387757045,52.95308949121151,94.4888775864354,92.64424412112794,60.48786779479232,58.64413113919875,23.601785560365457
person_6.mp4,front,440,7339,59.95280823127177,848,478,56.571419260824555,53.613932171602066,94.92925790188698,93.36352512679315,60.43267725122591,58.83743859948615,23.311221000926434
person_6.mp4,front,441,7356,59.95280823127177,848,478,57.547574527082816,54.40876969569388,89.57434514840608,88.41238483489681,59.00991273292085,57.80075334354139,28.441562085276843
person_6.mp4,front,442,7372,59.95280823127177,848,478,58.195799970985426,54.78333972220426,90.30928309972548,88.68302415558968,59.06212092164735,57.9588891448683,28.156932367090597
person_6.mp4,front,443,7389,59.95280823127177,848,478,58.74941882418161,55.15761091008306,90.29739379846413,88.27966269864568,58.92107771308149,56.849688231933605,29.003846049072777
person_6.mp4,front,444,7406,59.95280823127177,848,478,59.92204073947232,57.25197039828203,89.75937656545564,88.78658053811678,58.637718977966024,58.23393902772559,29.737692383601335
person_6.mp4,front,445,7423,59.95280823127177,848,478,60.613460606813,58.09715397702556,92.34517559042155,90.78091415979496,58.79027576803486,58.774417933935894,27.508854210792343
person_6.mp4,front,446,7439,59.95280823127177,848,478,61.98861369433631,59.70867510095172,95.58843559097978,94.5117859399972,58.31572796453621,59.01770076164867,26.121009071762906
person_6.mp4,front,447,7456,59.95280823127177,848,478,63.4709425992383,59.74173496085692,96.76044877038888,93.77090564770192,58.31865029555352,60.31032484492837,26.371319953642796
person_6.mp4,front,448,7473,59.95280823127177,848,478,67.3019853610961,63.31523945638321,99.28619160346749,95.93505313078911,59.87000310535524,61.66420638307885,25.932371193220483
person_6.mp4,front,449,7489,59.95280823127177,848,478,68.9143332062834,63.9695837639102,101.76472887185497,96.89574605296437,59.48302262031492,61.506265062441926,25.124331907844336
person_6.mp4,front,450,7506,59.95280823127177,848,478,71.24059810369353,66.13557451489328,104.45232113583909,98.94694840592447,60.05590584385263,61.94097407552647,24.513511575977617
person_6.mp4,front,451,7523,59.95280823127177,848,478,70.47080591658667,68.1068012971551,103.88574977179745,99.67697584582207,58.73802943148761,63.74197894250928,24.061247643571512
person_6.mp4,front,452,7539,59.95280823127177,848,478,80.08432575146732,75.4053024000481,111.1014427937896,105.76567493282538,62.84316655905946,65.2003737503319,24.01886917380038
person_6.mp4,front,453,7556,59.95280823127177,848,478,81.6711705767063,78.76167173362107,111.70980064628361,107.79251019437035,63.35195681069923,66.13738130038033,24.581678170034305
person_6.mp4,front,454,7573,59.95280823127177,848,478,91.02505210393115,90.74295804291235,119.08785829672499,116.57932981855254,64.8112454585071,68.76674206700446,26.190173083730535
person_6.mp4,front,455,7589,59.95280823127177,848,478,106.58384212097077,102.83220928845175,133.34965787301832,126.28319641943264,67.0608948106359,71.633292660031,25.34861561419941
person_6.mp4,front,456,7606,59.95280823127177,848,478,112.00878497617197,109.75272366900177,138.4307800066772,131.95904357970082,68.50463024792475,73.35643610756603,24.354472306942334
person_6.mp4,front,457,7623,59.95280823127177,848,478,112.87483881520373,108.70529218141827,139.28136102815773,130.40488892894928,68.48245929095579,73.2310394010416,24.0188134433589
person_6.mp4,front,458,7639,59.95280823127177,848,478,115.7543125740314,110.97681388604381,143.44978334199212,132.98833267890052,67.34114033171268,72.68541136022228,24.131301547682142
person_6.mp4,front,459,7656,59.95280823127177,848,478,120.79273645727987,116.81073349376871,146.57977222594974,137.17431270091296,68.93814928849686,74.1231371038461,23.938754900475026
person_6.mp4,front,460,7673,59.95280823127177,848,478,122.5034826180225,119.60964078474169,147.38556805738241,139.88813002526655,69.6779557457124,74.15456289907998,23.66387836312435
person_6.mp4,front,461,7689,59.95280823127177,848,478,129.033947738392,127.26517566825255,151.01392625291214,145.07950919909769,73.64493677605441,77.24520942495052,22.428650194007933
person_6.mp4,front,462,7706,59.95280823127177,848,478,128.02699368944766,129.21020684055944,150.89654598806035,148.87966187560733,72.9685850421054,75.8264130068007,22.151492751481975
person_6.mp4,front,463,7723,59.95280823127177,848,478,130.61227796864486,129.27739372076127,155.56436106790068,149.5149466453907,71.24839738363588,75.30352371106844,21.823682715168733
person_6.mp4,front,464,7739,59.95280823127177,848,478,132.7724813665501,132.09069550466924,156.46136045613596,151.89405460508698,72.98048196648588,76.10512543365597,21.337266124205605
person_6.mp4,front,465,7756,59.95280823127177,848,478,134.96989070770567,133.8794962623105,158.69073326807924,153.01992674611242,72.90750559897042,76.77509405434222,21.158714406976745
person_6.mp4,front,466,7773,59.95280823127177,848,478,138.57334431043557,137.82586165696014,161.0159286982851,155.12193975815825,75.13869916947473,79.04973450562758,20.168870194132154
person_6.mp4,front,467,7789,59.95280823127177,848,478,141.0339317925492,141.42491120493975,162.02566177389903,157.30365798498562,76.60036513904302,80.67298946591318,20.08767929154631
person_6.mp4,front,468,7806,59.95280823127177,848,478,144.47689200012528,142.72635295951085,164.9359083135416,158.37136630797949,78.3321593919077,82.07860315460493,18.705008197394985
person_6.mp4,front,469,7823,59.95280823127177,848,478,142.65913176292318,141.60112886236004,164.41116623287337,158.84681696244155,76.81035424065556,80.66940325598573,18.907881837014514
person_6.mp4,front,470,7839,59.95280823127177,848,478,140.59117136230665,141.14685809950416,162.5451626798325,158.59415160561684,76.87148076308306,80.73809058848248,18.9182545638111
person_6.mp4,front,471,7856,59.95280823127177,848,478,141.9311487359639,140.78011936039272,164.510371768674,159.00334586597035,77.15260601483814,80.75436240590732,18.030589281292894
person_6.mp4,front,472,7873,59.95280823127177,848,478,143.79201429948154,141.86650246078742,165.35535973524483,159.04211030888794,78.22578502148872,82.22454991916419,17.992269776997762
person_6.mp4,front,473,7890,59.95280823127177,848,478,142.76283606843094,142.13926220130548,164.851296566421,160.54613066099833,78.07984001132479,81.78617438488921,17.793347005429613
person_6.mp4,front,474,7906,59.95280823127177,848,478,143.78242170520207,144.04515149767295,165.15548489771848,162.20569048873364,79.08781654200477,82.64102113902828,17.50153894131399
person_6.mp4,front,475,7923,59.95280823127177,848,478,144.24220935741317,143.79772923582166,165.61809125144617,162.75923866725336,79.21282010741571,82.41193815439375,17.349771086157997
person_6.mp4,front,476,7940,59.95280823127177,848,478,143.58314002071614,142.78469546644564,166.18340411996678,162.1626357719672,78.60350713837819,82.33353154316096,17.3261718692109
person_6.mp4,front,477,7956,59.95280823127177,848,478,143.34946720015103,143.05827673685658,165.87615507738056,162.8025180761904,78.7456244692545,82.296518468357,17.31251009056332
person_6.mp4,front,478,7973,59.95280823127177,848,478,147.71239272990124,143.94404896812912,167.77122583777654,162.55810536324827,81.0688364031507,83.57245676458746,17.30569862245499
person_6.mp4,front,479,7990,59.95280823127177,848,478,146.53730294906305,145.25413882201303,166.84882375831126,163.08757022894508,81.07388156420426,84.47063369549264,17.329991888083363
person_6.mp4,front,480,8006,59.95280823127177,848,478,147.29154026550057,145.91532901233714,167.10255397667794,163.641122900032,81.65438323855001,84.6721065724888,17.291105982556946
person_6.mp4,front,481,8023,59.95280823127177,848,478,149.03131791491393,145.7013726982611,168.66304928352446,163.68238402405706,81.83328922013162,84.43703590077882,17.399458483895504
person_6.mp4,front,482,8040,59.95280823127177,848,478,150.70901001903226,145.482863375164,169.90671106386333,163.43520429203156,82.03129577086384,84.2207746012268,17.69307499865613
person_6.mp4,front,483,8056,59.95280823127177,848,478,152.68578297721902,146.23621910947367,170.95000395440775,163.83478608908987,82.93286754539056,84.57537061411499,17.807008952482803
person_6.mp4,front,484,8073,59.95280823127177,848,478,152.33847291284187,145.81393886311602,170.89019673519496,163.5070057667179,82.72403195209351,84.31508661913972,17.853985718146557
person_6.mp4,front,485,8090,59.95280823127177,848,478,150.45224398233518,145.86692597364615,169.5927975756781,163.41150756585668,82.26537404312501,84.06478954788979,18.05792925016455
person_6.mp4,front,486,8106,59.95280823127177,848,478,148.4494831411679,144.99823197826262,168.52584468003798,163.005708549396,81.957364557313,83.70997123300344,17.81608533357099
person_6.mp4,front,487,8123,59.95280823127177,848,478,148.35584934748994,145.44341964311712,167.82307525294343,163.6138280999537,82.50715137707448,83.79437396881201,17.734409478401403
person_6.mp4,front,488,8140,59.95280823127177,848,478,149.49130174306814,146.28744347133272,167.72395073883894,164.22859105354152,83.18491272800647,84.00600037483865,17.910750762731404
person_6.mp4,front,489,8156,59.95280823127177,848,478,150.15522232405712,146.2163031462163,167.7624696460279,164.06415678955815,83.4196092357028,83.8940160464495,18.165347759122835
person_6.mp4,front,490,8173,59.95280823127177,848,478,150.46838783256868,146.31230280440062,167.8273178974592,164.24296232689002,83.58269615584531,83.81667354953288,18.283028804055977
person_6.mp4,front,491,8190,59.95280823127177,848,478,150.19446908695335,147.0224429310597,167.6537674305311,164.4803100971325,83.45399517435105,84.16291001759109,18.29056666925974
person_6.mp4,front,492,8206,59.95280823127177,848,478,149.67131338654752,146.45671898430248,167.47841911675798,164.5016257664825,83.22796043420225,83.52180872010952,18.332954124839368
person_6.mp4,front,493,8223,59.95280823127177,848,478,149.77715918709643,146.33416832954296,167.65864278696395,164.9593414451255,83.03503781229095,82.91465016728259,18.47784686996259
person_6.mp4,front,494,8240,59.95280823127177,848,478,149.78319292464224,147.14623891205338,167.343876967645,165.69801501999058,83.01629194508816,82.99983120037702,18.67818063800598
person_6.mp4,front,495,8256,59.95280823127177,848,478,150.0464857780337,147.56951902806998,167.4211041797825,165.8638991701843,83.10673915825191,83.13405830341043,18.729314617901796
person_6.mp4,front,496,8273,59.95280823127177,848,478,149.5934695170223,147.1303351148308,167.1359779857414,165.9265382809304,82.7108936311128,82.6258777444495,18.847271851752673
person_6.mp4,front,497,8290,59.95280823127177,848,478,148.86648993706612,145.9588629463983,166.67711584459425,166.07529926748177,82.0779814652967,81.35149649758898,19.16374757505211
person_6.mp4,front,498,8307,59.95280823127177,848,478,148.4000399360422,145.18341351034053,166.34469808130783,166.12337525902274,81.20694041845823,80.12764751805044,19.700848250671772
person_6.mp4,front,499,8323,59.95280823127177,848,478,148.80078540604708,145.83528281785289,166.63019203725682,166.22835936846525,81.15780523337513,80.59140310174152,19.804202558755193
person_6.mp4,front,500,8340,59.95280823127177,848,478,147.15596819021565,144.41489665538654,166.14998104028797,164.79677756618864,79.11375219270592,79.39841279359983,20.964185486053438
person_6.mp4,front,501,8357,59.95280823127177,848,478,148.58620119353415,144.9985094677446,167.01041396274945,164.64142013219188,79.65409075229661,79.99203864928378,20.935711721209216
person_6.mp4,front,502,8373,59.95280823127177,848,478,148.94246039344662,145.20933524510787,167.6374456496873,164.67222269357333,79.68258525812895,80.26816286518168,20.750349256707377
person_6.mp4,front,503,8390,59.95280823127177,848,478,149.11648181172765,145.2268317500704,167.6578067564636,164.48693950821328,79.62624883673705,80.32453906332061,20.871411249269865
person_6.mp4,front,504,8407,59.95280823127177,848,478,149.62868814388122,145.73486848384903,167.84564296848288,164.76624831683267,80.06550565700775,80.64473195586658,20.729514761531576
person_6.mp4,front,505,8423,59.95280823127177,848,478,149.9492952084458,145.84689400402908,168.00154702128262,164.75144830165007,80.37782810836204,80.78494089396482,20.6376849836524
person_6.mp4,front,506,8440,59.95280823127177,848,478,149.7500819023954,145.75253439574914,167.90471558001943,164.85822291202626,80.38740068547666,80.63765486016217,20.535360816478185
person_6.mp4,front,507,8457,59.95280823127177,848,478,149.86498868811464,145.8682052193452,168.07883898024727,164.8576679806057,80.32995150309188,80.7521130492617,20.524317898850196
person_6.mp4,front,508,8473,59.95280823127177,848,478,149.69821160538592,145.88477597263423,168.18754814950373,164.8239140794168,80.36525557806563,80.83198307593456,20.467084255419053
person_6.mp4,front,509,8490,59.95280823127177,848,478,149.80845574313125,146.0204560718957,168.50841114043945,164.6658416446659,79.94446239798636,80.78032236967877,20.51752369524644
person_6.mp4,front,510,8507,59.95280823127177,848,478,149.63216278348528,145.94449577931917,168.4316482695125,164.7000752620739,80.09583871281366,80.90981167406314,20.47927381245921
person_6.mp4,front,511,8523,59.95280823127177,848,478,149.17235582537822,145.92172722396327,168.5612813755398,164.71319219423552,79.63964852644499,80.85425726936728,20.434552179858667
person_6.mp4,front,512,8540,59.95280823127177,848,478,148.91414642834403,145.96702876224506,168.54611996223065,164.7567461138746,79.54751473496998,80.90170862823442,20.36544072552063
person_6.mp4,front,513,8557,59.95280823127177,848,478,147.82925638309314,145.19683315956556,168.15463314963438,164.8064776383862,79.1381778028262,80.15256359112198,20.205519770302935
person_6.mp4,front,514,8573,59.95280823127177,848,478,147.66855470542163,145.31969069270372,167.7936740590859,165.25507236810546,79.57265233435996,80.19478797296983,19.95244311010402
person_6.mp4,front,515,8590,59.95280823127177,848,478,148.10042842274294,145.64756402786057,167.9903242378764,165.13735423021794,79.79615969072961,80.40754443159796,19.953429314491967
person_6.mp4,front,516,8607,59.95280823127177,848,478,148.21933316878534,145.28283828084517,167.9487127446459,165.25740677441863,79.6878057622237,79.95023203618902,19.94636936844577
person_6.mp4,front,517,8623,59.95280823127177,848,478,148.36967113228286,145.29948484268036,168.02093946194023,165.19632328611482,79.64083109508677,79.758738599167,19.943355498716468
person_6.mp4,front,518,8640,59.95280823127177,848,478,148.39699625163374,145.35222808662587,168.05850080381705,165.1796623234548,79.63063980295769,79.89339943946833,19.917634809052455
person_6.mp4,front,519,8657,59.95280823127177,848,478,150.2854967038439,145.45926327362685,168.06831314281493,165.474217417791,81.68407571089716,80.06699879057689,19.609808586413422
person_6.mp4,front,520,8673,59.95280823127177,848,478,151.26059750456128,146.2118871726093,169.26635505675023,164.50072604855544,81.40148601423363,81.27112532747164,19.598143309252247
person_6.mp4,front,521,8690,59.95280823127177,848,478,151.2488872965279,146.42406174731423,168.24988442440142,164.7922962474952,82.49489327784615,81.34980114311767,19.461219571361497
person_6.mp4,front,522,8707,59.95280823127177,848,478,151.59487246478372,146.4461475438113,168.37257358208666,164.42089246061363,82.70925792546231,81.5540567620401,19.509517196226998
person_6.mp4,front,523,8724,59.95280823127177,848,478,151.43913632315218,146.25875809094623,168.42540324295038,164.09268874576802,82.5903307622373,81.8293203050142,19.421951534889374
person_6.mp4,front,524,8740,59.95280823127177,848,478,151.55193892711642,146.964290031075,168.35597964525675,164.06648684028465,82.75518717077563,82.73636219863529,19.281141890489593
person_6.mp4,front,525,8757,59.95280823127177,848,478,152.35887510215989,147.4596372942255,168.02106254958946,164.29969748456907,83.77890944497273,83.30614893519471,19.055134599875135
person_6.mp4,front,526,8774,59.95280823127177,848,478,153.07630843431974,147.7445503006409,167.86631733341602,165.06370913069975,84.86956794088847,83.52404056183146,18.640566581221695
person_6.mp4,front,527,8790,59.95280823127177,848,478,152.68327752325655,147.83179769274346,167.4566666012372,165.10111757673866,84.46204319439921,83.57164905711079,18.67467530779736
person_6.mp4,front,528,8807,59.95280823127177,848,478,152.058889142942,148.24458853905747,168.0631964216147,164.64873740855003,84.22200481846386,84.44127660855811,18.101600225972653
person_6.mp4,front,529,8824,59.95280823127177,848,478,151.0610857393288,148.35491837114716,167.06881914898182,164.41831383785808,83.95246055669384,84.82753764069884,18.114106094803645
person_6.mp4,front,530,8840,59.95280823127177,848,478,150.7746348503325,148.37020764685997,166.98613114342007,163.79219433080095,83.44319057657462,84.97807412072186,18.255566901421137
person_6.mp4,front,531,8857,59.95280823127177,848,478,150.3744350686098,147.7549246444276,166.77888653923222,163.35937318860655,83.10382454009788,84.68027462655164,18.461891378758448
person_6.mp4,front,532,8874,59.95280823127177,848,478,150.16319699639942,147.05388284049556,166.4448759042349,163.0253918553214,83.4367061106023,84.22317645922489,18.71215826466472
person_6.mp4,front,533,8890,59.95280823127177,848,478,149.69623005102602,146.68040195363525,166.253791911134,162.78809627923815,82.55382613098693,84.12635417377034,18.948783721757334
person_6.mp4,front,534,8907,59.95280823127177,848,478,149.9039549772695,146.57468414873796,166.3158332937997,162.46957444734537,82.52243409308119,84.0654187953692,19.091695284505832
person_6.mp4,front,535,8924,59.95280823127177,848,478,149.11165078558906,146.25125031213838,166.2165951190591,162.20090377899558,81.71602568287184,83.87460171293922,19.22099444288948
person_6.mp4,front,536,8940,59.95280823127177,848,478,148.24947339362507,147.0013506973315,165.78664717096865,162.04266499156523,81.76084647234165,84.69276479391289,19.12097080305911
person_6.mp4,front,537,8957,59.95280823127177,848,478,146.07181545570182,147.3647911712449,165.9898239704367,161.31506911751893,80.37632591412739,85.59747162933922,19.196067430514752
person_6.mp4,front,538,8974,59.95280823127177,848,478,144.49640132675356,146.87594117914864,164.54193036009315,161.20848401829338,80.28259323316276,85.41347221200778,18.91393899367301
person_6.mp4,front,539,8990,59.95280823127177,848,478,142.9747678216738,146.63007654019836,163.3240376300584,161.5446683963512,80.4152994216437,85.71537738946517,18.09292966833673
person_6.mp4,front,540,9007,59.95280823127177,848,478,142.47588149595765,146.2590300966692,163.0049477773363,161.11671931554963,79.99702491148733,85.72183574720582,18.37038176667774
person_6.mp4,front,541,9024,59.95280823127177,848,478,141.48399485020968,145.83510611995473,162.36933751476784,161.34291341575602,80.27711267330993,85.87515724910637,17.487284283758772
person_6.mp4,front,542,9040,59.95280823127177,848,478,141.52742517512405,145.68082550072563,162.80003266358776,161.17138505966045,80.38575527282553,86.22363811056186,16.840568361470204
person_6.mp4,front,543,9057,59.95280823127177,848,478,141.209583977594,145.67631074937347,163.0901366805708,161.53706080807558,80.43502418152299,86.56124573767114,15.91461255594853
person_6.mp4,front,544,9074,59.95280823127177,848,478,140.36198579736688,144.89939229953822,162.48876397630124,161.86048990129598,81.18234799100262,86.60165880362493,14.929673099903855
person_6.mp4,front,545,9090,59.95280823127177,848,478,140.6372742536154,144.86666092902493,162.27155300614714,161.46131685210605,81.51770317237293,86.87996214522194,15.133497215176462
person_6.mp4,front,546,9107,59.95280823127177,848,478,139.8310827072207,143.80450211859448,162.05758097563947,160.81649515132443,80.78079516655578,86.19579970250776,15.400696569133258
person_6.mp4,front,547,9124,59.95280823127177,848,478,141.280610395463,144.5626436749216,162.5455013092993,161.49514886285814,81.76684102601727,86.94541810833108,14.714840891576085
person_6.mp4,front,548,9141,59.95280823127177,848,478,139.0453531446529,143.5513760938505,160.6828796901956,161.01853562090383,81.2041121344666,86.48609531960989,14.76303787462222
person_6.mp4,front,549,9157,59.95280823127177,848,478,138.45242874016213,142.6163674998166,160.3579500293141,160.73209202945566,81.48515244073721,86.52848419464713,14.2658778084608
person_6.mp4,front,550,9174,59.95280823127177,848,478,137.0506012961811,140.65895960751058,158.85943965103354,159.2980944531543,81.45587469656485,86.01628983429698,14.40769281953876
person_6.mp4,front,551,9191,59.95280823127177,848,478,136.03847562821096,137.96449240838038,158.32756123062123,158.1802166575657,81.47108286064675,85.2116971737616,13.807253593841299
person_6.mp4,front,552,9207,59.95280823127177,848,478,133.7366872128795,134.286419669989,156.6634276117171,155.37443968001833,80.6848690158839,83.72182518011161,14.418339044680057
person_6.mp4,front,553,9224,59.95280823127177,848,478,134.63443501881792,134.05223322907753,159.14880137983536,157.72110223528398,81.72344696483475,84.38852520411378,11.38721771677599
person_6.mp4,front,554,9241,59.95280823127177,848,478,132.74971988558144,133.04333940341368,158.02988984730655,156.59318303125988,81.04031005376004,83.96161676738,11.789010525994602
person_6.mp4,front,555,9257,59.95280823127177,848,478,132.75150079602605,131.1522218247742,157.3220962387586,154.43200872107366,80.88538542968676,83.18010751043927,12.702377508415907
person_6.mp4,front,556,9274,59.95280823127177,848,478,129.20548657256955,126.61266687446096,155.33081802644182,151.32181289643592,79.18986397079242,80.98845667803086,13.143498758584398
person_6.mp4,front,557,9291,59.95280823127177,848,478,130.12660361540048,126.13811987185177,154.77241960327302,150.24021645624285,80.07350233911951,81.19197127099986,13.578409263167174
person_6.mp4,front,558,9307,59.95280823127177,848,478,128.04041823875082,125.03452160516001,153.41738154663548,149.44396687747542,79.21316516194254,80.59431551740151,13.915573789874049
person_6.mp4,front,559,9324,59.95280823127177,848,478,126.3265232352437,122.69106088948381,152.8941196755713,148.91281579062564,79.19017390023845,80.00733010526272,12.727117799212879
person_6.mp4,front,560,9341,59.95280823127177,848,478,123.31630079804488,117.56664624945232,151.89143430667266,146.91731784269874,78.82859946811412,78.79166747693708,11.092184597619912
person_6.mp4,front,561,9357,59.95280823127177,848,478,124.87543254042764,119.13062581272848,153.85979050493,149.34310305573717,80.52444160261129,79.9039449432518,9.281638395505206
person_6.mp4,front,562,9374,59.95280823127177,848,478,122.46031410385459,112.86148160763024,152.61121857553817,145.57310078746596,81.11213575954955,79.35252368103075,7.427626636615883
person_6.mp4,front,563,9391,59.95280823127177,848,478,117.86106387760664,109.51647502085866,151.43549558901262,145.6226631460112,80.59920625899903,78.73228098116971,4.470050163649446
person_6.mp4,front,564,9407,59.95280823127177,848,478,119.55009716087571,111.24881666749876,152.63990304493217,146.558731578043,79.9430698363986,78.70103956814795,5.445593626979958
person_6.mp4,front,565,9424,59.95280823127177,848,478,115.16641419062645,110.46502566920023,147.71903489043763,144.54623932952515,79.80204239589125,78.69095053649366,6.600477912921599
person_6.mp4,front,566,9441,59.95280823127177,848,478,109.91268254102549,107.10136226411078,142.95290618117824,140.75678859789437,78.46859446863385,77.70074871708515,7.902167328881741
person_6.mp4,front,567,9457,59.95280823127177,848,478,110.99034521658075,104.42350463499133,143.11503369975733,138.42047793464016,78.87681631682811,77.3362850726797,7.932995435655201
person_6.mp4,front,568,9474,59.95280823127177,848,478,108.91088531499159,104.67840553131855,141.88337686393726,138.46351332019114,77.82107933862443,76.86327371960243,8.609783182089313
person_6.mp4,front,569,9491,59.95280823127177,848,478,105.83018909072287,99.96003388806099,141.86784790281845,137.00824020868941,79.15931168416738,76.93590489876303,4.5881605492314375
person_6.mp4,front,570,9507,59.95280823127177,848,478,110.90672688126884,108.06526435736073,137.3498409113386,132.04763156887026,77.96522934937971,83.22938146454524,13.7824245798255
person_6.mp4,front,571,9524,59.95280823127177,848,478,101.0422088991819,99.50661774640602,131.84245699717485,129.306658479919,76.8804497102321,77.09519545024885,12.694804323041526
person_6.mp4,front,572,9541,59.95280823127177,848,478,96.49049715844552,92.00366211907411,127.36934421495353,123.33903595866802,77.54405340254581,75.19832364888013,12.019119651342756
person_6.mp4,front,573,9558,59.95280823127177,848,478,91.23518799694128,89.38092462731048,120.27557255052476,119.2502466553515,77.99358002074024,75.47871483816273,12.184616999865934
person_6.mp4,front,574,9574,59.95280823127177,848,478,88.25180565811924,88.11532159515005,118.63985092757599,120.11133472480775,76.57475527237521,73.82180603232285,12.133421033149904
person_6.mp4,front,575,9591,59.95280823127177,848,478,83.0419231805948,84.80400736751919,109.8873289940953,113.3467490283764,74.72094538276689,72.38327904539413,16.97567910372054
person_6.mp4,front,576,9608,59.95280823127177,848,478,85.70892767639982,86.5981935278237,112.29132629901811,116.27674733952435,75.99209201173456,72.71411308341003,15.80572827274069
person_6.mp4,front,577,9624,59.95280823127177,848,478,86.6379986996795,87.29189645710503,113.97176286227975,117.90441198445751,76.82103937371302,73.43533498294532,14.14356315690366
person_6.mp4,front,578,9641,59.95280823127177,848,478,89.05018590042383,90.21881102782136,115.23709523216908,120.85367015289613,77.96514280578971,74.01590131679161,13.419976226235674
person_6.mp4,front,579,9658,59.95280823127177,848,478,83.47903291977939,83.84524147453504,105.65839442999126,110.66413904171777,76.4357272541009,72.95309312583005,17.209073919895125
person_6.mp4,front,580,9674,59.95280823127177,848,478,78.53750842322407,81.43450193443036,97.20228460564915,103.2282997102591,72.60236408354942,70.22200240064326,24.77917065323575
person_6.mp4,front,581,9691,59.95280823127177,848,478,77.48165476950912,78.9051509355078,96.24569253986603,101.79021661938303,74.57819873260313,71.58351021339179,22.354097181335934
person_6.mp4,front,582,9708,59.95280823127177,848,478,79.07338600939747,80.44224282814838,97.33232958983156,105.49450713817825,76.65208276611766,72.8966568694483,20.282410652446227
person_6.mp4,front,583,9724,59.95280823127177,848,478,81.52487028000935,81.43115321170477,100.63097806010211,108.19734799418325,79.1120377954674,75.11409696281633,16.704535319531548
person_6.mp4,front,584,9741,59.95280823127177,848,478,80.64362993678388,80.69246129219657,100.9832821624323,108.01793488627602,79.9481357958348,76.18612275257505,13.63906141567741
person_6.mp4,front,585,9758,59.95280823127177,848,478,79.42652676225276,78.44551459235866,100.80634464924049,107.11011282871563,80.36444593866976,76.49322460356501,11.86293488533097
person_6.mp4,front,586,9774,59.95280823127177,848,478,81.93340788836151,80.6448343896864,106.26973596491517,111.76883134062328,83.61135118748125,79.29596206948719,5.788531415857662
person_6.mp4,front,587,9791,59.95280823127177,848,478,77.8943356466799,76.58065267534316,104.43185598383347,108.66172492568715,80.83533495236316,76.91519609538463,7.641212589082543
person_6.mp4,front,588,9808,59.95280823127177,848,478,73.4090700866487,73.47310716679434,101.90178942483062,108.29313112264559,76.91011685992837,73.85023913770425,8.71044907224178
person_6.mp4,front,589,9824,59.95280823127177,848,478,70.08743460594593,71.65697642877427,92.10645912524039,97.18401540482726,74.21864619817593,71.81898711100494,19.34171690318577
person_6.mp4,front,590,9841,59.95280823127177,848,478,71.6193562963053,72.25561403930394,91.66143918144095,96.62617111465607,76.7793922318317,73.64876761209229,18.81510166705116
person_6.mp4,front,591,9858,59.95280823127177,848,478,66.37989734522108,67.92282516053793,70.83518540743646,73.72906429290457,71.4835939364631,69.32302016713415,39.762512067777344
person_6.mp4,front,592,9874,59.95280823127177,848,478,68.48713178499474,69.54134093480474,77.40055312982419,81.30613583291694,73.54790358246626,71.03210012039231,31.974050905837373
person_6.mp4,front,593,9891,59.95280823127177,848,478,64.40819389814601,66.68579511913838,70.67153680417857,74.07095448453939,69.64134199600772,68.643270028124,39.81085923155767
person_6.mp4,front,594,9908,59.95280823127177,848,478,68.01675676373127,69.60436569913622,77.03849836172905,80.99410434455588,73.3160965130152,71.41432342502925,31.74095210351793
person_6.mp4,front,595,9924,59.95280823127177,848,478,63.58864538251231,65.7505489902131,70.16413184756318,73.8032211064036,69.95543127769521,68.36375782464151,39.01781629222921
person_6.mp4,front,596,9941,59.95280823127177,848,478,64.08055082308067,64.55632763061574,67.20733376854375,70.79743729971513,71.27463415069863,67.08350277479646,42.57732666770336
person_6.mp4,front,597,9958,59.95280823127177,848,478,61.045887638368356,63.66209779548665,67.01155691268684,71.00612349348339,68.26604724862851,66.68016579145619,41.68170923141907
person_6.mp4,front,598,9975,59.95280823127177,848,478,61.77421686825899,64.41240989376548,72.66790988297817,77.00872998982841,69.32092111966604,67.82929456097074,36.00374558848339
person_6.mp4,front,599,9991,59.95280823127177,848,478,61.2991763330455,64.56040772070051,71.84287050888975,76.5902943116931,69.35612717815147,68.0050463626741,36.32928269205768
person_6.mp4,front,600,10008,59.95280823127177,848,478,58.24463847089304,65.53234220551475,70.03045857483617,73.9579631899047,67.09796010822777,68.11072019161833,39.09862445961283
person_6.mp4,front,601,10025,59.95280823127177,848,478,58.22987152387596,63.18080689598586,67.67261741849902,69.98559442185766,65.3471805411563,66.43981828033063,42.45371499876051
person_6.mp4,front,602,10041,59.95280823127177,848,478,57.31111187325003,61.22064789618361,68.65014015051433,70.49704945823503,64.45279099252778,65.53690529826682,41.997294480097985
person_6.mp4,front,603,10058,59.95280823127177,848,478,56.233357280328214,59.23746430136331,69.06389354146403,71.55358389715208,62.985197692951736,63.66569052808788,41.34820970369573
person_6.mp4,front,604,10075,59.95280823127177,848,478,54.445954479128964,58.04566816239063,68.63958210547885,70.80875503918473,60.98706227904887,63.05262795696593,40.8619798134998
person_6.mp4,front,605,10091,59.95280823127177,848,478,56.67383763463339,59.438833726423276,68.42009034758776,70.6474288335796,63.626870366565115,64.10115405590737,40.469741225932125
person_6.mp4,front,606,10108,59.95280823127177,848,478,56.3661307273389,60.24696152862387,69.35615186199126,72.83471902204415,64.60448563104937,65.37398411696206,39.343674462904865
person_6.mp4,front,607,10125,59.95280823127177,848,478,54.33235021455551,58.97103753092373,67.05651389270021,71.04207440839954,63.06847459142135,64.18418660962077,40.837635040830385
person_6.mp4,front,608,10141,59.95280823127177,848,478,55.423360490718004,58.657741785861184,66.86635755128002,70.63517460654505,63.87696717709765,63.53748945269498,40.76149040457081
person_6.mp4,front,609,10158,59.95280823127177,848,478,55.382612025715936,58.03038489160299,66.03497956266347,70.10074367064313,64.20996768877914,63.329893828945615,41.008318664307424
person_6.mp4,front,610,10175,59.95280823127177,848,478,53.465258963851774,56.51836776988435,64.51440611479177,69.27777917934775,62.78187555311497,61.97552067953764,41.68421412126506
person_6.mp4,front,611,10191,59.95280823127177,848,478,52.450637224491736,55.70402408509496,65.29578647842827,70.19542894073544,62.27740089540547,61.37741479237655,40.716417679562575
person_6.mp4,front,612,10208,59.95280823127177,848,478,51.370427688521474,54.278336266499274,66.36469643572349,71.08856188638603,61.06401025011649,60.501081478117264,40.11007246031054
person_6.mp4,front,613,10225,59.95280823127177,848,478,49.15066539195458,52.04221759764893,67.10709905377541,71.18565295304765,59.19286875088278,58.65505117500101,39.9478346856309
person_6.mp4,front,614,10241,59.95280823127177,848,478,48.80954351690604,50.61260043998408,71.90142286347105,75.90696131630638,59.39481105084121,58.074204613534796,35.947049723518425
person_6.mp4,front,615,10258,59.95280823127177,848,478,49.04198307543686,50.48840249660512,71.49114736068917,75.19278783194781,59.12256249420634,57.50177785235164,36.494895432188365
person_6.mp4,front,616,10275,59.95280823127177,848,478,49.4604552046208,50.80950844410436,73.06335832681425,77.8656859850566,60.15869222033918,58.63154076810249,34.43950077449692
person_6.mp4,front,617,10291,59.95280823127177,848,478,50.11336524541196,51.4186040735638,76.63220113020363,81.18156371186359,60.39511969347314,58.86599700565573,31.70717214896476
person_6.mp4,front,618,10308,59.95280823127177,848,478,50.80961319723085,51.51541391946171,73.92405188112721,78.19768758318217,60.141552498436255,58.391360075228455,34.45496556123388
person_6.mp4,front,619,10325,59.95280823127177,848,478,48.701683193957585,49.66245661685906,67.45099179533834,71.79755690216612,58.34820369545215,57.033382258207766,39.8639397787731
person_6.mp4,front,620,10341,59.95280823127177,848,478,47.65017411894098,49.25461600015341,66.73867904382769,70.73445610020565,58.039506386402394,56.97241989618218,40.897794763030284
person_6.mp4,front,621,10358,59.95280823127177,848,478,47.53554004932756,48.86778668713043,64.87345715569452,68.79596864835283,57.72631492855491,56.52232887310733,42.42210721685637
person_6.mp4,front,622,10375,59.95280823127177,848,478,47.63748143785575,48.89307096975365,65.23952586471903,69.33035544792253,58.009054530072255,56.69783292468005,42.15319416176796
person_6.mp4,front,623,10392,59.95280823127177,848,478,47.55441469265989,48.93373680674572,65.75452049190594,70.13897270252758,58.19863099641941,56.98179580445419,41.51204660092647
person_6.mp4,front,624,10408,59.95280823127177,848,478,47.54499724401261,49.17322274800996,65.21982740252814,69.8657226769056,57.96758945590793,56.93387407402235,41.852765336533075
person_6.mp4,front,625,10425,59.95280823127177,848,478,47.578897242697735,48.90814790698377,65.42710857173948,70.15262756137459,58.33225503032612,57.108364881284295,41.506753247996805
person_6.mp4,front,626,10442,59.95280823127177,848,478,47.33371642396643,48.82806502422741,65.46062500642324,70.2934116769866,58.580840330276786,57.076227728227366,41.390884001893696
person_6.mp4,front,627,10458,59.95280823127177,848,478,46.83484255051822,48.42723599174324,65.33037347861418,70.21331919088907,58.336434545211276,56.464102499453745,41.23419190789484
person_6.mp4,front,628,10475,59.95280823127177,848,478,46.62811613001177,48.46865593043386,65.30445549841964,70.26790814767949,58.02978625275961,56.5733850833672,41.23609390896331
person_6.mp4,front,629,10492,59.95280823127177,848,478,46.61224987811784,48.492223626253626,65.45515498166849,70.2663480037415,58.091605381237414,56.733217986506475,41.186275013954024
person_6.mp4,front,630,10508,59.95280823127177,848,478,46.723927103902454,48.221741968425036,64.4622389743848,69.07876849858968,57.70025551479414,56.430564606096354,41.65463074862219
person_6.mp4,front,631,10525,59.95280823127177,848,478,46.85171869592646,48.40443529368032,64.39830645723222,68.99943172404477,57.9228656075454,56.53214492049258,41.75712130747785
person_6.mp4,front,632,10542,59.95280823127177,848,478,46.74381058572493,48.21890145714047,63.547580808363726,68.1159001689254,57.71922615571563,56.38634035102708,42.546751839144434
person_6.mp4,front,633,10558,59.95280823127177,848,478,46.897929121999645,48.46855802530381,63.33647481295515,67.49273480177122,57.758997404871835,56.80600553756141,43.021242722423246
person_6.mp4,front,634,10575,59.95280823127177,848,478,46.346430371893405,47.884004368418935,62.47426735626139,66.61019033125596,57.41832044602595,56.45896504234591,43.66570565355461
person_6.mp4,front,635,10592,59.95280823127177,848,478,45.80736552832686,47.51850068467623,62.90992775876342,66.90728079320614,57.41584480134945,56.470815602557934,43.325631347379066
person_6.mp4,front,636,10608,59.95280823127177,848,478,45.94200548747688,47.34126653245703,63.23694873334318,67.05949286232384,57.515520969337274,56.45982233898021,43.01855804733854
person_6.mp4,front,637,10625,59.95280823127177,848,478,45.780121949438644,47.3218094493202,64.18963433694051,67.45083758475229,57.44075457689772,56.552029249378464,42.287267734491714
person_6.mp4,front,638,10642,59.95280823127177,848,478,46.315201959578125,47.486175513351064,66.88528494592099,70.44304858724935,57.881066811946226,56.81674703662275,39.329917607754155
person_6.mp4,front,639,10658,59.95280823127177,848,478,45.87539045278235,46.71649391418797,68.81707902005765,72.21577462959253,57.94246697253566,56.746312893181866,37.556236402301714
person_6.mp4,front,640,10675,59.95280823127177,848,478,45.867282551529655,46.83888622335567,67.20779089650134,70.99959162588159,57.55604945493732,56.5820811254677,39.030845469631835
person_6.mp4,front,641,10692,59.95280823127177,848,478,46.15462150668463,46.63125777429385,68.26938294220241,71.55298186251865,57.82004405496913,56.520777790893455,38.386246549345444
person_6.mp4,front,642,10708,59.95280823127177,848,478,45.83867988593611,46.44776874332552,67.60066562847858,71.0299891964397,57.42911842525964,56.378907718566346,38.80251870119415
person_6.mp4,front,643,10725,59.95280823127177,848,478,45.49558796888917,46.59338898557057,66.99270568193182,70.67493512342212,57.14280162607149,56.28093779019502,39.07517459715226
person_6.mp4,front,644,10742,59.95280823127177,848,478,45.70811074339663,46.46794618585121,71.02691198657938,74.7267199972559,58.25176783104199,57.20499236529809,35.12566245650768
person_6.mp4,front,645,10758,59.95280823127177,848,478,45.785908385234045,46.8403322815569,69.48170893538116,73.25339539404038,57.99902516949582,57.170497961753995,36.48961310724698
person_6.mp4,front,646,10775,59.95280823127177,848,478,45.751357903752094,46.773114225816194,70.76153945570336,74.73348667071265,58.23825783552565,57.26894353176442,34.96366950248057
person_6.mp4,front,647,10792,59.95280823127177,848,478,45.330823308377006,46.30416473131038,66.70341335073911,70.74075666187237,57.045843360770114,56.510231248332445,38.58471006741483
person_6.mp4,front,648,10809,59.95280823127177,848,478,45.73046804482302,46.08166765172477,71.24126830542609,74.2984491260338,58.727126631239635,57.43906841423532,34.59380761205341
person_6.mp4,front,649,10825,59.95280823127177,848,478,45.634170978067296,46.08349223588484,69.65432203840557,72.44324661573319,57.983215547651284,57.02952083023537,36.2606208216782
person_6.mp4,front,650,10842,59.95280823127177,848,478,46.274503124552716,46.56021579214745,73.19106038242661,76.11744666253973,58.95579604943108,57.55222320217462,32.7603564910438
person_6.mp4,front,651,10859,59.95280823127177,848,478,45.52360359342323,45.97539225660879,67.43553135403278,69.99065372692547,58.00412971819912,56.79598641824282,38.526051010042565
person_6.mp4,front,652,10875,59.95280823127177,848,478,45.30473167553548,45.98322687748203,68.38491126790295,70.8686275852216,58.03724552745759,57.02789046200661,37.626748422627834
person_6.mp4,front,653,10892,59.95280823127177,848,478,45.05371917968149,45.721900062761286,67.34196066607014,69.71893305609694,57.3252675959026,56.581460481144674,38.73775276652987
person_6.mp4,front,654,10909,59.95280823127177,848,478,44.76147021958768,45.04802141717564,67.54053375172421,69.81941259908187,57.31346131601721,56.29402811304133,38.74826552797405
person_6.mp4,front,655,10925,59.95280823127177,848,478,45.65276520698324,45.58137117336277,74.84170185191762,76.4889957261654,58.34165064195609,57.420026167293024,32.57829601383716
person_6.mp4,front,656,10942,59.95280823127177,848,478,45.67536029029923,45.765619875112066,73.84155393025483,75.57165994240385,57.53081938538363,56.96171049958579,33.46552854157826
person_6.mp4,front,657,10959,59.95280823127177,848,478,46.13024052461067,46.39710795623743,74.77171799417415,77.07052810042498,57.99901775535389,57.289449691222494,32.45515991342291
person_6.mp4,front,658,10975,59.95280823127177,848,478,46.82492684967333,47.06882867928456,77.53077425202727,79.68814721709691,58.661822464317304,57.82235674043404,29.996075116314042
person_6.mp4,front,659,10992,59.95280823127177,848,478,47.27260320270129,47.56789449009308,80.55183989799667,82.53851184266958,59.1029803603903,58.29942065893207,27.223030536262478
person_6.mp4,front,660,11009,59.95280823127177,848,478,47.453630831394115,47.776389232259454,82.274391089981,84.66747399371614,59.61824039987012,58.85561069013018,25.731459615743717
person_6.mp4,front,661,11025,59.95280823127177,848,478,47.28735862539807,47.97972190998525,82.76317668868441,85.60380668535562,59.47728813625012,58.80443460059137,25.099825698364494
person_6.mp4,front,662,11042,59.95280823127177,848,478,47.91219934470364,48.602530112437954,83.21708507890813,86.45521886403981,59.93138734289099,59.161251133600466,24.800000031726903
person_6.mp4,front,663,11059,59.95280823127177,848,478,47.77130192778945,49.04207799060745,81.68059703955784,85.06211133398999,59.30860835833785,58.92131315988844,26.292341967116034
person_6.mp4,front,664,11075,59.95280823127177,848,478,47.51966553751184,48.70253003142968,78.28490639252979,82.06681639342197,58.41093482427103,58.81737379124633,29.339492490674733
person_6.mp4,front,665,11092,59.95280823127177,848,478,47.62954097459165,49.22441977669319,78.34079684911538,82.35356222646459,58.60885853611421,58.36452496333175,29.450903195100103
person_6.mp4,front,666,11109,59.95280823127177,848,478,47.379253258618526,49.37939036830024,76.42395882748677,80.53885886413454,58.261633443755706,58.71616592542438,31.340330616054523
person_6.mp4,front,667,11125,59.95280823127177,848,478,48.249287652589544,49.647460166280375,79.73212496469426,83.51794301317109,58.8359510948678,58.52930649066631,28.56300119897838
person_6.mp4,front,668,11142,59.95280823127177,848,478,49.37207679090382,50.74247118481387,71.96441990125092,75.58858759335976,57.95124343710034,57.57006382311439,36.47013172910581
person_6.mp4,front,669,11159,59.95280823127177,848,478,49.9302145013548,50.849726126450896,72.59140880093929,75.76723155566391,57.90777991418801,57.619992232366,36.01102675313806
person_6.mp4,front,670,11175,59.95280823127177,848,478,48.77549598949182,50.207148668448454,72.23401252235483,74.96712016697862,55.792723130325236,55.34564266727723,36.98238469873445
person_6.mp4,front,671,11192,59.95280823127177,848,478,49.14579652478411,50.404900114920835,72.18452342352735,74.54321220819,55.880982168508005,55.200232090901416,38.14866288906982
person_6.mp4,front,672,11209,59.95280823127177,848,478,49.76379568985322,50.898454829373215,73.45249522028136,75.64140354531463,56.84892447360601,55.76585555525871,37.162398691474614
person_6.mp4,front,673,11225,59.95280823127177,848,478,52.82577097476554,53.779827780931996,79.56803285121177,81.38310597289721,59.00267207499318,58.550186366125885,32.69259885046308
person_6.mp4,front,674,11242,59.95280823127177,848,478,53.21377885914841,53.56178803142696,73.6546842744966,76.07949934826851,57.21114536526476,57.524933462135486,38.251410117993466
person_6.mp4,front,675,11259,59.95280823127177,848,478,53.880384822802,53.843899438860426,74.12614535058047,76.51505498013854,57.66752718224734,56.88057713729759,37.87550675714499
person_6.mp4,front,676,11276,59.95280823127177,848,478,54.457875806871705,55.09858201572232,72.6145334219587,74.98350991742473,57.59793452566908,57.55783109048279,39.93680029176411
person_6.mp4,front,677,11292,59.95280823127177,848,478,56.244882451418256,57.80798321323765,74.29814119066307,76.51419471998727,58.4132908217703,59.24546643202174,39.34110319583575
person_6.mp4,front,678,11309,59.95280823127177,848,478,59.4625661833534,60.43043611040637,77.75718732576989,80.00564447275352,60.05177793448598,60.87187856875155,37.12959799192606
person_6.mp4,front,679,11326,59.95280823127177,848,478,62.364944716839176,62.04243440242441,80.67303815941887,81.574122727407,60.9872444499495,61.882601249295995,36.37317671279089
person_6.mp4,front,680,11342,59.95280823127177,848,478,67.11928138024491,66.6124141630028,93.73331571834751,93.03357004996342,63.89813648883449,65.04210529123259,26.774223380140523
person_6.mp4,front,681,11359,59.95280823127177,848,478,67.13571845591446,66.41576981676775,92.88427614315582,92.13443847019248,63.313885900045115,64.50813051884809,28.0641132265149
person_6.mp4,front,682,11376,59.95280823127177,848,478,70.9022152397085,69.48442839823156,99.4381779354725,98.54773026888536,64.65632231198168,65.6150149430973,23.667261210018378
person_6.mp4,front,683,11392,59.95280823127177,848,478,73.14780509121417,72.01367939685353,101.00960519880421,100.99284103510948,65.33019465172019,66.1641263457178,23.75450574399884
person_6.mp4,front,684,11409,59.95280823127177,848,478,71.8706888339454,71.43139719775557,99.51802602129862,99.69742006643632,65.04669638150915,65.96619827208802,24.462565738819787
person_6.mp4,front,685,11426,59.95280823127177,848,478,73.46608257306677,73.3634883886054,101.72246921784263,102.17760907446544,66.49457126026793,67.00418976249685,22.52877792357162
person_6.mp4,front,686,11442,59.95280823127177,848,478,76.88245391109498,76.80264923266918,103.2660537810358,103.71194003259315,67.48376518571168,67.83624761919955,23.408770180345428
person_6.mp4,front,687,11459,59.95280823127177,848,478,78.58755851942516,79.32902111192122,103.77195140067033,104.84121920719933,67.54842178080119,68.5481804541119,24.254138454736243
person_6.mp4,front,688,11476,59.95280823127177,848,478,82.89486604662366,80.65661499267624,109.53334329148035,108.12992420438692,68.27046479493212,69.06530608024032,21.937416930584437
person_6.mp4,front,689,11492,59.95280823127177,848,478,89.6297664560792,87.30839544185211,115.43130285106653,114.33348412299519,69.30258407012477,70.2703039177985,22.0037120386594
person_6.mp4,front,690,11509,59.95280823127177,848,478,90.12718143496946,89.37803035518507,115.59422545840025,115.13504598328984,69.13699703301022,70.5716030977609,22.88870250071103
person_6.mp4,front,691,11526,59.95280823127177,848,478,108.0995121067855,100.62214301317744,135.12895076205052,128.61386413435076,73.58087211442448,73.95002295582154,17.900690456939547
person_6.mp4,front,692,11542,59.95280823127177,848,478,117.79083794739923,104.29600009296608,145.82377923228958,133.65768179559922,75.76546784484992,75.79083772618611,14.077015142884429
person_6.mp4,front,693,11559,59.95280823127177,848,478,119.75396233667533,110.34533560378827,150.18253841401085,141.54126225935565,75.9241824712328,76.43111897220844,11.788409702158708
person_6.mp4,front,694,11576,59.95280823127177,848,478,119.40066125381951,113.03038686863533,150.71112909486328,145.5978178990471,76.58507475144285,76.55385381730063,9.772552216047599
person_6.mp4,front,695,11592,59.95280823127177,848,478,123.98399796594293,114.1392195972147,154.72677239974624,147.3295184662398,77.91338896201925,77.37598986572569,8.626692072905517
person_6.mp4,front,696,11609,59.95280823127177,848,478,127.6523320829389,120.70496250091777,154.69847497898556,149.70178386445465,77.8664737982387,78.08856478660923,12.07787872271134
person_6.mp4,front,697,11626,59.95280823127177,848,478,127.34844398296518,120.38083020324024,153.75516391640556,148.27268322042957,76.76591482686176,77.11021334173503,14.03875352914897
person_6.mp4,front,698,11642,59.95280823127177,848,478,128.75527084094168,122.14657263238337,155.52345714657451,150.02043033184478,78.07235715505388,78.35908900049711,12.733394385454439
person_6.mp4,front,699,11659,59.95280823127177,848,478,131.31658405519659,127.19657256192323,157.24617869921883,153.1314981605701,78.33227106232793,79.42023469637691,13.466856269728451
person_6.mp4,front,700,11676,59.95280823127177,848,478,135.12628664402294,132.43600139482444,160.09905186498395,157.2922967500049,77.86295206845351,80.19225570574105,13.970650851479947
person_6.mp4,front,701,11693,59.95280823127177,848,478,138.26190970218903,136.14721194118385,162.9009804286921,158.10941375393347,77.72479142664301,81.09379569119567,14.870316440325455
person_6.mp4,front,702,11709,59.95280823127177,848,478,136.7942939120678,135.9705919924862,161.45097493892732,158.3997922043568,77.7382167033356,80.75807729768029,15.167160992815429
person_6.mp4,front,703,11726,59.95280823127177,848,478,136.59201338963535,137.82555722077436,161.79918580463098,159.71389053725096,77.87310451593582,81.57773329530112,14.903165853870826
person_6.mp4,front,704,11743,59.95280823127177,848,478,139.91415384916425,142.2733965309484,163.53872067917172,162.43097923429772,79.86800436392998,83.59865719770673,14.64488534044214
person_6.mp4,front,705,11759,59.95280823127177,848,478,141.69454940674927,142.6475938433909,164.89994832391855,163.0531157286895,79.54367338579789,83.01467748903835,14.782272378822062
person_6.mp4,front,706,11776,59.95280823127177,848,478,141.21548350242966,141.47229165716035,164.27270327521296,161.9459946286884,79.5555247870987,82.86750616614528,14.906434626744083
person_6.mp4,front,707,11793,59.95280823127177,848,478,142.52170962300337,143.09405629113252,164.45263850690546,162.70916820028475,80.72570147800694,83.97025685011722,14.850779581900303
person_6.mp4,front,708,11809,59.95280823127177,848,478,141.56966719509245,142.38857239181223,164.19856868141798,162.1350255943854,80.75319908245831,84.1294390731544,14.6139968353666
person_6.mp4,front,709,11826,59.95280823127177,848,478,142.1211005121983,142.90221859606848,164.32099004147324,162.5942688541217,80.76124047574187,83.61450618886123,15.09256083312913
person_6.mp4,front,710,11843,59.95280823127177,848,478,141.98742894919965,142.04553550691946,164.736289131714,161.82017340512104,81.34830083933208,84.27782676348306,14.450753733932478
person_6.mp4,front,711,11859,59.95280823127177,848,478,141.94912743627975,142.76247507377073,164.8986804237053,162.1673804316716,82.1150202134435,85.22280819687089,13.820645009213063
person_6.mp4,front,712,11876,59.95280823127177,848,478,141.66294926365265,142.44300905290405,164.2113300341961,161.85685883646315,81.93998993190505,84.815348734388,14.304799752879767
person_6.mp4,front,713,11893,59.95280823127177,848,478,141.86652274313917,141.7889956611359,166.94629748292581,163.33393165202756,82.2312467095763,84.75149074518554,12.006239595507951
person_6.mp4,front,714,11909,59.95280823127177,848,478,141.63409582022038,141.8489162672146,166.9429436893061,163.61247637034413,81.65446307491258,84.16198551376324,12.74043731681327
person_6.mp4,front,715,11926,59.95280823127177,848,478,141.54330865527,141.88968063863632,167.08663210250947,164.43853787352643,81.83917551332097,84.15290776496016,12.520156986874971
person_6.mp4,front,716,11943,59.95280823127177,848,478,142.0937695777108,141.7425103301725,167.1450377631689,164.76228761708538,81.41739898470735,83.45579597893177,12.973836408777183
person_6.mp4,front,717,11959,59.95280823127177,848,478,142.61364199141528,142.34907717364777,167.4184595689347,165.0141808026636,82.36663731509239,84.230479335717,12.664842654399274
person_6.mp4,front,718,11976,59.95280823127177,848,478,141.211723248177,142.0525523267919,167.30895298958373,165.7439642434064,81.7046389581391,83.90112210401382,12.26871354962912
person_6.mp4,front,719,11993,59.95280823127177,848,478,141.66564818550643,142.24292237608913,167.78705820143293,166.21416566285743,81.56503289543095,83.70647376867228,12.414442982494826
person_6.mp4,front,720,12009,59.95280823127177,848,478,143.81047392134,143.34406943528558,169.07584684350323,166.17506751181506,82.06260108843873,83.84996234343808,13.269377106587728
person_6.mp4,front,721,12026,59.95280823127177,848,478,143.90198627233715,142.63328075341695,167.01300368390196,165.26100707493615,80.81367837972553,81.22667601949725,16.252926669137267
person_6.mp4,front,722,12043,59.95280823127177,848,478,143.7355168629336,142.86524818890945,167.78979280785174,164.54266179924196,80.20113598695751,81.98915158960361,16.626219289773776
person_6.mp4,front,723,12059,59.95280823127177,848,478,144.6051777702045,142.922472598673,167.92706296544154,165.1489843047749,79.37380162675407,80.80873124469063,17.997023647549867
person_6.mp4,front,724,12076,59.95280823127177,848,478,146.85579130946851,143.98468740321525,169.37360064457656,164.89924050778643,80.38746712841736,82.08482126027273,17.813862978009862
person_6.mp4,front,725,12093,59.95280823127177,848,478,146.5829626642349,143.95501221087522,169.07777096416578,164.55304347595137,80.48083224927147,82.45461758934586,17.78973083889821
person_6.mp4,front,726,12110,59.95280823127177,848,478,147.52602499334822,143.8835928559804,169.38132320498565,163.97192542201273,79.9713435372964,82.34323079941075,18.618129399691444
person_6.mp4,front,727,12126,59.95280823127177,848,478,148.62106644955267,144.18466767458926,170.49910715540432,164.17897007168128,79.66461825373004,82.36608242819554,18.671359794723017
person_6.mp4,front,728,12143,59.95280823127177,848,478,147.69872549178086,144.0963138943613,169.88170157344047,164.6893706920877,79.60623851316375,82.03893944160139,18.577043635118393
person_6.mp4,front,729,12160,59.95280823127177,848,478,148.97221651025941,144.37565310605677,170.4084232804028,164.6875149853192,80.14259345671015,82.13308622503983,18.724747656663574
person_6.mp4,front,730,12176,59.95280823127177,848,478,148.38955554036414,144.84305446757895,169.82189320385265,165.61937777440482,80.40407160864778,82.10687864029052,18.543185689065655
person_6.mp4,front,731,12193,59.95280823127177,848,478,147.34964722154646,144.42612703669724,169.44685777580682,165.1436300627249,79.67674536128638,81.92937826427875,18.672004080262493
person_6.mp4,front,732,12210,59.95280823127177,848,478,145.26049266442666,143.73544062549644,169.08209551301775,164.8830055359186,78.4513386321671,81.55204895335261,18.44821061438377
person_6.mp4,front,733,12226,59.95280823127177,848,478,143.72605929348296,142.81961371835968,169.50596946210965,163.7510406031063,76.21011239533539,80.8866466603724,19.220619908181906
person_6.mp4,front,734,12243,59.95280823127177,848,478,145.41645228611952,143.31118516869552,169.1861281787318,164.03313303855666,77.19559471370198,81.34073022969037,19.40874304590068
person_6.mp4,front,735,12260,59.95280823127177,848,478,145.05325384037775,141.83241604125175,168.5065537321646,164.14496998890712,77.03240137649439,79.92277841583598,19.60989638265196
person_6.mp4,front,736,12276,59.95280823127177,848,478,145.97868080589907,142.57530663183775,169.19743801114896,164.3573638905409,77.6574426196816,80.42011356203936,19.444635764548448
person_6.mp4,front,737,12293,59.95280823127177,848,478,145.33887261938312,141.56468516004136,168.4234949171076,164.88029981568792,77.18257936915603,79.266182051731,19.653082868098473
person_6.mp4,front,738,12310,59.95280823127177,848,478,144.68779467305745,141.78611960352714,168.39616821721265,165.07777609830305,76.39745827108489,79.13589873433438,19.716733735696376
person_6.mp4,front,739,12326,59.95280823127177,848,478,146.73620476558796,141.5672512570401,169.45827233757998,164.82285101841148,77.34739114202434,78.73805054924223,19.68462457223118
person_6.mp4,front,740,12343,59.95280823127177,848,478,146.6096632276348,142.6801961083892,169.24983688711418,165.25777374063924,77.47155162697895,79.52922630941767,19.6269968006055
person_6.mp4,front,741,12360,59.95280823127177,848,478,146.06461542595122,142.5416880680554,169.02954776093415,165.16196701667852,77.1395160157327,79.57638108727816,19.597254019045725
person_6.mp4,front,742,12376,59.95280823127177,848,478,146.55351464010894,143.18940884984113,169.34689608728104,165.34970343903964,77.2255856866245,79.92128844890306,19.518226116927675
person_6.mp4,front,743,12393,59.95280823127177,848,478,147.88930731359716,143.1110593505163,169.82339838990234,165.1369230362471,77.90893409144168,79.91756849225405,19.601992689484796
person_6.mp4,front,744,12410,59.95280823127177,848,478,148.23902579916466,143.49896421943507,169.76413059243401,165.30810209316937,78.24995864118965,80.03575098473739,19.721389191203965
person_6.mp4,front,745,12426,59.95280823127177,848,478,149.50638459465688,143.43201864529797,170.36796948664065,165.19413333856363,78.54424586734277,79.99037103378905,19.818187552090937
person_6.mp4,front,746,12443,59.95280823127177,848,478,149.13965817586745,143.23009754074624,170.17404892586302,165.09927078677308,78.60462339542984,79.77537863246344,19.780567751053972
person_6.mp4,front,747,12460,59.95280823127177,848,478,149.31686995621885,143.96614134990892,170.16631866835633,165.44480989635312,78.35876617629893,80.08123026246093,19.808127556818608
person_6.mp4,front,748,12476,59.95280823127177,848,478,149.23389266315516,143.49429101520332,170.025784605775,165.28076888001638,78.46855147854977,79.62850629786122,19.886928366420566
person_6.mp4,front,749,12493,59.95280823127177,848,478,149.15193995503188,143.1860110012838,169.8958008256443,165.09621967618907,78.50766127711329,79.3508806504894,19.988955102826644
person_6.mp4,front,750,12510,59.95280823127177,848,478,149.03438297891736,143.43230454570033,169.79411187504581,165.09762709192512,78.52908492542834,79.48621317606572,20.060236933634474
person_6.mp4,front,751,12527,59.95280823127177,848,478,149.06805077798856,143.44957782208823,169.7252837175669,165.05467575153426,78.39088917731777,79.54443477346979,20.013498624616425
person_6.mp4,front,752,12543,59.95280823127177,848,478,148.5000100554519,143.44014094533924,169.28228342205756,165.01264992936478,78.26058405312556,79.68243573935693,19.98133779475984
person_6.mp4,front,753,12560,59.95280823127177,848,478,146.65338729421808,142.89231281489683,168.3155765774457,164.92405337231799,77.49547385813479,79.1925842771482,19.99982914022796
person_6.mp4,front,754,12577,59.95280823127177,848,478,146.56650550877458,142.8263663663908,168.35440570922486,164.56127234684791,77.19539217751624,79.3839488229323,20.17150351614133
person_6.mp4,front,755,12593,59.95280823127177,848,478,147.19312371189875,143.38484717869395,168.73980678721145,164.39097849684575,77.39084456310557,79.45477830798363,20.160009964303786
person_6.mp4,front,756,12610,59.95280823127177,848,478,147.79566209102452,143.40404360318536,168.63071496693786,164.5987578372454,78.51801759500825,79.48124271380954,19.7979613650357
person_6.mp4,front,757,12627,59.95280823127177,848,478,147.9581179302124,143.11252401586685,168.91776277054507,163.07006187377647,77.66261782856486,79.33694633259188,20.821052824496718
person_6.mp4,front,758,12643,59.95280823127177,848,478,147.75752286096505,142.90085265131273,169.1324953387476,162.75856576617355,77.34122925072263,79.4259432540386,20.778049341700303
person_6.mp4,front,759,12660,59.95280823127177,848,478,148.6814251860735,143.6063916395787,169.96522321622834,162.23130908705767,77.80719097209861,80.71719538732891,20.727690335791745
person_6.mp4,front,760,12677,59.95280823127177,848,478,148.30124830283555,143.02540494814127,169.8581189358765,161.16970115113733,77.30493705137562,80.55423710113054,21.252775438398302
person_6.mp4,front,761,12693,59.95280823127177,848,478,148.4472483466636,142.72558320911384,169.78672926069484,161.38042616216163,77.38835344021163,80.12746845013632,21.203557610068607
person_6.mp4,front,762,12710,59.95280823127177,848,478,148.0527439533996,142.8387442980908,168.83336220855918,161.36060876283614,78.03388514475785,80.38307256323452,21.184841392511224
person_6.mp4,front,763,12727,59.95280823127177,848,478,148.9764174975839,142.8779804767427,168.44643992121038,161.59142395710342,79.15924900042202,80.42856067603202,21.108518627128074
person_6.mp4,front,764,12743,59.95280823127177,848,478,151.30314128397458,144.79003684874095,168.34550648586367,163.10392774764867,82.52417146205102,82.37163775234934,20.04120733892113
person_6.mp4,front,765,12760,59.95280823127177,848,478,149.59274051136703,143.9839379261102,167.60948223872967,163.3503079435068,81.23436772870785,81.43119851503275,20.082670219950312
person_6.mp4,front,766,12777,59.95280823127177,848,478,148.85350784874504,143.92586459935615,167.4537837707406,162.88664256007203,80.5706152093499,81.26507831622595,20.349995088445368
person_6.mp4,front,767,12793,59.95280823127177,848,478,149.46758323133415,145.28828257577575,167.92484667713418,162.86767230937593,80.8676671082609,82.30434204450424,20.205564781523407
person_6.mp4,front,768,12810,59.95280823127177,848,478,149.48888485882597,145.15334305823356,167.22233363145887,162.89709945727407,81.3148503634845,82.20499331526776,20.15091162829574
person_6.mp4,front,769,12827,59.95280823127177,848,478,150.74377883141585,145.5119170404142,167.52396764860435,163.01565819839485,82.3214081287552,82.36141993154864,20.011228412528997
person_6.mp4,front,770,12843,59.95280823127177,848,478,150.34104464364694,146.13710462900653,167.1384029271635,162.41137205878164,82.197314316209,83.31989473242744,20.00802212712187
person_6.mp4,front,771,12860,59.95280823127177,848,478,149.83041072784138,145.74664304906676,167.45812784315964,162.0330974974253,81.76903037765825,83.25266091995393,19.89219052585201
person_6.mp4,front,772,12877,59.95280823127177,848,478,148.84580240936504,145.3099380171163,166.7395906603955,161.60241613298922,81.31291372225908,83.27812438540239,19.95920031881736
person_6.mp4,front,773,12893,59.95280823127177,848,478,149.77860979689015,145.9653976074976,165.97411202358686,162.05342426435885,82.82643757442015,83.75465715765453,19.600584267725335
person_6.mp4,front,774,12910,59.95280823127177,848,478,146.88049436760033,146.83514370061252,164.4076637367603,162.82971884305135,82.68850796285787,84.98009091399626,18.63103536589794
person_6.mp4,front,775,12927,59.95280823127177,848,478,146.3185850548613,146.80198486048698,164.44350674228195,163.37710079835483,82.57237438099222,84.852908316456,17.833435603585738
person_6.mp4,front,776,12944,59.95280823127177,848,478,146.94874363075067,147.15801131479336,165.14103314426066,162.87192165835086,82.52823256679063,85.10671844353904,17.84419934264565
person_6.mp4,front,777,12960,59.95280823127177,848,478,145.84645610498472,148.15335336831535,165.52938604291026,163.16320652807286,82.4166998625724,87.00756228860777,16.88705674053409
person_6.mp4,front,778,12977,59.95280823127177,848,478,145.4696789293036,147.49326095195957,165.64047239017222,162.12637560463565,81.87832335307631,87.22405862447947,16.759798352030572
person_6.mp4,front,779,12994,59.95280823127177,848,478,144.2272219514962,146.3784467449973,164.54558052862697,162.1944071074497,81.6109555836677,86.70362168302965,16.176434570669006
person_6.mp4,front,780,13010,59.95280823127177,848,478,143.6049838032414,144.84094976984832,164.40243538201392,160.46632467592386,81.07562402110011,86.34976266411225,16.35460294061793
person_6.mp4,front,781,13027,59.95280823127177,848,478,141.91229976315302,143.85374096469326,163.9653370181798,160.16923856386782,80.74092976083297,86.3376395605612,15.778285018861943
person_6.mp4,front,782,13044,59.95280823127177,848,478,139.71406801767122,143.0744011565513,161.36625811357894,159.77781385700376,81.6671708216047,86.43924047776997,15.433418071808234
person_6.mp4,front,783,13060,59.95280823127177,848,478,139.1839447494307,142.22141746271808,161.1477930600809,159.28068835299223,81.3036038538926,85.8672783549489,15.640495112527264
person_6.mp4,front,784,13077,59.95280823127177,848,478,136.86922859837222,138.91816337854698,160.12592150243668,158.5568651511935,81.60849982128539,85.25086944777165,14.087380538253623
person_6.mp4,front,785,13094,59.95280823127177,848,478,138.32115340224314,140.0269148807429,160.41587597278104,158.27580133949172,82.2827363770782,85.86210199156093,14.654448242947485
person_6.mp4,front,786,13110,59.95280823127177,848,478,135.23326290472997,134.82386018298266,157.87020936757716,154.39357440229708,81.03570594937075,83.90368214552899,15.135476920288971
person_6.mp4,front,787,13127,59.95280823127177,848,478,133.1330098888444,132.99624573675922,156.01885694254236,153.16538317229237,80.9838948919757,83.64424330722589,15.115282904392215
person_6.mp4,front,788,13144,59.95280823127177,848,478,134.3934512459699,133.82942483371943,156.89946590323657,154.72832125342242,82.45236317104046,84.2893071075643,13.939207570071142
person_6.mp4,front,789,13160,59.95280823127177,848,478,135.42696579940682,134.89965673010565,158.32989408814458,154.78648341801917,81.8839702746892,84.31047799675812,14.439707054646316
person_6.mp4,front,790,13177,59.95280823127177,848,478,134.43661475474158,133.8436105402779,157.18207038938593,153.79248660440442,81.47779467464595,83.69057980790618,14.904115831092122
person_6.mp4,front,791,13194,59.95280823127177,848,478,132.6562451284226,133.3630169267007,155.9369745217535,153.79698660548993,80.9597234413292,83.32899564634737,14.999272891876362
person_6.mp4,front,792,13210,59.95280823127177,848,478,131.60022702483278,130.56471885144225,154.55614644757662,151.47285865835232,80.77520664862863,82.53038936169567,15.37800434309751
person_6.mp4,front,793,13227,59.95280823127177,848,478,131.83332131152656,130.99903673501666,154.16671541723403,151.87633069649817,81.69041337142406,83.40286135165793,14.942245209363373
person_6.mp4,front,794,13244,59.95280823127177,848,478,133.19801086844117,132.03588404239756,155.24690279902356,153.34695921200534,82.85550034342681,84.06392137438952,14.086631062723894
person_6.mp4,front,795,13260,59.95280823127177,848,478,131.61093482131383,129.616981194275,154.54297848835955,151.71611811571057,81.6435536205788,82.68268508492275,14.498287570866557
person_6.mp4,front,796,13277,59.95280823127177,848,478,132.54069157130223,131.06977003055025,155.25121349355044,152.37265071104522,81.91968070826431,83.35462058011659,14.650083736830906
person_6.mp4,front,797,13294,59.95280823127177,848,478,129.0953086265374,125.55997586853628,152.11009066976595,148.88358078024663,81.15197835648883,81.10225808320094,14.781749339412757
person_6.mp4,front,798,13310,59.95280823127177,848,478,128.3225554731198,124.42528036823268,151.67235481762106,148.33820951065175,81.18861544605346,81.2420557589273,14.357676799079577
person_6.mp4,front,799,13327,59.95280823127177,848,478,126.25429790290994,122.75040324028255,150.49308556789745,147.8940466406211,80.55729750503366,80.4424094760006,13.98073265927396
person_6.mp4,front,800,13344,59.95280823127177,848,478,124.58034182774763,118.07679444963495,149.60451300907025,144.40039278709418,79.58427149018472,78.80175106886973,14.33484637244433
person_6.mp4,front,801,13361,59.95280823127177,848,478,126.34336301392607,120.7348307677952,150.05936390760922,145.33568353271764,80.19267302116542,79.76875225360665,15.014896883352824
person_6.mp4,front,802,13377,59.95280823127177,848,478,122.8641066965601,121.28263523072435,143.43869060929407,143.07781460785728,80.59019409649335,80.58764412913395,17.859398014412296
person_6.mp4,front,803,13394,59.95280823127177,848,478,123.26830201815783,117.09778237001919,142.8405145720705,138.6582989274932,80.08943683956598,79.20965107210908,19.41713476356562
person_6.mp4,front,804,13411,59.95280823127177,848,478,114.36962191113643,108.38867260913787,136.00778200079776,131.33609135348715,78.12330691878307,77.18398905892596,19.798689482907985
person_6.mp4,front,805,13427,59.95280823127177,848,478,111.03895412732506,107.084404720145,132.29367335524668,130.1207873161023,79.2027335647703,78.04285084702008,18.83892609236567
person_6.mp4,front,806,13444,59.95280823127177,848,478,102.41315511864273,98.19723145695573,126.31435614149278,123.56602149309509,76.36735731186214,75.22665398535722,19.101697451754102
person_6.mp4,front,807,13461,59.95280823127177,848,478,97.65535278487994,94.5954005048901,128.2164730559007,126.90376532859634,76.3125939844742,74.93574071425739,12.458016083596101
person_6.mp4,front,808,13477,59.95280823127177,848,478,94.83294817826615,95.05116488933633,124.92293630010039,125.98494884417984,76.5191013171416,75.8025761667908,12.985977002562088
person_6.mp4,front,809,13494,59.95280823127177,848,478,90.92387963156258,86.99876502274505,119.16478167436284,117.75242911469152,76.64175460400952,74.78002693989494,13.172354426407864
person_6.mp4,front,810,13511,59.95280823127177,848,478,89.91621147278535,84.59904259509537,115.66617030816245,113.63020608481587,74.69270768637274,72.84425900392638,17.2239325160266
person_6.mp4,front,811,13527,59.95280823127177,848,478,85.31362515702828,82.02488757093256,104.6416458262741,103.87463858499102,72.5070194842449,71.34452683743918,25.326045944720654
person_6.mp4,front,812,13544,59.95280823127177,848,478,78.27412799613629,77.32328293433005,96.16215246998118,97.10231518288084,71.58105236482777,70.77480599756353,27.06184475307383
person_6.mp4,front,813,13561,59.95280823127177,848,478,79.98373936954198,78.67452106486512,98.61521248356483,99.15663124380798,73.15613826813252,72.13710904428638,24.908708422664496
person_6.mp4,front,814,13577,59.95280823127177,848,478,83.36170624087495,81.41487286680369,111.15899558519807,112.74781332620226,77.98742139512807,75.90380814635165,10.216152621295242
person_6.mp4,front,815,13594,59.95280823127177,848,478,84.75770747641918,82.16678748007135,111.3390412648534,113.21830045452063,80.09802799948532,77.38128688552463,9.240171061451411
person_6.mp4,front,816,13611,59.95280823127177,848,478,82.29130851871425,80.7371932341631,107.87472757310755,110.42501574924,79.59691810933052,77.252974337582,9.739086327556358
person_6.mp4,front,817,13627,59.95280823127177,848,478,77.8082126949921,76.43771439451429,97.4017155532076,101.49499165682364,76.155211380095,74.31559975725719,18.46030139767022
person_6.mp4,front,818,13644,59.95280823127177,848,478,76.18842759831125,74.94166177853313,95.98289974575358,99.75997708270631,75.63733113805534,73.82825467213078,19.020368475756744
person_6.mp4,front,819,13661,59.95280823127177,848,478,72.7581011722689,71.92529085255916,92.19900767217128,95.42485939600678,73.61250425725642,72.12445484942396,21.73333555537717
person_6.mp4,front,820,13677,59.95280823127177,848,478,69.35426315595501,69.17079149446758,86.36363274006833,89.26956433020212,71.44751299266856,70.48351409090672,26.792242743482877
person_6.mp4,front,821,13694,59.95280823127177,848,478,70.57835317137332,69.91479944432646,89.06149410287071,91.34113773118011,72.66981155717902,71.36911697637493,24.835401533143298
person_6.mp4,front,822,13711,59.95280823127177,848,478,65.87176892614399,65.13985039370218,80.33283301177835,81.13958741902513,69.28295077814681,68.40529414254881,32.84348105482874
person_6.mp4,front,823,13727,59.95280823127177,848,478,66.8461376590664,66.25521148952211,81.36005684282071,82.53227591458281,70.29805404350027,69.52588977715396,31.111214529611225
person_6.mp4,front,824,13744,59.95280823127177,848,478,67.96467650388541,67.68287740231398,83.60194058456243,85.01714464430887,72.23244021098402,71.40210232615331,28.35199254099265
person_6.mp4,front,825,13761,59.95280823127177,848,478,63.3827561365669,63.803302298449616,74.82209621453255,76.1276267398375,67.74079806534515,67.41884959208808,37.37629123899108
person_6.mp4,front,826,13778,59.95280823127177,848,478,63.27894701689954,63.9182499991791,73.56463685145079,76.0078395327191,66.02922805982645,66.12174420321722,39.29815806031283
person_6.mp4,front,827,13794,59.95280823127177,848,478,59.968470589807914,61.633383047126664,73.50781144168984,75.73602701062381,64.42431956073412,64.53008884498028,38.18360036913904
person_6.mp4,front,828,13811,59.95280823127177,848,478,58.1318463014712,60.612648461286845,72.90761315386055,76.18069441463734,63.60798212445155,63.73166461272738,37.77641582635752
person_6.mp4,front,829,13828,59.95280823127177,848,478,58.60649274215988,59.49695918958536,72.5045419623124,74.2469044675118,63.900540383339624,63.556328913583684,38.24766377781772
person_6.mp4,front,830,13844,59.95280823127177,848,478,58.958129439332794,60.494583089773734,74.2659260058591,76.69178492275665,64.31293501050395,64.31006237495428,36.78882704274017
person_6.mp4,front,831,13861,59.95280823127177,848,478,59.549554766303984,60.55765062140379,74.02106916879103,76.15936676184951,64.20076183822582,64.1943294436863,37.67903219506692
person_6.mp4,front,832,13878,59.95280823127177,848,478,58.844907800977055,60.30536873253297,74.17639719530086,76.98164854675053,64.00168487980164,64.13270808813566,37.015134979977034
person_6.mp4,front,833,13894,59.95280823127177,848,478,57.86496130544344,58.93182712968319,74.01988299614784,76.39601349029081,63.44470624403332,62.6346980294612,37.58934038553727
person_6.mp4,front,834,13911,59.95280823127177,848,478,55.001139801829595,56.69651081014481,72.36980779786055,73.78030099329175,60.422184620597534,60.893327825891774,39.63863358610975
person_6.mp4,front,835,13928,59.95280823127177,848,478,52.48993611734974,54.654831757323244,69.30949757407963,71.18073038972467,58.596311839193234,59.30634327094969,40.58595688901075
person_6.mp4,front,836,13944,59.95280823127177,848,478,52.30453133943649,54.75928765232724,68.50350252707968,71.11618885273496,59.01210744996543,59.583078846278646,40.911541262598355
person_6.mp4,front,837,13961,59.95280823127177,848,478,51.19942167160131,53.689296074709006,68.77022391914097,71.83131127442401,59.62154222389835,58.66440341350779,40.14828667374746
person_6.mp4,front,838,13978,59.95280823127177,848,478,49.13167084372111,51.407020653954135,69.32064936816109,71.71923233712356,58.26510273057079,57.470382836675135,39.634879881415976
person_6.mp4,front,839,13994,59.95280823127177,848,478,47.82414008890118,49.85858698208079,68.73486569796368,70.82076401791736,57.04081799731006,56.584307701779046,39.95774184386523
person_6.mp4,front,840,14011,59.95280823127177,848,478,47.71166587548779,48.88257344257325,68.13832628009338,69.8464111567837,56.44059846760963,56.10831753848417,40.45539915042268
person_6.mp4,front,841,14028,59.95280823127177,848,478,48.960711186580816,50.46075540456724,69.03835028572607,70.86886477033684,57.0035955092842,57.743619689467586,39.76838556247123
person_6.mp4,front,842,14044,59.95280823127177,848,478,48.475209875847625,50.33520303092751,68.6113727248449,70.39158392511189,56.81001506977531,57.6028686981432,39.97130836812713
person_6.mp4,front,843,14061,59.95280823127177,848,478,47.984091220857664,49.47003035670904,68.99091911066918,70.33900294297048,56.92648117299122,57.646324078559175,39.66845371567592
person_6.mp4,front,844,14078,59.95280823127177,848,478,47.02177077794443,47.85646475919361,67.26478276170565,67.9523804013965,55.958468225062795,56.74689655437885,41.28530639750511
person_6.mp4,front,845,14094,59.95280823127177,848,478,45.99837245569654,47.83020199970559,65.00554740077142,66.62560738669458,55.12973685222087,56.09730474250302,42.77987520501154
person_6.mp4,front,846,14111,59.95280823127177,848,478,46.206115785547,47.555788320489874,65.76862156460096,67.46399449361257,55.98519372550469,56.436249240882525,42.13205464974171
person_6.mp4,front,847,14128,59.95280823127177,848,478,45.254254201948235,47.07903930697994,66.20120219595977,68.33338540441754,56.054092154379454,56.79666094075382,41.93012697213332
person_6.mp4,front,848,14144,59.95280823127177,848,478,43.61299992725792,45.50043695185083,62.68040356193583,64.27763277313896,53.792737871021124,54.56976265312876,44.807175874999665
person_6.mp4,front,849,14161,59.95280823127177,848,478,44.41453236076294,46.01919061174346,64.02002237281255,65.74303574779628,55.119942366244395,55.74960347370902,43.66497518028529
person_6.mp4,front,850,14178,59.95280823127177,848,478,44.749122757973936,46.19784388954417,64.43217889260806,66.43355603521124,54.974040998741316,55.560256852314055,43.15929501393994
person_6.mp4,front,851,14194,59.95280823127177,848,478,44.461486347915645,45.6786840256138,64.25594422527519,66.82202291417708,55.66631477778877,55.523444554555965,42.950430443283615
person_6.mp4,front,852,14211,59.95280823127177,848,478,43.978217919444795,45.16568423394974,63.913277098027535,65.90736820694833,56.17696952988605,55.33451841141353,43.064685741605516
person_6.mp4,front,853,14228,59.95280823127177,848,478,43.90087854035755,45.192717024213636,64.26302671779095,66.08008952025108,56.247840347310515,55.6385701553301,42.74763370687035
person_6.mp4,front,854,14245,59.95280823127177,848,478,44.04932115540254,45.13096214196167,62.9214720284242,64.112434172225,55.51034173130864,55.48740148346855,44.49132826209347
person_6.mp4,front,855,14261,59.95280823127177,848,478,43.46304690725552,44.80488824526155,64.69462516328143,65.25486674691497,55.86190541473623,55.56855246240209,43.00269417511767
person_6.mp4,front,856,14278,59.95280823127177,848,478,42.36827875406027,43.77261203280567,62.08547573574932,63.29265113771907,53.94543310166948,53.79873345388602,44.61217166138018
person_6.mp4,front,857,14295,59.95280823127177,848,478,42.80437896648284,43.701165569759,65.432852402751,67.19327911199237,55.53391327823809,55.24148516871375,40.82674647860401
person_6.mp4,front,858,14311,59.95280823127177,848,478,41.324176504371714,43.004379085209905,60.222589014467026,62.36654292491322,53.439208727994895,54.141672786625925,45.45193380407053
person_6.mp4,front,859,14328,59.95280823127177,848,478,41.73175668391185,43.125861192246376,60.95333206670387,62.71810453495716,53.95027814283456,54.50807535837652,44.870207093364854
person_6.mp4,front,860,14345,59.95280823127177,848,478,42.06770175085474,43.355901135195694,61.3590506418763,63.182443587727285,54.58599587016807,54.707314342013795,44.487337625447196
person_6.mp4,front,861,14361,59.95280823127177,848,478,41.97039722217375,43.194208703428316,61.56415444809695,63.61769116146136,54.60639697764615,54.51958832180061,44.142809687320124
person_6.mp4,front,862,14378,59.95280823127177,848,478,42.36914029408451,43.62204854959596,61.37900928961557,63.553755848992054,55.075072757282356,55.17418418825657,43.92616575079335
person_6.mp4,front,863,14395,59.95280823127177,848,478,41.02281835884541,42.69997502078002,58.72765560621712,61.51367935137147,53.156453115787706,53.52538488413785,45.57616222651544
person_6.mp4,front,864,14411,59.95280823127177,848,478,41.129016670454156,42.31553306091064,59.3717102743905,61.78945318840507,53.49676189489087,53.61413104248256,45.02531600062419
person_6.mp4,front,865,14428,59.95280823127177,848,478,41.17555376500423,42.35938914200011,59.7140358288105,61.901910485528056,54.589070429772505,54.2969987327029,44.97027667559086
person_6.mp4,front,866,14445,59.95280823127177,848,478,41.516626968460315,42.74520408475237,60.15544284834016,62.431876716751404,54.79005052524856,54.79042413384353,44.43413295170492
person_6.mp4,front,867,14461,59.95280823127177,848,478,41.47639002390336,42.6904340503773,61.61239802163782,63.837080359336376,54.65422357553251,54.97334502195892,42.87275366650014
person_6.mp4,front,868,14478,59.95280823127177,848,478,41.63600685860195,42.53277894841297,63.09784317813195,65.07048978963827,55.35115194935981,55.16723997798137,41.28941944031364
person_6.mp4,front,869,14495,59.95280823127177,848,478,41.95891497475527,42.98644811547149,64.45335869834686,66.36994942376413,56.42683076474311,56.09314123526757,40.22177964894402
person_6.mp4,front,870,14511,59.95280823127177,848,478,41.734146970511695,42.89869749388945,64.71055938258512,66.47348213766425,56.58762942582054,56.32375942643786,40.19267340043609
person_6.mp4,front,871,14528,59.95280823127177,848,478,41.7780791093764,42.61213841750339,65.49176574687861,66.6358055507237,56.187295566597506,56.234083544343235,39.91430465174678
person_6.mp4,front,872,14545,59.95280823127177,848,478,41.547998102040395,42.17715174266072,67.08647463496446,68.19944804935238,55.98605216501298,56.070154466045416,38.51139429317377
person_6.mp4,front,873,14561,59.95280823127177,848,478,41.62093764788715,41.96329946463598,68.6693371324585,69.3372318681465,55.94643969955775,56.09539833796454,37.343581375411965
person_6.mp4,front,874,14578,59.95280823127177,848,478,41.35414094953138,41.701170571202844,68.87581148711399,69.24970475776882,55.743915189508115,55.99585175090557,37.27290990662683
person_6.mp4,front,875,14595,59.95280823127177,848,478,41.99140497260319,41.828082529288906,71.48080052583497,71.33389649509603,56.424410805916125,56.26599629939288,35.563690458132335
person_6.mp4,front,876,14611,59.95280823127177,848,478,42.84884481342162,42.36075160396169,76.57686970830895,75.80879880437843,57.62550493555255,57.252189393624775,31.15763531128599
person_6.mp4,front,877,14628,59.95280823127177,848,478,42.206965056356424,42.31449823230217,72.74115109944205,72.67432702658222,55.877045590950544,55.69576787019462,34.30439074727679
person_6.mp4,front,878,14645,59.95280823127177,848,478,42.28085549072533,42.28882237003808,74.21968505676654,74.43352183834723,56.267267905001745,56.47888516493753,32.677851096889626
person_6.mp4,front,879,14662,59.95280823127177,848,478,42.12426462000634,42.21870822686035,72.87526773692106,73.17853646085388,55.62099195450695,56.026519231722844,33.883920753165576
person_6.mp4,front,880,14678,59.95280823127177,848,478,42.27803560921108,42.537279155503505,76.93942879746372,77.39275795998937,56.20171909920592,56.72975356387224,29.711316571375324
person_6.mp4,front,881,14695,59.95280823127177,848,478,41.75583196865367,42.0099219261473,74.32826344241995,74.92069294727995,55.7053481210682,56.32192192079027,32.22181279184013
person_6.mp4,front,882,14712,59.95280823127177,848,478,41.495921915092325,41.8703277437213,72.74296501747753,73.34261543656491,55.420219249574835,55.929341305446066,33.609195837096706
person_6.mp4,front,883,14728,59.95280823127177,848,478,41.362013275873316,41.568381439737784,73.60784795326892,74.328561607279,55.55659743253578,56.25569019198589,32.56034646143656
person_6.mp4,front,884,14745,59.95280823127177,848,478,40.83078435485094,41.59955426552564,72.23055227645253,73.14827145604478,54.94947225696489,55.80706775430394,33.60653829498477
person_6.mp4,front,885,14762,59.95280823127177,848,478,40.870218687372095,41.44536556389092,73.58083945608382,74.58381612117365,54.73414072999735,55.413455059746475,32.09128214714216
person_6.mp4,front,886,14778,59.95280823127177,848,478,41.10344616404333,41.960340400727716,72.68454603145514,73.41004927532951,54.855041976965,55.75749266795214,33.017512948880984
person_6.mp4,front,887,14795,59.95280823127177,848,478,41.536520668350875,42.211226146489544,73.5721620561171,74.07809907423771,55.457355377492924,56.232433765878135,32.202573215860966
person_6.mp4,front,888,14812,59.95280823127177,848,478,41.3398265385612,42.08514421672866,69.79886248373803,70.50410972427431,54.64860668035838,55.53522033820324,35.70520302948886
person_6.mp4,front,889,14828,59.95280823127177,848,478,40.999707319102214,41.79554426140112,66.92405419413878,67.03645975291552,54.1835182049792,55.25152310106092,38.913423116076665
person_6.mp4,front,890,14845,59.95280823127177,848,478,40.80835992278099,41.71838806053738,63.713842027086656,63.804672190474136,53.10828631433614,54.40629716493248,41.211808649717824
person_6.mp4,front,891,14862,59.95280823127177,848,478,40.5982597332513,40.80125839176886,66.30979203255556,65.72131702470134,54.75865895961912,55.140742201957046,39.43382436398357
person_6.mp4,front,892,14878,59.95280823127177,848,478,42.00749712960695,42.4669466889205,66.2382388314681,65.8204904303488,54.70239942467095,55.652733435662995,39.06678352773441
person_6.mp4,front,893,14895,59.95280823127177,848,478,41.28399117341761,41.95749757155142,66.7317414006924,65.85693271258525,55.25168697678688,56.16153878719225,38.918750316730545
person_6.mp4,front,894,14912,59.95280823127177,848,478,40.44505718682443,41.350329798438985,65.22393095530663,64.89082310492459,53.81334258969401,55.203522736431545,39.85670573955208
person_6.mp4,front,895,14928,59.95280823127177,848,478,40.75708756129533,40.72313374188357,70.05901422378938,69.2188888479809,55.769504067467686,56.782208730977,35.6004825282793
person_6.mp4,front,896,14945,59.95280823127177,848,478,40.471538201924034,40.53652662904538,69.4854989584849,68.60925854856343,54.93241394202327,55.96144469854673,36.2362456002073
person_6.mp4,front,897,14962,59.95280823127177,848,478,40.54055403871615,40.59753974225619,70.70163356669073,69.54573100122293,55.04812398106936,56.23654294953483,35.13023767074639
person_6.mp4,front,898,14978,59.95280823127177,848,478,40.56828220811249,40.65525889259708,68.5573752230635,67.57295326707047,54.784062558613066,55.63539939114391,37.23686747420303
person_6.mp4,front,899,14995,59.95280823127177,848,478,41.374743715948135,41.480364465420756,72.65127473923346,71.6509789701323,55.68174873195881,56.56658051468817,33.46795527686333
person_6.mp4,front,900,15012,59.95280823127177,848,478,41.18898075434367,40.84136688392191,75.32593871169237,73.18165765735229,56.512305745589785,57.19533243251389,31.837757650650534
person_6.mp4,front,901,15028,59.95280823127177,848,478,40.78620170795087,40.76563168821501,74.09276401503118,72.61047771265513,55.60094352959862,56.36912735463933,32.869810603327835
person_6.mp4,front,902,15045,59.95280823127177,848,478,41.181136154971256,40.851653173550915,76.3484870892978,74.0989742342951,56.107221446558036,56.57229351195174,31.106208862879555
person_6.mp4,front,903,15062,59.95280823127177,848,478,40.97129541021194,41.00667510949912,75.03628252408866,73.3611759276873,55.61034055291949,56.33994967656699,32.16181795532034
person_6.mp4,front,904,15079,59.95280823127177,848,478,40.88499871009652,40.85549255690943,74.57859865708762,73.10572652293105,55.48378021589433,56.325699220430266,32.56784171473313
person_6.mp4,front,905,15095,59.95280823127177,848,478,41.07796009083081,41.057142619994636,74.66717988862703,73.07835446721955,55.36767220351242,56.08645355688748,32.60510745926479
person_6.mp4,front,906,15112,59.95280823127177,848,478,40.603958910073594,41.19175700851904,73.11492764532628,71.52157489272426,54.44119274979632,55.560805654763996,33.92740155082485
person_6.mp4,front,907,15129,59.95280823127177,848,478,40.9398514168334,41.629817074226516,71.1911060451568,69.69586533869459,54.41652033364198,54.956021871343964,36.16214567243565
person_6.mp4,front,908,15145,59.95280823127177,848,478,42.21770746210202,43.33771803322955,78.35682587869148,76.903169984153,55.627361603302965,56.72649856786917,29.64849473164011
person_6.mp4,front,909,15162,59.95280823127177,848,478,43.13881962873867,44.47010789013878,83.64549905928142,82.66590307100849,56.74965813507374,57.77730047558369,25.006931594067495
person_6.mp4,front,910,15179,59.95280823127177,848,478,43.61106758704224,45.094573424741725,82.83447653615762,82.72147097301809,56.52126322514019,57.42415850421152,25.834744487795533
person_6.mp4,front,911,15195,59.95280823127177,848,478,43.80708403399946,45.12633910468985,80.93299006833304,81.51158750935991,56.235607084093175,56.67902245715894,27.403793342413127
person_6.mp4,front,912,15212,59.95280823127177,848,478,43.777485629735764,45.28595862253555,80.00586796390952,81.38090683556254,56.43846460791116,56.61772669781149,28.112634626370653
person_6.mp4,front,913,15229,59.95280823127177,848,478,43.974383426905725,45.10759032703561,80.1496253683898,81.62370786553689,56.84111950057531,56.58886601728887,28.146732599498023
person_6.mp4,front,914,15245,59.95280823127177,848,478,44.184404624859,45.76502366128752,80.37217543005515,81.90904153654078,56.5529731319973,56.311755348355454,28.58126087579548
person_6.mp4,front,915,15262,59.95280823127177,848,478,45.28146651091683,46.523054023405734,80.68102393689787,82.58114346604764,56.95717404219686,56.62788374208329,29.005772998945837
person_6.mp4,front,916,15279,59.95280823127177,848,478,46.00815754950929,46.98601003666844,79.8366972030847,82.29324265503625,56.29377083763913,55.72093913192623,30.469103352928727
person_6.mp4,front,917,15295,59.95280823127177,848,478,46.098356075229894,47.33775012656415,78.03655760637842,81.03318825386886,55.952568635740626,55.2877656178363,32.10598079727858
person_6.mp4,front,918,15312,59.95280823127177,848,478,44.84528078159751,47.77746932625895,71.47547407224096,75.04796829014984,52.18403157015398,54.63252912662271,38.30086468005435
person_6.mp4,front,919,15329,59.95280823127177,848,478,45.807976661640105,48.13217985023473,70.60901910296452,74.08048024028265,53.78725488003282,53.57100230923216,39.54326855147908
person_6.mp4,front,920,15345,59.95280823127177,848,478,46.78229628881322,48.614931861687836,73.69609528005219,76.34246184002039,54.11178019910845,53.817331437004924,37.438170728812324
person_6.mp4,front,921,15362,59.95280823127177,848,478,47.799403500066624,49.2710798857616,71.7497772752935,74.9234875531013,52.77592280080486,52.77526292698073,39.30937321844113
person_6.mp4,front,922,15379,59.95280823127177,848,478,49.91444820492657,50.33593066135355,76.82854201353774,77.71113375750208,53.40554857130763,53.608462172753484,37.12405117382489
person_6.mp4,front,923,15395,59.95280823127177,848,478,52.71528995862324,52.61962942317296,79.95251968294046,80.26800787808122,55.01247666948748,55.32630107954484,35.80878556254745
person_6.mp4,front,924,15412,59.95280823127177,848,478,53.36277880092157,52.706638087587145,81.76673609071196,82.03173245833287,55.43036601765955,56.38622912242018,34.078075769697186
person_6.mp4,front,925,15429,59.95280823127177,848,478,54.01074573237432,54.46775795024496,87.28557348533454,87.06047343226383,55.78214069945119,56.72310108850557,29.94129084493047
person_6.mp4,front,926,15445,59.95280823127177,848,478,55.062293236519025,54.479888192836086,86.93978882667874,86.45553099995948,56.12131575871794,56.67260241025824,30.461424986047785
person_6.mp4,front,927,15462,59.95280823127177,848,478,57.95256261687055,57.49707271191943,89.43183565942218,88.28322146464636,56.379020153257386,57.64134885460177,30.556602165099203
person_6.mp4,front,928,15479,59.95280823127177,848,478,57.298493739747855,58.126038276409886,88.29193150216699,87.64474220977091,52.75623527936301,59.53357723839561,31.053397655057537
person_6.mp4,front,929,15496,59.95280823127177,848,478,60.05598849696571,60.019956972664346,88.6353016365867,87.52909243507767,55.63566154148974,60.20584451038795,31.91360987813639
person_6.mp4,front,930,15512,59.95280823127177,848,478,61.46589992587014,61.05512801667047,89.09127114104226,87.72871769006883,56.72544098394104,59.9832927617374,32.33121967582562
person_6.mp4,front,931,15529,59.95280823127177,848,478,63.82973583208353,62.66036187724339,91.59110598751025,89.45984395949111,57.325965975337304,60.21802521425192,31.876741091574736
person_6.mp4,front,932,15546,59.95280823127177,848,478,66.74554678565853,63.28371543865691,97.02841766322737,92.24695544570524,57.78086357455078,60.72990188752995,29.45289539156609
person_6.mp4,front,933,15562,59.95280823127177,848,478,71.4065055185053,68.0784716549575,103.3268304870577,98.65438723393355,59.51003129708688,62.39905819280847,26.88021708121087
person_6.mp4,front,934,15579,59.95280823127177,848,478,74.01131213345079,71.14580713245394,105.91119717644824,101.84559280091362,60.06203996080538,62.77077794296468,26.227644805358672
person_6.mp4,front,935,15596,59.95280823127177,848,478,81.73657689083736,78.54400518313794,111.56499853254952,107.21190483587809,63.260614496422534,66.00293624857775,25.424112855438445
person_6.mp4,front,936,15612,59.95280823127177,848,478,84.628877485145,82.06609505277763,112.10097777325642,108.50181735065233,65.03690186917696,67.83216661544584,25.760630955452974
person_6.mp4,front,937,15629,59.95280823127177,848,478,92.53572467113135,88.49214661995356,118.29492381684274,112.0632932267752,67.07120950188036,70.36302649047678,25.90607496443671
person_6.mp4,front,938,15646,59.95280823127177,848,478,105.87631087618627,101.47107997799672,127.82314901715095,120.14878321332769,70.61881825397151,74.99800588774153,26.18521502490961
person_6.mp4,front,939,15662,59.95280823127177,848,478,112.64726875350303,103.14969799774391,135.26536362078042,122.0444831311996,70.06765162117179,75.0777389823018,25.85748054400754
person_6.mp4,front,940,15679,59.95280823127177,848,478,121.06037564478991,114.09721267826218,140.48738847083652,129.71738078229268,73.006142337008,78.77578582961884,25.72680398169592
person_6.mp4,front,941,15696,59.95280823127177,848,478,125.432187790151,123.77754209001768,144.33819037440563,139.40918202357966,75.00136570959113,79.87487366913912,24.199418066580407
person_6.mp4,front,942,15712,59.95280823127177,848,478,128.06508779979012,125.25203877470285,147.0204760063584,142.05804100125633,77.08374670688156,80.48034162721137,21.8862517411367
person_6.mp4,front,943,15729,59.95280823127177,848,478,127.1480107513077,124.50786005212649,147.33907691933172,143.6196651409979,77.10505972471111,79.31796902230374,20.500819505970018
person_6.mp4,front,944,15746,59.95280823127177,848,478,129.43723404659764,122.93271656562217,149.9928419649711,140.78567365370444,76.35117387139408,79.7683812371368,20.893644957905156
person_6.mp4,front,945,15762,59.95280823127177,848,478,129.77990144388957,125.3647791292961,149.6412746874529,143.49410667012268,78.22714550357723,80.77585533606117,19.478728210304208
person_6.mp4,front,946,15779,59.95280823127177,848,478,130.39189661373007,128.49402171013205,150.95136773619151,147.18046756778608,77.81346944831513,80.56745574129936,19.015088981466647
person_6.mp4,front,947,15796,59.95280823127177,848,478,134.15624887271915,133.94968943945966,153.66656125107534,151.5794780040824,78.13833987748203,81.00838143186425,19.50087978378945
person_6.mp4,front,948,15812,59.95280823127177,848,478,134.9501519102963,135.67091072588795,155.10610756523138,153.76571703226526,76.80328669190868,80.1938340767378,19.868115080868005
person_6.mp4,front,949,15829,59.95280823127177,848,478,134.8761684672325,135.74964333998693,156.1587603792303,154.64439685010058,75.62976427414222,79.51074481028738,20.000075795823477
person_6.mp4,front,950,15846,59.95280823127177,848,478,138.4674267227033,137.5912713152396,159.17186499973084,155.47876111440743,77.27905934029836,80.70328324016974,19.077427051878974
person_6.mp4,front,951,15862,59.95280823127177,848,478,135.85390172179896,136.11743341587024,158.33890967511007,155.44068841634342,76.56071896327565,79.83400843821887,18.66717340727216
person_6.mp4,front,952,15879,59.95280823127177,848,478,136.81226912438729,137.73302463737784,159.0245185934862,157.07275597362582,76.4501921651618,79.66239232439214,18.741386021590664
person_6.mp4,front,953,15896,59.95280823127177,848,478,139.44574806540092,139.60612148142573,160.88374175341818,159.04834159129302,77.24088700741135,79.93342504648925,18.767155631217065
person_6.mp4,front,954,15913,59.95280823127177,848,478,141.98240486056645,139.83839952531818,163.45542186567218,158.74289241976692,77.27024904204774,80.4858865815501,18.767149593434297
person_6.mp4,front,955,15929,59.95280823127177,848,478,140.84126577286878,140.4397362771578,164.5416532912291,159.87441652965367,77.12802520288791,81.23812594405283,17.445723091659872
person_6.mp4,front,956,15946,59.95280823127177,848,478,142.26325193364178,140.57327628093742,165.09423639343268,160.1357967474306,77.53132179043115,80.99383100811359,17.510313473375703
person_6.mp4,front,957,15963,59.95280823127177,848,478,143.18641533977285,141.86522577328066,164.45342475459987,161.12755065142846,78.48897755272858,81.25533780893117,17.80099376745232
person_6.mp4,front,958,15979,59.95280823127177,848,478,143.64430862820882,141.99763429758036,164.30515986022377,161.22446422097008,79.20969311591114,81.820424229878,17.81737569775131
person_6.mp4,front,959,15996,59.95280823127177,848,478,142.5118669778043,141.1242504000177,164.38677139063603,161.27802286307545,78.94745492512324,81.55351621219752,17.425890233923635
person_6.mp4,front,960,16013,59.95280823127177,848,478,143.62511822011297,141.83997232872608,165.21328367717868,161.79076595884405,79.74839858012808,82.12465168138117,17.201659897593444
person_6.mp4,front,961,16029,59.95280823127177,848,478,149.06567178698486,143.5060606639812,168.74712167094492,163.10176472051023,80.84942234906987,82.67672122656278,17.367620933222508
person_6.mp4,front,962,16046,59.95280823127177,848,478,150.34238326406197,144.32870865374542,169.5647120235562,163.40985495660257,81.11405864548317,82.90205802819435,17.763816240784934
person_6.mp4,front,963,16063,59.95280823127177,848,478,149.76378903230147,143.79056447502262,169.35588461974774,162.42452900504063,80.6109661148808,82.83197793955831,18.118455000280967
person_6.mp4,front,964,16079,59.95280823127177,848,478,148.89722119713178,143.81334088348214,169.09454084940185,161.97021694416284,80.3528275097845,83.07317033523569,18.193992655194027
person_6.mp4,front,965,16096,59.95280823127177,848,478,151.48289963557525,144.2125950815213,170.83358240477787,161.92546634525814,80.70426651761876,83.28472144164344,18.564371000434008
person_6.mp4,front,966,16113,59.95280823127177,848,478,149.11650757284082,143.70137773657387,170.09440310818073,161.7014450230131,79.41890498347347,83.10999009443935,18.717439808725217
person_6.mp4,front,967,16129,59.95280823127177,848,478,149.08639789190363,143.62730330346744,169.53060821610566,161.61793870737594,80.56084315515575,83.47854735198646,18.60298725006345
person_6.mp4,front,968,16146,59.95280823127177,848,478,150.21633821435577,144.39847778227949,169.68289964937398,162.29122113909068,81.45725899171276,83.88585330715694,18.583544405172116
person_6.mp4,front,969,16163,59.95280823127177,848,478,150.9680557499074,144.87177310788934,170.44839596602526,162.9319820057888,81.60485927033994,84.05274836700045,18.56779668712114
person_6.mp4,front,970,16179,59.95280823127177,848,478,148.42475043946607,142.7867519237935,167.98441715846388,163.77878521939658,80.25716560050903,80.7190607572666,19.40846578809038
person_6.mp4,front,971,16196,59.95280823127177,848,478,149.57185111044913,143.8410046941377,168.39682040935472,163.44671253209472,81.10262324328679,81.7527074515861,19.346476707451362
person_6.mp4,front,972,16213,59.95280823127177,848,478,148.99706671058428,144.77951349832014,167.95438119105268,164.1021276056008,81.12239406231336,82.33291972545801,19.19442670858802
person_6.mp4,front,973,16229,59.95280823127177,848,478,148.61504618554986,144.9552613876194,167.92980439171214,164.69209157824287,81.02424265516836,82.18355801725585,19.268021357701425
person_6.mp4,front,974,16246,59.95280823127177,848,478,147.66400213121184,144.23658970755693,167.96874902824712,164.33323534697712,80.65389667735708,81.92642145455342,19.033155653911276
person_6.mp4,front,975,16263,59.95280823127177,848,478,146.73810367449155,143.41464805870532,168.36069480484306,164.46283018515686,79.45990803549134,81.09666462418149,19.058064826980765
person_6.mp4,front,976,16279,59.95280823127177,848,478,147.3098844704191,143.71604679258863,168.54334667156846,164.5975150910216,79.34392922852346,81.10192235975752,19.231942318598787
person_6.mp4,front,977,16296,59.95280823127177,848,478,147.328218540542,143.69244629719134,167.51684784409977,164.89793716895133,79.16292179407633,80.37073340201808,19.739774501974733
person_6.mp4,front,978,16313,59.95280823127177,848,478,146.04479862568755,143.03529716678358,167.13545649528774,164.15904186451885,78.0697714591956,80.14902537684802,20.06096658279992
person_6.mp4,front,979,16330,59.95280823127177,848,478,146.60337244370425,142.8633186819887,166.99818110932029,163.9076309826227,77.97024117123485,79.85911633478607,20.48485889521478
person_6.mp4,front,980,16346,59.95280823127177,848,478,146.64713663605326,142.60086187577855,166.89469636879113,163.95055452425706,77.70893458160216,79.3766163807281,20.620219388397995
person_6.mp4,front,981,16363,59.95280823127177,848,478,145.56602690862394,141.3935878070541,166.4443986145123,163.9855126989832,76.82327957568894,78.049561039417,20.876708937069385
person_6.mp4,front,982,16380,59.95280823127177,848,478,145.0822785467383,141.24308736756612,166.3594236284103,164.24599510584594,76.51707417249405,77.51692468271409,20.804816682696142
person_6.mp4,front,983,16396,59.95280823127177,848,478,145.9056731092493,141.82506127631837,166.63364452811476,164.00163340334942,76.79658627762558,78.13922707105415,20.861337066935505
person_6.mp4,front,984,16413,59.95280823127177,848,478,146.00452190304148,141.98627597077086,166.70097212866455,163.76865162545994,76.97347531462354,78.44772398969516,20.811126322033758
person_6.mp4,front,985,16430,59.95280823127177,848,478,146.05326711104559,142.34872165560478,166.98549429063914,163.89488496799356,76.79885358912246,78.79488679908631,20.59244693865101
person_6.mp4,front,986,16446,59.95280823127177,848,478,146.3483168772174,142.64085573873626,167.32234789784297,163.89224605700218,76.85398710229286,79.18180077417712,20.399025120041358
person_6.mp4,front,987,16463,59.95280823127177,848,478,147.40103505091676,143.5641253589736,167.9427246564422,163.72676904933192,77.4111436222642,80.05587639787004,20.348540792284705
person_6.mp4,front,988,16480,59.95280823127177,848,478,147.98168188052114,143.65053456213772,168.07838033818888,163.59575592635093,77.77657070222864,80.21885407821223,20.41081344468761
person_6.mp4,front,989,16496,59.95280823127177,848,478,147.89854770118006,143.2741697029077,167.74856906770057,163.72395208757467,77.3743659091496,79.79717745605484,20.510548411515238
person_6.mp4,front,990,16513,59.95280823127177,848,478,147.10284520508682,143.05270249792892,168.0787985897882,163.35570599681085,76.21817577798139,79.70558433075456,20.922451496649135
person_6.mp4,front,991,16530,59.95280823127177,848,478,147.31629282968942,142.52311942597623,167.99660148927538,163.3797731656795,76.72680686659884,79.17989950301286,20.844788438581823
person_6.mp4,front,992,16546,59.95280823127177,848,478,147.96407099571474,142.92621208171818,168.267399599133,163.3253319442285,77.18206836992552,79.47607744986065,20.799050056083214
person_6.mp4,front,993,16563,59.95280823127177,848,478,148.62431878979143,143.04886777121035,168.24329361659957,163.25833863691372,77.64753580179303,79.58593058032531,20.781743567890587
person_6.mp4,front,994,16580,59.95280823127177,848,478,149.2011238763122,143.5754518434827,168.57168656433453,163.04056385574347,78.00196825996653,80.09958871895107,20.841410044069985
person_6.mp4,front,995,16596,59.95280823127177,848,478,149.23409772949375,143.480591013643,168.4613678440607,162.6561601686068,78.17430970661151,80.09597929132653,21.064503052699337
person_6.mp4,front,996,16613,59.95280823127177,848,478,151.49340962258546,145.16510004049223,169.66110534691165,162.60800064766795,79.18763307650524,81.69384746217298,21.049548321781366
person_6.mp4,front,997,16630,59.95280823127177,848,478,152.7116835079352,146.36529041020069,170.0033905433478,162.60503348649505,79.8448150188518,82.78060404577583,21.021306722748136
person_6.mp4,front,998,16646,59.95280823127177,848,478,153.56331748329146,147.3456695038437,170.30327085151484,162.5595083226003,80.47599780567671,83.71654293133268,20.95931194231106
person_6.mp4,front,999,16663,59.95280823127177,848,478,154.24001383104766,147.76977556931763,170.80925237367742,162.46140107011072,80.98500285347797,84.15427167485316,20.7907756981915
person_6.mp4,front,1000,16680,59.95280823127177,848,478,154.63620922598975,147.69300025223055,170.96508741095667,162.40517019501848,81.5912675994353,84.23508232558916,20.553789294198324
person_6.mp4,front,1001,16696,59.95280823127177,848,478,154.84962165585057,147.19525531312993,171.10833669957648,162.2073310679964,81.57726118994168,83.93313411487179,20.65991426386344
person_6.mp4,front,1002,16713,59.95280823127177,848,478,155.05314678122429,147.42529656149935,171.24900664755302,162.0317175751779,81.73752831137807,84.3666687724007,20.5943509340481
person_6.mp4,front,1003,16730,59.95280823127177,848,478,154.63433522949677,147.4275795544261,171.3466810224122,162.9525068574078,82.64411180343805,84.45661298159023,19.25702098048479
person_6.mp4,front,1004,16747,59.95280823127177,848,478,153.69343801804052,146.90817406732424,170.61336160827966,162.6334548292649,82.09030107443556,84.12827548523649,19.387334627993805
person_6.mp4,front,1005,16763,59.95280823127177,848,478,154.4568860197598,147.6321536372725,170.05614944477992,162.3317591155972,82.81688879139416,84.7302305853756,19.314261273413106
person_6.mp4,front,1006,16780,59.95280823127177,848,478,154.67222538436542,148.10250895064664,169.7239928663861,162.30736011915027,83.36591106012773,85.3864152728847,19.138426987240194
person_6.mp4,front,1007,16797,59.95280823127177,848,478,153.03194179004845,147.60127405811724,168.689949408393,161.97419025579626,82.85959269138445,85.2485697402234,19.129281880076032
person_6.mp4,front,1008,16813,59.95280823127177,848,478,151.25260792157462,147.27766259604638,167.38567442644143,161.7022975178497,82.3239529689415,85.0661902299963,19.216426664140744
person_6.mp4,front,1009,16830,59.95280823127177,848,478,151.23340671538398,147.84285770794818,167.64050966847498,161.35197227298147,82.38419107709353,85.93549026736633,19.128896543352788
person_6.mp4,front,1010,16847,59.95280823127177,848,478,150.12868375047572,147.40762375372492,166.87049813617278,161.00478243638858,82.08986958332456,85.73268786762506,19.254667279129475
person_6.mp4,front,1011,16863,59.95280823127177,848,478,147.5075207645684,146.53091346350445,165.55544602829957,160.25357339877198,81.06890854659595,85.32293471414533,19.368204899282325
person_6.mp4,front,1012,16880,59.95280823127177,848,478,144.33656867620613,145.45011297159428,163.83748583182503,159.76858057108538,79.82600460732958,84.7136288128349,19.468003840445913
person_6.mp4,front,1013,16897,59.95280823127177,848,478,145.3516055603097,145.75768939908144,164.26922203593816,159.4362461262566,80.24269267234496,85.11959870065142,19.532452739577007
person_6.mp4,front,1014,16913,59.95280823127177,848,478,144.1095095944089,144.8747404494228,163.44643511365544,158.84262560592907,79.91897876005221,84.74716288749406,19.634558526930153
person_6.mp4,front,1015,16930,59.95280823127177,848,478,145.38858360359927,146.2126079401144,163.39511337400614,158.77708991961464,81.64016431916558,86.49009937508255,19.088571708119968
person_6.mp4,front,1016,16947,59.95280823127177,848,478,145.53539827817335,146.44796224417829,161.84055571658027,159.0345333060084,83.16427928052809,86.82479775194604,18.83950795424179
person_6.mp4,front,1017,16963,59.95280823127177,848,478,142.51950639497062,146.2058816925863,160.29615331211377,159.3518142150351,82.6740471994771,87.22323969987332,18.159447433149456
person_6.mp4,front,1018,16980,59.95280823127177,848,478,142.28107475336282,146.19486524077126,161.07258099466506,159.5803324506313,82.3982576819369,87.4898339689096,17.58519327515181
person_6.mp4,front,1019,16997,59.95280823127177,848,478,140.8906148596017,146.0293723732215,160.52452401516138,160.1085071008468,82.4174100496185,87.841076516843,16.638723299769513
person_6.mp4,front,1020,17013,59.95280823127177,848,478,140.8085132013367,145.97690261295898,159.70722151200164,160.26719573169626,83.32911286501101,88.06869044885875,16.250428381066037
person_6.mp4,front,1021,17030,59.95280823127177,848,478,140.10973921504493,145.71323144879472,159.46003445899726,159.89685120307686,82.67262009001162,88.1471880488052,16.067155516455294
person_6.mp4,front,1022,17047,59.95280823127177,848,478,138.78275012166793,143.9716834646939,159.75457324007994,159.19530546699698,81.65876974716467,87.69359826424105,15.536473638021615
person_6.mp4,front,1023,17063,59.95280823127177,848,478,137.18032931630853,141.97606274189434,158.7362864673362,158.7317919261576,81.51745958099505,86.9979344312663,14.920697646528277
person_6.mp4,front,1024,17080,59.95280823127177,848,478,135.97494185995674,141.14924180576153,157.46213254853058,158.39310200392578,81.87329187374763,86.76030564947293,14.756900345986121
person_6.mp4,front,1025,17097,59.95280823127177,848,478,134.0785854575899,139.30882008721505,156.69605314211844,157.7698228035837,81.61566951427938,86.20024718533062,14.303484126394196
person_6.mp4,front,1026,17113,59.95280823127177,848,478,132.7093433743033,137.67778414987208,156.4818051369981,157.36672399636808,81.18178479192382,85.5360011835423,13.760114630535535
person_6.mp4,front,1027,17130,59.95280823127177,848,478,133.9973426009936,137.04210307070218,156.98716519554725,156.00979082193444,81.88127276191237,86.01140814528932,14.07356680730003
person_6.mp4,front,1028,17147,59.95280823127177,848,478,133.6664586804506,136.48849073344266,155.9754512284559,155.6704961990354,82.60063518862427,86.4773946009973,13.688878380699494
person_6.mp4,front,1029,17163,59.95280823127177,848,478,133.62014058787364,136.90456893269987,156.7197910464036,156.17886488704278,82.37600285523966,86.36101657252223,13.37765394297591
person_6.mp4,front,1030,17180,59.95280823127177,848,478,134.8858649106926,137.1235168765616,157.37484069129536,155.6677602632173,82.46914749819112,86.64950663734749,14.06776129386307
person_6.mp4,front,1031,17197,59.95280823127177,848,478,134.6642432020963,135.9875463427982,155.97547331847406,154.41737950931892,82.19027763433853,85.9434585634118,14.774353554424781
person_6.mp4,front,1032,17214,59.95280823127177,848,478,135.32051805449677,135.410048334371,157.46968906572204,154.8990431880023,82.10566300411733,85.15849947064028,14.176318373993423
person_6.mp4,front,1033,17230,59.95280823127177,848,478,135.31490828540558,135.20949199628967,157.3405387421855,154.8008885017565,81.89429227485029,84.50528528171245,14.479903562550156
person_6.mp4,front,1034,17247,59.95280823127177,848,478,134.84212987627902,135.09108804720958,156.50251751196527,154.93523411403532,81.65324120399187,84.04147418905032,14.77561941515792
person_6.mp4,front,1035,17264,59.95280823127177,848,478,136.34526250096684,133.84150360834064,155.61167663005153,153.66145556000518,84.5287478888683,84.77206599315872,14.396131180029654
person_6.mp4,front,1036,17280,59.95280823127177,848,478,134.21452873108052,133.01637106485776,154.68084398895803,153.13025223718685,83.56973726438315,83.91110266349061,14.629111498035032
person_6.mp4,front,1037,17297,59.95280823127177,848,478,134.51659945086783,132.98114933545435,154.54463971223961,152.6685185953864,83.80001005163732,84.48644314324333,14.831940538445027
person_6.mp4,front,1038,17314,59.95280823127177,848,478,133.16456268756474,131.23856383351324,153.68761694772132,151.4318084070023,83.88037535130799,85.01344493645323,14.457083316497206
person_6.mp4,front,1039,17330,59.95280823127177,848,478,131.57507676180643,130.19908541755117,152.99996706406614,150.74648463186497,83.27424372366761,85.02468065705652,14.409618240842857
person_6.mp4,front,1040,17347,59.95280823127177,848,478,133.00761992278925,132.02048966982642,156.60315457211058,154.2771451655288,85.06153255022579,87.04770136575694,10.295230788841048
person_6.mp4,front,1041,17364,59.95280823127177,848,478,131.09496336863424,123.372274720169,152.72835404242548,146.7133445498598,84.02056171533937,83.92939988231474,12.779807870978399
person_6.mp4,front,1042,17380,59.95280823127177,848,478,129.18522410440798,123.35197270050281,151.01611114550835,146.2121903395871,82.79160477987604,83.36696970438109,13.8458913624889
person_6.mp4,front,1043,17397,59.95280823127177,848,478,119.88867202200602,113.27447008390904,141.75368887680196,137.60139761251517,80.79356839248751,80.77980397308976,15.819944624453543
person_6.mp4,front,1044,17414,59.95280823127177,848,478,119.89851572773753,111.34937167619039,142.77470966105946,136.9883642562588,81.3617323307307,80.98537294828839,14.375458731292163
person_6.mp4,front,1045,17430,59.95280823127177,848,478,111.14755365509981,105.40998350407244,134.96015002833323,131.7367853650522,79.91261361268086,79.43886399181568,14.682461415136583
person_6.mp4,front,1046,17447,59.95280823127177,848,478,113.95153213987889,105.98839913741848,139.80233664761604,133.74429998263147,80.70564850990363,80.1731707590221,12.0949705944668
person_6.mp4,front,1047,17464,59.95280823127177,848,478,116.33153921993937,108.38617897281618,142.76975585771166,135.5601731741602,81.9999392673816,79.27585456866407,12.385663371912395
person_6.mp4,front,1048,17480,59.95280823127177,848,478,101.6709210252947,98.0381348448434,131.52885546908698,127.43806803860784,77.39559179550979,77.40008951417788,12.949209578211102
person_6.mp4,front,1049,17497,59.95280823127177,848,478,97.20063193784189,94.85722170577495,127.41099424189831,124.25554458381357,76.4094933411515,76.84169526597495,13.111812253581624
person_6.mp4,front,1050,17514,59.95280823127177,848,478,88.83676173179465,90.27579052968686,116.30012613329066,116.70351026394951,72.90276919456979,74.37704112319697,18.652846004265943
person_6.mp4,front,1051,17530,59.95280823127177,848,478,84.83224751884751,86.13253821024021,109.25173190550449,109.26528918389374,71.88321381062674,73.43888785621179,21.22347576652039
person_6.mp4,front,1052,17547,59.95280823127177,848,478,89.9117832272582,86.40624770540283,115.33846687662127,111.39478804587219,72.87005482175556,73.45730058189473,20.224419856784824
person_6.mp4,front,1053,17564,59.95280823127177,848,478,83.1354581526731,82.29085304508324,105.71048677219399,103.6909731339145,70.05157445874863,71.58491240799204,24.691316727064326
person_6.mp4,front,1054,17580,59.95280823127177,848,478,80.7644872486278,78.81208537366221,103.24561576125622,100.16163784730844,69.70823802423676,71.09781516134437,25.133082431648997
person_6.mp4,front,1055,17597,59.95280823127177,848,478,77.90950330343796,77.6155354044819,99.12346616309596,97.6432298052439,67.9927228913947,70.1790040899256,27.76122546329204
person_6.mp4,front,1056,17614,59.95280823127177,848,478,75.53217240879084,75.49949910486065,99.95117548706844,98.20093876497359,66.2925561055433,68.44144124525491,26.964367150352786
person_6.mp4,front,1057,17631,59.95280823127177,848,478,76.69578256682549,77.3351590607688,101.68693501156011,100.62851319079658,67.34233850661431,69.41887999937167,25.82799414143055
person_6.mp4,front,1058,17647,59.95280823127177,848,478,72.91474744782512,74.7210888556821,97.99801579105004,98.18143702238552,66.09336959368684,68.33929553421869,26.876531682169343
person_6.mp4,front,1059,17664,59.95280823127177,848,478,66.7263331117298,68.55253250985783,91.31222578704241,91.39221129079169,63.243240236318684,65.20870198182685,29.91501992553415
person_6.mp4,front,1060,17681,59.95280823127177,848,478,70.76977852256454,73.13286621061145,92.25082873418717,92.57775084166319,66.75864648425937,68.97815872831049,28.89393337516103
person_6.mp4,front,1061,17697,59.95280823127177,848,478,67.60334427891078,69.20888936877091,88.71322921176932,88.76586652880505,63.94875567925897,65.87209143570816,32.69951666934164
person_6.mp4,front,1062,17714,59.95280823127177,848,478,66.0162469371348,68.1869715952667,88.83857814447892,90.0086257691199,63.972983972118506,65.76596412621447,30.584934273187244
person_6.mp4,front,1063,17731,59.95280823127177,848,478,69.59405183950649,71.2618140186904,88.07527738327279,88.70759791242432,66.18874356204299,68.02178104867113,31.523309206999325
person_6.mp4,front,1064,17747,59.95280823127177,848,478,65.95109541454973,67.4446270765333,85.32601178710765,85.74534452912445,64.52920902958456,66.49394803852155,32.61527923233225
person_6.mp4,front,1065,17764,59.95280823127177,848,478,64.69421301887508,65.45355250879228,84.45675428995109,84.54903969479015,64.28814708686043,66.21818012545587,32.231564739528764
person_6.mp4,front,1066,17781,59.95280823127177,848,478,63.2569001502501,65.20428056189522,82.46766306193614,82.81549279650969,63.985740160529325,66.62451006608337,32.396093779589286
person_6.mp4,front,1067,17797,59.95280823127177,848,478,63.525348637007056,64.62960547380732,80.94707352266197,81.22029917705603,64.79877898412337,66.83903640794517,33.290384670223276
person_6.mp4,front,1068,17814,59.95280823127177,848,478,65.08886418274895,66.49866892011613,81.98326933344643,82.94672887640024,67.05857723890139,68.92006686463185,31.502936585383754
person_6.mp4,front,1069,17831,59.95280823127177,848,478,60.728163187264116,62.64504617066449,79.27500009949355,80.82964488225872,63.63552835487376,65.75420218795475,33.089215904101735
person_6.mp4,front,1070,17847,59.95280823127177,848,478,60.56595414104741,62.61167639337502,78.6407093115614,80.46927618682976,63.840075954636966,65.95900801120149,33.58834253629986
person_6.mp4,front,1071,17864,59.95280823127177,848,478,62.20741452289945,63.88550701472634,79.62281646312744,80.7700041356429,64.74476734136174,66.5995334226631,33.919091019855
person_6.mp4,front,1072,17881,59.95280823127177,848,478,61.00298790751982,62.25647360232869,78.00258479732464,79.20192270025187,63.389250004446275,65.13038357162807,35.36176238011829
person_6.mp4,front,1073,17897,59.95280823127177,848,478,59.5747834882848,60.58758193132738,77.37483586646687,79.14455786678484,62.10569772891748,63.51334404130844,35.787898924010925
person_6.mp4,front,1074,17914,59.95280823127177,848,478,58.823227143536606,60.823458339278815,77.33930080037264,79.88976026483019,62.49960744980729,64.10712837492225,34.73439605795341
person_6.mp4,front,1075,17931,59.95280823127177,848,478,58.811876215179566,59.70328675287265,77.08625012538889,79.58797467335296,61.329639383986624,62.747461821815335,35.39459291411285
person_6.mp4,front,1076,17947,59.95280823127177,848,478,57.47528648328465,59.42762123814856,75.21589597863324,78.25302811811906,61.23084471104704,62.68254220079013,36.37095902005861
person_6.mp4,front,1077,17964,59.95280823127177,848,478,57.85968786582624,59.72760527810888,75.60570801867816,78.39814448547293,61.09951263291536,62.374199479704146,36.63250344167884
person_6.mp4,front,1078,17981,59.95280823127177,848,478,56.06580030061304,57.252043817401514,72.75917390951601,75.1331682303802,60.27307502115837,60.93144924613339,39.03983027781541
person_6.mp4,front,1079,17997,59.95280823127177,848,478,52.847341282281775,54.43488787043293,72.48220491353368,74.36487886050001,57.71017271406379,58.24383978984585,39.79825494582601
person_6.mp4,front,1080,18014,59.95280823127177,848,478,51.48779212721114,52.91348633205745,73.19766504430788,74.8900459950129,56.48006233763009,56.95656800028919,39.27907413562281
person_6.mp4,front,1081,18031,59.95280823127177,848,478,51.46388992211815,52.37520402338823,73.25814558824325,74.80829234739896,56.74941062271389,56.94231965928012,38.98449027981441
person_6.mp4,front,1082,18048,59.95280823127177,848,478,49.944842662700296,51.3350720726937,72.61453823353455,74.71351425315295,55.164777859540166,56.93409630483264,38.55085584857363
person_6.mp4,front,1083,18064,59.95280823127177,848,478,49.99652252472235,51.93408218776122,72.6170986618296,74.9183849039805,55.37192337436303,57.0204854200696,38.39446246441609
person_6.mp4,front,1084,18081,59.95280823127177,848,478,46.742963040380864,48.6272167338626,69.62492188988705,71.40925865252976,53.35155595065008,55.09647955108709,40.05626052868449
person_6.mp4,front,1085,18098,59.95280823127177,848,478,45.77381361232124,48.6525617806685,68.255547254248,70.88267992677827,53.525704288500684,54.80580006543862,40.48032124408469
person_6.mp4,front,1086,18114,59.95280823127177,848,478,46.70530382018476,48.5261438338878,68.23594978585373,70.61991779435903,54.995740363889155,55.35702894779605,40.253165870429065
person_6.mp4,front,1087,18131,59.95280823127177,848,478,47.01144506376893,48.40982474779898,68.31999254042879,70.81289474006573,55.81890909303424,55.97225211945155,39.793319381718796
person_6.mp4,front,1088,18148,59.95280823127177,848,478,47.08967266826728,48.1796293606459,68.32475334510862,70.73704135920823,55.907333647417516,56.02184477813378,39.69763692056066
person_6.mp4,front,1089,18164,59.95280823127177,848,478,47.40351056964956,48.557105488989855,68.6338657702681,71.28080678879756,57.08702798372456,56.27365816907935,39.39588582892414
person_6.mp4,front,1090,18181,59.95280823127177,848,478,47.15635413578652,48.02768499543899,68.97821862228021,71.26743158811264,56.856115625236235,56.23250309965156,38.99955969348035
person_6.mp4,front,1091,18198,59.95280823127177,848,478,47.49714937494879,47.76263915670959,68.31809310849856,70.02660031112796,57.051660518870364,56.339489906241965,39.930829389262016
person_6.mp4,front,1092,18214,59.95280823127177,848,478,47.15448670204383,47.196337312820326,68.27783122879983,69.76129259448689,57.143584763640305,56.10237070171755,39.92254934057984
person_6.mp4,front,1093,18231,59.95280823127177,848,478,46.943336691605595,46.8027879314629,69.0668892629866,69.74252182195045,57.03413557672074,56.231897747497705,39.36071026378184
person_6.mp4,front,1094,18248,59.95280823127177,848,478,46.20057404131019,46.05608248452741,69.48724903708393,69.93767322851856,56.75631659031487,55.97152322930277,38.78886288523735
person_6.mp4,front,1095,18264,59.95280823127177,848,478,45.792622844313605,45.92584066485688,70.39942232272045,70.72846800914458,56.477602688129444,55.831925625878675,37.93948563239351
person_6.mp4,front,1096,18281,59.95280823127177,848,478,45.11822923984611,45.21846986388413,69.87596636562415,69.6297692542822,55.79151272802756,55.97009607332452,38.28134704277658
person_6.mp4,front,1097,18298,59.95280823127177,848,478,44.8022615387194,45.38255055397719,69.45917801559999,69.69250188349649,56.276565314400884,56.13673211889752,38.20069159700594
person_6.mp4,front,1098,18314,59.95280823127177,848,478,44.24455013827921,44.91897617522813,70.15578581042173,70.62250626386057,56.375069410674016,56.41736472584573,36.79307349998399
person_6.mp4,front,1099,18331,59.95280823127177,848,478,44.37406367348907,44.69620817872171,75.05618696690796,74.88602442352702,57.30271370028602,57.83829118837458,32.473225960175434
person_6.mp4,front,1100,18348,59.95280823127177,848,478,44.04095758150488,44.515060840568445,73.85693933908753,74.12267132297208,56.807508806331285,57.71301257835673,33.31265815480525
person_6.mp4,front,1101,18364,59.95280823127177,848,478,43.72832113775329,43.711251101571754,72.97067023918896,72.37425589747947,56.09927690999054,57.17052313858519,34.364127862121265
person_6.mp4,front,1102,18381,59.95280823127177,848,478,43.57823756244672,43.63831400299711,73.8036555341083,73.33155916492143,56.658572227875375,57.567553436307946,33.50885462298562
person_6.mp4,front,1103,18398,59.95280823127177,848,478,43.52630624781316,43.56062467864407,74.37034137347,73.71758690206958,56.2929391199488,57.59004005397981,33.017816592776256
person_6.mp4,front,1104,18414,59.95280823127177,848,478,43.538366271417054,43.10934770402509,71.84311255981956,70.77857511633,55.73997514900326,57.071216174863494,36.03401111905094
person_6.mp4,front,1105,18431,59.95280823127177,848,478,43.30542525547127,42.89494231995013,72.3960834467565,70.58416390916003,55.675459088291305,56.8213864398555,36.12761885598529
person_6.mp4,front,1106,18448,59.95280823127177,848,478,44.396355035932025,42.667176645595355,75.93357228949723,73.31879347796846,56.09796036917085,56.97119898153252,33.64754993201833
person_6.mp4,front,1107,18465,59.95280823127177,848,478,44.00434017817668,42.21080387076107,76.99191470102335,74.20329716697765,56.20696182513332,56.84482705865695,32.57832284706938
person_6.mp4,front,1108,18481,59.95280823127177,848,478,45.24563127823297,42.69840923872662,82.64219778962726,79.61316237200752,57.9107879615076,58.25180763013209,28.33503158805104
person_6.mp4,front,1109,18498,59.95280823127177,848,478,44.37513457870006,42.777199311630476,79.37703885181153,77.20327993702637,56.18407756795709,56.7919852193713,30.48208059428643
person_6.mp4,front,1110,18515,59.95280823127177,848,478,44.167847475054025,42.86038052334317,79.01814308160505,76.59783097668151,56.1757504979115,56.37360904446003,30.922114445271475
person_6.mp4,front,1111,18531,59.95280823127177,848,478,44.54631673015241,43.241316643209494,80.36746903396985,77.83532109546556,56.53752356218287,57.140590430288995,29.58942920655939
person_6.mp4,front,1112,18548,59.95280823127177,848,478,44.14832399816913,42.85618191795432,79.31515472186533,77.23871192536768,55.87570629815046,56.05385876242099,29.94724809616111
person_6.mp4,front,1113,18565,59.95280823127177,848,478,43.55323097243761,42.5444415256,78.95473848948872,77.35096443179903,54.90543841745715,55.80691056322415,29.619621076959994
person_6.mp4,front,1114,18581,59.95280823127177,848,478,43.80772841012869,42.70226238587452,78.95556014844576,77.41920371593505,56.00260743457734,57.06832859208476,29.588710139904062
person_6.mp4,front,1115,18598,59.95280823127177,848,478,43.3119754666555,42.48731461725797,78.75333166275472,77.0216292314528,55.797307217239506,56.93382718497484,29.73110850650837
person_6.mp4,front,1116,18615,59.95280823127177,848,478,42.837870334339485,42.46168432447862,77.91573548146843,76.44446404054871,54.95432636512779,57.67132354039468,30.079856879797514
person_6.mp4,front,1117,18631,59.95280823127177,848,478,42.7801817136115,42.348953022558426,78.42912345318355,77.39277169555227,55.36574286328714,57.57500817103325,29.12640657877686
person_6.mp4,front,1118,18648,59.95280823127177,848,478,42.75218953351332,42.3668924546174,78.53222319024692,77.73204669162871,55.940008170145774,57.98317456639174,28.671287127874237
person_6.mp4,front,1119,18665,59.95280823127177,848,478,43.28637564179132,42.299819328265556,80.03257192969396,78.25411725169279,56.935728585064034,58.54829378420573,28.020422650602036
person_6.mp4,front,1120,18681,59.95280823127177,848,478,43.295306880858305,42.36502866191191,80.589276549093,78.90081424466845,57.321161755965235,58.632074735846516,27.316890272310886
person_6.mp4,front,1121,18698,59.95280823127177,848,478,43.974807546114356,42.76410035665183,83.41151262985977,80.81951147561026,58.42915773232029,59.48290001654622,25.60591830046398
person_6.mp4,front,1122,18715,59.95280823127177,848,478,44.731316697420425,43.54066765477676,86.12199347606652,83.52368363298037,58.39085254606053,60.30795199242179,23.335211651361
person_6.mp4,front,1123,18731,59.95280823127177,848,478,44.61537858949089,43.54297817411011,84.41379357675781,82.25690897848229,57.78571926019155,60.11403275726306,24.94251443693961
person_6.mp4,front,1124,18748,59.95280823127177,848,478,44.55409607977071,43.427050542859654,84.89986057878387,82.7570602089556,58.20974443530107,59.793393778951064,24.35928682838737
person_6.mp4,front,1125,18765,59.95280823127177,848,478,43.7098160432686,42.849962201122885,84.24791343601228,82.47603800184163,57.06526611544172,59.020008567811296,24.262071838075308
person_6.mp4,front,1126,18781,59.95280823127177,848,478,42.39101190391808,42.00951488519803,80.72871993331577,80.3858095342991,56.93531316407176,58.725813435524884,26.362241174269556
person_6.mp4,front,1127,18798,59.95280823127177,848,478,42.298108952228745,42.069443543414586,80.41951064854427,79.64702305980514,57.29651903404279,59.24459384430367,26.778117679928055
person_6.mp4,front,1128,18815,59.95280823127177,848,478,42.09312217258713,41.56512996165907,80.64665709915606,79.80162124360072,57.42708454946568,59.420098901604035,26.468258468560954
person_6.mp4,front,1129,18831,59.95280823127177,848,478,41.87933310623787,41.20509315713878,80.72254025481341,79.57563845281143,57.73017861663219,58.57787517204379,26.365267665683767
person_6.mp4,front,1130,18848,59.95280823127177,848,478,41.82716290103455,41.02370704590277,80.55537070685976,79.522334833253,57.63755046799948,58.70130240131801,26.523410999443527
person_6.mp4,front,1131,18865,59.95280823127177,848,478,41.73682857991106,41.03131425167588,80.72566907224245,80.05227040067406,57.81692253480797,58.91617787994233,26.239626017259155
person_6.mp4,front,1132,18882,59.95280823127177,848,478,41.4584723305538,41.0373393148471,80.20192786712447,79.78323058397827,58.19727735381255,58.520047967255756,26.460600767896945
person_6.mp4,front,1133,18898,59.95280823127177,848,478,41.55152833832877,41.0448756431661,81.4396062205671,80.85882371143715,58.577208940318634,58.93196736662819,25.514219186502302
person_6.mp4,front,1134,18915,59.95280823127177,848,478,40.913677921094504,41.095642059956845,80.38843875486545,80.43587426003657,57.23551060919944,58.22055489416866,26.056350636340927
person_6.mp4,front,1135,18932,59.95280823127177,848,478,40.84714020440118,40.80131312924529,80.88297550856522,80.69821342649875,57.80080277066296,58.55351783942344,25.819842174572443
person_6.mp4,front,1136,18948,59.95280823127177,848,478,40.922145335421945,40.744990199967184,80.93136164011428,80.61027056186951,57.46685309297205,58.18349962622029,25.905668951255535
person_6.mp4,front,1137,18965,59.95280823127177,848,478,40.2395256088145,39.96176970718642,77.50480780060607,77.09880653213338,56.68920710505773,57.45808509301634,29.085393386625917
person_6.mp4,front,1138,18982,59.95280823127177,848,478,40.53109981142411,39.961018425689396,78.08226282741865,77.30473797995023,57.174435681312744,57.57112139952854,28.802050643310526
person_6.mp4,front,1139,18998,59.95280823127177,848,478,40.81071497589734,39.99578506011012,78.93522433103355,77.6465995042547,57.05167365161552,57.36324386781312,28.28572551477503
person_6.mp4,front,1140,19015,59.95280823127177,848,478,40.952286590978275,40.03938992036625,79.34035303618033,77.80367436947122,57.150992062959624,57.675789579523475,28.035450359385173
person_6.mp4,front,1141,19032,59.95280823127177,848,478,40.779947060171914,39.9033529751817,79.10303992491897,77.62526018599847,56.839914349884076,57.50109226970757,28.136350679240078
person_6.mp4,front,1142,19048,59.95280823127177,848,478,40.719573562126364,39.86426234886604,79.02148736710865,77.67314303926871,56.70559287730671,57.48576952237304,28.109990252693265
person_6.mp4,front,1143,19065,59.95280823127177,848,478,40.88026319139338,40.26697131681016,81.37839646092024,80.55674572598403,57.034099201793275,57.984553741500456,25.576913655418377
person_6.mp4,front,1144,19082,59.95280823127177,848,478,41.000902891901355,40.35575383611664,81.40777273907818,80.51980522165736,57.0596323322288,57.874493434049505,25.627080246724162
person_6.mp4,front,1145,19098,59.95280823127177,848,478,41.183866968229964,40.684189655341704,81.46992815642766,80.97304806178644,57.117692584376314,58.0051793038363,25.426572023972625
person_6.mp4,front,1146,19115,59.95280823127177,848,478,41.2454500430302,40.91631543886742,81.37977773384074,80.96676514748353,57.100410824271755,58.256276029579126,25.597162670250952
person_6.mp4,front,1147,19132,59.95280823127177,848,478,41.34963794865093,40.88433178818839,81.29084400455118,80.80688371307309,56.910547136115675,58.11049782274524,25.72154217757891
person_6.mp4,front,1148,19148,59.95280823127177,848,478,41.56575623416854,41.25163281680825,81.80863236805925,81.48976893430056,57.018671667314294,58.12763116225046,25.14103451158942
person_6.mp4,front,1149,19165,59.95280823127177,848,478,42.13759056605414,41.47733193308408,83.06846330772406,82.40596947686461,57.40104152311921,58.19301096136666,24.12857695325638
person_6.mp4,front,1150,19182,59.95280823127177,848,478,42.38463241396657,42.22315293535141,84.54614226670097,84.35373776506768,57.763967383619146,58.74904115680344,22.581273955115993
person_6.mp4,front,1151,19198,59.95280823127177,848,478,42.413626003959465,42.00937863934527,81.63485989727324,80.44208816485504,57.387833687571295,57.65748891320806,26.007129185879137
person_6.mp4,front,1152,19215,59.95280823127177,848,478,42.51299319533715,41.97607198810868,81.3687114577653,79.92089973710245,56.80712766953084,57.11875847623449,26.44824351744997
person_6.mp4,front,1153,19232,59.95280823127177,848,478,42.56773872320356,42.10434897243268,80.83567927321161,79.29962603799876,56.200075341838165,56.77294637824602,26.81501294061454
person_6.mp4,front,1154,19248,59.95280823127177,848,478,42.7153999485601,42.41809044915901,81.17644639851665,80.34353706930959,56.48688948007764,57.24539016281113,26.07219640383551
person_6.mp4,front,1155,19265,59.95280823127177,848,478,41.69407993708326,41.640151885275316,77.86859542977645,77.19388378708568,55.15123167255177,56.431927483249474,29.123982336198594
person_6.mp4,front,1156,19282,59.95280823127177,848,478,42.070586617444846,41.61563974787457,77.33827095898799,76.20705990229246,53.96643557481586,55.947122586835235,30.19784407813363
person_6.mp4,front,1157,19299,59.95280823127177,848,478,41.66446894050342,41.642637984253554,77.97682180080315,76.60071087530086,53.94850035986343,56.13908715397297,29.99540231634876
person_6.mp4,front,1158,19315,59.95280823127177,848,478,42.16181004682406,42.00161495429142,78.73872896817927,77.26265575298123,54.42491465479493,56.13761983955766,29.70439064946509
person_6.mp4,front,1159,19332,59.95280823127177,848,478,42.76160727161001,42.56641145504231,79.41159451262794,77.82188618280854,54.30307126926765,56.272113133714846,29.41869367952926
person_6.mp4,front,1160,19349,59.95280823127177,848,478,43.173957523108584,43.01735224771151,77.09471881204163,75.62731795480263,54.49013641521987,56.59301589365287,31.78020372732421
person_6.mp4,front,1161,19365,59.95280823127177,848,478,44.11927798885102,43.626492285502096,77.27209050743271,76.00980988940267,55.13093989530661,56.330851251916854,31.490366627008957
person_6.mp4,front,1162,19382,59.95280823127177,848,478,44.341396050804924,44.36680843056321,76.57639985321322,76.64679035635162,55.52923852326354,56.4909257701772,31.346893129361316
person_6.mp4,front,1163,19399,59.95280823127177,848,478,44.75423226585435,45.152046236169305,77.1771289851635,77.3725944871882,55.958686968803455,56.932560221291496,30.5826823546279
person_6.mp4,front,1164,19415,59.95280823127177,848,478,44.94637677550305,45.34699887128355,77.50220089303251,78.27548565690195,55.98102262923289,56.8694780509817,30.07808842769761
person_6.mp4,front,1165,19432,59.95280823127177,848,478,45.3417755556987,46.11417787526776,78.40199295268505,79.2475092658909,56.4674087114462,56.627851374122336,29.753970707442054
person_6.mp4,front,1166,19449,59.95280823127177,848,478,46.71530649396922,46.619686246112366,80.80348551180776,80.56534809771983,56.9552237788843,56.965228681096654,28.46020376505969
person_6.mp4,front,1167,19465,59.95280823127177,848,478,45.95900019349063,46.67583992365381,79.30955264965283,79.65484338110339,56.25989387068007,56.643870680477,29.79923797461274
person_6.mp4,front,1168,19482,59.95280823127177,848,478,46.321942021461204,46.53708875589596,77.52678091036104,78.06519818338245,56.71150509067766,55.14357766430675,32.026462714040655
person_6.mp4,front,1169,19499,59.95280823127177,848,478,46.055446689493266,47.25343856635131,78.49829800120914,79.11951617182343,55.70628537449151,54.45349734370721,31.51121190652184
person_6.mp4,front,1170,19515,59.95280823127177,848,478,45.595156950806235,47.75712236150901,72.8864469916661,75.92671149581565,54.29214514927062,53.72802631569996,35.888968384181204
person_6.mp4,front,1171,19532,59.95280823127177,848,478,46.594181706370605,48.18565994802085,75.56944443952052,78.47243939909958,55.10133878673207,53.97953297982095,33.64900464207698
person_6.mp4,front,1172,19549,59.95280823127177,848,478,47.36046958354593,49.176322875557574,79.93467028592744,83.63169997094715,56.168068382044524,54.917371023076775,29.186512898490328
person_6.mp4,front,1173,19565,59.95280823127177,848,478,47.82236905392791,50.16898973342728,79.60806075617786,83.5821714051852,55.769958815493496,55.51000439282465,29.219366395144164
person_6.mp4,front,1174,19582,59.95280823127177,848,478,48.58166995974368,50.561178470837284,79.35389476705907,82.99895945717299,56.721270710711224,56.17155652775797,30.245233933435347
person_6.mp4,front,1175,19599,59.95280823127177,848,478,49.10713002636855,51.95815679588329,83.08905042873769,87.57550914137718,57.442073474327216,57.089696847655325,26.62095848739388
person_6.mp4,front,1176,19615,59.95280823127177,848,478,50.25408369800534,52.70588232927185,82.02637967228084,85.9967473663275,56.84329762067254,57.30423291750559,28.548960717424
person_6.mp4,front,1177,19632,59.95280823127177,848,478,52.91170254025343,53.17027950853608,85.0627154481018,86.20465714933742,56.501690252421476,57.63088720002544,28.617849117426715
person_6.mp4,front,1178,19649,59.95280823127177,848,478,55.19839680717598,55.01165720175312,87.0686528388072,87.88692067721152,57.57495860113471,57.81214460156091,28.3873258576171
person_6.mp4,front,1179,19665,59.95280823127177,848,478,56.993894470795155,55.55729699230427,89.42168217503044,88.63605340327895,57.34808624128475,57.701535010767344,28.1080073054884
person_6.mp4,front,1180,19682,59.95280823127177,848,478,58.79656493718913,57.588047340792855,92.01910984604824,91.07348592710318,58.12470061690669,58.29964585033554,27.66592506557697
person_6.mp4,front,1181,19699,59.95280823127177,848,478,59.25234448836936,57.81196667447469,91.4176100465821,90.5484008417747,58.13161250177848,58.72179411164822,28.04572600968164
person_6.mp4,front,1182,19716,59.95280823127177,848,478,61.79402597802872,60.37388306475003,94.27144357024113,93.23861619370146,58.66808630898697,59.30871985824787,27.60807606638996
person_6.mp4,front,1183,19732,59.95280823127177,848,478,62.97442864322969,61.27616814397714,95.41181225226562,94.25907874418243,59.00832561306802,59.81021584622588,27.12614398131292
person_6.mp4,front,1184,19749,59.95280823127177,848,478,65.57138736723167,62.79110562576241,98.43741073515662,95.96555683175512,59.37991433692445,60.33679001946275,26.770454807948457
person_6.mp4,front,1185,19766,59.95280823127177,848,478,64.86967754439155,63.74837621480167,97.82023833556855,96.77302488147679,59.15268596892082,60.42758640289792,26.593727520325924
person_6.mp4,front,1186,19782,59.95280823127177,848,478,68.51108691034466,66.37383134267662,101.55641994777095,99.52913594082042,60.10641748753088,61.5857056636563,25.913575745834297
person_6.mp4,front,1187,19799,59.95280823127177,848,478,68.99173681161305,66.4652304693819,104.37385614652267,101.03948905236555,59.50076395512355,61.31936056568074,24.87328332850951
person_6.mp4,front,1188,19816,59.95280823127177,848,478,75.47618466674633,70.58202861185558,111.41889774001518,104.92830194182497,60.539109651182045,63.042122089065295,23.448318870785304
person_6.mp4,front,1189,19832,59.95280823127177,848,478,82.37298451160544,74.76106974960523,116.3783197500261,106.7651577851531,62.30745033751742,65.4736918233574,23.452011562060072
person_6.mp4,front,1190,19849,59.95280823127177,848,478,87.59447881181065,83.55836569275374,120.34383522744561,113.87655582614623,63.43317339019826,67.6865309818271,23.593623534598432
person_6.mp4,front,1191,19866,59.95280823127177,848,478,93.1329611372479,89.8450014249664,123.60318934659932,117.30600475759587,65.4432183494866,70.10000315857346,23.680409162266113
person_6.mp4,front,1192,19882,59.95280823127177,848,478,98.95911278669166,95.49352685801105,126.22440144870978,119.76849635319896,66.15526655058576,71.39722692752873,25.46622138251232
person_6.mp4,front,1193,19899,59.95280823127177,848,478,108.49346935542911,102.49824505815718,135.04601062343585,125.03405935690974,65.90381064074884,72.02543629770251,26.697890517965902
person_6.mp4,front,1194,19916,59.95280823127177,848,478,116.5078906201623,111.56169472778801,142.63786381625562,133.47724744511117,66.92119093743382,72.89768533367362,26.235767210751376
person_6.mp4,front,1195,19932,59.95280823127177,848,478,120.26628165520262,113.6547617333017,145.75923886316446,134.30728573152174,68.61926614667306,74.2285880853945,25.273933469667444
person_6.mp4,front,1196,19949,59.95280823127177,848,478,122.27938861038493,116.07857472846082,145.95777965844053,135.3542202538268,70.77135505659763,75.96122542805703,24.407505064757625
person_6.mp4,front,1197,19966,59.95280823127177,848,478,126.13510501575853,116.67429854372554,150.85005874780538,136.8465496990755,72.2740386559881,77.13811026548026,22.347925342541604
person_6.mp4,front,1198,19982,59.95280823127177,848,478,130.18260829109315,122.45746222643861,154.81494814893,140.9300966146244,72.1618014160982,78.64312676546412,21.93952556608493
person_6.mp4,front,1199,19999,59.95280823127177,848,478,132.44320863580901,123.38420559483504,154.8315661690819,140.5124504046556,73.25857403865956,79.61869045506855,22.108786679614305
person_6.mp4,front,1200,20016,59.95280823127177,848,478,131.04425594353427,124.14524582270941,154.22136329691003,141.73189532237285,72.50538826440089,79.13028424127937,22.003353460614473
person_6.mp4,front,1201,20032,59.95280823127177,848,478,137.56803895027022,129.43636827921725,159.4877179953348,144.72439009282343,73.22943109970306,80.44693833954263,22.219337871699558
person_6.mp4,front,1202,20049,59.95280823127177,848,478,134.51889222115344,130.80131654180965,155.2791079303102,146.1233914262584,76.02094685756519,81.04784698247576,21.44954024922522
person_6.mp4,front,1203,20066,59.95280823127177,848,478,133.81832941546406,133.56229492386706,155.01715236899403,151.71898728300846,74.87582313779636,78.79529519673859,21.403857311514177
person_6.mp4,front,1204,20082,59.95280823127177,848,478,138.16347521616896,135.03421418792988,156.79013394070458,151.59429711852866,77.32084356876871,80.37089605832512,21.12914868104999
person_6.mp4,front,1205,20099,59.95280823127177,848,478,137.85352769808495,134.31440481423618,156.7829892063355,151.77827662356293,76.85327049128769,79.53699767004669,20.95285233693398
person_6.mp4,front,1206,20116,59.95280823127177,848,478,137.05916346085098,133.96716458018608,156.82539036972713,151.6331200947359,75.31837366586188,78.85381410358826,21.02108600329985
person_6.mp4,front,1207,20133,59.95280823127177,848,478,137.8504404958748,136.22775072044243,160.43171526916083,155.18226905550847,72.47409607714351,77.239655658371,20.97399890982004
person_6.mp4,front,1208,20149,59.95280823127177,848,478,140.20546778833514,136.03213185309932,162.95045537644307,154.6035837945476,72.19526140022228,77.725671772239,21.114457465426398
person_6.mp4,front,1209,20166,59.95280823127177,848,478,138.57033110443282,137.00074779428863,162.05166585521798,156.88636502559888,72.65580226024471,77.38769188766248,20.66116264692967
person_6.mp4,front,1210,20183,59.95280823127177,848,478,138.08734586558313,138.34394541940046,160.8538693583606,157.79246331876655,73.71651871717505,78.13330117620848,20.56548757009571
person_6.mp4,front,1211,20199,59.95280823127177,848,478,141.9594223812727,140.71235120276194,163.30017838257672,159.02862927337728,75.10617573592256,79.54572526279297,20.484292056634416
person_6.mp4,front,1212,20216,59.95280823127177,848,478,141.26963686419177,139.693438846291,164.0947713685256,158.97214861817565,74.73513868049496,79.14328192905023,20.167900922474512
person_6.mp4,front,1213,20233,59.95280823127177,848,478,144.05149131100794,141.9171929033278,165.9196501438055,160.03912823258477,75.9776718904037,80.66408517962246,19.949830084551373
person_6.mp4,front,1214,20249,59.95280823127177,848,478,145.5281776826038,141.4496196601252,167.51314929859663,160.54922486080767,76.09859514488878,80.0530984593485,19.79220226641456
person_6.mp4,front,1215,20266,59.95280823127177,848,478,148.7199723956817,143.13018988978698,169.05908468331114,161.39627991423313,77.84784648843565,81.20274831611516,19.66838521195969
person_6.mp4,front,1216,20283,59.95280823127177,848,478,148.51245857831407,143.92594044099013,168.69008634999614,161.8064108726911,78.22812396142498,81.74339680313292,19.763411593851234
person_6.mp4,front,1217,20299,59.95280823127177,848,478,149.84906299805525,143.86343687598585,169.6132484636892,161.7814902958309,78.8730813787173,81.70771154530678,19.75421424706037
person_6.mp4,front,1218,20316,59.95280823127177,848,478,149.33065596567585,144.18467519133387,169.3784958975484,161.94538872075464,79.42114695103155,82.21074590189949,19.473510982043422
person_6.mp4,front,1219,20333,59.95280823127177,848,478,151.325660899755,144.38772238720193,170.59030186706156,162.20297734981514,80.63756168878066,82.5037821221315,19.057611944803188
person_6.mp4,front,1220,20349,59.95280823127177,848,478,153.0494043843672,145.51328106985474,171.1607871990017,162.87797527298906,81.50394414821804,82.91130583615427,19.223058019309622
person_6.mp4,front,1221,20366,59.95280823127177,848,478,155.7775029883891,146.73901957289397,172.56770350271145,163.30542047234567,82.57080799174155,83.71720744417804,19.279039169861978
person_6.mp4,front,1222,20383,59.95280823127177,848,478,157.16641145294165,148.87050715990588,173.10499923346964,164.73746678716273,83.72578346745028,85.01471121122913,19.251537970102987
person_6.mp4,front,1223,20399,59.95280823127177,848,478,153.17612389199448,148.23915612709553,170.75098455733996,166.82661726803394,81.92019374227677,82.87932304529949,19.657744078294805
person_6.mp4,front,1224,20416,59.95280823127177,848,478,151.78092741160108,146.9454665697807,169.68249014524514,166.24988841596175,81.28323126740581,81.84373617675541,20.207501788583222
person_6.mp4,front,1225,20433,59.95280823127177,848,478,150.7243626223092,145.9283038301776,169.7320132650115,165.7611108623179,80.64672836815852,81.46508748828342,20.414514353450926
person_6.mp4,front,1226,20449,59.95280823127177,848,478,149.41682658213068,147.57331880480135,168.90030480319217,166.75320728059847,79.63416748208306,81.85408524208394,20.497469078181577
person_6.mp4,front,1227,20466,59.95280823127177,848,478,148.35311024579104,145.1610095188082,168.28380496270805,165.67075874426018,79.07132433784902,80.06405659911731,20.49800859016642
person_6.mp4,front,1228,20483,59.95280823127177,848,478,147.7008485578396,145.152168709369,167.94146309398076,165.4637766942283,78.69449297326359,80.152419550266,20.465066472683542
person_6.mp4,front,1229,20499,59.95280823127177,848,478,147.60968296899298,145.35593626910412,167.7425972339175,165.86674724620033,78.82670245364083,80.27438551898136,20.447722792430458
person_6.mp4,front,1230,20516,59.95280823127177,848,478,147.97964127445906,145.5057499633737,167.58640068874664,166.33185489365698,79.35704598982201,79.96038061305566,20.431465309617398
person_6.mp4,front,1231,20533,59.95280823127177,848,478,148.75711941847086,146.20782300662142,167.72716435691734,166.44058559923107,80.26553171696185,80.61404027445897,20.407837113003787
person_6.mp4,front,1232,20549,59.95280823127177,848,478,148.5871518440853,145.27969251573023,168.6999501115062,165.58869819045879,79.36022232726003,80.31713037180579,20.644124869012217
person_6.mp4,front,1233,20566,59.95280823127177,848,478,148.51454892340806,144.97186878159474,168.7405643086957,165.06729280109374,79.0523571250603,80.21791963051197,20.674243717469245
person_6.mp4,front,1234,20583,59.95280823127177,848,478,148.23509765286514,144.89174072220277,168.6190242912969,165.16619028053512,79.0582188917566,80.18822366086536,20.662769692275717
person_6.mp4,front,1235,20600,59.95280823127177,848,478,147.76073829475823,144.23396069062443,168.29683799847973,165.2341361095006,78.54623388899975,79.34479853782634,20.9272630375517
person_6.mp4,front,1236,20616,59.95280823127177,848,478,148.7218928834985,144.87227579859234,168.74660457520673,165.19856165165905,78.85467773084486,79.61638169845021,21.063391067499406
person_6.mp4,front,1237,20633,59.95280823127177,848,478,149.11933375270368,145.2180640621356,168.924699280126,165.03644204444822,78.70234179431078,79.71024392188085,21.135997044028194
person_6.mp4,front,1238,20650,59.95280823127177,848,478,148.8991934195219,144.91457194263626,168.78330479787328,165.1437805918586,78.70020998544435,79.45585260608121,21.10907327017688
person_6.mp4,front,1239,20666,59.95280823127177,848,478,148.59067442909608,144.544303582619,168.58230500930418,164.98617634116184,78.3854120968684,78.90179247663559,21.2011627556945
person_6.mp4,front,1240,20683,59.95280823127177,848,478,148.4359337127401,144.9275557613568,168.4262072588252,165.48558758238508,78.27568673748968,79.14258007445844,21.21190601770825
person_6.mp4,front,1241,20700,59.95280823127177,848,478,148.51534820725402,145.1738675838474,168.35786651236293,165.4512326851786,78.32500895378915,79.18562424366384,21.24945402864554
person_6.mp4,front,1242,20716,59.95280823127177,848,478,148.31083840852477,144.42839123065315,168.12064482843522,165.445681178101,78.32489499354911,78.31911575508092,21.30886484512244
person_6.mp4,front,1243,20733,59.95280823127177,848,478,148.24529367736307,143.9811102467123,167.77328112826672,165.4775188468894,78.18124144567466,77.83671036163915,21.58425244021983
person_6.mp4,front,1244,20750,59.95280823127177,848,478,148.35112074090415,144.51718201621873,167.52526708674407,165.6414901385356,78.17008960933505,78.21937095058702,21.81283281819325
