video,view,frame,timestamp_ms,fps,frame_width,frame_height,left_knee_angle_deg,right_knee_angle_deg,left_hip_angle_deg,right_hip_angle_deg,left_ankle_angle_deg,right_ankle_angle_deg,trunk_angle_deg
person_9.mp4,front,0,0,59.93435448577681,848,478,140.21818129696447,144.08174705501858,165.35740156159503,165.0050700294656,85.36834116308178,86.2685931656907,13.54250833945704
person_9.mp4,front,1,17,59.93435448577681,848,478,150.02447555987126,149.4520398884343,170.0959925588956,171.16850711500544,93.5695268938121,93.49358917156053,6.563630600224773
person_9.mp4,front,2,33,59.93435448577681,848,478,149.19650106833242,150.52713658971803,169.050019348087,170.36712842037622,93.60433984574507,94.68758415825558,6.884143849893032
person_9.mp4,front,3,50,59.93435448577681,848,478,147.8051868650933,150.04384145742077,168.2497326086357,169.26287879345745,92.73416034283224,94.40510598230601,7.547802244140137
person_9.mp4,front,4,67,59.93435448577681,848,478,147.38308799655093,150.04252127446338,169.89978592982862,169.70119141105658,92.29122520779306,94.52945378964206,6.044602743795974
person_9.mp4,front,5,83,59.93435448577681,848,478,148.10627372885148,150.20939547253514,171.06371128508715,170.71264544467118,92.97439866001845,94.86993242398268,4.66860243580645
person_9.mp4,front,6,100,59.93435448577681,848,478,147.21156349540306,149.25084192021248,173.12539336350815,170.00844785414094,91.96036135715815,94.31167729547953,3.672792536725531
person_9.mp4,front,7,117,59.93435448577681,848,478,147.00866814450742,148.61979980119406,172.42487228861395,170.08169159742747,92.08266655673027,93.94469200819299,3.8590854227648594
person_9.mp4,front,8,133,59.93435448577681,848,478,147.18756865955984,149.05169594925087,174.1362663256509,170.58731572670217,92.56428726144902,94.77138677586669,2.3584874165616747
person_9.mp4,front,9,150,59.93435448577681,848,478,147.66109201148652,147.90664926269952,172.86752615833097,170.08349069819297,92.68193423247607,93.82144491009473,3.3624820544458327
person_9.mp4,front,10,167,59.93435448577681,848,478,146.28568875996842,147.63887591946116,172.7506265756996,169.21890443153922,91.92452344239817,93.68245308861327,3.8673297799044417
person_9.mp4,front,11,184,59.93435448577681,848,478,146.5717198268827,147.45939046682582,172.14296624337297,168.71371768275236,91.92343623777687,93.39407518063253,4.61052330730634
person_9.mp4,front,12,200,59.93435448577681,848,478,146.3301296777313,147.3132849608165,172.39815784761282,168.76994818455344,91.47641668981376,93.06437009620606,4.33653002863575
person_9.mp4,front,13,217,59.93435448577681,848,478,146.33534559228835,147.6188365203257,173.02965377174888,169.91053443514195,91.57987954624036,93.39929620324962,3.229328032010052
person_9.mp4,front,14,234,59.93435448577681,848,478,147.90245181285226,147.20726272125938,172.86720242085588,166.06540137121542,92.84209840789178,92.88834810229845,5.966967428659353
person_9.mp4,front,15,250,59.93435448577681,848,478,147.22823594157103,147.38996738821555,172.75539148543288,166.9853415407896,92.18137433721016,93.09298853702063,5.55598108850356
person_9.mp4,front,16,267,59.93435448577681,848,478,147.48357826143877,148.21298466339718,170.68698178776907,166.3008552802438,92.27238696000092,93.36527861124712,7.4367882531200085
person_9.mp4,front,17,284,59.93435448577681,848,478,146.5822298567177,148.13342873631802,170.49973109580017,168.07162793496929,92.04132112880252,93.42332242577447,6.104383947121121
person_9.mp4,front,18,300,59.93435448577681,848,478,146.68367880346517,147.882464751722,170.0225099700078,167.75020630595887,91.82140908394045,93.30295501850469,6.308226799101867
person_9.mp4,front,19,317,59.93435448577681,848,478,146.32803808578723,148.73762106816952,167.92066455170337,167.1326927843241,91.59729902444263,93.7733423450854,8.043852838625776
person_9.mp4,front,20,334,59.93435448577681,848,478,146.2375352364258,149.03873927478438,168.90026199234146,168.08850083763298,91.40158873529236,94.36164100893403,7.198102890972285
person_9.mp4,front,21,350,59.93435448577681,848,478,146.6087117496883,149.41861948957242,171.29129960275716,168.68877779368685,91.72162111047844,94.52873324042282,5.413200460804219
person_9.mp4,front,22,367,59.93435448577681,848,478,146.35879039104367,149.0522149817324,169.08025398918247,168.25873717557974,91.45267991289171,93.45672774281023,6.992435929303004
person_9.mp4,front,23,384,59.93435448577681,848,478,145.93389858908571,148.44736869535726,167.9415351335085,167.3502379065522,91.18441372397356,92.74862458579005,8.058385531553677
person_9.mp4,front,24,400,59.93435448577681,848,478,145.62767345196337,147.71531370359645,164.8040092854066,165.346921506249,90.92688999387879,91.64025726335768,10.992827083317572
person_9.mp4,front,25,417,59.93435448577681,848,478,145.49457865325812,147.34893457243626,166.65990857514836,165.5050152471969,90.77816762500633,91.14876720136694,9.758020423403432
person_9.mp4,front,26,434,59.93435448577681,848,478,146.2546647262228,147.83645474640056,164.50055851953354,163.16898621021204,90.569457563315,90.87947001039733,13.158273275073372
person_9.mp4,front,27,450,59.93435448577681,848,478,143.66256578762358,146.07042018926234,164.2930086904682,163.5087798473201,88.6932047042545,89.57307533445176,13.042321832278262
person_9.mp4,front,28,467,59.93435448577681,848,478,143.56529884169512,146.10549006286246,161.16742008428238,162.2924418156463,88.55214011484543,88.73502857576315,15.724438560337274
person_9.mp4,front,29,484,59.93435448577681,848,478,142.03539714518138,145.86136618778107,161.20738127871095,161.5173003157206,87.26795851358051,88.69787017365158,15.992263991680193
person_9.mp4,front,30,501,59.93435448577681,848,478,143.13121698132693,147.40398054918197,160.04190864920068,162.23195773878516,87.79407539820158,88.83579082649254,17.351082397893112
person_9.mp4,front,31,517,59.93435448577681,848,478,142.3043749589549,147.4372011662553,161.7423592467864,163.16381386923237,87.0846710064442,88.81629234899977,15.663543738052208
person_9.mp4,front,32,534,59.93435448577681,848,478,144.5054140135394,148.16979156125052,161.29146868385214,162.44762967153542,88.466746081797,89.60060480563509,17.116689253767312
person_9.mp4,front,33,551,59.93435448577681,848,478,143.2144650666142,148.72434883382007,159.8668536086186,160.4275969539125,87.81614496329445,90.0891408125009,19.072084557020208
person_9.mp4,front,34,567,59.93435448577681,848,478,142.248379350293,145.98392218876404,159.16731728149986,160.68278514720663,86.67565254428597,87.90916657664654,19.22707907414463
person_9.mp4,front,35,584,59.93435448577681,848,478,140.31711240591244,145.53510796743103,160.17399546659703,161.00077951598925,84.95071572450074,87.44703065243368,18.423843721441408
person_9.mp4,front,36,601,59.93435448577681,848,478,140.09471941251036,145.86486959649687,159.3564519165259,160.84232270194468,85.02726846205205,87.88574108599599,18.796225129963748
person_9.mp4,front,37,617,59.93435448577681,848,478,140.51224144345503,145.54253369486986,158.45595968683008,160.04022237683438,85.82815415676666,87.74093659318545,19.372758284234365
person_9.mp4,front,38,634,59.93435448577681,848,478,139.79060163616546,143.9888369104648,158.93870614952098,159.71737463229795,85.5945486565386,87.10742183657912,18.485401746879944
person_9.mp4,front,39,651,59.93435448577681,848,478,139.30945423949893,144.02607800042898,157.78833529744395,159.13775039273503,85.44196655704097,87.62880382835394,19.12495057870137
person_9.mp4,front,40,667,59.93435448577681,848,478,137.5455323549861,142.57206069647657,156.01104662562602,158.08594643059809,84.56323425982711,87.14840604046074,20.237055694762343
person_9.mp4,front,41,684,59.93435448577681,848,478,135.83859775521793,141.0285361930593,156.12106809856465,157.20181376319766,82.86895493595435,86.07946489780461,20.819029471220873
person_9.mp4,front,42,701,59.93435448577681,848,478,135.6560475282631,140.8271531045863,156.08652082708727,157.22090590535558,82.92688794145035,85.85902349888921,20.80598095512406
person_9.mp4,front,43,717,59.93435448577681,848,478,136.04436034758584,140.43651973515682,155.82283624971933,157.1877686616952,83.26949936598977,85.63966396899544,20.930375176135428
person_9.mp4,front,44,734,59.93435448577681,848,478,135.46175388503852,140.45332047022674,155.20410446471504,157.50355644541534,83.2244099021442,85.66456101796767,21.014093427861155
person_9.mp4,front,45,751,59.93435448577681,848,478,133.7859163626289,139.46293429790367,155.29495955922394,157.45812356380418,82.08217806274719,84.98427114702714,20.96818725200259
person_9.mp4,front,46,768,59.93435448577681,848,478,130.92662521182106,136.73436021271397,154.749110701451,156.7507621790206,79.0598740007484,81.30308924160005,22.21275041250213
person_9.mp4,front,47,784,59.93435448577681,848,478,130.20823276847236,135.2779689531834,153.2249212060183,157.19343937146792,78.42924134852672,79.89960549895811,22.989124728735028
person_9.mp4,front,48,801,59.93435448577681,848,478,129.53425201027855,135.93794147027944,153.28774791211254,156.4615968101776,77.72895173796456,80.05886365443362,23.086684219339833
person_9.mp4,front,49,818,59.93435448577681,848,478,127.71490053955932,135.48041175214743,151.86925539950215,156.6305576110096,76.05981279172929,79.87644976321606,23.67528152880963
person_9.mp4,front,50,834,59.93435448577681,848,478,127.02494548824191,133.56476404781645,150.43002629389704,156.67422771371787,76.16005495952739,79.05709248721294,24.017858736700965
person_9.mp4,front,51,851,59.93435448577681,848,478,126.69413152865488,133.08086973656182,150.16608380304453,156.81439350788344,75.99941137616163,78.30640044095819,24.046832274997264
person_9.mp4,front,52,868,59.93435448577681,848,478,125.37978159594024,133.12692741786245,148.55489132932027,157.53350339835976,75.7754089197406,78.23508368358432,24.095334508099874
person_9.mp4,front,53,884,59.93435448577681,848,478,125.65816999855033,134.23619470816914,148.25084531035634,157.53511281346317,76.10443544908378,78.89567478058028,24.180210896683413
person_9.mp4,front,54,901,59.93435448577681,848,478,125.72914221775633,133.74815069569516,148.34345949499908,157.2232545303902,76.18773158576927,78.90861442545837,24.26024430103396
person_9.mp4,front,55,918,59.93435448577681,848,478,123.6423409239613,133.08077993562182,146.07729670997327,156.65940484232826,75.51127777284832,77.83566784125674,25.082546529472616
person_9.mp4,front,56,934,59.93435448577681,848,478,123.39313742311124,132.9381164420812,145.4010683842289,156.5450620227591,75.25877418771228,77.47802439078419,25.41605031057604
person_9.mp4,front,57,951,59.93435448577681,848,478,121.30881258963247,131.3725533871983,143.24212753499626,153.85413820600183,73.81657011692477,76.31804777790413,27.317047415668146
person_9.mp4,front,58,968,59.93435448577681,848,478,120.40920470490816,130.13827029925127,143.23025861940746,154.51574853572126,73.26762155149859,74.81767618968433,27.0588619838153
person_9.mp4,front,59,984,59.93435448577681,848,478,120.82468140179643,131.37817900550908,143.683722102706,154.81107663889028,73.32997279232562,75.25430814176615,26.74704816068775
person_9.mp4,front,60,1001,59.93435448577681,848,478,120.80884736072402,131.40902446713002,143.73329812602802,154.89026907824598,73.11378049796532,75.5077389438355,26.609267546378415
person_9.mp4,front,61,1018,59.93435448577681,848,478,121.07771434904254,130.40610632630109,143.2474573260953,153.74985359651194,73.10168731241633,75.39799522054777,26.882365281772355
person_9.mp4,front,62,1034,59.93435448577681,848,478,120.78616443071098,127.47804501288151,142.34398965878756,150.53380794595327,72.57885310674521,74.14941893112183,27.806991659758996
person_9.mp4,front,63,1051,59.93435448577681,848,478,121.76144572831228,127.8139466853713,142.7919195953305,151.2149855020239,73.09365145257682,74.55143585790384,27.324716642400606
person_9.mp4,front,64,1068,59.93435448577681,848,478,119.27944782560532,124.32841100481917,139.5918970025986,146.92966145208024,71.44360894585111,73.09649419463581,29.158186997126254
person_9.mp4,front,65,1085,59.93435448577681,848,478,120.88648765411826,125.1693655853718,140.04018315905424,147.20757051513021,72.88764971335159,74.40552445836259,28.489404091133547
person_9.mp4,front,66,1101,59.93435448577681,848,478,118.40492513111575,120.24411409835261,136.5961696387794,141.41524410419046,71.81879120409411,72.89088311422209,30.3438749527737
person_9.mp4,front,67,1118,59.93435448577681,848,478,117.03620961350805,122.33010496572915,135.3091415326398,142.8761490764182,72.41501841369706,73.31660662888005,29.885159283893714
person_9.mp4,front,68,1135,59.93435448577681,848,478,117.05995312558804,121.49529609513853,134.7875382596154,141.99160884678815,72.11975764881616,73.0038647814394,30.442678777373867
person_9.mp4,front,69,1151,59.93435448577681,848,478,115.31459242796001,119.26121747851488,134.22363073935355,140.91750119201055,70.35453915714405,72.02853083516337,30.81166433172571
person_9.mp4,front,70,1168,59.93435448577681,848,478,110.43869977319518,114.97741811787257,130.6975208676144,136.53659376091147,68.29395690203104,70.44681412827228,31.839593711089794
person_9.mp4,front,71,1185,59.93435448577681,848,478,110.1577993551194,111.13067153933395,130.5019076419539,132.94399584541293,67.71108901715267,69.49759806600655,32.07735527154841
person_9.mp4,front,72,1201,59.93435448577681,848,478,107.72177840183588,111.51202479108423,129.77023145660846,135.50562293575706,66.51375336158148,69.38398420690771,31.17439795725905
person_9.mp4,front,73,1218,59.93435448577681,848,478,107.75618063493675,113.27683054442323,130.80129571737075,137.74443719525104,66.16477987627161,69.86231186990466,31.167452915781077
person_9.mp4,front,74,1235,59.93435448577681,848,478,107.47948676836005,113.00065701836775,130.07546568961143,137.76810313614877,65.45822811040847,69.06153371459342,31.992207982775888
person_9.mp4,front,75,1251,59.93435448577681,848,478,105.78358197629811,112.10685394145582,129.05309967449548,138.55013983368417,64.74843658459629,68.4406033144913,32.04961661612837
person_9.mp4,front,76,1268,59.93435448577681,848,478,103.61795857375465,110.94490104282315,129.32802570082,137.9525908559098,63.08086437751236,67.64984622354612,31.923171765859845
person_9.mp4,front,77,1285,59.93435448577681,848,478,104.31318819919407,108.96010014563578,129.76689094190007,136.36444453629036,63.16176847536608,66.87398747002719,31.959340102308076
person_9.mp4,front,78,1301,59.93435448577681,848,478,105.60693334430471,109.2898829666512,131.22909625750316,136.43520467870485,62.778708593522765,66.56544753329223,32.0321049052592
person_9.mp4,front,79,1318,59.93435448577681,848,478,104.93406956633737,106.87002737637808,131.36224033035722,134.00769511471358,61.48349990788645,65.73241136327114,32.556745723912336
person_9.mp4,front,80,1335,59.93435448577681,848,478,104.84351898969003,102.58794052998563,131.34805371824277,130.07315182009566,61.31589744313855,65.46450567014406,32.62807493507513
person_9.mp4,front,81,1351,59.93435448577681,848,478,106.777750563922,104.10219534027432,133.614488683354,132.17032662443341,61.88885296974416,65.91244720877256,32.278396427158555
person_9.mp4,front,82,1368,59.93435448577681,848,478,107.74802775074482,104.08218417702919,133.92997933357495,131.13640306893103,62.18743793232281,66.9101058522977,32.00053047755831
person_9.mp4,front,83,1385,59.93435448577681,848,478,108.53892034309396,100.61417169276052,135.00133582166205,127.08765152183962,62.00050547139268,68.7812048465628,30.82746335747052
person_9.mp4,front,84,1402,59.93435448577681,848,478,108.75606200922793,98.60037073818509,136.03946940661876,126.11564505117276,62.54899380002892,68.44246289584731,30.05749497484993
person_9.mp4,front,85,1418,59.93435448577681,848,478,111.81369416492598,99.55036512506508,140.0484536685066,128.09506933991747,63.62100722594379,69.55658794908989,27.91350959213352
person_9.mp4,front,86,1435,59.93435448577681,848,478,112.01170763794907,95.94777166701199,140.43166291910632,124.51642259446818,63.63503510764429,68.75257872546115,28.290084264941306
person_9.mp4,front,87,1452,59.93435448577681,848,478,107.84363617427834,91.16947406432746,136.03863807609065,120.41689402189819,62.20726209252195,67.21579187760011,29.39125340315199
person_9.mp4,front,88,1468,59.93435448577681,848,478,107.68039740556607,88.68087542304323,137.32426859714903,118.30185932926612,62.6029520306632,68.7282088135584,27.898071217278186
person_9.mp4,front,89,1485,59.93435448577681,848,478,107.09231459596768,85.93112075905377,138.40274481477434,116.90136565726586,62.93214810364485,68.08778239065049,26.779642692142534
person_9.mp4,front,90,1502,59.93435448577681,848,478,106.88236328154541,82.62111672260897,138.95393435334702,113.05728981412676,63.62646517242388,69.21919856350091,25.830367410856535
person_9.mp4,front,91,1518,59.93435448577681,848,478,101.0780019024705,77.80258464306708,133.46310769930545,108.36668730516581,63.80357256171123,68.70004445087119,25.803720552443036
person_9.mp4,front,92,1535,59.93435448577681,848,478,100.57638508426419,77.04958087472954,132.7706304902013,107.68975357726,64.07847085513684,68.84000755416487,25.609975913403353
person_9.mp4,front,93,1552,59.93435448577681,848,478,101.96538526378703,81.16406231407801,134.1277388631378,111.37728342477193,63.6793229736155,69.32615760807795,25.794035153099994
person_9.mp4,front,94,1568,59.93435448577681,848,478,102.07789389899315,82.18922326922886,133.0588472154574,112.04489511740786,64.7835531056326,69.84192892239108,26.19464208201508
person_9.mp4,front,95,1585,59.93435448577681,848,478,100.8656935875481,81.38682023659462,132.20071481011703,112.05044924039649,63.78152989700689,68.92474947931491,26.490800646202647
person_9.mp4,front,96,1602,59.93435448577681,848,478,99.66044240436926,77.34747223293785,131.20993413298254,107.03217196464958,63.49222197954369,68.81268685448428,26.948242489101798
person_9.mp4,front,97,1618,59.93435448577681,848,478,94.476828514514,73.83040331762277,124.68118124599752,102.8158827942101,64.69266810317258,69.0715989870601,26.984234275591515
person_9.mp4,front,98,1635,59.93435448577681,848,478,88.54385117072553,66.2813459599896,120.18670363725721,94.47715724212826,62.65030589554564,66.80079171923089,27.278316909350444
person_9.mp4,front,99,1652,59.93435448577681,848,478,79.88391845507228,62.54817495454588,111.61490375509086,90.39109806267865,61.110878303755364,65.12530850944844,27.619138504043917
person_9.mp4,front,100,1668,59.93435448577681,848,478,81.19831910103034,63.52863969732578,112.51943942754677,90.86713820052408,62.09262569432542,66.51318183122757,27.309353271176498
person_9.mp4,front,101,1685,59.93435448577681,848,478,84.6875463321298,66.15597013125725,113.9910508433773,92.92780204773216,64.22060689465366,68.85682307502078,25.536966717932
person_9.mp4,front,102,1702,59.93435448577681,848,478,78.62118431937196,61.762283911463676,110.4466483284981,91.74267326389953,61.66098743791405,65.40255314993297,25.893762670834054
person_9.mp4,front,103,1719,59.93435448577681,848,478,80.26158605441272,63.91776891810833,112.58440802358365,93.0372325918394,62.58588206982361,66.91251471377596,24.992785994325196
person_9.mp4,front,104,1735,59.93435448577681,848,478,79.94031279482878,64.74236822221648,110.46958243375389,92.33122689710905,64.07664986143183,68.40822960157791,24.74268189633039
person_9.mp4,front,105,1752,59.93435448577681,848,478,79.88943041684145,63.4682664817027,112.05243811510007,92.19797501080949,62.91715671392027,67.26862396635894,24.45011842302522
person_9.mp4,front,106,1769,59.93435448577681,848,478,79.20925941734387,63.72888384305809,109.77626868789315,91.21303641720789,63.31652656227892,67.95133404914627,24.79354356974953
person_9.mp4,front,107,1785,59.93435448577681,848,478,78.80369010917629,63.52600299430293,109.5308250368094,91.01337817831568,62.941260055283074,67.58565075616268,25.047402509578095
person_9.mp4,front,108,1802,59.93435448577681,848,478,83.24079000890902,66.21406385942863,113.59622957931393,94.20896376859517,63.64053799887878,68.78327551150996,24.618861507588914
person_9.mp4,front,109,1819,59.93435448577681,848,478,97.9735519042422,69.18631452122558,127.05853569186267,98.10339220797661,66.17629782643253,69.85315875894531,23.1854312426202
person_9.mp4,front,110,1835,59.93435448577681,848,478,103.29549362726448,74.15688010359591,131.92051640434113,102.0440610947997,67.67002897125573,72.18653280693496,21.927045046754834
person_9.mp4,front,111,1852,59.93435448577681,848,478,106.03274050622716,78.82211488705666,135.84367357931615,106.38270541868015,67.41996055965775,73.11627609246759,21.40818334513264
person_9.mp4,front,112,1869,59.93435448577681,848,478,104.90647607958304,78.8741750167706,137.63906297211594,108.01768015456156,65.28584117410011,71.35715110027398,21.58614511895887
person_9.mp4,front,113,1885,59.93435448577681,848,478,111.9184222619188,89.20297528669197,143.55453700645214,119.33229230351321,66.38498551475274,71.43537232070467,20.96543082534088
person_9.mp4,front,114,1902,59.93435448577681,848,478,112.19873563120044,90.18230349971405,144.93642226231808,120.62577292093154,64.55686916104895,70.2584553060048,21.296019888253902
person_9.mp4,front,115,1919,59.93435448577681,848,478,118.24781138588361,98.28723578179797,147.97590783949042,126.12267612226735,66.67615366030732,72.22613261525296,21.76705982956579
person_9.mp4,front,116,1935,59.93435448577681,848,478,114.62098439662455,96.9618543516126,146.45337173316267,127.52105737736761,64.78908968246323,69.19441777581046,22.328318995610715
person_9.mp4,front,117,1952,59.93435448577681,848,478,119.62020990727294,120.2417997147419,148.43053245073983,149.5191214822678,67.74587936244349,71.77364717984682,22.40001250636423
person_9.mp4,front,118,1969,59.93435448577681,848,478,119.2866043347734,126.9578779791979,146.84218586280178,155.2175009994014,66.54883628936471,71.87108093383178,23.397288458904104
person_9.mp4,front,119,1986,59.93435448577681,848,478,126.16898977718404,130.780609514624,150.3000523271632,156.64570274081123,71.1741780024109,75.0055241773703,21.943240158302082
person_9.mp4,front,120,2002,59.93435448577681,848,478,130.8751980182108,136.01182904324438,152.79539487666827,161.70936711182628,74.23394997198638,77.02717467300695,20.952308130270847
person_9.mp4,front,121,2019,59.93435448577681,848,478,129.94945764163984,137.1649783410385,153.09391752175122,162.86205254805742,74.60262227692614,77.77072100519389,19.80174060691264
person_9.mp4,front,122,2036,59.93435448577681,848,478,129.2596726640682,136.5674568284857,152.5018344241938,163.38533383977017,74.14863398156717,76.05655099356228,20.048573139038435
person_9.mp4,front,123,2052,59.93435448577681,848,478,132.25588402044343,138.79161845510146,152.08351744963034,162.65575145658252,77.5745943118332,79.0970115660399,19.651419287985888
person_9.mp4,front,124,2069,59.93435448577681,848,478,131.1472850566792,137.95359918320503,150.92082303430203,162.34405483167933,78.11043531986067,79.1309736673482,19.416159776970265
person_9.mp4,front,125,2086,59.93435448577681,848,478,136.95827362809126,141.27806029725832,153.87561070443488,161.87032613608815,80.98869153824117,81.95625106249261,19.603253381982864
person_9.mp4,front,126,2102,59.93435448577681,848,478,136.1895831066473,141.37271620211953,152.4544079618566,161.43455187770442,82.09601730829881,82.72070448915217,19.40967184833125
person_9.mp4,front,127,2119,59.93435448577681,848,478,136.8579356814168,141.6758981523419,152.76853667789268,161.76031603548913,82.43648199696966,82.7764106258212,19.524304269515074
person_9.mp4,front,128,2136,59.93435448577681,848,478,135.77804294424837,140.47955197474923,153.35880526155438,162.6031052616688,82.28569159574545,83.55041358081857,17.484777152012537
person_9.mp4,front,129,2152,59.93435448577681,848,478,137.19082590495213,143.13812941608037,153.7104200773474,163.48219620818296,82.4846926814909,84.45562947599386,17.92597660763515
person_9.mp4,front,130,2169,59.93435448577681,848,478,136.4605979212096,141.1638607385667,154.07968673988017,163.01038906746723,83.2544828607802,85.5003635403447,16.557973979389114
person_9.mp4,front,131,2186,59.93435448577681,848,478,137.56565091524783,142.6087534616106,155.32614977193185,163.27004663618027,83.611671890938,86.65464123516718,16.34033551318132
person_9.mp4,front,132,2202,59.93435448577681,848,478,136.56291591062254,142.50737431056416,154.7482823348164,162.42162177024025,83.50770943483133,87.0578685475843,16.68256059220247
person_9.mp4,front,133,2219,59.93435448577681,848,478,135.65899156869347,141.28731248399703,153.91411245348235,161.2621206839335,83.34724906786073,86.46867861344161,17.118544425532164
person_9.mp4,front,134,2236,59.93435448577681,848,478,136.09212373525477,141.92729927430187,154.14774828206407,161.68604701266662,83.49379060177631,86.2205490667967,17.004243406395428
person_9.mp4,front,135,2252,59.93435448577681,848,478,136.65159952713842,141.91541865507733,156.78520195478225,163.8278657542792,83.88976837526019,85.78487327093926,14.312339409582789
person_9.mp4,front,136,2269,59.93435448577681,848,478,138.82117509967512,143.27088803531177,157.27740159002775,165.4448633264139,85.52621279215673,86.10270753002841,13.369249202632048
person_9.mp4,front,137,2286,59.93435448577681,848,478,138.4009782760021,143.32838216021267,156.45407851611785,164.62249038314485,85.25786398806142,85.79543078773293,14.114299026463245
person_9.mp4,front,138,2303,59.93435448577681,848,478,142.1654290474085,145.53958662525258,157.82865837461182,166.0598627510971,87.79254823209868,86.6875207117964,14.458724908490655
person_9.mp4,front,139,2319,59.93435448577681,848,478,141.52212946330422,145.25558634909905,157.43168527554855,165.5663687919547,87.34417186867364,87.09284962581155,14.636464470227677
person_9.mp4,front,140,2336,59.93435448577681,848,478,143.5912997980089,145.40078937481448,158.76041859497698,164.5067708387713,87.6390487185982,87.28378164325218,15.298794234080274
person_9.mp4,front,141,2353,59.93435448577681,848,478,143.66887754580404,145.8965802366493,159.85082033005168,164.8848902986369,88.25432040210107,87.84372889754205,14.536651985690062
person_9.mp4,front,142,2369,59.93435448577681,848,478,143.36468311331262,145.47120081288094,159.9805745951262,164.66516752599543,88.30468469679556,87.66347279238006,14.460364445571535
person_9.mp4,front,143,2386,59.93435448577681,848,478,143.36095748683496,145.37610284337538,160.15097506308655,164.39708645835802,88.13745280207027,87.49780799933036,14.460415019385058
person_9.mp4,front,144,2403,59.93435448577681,848,478,144.05198677149215,146.24132157603904,160.61404804125556,164.7004422541308,88.18036982119209,87.9772839991467,14.509390540735591
person_9.mp4,front,145,2419,59.93435448577681,848,478,145.43180149913536,146.26121151953384,163.85987437590623,165.23643181993359,88.6822120584426,87.9085435406626,12.798851157858007
person_9.mp4,front,146,2436,59.93435448577681,848,478,145.59021229143127,147.0733883782261,163.33196126962687,165.55586204650706,88.72081998156138,88.54630670494511,13.263764944920096
person_9.mp4,front,147,2453,59.93435448577681,848,478,145.30800673663174,148.2777816855856,164.88404882363278,167.6710840092574,88.38382166251434,89.48810006396985,10.952733696171924
person_9.mp4,front,148,2469,59.93435448577681,848,478,144.81231032478922,148.59612609424636,166.06700493126453,168.69173355815627,88.29365165888517,89.97842469136717,9.686861388574243
person_9.mp4,front,149,2486,59.93435448577681,848,478,144.49205579146695,148.48030705643387,164.68436422769346,167.8495455256003,88.20147330529215,90.18139111899065,10.830582842437911
person_9.mp4,front,150,2503,59.93435448577681,848,478,144.6787123167892,147.9201629729699,165.79890537203818,167.63338847327012,88.3343327621339,90.05905604854577,10.327010513003154
person_9.mp4,front,151,2519,59.93435448577681,848,478,145.54688271023016,147.6667386950193,166.48273392012203,167.16182743204132,88.21867763024831,90.06164051709146,10.524742027683974
person_9.mp4,front,152,2536,59.93435448577681,848,478,145.45336701952414,147.39989725703475,166.3119719715894,165.0302853575406,87.33388982409211,89.34665503691811,12.43354943201339
person_9.mp4,front,153,2553,59.93435448577681,848,478,145.6219613654815,148.22635941033232,168.1466205235464,166.92942667146968,87.32168615175759,89.8744913199753,10.28363163642097
person_9.mp4,front,154,2569,59.93435448577681,848,478,146.11097056273883,148.50314430996124,170.60265085873226,167.79395045596203,87.76976096269044,90.28144967404408,8.461912915739477
person_9.mp4,front,155,2586,59.93435448577681,848,478,145.62047522577848,148.36784972723407,168.82830711763773,167.50436202838634,87.5169371445402,90.67557283604944,9.51831927949565
person_9.mp4,front,156,2603,59.93435448577681,848,478,145.22787502541243,147.58886862962368,168.73016435501702,166.95985230297828,87.4870837836717,90.1991777823368,9.563640200974614
person_9.mp4,front,157,2620,59.93435448577681,848,478,147.01286010594686,148.12859330835957,170.65011313356342,168.99024181924798,88.70106605697173,90.4232545194144,7.238088492464455
person_9.mp4,front,158,2636,59.93435448577681,848,478,148.4598883100636,147.94022080647363,170.889344734786,168.28950723201154,89.97604842139692,90.75690688989691,7.066147242644281
person_9.mp4,front,159,2653,59.93435448577681,848,478,148.88665856258038,147.206109687105,172.42889986743248,168.34156696291024,91.17120617946136,91.0288221896283,5.083524791221477
person_9.mp4,front,160,2670,59.93435448577681,848,478,149.60532775316346,147.17175857698925,173.8182712344659,169.68371352795552,91.98649081410899,91.13412295528973,3.4100192364158803
person_9.mp4,front,161,2686,59.93435448577681,848,478,148.75950216837347,145.74993696781698,172.42917674348067,168.32750141098185,91.59538181462585,90.12817106312937,4.568002631439367
person_9.mp4,front,162,2703,59.93435448577681,848,478,148.2953866333,145.71296343059015,172.3696481736035,168.9945291630761,91.47463719456516,90.18035051998075,4.010692294880642
person_9.mp4,front,163,2720,59.93435448577681,848,478,147.99487231990634,145.53949092814636,171.33728649406405,168.45406331866815,91.36620058391222,90.19595164261871,4.957957446111504
person_9.mp4,front,164,2736,59.93435448577681,848,478,147.79338174688647,145.73950924470603,173.72471386699965,170.13791783208018,91.25792949329893,90.21057696141115,2.3708337360051255
person_9.mp4,front,165,2753,59.93435448577681,848,478,147.82172734341245,145.71638368781063,172.80334689679117,169.64736037075653,91.235150961245,90.27796631522638,3.2947856751354005
person_9.mp4,front,166,2770,59.93435448577681,848,478,147.75341460713352,146.07805570633514,171.97541069862783,169.252658337241,90.9734818377634,90.89146748041496,4.080773758556052
person_9.mp4,front,167,2786,59.93435448577681,848,478,147.90244387568046,146.15007482744522,171.24777696540113,168.5930284771233,90.72158868033883,90.82755486644639,5.136793742364302
person_9.mp4,front,168,2803,59.93435448577681,848,478,147.97726991910451,146.83292886205038,170.24343524656533,168.83946835142208,90.82384480578102,91.00007327077292,5.852076528184042
person_9.mp4,front,169,2820,59.93435448577681,848,478,148.6057096372441,148.06087495163703,170.2724592002196,169.20738213171865,91.22777325849808,91.46039946112968,6.174953275364208
person_9.mp4,front,170,2836,59.93435448577681,848,478,148.21862468865754,147.90574885600583,169.81816138362447,168.75226981969885,91.13291165924015,91.27658467251548,6.685631074446525
person_9.mp4,front,171,2853,59.93435448577681,848,478,150.0788347830205,149.79090881554447,170.4468541966515,169.64540276584395,91.88393997717343,92.1151178165045,7.050341904845032
person_9.mp4,front,172,2870,59.93435448577681,848,478,147.3637320503103,148.1125062829154,169.79387335631296,167.88128801716033,90.18000963635504,91.10064528277526,8.360123457729244
person_9.mp4,front,173,2886,59.93435448577681,848,478,148.965054969809,148.92673957315736,171.43081294580017,168.04848339341382,91.18794882698045,91.82642609047825,7.498451811904386
person_9.mp4,front,174,2903,59.93435448577681,848,478,150.72160369691917,149.78778857028843,172.22860918388875,168.6620691417064,91.72899856801989,91.84434977990273,7.788171216570208
person_9.mp4,front,175,2920,59.93435448577681,848,478,150.24369264656653,149.756628756547,171.64277663923227,168.5339866919961,91.47766345001001,91.71389335866817,8.163558179282468
person_9.mp4,front,176,2937,59.93435448577681,848,478,150.46914596233444,149.92319160797393,169.13766661851457,167.22882923721352,91.83219819568966,91.83193031688656,10.290038935244306
person_9.mp4,front,177,2953,59.93435448577681,848,478,150.21585800844417,149.68966009473968,168.3803381895659,166.49255252020495,91.6791613481712,91.61070113170393,10.988708840612922
person_9.mp4,front,178,2970,59.93435448577681,848,478,150.8492063318636,150.12542701354542,168.50331475193374,166.41144880722567,92.49909418151653,92.08362410281507,10.862002747985043
person_9.mp4,front,179,2987,59.93435448577681,848,478,150.99392899866464,150.19746450209058,168.43339442248157,166.58041699173114,92.52647187230806,91.98208545177312,10.84284236134117
person_9.mp4,front,180,3003,59.93435448577681,848,478,151.86696673778772,150.62072206982322,169.51180563425316,167.7189972211678,93.23590492400847,92.59888359827598,9.386212445378904
person_9.mp4,front,181,3020,59.93435448577681,848,478,151.8521058719969,150.5909253402445,169.39693754096933,167.37329691304618,93.37182886893285,92.63545686007973,9.56235864308305
person_9.mp4,front,182,3037,59.93435448577681,848,478,151.9136685453646,150.79749156005838,169.09654271964732,167.37815652027538,93.51286063838377,92.8973625717854,9.657550535203875
person_9.mp4,front,183,3053,59.93435448577681,848,478,151.80374502015135,150.66472577913544,169.1604015272884,167.72658062237116,93.52151465793744,92.84871378864953,9.338632797075327
person_9.mp4,front,184,3070,59.93435448577681,848,478,151.51732123202885,150.6179677306453,168.92814823919352,167.1280334091183,93.29187299409861,92.78070076376014,9.755319384118147
person_9.mp4,front,185,3087,59.93435448577681,848,478,151.43565282813157,150.64619134588523,169.03479637343295,167.4713688856481,93.20453457598818,92.82096117634318,9.485272220622443
person_9.mp4,front,186,3103,59.93435448577681,848,478,151.32023961585594,150.595187076345,168.4838675992659,167.02688928584826,93.10652018003071,92.8808574278136,9.957638595512991
person_9.mp4,front,187,3120,59.93435448577681,848,478,150.91465387969438,149.3712591502448,168.7652501786787,166.7475763013304,92.97504362021688,92.28596749659735,9.464503822929153
person_9.mp4,front,188,3137,59.93435448577681,848,478,151.2491577581549,149.65557949864981,168.85082147128912,166.88762981942037,92.95249234658996,92.5258678329555,9.289694217261363
person_9.mp4,front,189,3153,59.93435448577681,848,478,151.0292113955153,149.23876497993047,168.80231804166098,166.75494291829884,92.83064906936278,92.26828097246863,9.270195922222278
person_9.mp4,front,190,3170,59.93435448577681,848,478,150.82258109235164,149.07505733909395,168.78652413645204,166.70831213525213,92.71187580301394,92.19643873548013,9.281663101302613
person_9.mp4,front,191,3187,59.93435448577681,848,478,150.78854662031728,149.24467272681173,168.03837892931318,166.39183637657686,92.71655363673106,92.24214636239857,9.944463482507128
person_9.mp4,front,192,3204,59.93435448577681,848,478,150.069079748233,148.752916368044,168.40506659686264,167.45433887945643,92.37849994101042,91.95626119940381,8.844763237196604
person_9.mp4,front,193,3220,59.93435448577681,848,478,150.59189558422642,149.31092081859163,168.29607006228358,167.45284761422408,92.7855586845902,92.34864196019127,9.05182672987572
person_9.mp4,front,194,3237,59.93435448577681,848,478,149.78606802888777,148.66843060334432,167.92299388986797,166.78176506737222,91.84941862019323,91.6073547976532,9.770832637930399
person_9.mp4,front,195,3254,59.93435448577681,848,478,150.30137711578683,149.0692378852821,165.4333652573019,166.62939960106,91.72466955720915,91.04971253938561,12.053894573360544
person_9.mp4,front,196,3270,59.93435448577681,848,478,147.99475002954736,148.03934674918705,165.7953642073779,164.97466463035687,89.7513738592457,90.28640688588554,12.842461471602464
person_9.mp4,front,197,3287,59.93435448577681,848,478,148.46494914482426,148.13761572160863,166.33588872211547,165.14720443494485,90.06027407752804,90.28275069306117,12.371191002384837
person_9.mp4,front,198,3304,59.93435448577681,848,478,148.92453316554088,148.31906932348608,166.78202806184098,165.1293539039391,90.26120074079002,90.42837377901344,12.254223852857969
person_9.mp4,front,199,3320,59.93435448577681,848,478,148.76474870281854,148.09568963129453,166.4769419254919,164.25974097131675,90.02549137082703,90.10770433889147,12.878554982054585
person_9.mp4,front,200,3337,59.93435448577681,848,478,148.8900268247171,148.1681163527355,166.70543782341613,164.4087468377732,89.8227967752847,90.12628189515267,12.694955762863927
person_9.mp4,front,201,3354,59.93435448577681,848,478,149.26102455770382,148.12529918881722,165.96802367211794,163.2926753131575,89.68072775229399,89.96057460605651,13.937282006798036
person_9.mp4,front,202,3370,59.93435448577681,848,478,149.29121062215555,148.4142646833745,165.94221800202826,163.81495772018562,89.76016022728305,90.11699797036296,13.722706295387487
person_9.mp4,front,203,3387,59.93435448577681,848,478,149.4577783649791,148.64776663545388,166.06099460976887,164.14875783264543,89.77623706853164,90.15824135725593,13.689542855952261
person_9.mp4,front,204,3404,59.93435448577681,848,478,149.2167622761406,148.66801665825005,165.61230122395693,164.3381428273843,89.81465516366426,89.9370807484853,13.53973210329393
person_9.mp4,front,205,3420,59.93435448577681,848,478,149.25629304637158,148.694357618358,164.99036598910897,163.57551746290883,89.87484408875736,90.07139738564332,14.311095645343997
person_9.mp4,front,206,3437,59.93435448577681,848,478,149.29794738392152,148.68373405360015,164.54656230626517,163.64016592677345,89.96250104188454,90.03300885401252,14.422471363198442
person_9.mp4,front,207,3454,59.93435448577681,848,478,149.32319949850987,148.87642906938595,164.4368494280716,163.8666242221381,90.27781899855661,90.11125688267258,14.22800169063062
person_9.mp4,front,208,3470,59.93435448577681,848,478,149.08608047498115,148.66085490814436,163.76998251409273,162.85055899296736,90.28100891178292,90.23819579741263,15.09434097430279
person_9.mp4,front,209,3487,59.93435448577681,848,478,148.12358789982017,148.22697799794545,163.38331636731306,162.8516145021558,89.88740108391974,89.86674209190333,15.079433563781341
person_9.mp4,front,210,3504,59.93435448577681,848,478,147.14446907540167,147.9103700914074,163.23592488198636,163.18623932040333,89.6202470890374,89.8697606759418,14.741117992722547
person_9.mp4,front,211,3521,59.93435448577681,848,478,145.4553453344924,146.3213268567891,159.9710994153714,162.6279076622549,88.61119667292287,88.73384684050707,16.720451350349823
person_9.mp4,front,212,3537,59.93435448577681,848,478,144.47457586493877,146.23925064879649,159.94298746040175,162.39513670825383,87.93986214268345,88.76410687699008,16.54066719289226
person_9.mp4,front,213,3554,59.93435448577681,848,478,143.50965003071698,146.21429702116788,158.95783647841895,162.20263947526675,87.18988431551446,88.41168511135496,17.934750146168707
person_9.mp4,front,214,3571,59.93435448577681,848,478,142.79486675443863,143.67621330875127,161.31676505106992,160.69890616184296,83.16304202775358,85.47640272634789,20.499304004071472
person_9.mp4,front,215,3587,59.93435448577681,848,478,143.9323287569734,141.13313276180816,159.12502172976212,159.65315379466497,83.4091194442656,82.32967724057772,22.77574529663508
person_9.mp4,front,216,3604,59.93435448577681,848,478,143.82055073394332,142.0375084113304,158.8327390666415,160.39780017798626,83.63774660732423,82.55024056737513,22.63214656275902
person_9.mp4,front,217,3621,59.93435448577681,848,478,142.44087989740865,141.90405840044275,159.68154808524577,160.30461942617188,82.21907025896878,82.04609321651485,22.495247238967696
person_9.mp4,front,218,3637,59.93435448577681,848,478,141.3134582262806,139.18965567972788,157.8964474599268,159.77524643662898,80.6821092125071,79.60422806260928,23.622475713961137
person_9.mp4,front,219,3654,59.93435448577681,848,478,138.04168685755903,138.14293096043957,154.66917878237192,158.89750738178904,79.891664270629,78.8631859879547,24.220581459877394
person_9.mp4,front,220,3671,59.93435448577681,848,478,135.22943978566968,138.6806098322148,155.58707917975767,159.03300425195613,77.96939099369055,79.2608607535753,23.575272866637064
person_9.mp4,front,221,3687,59.93435448577681,848,478,133.8580552210039,137.6856796042665,153.5690857384654,158.7873658129649,77.6868668783105,79.27649511196141,23.727604778022815
person_9.mp4,front,222,3704,59.93435448577681,848,478,132.577691765804,138.73746131247435,153.58694116458304,159.16388233006825,76.8660080793162,80.06564357617019,22.881079685011883
person_9.mp4,front,223,3721,59.93435448577681,848,478,132.8324655098185,138.79107267818355,153.92054602419955,158.99529617921417,77.71872000455812,80.18825847318178,22.63163249165129
person_9.mp4,front,224,3737,59.93435448577681,848,478,131.53246872936606,138.42274934954816,152.50536588277856,158.8799143009815,77.07988283884654,79.99284437938033,22.93173199456459
person_9.mp4,front,225,3754,59.93435448577681,848,478,131.09384353996893,137.5755043227591,151.65881403079965,158.88692202594015,77.05139072081842,79.24098409931753,23.181396503460714
person_9.mp4,front,226,3771,59.93435448577681,848,478,131.35874263892725,137.8726180752637,152.06407987983042,159.02269600305834,77.54355544626664,79.22498162571064,22.95199557368176
person_9.mp4,front,227,3787,59.93435448577681,848,478,131.9256375644579,138.42355336273806,152.8279634408512,159.46959758377176,77.7247226613404,78.72609950314936,23.207313749730222
person_9.mp4,front,228,3804,59.93435448577681,848,478,132.60010338753858,139.53593409613467,152.80984543997914,159.82056659936075,78.37054713182808,79.18791858392223,23.268983223122767
person_9.mp4,front,229,3821,59.93435448577681,848,478,132.95061966375923,139.73207417901796,152.89486566223312,159.79215293006138,79.16505256565232,79.34589571248638,23.145119212241617
person_9.mp4,front,230,3838,59.93435448577681,848,478,132.70561057740716,139.61733559713977,152.27573352281408,159.55993644314776,78.76004050635612,79.42064751544157,23.4505727386502
person_9.mp4,front,231,3854,59.93435448577681,848,478,133.0284112295329,139.74648624593684,152.22994188400398,159.60161499685884,79.21377609588274,79.51696573032217,23.422848628466312
person_9.mp4,front,232,3871,59.93435448577681,848,478,132.1116988760256,139.5876525889745,151.34008892454005,159.44462901059643,78.93547136860555,79.44631228993228,23.604837857109484
person_9.mp4,front,233,3888,59.93435448577681,848,478,131.21094443616118,138.56322394129577,151.12726928430234,159.07897486527173,77.90460368843901,78.77630657938553,23.928632947888854
person_9.mp4,front,234,3904,59.93435448577681,848,478,130.4487836996262,137.34784783404174,150.75526943770618,158.20158110023561,77.3656961890867,78.32750862650818,24.362677752700296
person_9.mp4,front,235,3921,59.93435448577681,848,478,129.392901494961,135.53180275374064,150.539811188125,156.5925479618672,76.00444924039547,77.46716148867527,24.74036195514349
person_9.mp4,front,236,3938,59.93435448577681,848,478,127.8476432025263,131.8311843974021,148.7411612735738,153.18241209896286,75.10041330366772,76.36325017655645,25.956060050290915
person_9.mp4,front,237,3954,59.93435448577681,848,478,125.92688550215709,128.01955732409493,148.33715502205905,150.2722808355281,73.41744851025894,74.839709600592,26.346016700086736
person_9.mp4,front,238,3971,59.93435448577681,848,478,125.408303305126,127.90241119725344,147.7771522666032,150.60683384414594,73.18108678573624,75.1534000945088,26.397914919050258
person_9.mp4,front,239,3988,59.93435448577681,848,478,124.50757184243567,127.68585643715966,147.505317554534,151.1839991862064,72.63675585843734,75.05954045510087,26.087906653431595
person_9.mp4,front,240,4004,59.93435448577681,848,478,123.50164847020437,126.74582740602955,146.19206981142858,150.7449006244991,71.84142220932719,74.28122698340016,26.535855030488616
person_9.mp4,front,241,4021,59.93435448577681,848,478,122.53409504274289,123.08220011532717,146.89436644450893,148.47031389305607,70.99188070281512,72.36309683085132,26.206172331361838
person_9.mp4,front,242,4038,59.93435448577681,848,478,122.86891933035874,123.78579904618803,146.5028655948442,149.33628717616745,70.76768347073741,72.913251825242,26.3954972467087
person_9.mp4,front,243,4054,59.93435448577681,848,478,122.27042592397109,122.20409927431982,146.52493020670698,148.20151263904546,70.50444931369273,72.31378868255581,26.340867843738668
person_9.mp4,front,244,4071,59.93435448577681,848,478,120.78982565592388,120.90946548640929,144.00311416980207,147.11889630739824,70.63910038264838,71.51034955266618,26.735923872655775
person_9.mp4,front,245,4088,59.93435448577681,848,478,121.79666439653136,121.10372554217261,145.06799896033226,146.56301262788585,71.2775702711201,73.73576088110788,26.397667627341395
person_9.mp4,front,246,4104,59.93435448577681,848,478,118.95717736611226,117.7976396803459,141.52485882627204,143.83996033385768,70.28846934591161,72.76212678046957,27.420412020288286
person_9.mp4,front,247,4121,59.93435448577681,848,478,118.69128444790448,116.30856673723218,140.8915831027416,142.44491919371046,70.07430768466382,72.21488929748351,28.101749201103033
person_9.mp4,front,248,4138,59.93435448577681,848,478,117.96604692173793,115.74371334084425,139.70435086372527,141.73461851710172,69.90653725517537,72.4497263225437,28.47966012800133
person_9.mp4,front,249,4155,59.93435448577681,848,478,115.1634175610184,105.56409171551967,138.2199888797369,132.1309074072541,67.7817414492436,70.21308982811892,29.35149303367149
person_9.mp4,front,250,4171,59.93435448577681,848,478,115.73460228127078,111.01833405177236,139.26368622031706,136.5484874336079,67.51399794947714,71.9849660031256,28.873484160876796
person_9.mp4,front,251,4188,59.93435448577681,848,478,112.82582640654843,103.17705038381892,135.45378020736283,128.27615399268328,66.14166576406873,69.10438242115211,31.202619147839986
person_9.mp4,front,252,4205,59.93435448577681,848,478,113.46691218631737,107.6598711245251,136.08231285111353,132.12823932880607,66.25922840595017,70.04797953881713,31.28344682100552
person_9.mp4,front,253,4221,59.93435448577681,848,478,105.58131484794039,102.03628902771919,128.3992332531662,127.05370811818374,64.64274317824797,68.13343340238671,31.965467707374092
person_9.mp4,front,254,4238,59.93435448577681,848,478,106.84536756797418,102.52734940412687,127.67536126297706,126.00409243747023,64.99306236266155,67.80596625180925,33.3090906781121
person_9.mp4,front,255,4255,59.93435448577681,848,478,106.64992247811618,105.92865891006961,128.37299847198074,128.5460493591685,64.72717551439956,67.90999726195224,33.29673032471802
person_9.mp4,front,256,4271,59.93435448577681,848,478,104.46523278759709,101.17438319902203,124.6854650959591,123.88823102545582,63.90464158063102,66.5478480914837,34.792776407134035
person_9.mp4,front,257,4288,59.93435448577681,848,478,106.9651054854492,100.49052775884714,127.33674115566585,123.94979472346421,64.2587335501301,66.13744740147294,34.22464136109781
person_9.mp4,front,258,4305,59.93435448577681,848,478,105.8005403732439,96.7939002356218,126.71253679062005,120.69667641854284,63.00048755595572,64.81294235324431,34.961016628367254
person_9.mp4,front,259,4321,59.93435448577681,848,478,101.90007956878026,94.51374660754682,123.99974344752155,118.87007749224733,62.53191283464972,65.18420503011252,34.4102710136577
person_9.mp4,front,260,4338,59.93435448577681,848,478,101.00047866526593,93.60282697753227,123.76241624777454,117.88706121834065,63.10310891752344,66.4324434356234,33.69236618095643
person_9.mp4,front,261,4355,59.93435448577681,848,478,95.62478634965268,90.30618955270523,118.84087228055935,114.96973512152202,62.752313329731244,65.61587659465948,33.77565968257124
person_9.mp4,front,262,4371,59.93435448577681,848,478,95.5048489658801,88.41555442236687,118.46719043774858,112.50319186892588,63.14744617188134,66.32310341355776,33.79566295507122
person_9.mp4,front,263,4388,59.93435448577681,848,478,94.47357883011988,86.49629180741833,117.73241748507176,110.62545165533321,63.79718535230454,66.62880632474554,33.33212823300407
person_9.mp4,front,264,4405,59.93435448577681,848,478,95.38599535630226,85.70264771389866,120.9551090106212,111.75355835262486,63.10631724095614,66.58889262909291,31.202323475465825
person_9.mp4,front,265,4422,59.93435448577681,848,478,91.132769551417,85.00806574333583,117.34773395455865,111.51228071346313,64.62148810561943,66.9050176092455,30.128827425775693
person_9.mp4,front,266,4438,59.93435448577681,848,478,90.22687590522123,84.22190487770416,117.86600061398477,111.48477109751153,63.47422171342546,66.34943928380045,30.07152842633156
person_9.mp4,front,267,4455,59.93435448577681,848,478,85.72978253427293,79.15993699762748,116.5162386825274,108.99885521457139,62.777305924077794,65.12759498457798,28.25337860500146
person_9.mp4,front,268,4472,59.93435448577681,848,478,84.98682490957681,77.1026745422599,114.4310846237948,105.26501261181552,63.86724986693632,66.30318560121033,28.6568228615727
person_9.mp4,front,269,4488,59.93435448577681,848,478,80.11470836314567,73.45537367061758,109.93452512644123,101.88617970351397,64.36883833158646,66.26424385486274,27.523557974500893
person_9.mp4,front,270,4505,59.93435448577681,848,478,78.5692739634012,70.48912712078771,108.82844656878211,98.80569664859004,63.25763252185453,65.3090109093183,27.79649126315223
person_9.mp4,front,271,4522,59.93435448577681,848,478,78.17628907279318,69.72102378220339,107.65583113519664,96.96177406183857,63.90003112116981,66.108872370503,28.110857079528113
person_9.mp4,front,272,4538,59.93435448577681,848,478,78.18525223015702,67.94209516835087,108.83323735633788,95.8918989936976,63.206248539144475,65.42221673744916,27.81703209993741
person_9.mp4,front,273,4555,59.93435448577681,848,478,73.35846969885867,63.28417395392779,105.68933878293592,92.02570452745762,62.529638139725606,64.17453427904182,26.51337077125256
person_9.mp4,front,274,4572,59.93435448577681,848,478,72.44598173110465,63.544732283402155,104.35473271583511,91.54905673789169,62.80920466577318,64.64680789490686,26.954446677612392
person_9.mp4,front,275,4588,59.93435448577681,848,478,73.246164368392,65.12846503244894,105.86304515344229,94.96028362650527,64.05641221543061,65.83181477836102,25.475917656661064
person_9.mp4,front,276,4605,59.93435448577681,848,478,77.8605368990714,67.35818536819566,108.5363004958371,97.1642982076949,63.111629897440686,65.73972334842213,26.197956500443365
person_9.mp4,front,277,4622,59.93435448577681,848,478,76.57692143484441,65.66581036709756,108.51369612046899,95.39432580651133,61.72084333841616,65.62296284737415,26.319482337492225
person_9.mp4,front,278,4638,59.93435448577681,848,478,77.45922149992145,66.70003867582301,109.44082468180254,95.67968807551442,63.18412886222967,66.58965389648817,25.647495450873897
person_9.mp4,front,279,4655,59.93435448577681,848,478,75.68410174134833,65.91372107669702,108.65985196804242,96.64791424753153,63.99599399070517,66.54133261045853,24.45635435368148
person_9.mp4,front,280,4672,59.93435448577681,848,478,77.37279437841626,67.0103712699814,109.78377045755632,97.84602990451681,65.02741659675154,66.00980721733873,25.10494992263721
person_9.mp4,front,281,4688,59.93435448577681,848,478,76.2858970298163,65.91298875414167,109.34622474022574,97.16827248836935,63.5544837712503,65.36613187280965,24.661241159094185
person_9.mp4,front,282,4705,59.93435448577681,848,478,77.03473436525458,66.30505120882523,109.60345604567308,97.35125775875032,63.2030526364233,65.39382105689918,25.189499948547063
person_9.mp4,front,283,4722,59.93435448577681,848,478,76.12038831013174,65.94629403183079,109.9423251152972,98.15578944115038,63.3654203799951,65.37090443902363,23.778438457348244
person_9.mp4,front,284,4739,59.93435448577681,848,478,76.13763711666192,66.92784494421205,109.31546859134303,98.62176041467855,62.8255331133914,65.43600975489522,24.512634507225922
person_9.mp4,front,285,4755,59.93435448577681,848,478,75.01044896031088,67.52208004760364,107.48493596357117,98.53249154365807,62.48678727158802,65.49720145567048,25.032634361826506
person_9.mp4,front,286,4772,59.93435448577681,848,478,75.58099592400474,67.72653258034526,106.87538975591775,97.2599299610463,62.3945048051342,65.33078914656107,26.61286336749277
person_9.mp4,front,287,4789,59.93435448577681,848,478,80.779096452335,71.28118018362959,112.31243349220975,101.8375229130852,62.92133682143798,65.8220281435312,25.84625557387318
person_9.mp4,front,288,4805,59.93435448577681,848,478,89.6638783059629,84.531732910046,120.87052939499888,115.31069081247708,62.13354105985413,65.83993549588149,27.04276282727943
person_9.mp4,front,289,4822,59.93435448577681,848,478,93.31514913244392,85.79412620721256,123.8839931787329,115.36631846954327,61.806517830264404,65.88000380981816,28.290340613191834
person_9.mp4,front,290,4839,59.93435448577681,848,478,96.3463638494097,84.82031352168568,123.4095056921971,111.80181682916327,62.90215438452289,66.64629369433153,29.930313236235865
person_9.mp4,front,291,4855,59.93435448577681,848,478,103.07361133350707,89.91696439925953,131.54553410412444,116.9009394231314,62.78576391559264,67.00785314273872,29.24954031905083
person_9.mp4,front,292,4872,59.93435448577681,848,478,107.44127899167421,95.75614505291223,136.8950524439423,123.48539503153071,61.89114727849636,66.15937527854508,28.755194741725845
person_9.mp4,front,293,4889,59.93435448577681,848,478,106.69184725831998,96.10408622879501,136.14426529982384,123.28162569607554,61.988067111629725,66.69105386148705,28.76393732734318
person_9.mp4,front,294,4905,59.93435448577681,848,478,107.34661575106772,95.57240866403598,136.8743720189494,122.92915563147764,62.10647772243551,67.08377789562867,28.13502876471741
person_9.mp4,front,295,4922,59.93435448577681,848,478,111.82177256603492,102.8314297653125,140.83385048238472,130.4171265075006,62.11453838468951,67.23484728789869,27.949762206426346
person_9.mp4,front,296,4939,59.93435448577681,848,478,111.05313797500872,104.54614218863601,139.5962871582227,132.41847322677862,63.023359325459886,67.77014385722543,27.704473935401175
person_9.mp4,front,297,4955,59.93435448577681,848,478,108.53881716019504,110.13726208027904,136.4505985546676,138.1416870666886,64.10850071061438,68.15360386782955,27.533581867900022
person_9.mp4,front,298,4972,59.93435448577681,848,478,108.24800276544987,115.38819023231267,135.54587466636576,143.39053482309643,65.67015243169769,69.1206634014869,27.127648270448923
person_9.mp4,front,299,4989,59.93435448577681,848,478,112.71409107688571,116.01754639263204,139.04939898022826,143.2646103204585,66.0909548479966,69.5968431122094,26.58221231619859
person_9.mp4,front,300,5005,59.93435448577681,848,478,119.06695578990418,124.59048700454076,143.1093963373655,151.9300744742726,68.01904198909544,70.29022542355759,26.22677812746526
person_9.mp4,front,301,5022,59.93435448577681,848,478,121.66511373543487,128.5599819814778,146.46278303387044,155.97359673120172,68.39468758564587,70.50168476782838,25.511348088634787
person_9.mp4,front,302,5039,59.93435448577681,848,478,124.13086249996809,125.43213298869081,149.31036737358065,152.28739609104363,69.23991765680643,71.7490599502534,25.104349162530326
person_9.mp4,front,303,5056,59.93435448577681,848,478,126.40416099776633,130.1266628433453,150.33436934932226,155.6241265428549,70.79916100448654,72.40654105759947,24.715845652834513
person_9.mp4,front,304,5072,59.93435448577681,848,478,126.73167936200704,130.1401514539848,151.31761062577456,155.53430795943777,70.93110655269983,73.05276146550172,24.293005085741587
person_9.mp4,front,305,5089,59.93435448577681,848,478,128.82013250063534,128.69976056972428,153.2719408196579,153.33713245640172,72.30478680071141,74.78000570264615,23.29327392857061
person_9.mp4,front,306,5106,59.93435448577681,848,478,129.44941356009602,133.85326780430316,152.44616128030026,156.88690196627718,73.81455328826783,76.23976280332263,23.162821840196
person_9.mp4,front,307,5122,59.93435448577681,848,478,127.87946449586332,137.2279955886092,149.6723184501285,159.89167669586348,73.7497095128068,77.01166443375126,23.045016315495953
person_9.mp4,front,308,5139,59.93435448577681,848,478,129.2706299538363,137.28884190020997,149.08397930318822,160.08581712599067,76.384860739954,78.5310053878149,22.159099511586994
person_9.mp4,front,309,5156,59.93435448577681,848,478,132.82248250739622,137.1290147598308,151.90008604196657,159.92654134210832,77.52063087534893,79.69996632375675,21.665084718430506
person_9.mp4,front,310,5172,59.93435448577681,848,478,132.58316226046685,137.56142735693675,152.41703767175756,160.11308395638432,78.15524946230995,79.5748712444693,21.252282292278323
person_9.mp4,front,311,5189,59.93435448577681,848,478,134.08217126270446,138.68704115465118,153.18295278169455,160.36447905590487,78.57970264817067,80.4583622154596,21.410838475154815
person_9.mp4,front,312,5206,59.93435448577681,848,478,134.02635079930988,139.4507475237461,152.19095517152073,160.53203507430982,79.75202976928571,81.00207760233808,21.426209344835005
person_9.mp4,front,313,5222,59.93435448577681,848,478,133.9003953142692,139.493959887164,151.6898767445765,160.55909453855992,80.21541265161547,80.9141429202131,21.308032458617944
person_9.mp4,front,314,5239,59.93435448577681,848,478,135.33890617632485,140.93026186526808,152.33221944137884,160.95562256853322,81.40829583038366,80.67096573298255,21.01994396865093
person_9.mp4,front,315,5256,59.93435448577681,848,478,136.04041111736817,141.48060068224066,153.0362840971052,161.11025812619744,81.79573936912905,81.10124525541228,20.67461316413648
person_9.mp4,front,316,5272,59.93435448577681,848,478,136.61880749763043,141.19971625309216,154.26237113654963,160.6836289234052,82.06290018301397,81.28527203072073,20.154243798693173
person_9.mp4,front,317,5289,59.93435448577681,848,478,138.4203708959921,141.47824979132344,155.53936141846515,160.61267776770188,83.03561063214225,81.82636457364666,20.172532579615957
person_9.mp4,front,318,5306,59.93435448577681,848,478,139.35251670830323,141.45901892771667,156.75208148667667,161.5993313290309,83.59466734406166,82.3183624404165,18.658672884994505
person_9.mp4,front,319,5322,59.93435448577681,848,478,139.03698817613235,142.31288969992488,157.24021531567132,161.18894589034724,83.47544518048689,83.12017911954081,18.36082071428969
person_9.mp4,front,320,5339,59.93435448577681,848,478,139.17085773186395,142.92731750152134,160.10589161632612,162.71499374937795,83.68859375665942,84.21515845887515,15.834686110336062
person_9.mp4,front,321,5356,59.93435448577681,848,478,141.52666117923206,143.98023031872134,161.01454291351638,162.83946866159096,84.55203234702253,84.98113190945575,16.21792153680233
person_9.mp4,front,322,5373,59.93435448577681,848,478,142.0208110051084,145.27052043104618,161.95326517847695,164.20865920211455,84.89204233529183,85.97410292217646,15.473430071570986
person_9.mp4,front,323,5389,59.93435448577681,848,478,142.3615021297215,146.22993445965358,165.65494747071068,167.82473087358443,84.95882899358352,86.19971995494474,10.981249845182527
person_9.mp4,front,324,5406,59.93435448577681,848,478,144.48179390880787,147.3318689017379,167.12371921711042,167.97650936191874,85.91703477743758,87.14269798280613,10.264263582099154
person_9.mp4,front,325,5423,59.93435448577681,848,478,144.77762486107184,146.83269249172065,167.63556201146247,167.3175507972818,86.19134682848771,87.01688957710684,10.459057719872021
person_9.mp4,front,326,5439,59.93435448577681,848,478,144.65013986218904,146.91695882825013,168.2970721240809,168.15527362434864,86.19990075377368,87.16274733980697,9.338855036640828
person_9.mp4,front,327,5456,59.93435448577681,848,478,145.48762837982412,147.39895388659087,168.50308299141847,168.1584737228264,86.77202940167527,87.62693532507326,9.12171035246925
person_9.mp4,front,328,5473,59.93435448577681,848,478,146.09485466955923,147.546920439066,169.9419681049802,170.27596947227954,87.21887035474958,87.89404727784407,6.945143464122035
person_9.mp4,front,329,5489,59.93435448577681,848,478,146.28434681246907,148.27836722174095,170.80703066498762,169.01946369827388,87.6294205142147,88.89500518498589,6.862942761500948
person_9.mp4,front,330,5506,59.93435448577681,848,478,146.16992627527932,147.34117910093715,171.07859629835548,169.3321013991582,87.6120660754184,88.40452240159439,6.183176247271292
person_9.mp4,front,331,5523,59.93435448577681,848,478,146.86398924212165,147.25241461878923,170.83478184370477,168.87269671238823,87.90004879985193,88.41283534185277,6.767467133059739
person_9.mp4,front,332,5539,59.93435448577681,848,478,146.8155096553274,146.7423378615976,169.76485755584451,168.15949010662968,88.07670807205885,88.22754977450914,7.93736692289731
person_9.mp4,front,333,5556,59.93435448577681,848,478,148.24829487997422,147.71100536958153,170.58595601631419,169.03637216295363,89.36209249103908,89.09104012105377,6.821329114187829
person_9.mp4,front,334,5573,59.93435448577681,848,478,149.29833221178205,148.63699127053047,173.35088698707102,169.39593649132712,90.28591134180105,90.43449530750468,4.482100206758226
person_9.mp4,front,335,5589,59.93435448577681,848,478,150.32615775917523,148.72663437247158,174.23544019232546,170.01890626823032,91.65244253470722,90.94949348388798,2.8698210550276837
person_9.mp4,front,336,5606,59.93435448577681,848,478,149.00306779497,147.3443481289178,174.52398422152382,169.42887503325917,91.18512573065155,90.53944707307801,2.518613871540497
person_9.mp4,front,337,5623,59.93435448577681,848,478,149.86050429517965,147.58155157554037,174.72406896999195,170.7594857214742,92.28089516183107,90.78743651143736,1.5074004184231604
person_9.mp4,front,338,5640,59.93435448577681,848,478,148.56441285751245,146.98782443965572,174.68300029549135,169.68481100388396,91.33533348779497,90.22465977284705,2.183871452742162
person_9.mp4,front,339,5656,59.93435448577681,848,478,148.85031371106567,147.26379849953096,174.5993435193359,169.4498908110093,91.48633615082598,90.51185222773607,2.31253375017725
person_9.mp4,front,340,5673,59.93435448577681,848,478,149.264455330127,147.7238028422451,175.69575649279193,171.49242997482878,92.20634168752821,90.98837432823298,0.43568365842964835
person_9.mp4,front,341,5690,59.93435448577681,848,478,148.96468090822498,147.629761591755,174.66720822862584,170.5213359252815,92.07069285415473,90.89419012656461,1.4748689295711837
person_9.mp4,front,342,5706,59.93435448577681,848,478,147.88733402688464,146.7234919735966,174.67121117944635,169.552828431077,91.5961964567146,90.4533789429716,1.5158445874287663
person_9.mp4,front,343,5723,59.93435448577681,848,478,147.78616856315068,146.53912506985816,174.29465241969095,169.42105999587434,91.33731316136277,90.48025038512864,2.105089125556299
person_9.mp4,front,344,5740,59.93435448577681,848,478,148.29618161738557,146.58002994622044,174.40862810061952,168.9461092404826,91.10083680280957,90.78620546805264,2.8175224145250426
person_9.mp4,front,345,5756,59.93435448577681,848,478,148.16390820554847,146.58438719161535,174.22764231703965,169.46798140219747,90.65536713663954,89.91411961836823,3.132731292386004
person_9.mp4,front,346,5773,59.93435448577681,848,478,148.17641659934705,146.54213900349905,173.63256064785682,169.27753279356367,90.7561396908606,89.81210343286057,3.6178627999311335
person_9.mp4,front,347,5790,59.93435448577681,848,478,149.1552099979235,147.49549158960963,173.40850627559817,169.48829151328025,91.36903998128597,90.1864815518955,3.943733512079429
person_9.mp4,front,348,5806,59.93435448577681,848,478,149.97819087041356,147.98657476820367,173.2762645489036,169.54243747805148,92.04747053053329,90.3842284349435,4.168177636005262
person_9.mp4,front,349,5823,59.93435448577681,848,478,149.82083654224226,147.95274180194843,173.1551186573772,169.550014940839,92.07769579527697,90.27414540518525,4.213213908498368
person_9.mp4,front,350,5840,59.93435448577681,848,478,150.77059918579096,148.71238999941932,173.19850237770825,169.72045216429507,92.61846317563158,90.64542703058181,4.32740338074914
person_9.mp4,front,351,5856,59.93435448577681,848,478,151.42583515510302,149.8240623200624,171.75575686289048,168.71242177074754,92.90639597167566,91.13603261946625,6.269140901553892
person_9.mp4,front,352,5873,59.93435448577681,848,478,150.71689642973524,149.74091089325654,171.49717130029,168.71471305625738,92.17391994710803,91.07512949965673,6.397391085600801
person_9.mp4,front,353,5890,59.93435448577681,848,478,151.35387193157607,150.2001427742912,171.83016794313252,169.57772854942152,93.0507881334268,91.51074848168369,5.457690209338021
person_9.mp4,front,354,5906,59.93435448577681,848,478,152.3080447855083,150.64238674488965,171.56272900084062,168.77727937874576,93.68488523885628,91.86406432347427,6.486635620622908
person_9.mp4,front,355,5923,59.93435448577681,848,478,150.85217044036506,149.94734002500843,171.22605416157492,168.57739595928882,92.52579579750979,91.38864678243404,6.909936639293262
person_9.mp4,front,356,5940,59.93435448577681,848,478,152.59931490167963,150.80584449543937,172.10351333220774,168.9845906429893,93.24275322327654,91.85510979898024,6.924397875853251
person_9.mp4,front,357,5957,59.93435448577681,848,478,153.26337241411719,151.17565714279652,172.21758798833082,168.99879655432343,93.44345789813791,92.03185130933426,7.307636407424666
person_9.mp4,front,358,5973,59.93435448577681,848,478,153.52150908133336,150.98584357671282,172.11893782661,168.68867213833974,93.35063330854602,91.6453352609082,7.856730232502176
person_9.mp4,front,359,5990,59.93435448577681,848,478,153.2962906962507,150.92183404166286,171.93208387949375,168.7444588432996,93.20084272145706,91.60183816296112,7.862610203754281
person_9.mp4,front,360,6007,59.93435448577681,848,478,153.83557937982866,151.176537447383,172.07034317945534,168.83420006346728,93.68781852963484,91.84152092372226,7.624005265144779
person_9.mp4,front,361,6023,59.93435448577681,848,478,153.82954619816564,151.24765085925137,171.54789605138956,169.80546842584835,94.42986050667035,92.10470101851575,6.639155702933971
person_9.mp4,front,362,6040,59.93435448577681,848,478,153.15002398715916,151.73674931251767,171.5246263092459,170.77311795600485,94.89673176518289,92.72892627742732,5.366079312114468
person_9.mp4,front,363,6057,59.93435448577681,848,478,152.76347290146975,151.6161689002227,171.55266344202226,170.77177675312853,94.79868821173655,92.7697671667563,5.1970593790850135
person_9.mp4,front,364,6073,59.93435448577681,848,478,152.4592360069465,152.06226861194494,172.44554482005088,171.39286977623053,94.6780402892331,93.2581478766955,4.134621061828637
person_9.mp4,front,365,6090,59.93435448577681,848,478,152.97403273556273,152.5924446938552,170.98997572429786,171.19237750303566,94.80009113250159,93.74609180764742,5.502437939058934
person_9.mp4,front,366,6107,59.93435448577681,848,478,150.83353920184285,152.0415163051156,170.4155203913174,169.26553345477862,92.78503805733773,93.47586799853102,7.300796972988607
person_9.mp4,front,367,6123,59.93435448577681,848,478,151.6036947214811,151.95830361607514,170.84599558784242,169.97548548177758,93.3262456715099,93.37920448263831,6.74182052289373
person_9.mp4,front,368,6140,59.93435448577681,848,478,150.42301639506044,149.9943430467121,170.75014837370196,169.16832642119417,92.48902570090078,92.47696463208581,6.575058044549222
person_9.mp4,front,369,6157,59.93435448577681,848,478,151.79562751746312,150.28799208370802,171.50532335097856,170.1903462919879,93.54555136777252,92.6561121241757,5.653629088956484
person_9.mp4,front,370,6173,59.93435448577681,848,478,151.51211573675883,149.95575441594508,172.5190314068497,169.69845800180326,93.5734735459803,92.74449841358708,4.840421558559844
person_9.mp4,front,371,6190,59.93435448577681,848,478,152.63550664621457,150.17778330952825,172.54246250980475,169.80151101616121,94.43713005742822,92.80203920131858,4.812808928297445
person_9.mp4,front,372,6207,59.93435448577681,848,478,152.0800392353377,150.06172590738228,172.05710060667977,169.68870839240543,94.17656352488113,92.73534483893204,5.051002682503687
person_9.mp4,front,373,6223,59.93435448577681,848,478,151.93384992584478,149.81049813058704,172.01504413915103,169.45639068265942,94.08175471980533,92.53444731183467,5.021555646953348
person_9.mp4,front,374,6240,59.93435448577681,848,478,151.59899416625714,149.74899422575797,171.87272362073796,169.44561753977897,93.93242924428009,92.51298031710856,5.049767152972791
person_9.mp4,front,375,6257,59.93435448577681,848,478,150.51569941157263,149.27134571783424,168.22754336522158,166.31487448989265,92.75016336055548,91.60445491569138,9.15106834043155
person_9.mp4,front,376,6274,59.93435448577681,848,478,151.1795077725779,149.97213634226026,168.72179271880037,167.26656285434265,93.59270024250787,92.09840158391562,8.536013664376261
person_9.mp4,front,377,6290,59.93435448577681,848,478,148.84272645998678,149.3190427951238,167.64654023437274,166.03290891649172,91.2241620671902,91.36304035664497,9.736638550532732
person_9.mp4,front,378,6307,59.93435448577681,848,478,149.15918622930482,149.65986488401836,168.2702640841271,166.8482054515508,91.32294361072313,91.38925144938501,9.255296076163425
person_9.mp4,front,379,6324,59.93435448577681,848,478,147.53904805774837,148.4938471447794,167.71970586473003,166.3847877529488,90.59468616264743,90.87975597386914,8.954134783273359
person_9.mp4,front,380,6340,59.93435448577681,848,478,147.37426773869763,148.14439438346156,167.91207199660357,166.20410277215336,90.26492016587613,90.61554921078931,8.902625050204186
person_9.mp4,front,381,6357,59.93435448577681,848,478,146.47943744899098,147.7315546880513,167.34355836584538,166.25257514027015,89.69171281739722,90.4391164471094,9.065158679743327
person_9.mp4,front,382,6374,59.93435448577681,848,478,147.017680220306,147.62956660321822,165.96392427548977,164.59039526172458,89.41822490744326,90.07328692798872,11.27577362885512
person_9.mp4,front,383,6390,59.93435448577681,848,478,145.88466538312213,147.15801001710688,164.1867572841367,163.4863170707199,89.13994643393586,89.98893573595295,12.61325267890773
person_9.mp4,front,384,6407,59.93435448577681,848,478,145.3876058236608,146.69112320142702,164.11691140180707,163.87380864542737,88.67385332705432,89.46857260597152,12.294825854345957
person_9.mp4,front,385,6424,59.93435448577681,848,478,143.85316512950072,146.25094508798446,163.26567273561042,164.14658039983968,88.10442170337058,89.24843650232987,12.07363721956739
person_9.mp4,front,386,6440,59.93435448577681,848,478,143.1461135281603,146.1755057508226,162.57245503466578,163.02150075681524,87.89165765663653,89.32775891710116,13.008709033342422
person_9.mp4,front,387,6457,59.93435448577681,848,478,142.4270335402017,145.38146304438496,161.00949913396374,161.9375086259005,87.61179232466127,89.26050055677392,14.390155407227166
person_9.mp4,front,388,6474,59.93435448577681,848,478,146.1958229820296,147.59739701962005,159.81271787011661,162.50142979887946,88.72067852708433,89.21571006941227,17.570906707979063
person_9.mp4,front,389,6490,59.93435448577681,848,478,143.11666966496594,146.0281362958277,158.29634044991437,161.6758243334733,86.741879258298,88.05854857001574,18.914862026638144
person_9.mp4,front,390,6507,59.93435448577681,848,478,141.4850706717279,144.05230222044352,157.31543177169658,161.72929789168052,83.69960558542562,84.42827421951272,21.412751798871316
person_9.mp4,front,391,6524,59.93435448577681,848,478,142.90810794075597,145.61563671945862,157.26388772394586,163.22629601759445,84.81884930722543,85.26897096414203,20.802924020384115
person_9.mp4,front,392,6540,59.93435448577681,848,478,142.0833553640924,145.16887251143126,157.245264326286,162.18131790737436,83.68494923849354,84.89348507328302,21.65701945795408
person_9.mp4,front,393,6557,59.93435448577681,848,478,142.104770741504,144.68902750272602,158.1146436633704,162.0683742679615,82.62485911793576,84.36064464009998,21.951792824292326
person_9.mp4,front,394,6574,59.93435448577681,848,478,141.53095829400644,144.59001942258266,157.0240424069784,161.85343094894836,82.83191528931093,84.6766201859449,21.519006930732107
person_9.mp4,front,395,6591,59.93435448577681,848,478,140.6549209164043,143.59173141926428,156.085406319465,161.5761047232547,82.2925894611803,83.53553719077534,22.3122783691082
person_9.mp4,front,396,6607,59.93435448577681,848,478,140.30315078127362,142.8249895910419,155.15394520132375,161.01523469665523,82.75672186453065,83.30348950790402,22.762112325499857
person_9.mp4,front,397,6624,59.93435448577681,848,478,139.34669774162975,142.60096398318612,154.43060307014366,160.78196419410787,82.47132490700122,83.17824708131704,22.73786647307112
person_9.mp4,front,398,6641,59.93435448577681,848,478,137.52669222096935,141.7571364264869,153.65002040061762,159.53460800153954,81.51223539541074,82.35775080856433,23.52888639548013
person_9.mp4,front,399,6657,59.93435448577681,848,478,137.2839897242189,141.23679485665215,153.69260479487627,159.2982758401032,81.48555592525182,82.21576541855214,23.567132777030555
person_9.mp4,front,400,6674,59.93435448577681,848,478,135.63131402421166,139.28300860857763,152.30273919196193,159.30721584977724,80.80262377993935,80.85089498552512,23.589938954784927
person_9.mp4,front,401,6691,59.93435448577681,848,478,134.23063458937904,139.84491871255094,151.86929522460704,159.4896923150221,80.07601889982527,81.20722092743124,23.401093534100045
person_9.mp4,front,402,6707,59.93435448577681,848,478,133.05617639550405,139.13243218337882,151.717509956265,159.35846975295703,79.24466083797654,80.88627304044218,23.38568659203122
person_9.mp4,front,403,6724,59.93435448577681,848,478,131.77204706090131,137.86383621804643,151.5692535367233,159.3164839045491,78.34878839084006,80.21721452053887,23.2527663563219
person_9.mp4,front,404,6741,59.93435448577681,848,478,130.32742641413188,137.1798426327097,152.0518837369235,158.63997222274025,76.82242489401101,79.07540297451095,23.670240384317424
person_9.mp4,front,405,6757,59.93435448577681,848,478,130.6236950377136,132.66021400695197,151.70016304956775,155.358692168065,76.83750771740108,77.30816401089575,23.65556919994214
person_9.mp4,front,406,6774,59.93435448577681,848,478,129.17960940068897,131.5608021667643,151.2318803881471,154.31046804117503,75.15770246550292,76.48116239102146,24.32214359190439
person_9.mp4,front,407,6791,59.93435448577681,848,478,129.40520597042692,132.4021718937914,150.40824718452174,154.72370366175943,76.40569345104237,77.01364001270593,24.170398157479532
person_9.mp4,front,408,6807,59.93435448577681,848,478,129.33330606837575,132.619711215005,150.39702352331383,154.80608775065775,76.25636263527042,76.789877189977,24.0679801571376
person_9.mp4,front,409,6824,59.93435448577681,848,478,127.73217086698384,129.04649070440297,149.10796927808056,152.32127974528393,75.5268282848239,75.31498396469307,24.148968626092298
person_9.mp4,front,410,6841,59.93435448577681,848,478,126.44387745874067,128.4209457924912,148.58206699153615,152.5325598905791,74.68338269241399,75.8051476004377,24.511853711235524
person_9.mp4,front,411,6858,59.93435448577681,848,478,124.6524439903684,124.30155908090119,147.26339815664184,148.82551688254412,73.27390386993301,74.23723263016244,25.506948794353267
person_9.mp4,front,412,6874,59.93435448577681,848,478,124.69895545540578,124.75715035714042,147.529782771686,148.8018684722393,72.97394802749831,74.4856745063946,25.481847255319657
person_9.mp4,front,413,6891,59.93435448577681,848,478,122.99036862990256,123.93159823819559,146.03501212117698,148.5403243833906,72.51288864544183,74.5574881245282,25.51936797722081
person_9.mp4,front,414,6908,59.93435448577681,848,478,122.08152729224625,119.73505517474679,144.94339308639994,144.56626163448922,71.94237475475838,73.27644093823324,26.667590506775838
person_9.mp4,front,415,6924,59.93435448577681,848,478,118.0055800050174,119.39905650617585,141.15938825822107,144.03710283862733,70.01717028792785,73.36705784275732,27.505058938332184
person_9.mp4,front,416,6941,59.93435448577681,848,478,116.60516667221266,118.99640854528671,139.04974081747451,143.6607241971497,69.175721983921,73.09081390832937,28.520606567830555
person_9.mp4,front,417,6958,59.93435448577681,848,478,117.99036967789932,116.30013379436693,140.59865418715054,141.19564558724414,69.46647567851048,73.29001474426462,28.003486730778686
person_9.mp4,front,418,6974,59.93435448577681,848,478,116.90355261253792,111.84444261682965,140.27208688723803,136.02383262333046,68.61997496164956,73.25153980365634,28.778675786466575
person_9.mp4,front,419,6991,59.93435448577681,848,478,118.50943031563818,115.38717364916619,141.03737029670663,139.00882759769715,69.53515189501668,74.38891626705507,28.30132274690131
person_9.mp4,front,420,7008,59.93435448577681,848,478,120.87163302136186,117.11998117560864,141.46343764697886,140.64602861233803,71.1848802603758,74.40140389124102,28.064332645002608
person_9.mp4,front,421,7024,59.93435448577681,848,478,121.46996054374613,116.4883405910301,141.8618322792774,141.31333551449202,71.09492591501015,73.27593998448765,27.991601639950343
person_9.mp4,front,422,7041,59.93435448577681,848,478,121.12748366744036,116.58028260166624,141.26164393873452,140.87895590973747,70.63533252716147,73.006513820251,28.433052246378768
person_9.mp4,front,423,7058,59.93435448577681,848,478,120.8086573460387,116.85794154441471,141.32667534346223,140.56426091636317,70.22562341067565,72.72996254714434,28.675715864120168
person_9.mp4,front,424,7074,59.93435448577681,848,478,119.6634619419213,112.49405837500235,140.5704682904745,135.32612115885593,69.28170885817573,72.39316840219416,29.399149792657624
person_9.mp4,front,425,7091,59.93435448577681,848,478,123.06566432917447,113.73371060207,145.46380275721813,136.92714184469324,69.09662112749857,71.86662610941485,29.03948954278585
person_9.mp4,front,426,7108,59.93435448577681,848,478,123.31007631771381,113.5990428211744,145.5654994395006,137.08753471434264,68.61773066366355,71.96193634539316,28.87563166396907
person_9.mp4,front,427,7124,59.93435448577681,848,478,125.05608268177762,113.02840882218028,146.50971785711855,135.76554327891867,69.07325181664673,72.47603089242524,29.016610619961103
person_9.mp4,front,428,7141,59.93435448577681,848,478,123.37155232876084,104.85383847739215,145.32046885286906,128.7274190443612,68.33900683923204,70.59422094005009,28.994274049089675
person_9.mp4,front,429,7158,59.93435448577681,848,478,114.65720457103961,101.26285655898532,136.37876713347666,123.40046022906654,66.04515839050482,68.48224908316308,32.427277401013036
person_9.mp4,front,430,7175,59.93435448577681,848,478,112.50375811873938,92.32621808073806,135.3839188771997,114.51804527948775,65.33090675971962,68.81660919791996,31.664266008384953
person_9.mp4,front,431,7191,59.93435448577681,848,478,109.55997736900372,92.49076972831428,132.00706355462356,114.41697731052619,64.3856958230797,67.80830481452465,33.14950382141894
person_9.mp4,front,432,7208,59.93435448577681,848,478,100.46871093251703,82.82380246728609,123.73084327725184,104.98441056617226,64.29572417010294,68.4891764951219,32.704956748456304
person_9.mp4,front,433,7225,59.93435448577681,848,478,90.58182244081117,80.24766688298627,112.07640404681115,102.64673405950137,65.71740017197222,68.36543944560843,32.268259414526455
person_9.mp4,front,434,7241,59.93435448577681,848,478,94.78775300647209,80.81060689451198,115.89469219632437,102.06154427908983,66.23679066078942,69.23734312754647,32.15573139765237
person_9.mp4,front,435,7258,59.93435448577681,848,478,95.66265420621927,82.89963653849377,115.88300805677659,103.41592468196797,66.10175981678009,69.26392192372624,33.12137158440566
person_9.mp4,front,436,7275,59.93435448577681,848,478,85.64383785397187,76.0166213677241,106.95646874031976,97.9042339709618,63.70522480889755,66.31462926838361,34.382180777214565
person_9.mp4,front,437,7291,59.93435448577681,848,478,93.01957210859983,79.39655390101272,112.57341324177501,98.37450020893559,65.66646405366919,68.72409241026087,34.301876260119705
person_9.mp4,front,438,7308,59.93435448577681,848,478,93.81798620715129,80.83028912861016,112.55657069814825,99.35638969418703,64.6757287230084,67.80599601614149,36.11078448108963
person_9.mp4,front,439,7325,59.93435448577681,848,478,88.75397409669726,76.92592702796969,107.0113285560362,94.54941329237987,64.3191662420325,67.12122567440603,36.585684026356525
person_9.mp4,front,440,7341,59.93435448577681,848,478,91.94839293800813,75.8796233966383,110.95558602987879,94.13387288067369,63.28041501581544,68.22800083178763,36.050075825771465
person_9.mp4,front,441,7358,59.93435448577681,848,478,86.43176775622243,73.44387041166536,108.10137870427855,95.00100542307557,64.74198318123268,68.23581203035398,33.0934139671515
person_9.mp4,front,442,7375,59.93435448577681,848,478,84.96032460074314,73.12213210517196,108.67863288041664,96.96739310996217,65.07007444449376,68.07726860274957,31.502785901256967
person_9.mp4,front,443,7391,59.93435448577681,848,478,83.67300724491068,72.00616800866621,107.48636052846238,95.53751912971009,65.16272889761326,68.17880446231376,31.43448228976138
person_9.mp4,front,444,7408,59.93435448577681,848,478,74.3137423822332,67.2123679485847,101.27292776099523,93.60823281209932,65.51050635924076,67.0449788939292,27.728220715828083
person_9.mp4,front,445,7425,59.93435448577681,848,478,78.41486467271952,66.83090261941925,106.71684979077727,95.07914957507447,62.768124592305476,66.19935684032637,27.72772812711113
person_9.mp4,front,446,7441,59.93435448577681,848,478,73.67885643746268,63.76281644659994,105.99486505858474,94.97631456434162,63.50299880951497,65.11800640339774,24.990776718575784
person_9.mp4,front,447,7458,59.93435448577681,848,478,71.77730275210804,63.38250274495292,105.81016460066384,96.54047632818498,64.1071135870367,65.10014033386008,23.108622826850407
person_9.mp4,front,448,7475,59.93435448577681,848,478,72.04959165483938,64.8174403352769,106.16214241980254,97.69219329278951,65.25084389420596,66.50830884252953,22.400195860378687
person_9.mp4,front,449,7492,59.93435448577681,848,478,69.0015023506489,63.2543268702164,104.47027195852134,96.75898342050338,64.91453846155224,65.82158684517916,21.468789839513114
person_9.mp4,front,450,7508,59.93435448577681,848,478,66.3571241814969,61.03978086601089,102.2361269197503,94.9677454609849,64.51215072218375,65.02585273340645,21.13162492897479
person_9.mp4,front,451,7525,59.93435448577681,848,478,66.7282562981679,61.44085855095795,102.69710950807114,96.63302108718531,65.55823821911345,65.81397842269259,20.18404626105248
person_9.mp4,front,452,7542,59.93435448577681,848,478,69.54029268118519,64.05768005276654,101.9698077602765,95.91312311281011,66.20912081322139,67.30993178914323,22.200057718221135
person_9.mp4,front,453,7558,59.93435448577681,848,478,68.2749917192882,62.303737297274715,103.90477455822801,96.91335412077032,66.18056379920384,66.78823945146362,20.056686812822075
person_9.mp4,front,454,7575,59.93435448577681,848,478,69.30628161904365,63.63416485217432,103.85924065136231,98.94468457293023,67.37050520650405,67.24682826389076,19.61235216062692
person_9.mp4,front,455,7592,59.93435448577681,848,478,67.76564733662939,63.19962080525848,103.44214488595033,98.85573959227851,66.60851752312045,66.51278064001379,19.804127839861767
person_9.mp4,front,456,7608,59.93435448577681,848,478,66.13388869327326,61.55311834199782,101.08340837596589,97.29207238885057,66.53411160442606,66.2290348677419,19.805003643624058
person_9.mp4,front,457,7625,59.93435448577681,848,478,68.0674668118721,62.654388713018534,103.01305912174331,98.02235848476961,65.6304082378151,65.81798379052856,20.22040492227978
person_9.mp4,front,458,7642,59.93435448577681,848,478,66.51121001634587,62.16664622364996,100.66121918632378,96.23219644295546,66.77253934382901,66.97891050158924,19.930970023597506
person_9.mp4,front,459,7658,59.93435448577681,848,478,64.88172464968416,60.7043962643706,100.12193457917756,95.60662133734093,65.92380021526066,66.21539647913193,19.711713319796356
person_9.mp4,front,460,7675,59.93435448577681,848,478,63.30137482331675,60.087025064230495,97.83446812996652,94.31802621962464,65.48197975042183,65.89489380935198,20.284206470697928
person_9.mp4,front,461,7692,59.93435448577681,848,478,63.40999123713206,59.77854355353029,97.67935480894202,93.78527852028192,65.6942714594225,65.9895702744995,20.28585578029969
person_9.mp4,front,462,7708,59.93435448577681,848,478,63.573551908121104,59.69355997992025,97.89396603884565,93.73377752248663,65.55148271334886,66.00798544700007,20.615669462134576
person_9.mp4,front,463,7725,59.93435448577681,848,478,64.35798727269896,60.49953375491619,99.55638852015291,95.2365408319173,65.86137337989952,66.49516256665794,19.962233630490157
person_9.mp4,front,464,7742,59.93435448577681,848,478,61.81250008693752,58.51847600022161,98.68004737442152,94.34192403941601,64.41407709291545,65.124554758103,19.647624523968172
person_9.mp4,front,465,7758,59.93435448577681,848,478,64.0771688547224,59.865009892656886,100.45300128142875,95.39662757457113,65.69125430505404,65.2865328526026,19.302157664453237
person_9.mp4,front,466,7775,59.93435448577681,848,478,66.46590866352959,60.19897890422801,103.22325966868279,95.58741864731367,66.80582988498102,64.91769637891886,19.591307475441784
person_9.mp4,front,467,7792,59.93435448577681,848,478,66.83177386735507,60.645064990732216,104.13745079370725,96.20628751993965,66.83574936452726,66.11175147738987,19.21656938833801
person_9.mp4,front,468,7809,59.93435448577681,848,478,72.31690304745744,64.88742011938564,109.81153615147078,99.88955831089058,66.49078629708387,68.3337230214166,19.688480911038315
person_9.mp4,front,469,7825,59.93435448577681,848,478,73.85098505746676,66.44784780189845,111.14097404070596,101.26100319057346,66.02411071008561,68.40520037977522,19.732160770447813
person_9.mp4,front,470,7842,59.93435448577681,848,478,73.42466519153193,66.90043395190179,109.9772620961108,101.84784978908041,65.22271571342273,67.33568228217638,20.663549752867294
person_9.mp4,front,471,7859,59.93435448577681,848,478,72.23144150706626,67.42588235349248,110.06112008483359,102.2592352989128,64.90216560612403,67.52624004997352,19.882517389681876
person_9.mp4,front,472,7875,59.93435448577681,848,478,74.76550478957043,67.85291609871489,112.1303991305079,102.30216807394703,64.77650837845349,67.49241738853311,19.829145665506683
person_9.mp4,front,473,7892,59.93435448577681,848,478,76.18661460498984,68.90597231639765,113.50746788532886,104.22650503545523,63.56597031217379,66.43651304606071,20.8583252346022
person_9.mp4,front,474,7909,59.93435448577681,848,478,84.37135612149464,71.17282657336023,120.83901042847417,105.29782641308088,62.60640676616121,66.30948400840708,21.773910104679175
person_9.mp4,front,475,7925,59.93435448577681,848,478,90.23585792555161,77.1117866048786,124.66768468493389,109.88049595842593,62.740576940250385,67.08745098938951,23.588874118831917
person_9.mp4,front,476,7942,59.93435448577681,848,478,101.21520342131325,88.13306007165455,131.04379709314136,116.85562540202088,62.89364092252979,67.90945641985392,26.856412736236777
person_9.mp4,front,477,7959,59.93435448577681,848,478,102.7598977796826,95.53534455365296,130.57179581138755,122.35806583138165,62.155493214755346,67.79748267923394,29.52442442764323
person_9.mp4,front,478,7975,59.93435448577681,848,478,108.37921936207667,102.13360797657577,137.4880106371053,130.31240368914436,62.12252700249976,67.02663345731295,27.82791771844593
person_9.mp4,front,479,7992,59.93435448577681,848,478,110.20430628351565,106.9192106242012,139.39528564169714,135.56841064420937,61.76012122690616,65.96873214571215,28.231739117904937
person_9.mp4,front,480,8009,59.93435448577681,848,478,111.18010602314743,113.12011325085402,141.3866428349715,143.12792788742107,62.375018228134046,66.65943493817883,26.912496584376868
person_9.mp4,front,481,8025,59.93435448577681,848,478,112.09666402612619,116.94929357775267,142.0204199836371,147.31895605339835,63.03840138525595,66.78899445701232,26.543224255654284
person_9.mp4,front,482,8042,59.93435448577681,848,478,117.23865692088611,130.81969074489308,144.16069302672182,158.8969417333138,66.70963026966365,70.34864320436846,25.882037549829246
person_9.mp4,front,483,8059,59.93435448577681,848,478,120.96541226085584,134.2063441562891,145.93907214784892,160.83486976788083,69.25649661233683,71.79681601145076,25.43035237710856
person_9.mp4,front,484,8076,59.93435448577681,848,478,120.02435984058735,129.74141525015142,145.02119360106877,156.63088243457608,69.86098122138708,72.39486731499115,24.74380023201308
person_9.mp4,front,485,8092,59.93435448577681,848,478,121.24563417318397,134.76179768614907,146.18238055628922,161.52257759215263,70.01321567300472,72.6884192546643,24.144556746979518
person_9.mp4,front,486,8109,59.93435448577681,848,478,125.3106181737388,135.22963553207393,150.5664646028902,160.66256190207986,71.01165299725591,74.35116805704202,22.978505161539854
person_9.mp4,front,487,8126,59.93435448577681,848,478,127.91891415761752,135.76566759405148,152.7030946799494,161.36847261654424,71.85807102149242,75.03222965603416,22.248633225974697
person_9.mp4,front,488,8142,59.93435448577681,848,478,126.78368263782214,134.70573398275658,151.9482601150638,160.18909863087057,73.55531509057417,75.15397733955746,20.92374323584907
person_9.mp4,front,489,8159,59.93435448577681,848,478,129.37382400040806,136.80261605556922,154.0262347393747,161.40258014015924,73.20797294306165,76.03366810644293,21.013057485171572
person_9.mp4,front,490,8176,59.93435448577681,848,478,125.64355928849771,138.04949495375524,151.98826778251413,162.09812486408018,70.87984630774157,77.94855799395853,19.82914233772461
person_9.mp4,front,491,8192,59.93435448577681,848,478,128.41566563690074,141.49324486906283,151.71386189491633,163.85982920460455,72.81538153765337,79.05268499462787,20.046034321388625
person_9.mp4,front,492,8209,59.93435448577681,848,478,130.13094036169318,140.1136118037726,149.92819869549126,162.30654149155578,76.63193202921528,79.35051198660324,20.23180373170694
person_9.mp4,front,493,8226,59.93435448577681,848,478,132.20502177965804,138.9343029864772,150.24988266218085,162.34976551514598,79.68668877964357,77.10582409652699,19.267864446559713
person_9.mp4,front,494,8242,59.93435448577681,848,478,134.2169282522103,141.18606640615513,151.50510479426035,163.43985698679865,81.55890595759233,79.67304221121381,18.537968872105264
person_9.mp4,front,495,8259,59.93435448577681,848,478,136.90558564832125,140.92303301080742,153.35925016707614,162.8829944223246,83.3870213741563,78.66710424683133,18.389019492101117
person_9.mp4,front,496,8276,59.93435448577681,848,478,137.83043716445414,142.0836407542615,154.00634409124754,163.04371613663488,84.27087735946944,80.00849986546372,18.032405296106326
person_9.mp4,front,497,8292,59.93435448577681,848,478,140.14249966905854,144.43350648830466,155.5259556812843,163.6833759120863,85.69519816445703,83.044941843417,17.171533283309387
person_9.mp4,front,498,8309,59.93435448577681,848,478,141.79152356763672,146.5416979342887,156.92768745477582,164.23911204075037,86.93020159067785,85.98800283954064,16.236650234381894
person_9.mp4,front,499,8326,59.93435448577681,848,478,141.5269154057744,146.8049414593084,158.33565547212893,165.09321377488428,87.25900183051394,87.39289585252453,14.347901705531589
person_9.mp4,front,500,8342,59.93435448577681,848,478,141.80823556727685,145.92969408152072,159.5382786500173,164.57127045541336,87.36158413213384,87.0714047549691,13.831478096129977
person_9.mp4,front,501,8359,59.93435448577681,848,478,141.13672920301445,145.42330589315623,159.04753603888133,164.30316995368574,87.11345091840066,87.17441936771046,14.120461771309403
person_9.mp4,front,502,8376,59.93435448577681,848,478,141.45927911242575,145.83001950952132,159.297480969751,164.106075675272,86.0040728617532,87.90006161757611,14.861650211305426
person_9.mp4,front,503,8393,59.93435448577681,848,478,141.0913839789482,145.48370091285875,160.19227904811692,165.3614379907177,86.30939346627663,87.48217780311045,13.293123559896825
person_9.mp4,front,504,8409,59.93435448577681,848,478,141.59189868039456,145.7387579583877,161.41851806454056,165.5243395387313,86.41710636783709,87.51551179646106,12.590708859464538
person_9.mp4,front,505,8426,59.93435448577681,848,478,141.07317214792778,144.836759158705,160.8047735545032,164.78468200284024,86.23780050957595,87.27020360141896,13.042017321559387
person_9.mp4,front,506,8443,59.93435448577681,848,478,141.1222123192548,145.35816605171348,163.88700945092913,166.76462694604845,86.01549123736928,87.26128122545086,10.1635267596904
person_9.mp4,front,507,8459,59.93435448577681,848,478,142.4040850966754,145.77515267132983,165.29011644114732,167.14432139207395,86.58294636760202,87.74469137096476,9.405427266270088
person_9.mp4,front,508,8476,59.93435448577681,848,478,142.72345045208488,145.9230765071466,166.4324630040837,167.67394414068477,86.51478596856435,87.93643275228096,8.41981520183177
person_9.mp4,front,509,8493,59.93435448577681,848,478,143.25680910036232,145.86472099633662,166.22877442026237,167.79668878035386,87.17078876506942,88.28677187827337,8.579290825455992
person_9.mp4,front,510,8509,59.93435448577681,848,478,143.657837411511,145.8981923168565,165.86054274317317,167.38121976507736,87.40608388082596,88.27077405917383,9.131650175560363
person_9.mp4,front,511,8526,59.93435448577681,848,478,144.76873709078995,146.75220698549805,168.16515217654097,168.73681703227598,88.21683122673448,89.11457081158609,7.148966497840167
person_9.mp4,front,512,8543,59.93435448577681,848,478,147.28628627092263,147.7701163319006,169.2630593478732,170.2662313695376,89.49252637275842,89.78449145947984,6.377374342206202
person_9.mp4,front,513,8559,59.93435448577681,848,478,147.27181565952716,147.57717642149632,169.87374265501728,170.92514649749123,89.76626174651439,89.72720992558203,5.53082164104782
person_9.mp4,front,514,8576,59.93435448577681,848,478,149.48777169237573,149.45246378097087,172.96655230455252,171.8277444640385,91.41305304295308,91.42638316494464,2.7416714756184937
person_9.mp4,front,515,8593,59.93435448577681,848,478,150.53386656087176,149.86113807057595,173.9626557900334,172.84443212721968,92.23224410494801,92.03559804503334,1.3238947246861885
person_9.mp4,front,516,8609,59.93435448577681,848,478,150.23417720969195,149.91835205601936,174.06506243432176,171.1955400767608,92.41181141601763,92.30774315700432,2.3107470384009914
person_9.mp4,front,517,8626,59.93435448577681,848,478,150.33222420476764,150.35371153984656,175.01626092028877,172.29269108990613,92.42930721314255,92.57865257262128,0.7686127262551607
person_9.mp4,front,518,8643,59.93435448577681,848,478,151.5102362759263,151.28270467928294,175.39703265802072,172.98458757257904,93.37008404446262,93.42586718923523,0.39959603739236815
person_9.mp4,front,519,8659,59.93435448577681,848,478,151.23077774381616,150.5835661138231,174.6703704204014,172.38398759967188,93.07491198705576,92.95363340963867,1.1224729089169674
person_9.mp4,front,520,8676,59.93435448577681,848,478,150.6974627168733,150.10942910890526,174.51566714120767,172.1237638843988,92.6854659348574,92.53293397187879,1.3586895664430978
person_9.mp4,front,521,8693,59.93435448577681,848,478,150.5919119164724,150.08895784700846,174.66050104167874,171.9036436845825,92.66233128924506,92.51659515557313,1.4208912377636285
person_9.mp4,front,522,8710,59.93435448577681,848,478,150.59160139425242,149.8883449554718,174.23634874643835,171.43378455785262,92.70063080345601,92.28413134573812,2.161329481422686
person_9.mp4,front,523,8726,59.93435448577681,848,478,150.69736297018565,150.1381026958628,175.6231698122436,171.89710589896296,92.97567916422054,92.56346862668181,0.6658785305716289
person_9.mp4,front,524,8743,59.93435448577681,848,478,151.26985274128015,150.10726116234272,175.45549190808057,172.08258188604432,93.47092092654435,92.55855173414058,0.8298909212101159
person_9.mp4,front,525,8760,59.93435448577681,848,478,150.80832159619965,149.48410903489065,175.30608699536356,171.43531099179904,93.33854966341133,92.07080672536883,1.1600720407610026
person_9.mp4,front,526,8776,59.93435448577681,848,478,151.04179305340065,149.3848176218838,174.98537356799034,171.23750001313215,93.40556451559054,91.9610047874064,1.4860788925233672
person_9.mp4,front,527,8793,59.93435448577681,848,478,150.89687771494445,149.27754744085044,174.6876160809354,171.0528776845333,93.52581910023723,92.05243755051747,1.8376441873977856
person_9.mp4,front,528,8810,59.93435448577681,848,478,151.92068896635965,149.60918386229457,174.56527066191427,171.24062273141388,94.21220724995027,92.26098461039942,1.946143631145972
person_9.mp4,front,529,8826,59.93435448577681,848,478,151.6879269719782,149.49672777624508,174.33026307719658,171.25470758967955,94.30829650880352,92.12131283596024,2.0376321293260786
person_9.mp4,front,530,8843,59.93435448577681,848,478,151.36935460936104,149.49464232275926,174.1975723680914,171.1773681153656,94.16513553820558,92.120379675973,2.1282833552542897
person_9.mp4,front,531,8860,59.93435448577681,848,478,151.52177089622847,149.5346069800719,173.58600054302659,171.02450208959604,94.25690410186692,92.14268608702041,2.646382866813409
person_9.mp4,front,532,8876,59.93435448577681,848,478,151.72018728284394,149.50102349796157,173.25482062553664,169.27457918056402,94.03470435869045,91.844374294613,4.233853629217621
person_9.mp4,front,533,8893,59.93435448577681,848,478,151.4338001238882,149.1665447294812,173.10325403654716,169.17844911493034,93.96580650172287,91.68582024918604,4.263700592244805
person_9.mp4,front,534,8910,59.93435448577681,848,478,151.38636402341308,149.5392502431914,172.26779138865598,169.20969187150672,94.01497912970956,91.61349188747874,4.930792751956229
person_9.mp4,front,535,8926,59.93435448577681,848,478,151.162648116926,149.47952283163858,171.5056903306728,168.89912447828894,93.30825858360636,91.34383724804702,6.18008588629431
person_9.mp4,front,536,8943,59.93435448577681,848,478,151.0375033631424,149.52470180200763,170.98531988339835,168.8915000731473,92.97933796202359,91.28266082806408,6.755286830372565
person_9.mp4,front,537,8960,59.93435448577681,848,478,150.08371779249183,149.2686264871773,170.87050585861033,168.82188044318787,92.16524801149454,91.08345449810128,7.218429824968825
person_9.mp4,front,538,8976,59.93435448577681,848,478,150.17773469276716,149.50757406082025,171.06819812828866,169.14679161951358,92.1993785989276,91.16078103599324,6.945787657938942
person_9.mp4,front,539,8993,59.93435448577681,848,478,149.9625790565478,149.50251599454512,170.92231807298936,169.28156885624455,91.87382622322875,91.02541989564466,7.163099689874666
person_9.mp4,front,540,9010,59.93435448577681,848,478,149.86555788015195,149.37874849734172,171.3037712424573,169.97287845434175,91.05956495055213,90.4832647039555,7.228474139510575
person_9.mp4,front,541,9027,59.93435448577681,848,478,148.02432646768645,148.35562274367754,169.22899781845533,167.63045735411916,89.62900675565774,89.73894340166031,9.681728287106148
person_9.mp4,front,542,9043,59.93435448577681,848,478,148.92096404727292,148.7256740835832,169.90962083220688,168.21498819099995,90.16728769346673,89.94530241695776,9.013302814657955
person_9.mp4,front,543,9060,59.93435448577681,848,478,148.99924042930667,148.87993549340808,169.82942278512417,168.6119000377896,90.11820164730678,90.07832452482333,8.958127776663371
person_9.mp4,front,544,9077,59.93435448577681,848,478,150.54597609005086,148.91617642539603,170.21806787536966,169.42483874710695,91.36462577587929,90.19046573821964,8.217581158205366
person_9.mp4,front,545,9093,59.93435448577681,848,478,151.09428137898806,149.63559127402874,170.73195472893346,169.48902604373737,91.68241359315913,90.33687533072047,7.750404015205331
person_9.mp4,front,546,9110,59.93435448577681,848,478,151.17535182621276,149.94852998474,172.8547759235425,171.31939298800782,92.0521515854426,91.23960285502923,4.840842014879672
person_9.mp4,front,547,9127,59.93435448577681,848,478,151.14327793189153,149.96707021010923,171.61887009189772,170.87616606057034,91.9532974176185,91.23050260846074,5.905854085200691
person_9.mp4,front,548,9143,59.93435448577681,848,478,151.95256944120374,150.0828071054404,172.2945481143896,172.0685374378983,92.67971353039393,91.65744782053879,4.681045292520258
person_9.mp4,front,549,9160,59.93435448577681,848,478,152.01900786450122,150.38615573527213,173.00616119204818,171.74322706069717,92.68164462112952,91.88522734428649,4.450230162211729
person_9.mp4,front,550,9177,59.93435448577681,848,478,152.19633977968604,150.32328502943307,173.52324877198427,171.81535057047827,93.39218830579773,92.28633559038731,3.164306944986936
person_9.mp4,front,551,9193,59.93435448577681,848,478,152.09019158401068,150.0510739298391,173.42979110332854,171.56603104271397,93.37389896455853,92.15580062189385,3.3618339508687125
person_9.mp4,front,552,9210,59.93435448577681,848,478,152.13712325762197,150.08602731824945,173.70373144873398,171.39718214073184,93.45386067447576,92.30761481689923,3.2893183933372603
person_9.mp4,front,553,9227,59.93435448577681,848,478,152.96860028523935,150.84810042751764,174.48083083000563,171.61103515812638,94.08585479058621,92.88633254091413,2.5104541584336966
person_9.mp4,front,554,9243,59.93435448577681,848,478,153.1793666788121,150.92108918602028,175.28079413040447,172.19582900598112,94.32422077248368,92.93337682526503,1.365475907078166
person_9.mp4,front,555,9260,59.93435448577681,848,478,152.81909218630443,150.26988791857926,175.1290660752637,171.64231728978555,94.19906013570042,92.64542291930664,1.6313186773321597
person_9.mp4,front,556,9277,59.93435448577681,848,478,152.66704768792974,149.89528123244045,175.47249471740608,171.46516649447148,94.19164232139849,92.37644342366767,1.3154558678462465
person_9.mp4,front,557,9294,59.93435448577681,848,478,152.38661003972788,149.75701189177218,175.4075199095597,171.3834318636197,94.06921854904816,92.29853625053119,1.4014584090215616
person_9.mp4,front,558,9310,59.93435448577681,848,478,152.3369580548212,149.93178051321206,174.7502916977013,171.20784302743078,93.99624043619845,92.20777588597294,2.327958589812861
person_9.mp4,front,559,9327,59.93435448577681,848,478,151.55777669996633,149.86975640201868,174.4807897454983,171.13965365054034,93.14754930971341,92.2017343104145,2.5770598297940968
person_9.mp4,front,560,9344,59.93435448577681,848,478,151.04092745720476,149.33381862020843,173.62527328508,169.98521015811184,92.78237518787833,91.91339894231876,3.7123210240448135
person_9.mp4,front,561,9360,59.93435448577681,848,478,150.65229992399173,148.83397519541518,173.28893057976396,169.26920417418484,92.67193548509074,91.6547353948485,4.051423682501498
person_9.mp4,front,562,9377,59.93435448577681,848,478,150.2260835603355,148.84716365002942,172.79610192741737,169.83101321652518,92.51988030475616,91.64414003142386,3.6819660381716326
person_9.mp4,front,563,9394,59.93435448577681,848,478,149.5410293049192,148.86983554084037,170.49779095434755,168.41238175812526,92.13351655319408,91.69965804117349,5.6699453006093545
person_9.mp4,front,564,9410,59.93435448577681,848,478,150.0085115028728,150.02373485128277,166.694448458914,167.9336343800185,92.80280182179693,92.30737820365435,8.709690860226868
person_9.mp4,front,565,9427,59.93435448577681,848,478,146.6200174433435,148.75647272896214,164.57735468242976,166.39635675942378,91.03772666111352,91.7339990402915,10.16802855766397
person_9.mp4,front,566,9444,59.93435448577681,848,478,146.43651794430914,148.81218189981414,164.91485775011367,165.9543103878608,90.74749366063315,91.59351822016372,10.163227281972755
person_9.mp4,front,567,9460,59.93435448577681,848,478,145.02141362646387,148.6449790625712,164.30434478707846,166.42772916574552,90.18380320388837,91.48691263964395,9.72600695028398
person_9.mp4,front,568,9477,59.93435448577681,848,478,142.69345826350616,148.03377331897764,159.73979018298706,160.7391390986392,89.09107773001365,91.42231505173615,15.081051384361404
person_9.mp4,front,569,9494,59.93435448577681,848,478,141.44266298858423,146.63699238769115,158.29875273170953,160.89970091770795,87.99757826593013,90.46052498892746,15.496188474046033
person_9.mp4,front,570,9510,59.93435448577681,848,478,139.14379454384562,144.53420159569876,155.87341181262764,160.31839330185258,85.96691729302238,88.55732690747594,17.117942730842035
person_9.mp4,front,571,9527,59.93435448577681,848,478,138.9755735077595,144.3281940344751,155.66218167183192,160.94804941945245,85.6174103598324,88.2712414000023,17.009074462479163
person_9.mp4,front,572,9544,59.93435448577681,848,478,139.11402022462593,144.8634314278408,154.30133700472686,160.32913829887087,85.62798436739885,88.20909665527444,19.196525573116215
person_9.mp4,front,573,9560,59.93435448577681,848,478,137.94714397590164,144.2024795968566,153.93415120516286,159.88390362192055,84.47330006883898,87.41002052406925,19.68423584474946
person_9.mp4,front,574,9577,59.93435448577681,848,478,138.53265212206946,143.81680770502626,154.07468683741428,160.58852821920294,84.81094461363682,86.78923977087366,19.30979071967837
person_9.mp4,front,575,9594,59.93435448577681,848,478,138.62376073675904,144.07984880918394,153.571984514678,161.3558105298795,84.7379589571903,86.01172418595105,19.908623668746532
person_9.mp4,front,576,9611,59.93435448577681,848,478,137.15014090207447,143.80712778266746,152.50234995098765,160.69383397371845,83.25909805879648,85.56188265998242,21.215683820841953
person_9.mp4,front,577,9627,59.93435448577681,848,478,136.261775041069,143.56927612175966,152.53862136048377,160.5005171102128,82.9180893425341,85.75687671451362,20.929758869445994
person_9.mp4,front,578,9644,59.93435448577681,848,478,136.03672608160886,142.04526764015787,152.1187752650836,160.11026431370718,82.70362151638484,84.26621604076163,21.56126608298749
person_9.mp4,front,579,9661,59.93435448577681,848,478,136.39308314791435,143.61467398919066,153.14185042452584,160.82205245785732,82.46385913861484,85.2301589325651,20.954209370861804
person_9.mp4,front,580,9677,59.93435448577681,848,478,135.70313260698754,143.69084040615238,152.93679459310917,161.02005191026657,81.75560937759802,85.59047925731277,20.56936228982771
person_9.mp4,front,581,9694,59.93435448577681,848,478,133.94313012325637,143.57967008615952,152.3924889950922,160.9769715168279,80.83201909102391,85.70272906177556,20.30059036066934
person_9.mp4,front,582,9711,59.93435448577681,848,478,134.0185707426346,143.42536454304886,151.9861074387297,160.68935486071985,81.43693798151948,84.88384134117088,20.490705087772792
person_9.mp4,front,583,9727,59.93435448577681,848,478,133.50632827117545,143.07526339909688,151.42863266339026,160.05266766988746,81.3182111893534,84.53899652949298,20.782757981324558
person_9.mp4,front,584,9744,59.93435448577681,848,478,132.8808911431722,141.23450846170616,151.63140747103975,158.9304656442306,80.7082005335294,83.56861616814216,21.008155321747246
person_9.mp4,front,585,9761,59.93435448577681,848,478,130.60872293406146,138.8747221537622,150.5769425871533,158.24948624176548,78.33657170489967,82.36645740298664,21.931311201229956
person_9.mp4,front,586,9777,59.93435448577681,848,478,130.19449958294413,138.42825805917488,150.69629387490914,158.33628175589018,77.46632935131962,81.93886074243323,22.541256029887872
person_9.mp4,front,587,9794,59.93435448577681,848,478,130.42546980776345,138.0919251131011,150.89998112272292,157.7739634189727,77.30607120862385,81.51624116501195,23.01295646048812
person_9.mp4,front,588,9811,59.93435448577681,848,478,130.62979086969483,137.24129594509628,149.92586998382694,157.89260610974617,77.25036554676947,80.25739623254502,23.482440102624558
person_9.mp4,front,589,9827,59.93435448577681,848,478,127.8516898338488,135.33778115501454,147.3652046565551,157.89966998599178,75.87017778726273,78.76806233632507,24.04998499913592
person_9.mp4,front,590,9844,59.93435448577681,848,478,128.2424710682144,135.75413597470006,147.64825691560506,157.85059501470124,76.15576128875047,78.98769388678973,23.866918921290203
person_9.mp4,front,591,9861,59.93435448577681,848,478,126.97592913665545,134.3840043150118,147.31102569125113,157.03231183854385,75.21080693180734,78.43340221784133,23.890014188699485
person_9.mp4,front,592,9877,59.93435448577681,848,478,125.20522920210034,131.91679808712507,146.9507247559199,156.74207926661308,73.28905136099397,76.29952051164881,24.218689015493155
person_9.mp4,front,593,9894,59.93435448577681,848,478,125.2246070954202,131.55582624448178,147.33686831532518,155.89311878862264,73.06774060856766,76.71055747831548,24.09817828153446
person_9.mp4,front,594,9911,59.93435448577681,848,478,125.08663205048178,131.28937334868345,147.612905824552,155.9099159591474,72.79976108318188,76.64818304752274,23.89649421249581
person_9.mp4,front,595,9928,59.93435448577681,848,478,123.19903603529254,129.71424522052243,146.30506213004634,154.72870581755726,71.7170229172566,76.52621555448498,23.938814122930438
person_9.mp4,front,596,9944,59.93435448577681,848,478,120.53567101552369,125.75113221529423,144.37608686710792,152.17964370394967,70.5769419072616,75.02888202384165,24.361177422061612
person_9.mp4,front,597,9961,59.93435448577681,848,478,120.03115854417287,123.72959551684556,143.4116372213638,150.3343329269704,70.03443930588034,73.88473510787938,25.041008212352068
person_9.mp4,front,598,9978,59.93435448577681,848,478,119.89946715463024,120.55455432913759,143.69047920197468,148.05446544019597,69.93120719674857,72.75098652752239,24.716314223300078
person_9.mp4,front,599,9994,59.93435448577681,848,478,118.81934361555983,120.12942142616062,142.8740590716771,147.60326825112088,69.47533722044984,72.82601764192171,25.173979272392746
person_9.mp4,front,600,10011,59.93435448577681,848,478,115.99145201887056,114.56540948798333,141.91081079126215,143.85417761753675,67.9454296117842,71.0635833664267,25.26452022088589
person_9.mp4,front,601,10028,59.93435448577681,848,478,112.99552311948479,109.88894032659708,140.01794900179567,137.71935270737353,65.09500661275354,69.2399344287399,27.980685013305923
person_9.mp4,front,602,10044,59.93435448577681,848,478,111.08871675829113,104.63364572667783,138.9181765457077,133.12758578808817,63.19111949831418,66.68921330631545,29.15789506891112
person_9.mp4,front,603,10061,59.93435448577681,848,478,108.76473884173576,96.58685647811427,136.7225980540154,124.82588034160143,62.797502950943134,67.81224876698555,29.126895748915803
person_9.mp4,front,604,10078,59.93435448577681,848,478,106.89952859786935,93.75706743048629,136.2669112178685,121.86237049441597,62.367256962044664,68.02764838450473,28.874855264386678
person_9.mp4,front,605,10094,59.93435448577681,848,478,106.61980260989421,92.13380991630153,137.48998830795333,119.98615979109671,62.06676325736235,68.34891144443475,28.258268304025624
person_9.mp4,front,606,10111,59.93435448577681,848,478,106.33244062296721,96.10355808239295,136.78271471616435,123.10763856245453,61.28283707694394,67.73945021528739,29.09186837864387
person_9.mp4,front,607,10128,59.93435448577681,848,478,104.88085337227935,94.48183833768428,135.61926060151492,122.13924399609135,61.09222087546895,65.56476423073578,29.690152405990364
person_9.mp4,front,608,10144,59.93435448577681,848,478,105.16256320717386,92.08257254542146,136.6163036050553,119.40400959267262,61.10827254366631,66.81037262463128,29.34204644307848
person_9.mp4,front,609,10161,59.93435448577681,848,478,106.60671664465407,90.54501428824838,137.198082612684,116.47974827926735,61.28496874372905,67.98708232903998,29.298892055104247
person_9.mp4,front,610,10178,59.93435448577681,848,478,107.26405783246395,91.49296055742343,137.5138743957994,117.70005077422357,61.66790654411354,68.21423599071443,29.14614708385205
person_9.mp4,front,611,10194,59.93435448577681,848,478,107.30577151680814,93.46830259226698,137.17913760534594,119.89965318901494,61.814896543074454,67.29907877837864,29.288746955828895
person_9.mp4,front,612,10211,59.93435448577681,848,478,104.55233298147604,86.97725307188699,134.74942307031012,114.01543941173455,62.64527737749945,67.6653754196284,29.04230907127744
person_9.mp4,front,613,10228,59.93435448577681,848,478,100.45514493149368,82.90843854876144,129.41599684081092,109.05173019212206,62.8264192090489,67.58689683659604,29.23178910554162
person_9.mp4,front,614,10245,59.93435448577681,848,478,89.9334120990607,73.77172822000553,118.97683839020273,99.43555032312095,61.5893592152236,65.67906856870742,30.500800889725134
person_9.mp4,front,615,10261,59.93435448577681,848,478,90.69352274737437,74.92483634982993,118.36514197843265,98.95412138218643,61.45502027264377,66.00482418912613,31.954452826274277
person_9.mp4,front,616,10278,59.93435448577681,848,478,88.93124646636906,72.31454528216027,117.68105668802559,96.9241433922744,61.30522541868573,65.96643823764859,31.196646074908596
person_9.mp4,front,617,10295,59.93435448577681,848,478,88.60812853957201,71.0753876693196,117.53279615590083,94.79096000194762,61.46544668103491,66.40554026493302,30.772113988998438
person_9.mp4,front,618,10311,59.93435448577681,848,478,81.20042453955536,67.20014675119742,109.5606881679236,90.34788825429938,62.22276005168224,66.58141406917859,29.485725294041213
person_9.mp4,front,619,10328,59.93435448577681,848,478,84.89826547669898,71.31930942027485,113.11305040765798,95.48865102119976,64.05504358810897,68.49975290885521,28.078074241125133
person_9.mp4,front,620,10345,59.93435448577681,848,478,76.29657134375236,64.22892797622355,107.9347034115122,90.88973920785666,61.59365978033969,65.09057113639342,26.885050708748757
person_9.mp4,front,621,10361,59.93435448577681,848,478,81.8305058019916,70.11557984946458,111.99854048708266,97.51477574782022,64.30947245717559,67.88952978290695,25.695495568303762
person_9.mp4,front,622,10378,59.93435448577681,848,478,81.86229934561932,67.56344219581705,115.30820910633355,96.383076903371,63.344931149648644,67.16983249253884,23.81703623920662
person_9.mp4,front,623,10395,59.93435448577681,848,478,80.1167889709799,65.50648289127543,115.18638435797912,95.81994716832911,61.53424006871509,65.50762537446148,23.855272588339304
person_9.mp4,front,624,10411,59.93435448577681,848,478,72.90174808763828,63.67075315655505,105.67172062466177,92.34176776113924,61.507818741466416,65.23424071075826,24.61427607737342
person_9.mp4,front,625,10428,59.93435448577681,848,478,74.51403378296591,62.963361403840736,107.7169263306103,92.12149482618705,61.23225569282854,65.09185600660412,24.917320250916795
person_9.mp4,front,626,10445,59.93435448577681,848,478,74.38402068160947,63.119860530930005,107.63694947737257,92.3417376922049,61.306178030804034,65.12614088087436,25.1212039983831
person_9.mp4,front,627,10461,59.93435448577681,848,478,70.31810340448956,61.79098960109153,103.73069148432997,91.33975330273958,61.2144999250263,64.65507446923691,25.075405779800708
person_9.mp4,front,628,10478,59.93435448577681,848,478,80.27256162102371,63.287430871499076,115.3177632493586,94.09577797784986,63.05580326579408,63.73217151089053,24.59580330078683
person_9.mp4,front,629,10495,59.93435448577681,848,478,77.1673201926073,61.124740145620265,114.2628757057887,92.29366254473778,61.18157431564789,64.71769546184827,24.077431947814397
person_9.mp4,front,630,10512,59.93435448577681,848,478,72.02881300775847,60.36797276664966,109.47697637533886,92.11471402779128,61.406819053458804,64.89982926057262,23.207498025844792
person_9.mp4,front,631,10528,59.93435448577681,848,478,73.91028381596007,60.20630365370814,110.74341449403552,92.12470428878935,60.537334185393,64.68754896252631,23.467549729777094
person_9.mp4,front,632,10545,59.93435448577681,848,478,72.31830588353013,59.890601154082084,110.53564339841628,92.15391585183778,60.159560509869976,64.45429948192138,23.94558967904318
person_9.mp4,front,633,10562,59.93435448577681,848,478,73.36267467568354,60.689630368958404,110.59663748485252,92.7879494283118,61.816156200979286,65.60044397123065,23.14140131212411
person_9.mp4,front,634,10578,59.93435448577681,848,478,74.16740909726016,61.89362093503128,111.60835689568778,94.18194399504867,62.066636434191096,66.60440233613589,22.622054629548828
person_9.mp4,front,635,10595,59.93435448577681,848,478,71.59288199751272,60.78844421895174,108.57045703484118,93.80812120291527,63.378630196264936,66.29756781506313,22.093212557831084
person_9.mp4,front,636,10612,59.93435448577681,848,478,70.37973167918004,61.37833647831611,108.35731109237818,96.85415967257187,63.953042107697534,66.11331945688072,20.073467609448564
person_9.mp4,front,637,10628,59.93435448577681,848,478,63.29343438503415,57.839528971892065,102.28321404146752,93.58506220864462,62.529920545460236,64.53438477670709,20.04032340462988
person_9.mp4,front,638,10645,59.93435448577681,848,478,62.93537966006661,55.55338487899534,103.96060176369237,94.2492752559303,62.476189885481794,64.39811240991305,19.13521254590681
person_9.mp4,front,639,10662,59.93435448577681,848,478,63.018276118819344,55.420663856574464,103.68806614430339,93.42581642848005,62.62475606119204,64.67614275120063,19.74263845179121
person_9.mp4,front,640,10678,59.93435448577681,848,478,63.99982668916116,56.39747325628633,105.03989872088071,94.09917077844544,61.768833844978744,63.62623009614803,19.66769367579129
person_9.mp4,front,641,10695,59.93435448577681,848,478,62.47310851576115,55.618199696462895,104.3407971036404,94.15474718831312,62.765654682008886,64.56710520682151,18.978488434882035
person_9.mp4,front,642,10712,59.93435448577681,848,478,63.06824834698947,55.88993353148231,104.67644985363562,94.29952291829058,63.50207999394122,65.38821690224614,18.97489112445295
person_9.mp4,front,643,10728,59.93435448577681,848,478,63.668538060690054,56.49656566141379,104.96964261598247,95.29012039272884,64.62328800075059,65.0359755174677,18.4997373277591
person_9.mp4,front,644,10745,59.93435448577681,848,478,60.73108298653701,56.190456650120794,101.04253739371516,93.9289892547998,63.50615458499699,65.14216954207618,19.17898266305655
person_9.mp4,front,645,10762,59.93435448577681,848,478,60.012310715064245,55.31588065768299,100.50734055724456,93.50971301467898,63.01141701984524,65.05511680949375,19.20997573569153
person_9.mp4,front,646,10778,59.93435448577681,848,478,61.15150245214718,56.35477732509424,100.53747098882532,94.49437452297687,64.18963659069574,65.50707627214645,18.767654712659475
person_9.mp4,front,647,10795,59.93435448577681,848,478,60.83055226922922,56.66214522426474,100.06225088618035,94.46328246493674,63.72970328887075,65.53337257100178,18.9560290650101
person_9.mp4,front,648,10812,59.93435448577681,848,478,62.89928035271963,57.18232812134556,101.55691538754591,94.85322526049102,64.62424242039349,65.89507771095855,18.78365654894064
person_9.mp4,front,649,10829,59.93435448577681,848,478,62.70468423403352,58.18741492009915,101.41338077855171,95.13795245323288,64.65175173996856,66.16514443309325,18.44432802778607
person_9.mp4,front,650,10845,59.93435448577681,848,478,63.48662441798705,59.230905377505515,102.64572677369453,95.56286605468742,64.60532090172306,66.91352722046037,18.211722763573658
person_9.mp4,front,651,10862,59.93435448577681,848,478,64.84874624587954,60.08568234059105,103.82724742584736,96.28684479778596,64.94001097528006,67.44990517338536,17.83807117905326
person_9.mp4,front,652,10879,59.93435448577681,848,478,65.5542209569247,60.47675940491681,104.20631953192702,96.62472901066286,65.39237238612057,67.60497815725307,17.92042637774994
person_9.mp4,front,653,10895,59.93435448577681,848,478,70.63654716262286,63.27398320313505,107.99538596190762,98.80111770478898,65.41522640000669,67.85571042782951,18.007907937669838
person_9.mp4,front,654,10912,59.93435448577681,848,478,82.13885884380734,71.07734237262314,117.80671145266386,104.04303271978254,65.9215531541232,70.35749621996945,19.097119517099724
person_9.mp4,front,655,10929,59.93435448577681,848,478,86.46185143114353,70.59466973192494,121.84621516941357,103.07122342306508,64.78402740142921,69.9841022192158,19.724581233877586
person_9.mp4,front,656,10945,59.93435448577681,848,478,93.58180793987655,72.73743070913645,128.7221776231806,103.82041409053416,65.23190961672478,71.6765534329497,19.873025575672887
person_9.mp4,front,657,10962,59.93435448577681,848,478,93.15230481997212,73.62140490872402,129.420148137442,105.56308788459624,62.51023245169684,68.56975172253772,21.651768261036008
person_9.mp4,front,658,10979,59.93435448577681,848,478,101.49534433305591,85.35228302780668,134.26525044337714,115.5435148088096,63.991525650897906,70.12095810892633,22.987117612302765
person_9.mp4,front,659,10995,59.93435448577681,848,478,104.83773290377368,85.83156795632718,136.77863184212023,114.65456730021262,64.53613066670061,70.82201071961539,23.04761015774824
person_9.mp4,front,660,11012,59.93435448577681,848,478,108.52030870592,94.21093203777838,138.32566238835932,121.09811599224909,63.35059706712408,69.50157450184177,26.361039932503747
person_9.mp4,front,661,11029,59.93435448577681,848,478,113.95408831099896,102.91845664989303,143.9760117135902,130.84555009317063,63.84675873707508,69.5104728188874,25.405072016751728
person_9.mp4,front,662,11045,59.93435448577681,848,478,117.32279746015237,108.8691212070262,146.62760852068885,136.6447669338606,64.87141613627618,69.956809456786,25.175592043690074
person_9.mp4,front,663,11062,59.93435448577681,848,478,118.57447758717747,120.94236775081693,148.07179163833962,150.00712567694524,65.75509638017867,70.08105131013599,24.327960599590977
person_9.mp4,front,664,11079,59.93435448577681,848,478,123.94543725321833,121.40308892029246,152.2577206514817,149.23925584447997,67.4142996664108,71.37155785413742,23.71285134694696
person_9.mp4,front,665,11095,59.93435448577681,848,478,128.0134232679799,122.97080957409949,152.46015122628742,148.0184160974606,71.02244247675273,74.11577735839212,23.428914023441948
person_9.mp4,front,666,11112,59.93435448577681,848,478,127.67956645466404,127.34138079754317,151.48142745936596,152.32652505053107,71.85864306616395,74.64269630448311,23.190213193499396
person_9.mp4,front,667,11129,59.93435448577681,848,478,128.97733146173786,123.46448755258699,154.0914087356959,147.879928815824,71.4101078194664,75.31497071851807,22.85258613841136
person_9.mp4,front,668,11146,59.93435448577681,848,478,132.79423383738722,128.86625693103218,155.27102928663575,151.8639927599782,74.08764328611501,76.86799498064592,22.48954106202371
person_9.mp4,front,669,11162,59.93435448577681,848,478,132.45741371288202,132.0564018309505,154.90970943657942,154.48287861069892,74.32161478388518,77.39816722983008,22.328702745920243
person_9.mp4,front,670,11179,59.93435448577681,848,478,134.14835292811708,140.11161671629742,154.76810005216961,159.897618106522,77.76360295890134,79.64864152876152,21.81353327187779
person_9.mp4,front,671,11196,59.93435448577681,848,478,135.14543269444235,138.4063449782145,154.8081939203921,158.2105251433384,79.30052093800157,80.13209761678081,21.544180984615853
person_9.mp4,front,672,11212,59.93435448577681,848,478,137.87781723289615,138.63808836785452,157.17816941483898,159.19288358583387,78.626232341476,79.72042906269903,21.21034723983103
person_9.mp4,front,673,11229,59.93435448577681,848,478,139.96235153511174,141.41865712487672,158.75351462850884,161.84878517780479,80.74028264551342,80.85762428972166,19.983667637746297
person_9.mp4,front,674,11246,59.93435448577681,848,478,137.77643982657824,140.39075167510694,157.6845366116826,160.5940774140106,80.24243494670725,81.01198622810449,19.71560007876618
person_9.mp4,front,675,11262,59.93435448577681,848,478,137.27210315551565,140.3187198392507,157.85501159248184,160.5648201806807,80.05176544238618,81.54438105509256,18.90010246850251
person_9.mp4,front,676,11279,59.93435448577681,848,478,135.8849716060823,140.4516445581541,157.10791044845993,162.00806053900726,79.47021840626127,81.96544675193324,17.179723254061237
person_9.mp4,front,677,11296,59.93435448577681,848,478,136.15743207313005,139.75156798449342,157.54665327164136,161.22271306516436,80.65405406483185,83.2983777073012,16.383674891619613
person_9.mp4,front,678,11312,59.93435448577681,848,478,135.81957257995896,139.95993048962256,156.5779937281349,161.29613016735505,81.12102488803575,83.27480802537629,16.481696335176657
person_9.mp4,front,679,11329,59.93435448577681,848,478,136.2710381662337,141.13495704238258,156.6541762583886,161.97117617120557,81.66000730786553,83.90670610136006,16.414428840493812
person_9.mp4,front,680,11346,59.93435448577681,848,478,137.4273593660159,140.50829786920679,158.80221930625464,163.90099108166785,82.71070089980385,83.43232525514107,13.763126394740468
person_9.mp4,front,681,11362,59.93435448577681,848,478,139.7387016797957,141.07870104341237,162.7792148516723,164.74153889078642,84.53016255855147,83.68835286037809,11.192844065205717
person_9.mp4,front,682,11379,59.93435448577681,848,478,139.9261731850801,141.5186154513661,164.56796599402782,164.98963529606695,84.82537570584864,84.74804006574736,9.61799782917563
person_9.mp4,front,683,11396,59.93435448577681,848,478,141.21434516181372,142.3590338979839,164.20901783691986,164.72686144327176,85.61067762453754,85.45600184767572,10.168715909450626
person_9.mp4,front,684,11412,59.93435448577681,848,478,140.68377939584647,143.44222500595802,163.9300806776217,166.29055457130374,85.73093538289316,86.63805149559256,9.568159595896553
person_9.mp4,front,685,11429,59.93435448577681,848,478,142.85054138263845,144.21740256637403,165.9888554076887,167.73001381822462,87.48334310630732,87.36676804599573,7.28363813211223
person_9.mp4,front,686,11446,59.93435448577681,848,478,144.59217430767796,145.5507187411974,168.51466554126873,168.2194326786649,88.8469957906952,88.81440764530325,5.752795515206038
person_9.mp4,front,687,11463,59.93435448577681,848,478,147.11499644311422,147.16080312365796,169.5446200591611,169.46947829022596,90.96813975133941,90.28566888573314,4.711649855811053
person_9.mp4,front,688,11479,59.93435448577681,848,478,147.2455202593934,147.69328415012706,169.9772955125209,169.0438584494827,91.41952997886531,91.13165363934324,4.6117967901965855
person_9.mp4,front,689,11496,59.93435448577681,848,478,148.05973045552153,148.5361491455199,172.38335165509721,170.1039794203064,91.82144074884494,92.21832726819525,2.6052281996099804
person_9.mp4,front,690,11513,59.93435448577681,848,478,147.90194783755865,148.65878701606007,171.02354125906555,169.74591589242308,91.50051115236904,92.3316267287705,4.014237048909487
person_9.mp4,front,691,11529,59.93435448577681,848,478,148.25397627217947,148.50976481803457,171.03984321613171,169.6924267372514,91.8750067818079,92.25263818803076,4.189769866983821
person_9.mp4,front,692,11546,59.93435448577681,848,478,148.56135995068726,148.3447649256158,172.11254550698564,169.88359734229192,92.0517808698764,92.11560455925937,3.339757469377453
person_9.mp4,front,693,11563,59.93435448577681,848,478,150.42518033146874,149.22590604916505,175.17158985019057,171.79624721958137,93.41053695509602,92.57353663599766,0.3378679889973965
person_9.mp4,front,694,11579,59.93435448577681,848,478,150.03227719574625,150.11390242988762,175.0574774320288,171.1180787261336,93.25435335767567,93.45455265291348,0.7158017834678866
person_9.mp4,front,695,11596,59.93435448577681,848,478,150.69856088279695,150.5054573194176,175.8663492072065,172.36616331501608,93.63914095599895,93.87476543580563,1.142421935429233
person_9.mp4,front,696,11613,59.93435448577681,848,478,149.46283352204696,149.69788006913535,174.96460199178455,170.9034385673089,92.8961214801653,93.4800563969554,0.6331771959109729
person_9.mp4,front,697,11629,59.93435448577681,848,478,149.03426011451128,148.8498021251646,173.62772613021363,170.1970453316873,92.73024838747594,93.06255852976486,1.9386404400704607
person_9.mp4,front,698,11646,59.93435448577681,848,478,149.52978156317016,149.10098466427075,173.9916318667604,169.2582220559148,91.88534192198708,93.82156988790422,2.9258051805069605
person_9.mp4,front,699,11663,59.93435448577681,848,478,149.91653647146507,149.0438158355888,174.11198790025313,169.91039963417063,92.21562734151635,93.3677332049346,2.6300973936599155
person_9.mp4,front,700,11679,59.93435448577681,848,478,150.44832790400108,149.03626987487675,173.67259597245226,168.4075339153868,92.51043123482025,93.53487388886901,4.105345179866558
person_9.mp4,front,701,11696,59.93435448577681,848,478,149.86198551030836,148.64058824134423,173.36664699335032,168.3035379551265,91.77123276998553,93.11848821892428,4.331065757882852
person_9.mp4,front,702,11713,59.93435448577681,848,478,150.54704828157003,148.64433638012207,173.70483383437283,168.92088450070833,92.38633679815852,92.52107666302534,3.7673658380515076
person_9.mp4,front,703,11729,59.93435448577681,848,478,150.31319308392204,148.53042346604616,173.36979085623707,167.94498427981074,92.40490201411075,92.5825986494159,4.478268431325286
person_9.mp4,front,704,11746,59.93435448577681,848,478,150.14957066841376,148.3658290560574,173.22820860418872,168.11884499471108,92.44905758660146,92.29322082333174,4.3852887606408295
person_9.mp4,front,705,11763,59.93435448577681,848,478,149.88177291724298,147.95969060141363,171.65322058523998,166.52539498310628,91.89320347571162,90.80879889879691,6.533815566305083
person_9.mp4,front,706,11780,59.93435448577681,848,478,149.89441112124825,147.80768333490713,171.94703479705979,166.42481324264102,91.79779186407389,90.6736056938315,6.861083661845212
person_9.mp4,front,707,11796,59.93435448577681,848,478,151.12011080776114,148.92671807470802,174.41702770512677,168.05228660138468,93.13606139581184,91.7738866112875,4.473361910254426
person_9.mp4,front,708,11813,59.93435448577681,848,478,151.61443627198207,150.09515945459583,172.57102460793794,167.62925165676293,93.25357329984986,92.1556374276869,6.280792730582719
person_9.mp4,front,709,11830,59.93435448577681,848,478,149.69549713250413,148.54234796641532,170.8555491839463,167.0654693287161,91.54373490294755,90.87810925371308,7.538673841316908
person_9.mp4,front,710,11846,59.93435448577681,848,478,150.06734859837655,148.80855588644297,170.42351301942537,167.10133590024958,91.80258875728936,91.10787147970832,7.839934095633702
person_9.mp4,front,711,11863,59.93435448577681,848,478,149.63878477817448,148.7295174995932,170.4554967244051,166.98696311676943,91.42637123823621,91.07451070554136,7.851495487442463
person_9.mp4,front,712,11880,59.93435448577681,848,478,149.70964855143112,148.54670320648782,170.53744524521557,166.92297118911057,91.45949647909691,90.81596361310285,7.783211960993114
person_9.mp4,front,713,11896,59.93435448577681,848,478,150.0004434387182,148.53591466272576,169.696890682695,166.89858453221314,91.42616141859634,90.57486702981807,8.550012048168023
person_9.mp4,front,714,11913,59.93435448577681,848,478,149.07786077759874,148.15937644382683,169.92849491794465,166.4336955904625,90.89786253841334,90.34891987463212,8.756407165906921
person_9.mp4,front,715,11930,59.93435448577681,848,478,150.091026521298,148.8157101479893,168.93611907054043,167.34549848341274,90.88500697923041,90.06150506880368,9.867911143377826
person_9.mp4,front,716,11946,59.93435448577681,848,478,149.4821856663566,148.7274296287869,168.1533770931447,166.30282539931505,90.13961133064043,89.78038111332606,11.356308570221133
person_9.mp4,front,717,11963,59.93435448577681,848,478,150.19213578820313,149.19624775570787,168.26924444497686,166.84186288883296,90.80447276317334,90.09383256244358,10.917376118067153
person_9.mp4,front,718,11980,59.93435448577681,848,478,152.21716759976516,151.45047558397195,172.71614055772022,168.8811959059652,92.66421258643507,91.84897741620236,7.175763126530256
person_9.mp4,front,719,11996,59.93435448577681,848,478,154.35103283959077,153.3789302396703,175.9213204486554,172.01043415703575,95.14453926982111,93.62732784954459,2.5345769033959935
person_9.mp4,front,720,12013,59.93435448577681,848,478,153.7273319805536,153.0109843204413,175.366363129062,171.40204506886678,94.81751982186712,93.5574286743122,3.298089790155857
person_9.mp4,front,721,12030,59.93435448577681,848,478,154.80164662178882,153.41564984109732,174.53797007623464,172.39724479707658,96.68565841096687,94.57047202017505,2.299801379359223
person_9.mp4,front,722,12047,59.93435448577681,848,478,154.17721180125272,153.02310497953707,174.0122146168563,171.68803776268504,96.47982742762264,94.3964531786166,2.9234191238539426
person_9.mp4,front,723,12063,59.93435448577681,848,478,153.3390980046285,152.91130824573037,174.3804062395221,172.47045478374446,95.72887655971284,94.41619979626932,2.109457326231844
person_9.mp4,front,724,12080,59.93435448577681,848,478,153.08490838319605,152.64580471099043,173.97748526952688,171.86144016215275,95.6217134093184,94.27923874117434,2.628120822630858
person_9.mp4,front,725,12097,59.93435448577681,848,478,152.25619591397492,152.29685192762219,173.0662567461423,171.47786989719785,95.12370327014779,94.12094135231476,3.253820271432377
person_9.mp4,front,726,12113,59.93435448577681,848,478,151.5405406020796,151.33660509388196,172.31064877979983,171.42389565490924,94.6576226082915,93.26531349559565,3.711484124955671
person_9.mp4,front,727,12130,59.93435448577681,848,478,151.49678743781496,151.11051311347683,172.15092958459286,171.2696007246388,94.53819376422483,92.92231509969456,4.00991487483387
person_9.mp4,front,728,12147,59.93435448577681,848,478,150.8687875744703,150.8080483338488,171.41653515498928,170.964012503733,94.4838341712196,92.89596919815597,4.2212849437526145
person_9.mp4,front,729,12163,59.93435448577681,848,478,147.84754265414102,149.62860362636658,169.2341319766181,167.8635836018037,91.81344500709464,91.6610222333204,7.253779044698467
person_9.mp4,front,730,12180,59.93435448577681,848,478,148.35377708970626,149.58796198327767,169.62036342813846,169.56084039311278,92.20621353281665,91.8104672608841,6.027166014174729
person_9.mp4,front,731,12197,59.93435448577681,848,478,146.05910644713194,148.38372076093634,168.18941805521774,167.81272766110962,90.02280755069714,90.69794142548545,7.871211920876815
person_9.mp4,front,732,12213,59.93435448577681,848,478,145.87475396611197,148.346078798681,168.0064097074832,167.89544800201494,90.27045570606344,90.71399241347578,7.842271838420274
person_9.mp4,front,733,12230,59.93435448577681,848,478,145.99829327879974,148.42346867007362,168.25430965655767,167.638536310711,90.15872048202033,90.74040473795061,7.826639723294789
person_9.mp4,front,734,12247,59.93435448577681,848,478,145.93078133569873,148.2180183314634,167.4368765335792,168.09077943635899,89.87572544194897,90.43972827051842,8.18655235462024
person_9.mp4,front,735,12263,59.93435448577681,848,478,144.9146927972672,147.73507268465644,164.53917446623157,165.55211212074556,88.98607744637602,90.22955191905858,11.256706165394293
person_9.mp4,front,736,12280,59.93435448577681,848,478,144.78619766232177,147.64519751121816,164.8933922140297,165.98201946871686,89.03366467871646,90.17001928813106,10.606034433447961
person_9.mp4,front,737,12297,59.93435448577681,848,478,144.462074536685,147.6660566781289,164.07758686206074,165.80004554697211,88.67907202849331,90.1088122001981,10.961371320090981
person_9.mp4,front,738,12313,59.93435448577681,848,478,145.17165806701104,147.87676436614058,162.25255790510525,163.89809796233575,89.12535072873467,90.44859282428658,13.273313769867523
person_9.mp4,front,739,12330,59.93435448577681,848,478,142.14505152906813,146.16103745666575,159.33544996437502,162.04088470518502,87.4343858834218,89.59171792066775,15.395890423532423
person_9.mp4,front,740,12347,59.93435448577681,848,478,142.22115164934044,146.24152549143193,159.0822769205058,162.0649875343686,87.68121830719218,89.91019860687051,15.417347995230546
person_9.mp4,front,741,12364,59.93435448577681,848,478,142.06001346077346,146.09370669765661,157.64106005633272,160.5166995558983,87.07211036309972,89.56947346203773,17.863446181277478
person_9.mp4,front,742,12380,59.93435448577681,848,478,138.86692138953217,142.84846882727402,155.84767056342045,160.6597342283385,83.85984038935167,86.103653463036,19.734223718910314
person_9.mp4,front,743,12397,59.93435448577681,848,478,137.2811336703804,141.39770235654845,154.7682016595801,161.24132871038358,82.50266776653153,83.71048581242889,20.498259614423258
person_9.mp4,front,744,12414,59.93435448577681,848,478,137.91137490385356,142.44871584884302,155.13790746129257,161.28411388131028,83.04678894798921,84.48993638708714,20.030245210485734
person_9.mp4,front,745,12430,59.93435448577681,848,478,138.0144499138746,141.54715288772329,157.18560397669577,161.5595166575762,80.60405944261237,82.78062314330967,21.393534079484525
person_9.mp4,front,746,12447,59.93435448577681,848,478,140.17230585904986,142.03784160804125,156.72671317419915,162.48742290103647,82.47352192075516,83.04511649166041,20.908388662596025
person_9.mp4,front,747,12464,59.93435448577681,848,478,137.56043295305577,140.96014377931368,155.80708131430697,161.90601074278942,80.78173539248114,82.21317673892607,21.46392764448845
person_9.mp4,front,748,12480,59.93435448577681,848,478,137.50035317983344,141.1795657746338,154.50128405174223,163.15602797229008,80.50698058488439,80.9441777061111,22.280259405873174
person_9.mp4,front,749,12497,59.93435448577681,848,478,136.95359228067502,142.4717556081817,154.27171599779345,163.13722711221766,80.87172232949005,82.40394916182561,21.45623160323672
person_9.mp4,front,750,12514,59.93435448577681,848,478,136.3522105965158,141.62648191861732,155.73397149345305,162.54341360519896,80.19762150437836,82.51836548493173,21.39544169858713
person_9.mp4,front,751,12530,59.93435448577681,848,478,137.44151815768663,140.95270834571994,155.59549179699258,162.56553641478533,80.90188232429969,82.37813342989641,21.23229632729564
person_9.mp4,front,752,12547,59.93435448577681,848,478,136.1343106407675,141.4628993961603,155.29843517363244,162.50420510895907,80.59128878567941,82.78723114043626,21.126404671905128
person_9.mp4,front,753,12564,59.93435448577681,848,478,136.4458672868263,140.0138566397525,156.98229961241313,162.0135768817996,78.99399938420659,81.63478671893354,21.65932475087244
person_9.mp4,front,754,12580,59.93435448577681,848,478,137.07549784763395,140.23746054512677,156.71187897253267,162.96195247280477,79.2163619023062,81.39859137510368,21.431962585630636
person_9.mp4,front,755,12597,59.93435448577681,848,478,134.72608552377795,141.00182357343,156.3125122789326,162.5607568101003,77.74721727958499,81.02221712860354,21.69369789637881
person_9.mp4,front,756,12614,59.93435448577681,848,478,135.26844492270743,141.28819689412953,156.3606105975416,162.08881523826236,78.1228376812085,81.1117654078878,21.876567362532644
person_9.mp4,front,757,12630,59.93435448577681,848,478,134.2485210183864,141.09922032636578,156.72388282869412,162.25814754420034,77.15228450955048,81.19062961180316,21.661053410110494
person_9.mp4,front,758,12647,59.93435448577681,848,478,134.96112763926337,140.41952538789704,156.16629249960104,161.93024312084862,77.39147201185956,80.8440971437782,21.87769194670773
person_9.mp4,front,759,12664,59.93435448577681,848,478,131.87153538341832,138.51343731631633,155.59556077318206,161.78692790893624,75.53831124720426,79.36186092599928,22.07883866775749
person_9.mp4,front,760,12681,59.93435448577681,848,478,129.49312172217097,138.09034481593707,153.74942094788761,161.77130401807653,73.96392065707622,79.34487195603509,21.963535355019648
person_9.mp4,front,761,12697,59.93435448577681,848,478,128.24923887067956,134.76323810220546,152.98460495697185,159.8459009472199,73.53496594419785,77.84837662881574,22.229329209623174
person_9.mp4,front,762,12714,59.93435448577681,848,478,124.66420186410205,129.28803359129915,149.97846786931817,155.45874368636063,71.6205821299902,75.38919562372305,22.86386811984821
person_9.mp4,front,763,12731,59.93435448577681,848,478,123.98711175848949,128.99808433943645,148.29624801436452,155.69993812507073,71.15556084007186,75.21438897543241,23.432760180558052
person_9.mp4,front,764,12747,59.93435448577681,848,478,124.0293902400597,126.1736618808381,148.1029284324861,153.83719174201823,71.44599591833177,74.75087247257122,23.397089885191026
person_9.mp4,front,765,12764,59.93435448577681,848,478,123.67056672416534,124.58036593498548,147.81709569477505,152.66263039493114,70.81908069894152,74.09304819454275,23.933162255450807
person_9.mp4,front,766,12781,59.93435448577681,848,478,122.9900820617307,125.38064459039707,146.4308414758113,155.12864887164238,71.20023973088678,73.43789108654067,23.89102702839312
person_9.mp4,front,767,12797,59.93435448577681,848,478,124.07022478203716,128.04314712610525,147.00077688089542,157.1370233779863,72.05467007408926,73.8394730674628,23.68020823605662
person_9.mp4,front,768,12814,59.93435448577681,848,478,122.91585683330804,127.05060282846169,147.56332329901633,156.3875028020612,70.56921866817551,73.49016009632942,23.308591629001786
person_9.mp4,front,769,12831,59.93435448577681,848,478,121.24466569237636,124.66153877764957,145.89877061094333,155.98102137865052,69.58429255805018,71.96664945283534,23.889394498148384
person_9.mp4,front,770,12847,59.93435448577681,848,478,120.11786320051085,122.24030299431669,145.9377191211345,153.65045670368048,68.53398879375655,70.95326201185748,24.131102094149373
person_9.mp4,front,771,12864,59.93435448577681,848,478,119.04066039320652,122.01677907019693,144.92882509434133,154.83983454925428,67.75023175051443,70.92456742927021,24.458445446210263
person_9.mp4,front,772,12881,59.93435448577681,848,478,116.45830047284971,115.45875472580184,142.68992818037228,148.34741319107934,66.60625721843545,68.31495102116126,25.664476816388387
person_9.mp4,front,773,12897,59.93435448577681,848,478,115.80904864102891,113.76561274049409,143.1057818532921,146.73591576980968,65.67790676223221,66.91050003753108,25.78133689773112
person_9.mp4,front,774,12914,59.93435448577681,848,478,115.47529646378594,114.26995076533987,143.47454066818955,147.21633341822573,65.07246921838504,68.16506029513087,25.700641910382387
person_9.mp4,front,775,12931,59.93435448577681,848,478,115.53321449290927,113.2015703871327,143.4579476016896,146.2206836703323,64.8270272112221,66.6853291303254,25.863971174325314
person_9.mp4,front,776,12947,59.93435448577681,848,478,115.26190609030117,111.05947423803848,143.59387511839387,143.23404977628485,64.5652606201228,68.54827131308744,25.918714175617996
person_9.mp4,front,777,12964,59.93435448577681,848,478,115.65856023161399,107.38316459061936,143.89700533141905,138.1107860394285,64.85474567144277,69.92398054793536,26.10349831740972
person_9.mp4,front,778,12981,59.93435448577681,848,478,114.95436052076788,103.24235738585406,143.98522189029023,133.2708554539372,64.35157423706649,69.58412024248986,26.20358604322998
person_9.mp4,front,779,12998,59.93435448577681,848,478,114.656134460645,99.96116805427215,143.7977094036424,129.68599013555985,64.47431495058703,69.87200868894125,26.095477011890317
person_9.mp4,front,780,13014,59.93435448577681,848,478,114.56808905041521,99.645554358544,143.39257002524653,127.92792259450685,66.45997916769704,71.45226294269803,25.847759091003798
person_9.mp4,front,781,13031,59.93435448577681,848,478,115.54578740617657,101.52815676522967,143.11674596094645,129.1317666582146,67.94098607793258,72.33749586963422,25.861596403409454
person_9.mp4,front,782,13048,59.93435448577681,848,478,111.65478365453689,95.83617405212495,139.07689247770716,123.76509680785476,67.2186555022164,71.3121870895112,26.546211140493188
person_9.mp4,front,783,13064,59.93435448577681,848,478,113.08825485324425,98.01445366208677,140.15130684996458,124.70083491415764,67.64630516588204,72.21848889533136,26.2363895853615
person_9.mp4,front,784,13081,59.93435448577681,848,478,108.32380719803112,90.45969548899318,135.1693272254506,117.12937278292476,67.39952816132546,71.15315791724295,26.78160161874001
person_9.mp4,front,785,13098,59.93435448577681,848,478,108.82974829926431,92.54665000537338,135.6724629988582,119.77385115692599,67.26712633602871,71.2778339107514,26.703729091891148
person_9.mp4,front,786,13114,59.93435448577681,848,478,102.38658287928568,86.8549750828843,129.02308939060836,113.37929181383318,66.08289943929577,70.10761496147873,28.405849859624155
person_9.mp4,front,787,13131,59.93435448577681,848,478,106.19139607958347,89.71838727836288,132.23054487655148,116.1143557114914,67.60686106319503,70.85165749948837,28.014480920040583
person_9.mp4,front,788,13148,59.93435448577681,848,478,98.95335924707027,79.2461741471199,126.41182163190919,106.31887315549187,66.23133360866179,69.70060916138353,27.84117434248359
person_9.mp4,front,789,13164,59.93435448577681,848,478,98.01681119450755,80.8907571747617,126.60842929277796,108.8841890915024,66.01710739417128,69.63308988973068,27.07775637748507
person_9.mp4,front,790,13181,59.93435448577681,848,478,97.64271491926446,78.89344140642473,127.38305972612356,107.91590593087189,66.49990287395377,70.15454137799776,25.514674935858324
person_9.mp4,front,791,13198,59.93435448577681,848,478,95.97698023990186,77.69049687398733,125.45719184323448,106.59050404636955,66.93340384308492,70.60192840606098,24.93930092004018
person_9.mp4,front,792,13214,59.93435448577681,848,478,95.1024483280522,75.30430072623356,125.37110810157465,104.96469651882683,65.95660477050446,69.73714596811075,24.936798269822226
person_9.mp4,front,793,13231,59.93435448577681,848,478,95.1045509907112,73.52636840774173,126.29857965000369,104.16608191095342,65.06177062728078,69.1591900370471,24.55454950091358
person_9.mp4,front,794,13248,59.93435448577681,848,478,92.09164265224317,72.43593130205844,123.92986023882854,102.26805163024018,66.29466597583514,69.77035936725207,23.352767762812206
person_9.mp4,front,795,13265,59.93435448577681,848,478,84.34671945265771,69.53130465875938,117.58404028556382,100.06580469722444,65.56830841724415,68.70410122306086,22.99781493771367
person_9.mp4,front,796,13281,59.93435448577681,848,478,85.06043631644243,70.99501057408042,117.91054125835508,100.93262083029487,66.43015153956486,69.70038006004792,22.479877638592125
person_9.mp4,front,797,13298,59.93435448577681,848,478,88.68912975653123,73.83249950430607,120.71435318220922,104.02507570182019,66.692174445834,70.42131159927715,22.943388686394616
person_9.mp4,front,798,13315,59.93435448577681,848,478,90.21356805162321,75.52089627554513,121.01814028030168,106.02290197681059,68.01582374418776,69.61889915516268,22.959922317762413
person_9.mp4,front,799,13331,59.93435448577681,848,478,89.85544339981917,75.4706121452529,121.21862724955602,107.98110201231584,67.70289737836133,69.86551724735423,22.968990397500278
person_9.mp4,front,800,13348,59.93435448577681,848,478,79.65388291833595,71.0051995656105,112.59098664859714,102.18164190766264,68.24004310919683,70.11046978053179,20.921767958737544
person_9.mp4,front,801,13365,59.93435448577681,848,478,78.05580659454147,69.22017438411204,111.7522436958486,100.24297939723483,68.29573172895799,70.31088129537112,20.268146972809433
person_9.mp4,front,802,13381,59.93435448577681,848,478,75.55345983095064,69.3878336840533,108.92438256757458,101.53602855560813,68.95718284517731,70.23123450501966,19.411818932640962
person_9.mp4,front,803,13398,59.93435448577681,848,478,78.25868351788608,71.22971597538101,110.60233980790703,103.16934126354401,68.70744084103082,70.60318206142664,20.3089422665926
person_9.mp4,front,804,13415,59.93435448577681,848,478,75.9063820366757,68.45078571150896,109.93839681092238,101.55814009851753,67.05149929636875,68.81347282681485,20.598937144367113
person_9.mp4,front,805,13431,59.93435448577681,848,478,78.71950287379208,71.03263476422352,112.62693036653934,103.39753377144217,66.5840084793802,70.91249889297913,20.686327677451608
person_9.mp4,front,806,13448,59.93435448577681,848,478,78.21141606194485,72.58510772791249,111.85829529815405,104.33397421270949,66.63599724014568,71.0701935625784,20.924147761406974
person_9.mp4,front,807,13465,59.93435448577681,848,478,79.80652605005518,72.56234941224018,112.96238124961883,104.77378088844047,66.82707600963694,69.71529169580432,21.048332544490844
person_9.mp4,front,808,13481,59.93435448577681,848,478,73.75377179364713,69.33070276395317,107.85134850872171,103.34661110404326,66.56932344085115,68.31623159186157,20.627476631262397
person_9.mp4,front,809,13498,59.93435448577681,848,478,75.38152010742667,69.74581552969215,108.78532387062195,103.83220945465469,67.39067115565615,68.65985488765818,20.514731219990427
person_9.mp4,front,810,13515,59.93435448577681,848,478,74.29441353107882,68.87101371990654,108.60994605764873,103.39831234617078,66.67847980517838,68.1878361227266,20.4529567286561
person_9.mp4,front,811,13531,59.93435448577681,848,478,68.9809286455676,63.54585479190244,105.65433172840267,99.56397173955918,65.9402153747637,66.69467950493993,19.481488674947
person_9.mp4,front,812,13548,59.93435448577681,848,478,73.67724119322851,66.29065422541879,108.64010510656847,102.30136039952741,67.12388041950929,67.70046232870772,19.186299683915532
person_9.mp4,front,813,13565,59.93435448577681,848,478,72.0418625538854,65.55538939102065,107.64509532163399,101.58752517864461,67.12018343089706,67.82854260480998,18.881887518653265
person_9.mp4,front,814,13582,59.93435448577681,848,478,74.85178227646972,66.28882724614024,108.98485056558611,102.26297132764196,68.16787871867116,67.98589874643062,19.177901115793475
person_9.mp4,front,815,13598,59.93435448577681,848,478,73.98529196322707,67.09369343732912,109.1410828404111,102.9705868321459,68.79649929296593,68.0144278259358,19.382673831238748
person_9.mp4,front,816,13615,59.93435448577681,848,478,83.46403672851044,72.43597389780255,118.36320972203987,106.90486466725412,67.33928847722211,69.85815228170743,19.529557493640034
person_9.mp4,front,817,13632,59.93435448577681,848,478,82.67838824319672,75.0558419012088,117.27173523572398,110.85648701166305,66.25807951107076,68.24247263066965,20.06759089667789
person_9.mp4,front,818,13648,59.93435448577681,848,478,99.5675962196495,91.51527126860982,129.59667532266278,123.30892312517649,69.05477663693969,71.9621467454175,20.811854565243994
person_9.mp4,front,819,13665,59.93435448577681,848,478,107.37865320621468,91.5856612785905,136.6017101806131,121.6826813312172,67.87383795574281,71.4901294144546,22.007942660430192
person_9.mp4,front,820,13682,59.93435448577681,848,478,112.17770971738967,94.92201542657837,141.17966365841485,125.19420500152047,67.10821095635012,71.3235840987811,23.03037406381277
person_9.mp4,front,821,13698,59.93435448577681,848,478,104.83262800624595,91.33971326672885,134.32018695967938,122.38162641379854,66.20279010817728,69.9702772003961,23.92508628118576
person_9.mp4,front,822,13715,59.93435448577681,848,478,111.51123220086025,96.73293432707469,141.32500912658978,127.38760538559242,65.80730993000104,70.15493471900363,24.235409900997805
person_9.mp4,front,823,13732,59.93435448577681,848,478,105.75161542606843,100.40727536346762,135.10644448828032,131.26464740588386,64.16405014847268,67.94654711527069,26.076202515931236
person_9.mp4,front,824,13748,59.93435448577681,848,478,109.81677941618112,103.8972321767855,139.92710047968737,134.18774734306953,63.81186066196578,67.93945053941837,26.24083789300999
person_9.mp4,front,825,13765,59.93435448577681,848,478,117.66452989844068,116.08278433863495,146.87816074049897,146.1475709415381,65.09343580613996,68.98416600853002,25.367113212817205
person_9.mp4,front,826,13782,59.93435448577681,848,478,118.24162316761358,115.5362076161724,147.88812348560893,145.8426218581508,64.66722270225684,68.78550805634795,24.988393207327526
person_9.mp4,front,827,13798,59.93435448577681,848,478,116.4497936121321,117.30018850900333,145.19601403875464,147.23308868905747,64.71744952132198,68.58677774764098,25.751522947557916
person_9.mp4,front,828,13815,59.93435448577681,848,478,118.52407088305887,124.38036873383892,145.24219212692603,152.51316838690929,67.37587225608458,70.69888930226529,25.16997183049618
person_9.mp4,front,829,13832,59.93435448577681,848,478,120.44560099731419,128.83015534294427,146.10908701896346,155.9371629769405,68.46855914228904,71.43614961514614,24.855782112512042
person_9.mp4,front,830,13848,59.93435448577681,848,478,121.85867502158271,132.64969499156572,146.03207197872345,158.93222223553403,70.57007089788625,72.39903130121336,24.5346870688691
person_9.mp4,front,831,13865,59.93435448577681,848,478,124.4080320546749,131.27670909313744,148.48594162842934,156.48258742479513,70.81761171880542,73.84367133959447,24.294989199015852
person_9.mp4,front,832,13882,59.93435448577681,848,478,125.74124521910167,134.4408107770073,149.75138525696354,159.34494538417172,71.78041393055481,74.73168022392429,23.618898344544007
person_9.mp4,front,833,13899,59.93435448577681,848,478,128.8709821157205,132.64833784462138,152.244615722249,156.9295346023855,72.89381748607899,75.58017564514552,23.31247788814557
person_9.mp4,front,834,13915,59.93435448577681,848,478,133.41899034802574,135.97789269575313,154.95265882915442,157.84793775101141,75.58941680632852,77.96152396277184,22.900769558963464
person_9.mp4,front,835,13932,59.93435448577681,848,478,134.46189681579105,138.31132548332417,155.11989757934032,158.79640063433578,78.64487913744574,80.86976324286671,22.33487367452404
person_9.mp4,front,836,13949,59.93435448577681,848,478,134.26254759616776,139.80811704792654,154.31642592749574,159.12595592692546,77.1699380370193,83.17925916648868,22.125301465252463
person_9.mp4,front,837,13965,59.93435448577681,848,478,133.75119559352768,139.2280145317116,152.71987357272553,158.7887085540657,78.01122804591397,83.07196517671275,21.713407744331402
person_9.mp4,front,838,13982,59.93435448577681,848,478,134.6560977936366,138.65354738291504,153.30620623549723,158.77073876837323,79.61055264622344,80.41887992628105,20.901092074467364
person_9.mp4,front,839,13999,59.93435448577681,848,478,136.69923749548977,140.5992331949921,154.33835112937817,160.18315800731335,80.94907593773358,81.43458425654121,20.714023704479658
person_9.mp4,front,840,14015,59.93435448577681,848,478,137.7007208151043,142.87937242396248,154.8305676420969,161.68041136015432,81.87131722276273,82.07624369668977,20.680675045823474
person_9.mp4,front,841,14032,59.93435448577681,848,478,141.57749354555827,143.87854503866015,157.1603273174229,162.3948991465499,83.81836564015344,82.093095123295,19.93980519925557
person_9.mp4,front,842,14049,59.93435448577681,848,478,141.71893343188123,143.47714625219157,157.76209649940384,163.44914185088828,84.6245070377238,81.4215976616163,18.096303602635945
person_9.mp4,front,843,14065,59.93435448577681,848,478,141.08277358656062,143.51305632322732,157.68481079560493,162.96015269869122,84.96305014334601,82.76246256987535,17.120009423697244
person_9.mp4,front,844,14082,59.93435448577681,848,478,142.7281000251228,144.42720983907859,159.73436502458983,164.68307501399178,86.79315809717313,84.85893947237295,14.289539565022512
person_9.mp4,front,845,14099,59.93435448577681,848,478,143.78002220853537,146.44444862844009,161.87628247191586,165.76075281298728,87.96163385920008,87.12566198695878,12.378172803874019
person_9.mp4,front,846,14115,59.93435448577681,848,478,142.82668754670945,145.992266806112,160.7636307602739,164.8121189950054,87.56394152780938,87.63926309844501,13.23723843540457
person_9.mp4,front,847,14132,59.93435448577681,848,478,143.96182702379056,147.5821210888634,162.4109130626453,166.61331956934728,88.51126701065982,89.19780544155317,11.366833195767136
person_9.mp4,front,848,14149,59.93435448577681,848,478,143.06458155994963,146.12058344104648,163.2320343563764,165.9446594283417,88.04097953417278,88.6241176763114,10.582900177523511
person_9.mp4,front,849,14165,59.93435448577681,848,478,142.72963871115482,145.8918681044401,163.6060611784692,166.04431691789955,87.75166855886033,88.69530805603065,10.200678773756108
person_9.mp4,front,850,14182,59.93435448577681,848,478,142.1477804875537,144.9062832494556,163.8167560718926,165.82879727134448,87.19045202026471,88.11535394661752,9.933895033447877
person_9.mp4,front,851,14199,59.93435448577681,848,478,141.7599120458614,144.24766771859055,163.04372638311548,164.840402540072,86.99938031606432,87.9380346443973,10.926735644363482
person_9.mp4,front,852,14216,59.93435448577681,848,478,141.72227292148293,143.8455713114748,162.764745668038,165.49199794374684,87.08429824712606,87.85364021383035,10.835943174920121
person_9.mp4,front,853,14232,59.93435448577681,848,478,143.93287381424463,145.53055219017614,163.5336455698554,166.31855248963606,88.74897202451653,88.91311852635933,10.087394265961866
person_9.mp4,front,854,14249,59.93435448577681,848,478,144.46201815842775,146.46360053139603,165.21336296976227,167.91680821681408,89.30462215528551,89.51872158225378,8.23758511792855
person_9.mp4,front,855,14266,59.93435448577681,848,478,145.13535763311626,147.41386196887385,166.25130926335336,167.33217186596278,89.63012825307018,90.46684949713729,8.065460081235658
person_9.mp4,front,856,14282,59.93435448577681,848,478,146.0324446576976,147.54219175906616,165.97918503164678,167.15102968402363,90.05619282935967,90.5024206787939,8.630750865386993
person_9.mp4,front,857,14299,59.93435448577681,848,478,146.3690021556784,147.8150429331914,168.8140431515105,168.0498767629228,90.33049013485281,90.71748174706595,6.400787352043049
person_9.mp4,front,858,14316,59.93435448577681,848,478,147.51079427158763,147.87681664083624,169.6780303423649,168.7776474397743,90.948201348229,90.82544030020611,5.612014960156373
person_9.mp4,front,859,14332,59.93435448577681,848,478,148.01985156607873,148.20303510138385,169.21323040306413,169.2558673289941,91.88452118183676,91.52700349456912,5.573568857537261
person_9.mp4,front,860,14349,59.93435448577681,848,478,147.91588312160084,148.3167026534647,170.41301042146222,168.3373810585864,91.51206789742851,91.35252053157467,5.657441735085015
person_9.mp4,front,861,14366,59.93435448577681,848,478,148.2853208238314,148.66704040882118,172.87861632242928,170.05225360875522,91.72812469045145,92.336587372307,2.89194033393863
person_9.mp4,front,862,14382,59.93435448577681,848,478,148.4861758397551,148.23537238633745,172.72242818979444,169.61178659190037,91.86479306546602,92.14447825096032,3.2659096524447584
person_9.mp4,front,863,14399,59.93435448577681,848,478,150.68888958472917,148.85458619638626,173.10459763100542,170.5077372323916,93.1728125251593,92.64682068461867,2.925445239548057
person_9.mp4,front,864,14416,59.93435448577681,848,478,150.46976653778773,148.81362585310768,174.27261968468062,170.7210649066558,92.91613893169313,92.31335079554476,2.1161098636204994
person_9.mp4,front,865,14432,59.93435448577681,848,478,151.01362790883383,149.63160576245858,173.74272637196205,170.0932761086872,93.2089849454469,92.97078294710956,3.360150979827783
person_9.mp4,front,866,14449,59.93435448577681,848,478,150.74446261943558,149.29188207502816,173.7729429926911,170.07174810109333,92.82515121938755,92.84924589457528,3.4074888381430655
person_9.mp4,front,867,14466,59.93435448577681,848,478,151.5510246715055,149.32249905231672,175.28922171234626,171.27944929975905,93.25379186985147,92.73687987049486,1.7052947328428154
person_9.mp4,front,868,14483,59.93435448577681,848,478,151.0938225662206,148.9855460833445,175.82790757979922,171.31847725744456,93.15236349441874,92.32321268917276,1.2236425842683636
person_9.mp4,front,869,14499,59.93435448577681,848,478,152.26829447309444,149.36702606981652,175.60283312796557,170.78522858292018,93.95247600103866,92.63344549915652,1.7554135301465599
person_9.mp4,front,870,14516,59.93435448577681,848,478,152.5616006722087,149.84761366450152,175.15592546791115,170.31283309274465,94.39717301713162,93.04026882589456,2.519984653947632
person_9.mp4,front,871,14533,59.93435448577681,848,478,153.03225084474968,150.53548688508982,175.09075243426486,169.85193248759066,94.8276894637216,93.7255330840535,3.013198278752813
person_9.mp4,front,872,14549,59.93435448577681,848,478,153.44280746857842,150.42687180442087,175.07322096864854,169.65158868887184,95.18537946449374,93.70726179968821,3.1298317689631316
person_9.mp4,front,873,14566,59.93435448577681,848,478,154.97169822021644,151.23651312897323,175.4952833529377,171.05416460131661,96.56204699227784,94.34332932851163,2.172990763031597
person_9.mp4,front,874,14583,59.93435448577681,848,478,154.76050692166862,151.31849807842232,175.46415748119182,169.93379522381457,96.3544725041329,94.35358298809003,3.0124712147814
person_9.mp4,front,875,14599,59.93435448577681,848,478,155.35577146233425,151.3668886978319,176.65089822392986,170.8238148459133,97.01288808767,94.40224001815777,1.4597403828528235
person_9.mp4,front,876,14616,59.93435448577681,848,478,155.22304540085915,151.422407454227,176.69830849655062,170.76081863349413,97.04053786392274,94.51611935464956,1.4954383418023502
person_9.mp4,front,877,14633,59.93435448577681,848,478,154.97061440350754,151.25348637075885,176.52254984535014,170.8820257324909,97.38359267217677,94.31308719788485,1.3754034963031883
person_9.mp4,front,878,14649,59.93435448577681,848,478,154.71461251582167,151.16187928188896,176.36067351731072,170.53567856801834,97.08681258914827,94.20391802950779,1.6553451965998571
person_9.mp4,front,879,14666,59.93435448577681,848,478,154.49156641569402,151.10710078928273,176.4279641479004,170.21108867394076,96.92974826563896,94.24599718441854,1.7303383504084608
person_9.mp4,front,880,14683,59.93435448577681,848,478,154.51950268580075,150.763177710366,176.52725707352877,170.10818745717162,97.36095526065675,94.35370536685113,1.4210187580145615
person_9.mp4,front,881,14699,59.93435448577681,848,478,154.79675380352697,150.802331630539,176.34395098203422,170.6597336318754,97.73368279092968,94.44393030519971,1.2796448371345905
person_9.mp4,front,882,14716,59.93435448577681,848,478,154.65102649044115,150.16395351744455,176.34863553612914,170.770687278482,98.05029244730743,93.67834568247426,1.1337164489372389
person_9.mp4,front,883,14733,59.93435448577681,848,478,154.6070766753717,150.56035001578675,176.35322651480845,170.81845021853226,97.85546066829062,93.82200353908998,1.1869165809064937
person_9.mp4,front,884,14749,59.93435448577681,848,478,154.5600115211978,150.43705300449466,175.64460526827673,170.0804962396385,97.94301435082936,93.73942587183753,1.9416725753545994
person_9.mp4,front,885,14766,59.93435448577681,848,478,154.38636667465204,150.96709871495963,174.17788596019847,169.91218945002225,97.66511259659765,93.90695534399994,3.0435458418900545
person_9.mp4,front,886,14783,59.93435448577681,848,478,154.068162087501,150.90551171279998,174.03870814072667,169.6370860732542,97.23357992597971,93.81184628986485,3.3524861905269034
person_9.mp4,front,887,14800,59.93435448577681,848,478,153.6942724339992,150.91060545991766,173.33412879848643,168.56474838173418,96.7157938287188,93.75467720930776,4.428961049803366
person_9.mp4,front,888,14816,59.93435448577681,848,478,153.888842649399,151.06709851833384,174.05344772945537,170.05080375248738,96.90010110351638,93.84173733646452,3.18960142614284
person_9.mp4,front,889,14833,59.93435448577681,848,478,153.7179210179514,150.95859832200165,174.0532474352375,169.67785108533684,96.79712667862124,93.65005941848963,3.3807633673177677
person_9.mp4,front,890,14850,59.93435448577681,848,478,153.65186319385793,150.76370319077503,171.7356405674985,169.05505721386402,96.72820013518265,93.13127948645213,5.172062113356319
person_9.mp4,front,891,14866,59.93435448577681,848,478,153.52269550403093,150.71807624607666,171.97486741512196,169.08233500754034,96.8079433752861,93.14029067965153,5.014998544332835
person_9.mp4,front,892,14883,59.93435448577681,848,478,153.39777356655813,150.33403028774703,172.1147924048201,168.9134594105159,96.7980707613142,92.97257630019882,4.79149410531551
person_9.mp4,front,893,14900,59.93435448577681,848,478,153.32682245918792,150.13781307160406,171.2671890532882,168.2002660305726,96.74685473884534,92.65952729200737,5.7301246921146465
person_9.mp4,front,894,14916,59.93435448577681,848,478,153.43399793763194,151.01008638003137,171.62740000988163,168.63587316114527,96.79033872288629,93.22719185098957,5.583362648755556
person_9.mp4,front,895,14933,59.93435448577681,848,478,153.63880754195583,151.07153645372279,172.67367638782125,169.59932024319014,96.99022027836722,93.39027942062944,4.4659440897605105
person_9.mp4,front,896,14950,59.93435448577681,848,478,153.82184075715327,151.29122948133914,172.97833703799074,169.9847501720717,97.08286097232096,93.66216468627148,4.161229502634468
person_9.mp4,front,897,14966,59.93435448577681,848,478,151.73364948084816,150.58053052151823,172.02386195010283,166.98534178550705,95.24454136947877,93.00165845028478,6.510258132509501
person_9.mp4,front,898,14983,59.93435448577681,848,478,152.1383708307815,150.51259582968805,170.17424235473624,167.8846282046157,95.37586241799782,92.64371450672604,7.4032106760489285
person_9.mp4,front,899,15000,59.93435448577681,848,478,152.42279575458522,150.57192928624607,170.43350646662049,168.23519328048178,95.51079828135275,92.625871066051,7.1060317709809855
person_9.mp4,front,900,15016,59.93435448577681,848,478,151.7048755871412,149.99212172360714,170.0721587824322,167.08269927224157,95.20834981637333,92.38952418777436,7.727189499949642
person_9.mp4,front,901,15033,59.93435448577681,848,478,151.7457497577214,150.15213993337858,170.79542892122114,167.31614370240948,95.26552950692647,92.44775160389595,7.191312552987976
person_9.mp4,front,902,15050,59.93435448577681,848,478,151.98300405157048,150.2642256562777,173.00494800895692,168.41613338747646,95.49184006866732,92.47287549308241,5.099997470475654
person_9.mp4,front,903,15066,59.93435448577681,848,478,151.88088851936723,149.97836216998203,173.16248059468654,168.29718199262376,95.50402188334932,92.31807794837438,4.8508201423636725
person_9.mp4,front,904,15083,59.93435448577681,848,478,152.20325078835515,150.01082963566654,172.97891434095266,168.18654548972478,95.72688165793316,92.3522546147741,4.98367077565506
person_9.mp4,front,905,15100,59.93435448577681,848,478,151.351619499643,149.47981716382097,172.29506752445886,167.65966634522326,95.32006111389305,91.96605612652543,5.477270167304035
person_9.mp4,front,906,15117,59.93435448577681,848,478,151.18314908948426,149.4551684149262,171.98781938361802,167.72315988088343,95.32126457399553,91.90084151197546,5.566922187806776
person_9.mp4,front,907,15133,59.93435448577681,848,478,150.6112188701455,149.32703757263516,172.11270876016323,167.86308355394698,94.60822882482866,91.71488332219734,5.666333650357368
person_9.mp4,front,908,15150,59.93435448577681,848,478,150.91555944347172,149.32937841929595,172.00304772044308,168.05179341372894,94.76763288314832,91.64497377721486,5.652152329322817
person_9.mp4,front,909,15167,59.93435448577681,848,478,151.52644530198918,148.3423874004169,171.167056768325,166.89222654167256,93.86432016942244,90.72289189685722,7.885814279485661
person_9.mp4,front,910,15183,59.93435448577681,848,478,149.98231504644068,147.81369065290758,170.32527342627998,167.87610415927486,92.63179858934791,90.18536278051528,8.111468268166293
person_9.mp4,front,911,15200,59.93435448577681,848,478,149.16155733661085,147.7556213039878,169.98373652915492,168.43945436911855,91.80001954220376,89.99098066489884,8.188317725929963
person_9.mp4,front,912,15217,59.93435448577681,848,478,148.68611953858704,147.89760371093038,169.52113049926308,168.52340757064897,91.551827439784,90.04369051124498,8.341838685952803
