video,view,frame,timestamp_ms,fps,frame_width,frame_height,left_knee_angle_deg,right_knee_angle_deg,left_hip_angle_deg,right_hip_angle_deg,left_ankle_angle_deg,right_ankle_angle_deg,trunk_angle_deg
person_2.mp4,front,0,0,59.907695092154086,848,478,140.51957650720672,145.06120110101259,163.68987530379584,165.8121480944847,84.5300822299071,85.03144451711455,12.81989675965318
person_2.mp4,front,1,17,59.907695092154086,848,478,136.7812241313791,143.92041866977257,164.87510685072104,166.30081804999753,82.6965421403861,86.25722160495654,8.876749370409346
person_2.mp4,front,2,33,59.907695092154086,848,478,136.29959943442307,142.96547679367205,169.53574652529025,167.73916441560215,82.9664645080655,87.05580257508964,4.270482451946273
person_2.mp4,front,3,50,59.907695092154086,848,478,135.49403503449864,141.65678710061775,168.04925412077048,166.6907265021375,82.73785609914964,86.39203757232369,5.637766722605479
person_2.mp4,front,4,67,59.907695092154086,848,478,135.39812298007374,140.31604809309164,170.4664768644049,166.8269222496796,82.82160739887384,85.25218510856406,3.5885035326667007
person_2.mp4,front,5,83,59.907695092154086,848,478,135.76206557649158,141.97133332677907,171.3151795174865,167.10468231865812,83.28423301778797,87.79505949545309,2.639624418462171
person_2.mp4,front,6,100,59.907695092154086,848,478,135.4456851790435,141.58773671681814,169.6152835985106,166.37353920289132,83.16705723575573,87.27783100458412,4.434416465739159
person_2.mp4,front,7,117,59.907695092154086,848,478,134.56363078041923,139.40787855846312,169.51582241756594,165.3856396146581,82.69966298007787,85.17086178904383,4.316016732087473
person_2.mp4,front,8,134,59.907695092154086,848,478,134.30120925257,139.2531443175332,171.31548054329025,166.7542127405719,82.33698999705035,84.99141064109904,2.5798375722907894
person_2.mp4,front,9,150,59.907695092154086,848,478,134.36671405913648,139.78409339585664,169.32925891196754,166.32905139303162,82.57856104636635,85.34943290413419,4.245848882717453
person_2.mp4,front,10,167,59.907695092154086,848,478,134.11961046010754,139.6490557879458,169.04610127593875,166.01733206120505,82.65320958088782,85.02005575808765,4.491269992103829
person_2.mp4,front,11,184,59.907695092154086,848,478,134.50614177869576,140.64697715068698,172.08618199409054,167.92726735093638,82.92392804752033,86.18913849599372,1.6059098927866182
person_2.mp4,front,12,200,59.907695092154086,848,478,133.58609136192064,140.6390052912352,169.11153750143725,166.00409422325617,82.24454037889811,85.55786887516096,4.636278663749832
person_2.mp4,front,13,217,59.907695092154086,848,478,133.58601367971045,139.8539334965438,172.1546276000534,168.16068497639813,81.91734326564873,85.04079023845915,1.3756525776017596
person_2.mp4,front,14,234,59.907695092154086,848,478,133.8603355688471,140.71030787706772,172.07962159076362,168.03898416571693,82.20723260814856,86.18644236986275,1.5645412960326284
person_2.mp4,front,15,250,59.907695092154086,848,478,134.6660488315087,140.61195019763144,171.43546663019617,167.60030318440974,82.79008969699953,86.20049873638503,2.49890460695018
person_2.mp4,front,16,267,59.907695092154086,848,478,134.94387696866826,140.61681677721194,169.27164954187683,165.58700842924162,82.80026073655878,86.50404297430676,4.9894389970895086
person_2.mp4,front,17,284,59.907695092154086,848,478,134.69663473477587,140.8287616400367,167.87206895099052,165.01909832917414,82.84448824705898,86.60997838990092,6.069532363626783
person_2.mp4,front,18,300,59.907695092154086,848,478,134.38365043393767,141.06686010128828,167.9121514680478,165.633351841007,82.66673930242355,86.7520405838943,5.666203535841414
person_2.mp4,front,19,317,59.907695092154086,848,478,134.746007052937,141.7501274785402,168.4789750384912,165.83570918306827,83.21071671239001,87.33811219825526,5.309641136480188
person_2.mp4,front,20,334,59.907695092154086,848,478,135.45472946428714,142.20895992957512,168.69334192067734,166.22884046675907,84.03395739364751,87.79207973686572,5.0056027035118085
person_2.mp4,front,21,351,59.907695092154086,848,478,135.37977246638727,141.81222001607077,169.99464536068874,166.31078639111084,84.04659806654449,87.51418981728037,4.097569406590017
person_2.mp4,front,22,367,59.907695092154086,848,478,135.06550100021977,141.67857641499043,169.7706158237297,166.4638979937093,83.77357146235532,87.38411500436094,4.113786505539252
person_2.mp4,front,23,384,59.907695092154086,848,478,135.07668450186827,141.64770234838878,170.33587584724197,166.61564770207502,83.7711127873547,87.276639080565,3.7568440632016076
person_2.mp4,front,24,401,59.907695092154086,848,478,134.82658956400206,141.61183815235384,169.96586780176926,166.5532587340232,83.64770535379114,87.2324755881808,3.9190089928254497
person_2.mp4,front,25,417,59.907695092154086,848,478,135.14868443024343,142.11156578832126,172.62823126101634,168.0648480495629,84.20258258903695,88.17091493609117,1.2607998841671313
person_2.mp4,front,26,434,59.907695092154086,848,478,135.1938080436584,141.89188661181797,172.03149246001902,167.89623370292165,84.28611801390385,87.86696412221299,1.748992422980374
person_2.mp4,front,27,451,59.907695092154086,848,478,135.14415080119903,141.51724788745696,172.37577400788686,167.7190003380394,84.07777936678363,87.2825385720258,1.5598163127424027
person_2.mp4,front,28,467,59.907695092154086,848,478,134.81273656560097,140.86477188063512,173.12038185155689,167.7365301321711,83.75996578560655,86.82691541391326,0.884808668684814
person_2.mp4,front,29,484,59.907695092154086,848,478,134.83965626088715,141.19889260600647,172.3471194182974,168.27934204186155,84.35615878320354,87.32908539965621,0.9176227072453879
person_2.mp4,front,30,501,59.907695092154086,848,478,135.6180564534103,141.4560578935828,173.02785467826988,168.26399242836186,84.64853177076385,87.24196255650118,0.6900977307639109
person_2.mp4,front,31,517,59.907695092154086,848,478,135.84375171341043,141.74797398549072,173.43403529627625,168.35289194551677,84.9514310113421,87.61818825553411,0.449780029726815
person_2.mp4,front,32,534,59.907695092154086,848,478,136.86286471706384,142.5749155944415,174.5243094006513,170.71657816831942,85.91046786755074,88.46853354637031,2.3052395732691195
person_2.mp4,front,33,551,59.907695092154086,848,478,136.6381456765479,142.57235331635405,174.65346804682102,170.5623988184534,85.7308702611646,88.86633530361382,2.5283653107170427
person_2.mp4,front,34,568,59.907695092154086,848,478,137.0099087858045,142.6361089509587,175.3243598073987,171.79655017507486,86.28767713380437,89.33545384047419,5.073064388080615
person_2.mp4,front,35,584,59.907695092154086,848,478,137.01304339957784,142.2079698526806,174.78565960930308,172.75130762031776,86.68126685405635,89.43595040170993,7.238804771054741
person_2.mp4,front,36,601,59.907695092154086,848,478,137.125017052649,142.28813990364142,175.28349955493317,172.63346892994753,86.93730095951727,89.45884905619393,6.197745408299977
person_2.mp4,front,37,618,59.907695092154086,848,478,136.93469021846855,142.22715275584227,175.2228172509195,172.03847557489416,86.55065778387453,89.12713216958156,4.914828561042721
person_2.mp4,front,38,634,59.907695092154086,848,478,136.82281517709774,142.09089671046672,175.0417123493767,171.6756686831962,86.45782254992379,88.98424163753236,4.252350213038914
person_2.mp4,front,39,651,59.907695092154086,848,478,135.99257408981285,141.96409888694313,174.84517087241875,171.80498795756034,86.32272031784383,88.86487628121625,4.448928909273
person_2.mp4,front,40,668,59.907695092154086,848,478,136.30755693421008,142.15798502247992,175.02767501950143,172.37762360960014,86.35661029475597,88.87775956240215,5.106210057705283
person_2.mp4,front,41,684,59.907695092154086,848,478,135.64586960663084,141.71674764169936,175.28084064405564,172.30790281036943,86.2945857759064,89.09534173264618,6.025353171164155
person_2.mp4,front,42,701,59.907695092154086,848,478,135.7087981562102,141.87376066603747,175.09142922973425,172.24313968779848,86.21606618844447,88.95157457247775,5.532898563704287
person_2.mp4,front,43,718,59.907695092154086,848,478,135.7147976680718,141.96672041461966,174.98103446318234,171.8953613913693,86.08223868029059,89.10449277009322,4.95455312112083
person_2.mp4,front,44,734,59.907695092154086,848,478,134.61709411849185,140.7143843701484,173.41328547622285,170.44859826349384,84.63370548680598,87.12232043473111,2.258663434346333
person_2.mp4,front,45,751,59.907695092154086,848,478,135.42589901127374,141.9959842506984,173.98318840474576,170.73334325674523,85.5832343510232,88.79309260858558,2.765829189054157
person_2.mp4,front,46,768,59.907695092154086,848,478,134.8295774818139,141.67726061075072,173.68725328574598,170.3452579168629,85.19380477578633,88.53967762431354,2.417676039312022
person_2.mp4,front,47,785,59.907695092154086,848,478,135.0221267433798,142.07427666408034,173.7491345337964,170.38116514464107,85.34739438684656,89.14135126767152,2.4256133713665706
person_2.mp4,front,48,801,59.907695092154086,848,478,135.61695238610332,142.16128664147638,173.7832428519176,170.5382852622185,85.82369527814187,89.30570730494145,2.536703154010658
person_2.mp4,front,49,818,59.907695092154086,848,478,135.5424832707722,142.15244928429817,173.80854020995537,170.59226549494292,85.89050116934752,89.27926131506547,2.6033035105075415
person_2.mp4,front,50,835,59.907695092154086,848,478,136.05029216147403,143.39287910625563,174.340871804347,171.51344647638385,86.39364847394134,90.58198251575743,3.640368017775066
person_2.mp4,front,51,851,59.907695092154086,848,478,136.23805104770864,143.73788565026197,174.7036914235146,172.2367885308371,87.14582243494606,91.22507744914094,4.885864913898813
person_2.mp4,front,52,868,59.907695092154086,848,478,135.89092521104016,142.87146656510174,174.49637455220665,172.16748505754614,86.75197061010849,89.64988458969793,4.7258610675918336
person_2.mp4,front,53,885,59.907695092154086,848,478,135.0698274539556,141.2862309023122,173.41004835372843,171.64689007456596,86.29264786913754,88.15707494456088,3.564800390233757
person_2.mp4,front,54,901,59.907695092154086,848,478,135.19586480865365,141.79121198375572,173.307976158719,171.77941111167726,86.29042636042774,88.55960424358346,3.3891730865905183
person_2.mp4,front,55,918,59.907695092154086,848,478,134.60135735004158,141.43815127982978,173.68699701419612,171.42021935733965,85.39848168667305,88.25152806370842,3.511062688241936
person_2.mp4,front,56,935,59.907695092154086,848,478,132.37115837443704,139.88191372713902,172.17729177334132,170.30949083402263,83.69892387757328,86.40451450443629,2.0741672725269864
person_2.mp4,front,57,951,59.907695092154086,848,478,133.1868933822936,141.0424162616665,172.41667453720208,170.5490854609978,84.62186172652882,87.17755125200533,2.1188137177066193
person_2.mp4,front,58,968,59.907695092154086,848,478,133.35097211145847,140.7171508316494,172.42476129745933,170.24073686147145,84.43124808418234,86.68296858442996,1.8628740871278244
person_2.mp4,front,59,985,59.907695092154086,848,478,131.34386704958965,139.2155415988874,168.95693879343648,169.19466819365405,83.26074942294791,85.30724260959812,0.7051541012650469
person_2.mp4,front,60,1002,59.907695092154086,848,478,131.67312746184587,139.66825485386207,169.82483022976768,169.2176001127137,83.35786971833528,85.7799685348261,0.2783495223355569
person_2.mp4,front,61,1018,59.907695092154086,848,478,130.96610139621927,139.49796891776924,170.12061396039513,169.11558021868464,82.30753458105306,85.34670472478474,0.1659978163638412
person_2.mp4,front,62,1035,59.907695092154086,848,478,131.21032149333877,139.9212741187275,170.15134389813457,168.98495794933822,82.3572098152447,85.91798391225754,0.2247153825613513
person_2.mp4,front,63,1052,59.907695092154086,848,478,131.36858196358628,139.74684400254122,170.4280451257682,168.85731469790892,82.45113535402032,85.79529015945197,0.09315247791027058
person_2.mp4,front,64,1068,59.907695092154086,848,478,131.38405631865976,139.85104716129263,172.23367859257235,170.710638157391,82.64090236650213,86.1298878060698,2.4403187222493274
person_2.mp4,front,65,1085,59.907695092154086,848,478,132.304981126501,140.0002744686323,172.5449393630288,169.7330244815515,83.0068892344646,86.10170984695405,1.7144409257457052
person_2.mp4,front,66,1102,59.907695092154086,848,478,132.56299654239595,140.51304211253688,173.61184821154157,171.51326551622947,83.26186576697451,86.41747048405112,3.752099277999448
person_2.mp4,front,67,1118,59.907695092154086,848,478,132.43725700523513,140.49322245606876,173.61435303512556,172.56740891412275,83.16191069260859,86.20468516245656,4.860579025165671
person_2.mp4,front,68,1135,59.907695092154086,848,478,132.5213120372189,140.4850183973464,173.8914071543698,172.51457311923915,83.26464840516111,86.41468787979244,5.087514547128195
person_2.mp4,front,69,1152,59.907695092154086,848,478,132.55425479145848,140.75022321898538,173.89426418237827,172.52866129781222,83.31801492181172,86.74956676769297,5.0647590103548215
person_2.mp4,front,70,1168,59.907695092154086,848,478,131.9127442049715,140.1193252488943,173.76870497746128,172.0659142923934,82.80756064361513,86.40073023328554,4.745980024933954
person_2.mp4,front,71,1185,59.907695092154086,848,478,132.6990211390448,141.22909883222735,174.0400861635004,172.7207505284288,83.79626174492395,87.68169929524642,5.687457291928483
person_2.mp4,front,72,1202,59.907695092154086,848,478,133.21814094066917,141.28415459074805,174.37076250627675,172.7188602562415,84.04586046820201,87.79570578868653,6.1203080655071656
person_2.mp4,front,73,1219,59.907695092154086,848,478,133.77575262861166,141.54489960320714,174.00157006714429,173.53363052367249,84.42802121638394,88.23168941042326,8.261082556238962
person_2.mp4,front,74,1235,59.907695092154086,848,478,134.0059768518197,141.5214004760232,174.1097111879448,173.88006245435838,84.43026838233634,88.21279265226407,8.45953866627337
person_2.mp4,front,75,1252,59.907695092154086,848,478,135.95243334397856,142.05634940941218,174.29144280374348,172.82738239553498,85.3655108486651,88.77819846961512,6.094074616314298
person_2.mp4,front,76,1269,59.907695092154086,848,478,136.16646587567476,142.61411369141203,173.56227472818045,173.46288458517498,85.62474343867905,89.48993249628309,8.010518451874448
person_2.mp4,front,77,1285,59.907695092154086,848,478,137.0034464722894,143.0730553497234,172.45371102691286,174.06341783896565,86.15940257296661,90.1232219174992,9.600943792879598
person_2.mp4,front,78,1302,59.907695092154086,848,478,139.61171923443712,144.6001768057342,173.15193692635762,174.0950083082112,89.7059680583488,92.45380557658129,9.283155812166953
person_2.mp4,front,79,1319,59.907695092154086,848,478,140.88040065773976,146.1495507840077,172.9495025484614,174.21378850485584,90.98675425844534,93.87755740587178,9.798960106862149
person_2.mp4,front,80,1335,59.907695092154086,848,478,141.1694076978112,146.19152053143955,172.7846482794153,174.08241201194718,90.58918713096587,93.7405669418208,9.299070392244777
person_2.mp4,front,81,1352,59.907695092154086,848,478,141.89721792702053,146.91967755508742,172.2645858511846,174.10446044640486,91.39402269958008,94.81031933106213,10.001019610935863
person_2.mp4,front,82,1369,59.907695092154086,848,478,141.3483808344446,146.45816347915172,172.2228544002591,173.9882002453686,90.57293400039886,94.19746157190946,9.62844128489572
person_2.mp4,front,83,1385,59.907695092154086,848,478,142.53909076226077,146.70416315760954,171.9218468875983,174.0521964874593,91.65617488897963,94.19153565916778,10.170808249969957
person_2.mp4,front,84,1402,59.907695092154086,848,478,143.71444591952226,147.6514164486845,171.1428048751556,173.9164588797603,92.52759463648513,95.28219658489684,10.494311396829312
person_2.mp4,front,85,1419,59.907695092154086,848,478,144.10875212700526,147.61802314811464,170.86288793351375,173.87392932544068,92.34153472312782,94.83102930310844,10.332296717410545
person_2.mp4,front,86,1436,59.907695092154086,848,478,143.39910986589396,148.97991349412106,172.1487868101759,173.5287902826187,91.78173648676314,95.57038992236221,7.138588790667465
person_2.mp4,front,87,1452,59.907695092154086,848,478,143.35941982475447,149.96224768130202,171.9543089342954,172.5985270385065,92.29614328576244,96.36976615013201,4.632368819047594
person_2.mp4,front,88,1469,59.907695092154086,848,478,144.15363306030997,151.25201122047972,171.11815499523163,172.56936025806402,93.49918669504493,97.50678656438382,3.4250718800717
person_2.mp4,front,89,1486,59.907695092154086,848,478,145.87093868565333,150.20131484201784,170.70321458433284,171.95685445288774,95.93884450272628,97.74094840220091,4.15201036488666
person_2.mp4,front,90,1502,59.907695092154086,848,478,146.6110890116104,149.68200331036195,169.83719790115381,170.80115643565554,98.52130177157494,98.23582821331229,3.622651038642475
person_2.mp4,front,91,1519,59.907695092154086,848,478,145.38826466505844,147.0456173260163,169.36823923093405,168.3525095495162,99.96900073383091,98.84087792478624,4.782826439833288
person_2.mp4,front,92,1536,59.907695092154086,848,478,143.23434631636758,145.892609060047,169.89607025177088,169.0888123559719,97.64439759191784,97.08789225877406,6.459453412670658
person_2.mp4,front,93,1552,59.907695092154086,848,478,143.54136473527805,146.53481587398684,169.77449551419508,170.1700981181455,98.09270301759767,97.5634116723127,7.914354679030092
person_2.mp4,front,94,1569,59.907695092154086,848,478,146.58727241826543,146.5634332829138,169.49580166656855,170.59884066051825,102.16712555620859,100.21069343958978,10.833317967283289
person_2.mp4,front,95,1586,59.907695092154086,848,478,144.52438347692203,139.36682293430675,168.7421039601652,170.88814646678412,104.05942833064343,99.20956550752672,18.208996889183112
person_2.mp4,front,96,1602,59.907695092154086,848,478,138.08699484796756,134.60556262663977,169.17368724244372,168.4453233005276,102.3697538459371,98.3637615776705,17.750436163140396
person_2.mp4,front,97,1619,59.907695092154086,848,478,140.1276827472855,132.55418877454844,168.83913023699427,165.96159241806748,104.26686399897984,99.04725936506648,18.061268845922406
person_2.mp4,front,98,1636,59.907695092154086,848,478,133.23522786094912,127.85109106989592,167.62624676298879,165.92058951020925,100.19405435773112,95.92318272650967,18.20886846291047
person_2.mp4,front,99,1653,59.907695092154086,848,478,135.4050172039685,128.55219998079,167.31776752189037,165.26592302201135,101.73829345528718,96.63180881768169,17.86171422167229
person_2.mp4,front,100,1669,59.907695092154086,848,478,136.0328409616027,128.6097806206643,166.9777729673853,164.98794477979274,103.23894677447761,97.64976828617671,18.68880937373684
person_2.mp4,front,101,1686,59.907695092154086,848,478,136.1184135165198,127.16501571629398,165.1468587316123,160.57059925918534,106.96856153357659,99.87005990485457,18.749841343948113
person_2.mp4,front,102,1703,59.907695092154086,848,478,132.3143023260199,123.01834711079097,165.04247852596052,159.1484254932724,103.74225816827227,97.40454754629316,18.884690403481944
person_2.mp4,front,103,1719,59.907695092154086,848,478,129.3068934190415,121.83187691147775,164.16673557259202,159.1509429143596,102.7317508922122,96.88979547498883,19.802804182920507
person_2.mp4,front,104,1736,59.907695092154086,848,478,122.47488901331745,118.89338319222242,155.1115383309523,150.69491300845834,107.038586882183,101.90040171883895,19.141277062748717
person_2.mp4,front,105,1753,59.907695092154086,848,478,125.6609533710906,123.6218698490511,154.2930051849364,151.68094024216697,110.23499526605367,105.05657969769176,19.13820694183831
person_2.mp4,front,106,1769,59.907695092154086,848,478,117.94526248625338,116.23397934874154,150.950458732267,147.1134573565973,106.16805836219591,101.77268829258747,18.48664232688453
person_2.mp4,front,107,1786,59.907695092154086,848,478,112.45624351755774,110.4289433610972,142.2514641393351,139.91472050510183,103.83601164440074,99.49754405051627,14.372430493873223
person_2.mp4,front,108,1803,59.907695092154086,848,478,108.20681702912421,105.25461341291374,138.82225382879457,131.75323858691374,100.79549847875174,96.80344776255582,9.965080635272523
person_2.mp4,front,109,1819,59.907695092154086,848,478,99.16387298170362,98.78496276530377,132.13205089200292,129.9090518367156,94.14984130837095,91.33617120559602,6.897006961377041
person_2.mp4,front,110,1836,59.907695092154086,848,478,90.17992728834597,89.72455683510533,123.98478742869689,119.25333361859116,89.38651443439738,86.7028400066752,1.9195612030977818
person_2.mp4,front,111,1853,59.907695092154086,848,478,95.63535930094481,96.25469539251712,125.26851258470577,123.33737178306866,95.41054383353553,93.55536490800334,4.606211623938176
person_2.mp4,front,112,1870,59.907695092154086,848,478,91.5306293005049,92.4699895184865,125.59354992659922,123.53712896463999,92.95930232425738,90.77466245487435,5.5110966800615335
person_2.mp4,front,113,1886,59.907695092154086,848,478,89.62262965581793,89.10284702507727,125.76466295369873,122.50629263935733,92.35164859096707,89.77380843145562,6.749836903137216
person_2.mp4,front,114,1903,59.907695092154086,848,478,90.79260504090247,90.7479711206217,126.13095068595204,121.48693997980855,93.93073340269727,91.74607777294676,7.526511415247572
person_2.mp4,front,115,1920,59.907695092154086,848,478,83.27909541719166,86.40997234184972,127.13182069888292,123.43361941863584,85.70233883858832,84.77503332320876,8.04852804329648
person_2.mp4,front,116,1936,59.907695092154086,848,478,86.16942971856982,84.67474592857924,131.7609650190318,126.16341117091382,86.09374834412586,83.91806503163394,10.834739367693555
person_2.mp4,front,117,1953,59.907695092154086,848,478,82.30760287495278,83.06316494790244,135.0427600346592,129.63001747242828,86.60537651678379,85.76409922045916,13.154547697485297
person_2.mp4,front,118,1970,59.907695092154086,848,478,79.5509430669009,79.48713427513326,133.6730020252496,126.37527231770534,85.88843215403526,82.65405088066662,12.87973859144437
person_2.mp4,front,119,1986,59.907695092154086,848,478,77.68924325639402,78.53495732786281,130.9303527329438,125.17291672105024,85.96568227388771,82.02586823125806,12.105926570950555
person_2.mp4,front,120,2003,59.907695092154086,848,478,79.89090220511923,78.41844121703497,131.70878083596713,124.36210494422427,86.86644760731095,82.58133604134038,13.260258865196027
person_2.mp4,front,121,2020,59.907695092154086,848,478,75.03545069440588,76.9775182227458,128.06449719217193,123.0186110927175,82.65052856526779,80.35960139130438,11.51419834794782
person_2.mp4,front,122,2036,59.907695092154086,848,478,76.16784757332972,76.40911686341165,127.51524633354506,121.69157165819436,85.4051510244206,81.92268798808485,10.468067911991227
person_2.mp4,front,123,2053,59.907695092154086,848,478,69.82499272902277,70.88853089218165,122.76093126941602,116.17238369091795,80.17274263241475,77.76222119401616,6.398475545735592
person_2.mp4,front,124,2070,59.907695092154086,848,478,70.89561326590243,70.25269753987641,120.65602860462216,115.48072405085,80.83529623258197,77.14737078674513,6.1208008141982635
person_2.mp4,front,125,2087,59.907695092154086,848,478,68.63864215236936,68.2257080700936,114.65370512772803,109.29779959360089,78.58258979449553,75.32339566089887,1.8902058051442736
person_2.mp4,front,126,2103,59.907695092154086,848,478,67.48099171908768,68.77023555611424,114.55637793117782,110.49417084956544,77.44498190875886,75.26654354874188,2.120034542078022
person_2.mp4,front,127,2120,59.907695092154086,848,478,67.02866686802012,66.82991981348908,114.13827047637938,109.60155784955413,77.51708777582344,74.55433546616436,2.1652419523191875
person_2.mp4,front,128,2137,59.907695092154086,848,478,67.14072609678638,68.11597337287303,113.6674805648302,109.22020163638055,77.47496885159866,77.03786599819657,1.961001063978486
person_2.mp4,front,129,2153,59.907695092154086,848,478,66.49391833737542,66.75727982406113,113.66954626316125,108.07043055359068,77.88935923315358,76.22183228596508,1.9047327904948064
person_2.mp4,front,130,2170,59.907695092154086,848,478,64.67176577912703,63.93962661524355,106.14449695392283,100.50432689953028,76.30891449696809,73.22371225605266,7.3614876912089295
person_2.mp4,front,131,2187,59.907695092154086,848,478,64.34099440253202,63.70760621351446,105.69140556634848,99.19272897478534,75.86051263212984,72.82742410395275,8.034831711658185
person_2.mp4,front,132,2203,59.907695092154086,848,478,63.025496034970324,63.61123906449025,107.2237798643761,101.96770014792357,75.09983128798476,72.48300045645807,6.022108530338271
person_2.mp4,front,133,2220,59.907695092154086,848,478,64.09858769069123,64.9133313186378,107.4745492596045,101.9503688697842,75.6082008201985,72.97344732786996,5.583931670242921
person_2.mp4,front,134,2237,59.907695092154086,848,478,63.494348121084045,63.73795767217539,104.9798778080431,99.42517257937567,75.01435662708973,72.15213186417327,7.910896289677911
person_2.mp4,front,135,2253,59.907695092154086,848,478,65.28298298500962,65.62354209083033,107.00070935255519,101.60714438829571,76.21829406632853,73.37486557964614,6.485948117667628
person_2.mp4,front,136,2270,59.907695092154086,848,478,64.75457984567916,64.18659685220034,107.25327596078225,101.44387037196024,75.68234677442422,72.24402175228111,6.261469234080754
person_2.mp4,front,137,2287,59.907695092154086,848,478,64.7678486054393,65.18924307725585,104.09705469420963,99.39924475769068,75.56753189734675,73.00162187654472,8.92738961607556
person_2.mp4,front,138,2304,59.907695092154086,848,478,63.55805068315592,62.29191941178967,106.98672821505289,101.06088193775696,74.75135051674243,71.03144872978493,7.14917417537489
person_2.mp4,front,139,2320,59.907695092154086,848,478,65.74717809869435,63.98828327518238,108.94097383899737,103.5833533863857,75.79518017820581,71.57357018079634,6.205912682393738
person_2.mp4,front,140,2337,59.907695092154086,848,478,64.90945670342953,63.930343071128945,110.23305952457694,105.34062391517577,74.41325479834902,70.65440958469185,5.130728306359918
person_2.mp4,front,141,2354,59.907695092154086,848,478,65.7841304827988,65.58882544343903,113.60085309628633,108.86516780505616,74.73242009442542,71.70040580915813,2.887120968110926
person_2.mp4,front,142,2370,59.907695092154086,848,478,66.21469569343353,65.69822615102626,114.01859693898383,109.73402033084766,74.92786591908823,71.42440468567543,2.686371471229832
person_2.mp4,front,143,2387,59.907695092154086,848,478,65.78638367236789,64.66358206482063,114.31030687393623,110.0677927966874,73.78364578731541,69.79838180350923,2.7726521247916867
person_2.mp4,front,144,2404,59.907695092154086,848,478,67.53481771568616,67.75301349340391,116.75893513732551,114.24748096708883,73.91557069484529,70.78401558768536,2.0783285965516964
person_2.mp4,front,145,2420,59.907695092154086,848,478,72.00058474269807,72.51019192537811,121.51959824664887,120.26181924425555,76.5421914432084,73.19432289512751,3.514691908517108
person_2.mp4,front,146,2437,59.907695092154086,848,478,71.73235938006331,72.62772225144947,123.46783941604936,123.24495979672434,75.40788047411893,71.67225896673698,3.6261344014117527
person_2.mp4,front,147,2454,59.907695092154086,848,478,74.35500827955094,74.41368970398746,127.77955455802697,126.38309918050398,76.65851383915393,73.08337585739469,6.7009039863626105
person_2.mp4,front,148,2470,59.907695092154086,848,478,76.91007478070966,77.365026562693,133.25634810030243,133.89214508351637,77.34277587176743,74.13765608902042,10.61804112340561
person_2.mp4,front,149,2487,59.907695092154086,848,478,79.64690405894723,81.64184017986935,139.45926513240963,139.92624745312781,77.4996853847746,74.58259290843134,13.671275300174177
person_2.mp4,front,150,2504,59.907695092154086,848,478,80.6558532691558,82.12276366769338,139.39239707609207,137.44131706140743,77.84032564841124,74.88027645703768,12.323860357633663
person_2.mp4,front,151,2521,59.907695092154086,848,478,82.17006236524122,84.83467658944842,138.02373863110213,137.52462676517092,78.81268436751247,76.17405459591058,10.176178334616523
person_2.mp4,front,152,2537,59.907695092154086,848,478,81.92438832448968,84.99364334300228,138.06043456301416,137.8677413288299,76.05309773084825,73.33289296185116,9.15059101894554
person_2.mp4,front,153,2554,59.907695092154086,848,478,83.13975823859653,87.02843450344137,139.9942630618415,141.08435347104012,75.20007347267104,72.80875848590856,9.24882300385717
person_2.mp4,front,154,2571,59.907695092154086,848,478,82.64788347454792,86.87141531257188,139.7887890387042,141.4719132621875,74.5364121570392,71.92215616268487,8.91752793744411
person_2.mp4,front,155,2587,59.907695092154086,848,478,85.0540410073839,89.65618476369367,142.07453043780018,142.42542336329916,74.17409916632874,72.54017554690111,7.638809098549801
person_2.mp4,front,156,2604,59.907695092154086,848,478,91.25330056802702,95.47643881050931,145.56679859110716,146.3330261301049,76.16947301181209,75.48883410075904,7.947286602428837
person_2.mp4,front,157,2621,59.907695092154086,848,478,92.855504132174,99.27133246510091,145.91681382200636,149.39310919854285,77.4696448416462,76.86289427515149,8.107568199329855
person_2.mp4,front,158,2637,59.907695092154086,848,478,94.28369859548668,98.55611008934422,146.41975511350861,147.09107341570945,78.36150098526252,78.20514186918344,7.847771905182052
person_2.mp4,front,159,2654,59.907695092154086,848,478,102.4073644556018,112.99413970553665,152.1397949966356,159.24349799215366,79.48457508232205,79.88966386589964,7.387281756234042
person_2.mp4,front,160,2671,59.907695092154086,848,478,105.36582101339891,114.09054165097342,153.8129108485349,160.0044762298377,80.01904892670373,80.21117233743645,7.120374576156391
person_2.mp4,front,161,2687,59.907695092154086,848,478,109.6286027533487,116.8405882634063,156.35353562004903,161.78272569718894,80.3415429863486,80.56133507241321,6.843753837577997
person_2.mp4,front,162,2704,59.907695092154086,848,478,113.4080624738605,120.3221576932049,158.4464688499292,163.19791967870688,79.26291012183901,80.22404434276774,4.6503452796261255
person_2.mp4,front,163,2721,59.907695092154086,848,478,118.49000584187135,125.01584277522889,160.90484509597994,164.88846017685333,79.77606235520973,81.55704621704626,3.237484557439284
person_2.mp4,front,164,2738,59.907695092154086,848,478,123.63361113917283,128.76309075812605,162.43494968819857,165.4467493372944,80.14179840693727,82.8608389460478,1.8189766966753913
person_2.mp4,front,165,2754,59.907695092154086,848,478,122.57293374037738,131.03830693933475,159.39302383405183,162.7383668747462,79.96767443538207,84.21476242509118,3.146980150924596
person_2.mp4,front,166,2771,59.907695092154086,848,478,124.3127742306574,132.05880246849543,159.78764313061038,162.8366548014137,80.60603108622293,84.1634712600249,3.590733816782481
person_2.mp4,front,167,2788,59.907695092154086,848,478,128.70253729711985,136.07678936130998,161.82290465075732,163.58204780005113,83.48188541247512,88.04281462765604,3.079986095932633
person_2.mp4,front,168,2804,59.907695092154086,848,478,130.09175443392587,133.93858366162027,163.13259828932226,162.95193110184204,83.92462765202826,87.00817330063866,2.187850842512594
person_2.mp4,front,169,2821,59.907695092154086,848,478,134.11816761019435,139.72984761734844,165.2644297141941,165.7431579773559,84.96073220741688,88.77638137062323,2.125090465276777
person_2.mp4,front,170,2838,59.907695092154086,848,478,137.24770436196064,140.52735479208215,166.0991423860823,165.39038337578467,87.2601790118589,89.69401274016366,2.0600745717537072
person_2.mp4,front,171,2854,59.907695092154086,848,478,137.397289596836,141.2141103694051,164.0370707664996,163.3415159320578,87.65583160879021,89.5485984343369,5.137406728326323
person_2.mp4,front,172,2871,59.907695092154086,848,478,142.207267279227,143.2021401226452,166.65506251078554,163.65570465859784,89.59739745299146,91.72830276189703,4.4005586646506085
person_2.mp4,front,173,2888,59.907695092154086,848,478,140.24471790794982,143.262737060521,165.94510478486123,165.29954040280677,90.19909663242866,92.20007627275628,3.000394550319621
person_2.mp4,front,174,2904,59.907695092154086,848,478,139.9402048515208,144.7586109917931,166.16769312402852,165.87112707050048,89.51153601419254,92.01429521260985,3.304095656687286
person_2.mp4,front,175,2921,59.907695092154086,848,478,143.0244264365535,147.2834565307775,167.649962675017,167.48261221372005,90.96120056863354,93.07126359330658,2.763377224366123
person_2.mp4,front,176,2938,59.907695092154086,848,478,147.57280326528806,145.85471019985525,169.14310345538203,171.69639653112353,93.77032795407332,90.06641334076329,4.63378065714691
person_2.mp4,front,177,2955,59.907695092154086,848,478,147.09553340052443,146.31370211757425,170.01696139676915,171.92019330321187,93.61288458756871,90.6311218433755,4.371773657986385
person_2.mp4,front,178,2971,59.907695092154086,848,478,145.90672631428973,146.04181412045057,170.65142840185098,171.89204436348268,92.97961037277213,90.8573888049167,4.360767479600231
person_2.mp4,front,179,2988,59.907695092154086,848,478,145.32828327726867,145.35023939318043,171.193102180084,172.23790143764654,92.92447153570832,90.14162432688256,5.113341103869851
person_2.mp4,front,180,3005,59.907695092154086,848,478,143.57764171868573,145.42165613221312,171.7414940056625,172.31255896166496,90.87156036610209,90.46676545886545,4.51608191972494
person_2.mp4,front,181,3021,59.907695092154086,848,478,142.79294623252324,145.63463106946398,172.10199305993956,171.83842260160915,90.76178544660453,91.09486306438234,4.050874624118744
person_2.mp4,front,182,3038,59.907695092154086,848,478,142.9590709018359,144.64274484446182,172.57762134920725,171.6760020765558,91.53330072043386,89.96796176961179,4.163885605717595
person_2.mp4,front,183,3055,59.907695092154086,848,478,143.9977590779189,147.3550824613233,171.8787951863004,170.87052599887303,91.51473965156303,91.6273523551749,0.6263627716595968
person_2.mp4,front,184,3071,59.907695092154086,848,478,146.8180355430473,147.91044517434474,170.2535411080421,165.2027544704374,91.65078183193715,91.58581820867585,5.970677947133625
person_2.mp4,front,185,3088,59.907695092154086,848,478,144.55971191158807,147.27934611034098,169.5307255834887,164.88713065645072,91.36961710342648,91.74171021633832,5.640289912189678
person_2.mp4,front,186,3105,59.907695092154086,848,478,144.77857885840717,147.31542246463977,169.26655070257362,163.53044569596776,89.95902510837034,90.95565947791164,7.448458782104038
person_2.mp4,front,187,3121,59.907695092154086,848,478,145.43863399413848,146.86597280692297,169.28693883125527,165.60622671094086,91.37273719504573,90.80232535511422,6.119316914713695
person_2.mp4,front,188,3138,59.907695092154086,848,478,144.10894029015353,146.80278851114585,167.8993282217376,162.92935065567852,90.25516606685464,90.46563857939499,8.667847535557497
person_2.mp4,front,189,3155,59.907695092154086,848,478,143.46181386768967,146.6382773705887,168.6418005552437,164.80884257581243,90.87299800195166,90.50620420828511,6.597014923521602
person_2.mp4,front,190,3172,59.907695092154086,848,478,143.18785698093757,146.30088270018157,167.82695560392943,163.74780661977465,90.19546222645523,90.34444031141696,7.904466392188495
person_2.mp4,front,191,3188,59.907695092154086,848,478,143.87952229260608,146.4919680763147,168.1249512409641,163.70481624589826,90.78473409113305,90.621236717529,7.823646829799217
person_2.mp4,front,192,3205,59.907695092154086,848,478,144.90786305753625,146.85171839412595,168.42281229617885,163.67062750725302,91.02355811927333,91.06440819092767,8.289865091037573
person_2.mp4,front,193,3222,59.907695092154086,848,478,143.73551791837912,147.2934272451013,168.1447786761337,164.69495411033643,91.10393645077363,91.67336311200577,7.361472074300063
person_2.mp4,front,194,3238,59.907695092154086,848,478,143.8403272110799,149.01819642346172,171.5623044980312,168.56647623058393,91.37450959442711,93.49296964982557,2.9439851245566633
person_2.mp4,front,195,3255,59.907695092154086,848,478,143.94183603143685,149.291645548402,170.4723480186987,168.29327292885114,91.33865137964104,93.81697337303532,3.840252507861638
person_2.mp4,front,196,3272,59.907695092154086,848,478,144.22476638534775,149.29962008530748,169.0455415867471,167.21828902909579,91.72443485525169,93.76938127952877,5.3042215609981
person_2.mp4,front,197,3288,59.907695092154086,848,478,143.38860844043168,148.34930718765327,165.4596007724643,164.36884055976012,91.06954998506498,92.73422264971127,8.81309376651856
person_2.mp4,front,198,3305,59.907695092154086,848,478,144.3348724900209,148.88852585390586,164.39872323264865,163.63417945995715,91.60078169586347,93.12392315550137,10.24565704497766
person_2.mp4,front,199,3322,59.907695092154086,848,478,144.45133681740054,149.18361628359014,165.49221770509476,164.08280934393548,91.8925499689782,93.49152398460363,9.36341526985724
person_2.mp4,front,200,3338,59.907695092154086,848,478,144.70650379865097,148.61186694580834,166.2163691268533,164.69931348519026,92.06850441981499,92.54161603216646,8.806436015694135
person_2.mp4,front,201,3355,59.907695092154086,848,478,143.85032065106276,148.18109103956343,165.97432513564416,164.195287234899,91.48558896986562,92.29289243905379,9.051993779866386
person_2.mp4,front,202,3372,59.907695092154086,848,478,144.85096969668874,148.15679266540974,166.66224815663017,164.195483312988,92.09148444515826,92.48608570204394,8.91139434862106
person_2.mp4,front,203,3389,59.907695092154086,848,478,144.48277397928564,148.1069825577012,167.72227047230783,164.6304190022464,91.31843118124503,92.59504693791169,7.8901512897576165
person_2.mp4,front,204,3405,59.907695092154086,848,478,145.83182596417433,149.150077235093,172.39430330348878,170.13969946917427,92.46702958784886,93.62539617413775,1.7930569339229145
person_2.mp4,front,205,3422,59.907695092154086,848,478,145.56994606397348,148.8218378363016,172.32077295272785,169.8749775935932,92.00331036443696,92.83541332850886,2.127324077105961
person_2.mp4,front,206,3439,59.907695092154086,848,478,145.68043321600777,149.03677045918283,172.40608403466518,170.286076030799,92.0373706950444,93.06905082568744,1.8448043685015005
person_2.mp4,front,207,3455,59.907695092154086,848,478,145.74891545883364,149.10054769868003,172.45350070108643,171.28779133881127,92.0199525249207,93.24034394366382,1.0711814834077584
person_2.mp4,front,208,3472,59.907695092154086,848,478,148.84774325377575,150.93219653543562,172.55168297806492,171.93623552138087,93.89889998891361,94.44898196107158,1.1888823418292604
person_2.mp4,front,209,3489,59.907695092154086,848,478,148.98906124285756,151.5264687880354,172.08058850154276,171.60621831004508,94.205278854865,94.54713683722169,1.67154130046002
person_2.mp4,front,210,3505,59.907695092154086,848,478,150.43126141118643,151.76479377795582,172.28585528114664,171.59404415233917,94.85208039903304,94.74346168028124,1.2352004635773166
person_2.mp4,front,211,3522,59.907695092154086,848,478,151.63022824747586,152.54388357514497,172.01749190456172,173.1892519641084,97.09530617007964,95.94084924708739,1.0764098415578613
person_2.mp4,front,212,3539,59.907695092154086,848,478,152.2500747560008,154.65028442265535,170.24105455767014,175.28412523694587,98.44800854183163,98.07557483826974,6.043559437874125
person_2.mp4,front,213,3555,59.907695092154086,848,478,151.6412175550985,154.391565034867,170.1293246303057,175.08309025231512,98.19466249419925,97.6802756786079,5.59270582467872
person_2.mp4,front,214,3572,59.907695092154086,848,478,151.90618446517442,154.6799667884075,170.31944982908044,174.62005567274892,98.2270370671415,97.77118399004853,4.069031776425362
person_2.mp4,front,215,3589,59.907695092154086,848,478,151.66223755038672,154.39501970752892,170.10565173114685,174.36695261778394,98.4857267055452,97.31934289807226,3.5290052819474513
person_2.mp4,front,216,3606,59.907695092154086,848,478,151.96422278047464,154.71017879707125,169.67969031319907,173.77866619268747,99.35566852040002,97.56975239005287,2.6880215617326453
person_2.mp4,front,217,3622,59.907695092154086,848,478,152.07346525285172,154.8224680891152,169.2394233188291,173.9087900869348,100.7629102241433,97.49424577811217,2.8730437173171803
person_2.mp4,front,218,3639,59.907695092154086,848,478,147.0448929958543,153.07088483067363,168.35788364264909,172.9586182860535,99.51687899677324,97.36531248012035,2.908754667630764
person_2.mp4,front,219,3656,59.907695092154086,848,478,141.12998834929147,142.98970618695915,167.88176743464393,172.00529829348696,97.03498389902391,93.62530624284966,6.780650399957434
person_2.mp4,front,220,3672,59.907695092154086,848,478,138.5502730865855,143.2652040931447,167.17512464983145,172.0298506656123,94.8957196164939,94.20960549610601,6.713739444056487
person_2.mp4,front,221,3689,59.907695092154086,848,478,124.30362710254039,133.31511128111836,163.02752461828388,166.62030865363607,91.5243181512083,91.53901058138825,8.428018647611367
person_2.mp4,front,222,3706,59.907695092154086,848,478,122.40517115941194,131.56218735175838,162.10140264349383,166.34673226311992,90.00227786489327,89.80467489692376,8.231413073342711
person_2.mp4,front,223,3722,59.907695092154086,848,478,113.19938804135093,122.24472325464356,158.2919633503154,163.32244402288998,89.17991476607678,87.27689890911766,11.581900518499555
person_2.mp4,front,224,3739,59.907695092154086,848,478,116.85285111301542,122.27582144052958,157.86793931319804,161.32074590090275,92.65199947423376,90.01229066746075,12.040166205269168
person_2.mp4,front,225,3756,59.907695092154086,848,478,112.41341445297495,114.62225018663723,156.49274310513383,157.88455162944072,90.98045580048118,88.0988717753086,13.831266452421298
person_2.mp4,front,226,3772,59.907695092154086,848,478,113.5820683239366,113.44164165977811,153.33797051014534,150.40820147963632,95.13674406480214,92.23815532843011,12.513952432730491
person_2.mp4,front,227,3789,59.907695092154086,848,478,105.92177517466062,113.43676069567168,152.60660537091752,154.63729465888974,86.74228108884957,85.33604828839559,11.985542148596627
person_2.mp4,front,228,3806,59.907695092154086,848,478,97.07478324474445,100.97559310438777,143.12029474790103,140.2212643919274,80.2838097076588,80.42754002375374,3.962037419171314
person_2.mp4,front,229,3823,59.907695092154086,848,478,97.5842703724992,101.55766273185206,143.59109004024148,140.35191504345457,80.36137959630354,80.00056819783973,2.880574900969116
person_2.mp4,front,230,3839,59.907695092154086,848,478,96.31135835822593,100.4432619819692,140.96853246461998,136.53922379290393,80.6343688634006,80.38854431691895,1.7612953907332474
person_2.mp4,front,231,3856,59.907695092154086,848,478,91.14113619756152,94.91258352314136,129.3139477353815,125.86404308022058,78.41572888631849,77.88958505034049,7.318281877536842
person_2.mp4,front,232,3873,59.907695092154086,848,478,89.40168069879776,93.78751403521535,121.26728080107391,119.53379935059914,78.01794028949621,77.42238036205815,13.318868662766095
person_2.mp4,front,233,3889,59.907695092154086,848,478,88.15594189560564,92.13050417934029,119.89440875945445,118.42805728126521,76.75988853771167,75.91587186399211,14.38898183511559
person_2.mp4,front,234,3906,59.907695092154086,848,478,86.38599681233538,91.36428633295593,119.35311720079625,119.58152988428301,75.1165103140658,75.14820033059075,13.819475434589314
person_2.mp4,front,235,3923,59.907695092154086,848,478,84.772705605182,90.96243617181503,118.47455890223175,119.36096074824754,76.11405808925538,74.0160150411615,14.222369411784474
person_2.mp4,front,236,3939,59.907695092154086,848,478,76.19096987974905,84.56354486660737,115.42242710257155,118.60619727289108,72.40541633561604,71.55368930314296,12.105654957141427
person_2.mp4,front,237,3956,59.907695092154086,848,478,73.95594280448869,81.12530892528082,111.93523087837015,114.996770210042,71.71331972300376,70.60744719072606,13.912109702150783
person_2.mp4,front,238,3973,59.907695092154086,848,478,74.07991638634802,79.9459796901748,110.4551840751507,112.27728232608341,71.35258053097039,70.13195648478364,15.700608158460323
person_2.mp4,front,239,3989,59.907695092154086,848,478,72.29432750749899,79.51154297454096,113.04504911220616,114.3430432506516,70.22722271192794,69.24396012154885,12.91232605078231
person_2.mp4,front,240,4006,59.907695092154086,848,478,70.72606101384397,75.10520635668706,110.223835483293,111.3812644804773,70.93597786736053,69.86595960176221,12.60916382743893
person_2.mp4,front,241,4023,59.907695092154086,848,478,66.85844110421883,72.39059131484376,109.54129679984547,111.3583841040767,69.03915488105346,68.41234814505854,11.659597631397553
person_2.mp4,front,242,4040,59.907695092154086,848,478,67.12197057118476,72.45144739014556,106.33448984630348,109.7667361609877,69.46222162470504,68.53971371329392,14.073098537964315
person_2.mp4,front,243,4056,59.907695092154086,848,478,62.649741627225104,68.67477977087984,99.72269810903747,105.70640175714539,68.32900098926203,67.4520737528221,16.829761165957795
person_2.mp4,front,244,4073,59.907695092154086,848,478,61.770541374879414,67.5266527360089,100.62255832489903,106.67678755838413,68.25709378722105,65.76508954576893,15.636907373537976
person_2.mp4,front,245,4090,59.907695092154086,848,478,60.42663841330542,64.87681062953996,99.1148527249895,104.57233755912495,67.95596995835969,65.75332483592743,16.047477251949026
person_2.mp4,front,246,4106,59.907695092154086,848,478,58.40748425066957,61.59313384155646,94.80418485435146,98.65593581045249,67.04882594091367,64.95988773503467,19.015176531190903
person_2.mp4,front,247,4123,59.907695092154086,848,478,59.63380495345897,63.14737470578746,98.73157877011734,99.70505268369993,67.91174608786191,65.93997820796737,17.26936691157232
person_2.mp4,front,248,4140,59.907695092154086,848,478,57.717648045481766,59.82412614639846,98.42683618703764,97.46049357526323,66.94012192407942,65.2485050490751,16.054408411956544
person_2.mp4,front,249,4156,59.907695092154086,848,478,53.661166881591654,56.32683152161121,89.78736093337567,92.0556978840472,64.22668134499999,63.03544893859157,21.604289257674765
person_2.mp4,front,250,4173,59.907695092154086,848,478,52.71836404684203,54.273117754084105,88.29206826388702,90.0260812112838,64.33921023727387,62.71458531396882,22.397341732388252
person_2.mp4,front,251,4190,59.907695092154086,848,478,53.05388531289172,53.58281400734534,89.56551604378662,89.7809415045074,64.48917749917281,62.826994611894555,21.57957685383357
person_2.mp4,front,252,4206,59.907695092154086,848,478,53.21443128941265,54.070726595562725,90.51892210103229,90.74269873658103,64.87338670165278,62.89442410156505,21.051593009728542
person_2.mp4,front,253,4223,59.907695092154086,848,478,55.277136017356206,55.745342518398054,92.57782799594663,92.97401819490173,64.46361344242176,62.97681873099583,20.032621125154257
person_2.mp4,front,254,4240,59.907695092154086,848,478,53.514393110982915,53.562353551250894,91.77472468015961,91.00219197151029,64.73785294955454,63.11420256604772,20.26345448752355
person_2.mp4,front,255,4257,59.907695092154086,848,478,55.945883044808006,56.18227752357074,93.89756826064716,93.23516308515914,69.03296202280644,65.6942888302,19.63266432929517
person_2.mp4,front,256,4273,59.907695092154086,848,478,54.23341986447171,53.72913988153197,91.80910978128712,91.33798415078384,66.39716557558565,63.306057961046136,20.658070408405877
person_2.mp4,front,257,4290,59.907695092154086,848,478,54.7477277728507,53.58401754788814,91.31246950280598,89.70573833462494,65.92040716383508,63.23527029304212,21.51849842104454
person_2.mp4,front,258,4307,59.907695092154086,848,478,52.0995461968027,51.693197356098665,87.22593269502296,87.22222405572504,63.853356814073734,61.93115388613853,23.621620858231896
person_2.mp4,front,259,4323,59.907695092154086,848,478,51.982005367078735,52.35871838371679,86.92512384563095,87.48683027558049,63.23512565426105,61.77196224374768,24.048669053589983
person_2.mp4,front,260,4340,59.907695092154086,848,478,53.26356064346161,52.7204611248111,89.37782298103174,88.90160769990779,63.890131669612394,62.14295782356566,22.563532913977447
person_2.mp4,front,261,4357,59.907695092154086,848,478,54.6244479094759,54.65512413776502,97.27180814383222,97.815086573555,66.53072290304992,66.01751517314621,14.973110594018028
person_2.mp4,front,262,4373,59.907695092154086,848,478,53.75920143167746,53.47467690428216,97.77428617690921,97.80587045169845,66.29689914821414,64.92334002660863,14.671315996939175
person_2.mp4,front,263,4390,59.907695092154086,848,478,55.61542519731103,56.56794602007129,104.80497028032599,106.12994387065953,67.53710068374926,66.29926201413878,8.730231274826771
person_2.mp4,front,264,4407,59.907695092154086,848,478,57.878477822186255,56.998784614324514,107.38513566473219,107.97089118121981,67.7888834841167,65.51323879781577,7.127946877970834
person_2.mp4,front,265,4423,59.907695092154086,848,478,59.04697614266052,59.33384038112095,111.0138175513917,113.33030671742641,67.75032825019578,66.14737250163746,4.186354274559996
person_2.mp4,front,266,4440,59.907695092154086,848,478,61.507659491096774,62.205921765643694,111.83049830235831,112.1644437637563,67.80209856402766,66.20741443547634,6.1020970553727
person_2.mp4,front,267,4457,59.907695092154086,848,478,62.46504488606858,64.21580523060281,115.28150027884718,115.71196036275495,67.58607105106645,66.28004403892011,4.2013129488986465
person_2.mp4,front,268,4474,59.907695092154086,848,478,63.6403188571216,65.8618859859558,118.87384134213866,119.4618153219648,67.14574446276575,66.2752859621241,2.7022956423199003
person_2.mp4,front,269,4490,59.907695092154086,848,478,64.96915780616628,67.51905747760541,123.03973780577734,123.84243540599508,67.4606793597398,66.43779971485363,1.6403703589073348
person_2.mp4,front,270,4507,59.907695092154086,848,478,65.79704185417707,67.8028730109675,124.94792423996068,125.11569211341498,67.48707009234113,66.41917524914781,2.1916802844062677
person_2.mp4,front,271,4524,59.907695092154086,848,478,69.79471720934369,69.7581047508683,130.61280952824876,128.4269359027721,68.00177581549332,66.68959259062514,3.9031016701267265
person_2.mp4,front,272,4540,59.907695092154086,848,478,71.01348908375304,70.38514778754121,132.05285254578382,127.88147030233576,67.52718353300588,66.3291359357284,3.7613503252603318
person_2.mp4,front,273,4557,59.907695092154086,848,478,73.84673998714628,73.27091925407484,135.40059651106085,130.45065402499398,67.07474568123678,65.98391077238954,4.444015386979624
person_2.mp4,front,274,4574,59.907695092154086,848,478,71.64803800264548,72.18511866479831,132.27305410132374,129.88054016037066,67.47170762303604,66.43384582713546,3.8737736515174395
person_2.mp4,front,275,4590,59.907695092154086,848,478,72.83535897647137,76.14037775752514,132.07122418172634,131.6850944573151,65.96107305893123,65.59764156033117,2.525813819336237
person_2.mp4,front,276,4607,59.907695092154086,848,478,73.07061567270726,76.46038283258318,130.77973908139475,131.44891788272562,65.74608602511303,65.52278053746774,1.803904009326046
person_2.mp4,front,277,4624,59.907695092154086,848,478,74.4418678362836,78.59319653521844,130.9074449909097,132.00510782891368,66.97998641137147,66.86507315936441,1.7074239156485838
person_2.mp4,front,278,4640,59.907695092154086,848,478,74.87632187012407,78.25456758964575,131.15567637748194,130.67516170360918,67.34236822924608,67.26792835360177,1.5819268149712014
person_2.mp4,front,279,4657,59.907695092154086,848,478,75.35676595493172,81.07678005769372,131.24723979542367,131.4823612914093,67.14683611870646,67.5206951229121,1.4691581096671271
person_2.mp4,front,280,4674,59.907695092154086,848,478,75.57864425725951,80.9078528748213,127.9657655047924,127.52762695204977,66.82212071105,67.17742190615446,4.373221747134537
person_2.mp4,front,281,4691,59.907695092154086,848,478,78.90169643436613,84.20981507447718,131.59727097911517,131.22241213551789,67.42522897738691,68.01959326713859,3.124970863089898
person_2.mp4,front,282,4707,59.907695092154086,848,478,81.21759064758922,88.92827614525517,134.55343207618722,136.40500045826406,69.61959456052222,69.17490160798927,1.5668943536001134
person_2.mp4,front,283,4724,59.907695092154086,848,478,86.66282553146848,96.58636852824412,138.76960240516811,142.74946677123722,71.20477589009447,71.51656241700863,1.478822185857869
person_2.mp4,front,284,4741,59.907695092154086,848,478,90.34538738056095,98.75661538569341,141.25295978569434,145.30622935875286,73.96853939333755,72.40842666897028,2.048741457987992
person_2.mp4,front,285,4757,59.907695092154086,848,478,95.97855574685862,99.34160595658831,146.38155804984655,147.5453319503539,74.30588931497817,72.98139306161285,3.916866758504096
person_2.mp4,front,286,4774,59.907695092154086,848,478,100.66095687051207,107.58222140783633,147.64982967143328,151.6287731114987,76.56798380552921,76.53578139520053,2.784695220343713
person_2.mp4,front,287,4791,59.907695092154086,848,478,108.67742167752598,106.39107791772327,154.6773519041747,152.55854730262718,75.29483907414229,75.60900452843381,3.9134014055400566
person_2.mp4,front,288,4807,59.907695092154086,848,478,111.48162102015704,111.92010613937651,157.57230599857846,155.55150358101457,75.09037232583934,76.77442844569111,3.2987431044117006
person_2.mp4,front,289,4824,59.907695092154086,848,478,114.65703310510445,110.62848047313507,159.5247160925955,154.4385620428103,76.1553001581268,77.24097808892527,3.564223643446283
person_2.mp4,front,290,4841,59.907695092154086,848,478,113.72916260502211,110.93682778656333,159.43986148631973,154.33121846259874,76.44944102491287,78.20836407320519,3.734779044398763
person_2.mp4,front,291,4857,59.907695092154086,848,478,120.20690996962492,118.98680921677084,162.24439188111825,158.98549634889963,78.85679323215628,80.9415941741441,3.133233510809476
person_2.mp4,front,292,4874,59.907695092154086,848,478,121.86925145444914,122.2319296191888,163.9431140315678,161.15564757908228,79.90720085234281,82.27291606299494,3.823215428076456
person_2.mp4,front,293,4891,59.907695092154086,848,478,125.48049603145928,128.80258508391987,165.3532302371002,165.8215982446912,80.79984070208168,82.59699264930047,3.3523795279034405
person_2.mp4,front,294,4908,59.907695092154086,848,478,128.34079196585685,133.3339370213555,163.71609052551122,165.941785887526,82.7363943150283,84.307863438767,1.0676751161536884
person_2.mp4,front,295,4924,59.907695092154086,848,478,127.75873401221844,133.69652286314846,159.96261825371676,163.36079088761255,83.52213573009462,86.00725636542491,3.443494162063602
person_2.mp4,front,296,4941,59.907695092154086,848,478,130.03751314083516,135.75728108264673,160.71291289158714,163.0114675037086,83.3787465929702,88.39493488352835,3.6696794870658445
person_2.mp4,front,297,4958,59.907695092154086,848,478,133.31435532469794,136.00892359343422,157.87140831163458,159.9586798617876,84.98912590106288,88.44555623837516,7.929129236506173
person_2.mp4,front,298,4974,59.907695092154086,848,478,139.5854319504285,141.1786284453525,162.75182967604948,163.1121247138998,88.43877688733986,90.54252002010467,6.3687127528495555
person_2.mp4,front,299,4991,59.907695092154086,848,478,141.06457871433182,147.01192551618783,162.15936466941733,165.13891911131384,89.61019988238719,92.12397549312644,7.856541386510938
person_2.mp4,front,300,5008,59.907695092154086,848,478,143.927090034357,146.41373239695486,165.46837977775166,164.8547564516587,89.60623112972048,91.46644259176456,7.826831274443423
person_2.mp4,front,301,5024,59.907695092154086,848,478,143.13675004155965,145.92281141047047,164.93174696521206,164.8136384490014,90.4933867365063,92.08549507974702,7.507653325658913
person_2.mp4,front,302,5041,59.907695092154086,848,478,141.6915883064497,144.41559031837346,164.53681293769012,163.3661818594606,88.96293533905273,91.05402344881223,8.429115376958707
person_2.mp4,front,303,5058,59.907695092154086,848,478,143.08947073348403,145.2059757215837,165.24167534770385,163.24827939659085,89.66976362063166,92.07124086986151,8.562186096024856
person_2.mp4,front,304,5074,59.907695092154086,848,478,143.61441345748895,145.00448809608562,162.70447962929543,158.75959342126265,88.39156993657916,90.9660410195069,13.65507555682585
person_2.mp4,front,305,5091,59.907695092154086,848,478,141.83956618154406,144.17814946047508,164.74737734148707,162.20423713869596,89.80450427728934,90.24249770518406,9.221174059124412
person_2.mp4,front,306,5108,59.907695092154086,848,478,139.23543228723045,144.33986442903768,162.1161906487091,162.12808398924898,88.5973125684388,90.37543218503563,10.037090562302929
person_2.mp4,front,307,5125,59.907695092154086,848,478,142.9961743894454,145.43158223750325,164.9468380177311,162.79450190802086,89.27186359183726,90.89551720500826,9.869594327299968
person_2.mp4,front,308,5141,59.907695092154086,848,478,141.38046247434676,146.46453411435994,159.6576062295104,161.42109832416915,88.85247575521043,90.89121591339055,13.431988659498227
person_2.mp4,front,309,5158,59.907695092154086,848,478,139.54441581388193,144.5627640964628,160.31736923333403,161.33990491134998,88.30298614897117,90.3667563511592,11.949680704465528
person_2.mp4,front,310,5175,59.907695092154086,848,478,139.23390607659485,145.48154559996644,155.81638200453884,158.7886875656853,87.52842820832846,90.12286043941543,16.358725178463835
person_2.mp4,front,311,5191,59.907695092154086,848,478,139.79587029272992,145.3858466029411,154.59998862158955,158.34044226018437,87.5193362561974,88.73860060223505,18.164571069750775
person_2.mp4,front,312,5208,59.907695092154086,848,478,142.8813910352939,145.67220215881704,157.1678159738256,156.5326429418198,88.05993082555894,90.19810798414393,18.56827161859589
person_2.mp4,front,313,5225,59.907695092154086,848,478,144.91024900352937,145.6206861405096,159.5168627994312,156.88852772859767,88.3122180698721,90.93771007138643,17.8689687869981
person_2.mp4,front,314,5241,59.907695092154086,848,478,142.1345641653953,144.74986018454032,158.223194959382,157.04864490308353,87.41624880930394,90.98798603878234,17.290610355815506
person_2.mp4,front,315,5258,59.907695092154086,848,478,141.82977377510522,146.9759625539205,156.10224679819117,158.1810544686052,87.58231075945801,91.20815129506029,18.30725953191565
person_2.mp4,front,316,5275,59.907695092154086,848,478,141.95487595850943,146.31619120270884,156.05781581383036,157.27379466083354,87.65076345406383,91.14453577069042,18.553261901177546
person_2.mp4,front,317,5291,59.907695092154086,848,478,143.62826632256267,145.78693182445886,157.30946017316165,156.92770122089615,88.48274516266709,90.42153775343931,18.371252340378717
person_2.mp4,front,318,5308,59.907695092154086,848,478,143.01951333689965,145.5332118374939,157.47991310155868,155.37878470091624,87.42170790436758,89.95764074736485,19.31739217975672
person_2.mp4,front,319,5325,59.907695092154086,848,478,144.2690061348192,145.98914797817994,158.02175708925972,156.0039069431717,88.1228894441264,90.30617779493228,19.03199349037628
person_2.mp4,front,320,5342,59.907695092154086,848,478,146.07421220343318,146.31742932500092,159.2343178511863,156.47971912596637,89.27430175584011,90.3592031774138,18.552355799447554
person_2.mp4,front,321,5358,59.907695092154086,848,478,146.90365070641454,146.53103835204894,159.91414440829487,156.75227307366472,89.69049235100884,90.53907236,18.422022308903067
person_2.mp4,front,322,5375,59.907695092154086,848,478,145.26417804027895,146.3396129515072,158.96867802301512,156.01715099732155,88.61785816804694,90.33304320844928,19.085985712999253
person_2.mp4,front,323,5392,59.907695092154086,848,478,144.63663356413858,146.5008455363767,159.01168781611386,156.63490602569436,88.02617437028053,90.12045264578649,18.469954392708665
person_2.mp4,front,324,5408,59.907695092154086,848,478,145.29511540978052,147.0489391870202,160.41058887877318,158.97050444038845,89.3713707713944,91.25895890728263,16.35217507009484
person_2.mp4,front,325,5425,59.907695092154086,848,478,143.9515902494252,148.37708917564785,162.0616114628674,162.5648484180218,91.4168945808886,93.56887509123825,11.862580729785456
person_2.mp4,front,326,5442,59.907695092154086,848,478,143.46595301087126,148.14772376334767,162.52581987617032,162.87610828896874,91.05608531776802,93.37116967616458,11.354479711211084
person_2.mp4,front,327,5458,59.907695092154086,848,478,143.54641899539993,148.79292269788667,159.89429214134677,161.31503736095294,90.76494211129234,93.70072072879005,13.774153639207027
person_2.mp4,front,328,5475,59.907695092154086,848,478,144.15745541944383,148.81153189056388,162.27995740222647,162.39504553050466,91.03250313691316,93.87596670708591,12.065412196605623
person_2.mp4,front,329,5492,59.907695092154086,848,478,144.46099236052797,149.09217904372395,158.6793887752661,160.77622764886908,91.00769804656262,93.54326909334348,15.217464064122163
person_2.mp4,front,330,5508,59.907695092154086,848,478,143.9353222886338,148.65231221383198,158.6713358179366,160.3543224836115,90.68639991331462,93.27551788064102,15.455493253996638
person_2.mp4,front,331,5525,59.907695092154086,848,478,144.0689308579574,149.1363587609949,164.21367084903946,165.14525795766332,91.54591605439605,94.1109458375675,9.61251542158171
person_2.mp4,front,332,5542,59.907695092154086,848,478,145.4250751956905,149.0390638235754,166.0953371699675,164.88168125908598,92.13311051866998,94.07470109723434,9.097273298466934
person_2.mp4,front,333,5559,59.907695092154086,848,478,147.01384095383222,149.24173158247814,166.522153592546,164.80967419632128,92.96047522117382,94.14310186972335,9.26816290218373
person_2.mp4,front,334,5575,59.907695092154086,848,478,147.5895284607416,150.5321148963331,168.79252704077575,167.9312051894592,94.03076629920272,95.42514019545435,6.103386704349818
person_2.mp4,front,335,5592,59.907695092154086,848,478,150.76685530685597,153.2599218701045,167.91188782684847,166.1244184055522,96.61029308212645,96.32327337879414,8.546435133721527
person_2.mp4,front,336,5609,59.907695092154086,848,478,150.30553608247885,152.7172735439481,166.3786949790904,165.9187139762869,96.25736014031557,95.84752067677022,9.46484588739701
person_2.mp4,front,337,5625,59.907695092154086,848,478,149.78710487333234,152.7984856891737,165.26099430066893,165.57375667951726,95.45130312821122,95.83442057303225,10.332586244884991
person_2.mp4,front,338,5642,59.907695092154086,848,478,150.83428565540225,154.49138612226264,166.28974787626544,166.9456179136385,95.59429794806842,96.20033882542131,9.347190450018507
person_2.mp4,front,339,5659,59.907695092154086,848,478,148.00912972337156,153.77570025399456,164.53163128944794,168.45707099767228,94.74635343088197,95.71674383810723,8.254912296474672
person_2.mp4,front,340,5675,59.907695092154086,848,478,148.1622073018925,152.51854968106562,167.41012213496026,169.38577256590054,95.14312493991947,95.04328410398034,5.192279869891643
person_2.mp4,front,341,5692,59.907695092154086,848,478,141.52800660190076,149.62716554851824,162.99109528483228,168.60458121632973,93.06662849800628,93.72493898308386,5.393333371961613
person_2.mp4,front,342,5709,59.907695092154086,848,478,142.26943091813274,147.26909568087186,166.8877276769032,169.86334321752815,94.1983652268016,94.04798950338537,1.6203212396187365
person_2.mp4,front,343,5725,59.907695092154086,848,478,138.65262363970965,138.50667539338556,167.91051874488986,168.26211427719707,92.76440493451264,91.07044189067322,5.4240704757756575
person_2.mp4,front,344,5742,59.907695092154086,848,478,138.34225339541783,136.97267031781237,167.76845698755366,168.26170797268696,95.21044832377397,92.43138699188628,8.117691152661061
person_2.mp4,front,345,5759,59.907695092154086,848,478,130.06764169436195,119.97463295912355,164.96233609856702,155.5562768575485,93.39159678973,90.06627684822492,8.767963607160665
person_2.mp4,front,346,5776,59.907695092154086,848,478,124.4753706502868,121.50415335988211,161.24784403610883,156.76923489205655,88.86429098689695,88.29886295875056,6.033940386868982
person_2.mp4,front,347,5792,59.907695092154086,848,478,118.81762758743857,115.25725542403315,161.0220002528393,156.6791270699508,90.96041344532007,88.8429718480409,13.109051426942774
person_2.mp4,front,348,5809,59.907695092154086,848,478,114.95408124930674,112.70660224596247,155.5584647849945,152.53809366342904,89.70503241002211,88.06815103535723,10.553569965873127
person_2.mp4,front,349,5826,59.907695092154086,848,478,111.12473620135316,109.46860298360092,152.26255872541378,146.1808486552841,87.81204264045928,87.46978682710811,7.613885466061112
person_2.mp4,front,350,5842,59.907695092154086,848,478,105.44467368107692,108.45473429279197,149.80799266393686,147.24988904800054,83.75704061179555,84.91796788618883,6.938818686617585
person_2.mp4,front,351,5859,59.907695092154086,848,478,101.14534051052333,103.24062238742691,145.13804828459726,140.17602042550593,84.06369377805471,84.73206937390643,6.0264707834829885
person_2.mp4,front,352,5876,59.907695092154086,848,478,99.91041080137605,103.66955943140093,144.05919070261825,140.79764690578503,83.36054104035136,83.77453628120044,5.515034846630242
person_2.mp4,front,353,5892,59.907695092154086,848,478,95.30652539776763,97.7315418944162,141.9853857540424,134.99891895003014,80.04798474445928,80.04403973390768,3.9156059167029653
person_2.mp4,front,354,5909,59.907695092154086,848,478,94.05317910988497,95.94939009933985,137.27461935881627,127.57009385514367,79.96042647535336,79.98998394472507,2.2779755426834334
person_2.mp4,front,355,5926,59.907695092154086,848,478,88.89277396498699,93.08809001494902,130.87995165186433,125.05127736121332,77.5725049735347,78.59108074523863,4.7250188464082825
person_2.mp4,front,356,5942,59.907695092154086,848,478,87.94770417819373,93.12776136920986,129.1852385968607,126.58623340526741,75.81690786673666,77.18896666943131,5.519381725192413
person_2.mp4,front,357,5959,59.907695092154086,848,478,86.1829074022002,90.87468214935149,124.96001879053483,123.68730917786955,76.9473411397475,77.43391237444095,7.141137088436436
person_2.mp4,front,358,5976,59.907695092154086,848,478,88.6894548351975,91.95275118508287,123.89716910706312,121.32475113715601,79.5865131814643,76.73813073582046,10.246917328015538
person_2.mp4,front,359,5993,59.907695092154086,848,478,84.11648928152147,90.6517065904899,118.09346250106418,118.22272000626683,76.03566803211069,75.67102135446129,13.524524696946735
person_2.mp4,front,360,6009,59.907695092154086,848,478,81.81785716632336,89.3723333789164,118.84181990443751,119.92800117143847,76.09245276473904,75.82270440849211,10.884208520716488
person_2.mp4,front,361,6026,59.907695092154086,848,478,79.15045051044493,86.55335526973036,111.80777124161958,113.42875239356827,73.6317019656448,74.06220175246958,16.71669382964482
person_2.mp4,front,362,6043,59.907695092154086,848,478,79.92866649326086,87.9525706441848,112.0389808042338,114.26991847116673,74.14724252452673,75.33629308894785,16.845309173584887
person_2.mp4,front,363,6059,59.907695092154086,848,478,74.98317471408467,84.23025138104937,107.48657260054128,111.9244579568724,71.44747572512924,73.22635010604559,18.377013696903127
person_2.mp4,front,364,6076,59.907695092154086,848,478,71.08346452288858,77.15920034758572,100.55157032821396,101.95392228073665,70.22706508582918,69.89902912725194,23.51188585161141
person_2.mp4,front,365,6093,59.907695092154086,848,478,68.92716156614652,77.63879559651836,103.04364326494853,106.45433883472562,68.95084754285628,71.21278760444208,19.719883411895275
person_2.mp4,front,366,6109,59.907695092154086,848,478,65.56004035021442,72.4450674056783,98.84501932301822,103.51355997660221,68.68069460678888,68.6480524032958,20.670594289997418
person_2.mp4,front,367,6126,59.907695092154086,848,478,66.05129380004085,72.94747439921365,101.9809965634013,105.5640638136509,68.21007897642154,68.58192953239588,18.49315250287661
person_2.mp4,front,368,6143,59.907695092154086,848,478,63.87423994407952,70.22607376848322,95.23676038401999,100.8827415044918,68.35738121905426,67.36482749032903,22.95380113653449
person_2.mp4,front,369,6159,59.907695092154086,848,478,61.5898210781114,66.9619361790796,87.22418291141783,90.82311751095035,67.08807436778261,65.0479029831061,30.117674318150417
person_2.mp4,front,370,6176,59.907695092154086,848,478,64.24837129820065,69.05295545852185,92.08736022395846,95.43445715504582,70.20026591418524,67.4489495772497,25.894259173976064
person_2.mp4,front,371,6193,59.907695092154086,848,478,64.87802802680422,69.68607735694022,93.14175561791325,95.63505752375882,69.53100124440043,67.3931892249778,25.82526874303139
person_2.mp4,front,372,6210,59.907695092154086,848,478,63.79144119659147,68.32963462870595,94.39646137752102,98.50562417511964,69.56685007276505,66.33519916067905,23.24451417747872
person_2.mp4,front,373,6226,59.907695092154086,848,478,62.7845541282281,66.24403693728553,97.80520709698881,104.66222716654131,68.94204658583669,66.49143720077402,17.816923398088502
person_2.mp4,front,374,6243,59.907695092154086,848,478,59.468260972875704,63.62884978378726,89.31935692246529,93.64611861657518,68.01039744189363,65.71378003695905,24.975710898099585
person_2.mp4,front,375,6260,59.907695092154086,848,478,60.79703242360526,64.77550282132819,90.80326199482768,98.55586177651033,68.29617420946798,65.50001424957775,22.420753744917672
person_2.mp4,front,376,6276,59.907695092154086,848,478,61.11007337273373,63.77337979411016,93.11285093022278,100.31936984846475,68.4774495683807,64.46263773069369,20.336618486230474
person_2.mp4,front,377,6293,59.907695092154086,848,478,59.09872471039963,62.704964886629774,89.50988728248046,94.69057189764153,66.39700789692439,66.20883115513662,24.55053648538843
person_2.mp4,front,378,6310,59.907695092154086,848,478,58.82271233204817,61.86994629028925,87.75774702700528,91.85474535802891,67.22886673755231,66.83201018956798,26.748838637496586
person_2.mp4,front,379,6326,59.907695092154086,848,478,58.98123760479382,61.68763991547771,90.48926184878566,93.04182317917613,67.12574304470859,67.24526269391795,24.857826968127625
person_2.mp4,front,380,6343,59.907695092154086,848,478,58.87634373313959,61.35453172534858,89.4866698595722,93.24209522891385,68.49902194289602,66.96393889079947,25.56084208479917
person_2.mp4,front,381,6360,59.907695092154086,848,478,57.79976032073085,60.62401780222672,87.77488598393182,92.72270478268173,68.24557860789784,65.68099894363081,26.698710293474715
person_2.mp4,front,382,6376,59.907695092154086,848,478,58.325589472752036,60.70638734501205,90.34922698704952,94.3498868837568,68.88926498061524,65.9551031788191,25.331427394661773
person_2.mp4,front,383,6393,59.907695092154086,848,478,58.30809817613354,60.14457278007079,97.23966071287857,101.88817878850715,68.73778630257807,65.68001781793961,18.523823852044025
person_2.mp4,front,384,6410,59.907695092154086,848,478,58.54347501216118,60.25607218638383,97.75377274772353,102.43748496632911,67.54022697800673,64.9470598837178,18.06612920229842
person_2.mp4,front,385,6427,59.907695092154086,848,478,58.92306976882605,61.015843795068136,98.16319911343466,103.23521677917876,67.94664438790528,65.24865091477731,17.707928319717613
person_2.mp4,front,386,6443,59.907695092154086,848,478,59.08207273360149,61.194784233328974,98.83318060695339,103.05021215316405,67.49847803598715,64.42618689098971,17.502610559424717
person_2.mp4,front,387,6460,59.907695092154086,848,478,63.80466347707753,67.06747815655555,107.92263652062299,113.34116342022757,69.6902196922475,66.87250367275355,11.748448979327181
person_2.mp4,front,388,6477,59.907695092154086,848,478,63.52498994471078,66.90679120029695,106.89082964312531,112.001822029659,68.76097592036612,66.47685306422943,12.300013238969926
person_2.mp4,front,389,6493,59.907695092154086,848,478,66.23141283767575,69.41328137632449,113.19220969197198,117.29382535731574,70.52375391438227,67.77712878282615,7.808921261813058
person_2.mp4,front,390,6510,59.907695092154086,848,478,65.56937833562625,68.25758251233242,112.64815236127926,116.2833564313354,69.82991851150142,66.9049770287714,8.06590067450801
person_2.mp4,front,391,6527,59.907695092154086,848,478,68.08184806952391,72.45123276797743,115.15096035752184,119.10668039927343,70.23121367408066,68.16966625574437,8.464375944238176
person_2.mp4,front,392,6543,59.907695092154086,848,478,69.2986467730785,72.16329587445654,116.58038479176791,119.53587642534588,70.02021375875654,67.47454168506877,7.652706205231906
person_2.mp4,front,393,6560,59.907695092154086,848,478,71.73322859130863,76.24434202499376,116.67669845300563,120.46572286027411,69.53075643108426,67.81013775574327,9.287063702424376
person_2.mp4,front,394,6577,59.907695092154086,848,478,73.76992294124662,78.54667712882986,117.80656096277527,122.0076620936879,69.08958865488128,67.45511921350221,10.284138985139473
person_2.mp4,front,395,6593,59.907695092154086,848,478,73.75010451286302,77.47653512550593,118.468646493517,121.10288605478222,69.09660705316105,67.69978816932624,9.846393472323154
person_2.mp4,front,396,6610,59.907695092154086,848,478,74.92145981340367,80.47257452670252,120.71817305680445,123.84889002862414,68.11312750045508,67.00037286409326,9.615231245868303
person_2.mp4,front,397,6627,59.907695092154086,848,478,80.82409892547446,87.11429283368464,125.60121190596854,128.69671117224797,69.35266569513271,68.40183294098404,9.376705661416949
person_2.mp4,front,398,6644,59.907695092154086,848,478,79.90982907962753,84.44627029771526,128.76780417926355,128.1734337078585,69.63936090398859,68.25591032900148,6.444520016622222
person_2.mp4,front,399,6660,59.907695092154086,848,478,81.51648868820146,86.57219166244357,134.2163702746263,133.8341372972256,69.63737264984866,68.34009507460394,2.430872210758583
person_2.mp4,front,400,6677,59.907695092154086,848,478,82.06680498442162,88.67239793853409,136.24774590471452,137.73498010186597,72.56739725848475,69.78585768228906,2.182758263634456
person_2.mp4,front,401,6694,59.907695092154086,848,478,89.26375664648714,97.51867158131093,140.95572363975973,145.17580889987445,71.61127528154952,70.58558499646941,1.9078705713125452
person_2.mp4,front,402,6710,59.907695092154086,848,478,88.8082678145769,97.77614350478606,141.33325703837212,145.90307051995725,72.26119710712442,70.41778575304625,2.3868964834161734
person_2.mp4,front,403,6727,59.907695092154086,848,478,90.11504681731218,97.33374326736671,140.11256792842352,143.18487983491298,73.74173060360283,71.41271571233624,1.6420365773761476
person_2.mp4,front,404,6744,59.907695092154086,848,478,92.8020278876011,101.06147896254082,143.02929542592094,147.56722925104984,72.66674965939588,71.69932996326847,1.8933602461371362
person_2.mp4,front,405,6760,59.907695092154086,848,478,97.20677124746692,104.86313425673421,146.7356310011648,150.96500098937122,72.67293109019437,72.67059833123974,2.0334669118183606
person_2.mp4,front,406,6777,59.907695092154086,848,478,104.02644763699813,106.94732263852578,152.40398742449858,153.08170195418566,72.84230894248495,73.07520422525839,2.669818200729626
person_2.mp4,front,407,6794,59.907695092154086,848,478,109.98066403022536,111.52843210995859,155.88503620797056,155.5583011185484,73.59888801057579,74.4248708822312,1.9297558601983016
person_2.mp4,front,408,6810,59.907695092154086,848,478,110.90795832512723,115.66362943133316,155.96550504755706,158.04360088045027,73.37405476522518,74.78416681500894,1.3178738453619494
person_2.mp4,front,409,6827,59.907695092154086,848,478,112.61491106371729,116.90357986076968,157.0174120257842,158.55528969001594,74.16072682805795,75.23376248287853,1.22116206901619
person_2.mp4,front,410,6844,59.907695092154086,848,478,114.3248462094592,118.85739068876931,159.35051745887458,161.00793318450448,77.9899015644022,76.3582978367228,2.9144099383426445
person_2.mp4,front,411,6861,59.907695092154086,848,478,124.29620226498064,125.40955205324187,163.5235985271897,164.0967695532649,79.62982301696309,79.54325725636416,2.013635402007504
person_2.mp4,front,412,6877,59.907695092154086,848,478,119.5209191456069,123.81220225402427,157.6329639349248,159.07429724276034,77.71330103773498,78.2955441055104,3.7713705742061
person_2.mp4,front,413,6894,59.907695092154086,848,478,115.58727764291949,126.31962707894657,155.74655539755994,160.49664213619988,75.5513843811186,79.57504228627603,3.250156623623706
person_2.mp4,front,414,6911,59.907695092154086,848,478,127.10274992280057,132.17177331996712,162.85196135949423,164.46245580825308,79.02350127880938,80.60382840632609,2.9090288152031674
person_2.mp4,front,415,6927,59.907695092154086,848,478,131.04318954201318,134.177382745681,165.68257449603186,166.53762300807924,81.95351695922251,82.74423993318045,1.0742770609762677
person_2.mp4,front,416,6944,59.907695092154086,848,478,139.86780923888307,141.4047685014439,168.30562094646228,169.9738283536269,85.67042707548437,87.15731179513197,1.3575373848843746
person_2.mp4,front,417,6961,59.907695092154086,848,478,138.29441777818445,142.61410670745454,167.9567886693817,169.11519609084394,85.48026634297227,89.23605735512956,1.109828619784171
person_2.mp4,front,418,6977,59.907695092154086,848,478,135.85528816936505,142.27171490226306,167.33668047659742,166.614741699911,83.704363518957,88.27484801676073,3.2298831755564774
person_2.mp4,front,419,6994,59.907695092154086,848,478,138.35975640399784,143.54915942150384,168.1962176984309,167.3913149495792,84.52055732657095,87.29669750841511,3.6766385723645674
person_2.mp4,front,420,7011,59.907695092154086,848,478,138.28779236681868,145.53119381603187,166.91494349051555,167.93541181306963,85.004766862238,87.42676048800509,5.241706756185823
person_2.mp4,front,421,7027,59.907695092154086,848,478,137.7466694857356,142.71181806684916,166.78714616906427,166.50975023603323,86.2545990642961,85.87555096170931,4.9809980131582865
person_2.mp4,front,422,7044,59.907695092154086,848,478,136.93409268703255,143.92578014016908,164.64899780669617,166.36376326646447,86.08221267424034,86.45198901169375,6.812455125298919
person_2.mp4,front,423,7061,59.907695092154086,848,478,137.17354604343112,142.70485187684753,166.58261800707092,165.90913051024017,85.98914325060352,86.19807151981634,5.357786906052894
person_2.mp4,front,424,7078,59.907695092154086,848,478,137.00644545397074,143.20150967943422,166.80489536625092,166.41443062955855,85.74482028242798,87.07977109763213,5.175657722622017
person_2.mp4,front,425,7094,59.907695092154086,848,478,138.38319106466736,142.2428496659406,167.65708138250022,166.045931845563,86.72283680658401,86.46863783193334,4.848624715887679
person_2.mp4,front,426,7111,59.907695092154086,848,478,138.41697981139777,142.56172840147616,165.45838613581935,162.69526070043085,85.45327734195884,86.68773135647105,8.846515150824189
person_2.mp4,front,427,7128,59.907695092154086,848,478,137.33169073085952,142.61418235753075,165.8520506539084,163.30554250291334,83.95663734556476,86.96523038900025,7.661365125498724
person_2.mp4,front,428,7144,59.907695092154086,848,478,139.0818323807519,142.89478997806046,164.2792902208139,161.9797184269374,85.86379003381089,87.10015592695281,9.89464565708222
person_2.mp4,front,429,7161,59.907695092154086,848,478,139.9456618820445,143.5448304244673,163.97997982347187,161.98421141281543,86.70279490395198,87.49249311008514,10.3783817485137
person_2.mp4,front,430,7178,59.907695092154086,848,478,139.14962114285984,142.81313571023512,164.0641530906753,162.14404426080512,86.66498189834208,87.16977931586963,10.173058128515889
person_2.mp4,front,431,7194,59.907695092154086,848,478,137.35645545087093,143.04887240311285,163.01258303340808,161.97272346336686,85.47866427681394,87.63335350287866,10.313095679463794
person_2.mp4,front,432,7211,59.907695092154086,848,478,138.80754027274264,143.31832009054887,164.55534181771355,162.25157568145255,86.69590671853568,88.5536516550645,9.513882614593665
person_2.mp4,front,433,7228,59.907695092154086,848,478,140.00245566479404,144.2078671642698,160.12954757322322,156.23471902735105,86.62322012006416,88.72976245726419,16.00852531654597
person_2.mp4,front,434,7244,59.907695092154086,848,478,141.76838818617512,145.57358353085968,161.15908458474337,157.20657670840282,87.48593584953412,90.92496759137101,15.250102941336477
person_2.mp4,front,435,7261,59.907695092154086,848,478,140.90463830029168,145.4533205981623,159.4178305288536,156.7690544993353,87.42723606162964,90.8047067257532,16.500358767056216
person_2.mp4,front,436,7278,59.907695092154086,848,478,141.75235845478116,146.06764376536827,161.66432291812924,159.5423831514069,87.80115008307217,90.81952976206807,14.400907422503087
person_2.mp4,front,437,7295,59.907695092154086,848,478,142.33365849708096,146.26554580567586,161.6159499773629,159.4943520182216,88.63664099152989,91.05425001041117,14.514151511501698
person_2.mp4,front,438,7311,59.907695092154086,848,478,146.3179450804253,146.85842219860314,163.88027004032426,159.43493992717788,89.90175565831602,90.93283715913913,14.973822263883948
person_2.mp4,front,439,7328,59.907695092154086,848,478,145.8457541524979,146.9938054381714,163.96811400664686,159.73582652710633,89.53340860963442,90.77619203158977,14.768173794065039
person_2.mp4,front,440,7345,59.907695092154086,848,478,144.09973881987324,146.8216271859914,162.74139064501495,160.4203953235811,88.9580154419192,90.93532515071357,14.441110745191649
person_2.mp4,front,441,7361,59.907695092154086,848,478,143.20884068718826,146.54689396624084,162.19800942927736,160.70224295848956,88.68014984222098,90.86382419353095,14.21104013390446
person_2.mp4,front,442,7378,59.907695092154086,848,478,143.23218802095775,146.79861897844359,162.82547475312805,162.53578234077273,88.840115498044,91.11981942418011,12.807138728568477
person_2.mp4,front,443,7395,59.907695092154086,848,478,143.3062063305697,146.35836549171228,163.41841221066466,162.5516990975812,88.96398505190149,90.93474769205052,12.622980318223865
person_2.mp4,front,444,7411,59.907695092154086,848,478,144.26031789939663,146.36497503121754,164.04780591718523,162.4351202215293,89.39776500637853,90.91109979167042,12.652849630705454
person_2.mp4,front,445,7428,59.907695092154086,848,478,143.7872755404607,146.22756234661148,163.63595861916394,161.82940257048557,88.97095400994466,90.71398866242875,13.240449236433273
person_2.mp4,front,446,7445,59.907695092154086,848,478,143.7537065177667,146.14997622268376,163.87289228236503,162.31536036803698,89.14115914504978,90.64200708179929,12.825616109522263
person_2.mp4,front,447,7461,59.907695092154086,848,478,143.65206182101994,146.0206602451401,163.91293173965659,162.236236125619,89.01158076774446,90.64537427199465,12.788477281287834
person_2.mp4,front,448,7478,59.907695092154086,848,478,143.6768687733337,146.32174822121087,162.97636562649922,162.27617397969811,88.95687774450222,90.8064457471618,13.453510134142878
person_2.mp4,front,449,7495,59.907695092154086,848,478,143.4326258705046,146.0930972291479,163.08627770365158,163.55741039465192,88.86611131141527,90.72026436004705,12.56275795407833
person_2.mp4,front,450,7512,59.907695092154086,848,478,142.6502754374514,145.80571273401813,162.98528051687111,163.48382904748843,88.6874809261225,90.51754368243766,12.312804833463995
person_2.mp4,front,451,7528,59.907695092154086,848,478,143.33549273682914,145.5889227485812,162.68092275906258,160.42686637208283,88.47450602753189,90.26954757567042,14.90340377071038
person_2.mp4,front,452,7545,59.907695092154086,848,478,144.14077309239997,146.48166593501682,163.52855483628616,161.59920777309586,88.641373066968,90.61081384286875,14.461167622225783
person_2.mp4,front,453,7562,59.907695092154086,848,478,144.10450021120778,145.94994085982262,163.91945712474887,160.2886477170815,88.4124685336299,90.2495716511328,15.093535951888436
person_2.mp4,front,454,7578,59.907695092154086,848,478,144.00601782765878,146.21708902418237,163.66310390049594,160.6241999594983,88.36557027658166,90.3405915531349,14.914822707098995
person_2.mp4,front,455,7595,59.907695092154086,848,478,144.0739862702193,146.69886250525553,163.39567286146135,161.0750026377804,88.8133497787799,90.38505323676647,14.703628439257342
person_2.mp4,front,456,7612,59.907695092154086,848,478,143.55220123629903,146.47470472271078,162.68430129653927,160.3104095742616,88.38236465947777,90.00421711974523,15.209318674663335
person_2.mp4,front,457,7628,59.907695092154086,848,478,143.29499904307448,146.26591743522204,162.79523784731043,160.36674172586137,88.2060746578544,89.80179065696657,14.829607674937733
person_2.mp4,front,458,7645,59.907695092154086,848,478,144.479936680349,146.9530967021937,163.2420546965447,160.8789007302266,88.59528432322054,89.8134849709769,14.819972372271682
person_2.mp4,front,459,7662,59.907695092154086,848,478,145.7864864145163,147.57840165631342,169.77440384944865,166.50706395365023,90.19887384400897,90.76940597467987,6.603869661386246
person_2.mp4,front,460,7678,59.907695092154086,848,478,141.3180976107409,143.90052481671964,168.57374624481176,167.0933633422443,89.23554119921289,89.63829413315774,4.167403348383651
person_2.mp4,front,461,7695,59.907695092154086,848,478,140.72082497246848,141.46010937239402,169.58066288926247,171.2201781455938,92.30172990255267,91.21657946740766,3.0007915818146165
person_2.mp4,front,462,7712,59.907695092154086,848,478,140.3879108873204,138.1524367396548,168.70289597428945,167.19240368419253,91.12019560299206,89.67076030338957,0.9964612803676024
person_2.mp4,front,463,7729,59.907695092154086,848,478,137.6469548564294,134.90389760979295,169.38373617759999,168.77146847807046,91.0787655687799,89.07087445110598,6.548447879199583
person_2.mp4,front,464,7745,59.907695092154086,848,478,138.83735000624003,136.19330027955866,168.90694775353234,171.46952983740354,91.50169175487736,89.52930543311201,9.134394981309203
person_2.mp4,front,465,7762,59.907695092154086,848,478,127.86897861901656,122.94563464289297,166.9745580206171,162.69811149388426,89.26374680384757,87.48163207312159,9.303972941316852
person_2.mp4,front,466,7779,59.907695092154086,848,478,127.75779775984094,121.33222747480612,165.02140860661237,160.99804032423836,89.59409095604514,86.92300180422072,7.6098174903270595
person_2.mp4,front,467,7795,59.907695092154086,848,478,119.44330067151142,115.57258758664197,162.19542377574567,159.7274280481585,88.36197505906213,86.35809709699438,10.611523414047891
person_2.mp4,front,468,7812,59.907695092154086,848,478,108.63516463344367,110.99555294858007,155.7136927356086,155.67379331959322,83.97648971423054,83.53841933380859,8.955596090983207
person_2.mp4,front,469,7829,59.907695092154086,848,478,106.84541189144335,107.14919996398703,156.57650628160508,156.18871855037716,83.29942259830517,82.23865116239627,11.592611349072197
person_2.mp4,front,470,7845,59.907695092154086,848,478,108.7907691844453,109.27471667650515,157.8150879820149,153.6422073248927,83.02157481480342,82.75940792448036,9.878832144928017
person_2.mp4,front,471,7862,59.907695092154086,848,478,106.07223151199611,106.75547611266249,155.4660515096301,151.6336181271788,82.30362766961169,81.87527989341584,9.611797386361662
person_2.mp4,front,472,7879,59.907695092154086,848,478,97.95072600737309,99.50422186669792,149.17523557778213,145.7438947833303,79.05807141430914,78.97774697971734,7.877837287670696
person_2.mp4,front,473,7895,59.907695092154086,848,478,96.64632083610998,103.80939973061295,148.91144610297812,146.9721541038374,77.3338183418139,79.71376001273674,6.489482311940096
person_2.mp4,front,474,7912,59.907695092154086,848,478,95.37106582513653,100.19099703621325,145.41721248183023,139.8060718733521,79.02696130318029,79.13249105142332,4.537810836140019
person_2.mp4,front,475,7929,59.907695092154086,848,478,92.57298546791043,97.25906894625031,135.52737985690658,129.7797212723641,78.20853009350954,78.00586742754044,4.1092557252492155
person_2.mp4,front,476,7946,59.907695092154086,848,478,91.2236678220983,96.79747718547654,130.53385859938754,127.76783823149786,76.47830477053986,76.80628312238024,8.124273684436767
person_2.mp4,front,477,7962,59.907695092154086,848,478,87.65958397892517,93.54868691241627,120.92271368618363,119.94215626772868,75.11118045543373,75.4168451926476,15.054015905085604
person_2.mp4,front,478,7979,59.907695092154086,848,478,85.25190359212294,92.04254659947657,110.95662864694164,114.9327121447583,74.02511111549516,74.35549976205436,21.543297222217227
person_2.mp4,front,479,7996,59.907695092154086,848,478,86.9672461843056,91.76719674708188,108.68520328736231,109.87687206711001,76.27538324042136,75.78766795012628,23.56473698031535
person_2.mp4,front,480,8012,59.907695092154086,848,478,80.59082771724061,87.48387623336504,100.94772234260797,104.85615458359958,73.09658189714143,73.19034335632487,27.76123503316365
person_2.mp4,front,481,8029,59.907695092154086,848,478,75.83163156787592,82.52592991190478,92.89852289365851,97.62735180076449,70.51592687518301,70.34532599483279,32.65431136970216
person_2.mp4,front,482,8046,59.907695092154086,848,478,70.43218980871785,76.45894815170382,86.62211401051668,91.30002206208495,68.2469103346564,67.79015356068113,35.768674053914985
person_2.mp4,front,483,8062,59.907695092154086,848,478,70.84692236635065,79.2433703586983,94.58266380910116,100.76259197428041,67.78304798512856,67.76572476475047,28.16549207798668
person_2.mp4,front,484,8079,59.907695092154086,848,478,72.97301611951319,81.92542300091291,94.92423540860854,101.37291594752904,69.65262098676139,68.83751399948437,29.051948729142033
person_2.mp4,front,485,8096,59.907695092154086,848,478,68.04411874116587,74.94053274913679,89.39912658484376,92.8374458391344,69.54012487476093,68.66500513984197,31.96677092949321
person_2.mp4,front,486,8112,59.907695092154086,848,478,64.62963080979327,72.77132677477931,85.42442321110333,91.00825774128188,66.79487750840819,66.78469870395361,34.28137879808305
person_2.mp4,front,487,8129,59.907695092154086,848,478,59.27467326364033,66.04410149657903,75.27340025067073,79.7547212810833,63.89579916468571,63.210147404499466,41.990300620346424
person_2.mp4,front,488,8146,59.907695092154086,848,478,58.07258147769988,63.671418163612536,74.02262988227083,77.132839968769,64.30945907999057,62.99456512394274,42.396048185786306
person_2.mp4,front,489,8163,59.907695092154086,848,478,61.235922210064736,68.30366646246178,79.46481415062918,84.25333833092381,66.91944448394716,67.32534936849714,38.605407344304275
person_2.mp4,front,490,8179,59.907695092154086,848,478,56.78844208558996,62.548170728543894,72.56931080846718,75.08293294885944,63.451620804543765,61.86707001539812,43.396651442622414
person_2.mp4,front,491,8196,59.907695092154086,848,478,62.083138937864774,67.36299401438589,80.55887493218547,80.62393249346266,70.83481381465742,69.10066126156019,39.347824729851965
person_2.mp4,front,492,8213,59.907695092154086,848,478,57.42457991699144,62.84002062158139,74.35950605155732,76.94184773242057,64.50013479405409,62.70675049021937,41.70395211752824
person_2.mp4,front,493,8229,59.907695092154086,848,478,55.490947171701684,60.06356964623088,74.18211200611059,76.9033834742487,62.57733666265372,59.90145659426661,41.016342017814665
person_2.mp4,front,494,8246,59.907695092154086,848,478,57.90778179895161,62.904179052137046,78.08243484351182,80.70300872359937,65.52000089156341,63.28091942486898,37.69419536642727
person_2.mp4,front,495,8263,59.907695092154086,848,478,56.62265962610773,62.08643107304462,75.35801420126587,78.53274508868219,63.85628118495933,62.27519136562319,39.8666945293886
person_2.mp4,front,496,8279,59.907695092154086,848,478,58.44918940861034,62.26810018459557,78.525755530004,80.55443158633985,67.71799379350158,62.48158209813332,37.810281038396425
person_2.mp4,front,497,8296,59.907695092154086,848,478,56.843279748734865,61.885881473278026,76.02153092087823,78.98947413319229,64.78542459647966,62.26815876679432,39.058168046297986
person_2.mp4,front,498,8313,59.907695092154086,848,478,52.246574604412835,57.01128335460783,64.60807451681681,66.6086880160143,60.511532748658986,58.92225437579241,48.6647352797932
person_2.mp4,front,499,8329,59.907695092154086,848,478,53.07383183537986,57.890817088688955,67.57285042530577,69.91551434793202,61.423927186554444,60.04448139228885,45.420564814706324
person_2.mp4,front,500,8346,59.907695092154086,848,478,55.29497540893446,60.64631465136124,70.46112606569277,73.53070331319407,65.938587634503,64.31519625435699,43.955537565915904
person_2.mp4,front,501,8363,59.907695092154086,848,478,56.14612554993639,60.94957898994247,72.37091126901264,75.85788898065341,65.677818706898,63.53566839228175,42.18406382647615
person_2.mp4,front,502,8380,59.907695092154086,848,478,58.88408544800801,62.81545114119305,88.09556990007583,90.20964866484717,68.35658248704445,65.99245286470713,28.970376898629844
person_2.mp4,front,503,8396,59.907695092154086,848,478,58.453812790947374,62.99000344735359,86.23908931720649,89.1215674895257,67.04609676553049,64.2732302778467,30.967443979425237
person_2.mp4,front,504,8413,59.907695092154086,848,478,59.019506360137676,64.08689007231749,86.47549205163808,89.70295648082364,67.63011529827634,65.6046018270362,30.376050204296682
person_2.mp4,front,505,8430,59.907695092154086,848,478,60.03461511069899,66.53786746927798,89.51842865033758,93.56060809396797,68.09739142639258,66.57945435901901,27.71523488155727
person_2.mp4,front,506,8446,59.907695092154086,848,478,60.453659538721396,66.2496876906396,90.81324373065853,95.54940411349507,68.59921766875159,66.35641013752813,26.692082875181413
person_2.mp4,front,507,8463,59.907695092154086,848,478,62.76716999637248,70.76074101538022,96.02852024013238,103.10854025322729,68.22657009113382,66.40133198691022,23.930518590973897
person_2.mp4,front,508,8480,59.907695092154086,848,478,64.80265919372022,75.58550808064763,96.77209443516843,105.80521977842153,66.34266102712233,65.23723236329138,25.782516155253543
person_2.mp4,front,509,8496,59.907695092154086,848,478,66.38446117427081,77.28715185359513,106.45502451410427,116.71913445598187,66.83130126978905,65.61887455340097,17.09012240402477
person_2.mp4,front,510,8513,59.907695092154086,848,478,68.9617017145276,80.64210236279182,108.27417187713756,119.31096865607822,67.29869225560147,66.3406018259841,16.540345525181486
person_2.mp4,front,511,8530,59.907695092154086,848,478,72.61679526585108,84.49336205697645,114.71648433487523,125.53510405734403,67.88039397729632,67.1642202503861,12.636056566394279
person_2.mp4,front,512,8546,59.907695092154086,848,478,76.27228563545582,87.38817684602003,120.74494220359944,132.11949735692198,67.89454607026532,67.24772907021216,9.61936128998912
person_2.mp4,front,513,8563,59.907695092154086,848,478,77.80722423167164,87.88491016123912,123.57174299114276,134.04430711853837,67.44029262647219,66.53659930081811,8.649876657387752
person_2.mp4,front,514,8580,59.907695092154086,848,478,79.44952454950526,87.72284604560531,126.1517102394761,132.21312902947565,67.75868355863686,66.63354190637006,7.929215373946286
person_2.mp4,front,515,8597,59.907695092154086,848,478,81.2914943072774,88.82839521762746,128.8126687045031,132.18720999397908,68.44704544113542,67.2943579889985,7.292787417008043
person_2.mp4,front,516,8613,59.907695092154086,848,478,81.67933743916497,85.4448083941581,128.5886505877546,128.9057736966808,69.55681876033104,66.33749893621767,7.754996462428194
person_2.mp4,front,517,8630,59.907695092154086,848,478,88.26836187150299,93.44734105866497,139.067809360532,138.3942550405439,71.17774364429725,70.18432573128416,2.416888010018749
person_2.mp4,front,518,8647,59.907695092154086,848,478,94.19782081497095,100.54902237904032,143.77069909991923,145.1560437391095,72.38322646852424,72.42539650237947,1.5724753207593891
person_2.mp4,front,519,8663,59.907695092154086,848,478,97.19018964101328,103.23951540566271,148.78537202172382,150.1588495874846,73.66336398935958,73.60242366206604,4.097206732430755
person_2.mp4,front,520,8680,59.907695092154086,848,478,99.91966187118334,108.88506476065032,149.25687215852983,155.10161401691252,72.88095182737214,72.87159516812572,2.490289047925334
person_2.mp4,front,521,8697,59.907695092154086,848,478,109.1982487597953,112.3874546525795,155.2257193014955,157.36580424853463,74.38314188505538,73.92411755987291,2.2549507372796618
person_2.mp4,front,522,8713,59.907695092154086,848,478,113.11022676506927,120.33667188274052,156.0934479591709,160.71780218405925,75.6243028752809,76.04718313969641,1.3110091764409546
person_2.mp4,front,523,8730,59.907695092154086,848,478,118.99260441783109,122.92388276703637,160.2927928033054,163.59513355332777,76.74900897573997,76.46292969597029,1.1883817477462744
person_2.mp4,front,524,8747,59.907695092154086,848,478,124.9827350502196,129.47212168127876,162.7403542966781,166.99051609049934,79.37827215973674,79.14594329887096,0.9681081162624453
person_2.mp4,front,525,8763,59.907695092154086,848,478,126.08362807709052,129.2608327955059,163.03564519213074,165.2980242935764,80.88992919865302,80.0224376020395,0.8157595660467369
person_2.mp4,front,526,8780,59.907695092154086,848,478,133.1590402111622,136.25920356674905,166.2116699598598,169.51019003741968,87.24235711714041,83.83129628445668,2.828957977405491
person_2.mp4,front,527,8797,59.907695092154086,848,478,136.73064655484407,140.0633254547356,167.35553837375411,170.95422094158673,88.3458982604029,85.90363170487198,3.785002591219886
person_2.mp4,front,528,8814,59.907695092154086,848,478,135.50514385873342,142.1026967908937,166.39954022242011,172.2831183890283,89.06332774635963,84.99068934069855,1.2662407115327492
person_2.mp4,front,529,8830,59.907695092154086,848,478,138.17317269132263,142.80818381552845,168.18331624693553,171.81719897926965,86.71894405535359,85.25346916108198,1.1297652809966774
person_2.mp4,front,530,8847,59.907695092154086,848,478,135.18545345876964,143.27860425121153,168.50711636440943,171.7458304370018,87.12074468292249,85.32336429828334,1.7166463541666597
person_2.mp4,front,531,8864,59.907695092154086,848,478,142.71022836190033,142.32535903160698,169.51002841231391,170.3184503522407,89.10302754705485,86.89069441930101,1.002201536775234
person_2.mp4,front,532,8880,59.907695092154086,848,478,145.55911776040585,144.8468148584227,169.9014806946937,170.63019663527135,90.07884035071035,89.01030918377083,0.4002520084176547
person_2.mp4,front,533,8897,59.907695092154086,848,478,144.05138509278655,144.9052199487779,170.43764981573304,170.59838620352681,88.63719137472995,89.62141222799114,0.6086166157667042
person_2.mp4,front,534,8914,59.907695092154086,848,478,141.65948976501375,143.25237366658249,171.37929202595478,170.0142006476262,87.80016217127327,88.13445936702058,0.7026434639384471
person_2.mp4,front,535,8930,59.907695092154086,848,478,140.44797112048397,144.13802997066162,171.68515927427813,170.26593554951847,86.4571975851628,88.47508002366637,0.12145383997011587
person_2.mp4,front,536,8947,59.907695092154086,848,478,138.50748435282577,144.62894183032978,170.60119143542167,168.67800424947046,85.3491677831313,87.80811247315438,2.806189640109334
person_2.mp4,front,537,8964,59.907695092154086,848,478,134.36378827144324,143.91320425057464,166.4517136611514,167.7755973219308,85.12272004542352,86.9478134261767,4.785506885808287
person_2.mp4,front,538,8980,59.907695092154086,848,478,135.7451518570532,143.0324310062883,167.72099938708166,167.35027880330378,85.22363832793374,87.1457182152196,4.481002257588786
person_2.mp4,front,539,8997,59.907695092154086,848,478,134.2713840873829,143.02170779572464,166.83399047578942,167.1672620006987,84.92504662133018,86.92466458043907,4.754479604278256
person_2.mp4,front,540,9014,59.907695092154086,848,478,134.21904414174526,142.29532601508737,165.89053502643776,165.01272529351067,84.49220339526678,86.84545512797892,6.5101284636000685
person_2.mp4,front,541,9031,59.907695092154086,848,478,134.1960767932582,142.7076709707593,166.17017224890537,165.07561060024773,84.40054025595705,87.3835975832786,6.294246607922609
person_2.mp4,front,542,9047,59.907695092154086,848,478,137.66890579048805,142.9816326422356,168.10127895641511,165.33949086908575,86.23202508501831,87.2563024661502,6.018777043319894
person_2.mp4,front,543,9064,59.907695092154086,848,478,137.2481944602969,142.77475847220435,167.88588690249745,166.3965650402225,86.43332050852165,87.47319261013966,5.159645726242704
person_2.mp4,front,544,9081,59.907695092154086,848,478,143.20309392047557,144.01384696949285,170.9616974435077,166.53674042993882,89.29361886283115,89.11420281832743,5.171014805200395
person_2.mp4,front,545,9097,59.907695092154086,848,478,140.6550543090756,144.62275722117522,167.60845187670267,165.6346087245269,88.6002950409345,89.50194231037796,6.900509009692312
person_2.mp4,front,546,9114,59.907695092154086,848,478,139.8143619553969,145.27837234284092,167.85406058026035,167.30155707925573,88.3440106468601,90.44445364032785,5.395276112153752
person_2.mp4,front,547,9131,59.907695092154086,848,478,140.21827676519086,146.7892630835541,164.91018086371832,164.9167562494567,88.57735934396031,91.47050958167192,8.789555195477906
person_2.mp4,front,548,9147,59.907695092154086,848,478,142.55715740349828,146.28620469608313,166.35092518989103,162.32788844721347,88.97971573879168,91.12479038384788,10.41769910840179
person_2.mp4,front,549,9164,59.907695092154086,848,478,140.5348305074564,146.29732802028118,166.6085944008756,163.34955615700827,88.074154599575,91.6000049220059,9.035461141499313
person_2.mp4,front,550,9181,59.907695092154086,848,478,139.83257226913292,145.9560422414828,166.1724897312443,163.3711612152579,88.0159787502808,91.70024452055253,8.940467149205356
person_2.mp4,front,551,9197,59.907695092154086,848,478,141.74047304891582,146.03653791045096,166.30182422703035,161.07702461363095,89.02476185261578,91.83165438550837,10.901308148200728
person_2.mp4,front,552,9214,59.907695092154086,848,478,143.70172036232296,146.3111251160482,165.6142294569043,159.71548578651058,89.84125734847717,91.91231237477753,12.746786561429664
person_2.mp4,front,553,9231,59.907695092154086,848,478,143.35394136068925,145.82891155911202,164.9441422246256,159.71825195491917,89.06119666356135,91.08266828816936,13.513806433426293
person_2.mp4,front,554,9248,59.907695092154086,848,478,143.03789379206015,145.7839232699049,165.12742988759322,159.72117983717598,88.90725412078137,90.89881781871928,13.519282296695131
person_2.mp4,front,555,9264,59.907695092154086,848,478,142.969289073432,145.91456919393127,163.56744746333632,160.56849862505612,88.83783953056275,90.75060879002785,14.005438145899326
person_2.mp4,front,556,9281,59.907695092154086,848,478,143.74364605137552,146.17169070373996,165.3251453278379,161.36960809588027,89.27869266527696,91.10960661731984,12.771144614792572
person_2.mp4,front,557,9298,59.907695092154086,848,478,142.60563830172094,145.68648269947374,164.11703434831165,161.00413792099508,89.17419169480316,90.77939137999589,13.24287970194247
person_2.mp4,front,558,9314,59.907695092154086,848,478,141.9954196411633,146.6327308830163,165.1098769242274,162.74288744699282,88.82062586102032,91.57321122982393,11.604971993130674
person_2.mp4,front,559,9331,59.907695092154086,848,478,143.3416006603845,147.2868455232321,167.6240863047687,166.41852075179574,90.5556865565479,92.5597114365534,8.219385245045547
person_2.mp4,front,560,9348,59.907695092154086,848,478,142.92221782121703,147.469212613032,168.34405035160304,166.22879865691257,90.37474634509424,92.4761914887677,7.69391641256406
person_2.mp4,front,561,9364,59.907695092154086,848,478,140.82385208037115,146.40337033212478,167.3244064396632,166.80952862062054,88.85022458101429,91.51947494972937,7.138598549044846
person_2.mp4,front,562,9381,59.907695092154086,848,478,140.46368894379611,146.7499326245259,169.3162796218743,167.66806661690714,88.49710341207775,91.52168729379082,5.253242638001848
person_2.mp4,front,563,9398,59.907695092154086,848,478,140.27710255498224,146.38282479309822,169.5992245548633,167.525281378086,88.37999156470609,91.02036028077596,5.053394191824861
person_2.mp4,front,564,9414,59.907695092154086,848,478,140.1359355402879,146.17292392134618,170.79681592014714,169.75597040324632,88.0515713677983,91.05597302595923,2.709346479208663
person_2.mp4,front,565,9431,59.907695092154086,848,478,140.06929162722597,145.29163329065722,170.26961747862137,169.17797221500882,87.94829538819587,89.72975850919254,3.452262628066594
person_2.mp4,front,566,9448,59.907695092154086,848,478,140.8116835664159,146.02861113616476,171.67879397756886,170.18341992466893,88.1705085361072,90.2646531164917,2.0741490085642664
person_2.mp4,front,567,9465,59.907695092154086,848,478,140.65233190169832,145.3154858676345,172.15051383122452,170.26200843470642,86.43689070548352,89.165783587253,2.3535830827178255
person_2.mp4,front,568,9481,59.907695092154086,848,478,140.7570641364303,145.8482108361465,171.49632963247257,169.78927895627967,86.72525850540043,89.59682177375264,2.894832307012253
person_2.mp4,front,569,9498,59.907695092154086,848,478,145.0542792324815,147.73030765935204,172.53177953639482,170.35391468844486,89.04725407846514,90.90170588992534,1.165708823959293
person_2.mp4,front,570,9515,59.907695092154086,848,478,146.59660408386355,148.95370074783972,171.18455499967993,171.00314122368692,90.13016943652957,91.8568739341519,0.6032315842000824
person_2.mp4,front,571,9531,59.907695092154086,848,478,145.6741305287689,149.0346392240539,170.35898800013024,174.71479371422717,90.0491133007152,92.03536022864695,3.8643702207964936
person_2.mp4,front,572,9548,59.907695092154086,848,478,148.9299871837911,150.3661358156891,168.3825514792061,174.94699480736924,94.19811372361163,93.49056298333633,7.558212730355853
person_2.mp4,front,573,9565,59.907695092154086,848,478,142.48192524107853,147.46013244892586,169.36259976696869,172.71013286889416,91.63309619748742,90.73817511310179,10.122879256545277
person_2.mp4,front,574,9581,59.907695092154086,848,478,140.34277480603984,144.85127970217954,168.9552171056829,172.91312639870094,93.1942231874581,90.70614745386835,12.758461241633357
person_2.mp4,front,575,9598,59.907695092154086,848,478,139.38720728814255,143.11472035398944,168.53503370711516,174.33621779119457,91.58855947338495,90.06793966581215,10.37881269932982
person_2.mp4,front,576,9615,59.907695092154086,848,478,136.52854238312,141.5085086361454,168.59416954699816,173.907277981606,91.15856057747654,89.53493267548511,9.511489455632624
person_2.mp4,front,577,9631,59.907695092154086,848,478,133.47626697122317,137.01113183115189,168.28981019202715,173.42258515475777,90.18828202574542,87.47457770070386,11.533473377581632
person_2.mp4,front,578,9648,59.907695092154086,848,478,129.01849115168255,133.17266480872564,167.76267855589296,171.60237703785972,87.68278601917372,85.734402906531,10.172717585510192
person_2.mp4,front,579,9665,59.907695092154086,848,478,123.27251307939616,122.71522657647908,166.6520409923188,166.26598050410956,85.22532677243225,82.75552780352521,10.847581480235624
person_2.mp4,front,580,9682,59.907695092154086,848,478,109.31232470763761,111.89801987027091,159.78111078229253,156.995638749335,81.42662537941561,80.55516131795693,9.670005973691064
person_2.mp4,front,581,9698,59.907695092154086,848,478,111.5567951523751,111.99735040459231,159.2661269352262,156.43309548685878,82.44025122005719,79.25139277900114,7.759552743076533
person_2.mp4,front,582,9715,59.907695092154086,848,478,107.1086248498297,106.710959163743,155.2461750674244,150.8304964147406,81.32782983255957,79.5233101747686,6.649085973338799
person_2.mp4,front,583,9732,59.907695092154086,848,478,104.11178579580543,109.11525246784754,148.9996857419603,149.4160426335419,79.24908664332276,79.26084713240638,1.893181278603918
person_2.mp4,front,584,9748,59.907695092154086,848,478,92.96482510097594,99.5306234248452,132.61900770473443,136.28428119090037,76.76465546011542,76.74849505861675,5.569292290682086
person_2.mp4,front,585,9765,59.907695092154086,848,478,87.53995833656097,91.68889000558099,123.61847949396687,121.35126715289657,74.0764361560513,73.88708714560524,13.962357617059759
person_2.mp4,front,586,9782,59.907695092154086,848,478,80.64091388253192,84.60931268667395,104.43678358807206,105.11797995708203,71.13726913981766,71.17214104720787,26.566360650080327
person_2.mp4,front,587,9798,59.907695092154086,848,478,77.10683043868501,81.12259643177397,106.77381261354162,106.54611127946563,71.6583412207294,71.11760378605626,21.8607456462952
person_2.mp4,front,588,9815,59.907695092154086,848,478,72.21058431074664,77.22054513303056,95.56948252169798,98.8391755604941,68.4275057370293,68.58719374332263,29.701318754985955
person_2.mp4,front,589,9832,59.907695092154086,848,478,74.04178609841044,78.79826932259715,96.84660640279152,98.71036072435209,68.4637332043735,69.13661906603691,30.715831857609015
person_2.mp4,front,590,9848,59.907695092154086,848,478,74.62473368682916,79.79471498719857,100.69239132138516,102.15858688360667,69.36597454284777,69.89293908152908,27.249198121793775
person_2.mp4,front,591,9865,59.907695092154086,848,478,74.94954234935942,82.46116619936781,98.00179282915,102.29721765638125,69.94924748613344,70.59852947170248,29.62842859549306
person_2.mp4,front,592,9882,59.907695092154086,848,478,69.08609280060769,77.784767038808,88.64683205343223,94.64601712094534,66.80509674831337,67.56157850646326,35.72230698339197
person_2.mp4,front,593,9899,59.907695092154086,848,478,65.04012043955353,72.58825402382068,81.9653882827165,87.11412737539241,65.67077664492221,65.22808818405942,39.50986265531409
person_2.mp4,front,594,9915,59.907695092154086,848,478,69.03513084282258,76.2331971735018,90.94460635003213,94.80255507462563,69.20296908195931,68.67349879364751,32.76483347532294
person_2.mp4,front,595,9932,59.907695092154086,848,478,56.209009076272544,61.19816579052417,67.32157478897801,69.3466109398782,62.27077864212769,61.091511893700485,48.18858784349204
person_2.mp4,front,596,9949,59.907695092154086,848,478,64.10313359964844,69.49923188753091,83.85088811611784,84.4438194494106,63.403623330182846,66.00700110806021,37.25187647558494
person_2.mp4,front,597,9965,59.907695092154086,848,478,58.94797977009922,64.54135181415208,71.35942311333325,73.90180231188938,64.04638130038688,63.395410731680265,45.261987162552934
person_2.mp4,front,598,9982,59.907695092154086,848,478,55.990442688420245,60.27431542399718,66.18539433218264,67.77181979510198,63.020460357265726,61.382970008607124,49.307124849058056
person_2.mp4,front,599,9999,59.907695092154086,848,478,56.40122695091775,61.36364413060101,70.60847829687167,72.52165668000374,63.96604717356819,62.23989089225919,44.94465408201004
person_2.mp4,front,600,10015,59.907695092154086,848,478,51.45707288822942,54.126081757622096,62.214751653728925,63.487860195638035,61.02445912037396,58.545563796920874,50.23544824759717
person_2.mp4,front,601,10032,59.907695092154086,848,478,52.76948099151611,56.783593699011455,60.46142744319403,62.75015610224029,61.346943928819954,59.02700760555488,52.525278593709196
person_2.mp4,front,602,10049,59.907695092154086,848,478,49.04531434223206,52.05852070468028,54.24613895638201,55.57613552866728,59.32133671815908,56.60654125930167,56.91639308302741
person_2.mp4,front,603,10065,59.907695092154086,848,478,50.223517743950026,52.03462153022537,59.418277772495,60.25499125063186,59.72944409061763,56.54526143446392,52.17103001842285
person_2.mp4,front,604,10082,59.907695092154086,848,478,48.025797523698635,50.800965949105965,55.64723177026475,56.75252221138751,58.3443476811221,56.03942047705336,54.062369195961516
person_2.mp4,front,605,10099,59.907695092154086,848,478,51.74861166982899,53.78899429842106,62.67265743208654,63.59059581077514,61.52603005091136,58.50459847062365,48.736237759263304
person_2.mp4,front,606,10116,59.907695092154086,848,478,50.96837816454882,52.69315737938047,62.79328511286679,63.01866586372816,61.01184805948464,58.167755273908284,48.49736078854458
person_2.mp4,front,607,10132,59.907695092154086,848,478,49.23741110668618,51.093110081902566,59.66185343658636,60.421423055185805,59.55367929616314,56.95585520481478,50.8718687178323
person_2.mp4,front,608,10149,59.907695092154086,848,478,52.26906239432283,53.98751311369244,61.648608018527874,63.58521280586108,61.79580196836003,59.144541803677356,49.09577280850644
person_2.mp4,front,609,10166,59.907695092154086,848,478,52.947493020046366,55.98193106203568,63.192818715151674,64.87249337402649,62.03274388627243,59.844243836259174,48.41813332870905
person_2.mp4,front,610,10182,59.907695092154086,848,478,52.24295630463887,54.67270073367263,62.27843062510943,63.023979793977354,61.23569383312678,58.86447149209677,49.69960328192271
person_2.mp4,front,611,10199,59.907695092154086,848,478,52.363904865963455,55.1249614609564,60.438048372868586,61.79932525726901,60.63513444234117,58.83630657612479,51.7236176542017
person_2.mp4,front,612,10216,59.907695092154086,848,478,52.85238917181454,56.423414268260295,58.22566270728465,59.565534802565175,60.868102849663806,60.03240001146242,54.52791296949003
person_2.mp4,front,613,10232,59.907695092154086,848,478,53.474998128220015,57.08766686495015,59.134259828884844,60.75701360374834,61.48844265070471,60.46995234897058,53.89209070729589
person_2.mp4,front,614,10249,59.907695092154086,848,478,53.54540566312136,57.07637142554017,59.13693003879872,60.807299303613654,61.755098006580724,59.42491110199944,54.00373249339527
person_2.mp4,front,615,10266,59.907695092154086,848,478,56.66928938173731,59.62792592396731,66.20282601298787,68.1202171213703,63.96911248622286,61.3435703377575,48.43606199001318
person_2.mp4,front,616,10282,59.907695092154086,848,478,57.28690215018684,61.247463419839576,65.63941922299728,67.93821787847044,63.03683443294186,61.6936058274387,49.41161880958663
person_2.mp4,front,617,10299,59.907695092154086,848,478,62.42598544402822,68.08336977003384,77.66945533807045,81.1700242096675,66.72888344197513,65.16317893910862,40.98764042305977
person_2.mp4,front,618,10316,59.907695092154086,848,478,61.187433827708425,66.81883385708724,76.38538946031511,79.91909781385611,63.91099023823803,62.124617273281935,42.617455885746224
person_2.mp4,front,619,10333,59.907695092154086,848,478,62.8959584658512,70.5021753077934,73.99149187058387,78.58266075801716,63.2193988875691,62.27581995463161,47.106798756915275
person_2.mp4,front,620,10349,59.907695092154086,848,478,71.505441016939,81.56561519387398,81.67582213734518,88.41091072976761,66.63291151925027,66.36339881470437,44.51449659554025
person_2.mp4,front,621,10366,59.907695092154086,848,478,78.47937711798265,90.05770972529335,99.09462590069899,108.8040084511345,69.93758619347918,70.02183062181304,31.00481705717463
person_2.mp4,front,622,10383,59.907695092154086,848,478,79.5316033820195,89.89604381596247,100.91378604774532,110.34364687678426,69.52350201230165,69.7107440928899,29.668057271117576
person_2.mp4,front,623,10399,59.907695092154086,848,478,87.96240895859441,97.05254140456569,121.32800131642335,127.31716564410321,73.72634333168794,73.72419260385207,15.044498889509304
person_2.mp4,front,624,10416,59.907695092154086,848,478,86.13193537213309,94.00641278606841,127.12495036769101,133.81991057008108,72.71181807818725,71.41927813367228,7.433637668598186
person_2.mp4,front,625,10433,59.907695092154086,848,478,88.78327630224126,94.14243047132271,131.03819105388698,134.69568013005974,74.62429693362934,72.74317070829626,4.80635867941165
person_2.mp4,front,626,10449,59.907695092154086,848,478,94.87942518298368,100.17348570626115,140.0348813083083,142.64756640531255,77.85881889789434,75.50476814892909,1.8810141505821343
person_2.mp4,front,627,10466,59.907695092154086,848,478,94.47627065931835,102.58599145588947,143.38710322190335,149.2359591245911,74.23546527893032,73.00118265048289,2.6616467933904358
person_2.mp4,front,628,10483,59.907695092154086,848,478,107.85050209992518,111.03664113903378,154.365351255785,157.2333518444164,79.81554722682357,76.89427294462357,6.405172657344238
person_2.mp4,front,629,10499,59.907695092154086,848,478,108.32533124952364,108.46348475924344,156.42595544826506,156.63206795307755,81.33923371485963,77.06271113020603,9.443253276977778
person_2.mp4,front,630,10516,59.907695092154086,848,478,113.51805438372085,114.66342695362106,156.238796507356,156.65142339780914,79.55029481321915,77.49826198285122,3.5658870025186737
person_2.mp4,front,631,10533,59.907695092154086,848,478,113.6976651641041,116.40815967004986,156.9548875267807,158.93998400076302,79.44946402027044,77.8067840080547,4.518006290626994
person_2.mp4,front,632,10550,59.907695092154086,848,478,121.44704348360959,122.82188044991742,161.9542918791301,163.2587046827739,80.78952672127433,79.64187463746534,4.586984716858505
person_2.mp4,front,633,10566,59.907695092154086,848,478,124.66042380430972,127.54295159661042,164.02356159890846,167.5839572764116,83.74548441628401,80.63386360087941,6.763794767302909
person_2.mp4,front,634,10583,59.907695092154086,848,478,131.94132807323254,133.68605426387992,165.3957865446303,168.18202930232653,85.90301795543007,83.17893794592219,3.9720696566614926
person_2.mp4,front,635,10600,59.907695092154086,848,478,129.7319709612993,132.95044161166433,163.26156637761912,168.19041654669152,86.88555103470115,82.40380767828945,2.427312140732153
person_2.mp4,front,636,10616,59.907695092154086,848,478,131.7829152004364,136.49734887669604,165.71203950051003,171.10383401391363,90.406799730414,85.05371474953456,5.78981985946788
person_2.mp4,front,637,10633,59.907695092154086,848,478,136.6894516581832,138.37556703788198,167.22826313612552,171.09757723974317,90.75625913958378,86.67299717062261,5.609504006767787
person_2.mp4,front,638,10650,59.907695092154086,848,478,139.10889275704452,141.21290631364047,168.19421744796816,173.81253876171397,89.40219484513,86.92947916657171,8.002786469555055
person_2.mp4,front,639,10666,59.907695092154086,848,478,139.43474589822281,143.22492865541113,168.79612036360444,172.62537595249265,88.5624767384139,87.21321641069576,4.511508522203767
person_2.mp4,front,640,10683,59.907695092154086,848,478,145.02845480162483,147.22458207373347,168.1369257088154,173.89692633592222,89.45475746734022,89.18884541416249,5.27047108296212
person_2.mp4,front,641,10700,59.907695092154086,848,478,142.13321600228932,145.58126580585244,169.53354485058543,173.2832503952267,88.02760105007849,88.92413673531313,4.599908567779628
person_2.mp4,front,642,10716,59.907695092154086,848,478,142.28645694090622,147.71947067816643,170.3934548945086,173.2879274306667,89.10077392756594,90.16060386104951,2.7793732299893135
person_2.mp4,front,643,10733,59.907695092154086,848,478,142.2772049920178,146.70707691544771,170.90871477247083,172.56068199391405,89.80473890733185,90.77074603951655,2.665069127054783
person_2.mp4,front,644,10750,59.907695092154086,848,478,143.1527168694266,146.2279527744635,171.39341936771555,171.96406381415954,88.43360477639249,89.97292612297893,1.5079090792520242
person_2.mp4,front,645,10767,59.907695092154086,848,478,138.27398230596555,144.83215392908537,167.1226447325651,170.5139358115294,86.08837234233712,87.57954867298896,2.8883004434115866
person_2.mp4,front,646,10783,59.907695092154086,848,478,138.0554030961755,143.9503057319639,166.51521732845566,169.18605055242404,86.22111265917789,86.12410120679577,4.426163519152895
person_2.mp4,front,647,10800,59.907695092154086,848,478,139.71432077859728,144.129436203016,165.56128279323644,165.60810632329867,85.74732874295623,86.2099780763898,8.229573532841
person_2.mp4,front,648,10817,59.907695092154086,848,478,141.05425268551045,143.6758185675382,166.68705297566189,165.19801724559852,87.62711666166464,87.7672111687489,7.307905818195973
person_2.mp4,front,649,10833,59.907695092154086,848,478,140.63781025070736,144.1564447831711,163.70812915249917,162.76417155291813,86.97609893478597,88.3668610462081,10.555105731364659
person_2.mp4,front,650,10850,59.907695092154086,848,478,140.8940841332698,144.40519221133297,162.38803718905584,161.45804094040346,86.80184584650799,88.55154268687868,12.164919759438774
person_2.mp4,front,651,10867,59.907695092154086,848,478,141.0097034795115,144.44831020024495,162.11819273679362,159.66009721075915,86.82927278285175,88.48260389225705,13.296630678217237
person_2.mp4,front,652,10883,59.907695092154086,848,478,142.14307820271324,143.76510051960298,163.66626931088658,158.66115185700804,87.47617786605736,88.51020478748337,13.183119461525052
person_2.mp4,front,653,10900,59.907695092154086,848,478,142.70970187749197,144.85525425526373,161.16201148487136,158.472060630846,88.20624681206817,89.30254116892235,14.975921453078735
person_2.mp4,front,654,10917,59.907695092154086,848,478,146.19753690909616,145.77376884960856,164.5218671031024,160.30775479931904,90.50104129886499,90.50259710340498,12.903443504000927
person_2.mp4,front,655,10933,59.907695092154086,848,478,144.68351241133726,146.81822989096995,165.19292050746944,164.42717785755875,90.12692361113474,91.57501628474493,10.042755536949223
person_2.mp4,front,656,10950,59.907695092154086,848,478,146.68902615606163,147.60673770440522,166.46108822196504,164.3562967445856,91.11702889447234,92.96291916695488,9.762731686835377
person_2.mp4,front,657,10967,59.907695092154086,848,478,145.3185397048443,148.43626424648625,170.33113881661845,168.27015703652648,90.65207546034468,94.8545861524479,4.787621839442834
person_2.mp4,front,658,10984,59.907695092154086,848,478,144.32821252335395,150.46672405325123,173.8669168654625,172.99457168138466,90.36965011432152,96.57390918347751,0.8938734921093687
person_2.mp4,front,659,11000,59.907695092154086,848,478,146.03445514393547,150.03950970057744,173.49330825325407,171.09363438093592,91.42500011545081,96.27912451796222,1.1028585179000956
person_2.mp4,front,660,11017,59.907695092154086,848,478,147.88302908036485,149.47142428449843,173.8338516155198,169.544326890531,92.63714729856281,95.72673711563817,2.174268026482982
person_2.mp4,front,661,11034,59.907695092154086,848,478,149.6597746838246,149.3500283642249,173.8912401885704,168.91485291881204,93.68620347228024,95.44304082654159,3.0845688166797522
