video,view,frame,timestamp_ms,fps,frame_width,frame_height,left_knee_angle_deg,right_knee_angle_deg,left_hip_angle_deg,right_hip_angle_deg,left_ankle_angle_deg,right_ankle_angle_deg,trunk_angle_deg
person_14.mp4,front,0,0,59.91649433466743,848,478,135.41479721073352,137.03544487626405,165.72642694715793,165.91066290463343,72.24297695079,71.43846942395336,21.22364313664247
person_14.mp4,front,1,17,59.91649433466743,848,478,155.14285072522924,150.2678724760295,174.1629212195029,172.2689539295229,79.84588365376628,81.41903323793184,20.18152681852827
person_14.mp4,front,2,33,59.91649433466743,848,478,155.79483396279562,150.7684262117154,174.23776065861392,172.7595414812734,80.22547606471684,81.79413533397444,19.76340139253492
person_14.mp4,front,3,50,59.91649433466743,848,478,157.7168701963105,151.9963610261993,174.26664422317128,172.7661373331161,80.88127084045651,83.08494544525863,19.60620186136482
person_14.mp4,front,4,67,59.91649433466743,848,478,159.7166570796542,152.81664916884193,173.75087359381072,172.05227577018232,82.16137430804493,84.2610354293013,19.646032835344585
person_14.mp4,front,5,83,59.91649433466743,848,478,160.88223815736535,153.15360536153258,173.3941436562831,172.2402315020451,82.82598480891825,84.34931512708947,19.615164087503405
person_14.mp4,front,6,100,59.91649433466743,848,478,159.36301378973997,153.2403309010375,173.78910609224897,172.84631558310744,81.91506361411433,82.74712696135674,19.589814910780973
person_14.mp4,front,7,117,59.91649433466743,848,478,161.196784611363,154.4979443338829,173.40921431952003,173.30943345922938,83.02013893943291,83.60592276526566,19.545600580560798
person_14.mp4,front,8,134,59.91649433466743,848,478,161.00408515741117,154.1591362610021,173.30390571672913,173.591524561535,82.4273614405822,82.85196370853102,19.299530916644883
person_14.mp4,front,9,150,59.91649433466743,848,478,162.08956678722035,153.69159799314613,172.83594254674605,173.6145245894008,82.579996606582,82.11352421074474,19.320804948123996
person_14.mp4,front,10,167,59.91649433466743,848,478,162.87011086623502,154.0592104545179,172.23521344489015,173.78557445786038,83.00598849442498,82.13893626335052,19.09379934523659
person_14.mp4,front,11,184,59.91649433466743,848,478,163.11788888598923,154.51725614566172,172.12780409431963,173.6017459310938,82.86399553370126,83.46424914850225,19.050505567264302
person_14.mp4,front,12,200,59.91649433466743,848,478,161.8785887507827,154.32132135958145,172.61241528446098,173.41853115358657,82.06710389390072,83.5606757723373,19.14500375903057
person_14.mp4,front,13,217,59.91649433466743,848,478,161.21697017980793,154.12076828087893,172.86680751829317,173.49362848890533,81.60761491744013,83.91937753084898,18.998829848506485
person_14.mp4,front,14,234,59.91649433466743,848,478,161.7829700266429,154.50398017206402,172.63409415631133,173.70299745907238,81.7569935812775,83.8029998047753,18.96923759985156
person_14.mp4,front,15,250,59.91649433466743,848,478,162.34929537023228,155.3970927557124,172.50224242369845,174.01393442170672,82.24480813407789,83.9577848620442,18.909800658544423
person_14.mp4,front,16,267,59.91649433466743,848,478,163.11647376430955,155.70430495582477,172.27674082910076,174.09872498090093,82.86786350949009,84.11746682908267,18.889720254873026
person_14.mp4,front,17,284,59.91649433466743,848,478,163.57469662308085,157.15363606007273,172.30993280860807,174.3929227641603,83.51920282614343,85.4544287744413,18.75378413762041
person_14.mp4,front,18,300,59.91649433466743,848,478,164.393373265807,157.6033129999866,171.89436241357478,174.46435398883725,83.80410614953672,85.71622496019708,18.700110616879147
person_14.mp4,front,19,317,59.91649433466743,848,478,165.17407708549143,157.66204399462143,171.3225246022719,174.46528520462851,84.26805964598202,85.82481876118719,18.67791772767703
person_14.mp4,front,20,334,59.91649433466743,848,478,165.11991315182604,157.17659249683314,171.26439279901012,174.4134685874527,84.036109181879,85.62134715697101,18.70051514694937
person_14.mp4,front,21,350,59.91649433466743,848,478,165.0494899372624,156.9732253248985,171.20306653654498,174.35542540108176,83.91737751168051,85.5828091004933,18.665735366608835
person_14.mp4,front,22,367,59.91649433466743,848,478,164.53622625851378,156.6865469958456,171.2272034696896,174.31717691211074,83.80408984168399,85.50646459694883,18.601317217451882
person_14.mp4,front,23,384,59.91649433466743,848,478,163.32783007710205,155.84713981529157,171.28128993680778,174.27251297758943,82.59817680728445,84.63966132268966,18.620026053382432
person_14.mp4,front,24,401,59.91649433466743,848,478,162.78283951794307,154.4534204866681,171.51211321265666,174.2696729661899,82.29297076698623,83.04835009128682,18.62843419181984
person_14.mp4,front,25,417,59.91649433466743,848,478,162.98554245296938,154.61788126907996,171.09601519371583,174.30354496333956,82.71091183852793,83.1141791640564,18.32180305536144
person_14.mp4,front,26,434,59.91649433466743,848,478,162.81201168422595,154.50143112739386,170.9766781167548,174.2829537448355,82.42098701805685,82.88396316447887,18.16250491989623
person_14.mp4,front,27,451,59.91649433466743,848,478,162.11897708147907,154.43404549236053,171.10153416605218,174.27392863411734,82.2763547137723,82.69151087539774,18.067665384062423
person_14.mp4,front,28,467,59.91649433466743,848,478,161.89346907784525,154.3845886227195,171.26847023950018,174.22473276334156,82.11857984660263,82.72841940201678,18.0928715442629
person_14.mp4,front,29,484,59.91649433466743,848,478,161.95189944635223,154.23967844801646,171.24889235052888,174.07019497234623,81.95541415667886,82.79647955536596,18.171299021901575
person_14.mp4,front,30,501,59.91649433466743,848,478,161.41418299725345,153.60059061426392,171.22341489870516,173.83983255351166,81.45998405086443,82.33555352587959,18.24062055339312
person_14.mp4,front,31,517,59.91649433466743,848,478,161.53563546298986,153.6386614140048,171.32749748097214,173.8564707131728,81.50144121958789,82.3325409298103,18.2772888181106
person_14.mp4,front,32,534,59.91649433466743,848,478,161.44854230874816,153.21774274086346,171.34786040329678,173.95175001990114,81.32990517138674,81.8725272660017,18.30029685448512
person_14.mp4,front,33,551,59.91649433466743,848,478,161.49666903246782,153.29398748639764,171.02518007184645,173.98519139723874,81.74655042900179,81.88579083605507,18.160627271972803
person_14.mp4,front,34,567,59.91649433466743,848,478,160.7915443388497,153.13655475137602,171.06668267633103,173.8920773094913,80.90890269766072,81.9408629620195,18.280141557303047
person_14.mp4,front,35,584,59.91649433466743,848,478,160.85453387743055,153.27621683412966,171.09382685941853,173.89065201251935,80.9440783870434,82.12223840607598,18.276678208056552
person_14.mp4,front,36,601,59.91649433466743,848,478,160.30069849867368,153.1804029732155,171.10237671998246,173.80131334310212,80.46555594842319,82.03762638401409,18.308426851208726
person_14.mp4,front,37,618,59.91649433466743,848,478,160.14778017767932,153.0178852311633,171.26527550920488,173.76711550013124,80.5416970330663,81.90068525974193,18.336756907159018
person_14.mp4,front,38,634,59.91649433466743,848,478,159.28894027934325,152.78883814308014,171.4742647640029,173.6553333765499,79.8179425688444,81.79004750406506,18.481975282125433
person_14.mp4,front,39,651,59.91649433466743,848,478,159.03838452107433,152.27875941423642,171.6828235881494,173.17197919473813,79.5323886144916,81.530107658059,18.75082194787846
person_14.mp4,front,40,668,59.91649433466743,848,478,159.16607822312727,151.19530486412168,172.02960531449963,172.4364239441925,79.51925640946816,81.04725628525047,19.219317888556485
person_14.mp4,front,41,684,59.91649433466743,848,478,158.3426123787232,149.58910902826344,172.06087372425202,171.13060510562477,79.54489480457211,80.80865965743808,19.200304943191487
person_14.mp4,front,42,701,59.91649433466743,848,478,157.26003797605856,149.66156528450102,172.14488309776587,171.04975366340898,79.56536646973777,81.32597838925395,19.09174042632871
person_14.mp4,front,43,718,59.91649433466743,848,478,155.83298141900693,150.1344008100221,172.52820678986367,170.8045008314801,79.2541776105168,81.89622499816015,19.189979849308404
person_14.mp4,front,44,734,59.91649433466743,848,478,154.48046445640495,148.56872976079922,172.63957557934486,170.8679221739719,79.03239326893524,79.82424381236345,18.904995426773578
person_14.mp4,front,45,751,59.91649433466743,848,478,154.01860602332707,148.15881023078492,172.65534222771544,170.69671935183092,78.70498044040173,79.19544295992127,18.961321993008994
person_14.mp4,front,46,768,59.91649433466743,848,478,153.68672290056796,148.7938317682627,173.31289145042578,170.85433304298752,78.39196025591647,79.14948533248668,18.957633268763583
person_14.mp4,front,47,784,59.91649433466743,848,478,152.24710346280855,147.72483128773138,173.21670095049217,171.0458682568202,77.81421304937865,77.06510193413837,18.78843855486188
person_14.mp4,front,48,801,59.91649433466743,848,478,149.03162447815743,146.5083691327183,172.93811473616861,171.24621930648738,76.63448428423345,75.55533440110953,19.32792885775671
person_14.mp4,front,49,818,59.91649433466743,848,478,147.2509055429048,146.9552091227361,172.38915949880482,171.31929088415853,75.91561540141018,75.85566610242782,19.453617047197717
person_14.mp4,front,50,834,59.91649433466743,848,478,145.28181944996908,147.87574700053543,171.77492847045508,171.184192964,74.9729483217329,76.87644050170378,19.18947835774434
person_14.mp4,front,51,851,59.91649433466743,848,478,144.32905396116317,148.31133522599015,171.06130841055696,171.2021263464449,74.71029944397513,77.18632680244431,18.990828457078134
person_14.mp4,front,52,868,59.91649433466743,848,478,139.970724711705,147.71155661952417,168.02641567787148,170.79674292491515,74.3972394097332,76.75737202237886,19.32260275538671
person_14.mp4,front,53,885,59.91649433466743,848,478,131.8251821015328,146.13427453774713,160.87784664552584,170.29623465447253,73.44617445402153,76.02052619318384,19.820400926573633
person_14.mp4,front,54,901,59.91649433466743,848,478,130.95987572480317,143.29930302292235,159.109555459836,168.8896480136763,73.88887682988054,75.32804295048282,19.99235215312322
person_14.mp4,front,55,918,59.91649433466743,848,478,126.53181228479767,139.36665852467047,153.73963999501655,166.31825291173993,74.53837193966358,75.59611376733208,20.148996307378027
person_14.mp4,front,56,935,59.91649433466743,848,478,110.51479752178552,129.0787228793331,140.9588403764661,159.7569514192711,71.37392714490824,73.0401336983874,20.400763620374043
person_14.mp4,front,57,951,59.91649433466743,848,478,100.39618444700199,118.84782242479343,132.75708569404628,151.94676631295897,69.7458985742655,71.56356157326546,20.344855357380563
person_14.mp4,front,58,968,59.91649433466743,848,478,94.97786268341797,115.3072464879286,127.5931403925212,149.05158067650322,69.26310203837255,70.92437912455307,20.199306896801097
person_14.mp4,front,59,985,59.91649433466743,848,478,89.52713533987068,110.52912263349108,123.16571114921632,145.0038773973738,69.7403802466355,70.75344445070343,19.002296455931116
person_14.mp4,front,60,1001,59.91649433466743,848,478,87.47216471154225,107.4847273914087,122.35176618487313,142.93287398062103,69.47604849345632,70.55057640255227,18.15993226042106
person_14.mp4,front,61,1018,59.91649433466743,848,478,83.43765232502236,103.3321865722999,120.26861271792751,140.03540508349025,68.0663540472475,69.68687883077548,17.896641246132614
person_14.mp4,front,62,1035,59.91649433466743,848,478,79.78857721159007,98.33594759065767,118.62790878271208,136.38932433113374,67.20755115633305,69.30906793017056,17.54176607804117
person_14.mp4,front,63,1051,59.91649433466743,848,478,72.78030105167876,90.7163455164691,112.93107401012605,130.42167449823702,65.1510054026088,66.88177081577486,17.80741354658311
person_14.mp4,front,64,1068,59.91649433466743,848,478,71.94247857056358,82.65224984301771,111.6408592568208,121.8442079467467,64.9570199062991,65.99545839518291,18.453726592919892
person_14.mp4,front,65,1085,59.91649433466743,848,478,67.86210643577898,76.1042941763979,108.47509005759879,115.79095521589436,64.21850657984847,65.41934739166591,18.590949076527963
person_14.mp4,front,66,1102,59.91649433466743,848,478,66.01957771645856,72.53043296851081,105.74048188589354,112.96609896205634,64.27350528702215,65.47922219409857,18.334246359907944
person_14.mp4,front,67,1118,59.91649433466743,848,478,64.89830328375523,70.72917282597129,105.79948168224193,112.0813481445969,63.98645238985852,65.22936292531406,18.294868224134458
person_14.mp4,front,68,1135,59.91649433466743,848,478,64.54467246213282,72.92537261843042,105.81983316241252,115.26671881716965,64.18830198233772,65.54823748754346,17.84429226816637
person_14.mp4,front,69,1152,59.91649433466743,848,478,62.044060250392434,69.9601969236844,105.70122715310919,115.40303735567414,63.249589292160216,64.8513678359999,16.431917598343645
person_14.mp4,front,70,1168,59.91649433466743,848,478,60.818574033897505,69.06452820931437,104.4601794713587,114.80585434150102,63.261383231154426,64.91793528701778,16.349327171060473
person_14.mp4,front,71,1185,59.91649433466743,848,478,58.0620254094145,61.303598098296625,102.54499804185221,108.29297016754633,62.56383018236103,63.98828996762329,16.28621308194616
person_14.mp4,front,72,1202,59.91649433466743,848,478,57.81227187304015,60.964090511250845,103.04190460929327,108.41113119856351,63.70445766857875,64.78364077135583,15.665130372734993
person_14.mp4,front,73,1218,59.91649433466743,848,478,56.920066385361054,58.76892628812272,102.84526590231879,107.2272062058227,63.49322093898151,64.28514804699678,15.415643027087524
person_14.mp4,front,74,1235,59.91649433466743,848,478,57.369523977928054,59.08717069426675,104.16089732482892,108.53280522735224,64.78798877632768,65.16639574224472,13.631868045239163
person_14.mp4,front,75,1252,59.91649433466743,848,478,55.481482708770855,55.95145818321726,103.53752416853735,107.29721716917176,63.793282047212564,63.39062879853508,12.986797972742371
person_14.mp4,front,76,1268,59.91649433466743,848,478,53.81766165106708,53.77021246040934,102.74982713031271,106.0125818170969,62.916451516642816,62.22692360230433,12.960226819551087
person_14.mp4,front,77,1285,59.91649433466743,848,478,51.422797220915854,50.973794157437396,100.67442382292676,103.45806283407687,61.72897043609644,60.0208663477009,13.456655234109748
person_14.mp4,front,78,1302,59.91649433466743,848,478,50.94494160703134,50.080039523061046,99.43345852513922,101.83004935022655,62.056619858546235,59.785813608225425,13.942714943469591
person_14.mp4,front,79,1319,59.91649433466743,848,478,51.74443943236589,51.16026180150637,100.49373049877161,103.06164084232033,63.037669322984584,60.92958919719597,13.2191762338414
person_14.mp4,front,80,1335,59.91649433466743,848,478,50.85116812278573,49.98287891864668,102.55354569513689,104.36477725945619,62.70160284167802,61.34414583078314,10.869908007450992
person_14.mp4,front,81,1352,59.91649433466743,848,478,50.26360011395077,49.32108646744552,102.45010915796176,104.44040757995826,63.17987096268002,61.55281530008378,10.20711876520164
person_14.mp4,front,82,1369,59.91649433466743,848,478,49.59343228629333,49.37421660065799,104.07882198817029,106.71686618268645,62.40199070987944,62.245073231248504,8.40977814917475
person_14.mp4,front,83,1385,59.91649433466743,848,478,47.14242188220754,46.679596015385634,101.04851310817392,102.98427558019073,61.2534411281088,61.406511452462354,10.27430650156
person_14.mp4,front,84,1402,59.91649433466743,848,478,47.11095951675463,46.46849379911442,100.97115230096192,102.80610622391079,64.03365765328462,62.65398189064493,10.235116851806062
person_14.mp4,front,85,1419,59.91649433466743,848,478,46.49485021195387,45.43211170477303,101.57326197277199,102.4975331281607,65.11645364234963,63.882022641650245,9.316167858040988
person_14.mp4,front,86,1435,59.91649433466743,848,478,45.671872557171454,44.17633727201248,100.74973049531269,101.45407034574477,65.35923872379891,64.04631082894478,9.333749746409588
person_14.mp4,front,87,1452,59.91649433466743,848,478,45.16865227891273,42.385865015607486,99.20097663460642,99.54097327001634,67.76281236912648,64.101587681796,10.324209446531444
person_14.mp4,front,88,1469,59.91649433466743,848,478,43.451754719553364,40.59772339487615,97.4519160773882,97.69029612477028,66.55753731829812,63.87918817702608,11.04289332480612
person_14.mp4,front,89,1485,59.91649433466743,848,478,42.646100388489835,40.38017717986436,96.99101631143888,97.92474271923308,66.03349160958246,64.11830610809865,10.740381598578459
person_14.mp4,front,90,1502,59.91649433466743,848,478,42.48101287401033,40.41627015031204,99.07135328642516,100.31731657312092,66.76275411030394,64.89018543464181,8.16077010022488
person_14.mp4,front,91,1519,59.91649433466743,848,478,42.47275536308849,40.856507433189634,100.75634580626546,101.87223474062742,67.45146371244658,66.14924865354895,6.319894817435312
person_14.mp4,front,92,1535,59.91649433466743,848,478,42.20928297728658,40.80380626615617,100.88873861247522,102.35893998299548,67.92908716180587,66.70555245529721,5.60805946680371
person_14.mp4,front,93,1552,59.91649433466743,848,478,41.8912859582214,39.87543538331717,98.65981205150581,99.92606004659372,68.69762284377316,66.43375385016851,7.265917173068515
person_14.mp4,front,94,1569,59.91649433466743,848,478,41.13090207897338,39.477189952384286,97.2029535926358,98.30412551800445,69.83049829331023,66.8216880588407,8.093154446593813
person_14.mp4,front,95,1586,59.91649433466743,848,478,40.47691773607397,39.18943319807472,94.07824244745228,96.1922591563766,70.50042387846496,67.85903737573321,9.999442034259232
person_14.mp4,front,96,1602,59.91649433466743,848,478,40.10983508378837,38.80796596909773,93.51531781277913,95.55311028484573,71.11823477078543,66.11619802656973,10.258687434318976
person_14.mp4,front,97,1619,59.91649433466743,848,478,39.59813776096092,38.37943063371106,92.88216224022321,94.9484975257313,71.45860872688402,67.14145816816597,10.303139448373502
person_14.mp4,front,98,1636,59.91649433466743,848,478,39.085763179951215,38.271101254767444,91.64525485590308,93.94411262576203,71.52919053467188,68.234514749566,10.834681012072831
person_14.mp4,front,99,1652,59.91649433466743,848,478,38.83182886477177,38.06855476316421,91.15802067252048,93.63099996890057,71.88320912388275,68.70611936189945,10.936760649416618
person_14.mp4,front,100,1669,59.91649433466743,848,478,38.6583661694438,37.532935098810604,89.54317743590643,91.62162817856394,73.45071530267937,68.7012774884019,12.38247694019722
person_14.mp4,front,101,1686,59.91649433466743,848,478,38.47627081121752,37.236215451194475,88.40155483039969,90.62931235071089,73.31454092719868,68.68973324206023,13.225151826653514
person_14.mp4,front,102,1702,59.91649433466743,848,478,38.28213972490048,37.05014728658261,84.85179542536396,86.98061703344807,73.17692615421869,68.97842001220513,16.593693924084523
person_14.mp4,front,103,1719,59.91649433466743,848,478,38.11808193839173,36.87911851365175,84.03353819598138,86.1439709167003,73.47087447674377,69.69110967197494,17.11634801088248
person_14.mp4,front,104,1736,59.91649433466743,848,478,38.20499255107011,36.97353740611797,83.7337011335783,86.00901796253261,74.4821209522292,69.75401409853993,17.139456814227707
person_14.mp4,front,105,1752,59.91649433466743,848,478,38.41840360794276,36.60935943449954,84.25277308054739,86.0424533743292,75.29025392298739,70.04487750277113,16.700272094510424
person_14.mp4,front,106,1769,59.91649433466743,848,478,38.11463848806019,36.81546573935,83.91021885752376,85.99005523448113,74.73478773249069,69.7065270364795,16.742658780194944
person_14.mp4,front,107,1786,59.91649433466743,848,478,37.8613142822223,36.75223128682267,82.12677424512614,84.27313894456078,74.52355890200336,69.42142576118472,18.469043847557504
person_14.mp4,front,108,1803,59.91649433466743,848,478,37.5919192641281,36.76722776445437,82.05885510321343,84.48165046847889,74.18326483500682,69.2631760228041,18.383569910080567
person_14.mp4,front,109,1819,59.91649433466743,848,478,37.646908469315015,37.085356287003684,83.09787157146722,85.94851501395107,73.98669435843149,69.02587983139185,17.159988315550137
person_14.mp4,front,110,1836,59.91649433466743,848,478,38.00028775528428,37.1172782261883,84.78391014150817,88.16408206116829,73.38348235534033,68.84104447065955,15.348223552289777
person_14.mp4,front,111,1853,59.91649433466743,848,478,38.114955914345174,37.2907456742139,86.48855043506819,89.33894743557585,73.02712209068962,68.72601074861093,14.053590539209258
person_14.mp4,front,112,1869,59.91649433466743,848,478,38.115927176373624,37.497084441065525,85.27136352839555,87.88215186376807,72.4965155486523,67.05935047738853,15.515306771596466
person_14.mp4,front,113,1886,59.91649433466743,848,478,38.35113551815942,37.02998849531243,92.76276589957158,95.29008199287597,72.2942938767211,69.04840473859839,8.249417217053535
person_14.mp4,front,114,1903,59.91649433466743,848,478,38.0121220477018,36.61147239231455,92.50312240828174,94.89792226066491,71.31289773124811,68.2282792808174,8.817096487216737
person_14.mp4,front,115,1919,59.91649433466743,848,478,38.11809054609242,36.56076033565598,92.51292818948018,94.95980565280706,71.18190536299792,68.75227507264995,9.407166243560567
person_14.mp4,front,116,1936,59.91649433466743,848,478,38.40529494126905,36.922970236672015,92.40942838033659,95.38037701320052,70.06852981379127,67.53129383145179,9.921494999602732
person_14.mp4,front,117,1953,59.91649433466743,848,478,39.44937843837306,38.10117560179732,93.35693428378744,95.90510844254433,69.6167147486774,66.99667980373005,10.41842813767165
person_14.mp4,front,118,1969,59.91649433466743,848,478,40.27598630882779,38.91535583139956,94.61742432837568,96.81907122192142,69.28761958849883,66.99785879374816,10.189414629315516
person_14.mp4,front,119,1986,59.91649433466743,848,478,41.489153969952405,39.480175801678065,96.50469256397143,98.60450812027854,69.19104971904888,66.98294653054485,9.609264496295458
person_14.mp4,front,120,2003,59.91649433466743,848,478,42.63145913475516,40.21288956992892,99.02041347772871,100.9013491710514,68.83585065177834,66.72590727416669,8.16035834865516
person_14.mp4,front,121,2019,59.91649433466743,848,478,43.88000498295611,40.98607369033971,100.22784489591946,102.0784604370344,68.32128772830514,66.87698668731639,8.16452233358776
person_14.mp4,front,122,2036,59.91649433466743,848,478,44.712398738215974,42.08122417897976,101.71028926279187,103.50947908651949,67.55944190703266,66.59429550087789,7.8876798500002705
person_14.mp4,front,123,2053,59.91649433466743,848,478,45.69806518586877,43.01900157103607,103.1653497279461,105.2367503475818,67.40532956663954,66.18554729038716,7.463161835195407
person_14.mp4,front,124,2070,59.91649433466743,848,478,46.72527746714087,44.11930989878709,108.78683191797016,110.65571111530276,67.3747193991173,66.48325588606617,3.3400676756092054
person_14.mp4,front,125,2086,59.91649433466743,848,478,47.53684995935941,45.39132642221472,111.63164162406918,113.06440478021382,67.0885991640885,66.25691099177635,2.4350825589635066
person_14.mp4,front,126,2103,59.91649433466743,848,478,48.49048510833617,46.422028732277326,110.50699120524455,111.94100131874332,66.81243010672492,67.17040870908575,3.620620351796512
person_14.mp4,front,127,2120,59.91649433466743,848,478,48.93279137053149,46.9569266892687,110.59146107664462,112.18472905178125,65.19075811980932,65.65942714142007,4.156172224931622
person_14.mp4,front,128,2136,59.91649433466743,848,478,50.80931405366263,48.99268588598416,113.65235264990108,114.54555724053921,64.99373425161438,65.08164438032352,3.1767189629379926
person_14.mp4,front,129,2153,59.91649433466743,848,478,52.86663256653812,51.019976396631414,114.33919708037638,115.21302061835824,64.02288581174024,63.99356387101795,4.293183117535152
person_14.mp4,front,130,2170,59.91649433466743,848,478,53.202429431411545,52.38918392645797,114.26122281254452,116.24158433738637,64.73859495490665,63.672331836666906,4.436834764821684
person_14.mp4,front,131,2186,59.91649433466743,848,478,53.44061068244632,52.19951468159226,115.88109889985992,117.09450277708784,64.52536788551943,63.64221865941471,3.501141886411558
person_14.mp4,front,132,2203,59.91649433466743,848,478,53.63732251685903,51.42235934923946,115.3870506332733,115.80757813499179,64.98534849588751,63.883868991107846,4.02806872806337
person_14.mp4,front,133,2220,59.91649433466743,848,478,54.233015644624366,51.91488151104398,115.42165606896918,115.1628101266569,63.29421844976901,64.31361431064548,4.6666108860556506
person_14.mp4,front,134,2236,59.91649433466743,848,478,55.62215236639968,53.28152114619441,110.80867249299331,111.5379893528412,62.78522135976929,62.1505674037443,9.799416620690112
person_14.mp4,front,135,2253,59.91649433466743,848,478,56.60886415420948,56.41095775876031,107.44260111792559,110.02777645672589,63.03410204986197,61.81135001505302,14.316757337803265
person_14.mp4,front,136,2270,59.91649433466743,848,478,60.446914343164565,63.358966450940024,109.88651366275546,114.77551505953868,60.99822882057397,62.43739626039273,16.560870880670844
person_14.mp4,front,137,2287,59.91649433466743,848,478,64.24313385043457,69.42739631379634,110.57970940625438,117.93393053796608,61.50036173198907,63.13769814063056,19.02815673954716
person_14.mp4,front,138,2303,59.91649433466743,848,478,64.81616703260683,75.33020297060146,111.07700388230205,123.06804259250673,61.7069068251272,63.693155787896714,19.495873618365874
person_14.mp4,front,139,2320,59.91649433466743,848,478,71.24841024883814,80.70429154092989,114.645512583926,124.9510355843048,61.74422335834723,63.68996236162868,23.174588629446532
person_14.mp4,front,140,2337,59.91649433466743,848,478,76.7244632219852,86.81444885255415,119.14328315699991,130.2476804655107,61.51827881523261,62.71107188994063,22.913826517222585
person_14.mp4,front,141,2353,59.91649433466743,848,478,86.82704256096775,94.63472704720076,129.1023759327629,137.0830339314396,61.26086760738975,61.94107199549881,22.376901588458256
person_14.mp4,front,142,2370,59.91649433466743,848,478,95.87411453658184,97.78467394741953,136.5051163684722,138.30589409216697,63.07523853279934,63.47978229730886,23.63295500466495
person_14.mp4,front,143,2387,59.91649433466743,848,478,87.09780672520615,101.65230557637065,130.3285531219515,145.80254281132778,62.94093912904533,62.411980092189395,19.934236455886875
person_14.mp4,front,144,2403,59.91649433466743,848,478,99.09964437212359,107.27205665418394,142.32786381358727,148.9010192532104,62.380912805905055,62.477655877865885,21.25266399154581
person_14.mp4,front,145,2420,59.91649433466743,848,478,101.79664681492743,110.94144697413313,143.87064386737518,150.63725314047028,63.801377912965755,64.01102519576597,21.540819478630038
person_14.mp4,front,146,2437,59.91649433466743,848,478,112.6203223904572,119.88489764403248,153.87111429889896,157.3582725918809,65.2008347933539,65.95469630895884,21.447668197495105
person_14.mp4,front,147,2453,59.91649433466743,848,478,121.2177132542039,125.1111737163249,160.11224838382395,158.01903599823495,67.87393681830599,69.11025698424926,21.924186321473144
person_14.mp4,front,148,2470,59.91649433466743,848,478,126.53414207498288,129.68446978947685,164.10031359642718,161.41540951875442,69.15288653210905,70.67505093686185,20.839888414350373
person_14.mp4,front,149,2487,59.91649433466743,848,478,130.7204565495457,135.79143312420345,166.54846091084,165.58685855121627,70.49844391460532,71.90223992747708,20.027657501470994
person_14.mp4,front,150,2503,59.91649433466743,848,478,133.5737847535923,137.94084101247307,167.9963512704877,166.98486578415302,71.69266429508752,72.91537204263027,19.3349130662391
person_14.mp4,front,151,2520,59.91649433466743,848,478,136.71757144473048,139.68002951356192,170.1016180015865,167.56218488229686,72.1137093989037,73.94366788286285,18.874409500737354
person_14.mp4,front,152,2537,59.91649433466743,848,478,140.91752696585056,144.48995253166365,170.6898093816592,169.1788648711107,74.66694438687202,76.44618962915042,18.836465828311393
person_14.mp4,front,153,2554,59.91649433466743,848,478,145.51574625005128,143.9008745034906,171.29182407003987,167.87607399377163,74.48753922610575,77.56539689955952,19.44776946775783
person_14.mp4,front,154,2570,59.91649433466743,848,478,145.25456943642212,144.19373237996865,171.47114430564028,167.91305349580486,74.9873237425771,78.89017616528005,19.067580014799187
person_14.mp4,front,155,2587,59.91649433466743,848,478,145.33424547886878,141.98851966480987,171.72094377909696,166.18666764103372,74.45856676905872,78.88100843284607,19.455171282166912
person_14.mp4,front,156,2604,59.91649433466743,848,478,148.44070556051338,145.186109286851,172.13096738162426,167.41841608646823,76.13841810476204,79.01538240119699,20.803868815088087
person_14.mp4,front,157,2620,59.91649433466743,848,478,149.49484901214674,148.6517953827394,172.34875292269345,170.2949726485904,77.23636215705389,78.87539380781939,20.796203588128037
person_14.mp4,front,158,2637,59.91649433466743,848,478,147.01628204706208,146.67512561561918,172.22391997568275,170.04185712422102,76.10018835458536,77.80537227648438,20.549645969081514
person_14.mp4,front,159,2654,59.91649433466743,848,478,147.82131435470484,145.79182860274963,172.26601082801218,169.77368466247393,77.67190394070703,79.13262976560003,20.123833973405226
person_14.mp4,front,160,2670,59.91649433466743,848,478,148.2202434661817,145.67552724460427,172.38139176938483,169.9447297280363,77.45256136613834,78.52106065666065,20.082972412480167
person_14.mp4,front,161,2687,59.91649433466743,848,478,146.61976904828038,145.9939964277701,171.89952537304467,170.69295143065364,76.85748275243016,77.06352988952548,20.273953632441078
person_14.mp4,front,162,2704,59.91649433466743,848,478,147.23572581095362,145.48533399976833,171.92863976837234,170.43421415536602,77.56107173983358,77.40654936180994,20.245444265777767
person_14.mp4,front,163,2720,59.91649433466743,848,478,147.48631251369943,145.48004375147832,171.92716085625125,171.14303447469723,77.70846883876435,75.89249732907126,20.425555677427546
person_14.mp4,front,164,2737,59.91649433466743,848,478,147.4936850497932,145.5459858818275,171.9970348388223,171.17198138001103,77.3065743738534,76.01771304209743,20.475474325088314
person_14.mp4,front,165,2754,59.91649433466743,848,478,148.7845233419417,143.70904296745633,172.36493698682838,170.3035621097505,77.84479151566019,74.57690343984886,20.32598782894003
person_14.mp4,front,166,2771,59.91649433466743,848,478,148.38589430353426,144.458663984288,172.34114328864595,170.49762400507123,77.25869131810371,75.50477317018691,20.504704027627238
person_14.mp4,front,167,2787,59.91649433466743,848,478,151.46354942074916,145.96164034940668,172.87206134453237,169.6240560499021,78.27910307078972,77.76827751896091,20.55963855340494
person_14.mp4,front,168,2804,59.91649433466743,848,478,151.1002853186787,146.63524283286594,172.82566419413223,169.18917911992477,78.5481797015573,79.1427265834095,20.49369532473478
person_14.mp4,front,169,2821,59.91649433466743,848,478,153.29423941701705,147.19496992018836,173.01527193930136,169.39295075108828,79.39421046590279,79.71707315071012,20.641637689989977
person_14.mp4,front,170,2837,59.91649433466743,848,478,153.52525477665796,147.019158082002,173.0388782456988,169.21960216577838,79.34418876505777,79.83829567261513,20.7452149985339
person_14.mp4,front,171,2854,59.91649433466743,848,478,153.14065600094526,147.26297790052627,173.0236288182132,169.48923122747001,79.3012611321515,79.93911858131924,20.77574621508348
person_14.mp4,front,172,2871,59.91649433466743,848,478,154.170559640238,148.41402515585847,173.09782308766992,170.14822610912344,79.39267270314097,80.48570744695478,21.037955112971634
person_14.mp4,front,173,2887,59.91649433466743,848,478,153.86167224665257,148.0755173982126,173.09801299969305,169.78563803092885,78.98112199808232,80.37657310826616,21.167404459002938
person_14.mp4,front,174,2904,59.91649433466743,848,478,152.91247668722997,147.56703689028384,173.0427362375786,169.56156045261,78.50884697781173,80.14878755954777,21.14670120992202
person_14.mp4,front,175,2921,59.91649433466743,848,478,152.77401783831533,147.02450220071154,173.03456520021317,169.40706473856673,78.03018726072648,79.88587623965056,21.101437321856388
person_14.mp4,front,176,2937,59.91649433466743,848,478,153.90832719885952,147.72937475532075,173.0244190063745,169.24907198399396,78.62627957376817,80.55784929322908,21.107951199292234
person_14.mp4,front,177,2954,59.91649433466743,848,478,153.3143069445963,147.7451704181733,173.0215116397183,169.2250261926672,77.74554515656614,80.7455320445103,21.384470410652824
person_14.mp4,front,178,2971,59.91649433466743,848,478,153.59701043150224,147.80787304949632,173.03260197467367,169.15654977687666,78.34342765710605,80.68454350160933,21.293205600383892
person_14.mp4,front,179,2987,59.91649433466743,848,478,154.27726832587348,148.37602839989702,173.0192224666842,169.57595342467144,78.7114584178272,80.94838037019824,21.269561720692383
person_14.mp4,front,180,3004,59.91649433466743,848,478,154.3430195389006,149.8323107033632,173.01984029923642,170.36205713210134,78.30738568331803,81.34295436287196,21.195427767747237
person_14.mp4,front,181,3021,59.91649433466743,848,478,154.19299124099737,149.40922762721593,173.05320080013334,170.35879009261527,78.32844484066554,81.30072482470565,21.003614697401805
person_14.mp4,front,182,3038,59.91649433466743,848,478,154.4251458596205,149.27561838707368,173.02355536123497,170.3849888253802,78.48724742869709,81.26385722550032,20.97221923343374
person_14.mp4,front,183,3054,59.91649433466743,848,478,154.90900782002655,149.45060680791113,172.95968659026852,170.56538813419704,79.4097440680949,81.62686296632252,20.401748046569725
person_14.mp4,front,184,3071,59.91649433466743,848,478,154.7244008282407,149.17167642470122,172.9558097294683,170.71400342405957,79.36815399831517,81.32774889963,20.44292752846724
person_14.mp4,front,185,3088,59.91649433466743,848,478,155.10727235321073,149.13632286704475,172.89952026608498,170.8046214010932,79.92115220618132,81.24401095255683,20.010238197882614
person_14.mp4,front,186,3104,59.91649433466743,848,478,154.76290919392878,148.67822213501145,172.9070962322059,170.87906408810525,79.79083486656778,80.90127738928196,19.920756461247667
person_14.mp4,front,187,3121,59.91649433466743,848,478,154.7190291631557,148.63713595577735,172.87905401206308,170.90114134709097,79.81373636825079,80.87739513047099,19.80002391251731
person_14.mp4,front,188,3138,59.91649433466743,848,478,154.77172456982456,148.73875003057634,172.88372408348255,170.95381315252774,79.80889847948998,81.01426345829805,19.815299225093362
person_14.mp4,front,189,3154,59.91649433466743,848,478,154.30889116396096,148.7350780436211,172.80439378419948,171.00875785152292,79.89364685497219,81.13608803545954,19.65427943148899
person_14.mp4,front,190,3171,59.91649433466743,848,478,155.6844570248541,149.82421373714067,172.53221329903633,170.6520277807558,80.1672879761624,82.37504753409772,19.610313358514578
person_14.mp4,front,191,3188,59.91649433466743,848,478,155.3666861749675,149.51183069267725,172.51974585905614,170.603866394859,79.98941992283154,82.32102314554058,19.495208504214975
person_14.mp4,front,192,3204,59.91649433466743,848,478,154.99642262727858,149.21627146347998,172.47677434182756,170.52768351749475,79.69714815562686,82.19897584356978,19.347419039215175
person_14.mp4,front,193,3221,59.91649433466743,848,478,154.4750211293761,148.8313343568648,172.36508487200163,170.48146084437124,79.40196090046855,81.97913083679306,19.197978977588082
person_14.mp4,front,194,3238,59.91649433466743,848,478,151.85937760044163,147.47236801176086,172.8074892429584,170.56424287575948,78.21927737930227,81.17523804721928,19.124580277701927
person_14.mp4,front,195,3255,59.91649433466743,848,478,151.57845123735513,147.2738668795272,172.78092446659835,170.48323865541164,78.11866122460903,81.13112385853434,19.05134783100881
person_14.mp4,front,196,3271,59.91649433466743,848,478,149.5731706618074,146.58334344602878,172.77769544890066,170.7530511943272,77.17780542886123,80.68165293059083,18.876850564033212
person_14.mp4,front,197,3288,59.91649433466743,848,478,146.74560067520486,145.26922801383526,172.51773068237404,170.57011198020552,75.91615988038478,79.33448321929852,18.652883486857203
person_14.mp4,front,198,3305,59.91649433466743,848,478,139.71686036668063,143.1238064013047,170.6394572268163,170.26706545074472,73.5904209687589,77.9256243552787,18.497361431736202
person_14.mp4,front,199,3321,59.91649433466743,848,478,136.8940035213949,141.94124913541805,169.26318646943434,169.92777927393112,72.93874994356473,77.06590903869083,18.532024947110433
person_14.mp4,front,200,3338,59.91649433466743,848,478,136.12518198572394,140.81671930532985,168.31529776935574,169.2390845063359,73.58320274648324,76.93133156484176,18.41259494039341
person_14.mp4,front,201,3355,59.91649433466743,848,478,130.20583657363247,135.33903985784906,166.49630106559468,167.71886023293504,71.34811328737435,74.97483614714368,16.814429557736073
person_14.mp4,front,202,3371,59.91649433466743,848,478,129.58979585568636,133.69934335810433,166.29396388919412,166.9111344592267,71.21517164516453,74.37174655919398,16.744629198689214
person_14.mp4,front,203,3388,59.91649433466743,848,478,122.48080139816874,129.80857635250095,161.10019788967043,165.1302109714739,69.79279184329745,73.1244886978323,17.126940616324895
person_14.mp4,front,204,3405,59.91649433466743,848,478,121.30556147419479,126.0992177884386,160.8882637789574,163.84458924110115,69.96140266514588,71.11506541648018,17.330425046562496
person_14.mp4,front,205,3421,59.91649433466743,848,478,117.69791755553322,124.59541233185736,158.09149957190917,162.46328059420966,68.75749447051336,70.84190791691438,17.79816292619986
person_14.mp4,front,206,3438,59.91649433466743,848,478,117.2943278949793,121.69264140808005,157.31856821346548,160.54603685057225,68.89231208134233,69.43037056340113,18.986411063445434
person_14.mp4,front,207,3455,59.91649433466743,848,478,115.35750547138393,120.69078305209453,155.45187717370857,159.8530746601847,67.87122324442694,68.9266245680544,19.95479395993171
person_14.mp4,front,208,3471,59.91649433466743,848,478,118.47976657721497,119.96758000437295,157.46346628227016,159.48086024166068,67.90253697973363,67.90094866555226,20.792936403636038
person_14.mp4,front,209,3488,59.91649433466743,848,478,116.90123582198069,119.98149857204264,155.73505860451127,158.81950090190955,66.63336568539589,67.74338704227877,21.71644490304626
person_14.mp4,front,210,3505,59.91649433466743,848,478,113.80094084828696,119.7576244806095,152.5145645433293,158.08873647646584,65.60732335735968,67.69072050905658,22.545311167544817
person_14.mp4,front,211,3522,59.91649433466743,848,478,109.3445697999511,117.6413730888459,147.83222458431865,156.2999822272823,65.06033043236975,67.97839698355288,22.67839186092379
person_14.mp4,front,212,3538,59.91649433466743,848,478,99.05084073588154,109.87829508315805,137.69294038160518,150.63955312970245,64.38245322683146,64.05244106221046,22.661919548956654
person_14.mp4,front,213,3555,59.91649433466743,848,478,96.50291191999372,104.99830072676029,135.25254040247955,145.0282676225247,64.66907854637049,67.53379574003247,22.769333149810176
person_14.mp4,front,214,3572,59.91649433466743,848,478,94.1643498782138,99.39309724112641,133.76786547056543,140.2253257762123,64.47282193879165,68.23190512662913,23.050904434193466
person_14.mp4,front,215,3588,59.91649433466743,848,478,81.08344613971381,93.98395909199895,120.42688806590043,135.5607556284568,64.30263004845786,70.10213598412263,22.81668293188159
person_14.mp4,front,216,3605,59.91649433466743,848,478,81.21520880541682,85.78977960731319,122.33456987815806,128.38772514828858,65.11404614112871,72.40860409050683,22.51818430387821
person_14.mp4,front,217,3622,59.91649433466743,848,478,72.49692641121892,79.82446181068667,114.09889889201908,122.89988057622998,64.15139528582539,69.89441606990593,22.37608590935406
person_14.mp4,front,218,3638,59.91649433466743,848,478,69.14715037817344,73.6459742580172,111.02456419870141,116.91216977258931,65.2318914741976,70.16636778577696,21.678987647484753
person_14.mp4,front,219,3655,59.91649433466743,848,478,66.22493596468516,71.19886043668048,108.9218542013518,115.1004272772874,65.07371073714884,69.35617389702531,20.939333861265784
person_14.mp4,front,220,3672,59.91649433466743,848,478,63.763968483082586,68.01265494915553,107.55502774169716,114.24326651157281,64.47318437910515,68.63776810784545,19.72800591091149
person_14.mp4,front,221,3688,59.91649433466743,848,478,60.02386918572166,61.88654402466033,105.63902147385593,109.61242537564584,63.65938972214389,67.72988188455737,19.054862150500085
person_14.mp4,front,222,3705,59.91649433466743,848,478,57.59843253597864,60.50348751593574,104.47781629149239,109.65088691668065,63.55400272703025,67.61028291235594,17.977872500526942
person_14.mp4,front,223,3722,59.91649433466743,848,478,56.201672714771256,57.457888819930005,104.06885854845987,107.27242511277635,63.76003991783702,67.19239527130925,17.167129889943052
person_14.mp4,front,224,3739,59.91649433466743,848,478,54.75538015942661,57.486592639483376,103.2780327743904,108.19537143107803,64.80813049682511,68.09394865234592,16.35853028388687
person_14.mp4,front,225,3755,59.91649433466743,848,478,54.3345180495157,56.44143030226074,103.42503129096157,108.32837185726731,65.21829869919885,68.43623602260334,15.519696264329816
person_14.mp4,front,226,3772,59.91649433466743,848,478,53.95627825317842,55.36112413548788,103.48298794195043,108.23884272719351,66.61557446488818,69.13086035437189,14.449791334117531
person_14.mp4,front,227,3789,59.91649433466743,848,478,53.07803429443542,53.848426201563264,104.21000180186687,108.52690851779226,67.38867385780188,69.90132850925383,13.15120827710015
person_14.mp4,front,228,3805,59.91649433466743,848,478,51.45391958070791,51.28397877513556,103.27421487115745,106.60498916480186,66.4719610740729,68.12309061230292,12.508544451244667
person_14.mp4,front,229,3822,59.91649433466743,848,478,50.18822283410345,50.14456030293126,103.03928229805318,106.17017406254355,65.96551753658086,67.30188287915108,11.554170855654718
person_14.mp4,front,230,3839,59.91649433466743,848,478,48.75399158157163,47.49678173363279,102.63137443638996,104.5443731473469,66.17083946996244,67.40620286133243,11.29725223909813
person_14.mp4,front,231,3855,59.91649433466743,848,478,48.0020418642719,46.69869129911819,102.38486500994577,103.90247864143603,67.10823446204104,67.12920507008677,10.797666394764729
person_14.mp4,front,232,3872,59.91649433466743,848,478,47.1985763927978,45.08973117158453,102.58316216250331,103.39990976928264,68.13938626278276,67.7894885353648,10.151664245152908
person_14.mp4,front,233,3889,59.91649433466743,848,478,46.486219333807,44.535770613045834,103.46677107051298,104.14657185975602,67.84076079253592,67.36413553030575,8.940918779782681
person_14.mp4,front,234,3905,59.91649433466743,848,478,45.53924726328721,43.65632741241042,102.7513316048966,103.19624791568359,67.79322083011179,67.1594162675113,8.980208590344986
person_14.mp4,front,235,3922,59.91649433466743,848,478,45.0020526484855,43.22617575769772,103.21955382391772,103.29843202802607,67.8671295170615,68.39501836940785,8.150336382089236
person_14.mp4,front,236,3939,59.91649433466743,848,478,45.28809997452605,43.30369284486114,104.38637549482577,104.30638171890939,69.5484699497685,69.68239184551386,6.829262965999222
person_14.mp4,front,237,3956,59.91649433466743,848,478,44.862484286063136,42.42871154455548,104.56403183770726,104.07717511802164,70.57014918600564,70.99457344507458,6.332667153921508
person_14.mp4,front,238,3972,59.91649433466743,848,478,43.92421697985868,41.16953252053841,101.9654831173753,101.42777486170556,71.0788436763496,70.50573659088879,7.696906721668445
person_14.mp4,front,239,3989,59.91649433466743,848,478,42.958308019941825,41.207793709530954,101.87601092916003,101.96806034535813,71.77274356053286,70.45883451430738,6.714317957816497
person_14.mp4,front,240,4006,59.91649433466743,848,478,41.84249309894735,40.356731569789005,99.79360686481036,100.26527387689318,70.89662843473565,70.6409750878006,8.00075209587572
person_14.mp4,front,241,4022,59.91649433466743,848,478,41.11918742923515,39.73118554145903,98.60029963841806,98.69119837316218,69.89093990620854,70.07292384204689,8.587105972288727
person_14.mp4,front,242,4039,59.91649433466743,848,478,40.22067743402119,39.09354381753365,98.04501058292539,98.09960664848774,71.62515895158072,70.52729998887129,8.335293875207974
person_14.mp4,front,243,4056,59.91649433466743,848,478,39.2544659886984,37.97022565594225,97.15690645858817,97.17394300209487,73.08560735280784,70.84352889097869,8.17051647937439
person_14.mp4,front,244,4072,59.91649433466743,848,478,38.99206955494277,37.27015696227683,95.94514454566826,95.77629555295123,73.68207064386495,71.66769711922329,8.809075250651748
person_14.mp4,front,245,4089,59.91649433466743,848,478,39.02696885760929,37.59397009442635,100.63761758991247,99.59846591617526,75.08519560453762,74.2496937747131,4.16344765335894
person_14.mp4,front,246,4106,59.91649433466743,848,478,38.63190959637466,36.59106554356557,99.545636510844,98.35648759444614,76.31901129096441,75.30465464454973,4.4873347595948685
person_14.mp4,front,247,4122,59.91649433466743,848,478,38.42018457692699,36.37918927926804,97.54227367151168,96.4603547393366,77.40271640478993,75.16085662608269,5.668804342993372
person_14.mp4,front,248,4139,59.91649433466743,848,478,37.35369743298631,35.72700030696707,92.04742502304481,91.5340018151397,76.89918216190557,75.21494554228555,9.92315806995475
person_14.mp4,front,249,4156,59.91649433466743,848,478,36.907748394643164,35.28004550451032,91.24578466937959,90.7763267730764,77.5212954710009,75.76953996898301,9.981497829063052
person_14.mp4,front,250,4172,59.91649433466743,848,478,35.757283906520186,34.43804606112819,85.82803826948177,86.12678533032238,76.86587308264734,74.88371991421968,14.420341530544434
person_14.mp4,front,251,4189,59.91649433466743,848,478,35.51706530682457,34.12525454798104,83.74259961249993,83.95708909969913,77.36004040422927,75.42442202243626,16.108055184648777
person_14.mp4,front,252,4206,59.91649433466743,848,478,34.58360474184603,33.63610937620977,79.43181605913196,80.36390305700606,76.457887960715,74.92930434486108,19.756384219705538
person_14.mp4,front,253,4223,59.91649433466743,848,478,34.67729667342481,33.787525326755365,81.09517078201232,82.04970618848826,77.56279815452633,75.44311991358549,17.800190060194016
person_14.mp4,front,254,4239,59.91649433466743,848,478,34.671494767052046,33.98462427926761,82.1853309701515,83.15786540985329,76.82382737423153,75.47197855966692,16.73152938240472
person_14.mp4,front,255,4256,59.91649433466743,848,478,34.75744988799688,34.246842224800496,82.51751417344462,83.51655581026037,76.95403537151692,75.19343600606241,16.436567853415596
person_14.mp4,front,256,4273,59.91649433466743,848,478,34.710412171566745,34.30765356245672,83.02273887022332,83.91588201586012,76.87499025354468,73.94133496708704,16.03548587499854
person_14.mp4,front,257,4289,59.91649433466743,848,478,34.76655936799824,34.475498456647905,81.77675386959267,82.88740188087199,76.57251139069572,73.20631823321534,17.425636626159168
person_14.mp4,front,258,4306,59.91649433466743,848,478,34.52531049292318,34.906068752053606,82.69395814538879,84.11183751379934,80.4523929113279,77.9695466408564,16.915567628326265
person_14.mp4,front,259,4323,59.91649433466743,848,478,34.83396755723299,35.38121235984758,87.26653423948868,89.03289587180811,81.27705728841084,80.92137297650216,12.636700402134297
person_14.mp4,front,260,4339,59.91649433466743,848,478,35.05499540113114,35.11030618822464,90.77714408383022,92.81534323078998,80.28353772860035,80.17350302071286,9.322365323914454
person_14.mp4,front,261,4356,59.91649433466743,848,478,35.07305573213654,35.11192192472539,91.86405095681545,94.31061325361942,78.99864200295893,78.96390397742292,8.111209128749799
person_14.mp4,front,262,4373,59.91649433466743,848,478,35.41889057750578,35.080192232929505,94.1600894043608,96.98027982461723,77.71668829683557,76.22394902021546,6.197283988535795
person_14.mp4,front,263,4389,59.91649433466743,848,478,36.679131630489316,36.744319051637255,95.40226031978632,98.17438002662661,76.15316042145146,74.2218743777522,6.530125892018477
person_14.mp4,front,264,4406,59.91649433466743,848,478,38.66684511429669,38.56005731923709,97.50770996683836,100.27163483623104,74.9011226081935,72.76193025982836,6.332423170251031
person_14.mp4,front,265,4423,59.91649433466743,848,478,40.116610718488516,39.91598313512151,99.46629018850832,102.21432761752497,73.86732729285275,71.90455320791402,5.870722494465012
person_14.mp4,front,266,4440,59.91649433466743,848,478,41.27020085011254,40.86170693209824,100.70180379949196,103.35139986578032,72.20181227790617,71.05611768742173,6.531421379797887
person_14.mp4,front,267,4456,59.91649433466743,848,478,42.35329684470741,41.40846295777847,104.96645636619104,107.49803133838697,72.06995573175683,71.30205312697639,4.011290584783353
person_14.mp4,front,268,4473,59.91649433466743,848,478,43.880902966305094,42.29190463459229,109.35922230339453,111.18921217791882,72.37345504725019,72.00725169410462,2.4894547984131483
person_14.mp4,front,269,4490,59.91649433466743,848,478,45.15840574324835,43.63967472190168,113.21241564439681,114.66850735725241,71.13631276786047,70.52609003198725,2.857196859479641
person_14.mp4,front,270,4506,59.91649433466743,848,478,46.887119822469764,45.34340528760024,117.97197081967175,118.71732660070009,71.25570581019817,69.31105091408081,4.6714870287795165
person_14.mp4,front,271,4523,59.91649433466743,848,478,48.52128518488694,47.42268502596742,119.79995813989353,120.80290903754245,70.49437829290974,68.05183203471702,4.917473652407666
person_14.mp4,front,272,4540,59.91649433466743,848,478,49.12697777141387,48.26929612602015,118.76541648403682,119.82729814499338,69.92154724476819,68.43926504937939,3.188100821760809
person_14.mp4,front,273,4556,59.91649433466743,848,478,49.20392360495548,48.646123851554044,118.06384565354594,119.18418224996388,68.61865749356781,67.38763561702702,2.3591937133456327
person_14.mp4,front,274,4573,59.91649433466743,848,478,50.5088944741442,50.174639708562246,119.47221031327764,121.13465750738465,69.19800248071273,67.20126736933123,2.3917207999138843
person_14.mp4,front,275,4590,59.91649433466743,848,478,50.64492743024134,50.77553164879193,119.09415791689193,120.89731676708763,68.7030623061234,67.09782797108312,2.2478985888259344
person_14.mp4,front,276,4606,59.91649433466743,848,478,51.87369444383113,51.6151965572103,116.64807199675559,118.58363315269003,70.19240836206211,66.41607923324091,3.758477653319742
person_14.mp4,front,277,4623,59.91649433466743,848,478,52.023234324577295,50.59452348480968,113.41376126184099,115.01788123466493,63.88932197487401,67.53672020060452,6.198571415378756
person_14.mp4,front,278,4640,59.91649433466743,848,478,53.03933683646317,52.60174232034763,112.54128670875492,115.36113867096446,64.14659998390667,64.33666559718321,7.402423396718139
person_14.mp4,front,279,4656,59.91649433466743,848,478,55.51107220229283,57.029811234166615,112.20878798054686,116.88533664090504,62.12092092959825,64.00662289712125,9.77998619512881
person_14.mp4,front,280,4673,59.91649433466743,848,478,56.55374616102335,60.650796162584264,110.69188801237225,117.49327910033,63.364148473882274,62.928008723710924,11.941944869059625
person_14.mp4,front,281,4690,59.91649433466743,848,478,61.442293217664975,65.01006511577127,109.94247810283679,114.43354710714877,61.64679992314483,63.79375546956021,18.579079339606707
person_14.mp4,front,282,4707,59.91649433466743,848,478,63.64814324482732,69.59367042325242,109.96082233335724,115.69239553848873,62.855535996453376,64.84961810814919,20.443949446026707
person_14.mp4,front,283,4723,59.91649433466743,848,478,63.08347495403378,67.32728266136458,110.62428567978873,115.47584216196859,63.33329563007875,63.117061896383866,18.682897241931666
person_14.mp4,front,284,4740,59.91649433466743,848,478,66.04503943952946,75.35742353664556,113.5193539207203,122.33788856106032,60.570772548957805,62.81063313654211,18.96618696592047
person_14.mp4,front,285,4757,59.91649433466743,848,478,69.71129270185752,80.53397224556319,117.0114379470656,127.90951033259084,60.76864024097072,63.28446391659411,18.79430815343504
person_14.mp4,front,286,4773,59.91649433466743,848,478,85.6822719746847,93.35851359387115,128.13702495859124,135.96992531498776,61.424531596357575,64.08814237665872,21.93598130465385
person_14.mp4,front,287,4790,59.91649433466743,848,478,96.5364777437054,102.70678393957783,136.0140315433991,141.23013201649312,62.28469875528264,65.36578150053037,23.713620888814454
person_14.mp4,front,288,4807,59.91649433466743,848,478,98.93558084498251,105.95174333800189,138.93602087707023,144.49592235023093,62.91106203101842,65.17566013393845,23.121025478173816
person_14.mp4,front,289,4823,59.91649433466743,848,478,109.58469257020334,119.96196793339091,145.72110095446925,154.91902202903836,65.77857782491658,67.94969142024134,23.648699419850157
person_14.mp4,front,290,4840,59.91649433466743,848,478,121.96708861005352,130.97138499437852,157.30541723110917,163.7160614048854,67.79217778688121,68.70922509340326,22.852163843708837
person_14.mp4,front,291,4857,59.91649433466743,848,478,122.00687716786244,136.4534593413852,154.93238800351006,167.5374119000857,69.58462268765082,68.69867990093847,23.368238289061303
person_14.mp4,front,292,4873,59.91649433466743,848,478,124.99151321249256,140.6363807020592,154.65864437382822,169.99354898135044,72.16897980491122,69.46662950853626,22.961842823899946
person_14.mp4,front,293,4890,59.91649433466743,848,478,138.34156645003637,143.5169578950701,167.89028581244634,170.91520443336964,73.7078898532443,73.15150454206425,20.742281135986786
person_14.mp4,front,294,4907,59.91649433466743,848,478,146.15423663223717,149.44215850563828,170.0693869550785,171.6064519226581,76.59196188772563,74.84182147995966,20.80979920699488
person_14.mp4,front,295,4924,59.91649433466743,848,478,147.09520581549907,147.8616566019415,171.0402841737346,171.87479378977383,76.24751986002519,75.92425442070841,19.88740316505653
person_14.mp4,front,296,4940,59.91649433466743,848,478,147.0144676531292,146.9047422839373,171.27462411528234,171.57808318115806,76.15621285018901,75.66243505929592,20.592420944523298
person_14.mp4,front,297,4957,59.91649433466743,848,478,148.77261230765876,146.15831153295767,171.57561500655333,170.88105378194814,77.37599101380742,77.55035702241743,20.62125861153643
person_14.mp4,front,298,4974,59.91649433466743,848,478,149.51175735102075,145.05139501541015,171.6810767403969,170.18885106405403,77.33131260824791,79.04476296083206,20.53644891905572
person_14.mp4,front,299,4990,59.91649433466743,848,478,152.7558825312622,149.27910980576888,171.7027897371382,171.68183091653705,79.00495626030079,79.92019406138905,20.437839547711384
person_14.mp4,front,300,5007,59.91649433466743,848,478,149.87741525890934,148.83229885233987,172.07881379615355,172.24340081948523,77.02111120273396,75.69264572840885,21.90070678312274
person_14.mp4,front,301,5024,59.91649433466743,848,478,151.56969978038302,147.40383999335737,172.2191443309507,171.60929073779124,77.56066515196369,76.87963507266657,22.46478742465345
person_14.mp4,front,302,5040,59.91649433466743,848,478,153.90558589121707,147.77735841019333,172.30821678636178,171.52242386658094,79.02124728399204,79.21172826853136,22.078759809069993
person_14.mp4,front,303,5057,59.91649433466743,848,478,153.31898327492527,147.07317204786622,172.3781314391187,171.1268151457882,78.51355263161575,78.63183375223939,21.878473156453108
person_14.mp4,front,304,5074,59.91649433466743,848,478,155.1052172264838,147.17050786384593,172.24314972798385,171.11459367065237,79.1893922573741,77.16670619995155,21.56028007576525
person_14.mp4,front,305,5090,59.91649433466743,848,478,157.39853250090812,150.37615492336425,171.83473659446076,171.99329069925068,80.32807417553722,78.98626841828109,21.280509929345598
person_14.mp4,front,306,5107,59.91649433466743,848,478,157.83605318792735,149.67948749583474,171.79034955042485,171.5027424430614,80.49117644027099,79.20321159764447,21.1653056079309
person_14.mp4,front,307,5124,59.91649433466743,848,478,160.64253888496012,150.9019491368373,170.84608879901154,171.82319072905392,81.87186020139902,80.14391867833369,20.96509643450337
person_14.mp4,front,308,5140,59.91649433466743,848,478,158.63860419676834,150.35804927231925,171.6521843521235,171.55638146378143,81.02391889191756,80.3673462097587,20.921582017624825
person_14.mp4,front,309,5157,59.91649433466743,848,478,160.6556878180213,151.1667637997877,170.49547927964235,171.6457276146738,81.66085345077599,81.32054498029817,20.82624124788645
person_14.mp4,front,310,5174,59.91649433466743,848,478,158.51465031382347,149.94346081217574,171.85118209196014,171.09889731066443,80.80410121536354,80.97427689573817,21.113254436497257
person_14.mp4,front,311,5191,59.91649433466743,848,478,159.0946768557157,150.62615615188133,171.67493296168874,171.33854386395512,80.54947010242064,81.45333322216503,21.281152727221517
person_14.mp4,front,312,5207,59.91649433466743,848,478,158.24461428227423,151.21776840838373,172.04625922077156,171.58533759558773,79.82678616715886,81.24419320086095,21.493808904840282
person_14.mp4,front,313,5224,59.91649433466743,848,478,157.93457314955552,152.28226867137832,172.21042126582375,171.93158382739333,80.2675623666505,81.63182831156244,21.32855691256332
person_14.mp4,front,314,5241,59.91649433466743,848,478,158.08451350323503,152.34161564238602,172.51646289630028,172.24216855754318,80.14291079412199,80.8385275590559,21.627651104541332
person_14.mp4,front,315,5257,59.91649433466743,848,478,159.69369066723922,153.641282841225,172.08860112072134,172.47480420015,80.95554369676007,81.38223137535448,21.51711711108513
person_14.mp4,front,316,5274,59.91649433466743,848,478,159.33510246105783,153.1631461302037,172.24392135043945,172.60164493418003,80.73701257931984,80.61037246275122,21.469588803767586
person_14.mp4,front,317,5291,59.91649433466743,848,478,161.31433250088295,152.7164110728626,171.60199568801278,172.64076377863117,81.34281731284312,80.57477354902926,21.38295462640261
person_14.mp4,front,318,5307,59.91649433466743,848,478,161.09720283673636,152.69250352204895,171.68303297311206,172.7076142294694,81.34740626835669,80.44279188154943,21.31470005653201
person_14.mp4,front,319,5324,59.91649433466743,848,478,160.95362149287266,153.87451287510697,171.733910038609,172.78185966052627,81.30813969996825,80.8065910555091,21.289348392618443
person_14.mp4,front,320,5341,59.91649433466743,848,478,161.23117872303823,153.42926477114523,171.6579559831559,172.8152121686895,81.48364316607258,80.75797459133732,21.249916477996756
person_14.mp4,front,321,5357,59.91649433466743,848,478,160.41851415611467,153.0402278267658,171.90763413013104,172.8154539315146,81.1166632740816,80.47146226477784,21.213635129966146
person_14.mp4,front,322,5374,59.91649433466743,848,478,160.3260179941532,152.97392749368322,171.96702069149626,172.83918603899085,81.18785950702446,80.40933140295026,21.196622226020732
person_14.mp4,front,323,5391,59.91649433466743,848,478,159.95354221915832,152.72226577487328,172.14471038457606,172.8239952875815,80.92733794286339,80.32064117118176,21.229155835187765
person_14.mp4,front,324,5408,59.91649433466743,848,478,159.4128956321845,152.28827780458454,172.28978840160426,172.81526357581245,80.54122713567985,80.0005814462201,21.257877160960966
person_14.mp4,front,325,5424,59.91649433466743,848,478,158.99987750153787,152.0798522318325,172.41787193716277,172.7942793432465,80.3281566360055,80.08151342224893,21.233510588170834
person_14.mp4,front,326,5441,59.91649433466743,848,478,158.9515260125715,152.3747239400293,172.52699998614472,172.83743141098947,80.39456745432463,79.9917125017993,21.320374791319423
person_14.mp4,front,327,5458,59.91649433466743,848,478,159.28422404764214,152.25228431853245,172.18591332660532,172.8322023374708,80.31117444589852,79.95471323603533,21.273254213738003
person_14.mp4,front,328,5474,59.91649433466743,848,478,159.0529830518704,152.35128193727465,172.31481461759577,172.8718486414047,80.24443956761723,79.87564479162106,21.271519078395503
person_14.mp4,front,329,5491,59.91649433466743,848,478,158.7437467433471,152.21301683141166,172.30982509531302,172.80820866708822,79.4959965589131,79.50437683558475,21.306006794504242
person_14.mp4,front,330,5508,59.91649433466743,848,478,158.35517994816448,152.24061621129053,172.26196960201273,172.80124344140432,79.12061159299004,79.42597538784332,21.29219469131354
person_14.mp4,front,331,5524,59.91649433466743,848,478,157.29669872153403,151.59373564332702,172.15382425990956,172.7231848619283,78.84374370614664,79.24692911909108,21.01671670206718
person_14.mp4,front,332,5541,59.91649433466743,848,478,155.92977742206259,151.0054933468051,172.43484288404193,172.65546280816145,78.2877681868828,78.82822306150182,20.87782780552262
person_14.mp4,front,333,5558,59.91649433466743,848,478,154.51504300464757,150.70447549937572,172.52092725173335,172.56288748589026,77.72879832064487,78.78256323856449,20.479907406110293
person_14.mp4,front,334,5574,59.91649433466743,848,478,151.66266436878897,150.0790457404094,172.8077275458151,172.42685892787932,76.56628881973329,78.52966839376856,20.192025200123656
person_14.mp4,front,335,5591,59.91649433466743,848,478,148.12081538393463,147.98857108297562,172.6702828317531,172.05047439937476,75.39147876653226,77.53535153405087,19.760287036838463
person_14.mp4,front,336,5608,59.91649433466743,848,478,144.35305888771143,144.3702821167013,172.18106928522633,171.3456667805544,74.54058030402008,76.24654465247808,19.284718597098088
person_14.mp4,front,337,5624,59.91649433466743,848,478,138.95944943531126,140.18741124223286,170.73247522114755,170.0850608154949,72.0176909292585,75.03462196291844,19.030581361310244
person_14.mp4,front,338,5641,59.91649433466743,848,478,134.79746088790563,135.1940554115996,168.91224586400904,167.66482932665573,71.74147867305102,73.94186647219314,18.861986303120545
person_14.mp4,front,339,5658,59.91649433466743,848,478,131.43167112488837,132.7956259285059,167.0816522691556,166.4148893596882,71.18852453568643,73.0938777289198,18.852005917572658
person_14.mp4,front,340,5675,59.91649433466743,848,478,120.71494056164299,126.54204091577542,159.331805229756,163.1696736143633,68.9236748029266,71.57420528511378,18.922827647009377
person_14.mp4,front,341,5691,59.91649433466743,848,478,118.16086681265003,124.08334835362116,157.15296598870196,161.7615681117258,67.73021730406316,70.63098050607451,19.09400485135651
person_14.mp4,front,342,5708,59.91649433466743,848,478,114.13820437019535,120.17393232677622,153.93462953863497,159.52695836131022,66.68928943917123,69.70674116116774,19.27272818656305
person_14.mp4,front,343,5725,59.91649433466743,848,478,105.89557791123195,109.75260120391383,147.31106994793524,152.08764519640036,66.07768216198743,69.4965786589764,19.072689033650086
person_14.mp4,front,344,5741,59.91649433466743,848,478,99.91904763891387,101.22180559800279,141.35594338257619,144.1793152471998,65.47131924762333,68.32351228987693,19.17831191920658
person_14.mp4,front,345,5758,59.91649433466743,848,478,95.80970988194049,92.78997827418213,138.00066639693904,136.21962357169207,64.45207472868721,67.26146641676162,19.45570003226256
person_14.mp4,front,346,5775,59.91649433466743,848,478,89.1931364176009,84.93803561980171,132.04230191558378,129.2814697412822,64.13442883093057,67.27213725164947,19.834264992434914
person_14.mp4,front,347,5791,59.91649433466743,848,478,73.85716275506826,77.08241658310187,116.82207417017868,123.06353893606541,63.53685781555392,67.37862779332185,20.11064748555007
person_14.mp4,front,348,5808,59.91649433466743,848,478,71.58724718658947,77.5231821541833,114.3428321651662,123.46035900461305,64.15155437017759,68.45110281121448,20.1007380286542
person_14.mp4,front,349,5825,59.91649433466743,848,478,67.97919875917611,74.14392369353183,111.443440053036,120.40786813569932,64.14512360555813,69.44372934381073,19.686398375809993
person_14.mp4,front,350,5841,59.91649433466743,848,478,63.64277356987293,67.49502989589271,108.60012410163212,115.195823273441,64.21372717966362,69.68673631862563,19.01640516988039
person_14.mp4,front,351,5858,59.91649433466743,848,478,61.27578811699656,60.95757579837063,106.99249029075672,109.08141369548119,64.18644108367762,69.02439239351189,19.093128980930256
person_14.mp4,front,352,5875,59.91649433466743,848,478,61.701099487429836,62.3610449695556,107.19789573486678,110.98705012748805,65.37570617268314,70.16537525757134,18.68308611832564
person_14.mp4,front,353,5892,59.91649433466743,848,478,60.124066718470075,61.31350576449001,106.75851472828987,111.08920217083636,66.14073640519553,70.6019230936947,17.968884766537847
person_14.mp4,front,354,5908,59.91649433466743,848,478,56.71334922626264,58.19327345957669,105.44034238838418,109.9462197621317,65.67988808361737,69.81722009554075,17.335856383558404
person_14.mp4,front,355,5925,59.91649433466743,848,478,54.830457095845624,55.18126957470825,104.06458222920283,107.4510635675972,66.39377633986035,69.66322561715141,16.311544070237016
person_14.mp4,front,356,5942,59.91649433466743,848,478,52.34405703243232,53.22174135431864,103.99565417497331,107.97110655265034,66.68326074897733,69.12312891794623,14.553061463599784
person_14.mp4,front,357,5958,59.91649433466743,848,478,51.869684074054625,52.024977226180624,103.81745808230073,107.5340205788057,66.61628119756605,69.39358384167521,14.083512441912179
person_14.mp4,front,358,5975,59.91649433466743,848,478,49.25371858422613,48.15519333153509,101.49317718327876,104.39067325707084,65.56341994171464,68.36242453667624,13.908933633240112
person_14.mp4,front,359,5992,59.91649433466743,848,478,49.22054425083535,47.65470975041077,102.4379549283468,104.24737509001477,66.2998849186731,67.8770608772164,12.893854814189003
person_14.mp4,front,360,6008,59.91649433466743,848,478,48.67602439205996,46.64189231528734,102.69589197307977,104.8906688913831,67.29169047044512,68.81652441732346,11.658600884254003
person_14.mp4,front,361,6025,59.91649433466743,848,478,48.60987063171234,45.62824299914401,100.43184014966737,102.92872793174155,67.75369178362439,69.37367881075404,13.024796613938575
person_14.mp4,front,362,6042,59.91649433466743,848,478,46.487500204248036,43.733180873062814,98.20206209481066,100.51726403308707,67.2758411888487,67.66862550412121,13.939245360375867
person_14.mp4,front,363,6058,59.91649433466743,848,478,46.905756927322024,44.230019505715866,98.92860353994686,101.61930755076833,68.06388360476907,70.079979453423,13.708318941130512
person_14.mp4,front,364,6075,59.91649433466743,848,478,46.7788416854116,44.250517025278164,100.65703729619764,102.75108084769887,68.73340917958328,71.17907873005736,12.029135181208817
person_14.mp4,front,365,6092,59.91649433466743,848,478,46.52980850359267,44.20128940529713,100.97821405012803,102.49294392876949,69.20335731081093,71.94488743543582,11.705965018339837
person_14.mp4,front,366,6109,59.91649433466743,848,478,44.9975652550683,42.57683449703915,98.57160566781214,100.67286262144862,69.85935098276458,70.89305623861206,11.974977128619287
person_14.mp4,front,367,6125,59.91649433466743,848,478,44.35476854136406,41.80859609017855,97.96689676116968,99.77332961095505,68.92870864187616,70.95060080676352,12.299427883590045
person_14.mp4,front,368,6142,59.91649433466743,848,478,42.73979962280662,39.88906842254706,97.2436794631237,98.22537165209357,68.65638202292875,70.36771017852901,12.109501500432165
person_14.mp4,front,369,6159,59.91649433466743,848,478,40.056521083150066,37.43448081291307,95.74406984297335,96.67650177594592,68.47566098211163,68.27574621830686,11.63633070726873
person_14.mp4,front,370,6175,59.91649433466743,848,478,38.35302461890689,35.94961157901526,93.16056038789215,93.78384376489555,67.42268302109606,65.28506276239196,12.487201840924014
person_14.mp4,front,371,6192,59.91649433466743,848,478,37.49285645955112,35.215860772175354,91.96277381578788,92.43119911536411,67.87989808576633,66.6644226175073,13.037470426672552
person_14.mp4,front,372,6209,59.91649433466743,848,478,36.60326792198128,34.623784248561876,92.53683828283158,93.1265819580159,68.93481718991939,67.52801292605503,11.624485652969309
person_14.mp4,front,373,6225,59.91649433466743,848,478,36.03102975332174,33.88247948487776,91.72138775645065,92.16310864714163,69.81653824625027,68.21167600776974,11.66702410910464
person_14.mp4,front,374,6242,59.91649433466743,848,478,35.501994745588114,32.594592119087324,90.28306981030383,90.62888512269764,71.30251852535315,69.88894455206643,12.29618810218905
person_14.mp4,front,375,6259,59.91649433466743,848,478,35.69525365756033,32.73044458214253,89.40812495172872,89.7134874492506,72.07179380075438,71.03466811051268,12.685474375099826
person_14.mp4,front,376,6275,59.91649433466743,848,478,35.000370263827534,32.02647041800681,88.68529704516673,89.14888217300458,71.65442538127294,70.71675192226022,12.252835973463556
person_14.mp4,front,377,6292,59.91649433466743,848,478,34.882169486040866,31.977520755177068,89.52401786040534,89.39164127502256,71.7501215944157,70.07599341876356,10.817168293599407
person_14.mp4,front,378,6309,59.91649433466743,848,478,34.26806593425634,31.838034744375896,87.83929513314445,88.33830554423764,71.55980407893787,69.21799659841015,11.356529355058127
person_14.mp4,front,379,6325,59.91649433466743,848,478,34.47560143862444,31.78083098636036,89.38281378887339,89.85064371114606,73.35498575605656,70.91184881685378,9.431697613699253
person_14.mp4,front,380,6342,59.91649433466743,848,478,33.951778185526315,31.91885459815974,88.36225828673068,89.31979929840963,73.88636595841082,71.21860153401374,9.81764052052189
person_14.mp4,front,381,6359,59.91649433466743,848,478,33.726184711564535,31.71016920480877,88.27722245342547,89.13872141373967,73.05180690323766,69.83020977903881,9.560830062221106
person_14.mp4,front,382,6376,59.91649433466743,848,478,33.448816561847046,31.78760470640464,88.77798474534937,89.28050977915382,73.05196993144024,69.24592887417555,8.957481637070904
person_14.mp4,front,383,6392,59.91649433466743,848,478,33.10574281841022,31.074260519877146,88.13324260290739,88.77331459693833,72.67338313878093,68.94224047920213,9.217901566016032
person_14.mp4,front,384,6409,59.91649433466743,848,478,32.59922381759193,30.695907884051703,87.42670862485981,88.23612443219606,71.99143541007724,68.15157530885494,9.63204605920926
person_14.mp4,front,385,6426,59.91649433466743,848,478,32.72314581197247,30.818849232074847,88.91621136199453,89.82208253846113,72.5752474496994,68.91417187445835,8.200326158794711
person_14.mp4,front,386,6442,59.91649433466743,848,478,32.40566738021362,31.02648264166866,88.16556223882189,89.10108080389648,72.88088680473534,68.54345608352729,8.722251594612635
person_14.mp4,front,387,6459,59.91649433466743,848,478,32.51506588656562,30.77175512067791,89.60203171095377,90.66611775918344,72.04742000245612,66.83406857004336,7.626044833962623
person_14.mp4,front,388,6476,59.91649433466743,848,478,32.72491115880092,31.375208409206582,89.54020843858416,91.10574707827806,77.95054157209778,69.10918259223159,7.910386017871758
person_14.mp4,front,389,6492,59.91649433466743,848,478,32.936777825146734,31.280161159096615,89.38652051356699,91.23709913130614,77.55816392331764,73.69881408784347,8.281302582043434
person_14.mp4,front,390,6509,59.91649433466743,848,478,33.035291135449356,31.00444403038826,89.53694937439522,91.50020894829953,79.32781525118236,74.07825069623549,8.473168471340307
person_14.mp4,front,391,6526,59.91649433466743,848,478,32.822245244971526,30.52141349557449,89.194021449397,91.57202063328916,78.67776856330784,72.49318674057304,8.791827526113002
person_14.mp4,front,392,6542,59.91649433466743,848,478,32.49555208206573,30.49825407458941,92.49338463356341,94.76547101218044,77.24568035077321,71.56303503285199,5.902741397419199
person_14.mp4,front,393,6559,59.91649433466743,848,478,32.686027041050814,31.282940686503647,93.99288225694474,96.41604708248815,76.38511526701677,71.38967192278281,5.486689228927042
person_14.mp4,front,394,6576,59.91649433466743,848,478,34.752299851113854,33.065920449291546,96.2603909666551,98.12280083502364,76.23404300306827,71.27124964674378,5.395562604057164
person_14.mp4,front,395,6593,59.91649433466743,848,478,36.9536486533666,34.75964385697608,99.24220810714095,101.12278402375505,74.35807665173034,69.99490976011677,4.182496069630829
person_14.mp4,front,396,6609,59.91649433466743,848,478,38.49908342710325,36.31822312319245,100.56426171374238,102.21833531909613,73.38199540705489,69.55836368021211,4.523571896051666
person_14.mp4,front,397,6626,59.91649433466743,848,478,39.99155521540951,37.862658164864676,102.78094236561903,104.40298531006191,71.99203411964629,68.62629805026057,4.002505081863158
person_14.mp4,front,398,6643,59.91649433466743,848,478,41.2009983520984,38.79690583964231,104.42701351994842,106.15651617344118,71.10585357607293,68.7258985858604,3.591587678260207
person_14.mp4,front,399,6659,59.91649433466743,848,478,43.11842889226484,39.983280208429164,107.44938838286646,108.29457093780988,71.49225777126122,69.05103197289495,2.8244563981948305
person_14.mp4,front,400,6676,59.91649433466743,848,478,43.39888925270877,40.88419022296895,107.57201347495955,108.62634188151915,70.82567421061312,68.60120013858013,3.3323143662763144
person_14.mp4,front,401,6693,59.91649433466743,848,478,45.06769908218055,42.71465359040851,109.74986760736086,111.13048001068363,70.80282278641822,68.58292736963973,2.9775195429008834
person_14.mp4,front,402,6709,59.91649433466743,848,478,45.82483625027954,43.32231438333805,110.24326823249393,111.41969471034919,71.09605479737048,68.59321709623819,3.0393512787789794
person_14.mp4,front,403,6726,59.91649433466743,848,478,47.405092896253706,43.647941934269184,110.9512825521639,111.08639963232645,70.27603888728619,64.74380017445858,3.3989950794255406
person_14.mp4,front,404,6743,59.91649433466743,848,478,47.9302366197783,44.73625690921163,112.6665779567397,113.17058521927751,68.81390932306152,65.21612306591787,2.7839282034307358
person_14.mp4,front,405,6759,59.91649433466743,848,478,48.146571060583064,44.938888851367864,113.26664787332182,113.84658910560135,67.2355840283962,64.73610711850078,2.9844754491063195
person_14.mp4,front,406,6776,59.91649433466743,848,478,49.26315593800878,45.94257205722671,110.1448421554416,110.40078835684479,67.33920756180804,64.64523957804433,6.639846932538492
person_14.mp4,front,407,6793,59.91649433466743,848,478,49.79736873682269,46.43410371143269,110.27176051576,110.96704572037906,66.71611672490718,64.2890457489462,6.906681769606325
person_14.mp4,front,408,6809,59.91649433466743,848,478,51.01460101652949,48.772141108769716,110.91465529717293,113.27376302217505,65.6689684526446,65.57489779153896,7.882031096248035
person_14.mp4,front,409,6826,59.91649433466743,848,478,52.314076313698074,49.982958623112005,107.6246495794357,110.15467830322693,65.6019881143782,65.29029757874302,11.395540929496642
person_14.mp4,front,410,6843,59.91649433466743,848,478,54.84794212041839,53.42956840699804,106.41981712119724,109.50079340768991,63.103547752997805,64.3187938234356,14.95116581556092
person_14.mp4,front,411,6860,59.91649433466743,848,478,58.480715484042754,61.133034614900936,109.22500273099791,116.36546216651452,62.17475773587304,64.87691043041346,15.166220990030022
person_14.mp4,front,412,6876,59.91649433466743,848,478,60.32772510577044,66.0164802481879,108.9208531718439,119.39303404461839,60.87078828766895,63.51939933464287,16.990025841440975
person_14.mp4,front,413,6893,59.91649433466743,848,478,61.52991391466491,70.02237602418933,108.48031182446792,122.04272825462789,61.47165714475187,63.157061439356006,17.875036130311376
person_14.mp4,front,414,6910,59.91649433466743,848,478,65.44773624610856,78.31467789587388,110.99226933551833,129.4433113215391,60.843645995352745,64.19905307462837,18.507899035899424
person_14.mp4,front,415,6926,59.91649433466743,848,478,70.62372816154028,77.88776680060863,110.82742892434177,122.86870923423625,59.97137122336018,62.7089719925749,24.159162421825275
person_14.mp4,front,416,6943,59.91649433466743,848,478,70.68797069942056,82.05198010258175,113.93082519575125,129.03970183311853,58.48527451685804,60.2369145230109,22.32158539255336
person_14.mp4,front,417,6960,59.91649433466743,848,478,78.19029669479599,89.09112780405863,121.62404278918937,135.51052552916116,58.99206972839671,61.300814200991404,21.313435171696828
person_14.mp4,front,418,6976,59.91649433466743,848,478,92.07654736493639,106.48003365354529,135.06735079040197,151.21188058511635,59.77093409272327,61.54608312851669,21.843483937774426
person_14.mp4,front,419,6993,59.91649433466743,848,478,96.58784048585811,117.62635550070297,139.07587033328383,161.34923019638708,61.4683589300313,61.97774427832965,20.544844925928558
person_14.mp4,front,420,7010,59.91649433466743,848,478,106.90315143531416,123.7575808750353,148.98789050833776,165.87547898294886,62.693447083191224,62.73760260333331,19.72852978180843
person_14.mp4,front,421,7026,59.91649433466743,848,478,114.14966023789619,129.80146972894755,151.46740402747818,167.22284252415344,65.71038117633758,64.36327608697414,21.62190413805448
person_14.mp4,front,422,7043,59.91649433466743,848,478,125.5332242933458,132.4795517199273,163.33327498697216,168.2956575885911,67.2571026292286,66.8085514802819,20.378191806679954
person_14.mp4,front,423,7060,59.91649433466743,848,478,127.57020939033896,136.77043226566963,164.5421058724193,170.72785269136605,67.17799707814477,66.4705371592605,20.38898652016619
person_14.mp4,front,424,7077,59.91649433466743,848,478,133.95294539960403,138.05655284018476,167.30255638760391,170.37825504630553,70.32691576652502,69.91343618555109,19.743268101889
person_14.mp4,front,425,7093,59.91649433466743,848,478,138.17526133837086,139.09171910903206,169.514302061031,169.91563029245773,71.54248738778388,71.56643638995119,19.677027545217573
person_14.mp4,front,426,7110,59.91649433466743,848,478,143.393484144314,142.18911977135633,171.3614127581417,170.58814881428106,73.49190043350072,74.0312021228878,19.0314610919831
person_14.mp4,front,427,7127,59.91649433466743,848,478,146.51935895730153,144.8353371307629,171.6671111141693,170.92968322819493,75.85542045978752,77.97467415439081,19.056532631255724
person_14.mp4,front,428,7143,59.91649433466743,848,478,146.0675241302895,145.2484996262845,171.5993441292953,171.1714353095844,75.49475556702866,76.29920135078456,19.511965781548163
person_14.mp4,front,429,7160,59.91649433466743,848,478,145.55504545823305,143.8665118966082,171.58109918705944,170.10201761336293,75.66529434456245,76.38098471894429,20.52588560919654
person_14.mp4,front,430,7177,59.91649433466743,848,478,147.77431885169423,144.13068579801165,171.7297888670813,169.70450400031677,76.10997425345361,75.99004212487777,21.794553942485017
person_14.mp4,front,431,7193,59.91649433466743,848,478,150.74565927447242,147.21104223246383,172.18528402089174,171.12154702600765,77.72997241819436,77.16023976010185,21.612737729556784
person_14.mp4,front,432,7210,59.91649433466743,848,478,147.5807876583852,146.44046394596313,172.0604517495594,171.50053597208736,76.66520898424547,75.71197325948947,21.04021750883265
person_14.mp4,front,433,7227,59.91649433466743,848,478,150.266913891531,146.7521301847181,172.2831378387575,171.2292117186525,77.40894170338396,76.76198224724536,22.07956164979424
person_14.mp4,front,434,7243,59.91649433466743,848,478,148.1561352849003,145.4935584613765,172.40375973051064,170.8339507050119,76.41151092596378,76.355902571621,21.608450598340536
person_14.mp4,front,435,7260,59.91649433466743,848,478,150.35677971411576,148.5398101645768,172.66096740492438,171.79870184518083,77.74655426210926,77.85806428216718,21.892316644425097
person_14.mp4,front,436,7277,59.91649433466743,848,478,151.62136209974088,150.87466983078258,172.7416352978484,172.088129370665,78.41644260427549,78.3028681493801,21.884173550639613
person_14.mp4,front,437,7293,59.91649433466743,848,478,151.68620363712765,147.61062998168106,172.73010968913925,171.44276119009754,77.87965297261292,77.37109251214424,21.823964075445513
person_14.mp4,front,438,7310,59.91649433466743,848,478,151.65762476025444,147.89445125171824,172.75444427940624,171.496367291313,77.74064615782001,77.11903390804315,21.690665188318555
person_14.mp4,front,439,7327,59.91649433466743,848,478,153.4538932096695,147.86291736361784,172.58905475933602,171.44991785336703,78.48259843322413,77.24183159896543,21.597524434749158
person_14.mp4,front,440,7344,59.91649433466743,848,478,153.11783215161685,147.74847603676267,172.76040939574943,171.43886637037744,78.09453286990203,77.23523540009613,21.58191658066746
person_14.mp4,front,441,7360,59.91649433466743,848,478,153.4348790159835,146.2461698676353,172.5752676549187,170.89965968751088,77.97206843541053,76.04366614141566,21.498855020208683
person_14.mp4,front,442,7377,59.91649433466743,848,478,153.97074976183185,146.5264979280556,172.53204553052694,170.56505366189177,78.29112345158869,76.69341274378493,21.40233152199077
person_14.mp4,front,443,7394,59.91649433466743,848,478,154.81721184210537,148.1116285462887,172.54357680737908,170.8521881137348,78.86772897526893,77.87668928553353,21.386380206704004
person_14.mp4,front,444,7410,59.91649433466743,848,478,154.7827550600599,148.42505948073912,172.71925838963807,170.9818754425546,78.65734431338497,78.11312786635666,21.560204742038653
person_14.mp4,front,445,7427,59.91649433466743,848,478,154.97851715793112,149.13541272296902,172.71679662885617,171.31205014804758,79.32809784656989,78.56399588358614,21.240695643982043
person_14.mp4,front,446,7444,59.91649433466743,848,478,156.63771137398913,149.43838084876256,172.42081416653235,171.28999094016922,79.89028571966443,78.85478331176948,21.245829329581507
person_14.mp4,front,447,7460,59.91649433466743,848,478,154.61078717842778,149.78763455656005,173.04841446843238,171.51124735453686,78.28995117378403,79.32747642293829,21.164798075101174
person_14.mp4,front,448,7477,59.91649433466743,848,478,153.53621967547113,150.5153055205323,173.36737603603638,172.08444399225053,78.43181988243327,78.34437152520786,21.214285970463944
person_14.mp4,front,449,7494,59.91649433466743,848,478,156.12073860858354,150.36541176067058,172.7802891865617,172.12400967329907,79.7201071396889,78.70196901881894,20.897047405536288
person_14.mp4,front,450,7510,59.91649433466743,848,478,155.13116169476487,149.74112286136054,173.12679586864638,172.05267992192074,79.47579501820141,78.38795931296885,20.893258601756784
person_14.mp4,front,451,7527,59.91649433466743,848,478,154.83096553848554,150.04142606085753,173.29488694538605,172.17171663661045,79.02797736215562,78.37554139489438,20.84088686415426
person_14.mp4,front,452,7544,59.91649433466743,848,478,156.28308313643706,150.40981018089542,172.8061000028229,172.12593809220783,79.73619046404981,78.71829784507217,20.663469958917418
person_14.mp4,front,453,7561,59.91649433466743,848,478,155.1692942357066,149.99858670799276,172.97872216544118,172.073675074532,79.14798812656872,78.62587841859515,20.67104976533021
person_14.mp4,front,454,7577,59.91649433466743,848,478,154.85593436751728,150.65924853102126,173.109326407525,172.35599057084548,78.74662363655553,78.64901094993678,20.674358434920528
person_14.mp4,front,455,7594,59.91649433466743,848,478,155.10192216531652,150.80719354106455,172.93030592510314,172.38632656666294,79.0547026030152,78.52498485791668,20.6609409473649
person_14.mp4,front,456,7611,59.91649433466743,848,478,154.5958361570789,150.5178535122392,173.1848792325386,172.35818971939437,78.50077816933401,78.3960468731396,20.662708042876183
person_14.mp4,front,457,7627,59.91649433466743,848,478,154.633554413928,150.13602264575027,173.15090755501572,172.32001215924384,78.33184143161417,78.14816083983592,20.708579181587414
person_14.mp4,front,458,7644,59.91649433466743,848,478,155.51455968564537,149.98073749193196,172.95048159590814,172.30367505699851,78.66114033914408,78.04730472852185,20.701870123836798
person_14.mp4,front,459,7661,59.91649433466743,848,478,156.20229403825516,150.04778889130344,172.49194141726002,172.34730335219217,79.26015368151377,78.08411924528662,20.70895298409709
person_14.mp4,front,460,7677,59.91649433466743,848,478,155.78842729454357,149.17981235720268,172.6571984416659,172.36711253836302,79.270042180313,77.38295693114011,20.676252581366136
person_14.mp4,front,461,7694,59.91649433466743,848,478,154.72214976671862,148.6800559471441,172.80727614075224,172.38782170874725,78.96786120438757,76.93543155256721,20.60217472464466
person_14.mp4,front,462,7711,59.91649433466743,848,478,153.06817817331753,148.30254839093158,173.00092596154178,172.31018878516377,78.29671028644837,76.85602981183754,20.48845296094693
person_14.mp4,front,463,7727,59.91649433466743,848,478,152.15648979661293,148.0052667096719,172.9407721165528,172.19702697587635,78.02075946745435,76.81923142437375,20.47541193338661
person_14.mp4,front,464,7744,59.91649433466743,848,478,144.8636991137999,145.75039461561093,172.29241058780448,171.75129661923037,75.39214998956584,75.42987843015943,20.39598332421947
person_14.mp4,front,465,7761,59.91649433466743,848,478,144.17356966202024,145.42276194172535,172.1066173353774,171.44956066778707,75.21563079837131,75.39739267623494,20.228199001391317
person_14.mp4,front,466,7777,59.91649433466743,848,478,142.9224912589023,144.96725212470156,171.57601405036937,171.14223206535726,74.89062926807406,75.4331555819617,20.14655879306965
person_14.mp4,front,467,7794,59.91649433466743,848,478,137.13718941468875,137.8154824533342,169.34630058200574,168.38530316887946,72.689895080084,73.47838659995932,19.936336139458927
person_14.mp4,front,468,7811,59.91649433466743,848,478,137.1821591450105,136.86182120337608,169.4541139819309,167.62797075058978,72.50238553744279,73.47116159080859,19.93643614766306
person_14.mp4,front,469,7828,59.91649433466743,848,478,133.46525210256183,133.51327378892265,167.6821274843506,165.7944566448441,70.69768905787444,72.69868282163733,19.997786243020776
person_14.mp4,front,470,7844,59.91649433466743,848,478,126.84990365051362,128.478544725029,163.36754133799485,162.7329548655562,69.55306669328886,71.27854855705584,20.064159673404692
person_14.mp4,front,471,7861,59.91649433466743,848,478,120.67662525075905,121.88315826109333,158.5585550400626,158.0008720669785,68.50312356439574,70.50936868652234,20.182136666696795
person_14.mp4,front,472,7878,59.91649433466743,848,478,117.12469033400876,115.5643724322603,155.6456868182855,152.78458005764787,67.55209404564714,69.98139775365199,20.409683148620687
person_14.mp4,front,473,7894,59.91649433466743,848,478,112.46904981755975,114.92171911143832,151.59226571377528,152.17849143040667,66.02149864083961,70.73263803829042,21.32241686116161
person_14.mp4,front,474,7911,59.91649433466743,848,478,108.64597601307219,110.35259876313019,148.67259243877865,148.46364763348967,64.94071414807114,70.09933090889403,22.063336435724874
person_14.mp4,front,475,7928,59.91649433466743,848,478,104.76629715588403,108.2975099171781,144.8979715998847,146.95523651785288,65.13055380265845,70.14759226646294,22.30121030115983
person_14.mp4,front,476,7944,59.91649433466743,848,478,97.56704124811849,96.32835297291437,138.5049310597806,136.67055381835144,65.28282969815433,69.13045359907761,22.330534038434678
person_14.mp4,front,477,7961,59.91649433466743,848,478,96.58611075690408,91.92476831132963,137.41896771545873,132.76635424961972,65.79580655721844,69.44274692285687,22.338150487834547
person_14.mp4,front,478,7978,59.91649433466743,848,478,83.73972889745367,84.33027491518415,125.08401540037909,126.52892926039304,65.84643686751369,69.5563432798815,21.965539477130964
person_14.mp4,front,479,7994,59.91649433466743,848,478,76.60300697653864,82.18445267148924,119.11016339383694,125.97820073035912,65.39836128339817,69.3827168596836,21.211982776198784
person_14.mp4,front,480,8011,59.91649433466743,848,478,69.33793549490346,77.59053296440071,112.12498950315249,122.19236400225984,64.97954789504715,69.2792912356194,20.46589138985705
person_14.mp4,front,481,8028,59.91649433466743,848,478,66.9011882029039,73.85522666414965,110.00396285182524,118.72574034756389,64.40320931076752,68.72290987667743,20.511227877028716
person_14.mp4,front,482,8045,59.91649433466743,848,478,66.5508718586197,72.8434233695069,110.06017370829407,117.6479410573072,65.38221739221318,69.56800075479357,20.06821649385096
person_14.mp4,front,483,8061,59.91649433466743,848,478,63.40481806911583,67.6211970619328,108.2485568118988,113.80155372897025,64.89999907762358,68.94512207588465,19.584048372769644
person_14.mp4,front,484,8078,59.91649433466743,848,478,60.21415151614875,65.5366309702303,106.65230143074771,113.44043964297609,64.55110367985093,68.66412576469666,18.2882469683348
person_14.mp4,front,485,8095,59.91649433466743,848,478,57.97454323881282,61.45465273475134,105.639884258512,111.71410816078124,64.2226798687103,67.8298049479106,16.7588269160376
person_14.mp4,front,486,8111,59.91649433466743,848,478,58.26947037511908,60.11139298848186,105.96051835469136,110.57137224077387,64.6339162739252,68.24417088457949,16.933804005508406
person_14.mp4,front,487,8128,59.91649433466743,848,478,57.515834350533765,59.877873708360205,106.26140372651058,111.13302698911944,65.50034156084021,68.94595694475143,15.616380471710807
person_14.mp4,front,488,8145,59.91649433466743,848,478,55.30424302690407,57.50651244807392,105.10077193061343,109.9562266791101,66.27886298704301,69.34264065029211,14.584516557926332
person_14.mp4,front,489,8161,59.91649433466743,848,478,54.64736761367193,55.65143408805949,104.37742497376873,108.08586653099383,67.77460691432894,69.94957066022518,14.179588995663625
person_14.mp4,front,490,8178,59.91649433466743,848,478,53.51408740387542,54.67961054456225,105.43794610981494,108.34432684353557,67.46160014937733,69.60914456395344,13.769316012269877
person_14.mp4,front,491,8195,59.91649433466743,848,478,51.55570916311637,51.61264780182471,103.38061988990498,105.60730963797242,66.26801768378708,67.81850561197508,13.69461169168602
person_14.mp4,front,492,8211,59.91649433466743,848,478,50.30103674140595,50.165435989147106,105.84115853434447,108.14251108106282,66.35193763881611,68.17306121752365,10.921433086999642
person_14.mp4,front,493,8228,59.91649433466743,848,478,49.89212900315405,49.06521510470502,105.89457794416771,107.86143615146099,67.06991255601817,68.53412440560191,10.698873346666616
person_14.mp4,front,494,8245,59.91649433466743,848,478,49.08616163368171,47.57376659345792,105.45294019528494,106.26727776156221,67.46069012131609,68.29015193104266,10.604316582002836
person_14.mp4,front,495,8261,59.91649433466743,848,478,49.027676068287455,47.67741323296617,105.59490695474899,105.89737974560755,68.03824883900056,69.13918428961567,10.752625781920905
person_14.mp4,front,496,8278,59.91649433466743,848,478,47.414011000306196,45.90537240560638,103.93469701957757,105.06783849002446,68.4693211258904,68.83713778072192,10.92581529913895
person_14.mp4,front,497,8295,59.91649433466743,848,478,48.25722824442194,46.52241570809162,107.50247413429847,107.8499003273529,70.0438604129477,69.58307805035578,7.8057541136905195
person_14.mp4,front,498,8312,59.91649433466743,848,478,46.61997210102375,44.934958762448844,107.7806472358199,108.85721915880356,69.50195076298952,68.32837265823049,6.23988136577933
person_14.mp4,front,499,8328,59.91649433466743,848,478,46.50272563436075,44.476555747348534,105.48311765450832,106.85261921283612,69.8975207395573,68.77547962962169,7.830188413533346
person_14.mp4,front,500,8345,59.91649433466743,848,478,44.63609058158752,42.576730320483215,102.91307520084032,104.04883880301158,69.41042596784436,68.52609126017418,9.322075612402589
person_14.mp4,front,501,8362,59.91649433466743,848,478,43.689980263475384,41.56760465911206,101.12283791951444,101.81632265457752,69.40764586851022,68.18621980024274,10.458380258626084
person_14.mp4,front,502,8378,59.91649433466743,848,478,42.861098920088175,40.797059486129456,100.13147375631064,100.6564865523163,69.56374076843127,68.44316234878274,10.753338531837308
person_14.mp4,front,503,8395,59.91649433466743,848,478,42.72163405618775,40.86781936579874,100.8970123284109,101.21527505172622,68.37340581495022,69.43534635483377,9.8536674468465
person_14.mp4,front,504,8412,59.91649433466743,848,478,41.91668945474069,40.066784988298785,102.8209266478164,103.20108178175957,69.60327939370686,70.35610216499678,7.292795404924817
person_14.mp4,front,505,8428,59.91649433466743,848,478,39.835086107639206,37.87041484941697,103.96580325746521,104.07127614464719,71.6048616345219,70.4110681759258,4.629354628460706
person_14.mp4,front,506,8445,59.91649433466743,848,478,39.13842416868684,37.145174292258005,102.81110901136722,102.42764322809971,72.91780618833387,70.84930135251699,5.0086940038231935
person_14.mp4,front,507,8462,59.91649433466743,848,478,38.32240269335227,36.548732319374764,100.40674975003671,100.53130489209356,72.85755541878095,70.14044196694414,6.150853111055268
person_14.mp4,front,508,8478,59.91649433466743,848,478,37.60316348169808,36.30700135900783,99.4611284252562,99.9322554979234,72.45249590748735,70.24570258844412,6.372700055085278
person_14.mp4,front,509,8495,59.91649433466743,848,478,36.63023067484163,35.381540155402135,97.98924451244136,98.13212781093557,72.33625393153784,70.20317279814994,7.129295990978357
person_14.mp4,front,510,8512,59.91649433466743,848,478,36.00823944778085,34.405806485002266,96.75895562178883,97.04248370525231,71.54273317381713,71.18630941234598,7.541274602736095
person_14.mp4,front,511,8529,59.91649433466743,848,478,34.92249612764589,33.43763054369614,92.19164755890861,92.253618644354,71.94616982225386,71.72678201509687,11.186310256279034
person_14.mp4,front,512,8545,59.91649433466743,848,478,34.630833988697795,33.18804951451342,87.64449840066274,87.46279553022937,72.67207218106921,72.06727958519141,15.380719414666874
person_14.mp4,front,513,8562,59.91649433466743,848,478,33.93330080013964,32.70235016887611,84.84884632131276,84.3480099873553,74.79849808725064,72.06259962069979,17.646038096448187
person_14.mp4,front,514,8579,59.91649433466743,848,478,33.97003913441527,32.63035906519523,87.80938927658381,88.19883703948021,76.10553605320491,73.05455109007733,13.916698074742015
person_14.mp4,front,515,8595,59.91649433466743,848,478,33.52965515276944,32.294169687157826,86.37623535080652,87.0546779381743,77.43258860159189,74.42354847932828,14.57329968933611
person_14.mp4,front,516,8612,59.91649433466743,848,478,33.324502341023354,31.834847259869424,84.9774994266839,85.56210114302856,78.77151789564117,75.31118671910349,15.290851831077218
person_14.mp4,front,517,8629,59.91649433466743,848,478,32.868856509117194,31.63319779819047,80.36252659415507,81.00017878422771,78.39855829663301,74.65077947546642,19.5205424782635
person_14.mp4,front,518,8645,59.91649433466743,848,478,32.317268753751065,31.132588254434452,80.82634971061233,81.67218529844374,77.78550304438933,74.20563249551756,18.435502814972804
person_14.mp4,front,519,8662,59.91649433466743,848,478,31.149446985820653,30.239442353047394,77.58761083740245,78.57756129441672,76.664662534086,72.52161501336786,20.764412198629262
person_14.mp4,front,520,8679,59.91649433466743,848,478,31.08872409724516,30.631580009119553,78.09733118317207,79.20907207926955,76.28023372474752,70.88662299979497,19.6479944235401
person_14.mp4,front,521,8695,59.91649433466743,848,478,31.2700792430828,30.522860306767193,78.78047651976382,79.8859860102365,75.63678348317912,70.67066041930413,18.703842482967232
person_14.mp4,front,522,8712,59.91649433466743,848,478,31.31143648031833,30.410110103587968,78.84135575731764,80.58636268573207,76.09668966804806,71.24914371819631,18.13860239537825
person_14.mp4,front,523,8729,59.91649433466743,848,478,31.29904040096057,30.203688126071107,79.26984771938484,80.66438595133437,75.98409298211816,71.52449105628315,17.85167732126891
person_14.mp4,front,524,8746,59.91649433466743,848,478,31.52939350137139,30.384352841235906,80.15131882617753,81.93229843478595,75.97689322539438,71.44465446495596,16.697448332819917
person_14.mp4,front,525,8762,59.91649433466743,848,478,31.6886749330435,30.447768660001984,81.22564734010932,83.22332410876383,75.95557688353377,71.72183233187292,15.622257468036628
person_14.mp4,front,526,8779,59.91649433466743,848,478,31.804967374650534,30.808896738890336,81.44376881845494,83.38744641916155,75.95100163881024,71.50574724249987,15.592194613837876
person_14.mp4,front,527,8796,59.91649433466743,848,478,31.73372016257369,30.90131216045407,81.96642664013442,83.77076326317098,75.56449616596488,71.34274674981572,15.337138435764858
person_14.mp4,front,528,8812,59.91649433466743,848,478,31.79908323732133,31.032821847804065,82.41241566125143,83.94672180880855,74.91687403366547,71.30228293601913,15.345169019203002
person_14.mp4,front,529,8829,59.91649433466743,848,478,31.492539140326507,30.835506548970177,82.70477296343229,84.39700582771522,78.12497199426714,73.61509786529474,15.463126753826508
person_14.mp4,front,530,8846,59.91649433466743,848,478,31.707416276495522,30.719498108423185,82.38875790033161,84.00573449376992,78.825185021079,74.94120277720278,16.275927682380036
person_14.mp4,front,531,8862,59.91649433466743,848,478,31.476246044569027,30.328627594820198,82.68456166564177,84.2086440160744,79.00536150945003,75.12667693563478,16.1867741582318
person_14.mp4,front,532,8879,59.91649433466743,848,478,31.707545676460164,30.382368888755575,83.09191502852056,85.01792830018796,77.52102103781209,74.61140607425767,16.134817618513143
person_14.mp4,front,533,8896,59.91649433466743,848,478,31.926509151704863,31.04449087309162,84.55747423014677,86.38115880440485,78.06646695591628,73.94757916114183,15.4890504752892
person_14.mp4,front,534,8912,59.91649433466743,848,478,32.65091417566252,32.317202322640775,87.11771916500477,89.2558835434673,77.73248169631658,73.15033879703131,13.989268428333636
person_14.mp4,front,535,8929,59.91649433466743,848,478,34.190089295218634,33.97559498912149,89.56611976002449,91.74258677384566,77.17962537722083,73.41349448961954,13.130989889666765
person_14.mp4,front,536,8946,59.91649433466743,848,478,35.61509185188435,35.678627593583634,91.79116683910019,93.80212971067304,74.15017075631145,72.3623088188194,12.508956973360917
person_14.mp4,front,537,8962,59.91649433466743,848,478,37.86232108384144,37.33189558584701,98.26834646885541,100.04913550991029,72.25813232537901,70.8325752895725,8.021812933792269
person_14.mp4,front,538,8979,59.91649433466743,848,478,39.630046364080854,38.64064080563626,100.51680514655651,101.75274055654207,72.30059008347887,70.48746666320939,7.618465070817766
person_14.mp4,front,539,8996,59.91649433466743,848,478,41.5342836950068,40.04864901373646,104.00029780423799,104.8380173227577,71.89685440783943,70.07936591288767,5.9077144650454745
person_14.mp4,front,540,9013,59.91649433466743,848,478,42.89051357984144,41.17228934167612,107.78166618733947,108.22970000197046,71.31963801557401,70.08574817205745,3.785114324650033
person_14.mp4,front,541,9029,59.91649433466743,848,478,44.509227328636584,41.706712798677266,109.49635332942016,109.12907434023644,70.73413446962691,70.13040028754466,3.5819072265658245
person_14.mp4,front,542,9046,59.91649433466743,848,478,46.336956303944795,43.143738254796006,111.38238977742704,110.97904597648969,71.23877559121803,71.2836075750764,3.4297102000679756
person_14.mp4,front,543,9063,59.91649433466743,848,478,47.085446571437636,44.16150722814441,113.81069441995261,112.7850663051422,71.53219382792892,71.24480405193702,2.458365850882492
person_14.mp4,front,544,9079,59.91649433466743,848,478,47.72781787442042,45.200707636919745,116.12238854150921,114.9882696909494,70.64372153286588,70.39570518048374,1.8001519223408433
person_14.mp4,front,545,9096,59.91649433466743,848,478,49.18122114380339,46.56549771268577,116.69302829493752,115.42590837354172,71.61886136979642,71.3081576263513,1.9670148616755454
person_14.mp4,front,546,9113,59.91649433466743,848,478,50.03234214360619,47.48835599916253,118.60854147473296,117.48119437665343,72.0427491368476,69.68446335597434,1.740534298819365
person_14.mp4,front,547,9129,59.91649433466743,848,478,51.234656755200874,48.43769886086284,120.465888282466,119.35530735834043,69.82853737648583,68.64493905367704,1.9842159188819128
person_14.mp4,front,548,9146,59.91649433466743,848,478,52.25192489289323,49.00188250251037,119.32155278491699,117.9662804626421,63.746820134639165,68.796422073709,1.7685616415753136
person_14.mp4,front,549,9163,59.91649433466743,848,478,54.804284305947924,51.55653615759288,120.72865434393327,119.99946451148391,64.45174113461512,68.85561193610178,2.339145624794629
person_14.mp4,front,550,9179,59.91649433466743,848,478,52.92415644441897,51.620098770685296,117.1888003384455,116.52244951523697,59.143579082399114,72.72093149289465,4.557862364294192
person_14.mp4,front,551,9196,59.91649433466743,848,478,55.59729801672026,55.26444858445006,111.14746567877346,112.6565600794173,58.946649591219725,67.69806717700017,12.864169179465053
person_14.mp4,front,552,9213,59.91649433466743,848,478,56.02258514850134,54.790013973819754,109.25115028188087,109.74627475750218,60.42937287070994,66.48323221426025,15.00798320657331
person_14.mp4,front,553,9230,59.91649433466743,848,478,56.21241935176854,56.045327097954186,107.45315146122368,108.44528573818208,58.90961926497811,65.1600158448811,17.38975198710708
person_14.mp4,front,554,9246,59.91649433466743,848,478,59.30000777659749,59.23770846157291,109.05340922468214,109.24815846363191,58.47427343822742,64.2529559735554,19.185391176333408
person_14.mp4,front,555,9263,59.91649433466743,848,478,59.30032324711623,63.78970142567889,106.79186816342212,112.09367333906826,61.60885625224437,63.68832012348998,20.971970079871554
person_14.mp4,front,556,9280,59.91649433466743,848,478,61.26461303358646,68.7186044319503,106.93101717461715,116.13347855167348,60.570471411982545,63.64740810059091,21.568144225183833
person_14.mp4,front,557,9296,59.91649433466743,848,478,65.47935645555135,73.22753823468175,108.2703133224448,118.80616336781299,59.52945542114951,64.35982030926996,23.060187899681225
person_14.mp4,front,558,9313,59.91649433466743,848,478,73.7136257646013,81.01876642101556,117.15646449561709,125.97858610947584,61.07890303772022,66.29170916927993,21.669315845640572
person_14.mp4,front,559,9330,59.91649433466743,848,478,81.79229612810099,88.70977567760951,124.07084143918884,132.90987482249025,60.919088167225816,64.73024573387694,22.26847867729402
person_14.mp4,front,560,9346,59.91649433466743,848,478,93.31485094916698,105.88456689682421,135.6631468780763,148.10799739855332,62.208745914106714,64.76325128154028,21.94032506529605
person_14.mp4,front,561,9363,59.91649433466743,848,478,99.06957258728012,116.21061058162849,141.13036677070193,157.32170314437076,63.549996847852704,65.43954569986434,20.325463612031598
person_14.mp4,front,562,9380,59.91649433466743,848,478,107.26295515185161,122.49635080563097,149.35958478210657,162.7577262156886,65.61367667495898,66.39482883386722,18.771735192849267
person_14.mp4,front,563,9396,59.91649433466743,848,478,114.61790354996994,134.17656179966963,153.07262908690825,169.35133006018424,68.95777663408026,68.37112381211922,18.182559835420577
person_14.mp4,front,564,9413,59.91649433466743,848,478,121.58089058998777,136.76799443328008,158.58474947426961,169.90608319375627,69.58965905945283,69.4088798124393,18.974696044035174
person_14.mp4,front,565,9430,59.91649433466743,848,478,125.59212616573909,134.63718230782106,162.14291691870645,168.96361156945804,71.39758974133053,70.86794936815558,18.350693312326804
person_14.mp4,front,566,9446,59.91649433466743,848,478,129.15474394194297,139.86729104003126,165.24884921856994,170.6424126759141,71.73893951383657,71.78449415397854,17.842461027316062
person_14.mp4,front,567,9463,59.91649433466743,848,478,137.19105003035082,139.15861953935578,169.80769196329095,169.94749448684092,73.24816047813839,74.25611508442506,17.610684988582157
person_14.mp4,front,568,9480,59.91649433466743,848,478,142.55499543128835,144.6213175336823,170.94050348904435,170.98809475383553,75.36031934385893,76.3977322535782,17.825641108002465
person_14.mp4,front,569,9497,59.91649433466743,848,478,147.19828409718065,145.57596859979193,171.22550382571637,170.8665962541079,77.76201862617198,80.49203099322732,17.954121190266267
person_14.mp4,front,570,9513,59.91649433466743,848,478,146.44522829450088,147.43957708848177,171.66928316534543,171.4573447026921,77.63584911231023,79.18304487691523,17.810616323663854
person_14.mp4,front,571,9530,59.91649433466743,848,478,145.93480253556234,147.4425642643343,172.08071164556668,171.4947719134172,77.19469493002892,77.21073249063791,18.31361841930276
person_14.mp4,front,572,9547,59.91649433466743,848,478,150.56439375256767,150.90125510629392,172.07262903711683,171.1453586818555,79.51945891775333,78.67828187682056,18.624945610572773
person_14.mp4,front,573,9563,59.91649433466743,848,478,150.8326500924416,150.98786935266446,172.18187227990524,170.9510051730608,79.37814963563767,78.4037890706767,18.74715401734214
person_14.mp4,front,574,9580,59.91649433466743,848,478,154.32491759787374,149.07099356302467,171.38939606512452,171.43812329921604,80.77243562855585,83.10859682083725,18.372832832213643
person_14.mp4,front,575,9597,59.91649433466743,848,478,153.36037726560951,151.06853845217955,171.67703898333318,171.2364408306872,79.88440364217195,79.6470054139327,18.574118088379397
person_14.mp4,front,576,9613,59.91649433466743,848,478,155.16441754952143,151.35919477098844,170.99399539584732,171.36985021620205,80.5517610637904,79.3387058891379,18.50332205634437
person_14.mp4,front,577,9630,59.91649433466743,848,478,156.81927570151024,152.00004493012705,170.34875826999576,171.48390145857823,80.8815944502956,80.06396178611588,18.580401497891426
person_14.mp4,front,578,9647,59.91649433466743,848,478,155.66674460934297,150.79026358111858,171.11762180571048,171.7571873792811,80.37083926689257,78.94637255528554,18.83953132505271
person_14.mp4,front,579,9663,59.91649433466743,848,478,153.54956088207533,150.8746636268868,172.4658141648789,171.75954167007814,79.74465395191785,77.56875407621305,19.06634040454126
person_14.mp4,front,580,9680,59.91649433466743,848,478,153.43053984797103,149.75570795153118,172.87757161128073,171.9495202912133,79.47361783238858,77.58975978529294,19.398348948623443
person_14.mp4,front,581,9697,59.91649433466743,848,478,153.43145656414688,149.6564369182046,173.1546692758818,171.96349741107773,79.24175099278646,77.6850975110143,19.867066941228753
person_14.mp4,front,582,9714,59.91649433466743,848,478,156.1481950254183,151.03526780212738,172.64251758828865,172.04546710741403,80.32109690091737,77.93371596911825,20.1275219242061
person_14.mp4,front,583,9730,59.91649433466743,848,478,156.02666964100098,150.39096833998468,172.5886690439699,172.09595484018104,80.38723349727407,78.10016295808774,20.030978486737954
person_14.mp4,front,584,9747,59.91649433466743,848,478,152.54020328362347,150.1858698112846,173.59811022406603,172.1404780526851,79.72322910463089,77.15275674555653,19.88795803830643
person_14.mp4,front,585,9764,59.91649433466743,848,478,153.65888258204876,150.8879950751784,173.46814189127443,172.04226075779647,80.29085065189393,77.60222487438064,19.71565054196218
person_14.mp4,front,586,9780,59.91649433466743,848,478,155.0124524528545,149.64187888220658,172.9596678656353,172.16729363389956,80.78549479695154,77.05747187992431,19.44924603666988
person_14.mp4,front,587,9797,59.91649433466743,848,478,157.63388393657766,151.2703632393282,171.6259295532417,171.9983390449351,81.742797856723,78.11320652781484,19.17170970575306
person_14.mp4,front,588,9814,59.91649433466743,848,478,159.6977724562276,152.8938698468694,170.5115230627895,172.18196812106524,82.26690561475026,79.86003590951745,19.103131656410575
person_14.mp4,front,589,9830,59.91649433466743,848,478,156.6331442934683,152.48026887696673,171.81548307788526,172.2897377474955,81.07682658409097,78.82173902780518,19.034649881414886
person_14.mp4,front,590,9847,59.91649433466743,848,478,154.90179745547687,153.26029169763976,172.66414507624896,171.78464036769998,80.15362185242314,78.37929845502357,18.999247866379648
person_14.mp4,front,591,9864,59.91649433466743,848,478,155.12118335627306,153.70949661857105,172.21404881053462,171.62559652823356,80.33263311946787,78.73869859657273,18.654745423035475
person_14.mp4,front,592,9880,59.91649433466743,848,478,156.15204559977502,153.8502067767262,171.34380729131297,171.88680447384604,81.02860366374156,78.94859678038641,18.432032889794147
person_14.mp4,front,593,9897,59.91649433466743,848,478,154.97026755662222,153.10379544327242,171.888733269731,171.84728951925933,80.3353669739854,78.32357199461231,18.497088802777093
person_14.mp4,front,594,9914,59.91649433466743,848,478,156.45573477154045,154.9852541565185,171.06936219386034,171.6878788657676,80.76711079925205,79.0808702952816,18.564271099046664
person_14.mp4,front,595,9930,59.91649433466743,848,478,155.42032122145906,152.06450446840697,171.81604544004756,171.9068894204521,80.87423763535094,76.62128902688546,18.81898779465751
person_14.mp4,front,596,9947,59.91649433466743,848,478,155.0531592585265,151.3866812318199,172.112646336905,172.03223464882817,80.64080267346583,76.00261482342178,18.867761123207405
person_14.mp4,front,597,9964,59.91649433466743,848,478,155.51288790684526,151.96132459802936,172.01087891786085,172.05832031998514,80.49499477329695,76.82888022529971,18.819938118786972
person_14.mp4,front,598,9981,59.91649433466743,848,478,155.5315288906585,152.00900021355315,172.0999817705968,172.0139853896582,80.6194204890002,76.62809806631181,18.854101906686168
person_14.mp4,front,599,9997,59.91649433466743,848,478,155.88958236666852,152.07691721468765,171.81198658579606,171.98953428461832,80.76067882300897,76.89618983246423,18.71400047546886
person_14.mp4,front,600,10014,59.91649433466743,848,478,158.11029129836257,154.26244620562872,170.57475960072028,172.02006794748505,81.46237300859504,78.85367716971038,18.70992681122288
person_14.mp4,front,601,10031,59.91649433466743,848,478,159.67572636199685,155.31046350050192,169.8484714290984,172.05272866846687,81.76723521639707,79.56388233097637,18.791789938929092
person_14.mp4,front,602,10047,59.91649433466743,848,478,159.28030976670695,154.94097383342412,170.16090224114606,172.12498270294083,81.67560231671699,79.55002068039205,18.778156704961425
person_14.mp4,front,603,10064,59.91649433466743,848,478,158.5740664004389,154.46896429511014,170.55559387283427,172.1428730306218,81.49368011974451,78.84307082158466,18.81494718095338
person_14.mp4,front,604,10081,59.91649433466743,848,478,157.45535709858595,153.60021642039433,171.08907536576626,172.25841158780622,80.76294897081652,78.45599760291144,18.849250426732
person_14.mp4,front,605,10097,59.91649433466743,848,478,157.09983601373781,153.60948600508362,171.1519233108151,172.22931652672673,80.67974182792884,78.44639860138389,18.84859615339119
person_14.mp4,front,606,10114,59.91649433466743,848,478,157.5589900735576,153.09054161896637,170.4237230913282,172.43499834985946,81.09005459234089,79.03905181502479,18.810364869962005
person_14.mp4,front,607,10131,59.91649433466743,848,478,157.38092364508802,152.9084763160368,170.80940752925548,172.43506904706086,80.87813093318464,78.97837583611552,18.944868165727765
person_14.mp4,front,608,10147,59.91649433466743,848,478,156.80710135438386,152.38627736778955,171.11746321808963,172.4471318916105,80.74294259055765,78.90231607238569,18.952352244594156
person_14.mp4,front,609,10164,59.91649433466743,848,478,156.2186614604856,152.24645115197256,171.14339239042022,172.42527465944448,80.38860952332682,78.98088730233266,18.859084502693044
person_14.mp4,front,610,10181,59.91649433466743,848,478,156.15168170423075,152.0197114649192,171.2730457586965,172.3324481456696,80.37064594937333,78.63468688396598,18.845552221880254
person_14.mp4,front,611,10198,59.91649433466743,848,478,154.69085798581443,151.43130414354152,171.86405462971453,172.25090864237947,79.65688773136218,77.99978407781973,18.806574953867234
person_14.mp4,front,612,10214,59.91649433466743,848,478,153.51131072157486,150.5883432141771,172.10522278945115,172.2243123862447,79.25899594547232,77.52864844282456,18.541497013665065
person_14.mp4,front,613,10231,59.91649433466743,848,478,148.38985871804928,149.0962988605018,173.3792446741024,172.1709938513892,77.34906733552796,76.44422091778675,18.481417563434693
person_14.mp4,front,614,10248,59.91649433466743,848,478,146.32754370772898,147.34597961309885,173.3465993276389,172.02198544777605,76.6233964577195,75.80715587049215,18.46325585549416
person_14.mp4,front,615,10264,59.91649433466743,848,478,141.8964403124457,142.85864620588563,172.51754449882066,170.91257806698866,75.06937540631368,74.55559331649462,18.666289596568756
person_14.mp4,front,616,10281,59.91649433466743,848,478,138.73355533796524,140.9533965381667,171.06397238336334,170.11199025957558,74.07731941757548,74.33101899270237,18.62226431971414
person_14.mp4,front,617,10298,59.91649433466743,848,478,138.9614554895215,138.59528557700773,170.99246293616633,167.84181889872218,73.72859311408081,75.1798263984678,18.772370522230457
person_14.mp4,front,618,10314,59.91649433466743,848,478,136.86483399625985,138.70067004725692,169.8338410239267,167.7385001015979,73.19771656330126,75.70902155877523,18.93010294309149
person_14.mp4,front,619,10331,59.91649433466743,848,478,135.08800369659784,137.91040055300405,168.82396133246698,167.3084068901383,72.68127801251693,75.97950923203862,19.06302536723104
person_14.mp4,front,620,10348,59.91649433466743,848,478,132.62584534981093,136.09850255658716,167.10050823437484,166.8252369253537,71.51538092271791,74.83964695431969,19.2761952836375
person_14.mp4,front,621,10364,59.91649433466743,848,478,127.73569815499015,132.02623280897737,163.81732431877253,164.55339261003894,69.54912098415578,73.53169056523602,19.743067289853077
person_14.mp4,front,622,10381,59.91649433466743,848,478,127.46506724052328,128.80167231680076,162.86465555667385,162.23163104258018,69.27488913966225,73.0551418480818,20.32383636596736
person_14.mp4,front,623,10398,59.91649433466743,848,478,121.09911188465945,120.99778724168189,158.48247593099444,156.3205741309021,67.01167304337929,71.26051872179949,20.826859400699785
person_14.mp4,front,624,10414,59.91649433466743,848,478,117.6600469422166,120.38652363061453,154.6768676309444,155.82620501305914,67.7697577801565,71.28117811271296,20.863595552054363
person_14.mp4,front,625,10431,59.91649433466743,848,478,112.36945323548152,116.21518306785114,149.96363983853323,152.54998363589223,67.56065105245479,71.18161548020976,20.995904634009445
person_14.mp4,front,626,10448,59.91649433466743,848,478,103.88293858952957,106.07643983541912,142.54022665148756,143.81621600856752,66.70572450732757,70.17228383342426,21.221618672222785
person_14.mp4,front,627,10465,59.91649433466743,848,478,100.08260347809268,102.25399402704959,139.45975183140888,140.59150081925304,65.9269757983875,69.35853410734772,21.730311523652222
person_14.mp4,front,628,10481,59.91649433466743,848,478,90.57068787922691,94.38979146299116,129.97413617791617,133.8271270753856,65.85882089037744,69.47204086987874,21.950146307800825
person_14.mp4,front,629,10498,59.91649433466743,848,478,80.79920957113617,85.3215172920781,119.91825186885593,125.07668445092405,66.14835771637085,69.39279355197897,21.778749034195656
person_14.mp4,front,630,10515,59.91649433466743,848,478,74.42467191658696,83.26205811419003,114.94936887454001,124.42456969091715,66.06138883384334,69.54833702061008,21.292545895686636
person_14.mp4,front,631,10531,59.91649433466743,848,478,69.3727551028101,78.18451298114229,111.69016413174103,120.55071993335014,64.8622816011127,68.4199168308028,21.207399493855025
person_14.mp4,front,632,10548,59.91649433466743,848,478,65.04402371993143,70.96169135031198,108.07902911436571,114.41906962472342,64.75758980991665,68.6689133074181,21.050424515474994
person_14.mp4,front,633,10565,59.91649433466743,848,478,60.11186038756471,64.24175462485778,103.7818573382796,108.6346192814815,64.62918609871633,68.03339017923055,19.986188317588002
person_14.mp4,front,634,10581,59.91649433466743,848,478,58.45318302744922,62.15823395700612,103.86914217953073,108.4575542496486,63.79238690973046,67.0271595370771,19.11439313811231
person_14.mp4,front,635,10598,59.91649433466743,848,478,56.50364830054446,57.55597770595112,103.4893225244116,104.86358147280666,63.47204595534854,65.62429788112969,17.701528528096844
person_14.mp4,front,636,10615,59.91649433466743,848,478,57.051644079491695,58.29597460787744,103.84391483221232,106.58246769413616,65.17662855102873,66.5246027709847,17.02956962849415
person_14.mp4,front,637,10631,59.91649433466743,848,478,56.1274270258038,57.40333234947851,104.10446689629464,107.25040669635666,66.13823484306667,67.49780079900641,15.43181119506878
person_14.mp4,front,638,10648,59.91649433466743,848,478,55.676348661542534,56.93099771288183,103.49944631728609,107.15897610941958,66.79799729952062,68.18756915053817,15.438333895293226
person_14.mp4,front,639,10665,59.91649433466743,848,478,54.485737661777776,54.84240994092194,103.7102946684333,106.39929577756253,67.88971409280812,68.91008283933775,14.347428494486742
person_14.mp4,front,640,10682,59.91649433466743,848,478,51.90980731225408,51.57697339615952,103.42479986771056,105.31503181429298,67.90715272681052,69.17592284092487,13.16592101462831
person_14.mp4,front,641,10698,59.91649433466743,848,478,50.60671051503789,50.35560015736978,103.58902880430202,104.97737540295124,66.646892608403,67.11588386134713,11.897070149260268
person_14.mp4,front,642,10715,59.91649433466743,848,478,51.54167157439518,52.29861683421456,107.12707124728406,109.97903131360746,67.89590913781932,68.53958192821348,8.711700964119139
person_14.mp4,front,643,10732,59.91649433466743,848,478,47.56728786886064,46.62764970718114,102.25989008601955,103.22572888730882,66.47827195054946,67.12141612357195,12.012308545542687
person_14.mp4,front,644,10748,59.91649433466743,848,478,47.092175390140525,46.706058429336764,101.15977775020806,103.46402496059471,67.22654057653055,67.84252391337726,12.159295055651496
person_14.mp4,front,645,10765,59.91649433466743,848,478,47.38936981894252,46.994033518193,105.48725563023739,107.10845279507402,68.12330944243925,68.06994695632358,7.866746205083609
person_14.mp4,front,646,10782,59.91649433466743,848,478,47.728350936345514,47.15628285026143,109.23836092003683,109.791188234777,69.28109096853784,69.47231088714001,4.595944551803498
person_14.mp4,front,647,10798,59.91649433466743,848,478,47.61160237461266,47.387712920981286,111.6204054461912,111.59054403525928,66.9322008931456,70.67782535974312,2.7371108063157026
person_14.mp4,front,648,10815,59.91649433466743,848,478,46.64933960601502,46.11038405149408,112.01247737914005,111.35037604971744,67.81710555584883,71.28103631384255,2.2353211271643536
person_14.mp4,front,649,10832,59.91649433466743,848,478,46.73700371676845,46.20523223061874,116.77477035005856,115.01605373530288,69.77894733597051,73.57721240823926,4.537947995947059
person_14.mp4,front,650,10848,59.91649433466743,848,478,46.15817773828443,44.444496081473545,113.95402207743597,111.84339202645054,73.01135347150387,73.76340913871468,2.8991818300777967
person_14.mp4,front,651,10865,59.91649433466743,848,478,45.567116360874145,43.65483788917837,114.02490907364263,111.70833091238515,74.90585833581993,74.6447570868903,3.4034479622905884
person_14.mp4,front,652,10882,59.91649433466743,848,478,44.59493519505073,42.35481737734684,111.72646236782288,109.32464242835509,75.20721089994832,74.1368834707608,2.4677150077241534
person_14.mp4,front,653,10899,59.91649433466743,848,478,43.98160242796888,42.51525669603897,112.15862516794871,110.23683503496181,77.26738791016396,75.1631996261319,3.292877711961138
person_14.mp4,front,654,10915,59.91649433466743,848,478,43.02431935492385,41.889781892947425,108.04373809153195,106.04136761295982,77.7152182144382,76.59262508218556,2.286627272268076
person_14.mp4,front,655,10932,59.91649433466743,848,478,42.176207644176124,40.90658600436239,104.90447561133259,104.6276732105084,77.94746871095325,75.63003378105917,3.0608036501067564
person_14.mp4,front,656,10949,59.91649433466743,848,478,40.948159797366095,39.772861285984405,96.92796502378548,97.28224156877519,78.82323999309921,76.52116760033229,8.99222928346175
person_14.mp4,front,657,10965,59.91649433466743,848,478,40.457744044060306,39.46741917940827,94.60239653459645,94.90859618901025,81.29440630602366,77.08701109503255,10.527712485422082
person_14.mp4,front,658,10982,59.91649433466743,848,478,39.53673709347344,38.23323808377948,93.8508890821844,94.18853291716053,82.27996280616715,76.58405385152784,10.20012119239195
person_14.mp4,front,659,10999,59.91649433466743,848,478,38.47246706719591,37.493386587485894,91.2612841961369,91.75038785941744,80.41066051983644,77.02529858808987,11.751294647388427
person_14.mp4,front,660,11015,59.91649433466743,848,478,37.82533942993129,36.76677693643191,89.35098609656247,89.2399901261997,80.23137420888578,77.92484438840982,13.093473528669527
person_14.mp4,front,661,11032,59.91649433466743,848,478,36.994220444885165,35.727753791706064,84.16201995740292,83.89768899133968,77.53608152012873,76.89261314833097,17.41854856329959
person_14.mp4,front,662,11049,59.91649433466743,848,478,36.476423008215725,34.924929859400244,82.39531328235437,81.84867503000937,77.89978350723345,76.48317199474563,18.478601898723
person_14.mp4,front,663,11065,59.91649433466743,848,478,36.30279925635892,35.050658151277524,80.09336609964446,79.47650519097753,77.99978780915127,75.88073230951835,20.221836514619582
person_14.mp4,front,664,11082,59.91649433466743,848,478,35.66654755024693,34.237006743673795,80.50363531373466,80.2237135006786,76.88045980635687,75.16942592892228,18.70135841544036
person_14.mp4,front,665,11099,59.91649433466743,848,478,35.15813782999481,33.8220795444322,80.33781045966467,80.30972392139145,75.60969264785106,74.487176019126,17.779357455047393
person_14.mp4,front,666,11115,59.91649433466743,848,478,34.27338515258591,33.45083365641828,78.60065903936503,78.88309904477491,73.65548737430518,72.0264015065019,18.38132289155805
person_14.mp4,front,667,11132,59.91649433466743,848,478,34.0678751833186,33.795135265059315,78.98519355284324,79.22997088305209,73.72533849865152,71.30192030519335,17.544230488380897
person_14.mp4,front,668,11149,59.91649433466743,848,478,33.79454912486629,34.22652130295125,79.37144996201067,79.32510814729481,73.32078447939266,70.98985648128053,16.961080274496634
person_14.mp4,front,669,11166,59.91649433466743,848,478,34.00500973419845,34.749109155717655,79.44764676011175,79.12301340954637,73.57153587582546,70.8470378326463,16.8774520563102
person_14.mp4,front,670,11182,59.91649433466743,848,478,34.03853305102681,34.605002482891685,81.21468685174443,81.00133001235156,75.0243119108288,72.19246603909451,14.912224715693144
person_14.mp4,front,671,11199,59.91649433466743,848,478,34.161909499203496,34.9157740143357,81.19157266268948,81.07356497387538,74.61427296651125,71.28015339834944,14.746369228415942
person_14.mp4,front,672,11216,59.91649433466743,848,478,34.51272941733053,35.47468235696396,81.46799439275644,81.21685912489127,74.55068444915928,70.78671271225862,14.428505791934692
person_14.mp4,front,673,11232,59.91649433466743,848,478,33.934887783613114,35.51161304776877,81.30760443131459,81.29086773977141,73.47314138284112,70.14051141021456,14.47748593252605
person_14.mp4,front,674,11249,59.91649433466743,848,478,33.653221200158136,35.23078662021066,81.27320213480151,81.67369796507526,73.98547526937493,70.6741544030131,14.60171777962766
person_14.mp4,front,675,11266,59.91649433466743,848,478,33.94407977722028,35.67156058657013,81.77789327561327,82.41239348126128,75.00640744824912,71.05452365329715,14.56405930426165
person_14.mp4,front,676,11282,59.91649433466743,848,478,34.22855387145268,35.934393109371115,82.6967711557991,83.51007532696524,81.074435425884,72.69445766577515,14.194346843445118
person_14.mp4,front,677,11299,59.91649433466743,848,478,33.10584577299628,34.86085337019114,80.88015528236987,82.09416971097167,81.18318784927513,75.44539093342917,16.25811912430259
person_14.mp4,front,678,11316,59.91649433466743,848,478,32.8419536988329,34.20238991916904,80.52227286380779,81.58406154800082,80.57356915366012,76.57401417426011,17.102026558926834
person_14.mp4,front,679,11332,59.91649433466743,848,478,33.04812701588241,34.1205786204516,76.46923549675175,77.62931555514383,77.73990453417673,73.53878782689041,22.03163641311089
person_14.mp4,front,680,11349,59.91649433466743,848,478,34.39484257945918,35.97608843021755,80.26625714120952,81.31519366463017,75.87958400411101,72.66995699368356,19.9092328386772
person_14.mp4,front,681,11366,59.91649433466743,848,478,35.96212786075183,38.21071746449557,84.21298102405025,85.32533154446394,74.5834958531244,71.81932211039738,18.07024827559165
person_14.mp4,front,682,11383,59.91649433466743,848,478,37.74786775266409,39.53945481299775,93.5781533200987,94.88931915655473,72.90770282531204,71.56995429633886,11.396116161761507
person_14.mp4,front,683,11399,59.91649433466743,848,478,40.05347982550432,41.49532924571709,100.90597673603422,102.0096888283512,73.49804905775659,70.88822646003568,6.474613262949303
person_14.mp4,front,684,11416,59.91649433466743,848,478,42.097784403736874,43.18803926457641,106.97498896510959,108.56433045691368,72.05240285011502,69.91913244345038,1.9345839318257085
person_14.mp4,front,685,11433,59.91649433466743,848,478,43.22350974988954,43.957106841857296,105.49988425819183,106.17133858034826,72.19552961238308,70.47748283689758,5.256363411960636
person_14.mp4,front,686,11449,59.91649433466743,848,478,43.87781299198725,44.34005327010473,105.10665003251871,105.9605309433057,70.25436638157919,69.12808047704118,6.304596179726635
person_14.mp4,front,687,11466,59.91649433466743,848,478,44.63672639353351,43.99578941388262,105.99893289951856,105.65304913958148,68.38802986898831,67.09922602322402,7.043787407857472
person_14.mp4,front,688,11483,59.91649433466743,848,478,45.385668561937095,44.155882366186404,106.81673186384373,105.85811633349489,67.84320805237874,66.43280681868767,7.3235075231164934
person_14.mp4,front,689,11499,59.91649433466743,848,478,46.68172485006246,45.55436447342484,107.56289430792833,107.31086437514942,67.14881279741803,66.11730826288206,7.595661427207726
person_14.mp4,front,690,11516,59.91649433466743,848,478,48.23107889458367,47.16443229706293,109.73977008739794,110.88219668522224,66.40343447239437,65.76140801773033,6.146393704270966
person_14.mp4,front,691,11533,59.91649433466743,848,478,49.10601426826398,47.97763919800655,110.69649591362236,111.08402045107485,64.7380958301941,65.33047724120559,6.752422301414235
person_14.mp4,front,692,11549,59.91649433466743,848,478,50.502395874453846,50.08596181761013,110.05429532713798,113.01411727901883,63.59496186682441,65.40086501361202,7.892924216096269
person_14.mp4,front,693,11566,59.91649433466743,848,478,51.892521276997826,51.93378843608871,111.53447646001645,114.12022759068375,64.12943378973702,65.5884401741418,7.697453985344053
person_14.mp4,front,694,11583,59.91649433466743,848,478,54.47635318649113,54.989328550898065,114.94420179087601,117.73156995496721,63.88293099021255,66.09524336159238,6.649568446468147
person_14.mp4,front,695,11599,59.91649433466743,848,478,55.65414909687857,58.692967759546676,113.41649900237064,118.79055364965618,63.05447569013694,65.97875725667235,9.607975891714512
person_14.mp4,front,696,11616,59.91649433466743,848,478,59.524072412810206,63.21072908113657,111.5871764762285,117.49134467210442,62.86797483871469,66.71676588483433,14.772786994882233
person_14.mp4,front,697,11633,59.91649433466743,848,478,63.36684885214441,66.10511582611649,111.88608194438842,117.76039374597948,63.16704519584344,67.77989888713317,17.19404940742541
person_14.mp4,front,698,11650,59.91649433466743,848,478,64.31073530960019,68.90240619606124,111.43330685986808,117.6861117610692,63.41518565596442,67.15550590420798,18.98660895141652
person_14.mp4,front,699,11666,59.91649433466743,848,478,63.52109545771983,67.59779980240349,110.93960297392731,115.98762790836226,62.42956549121566,65.76573283439726,19.699767245224507
person_14.mp4,front,700,11683,59.91649433466743,848,478,62.42865716006472,68.38185164586172,109.10934429482549,117.14186098415294,69.69123059671246,64.34280318980971,19.366319450830915
person_14.mp4,front,701,11700,59.91649433466743,848,478,63.136124808246926,69.71968616071324,109.92692024679586,117.73403567512639,66.51756128751583,64.00443171825935,19.12981761326222
person_14.mp4,front,702,11716,59.91649433466743,848,478,71.56589659576274,78.23625534213343,115.36496399754017,124.45490017482601,62.574172884402245,65.02245465628728,20.957960295633697
person_14.mp4,front,703,11733,59.91649433466743,848,478,80.44158416461222,84.40161858009624,122.09435613056618,127.56330074477637,62.04152365205124,64.90654408925975,22.33253367008058
person_14.mp4,front,704,11750,59.91649433466743,848,478,83.37700885135438,95.36324509820452,125.84744448018792,139.21936224574077,62.426613029182356,64.1250039411149,21.609243488066014
person_14.mp4,front,705,11766,59.91649433466743,848,478,95.99103640911167,105.16727484514013,136.07015514314003,146.3576579131356,62.67168895382515,63.960377114184716,23.21783045612254
person_14.mp4,front,706,11783,59.91649433466743,848,478,110.04339484424797,115.1914261344204,149.13319712135203,153.92862190094178,66.04404181135058,66.63115470600523,21.98614089086162
person_14.mp4,front,707,11800,59.91649433466743,848,478,113.20086614769201,118.68972727733153,152.6454045390216,156.84306451681292,66.10097579340469,66.67625615609658,21.4079667132845
person_14.mp4,front,708,11816,59.91649433466743,848,478,119.5796918329751,124.300940339211,157.59691107045256,161.35476014636066,68.18879144283638,67.29423896060938,20.51890504738409
person_14.mp4,front,709,11833,59.91649433466743,848,478,128.20811732130113,130.06294032008594,164.85403915326978,165.2064600477359,70.05036242233417,69.38181653989068,19.72587117949244
person_14.mp4,front,710,11850,59.91649433466743,848,478,132.63268239069222,135.45558827284103,166.9665802536964,168.7514522461828,71.44448905005991,70.66388003236901,19.06873667382995
person_14.mp4,front,711,11867,59.91649433466743,848,478,133.2691712940021,137.87771350629123,167.51183159459555,170.64614421747717,71.9292014705636,70.77097536612531,18.48000434428077
person_14.mp4,front,712,11883,59.91649433466743,848,478,134.1481578366358,139.5843183354852,167.60301795122174,171.4124681959624,73.08516721057539,71.49062258859233,18.206584636127193
person_14.mp4,front,713,11900,59.91649433466743,848,478,141.58574952356975,144.23760972734917,170.08424644875296,172.08216873756552,75.94375345200811,73.5822432948911,18.202138266175176
person_14.mp4,front,714,11917,59.91649433466743,848,478,144.06093970332878,145.9816428161425,171.14127796635245,172.27790332974587,77.31239225765626,75.34657078542901,17.975470620698786
person_14.mp4,front,715,11933,59.91649433466743,848,478,146.8632411375593,147.675183524505,171.67634753147993,172.00637944014272,77.84985357638841,74.97436884041778,17.65804147060151
person_14.mp4,front,716,11950,59.91649433466743,848,478,150.20108658151756,147.6619788509282,171.7219331034319,172.2681741941749,78.89972396966282,77.57184564368971,17.72598665767651
person_14.mp4,front,717,11967,59.91649433466743,848,478,151.47168530605325,147.75310745216422,172.0654891025021,172.20531017935318,79.0203580897641,79.1744856938554,18.526294213487397
person_14.mp4,front,718,11983,59.91649433466743,848,478,152.6523582889133,146.7470157690939,172.50402356780296,171.53186818486853,79.00849404771861,79.75607427154968,19.944405714344033
person_14.mp4,front,719,12000,59.91649433466743,848,478,154.28360463850666,149.35304030258564,172.85487097317693,171.89896363592874,79.05205870152865,79.19228458029659,21.41003472347488
person_14.mp4,front,720,12017,59.91649433466743,848,478,156.38990496972866,150.41994977382043,171.92793145807485,172.09177507515753,80.05151053787102,79.65771948591633,20.71963531425375
person_14.mp4,front,721,12033,59.91649433466743,848,478,156.04466480311413,151.46640619358902,171.64389915488533,172.29112798965772,79.97401280959339,79.21095838441501,20.303342759823586
person_14.mp4,front,722,12050,59.91649433466743,848,478,157.3500299640503,153.39649050112482,171.4342442803942,172.10179133847225,80.65497100910873,79.1574183117958,20.242912148755906
person_14.mp4,front,723,12067,59.91649433466743,848,478,156.22399732360125,153.5538745739294,171.75018023894688,171.49115802235045,80.22127583588657,78.53346036960397,19.749619436676138
person_14.mp4,front,724,12083,59.91649433466743,848,478,156.4498936968305,151.95326823214856,171.20822097336014,171.66770636181323,79.89533321752904,78.45780581430495,19.183451713957556
person_14.mp4,front,725,12100,59.91649433466743,848,478,158.64259036717473,149.82170518907787,169.81222690007166,171.8329674525647,80.89142943801605,76.72571143173808,18.7198083357346
person_14.mp4,front,726,12117,59.91649433466743,848,478,159.49235020397344,148.2518843725166,169.034464545579,171.9910311628439,80.47466080400693,75.74334217581075,18.7018372466049
person_14.mp4,front,727,12134,59.91649433466743,848,478,158.83905562895876,149.6153722350698,169.42717496233783,171.9625869567482,79.76244646403138,77.10932947152187,18.971981634153796
person_14.mp4,front,728,12150,59.91649433466743,848,478,159.7258581638804,152.3036397406844,169.58847517620296,171.68092904834685,80.68195626687678,78.80203006179512,18.814595247869217
person_14.mp4,front,729,12167,59.91649433466743,848,478,159.6073101146949,152.2782769985421,169.86010141398012,171.58055296568355,81.00344892313312,79.20681980610206,18.462775349499022
person_14.mp4,front,730,12184,59.91649433466743,848,478,159.4525805405744,152.96271279223663,170.049632066264,171.20017235385794,80.92011860169805,79.45843442156769,18.280631423405048
person_14.mp4,front,731,12200,59.91649433466743,848,478,158.4068313579961,151.8871819274706,170.9178424287192,171.42188851263268,80.40928997257457,79.1123003184347,18.5523174732159
person_14.mp4,front,732,12217,59.91649433466743,848,478,157.1812808096323,153.31151199137668,171.63214124618085,170.406531324498,79.25235859785077,79.13318724983208,18.723174314219214
person_14.mp4,front,733,12234,59.91649433466743,848,478,158.2094320027457,151.15569288313174,171.97168618537344,171.9897464871845,79.88220040770177,78.75436911869058,20.234683563605664
person_14.mp4,front,734,12250,59.91649433466743,848,478,158.19618275055873,150.54267914994873,172.18439341266367,172.0973477143662,79.88464462348962,78.75928022479906,20.34790391976217
person_14.mp4,front,735,12267,59.91649433466743,848,478,157.38602022222665,151.23225935674685,172.30789367035678,172.0469476376601,79.35730668052862,79.03632044943545,20.151368626220222
person_14.mp4,front,736,12284,59.91649433466743,848,478,157.95800225220347,150.97373207209867,171.9447707936837,171.53178007465505,79.84406096352042,79.20612986967164,19.059856981088103
person_14.mp4,front,737,12300,59.91649433466743,848,478,157.9666231016448,150.36918817892408,171.72709089298712,171.69951179457698,79.86923922517414,79.30104102108,18.90171415927522
person_14.mp4,front,738,12317,59.91649433466743,848,478,158.72156239112292,150.5829493564959,171.28125567244024,171.34939999351533,80.4183564483452,79.57799107753554,18.449757168239984
person_14.mp4,front,739,12334,59.91649433466743,848,478,158.236428001231,150.87047501290897,171.51393137733768,171.20442022062136,80.38119303170353,79.73395406398373,18.488483811540107
person_14.mp4,front,740,12351,59.91649433466743,848,478,157.5940470673592,150.57847852693908,172.08399240913857,171.87241273165588,80.40284989775095,79.40129611630765,19.648724889909914
person_14.mp4,front,741,12367,59.91649433466743,848,478,157.86958568608628,150.407063644977,171.74436032572495,170.95637454616997,80.58055535895407,79.42992327136089,18.42347339059254
person_14.mp4,front,742,12384,59.91649433466743,848,478,157.13139412145912,150.34358673896645,172.26913783912772,171.70736406821726,80.4832515486422,79.1313900073388,19.461150127162142
person_14.mp4,front,743,12401,59.91649433466743,848,478,156.5063207615788,150.4059063377553,172.57241067294666,171.9774835517784,80.35855348701679,79.00788080092676,20.014936038967743
person_14.mp4,front,744,12417,59.91649433466743,848,478,156.53508286531599,150.85227531080415,172.706500461919,171.95594300803094,80.37395553706294,79.26285819816403,20.132684114273626
person_14.mp4,front,745,12434,59.91649433466743,848,478,156.29093240422444,150.84540007658447,172.6602096161499,172.05202876850376,80.5045868488247,79.25637038253842,19.951339702700363
person_14.mp4,front,746,12451,59.91649433466743,848,478,155.39017400551887,150.23325655559165,173.03847065306195,172.27265465257332,79.59248987624127,78.24853281016858,20.625558562027024
person_14.mp4,front,747,12467,59.91649433466743,848,478,155.39648056253327,150.2323558904418,173.10496735708358,172.3251369699532,79.76162899259492,78.27089931790206,20.74915102858941
person_14.mp4,front,748,12484,59.91649433466743,848,478,155.97748454624872,151.3876353614945,172.64153436796795,172.4289153233462,79.38707857179693,78.96928856742328,20.797672719094816
person_14.mp4,front,749,12501,59.91649433466743,848,478,155.95994142187504,151.50095216946525,172.71697904525766,172.40203927984032,78.99576026724458,78.52054865704835,20.884476864492843
person_14.mp4,front,750,12517,59.91649433466743,848,478,156.13783674717902,152.3410069091897,172.69422074558761,172.31348540827682,79.31101360639688,79.58082567204788,20.636934699511876
person_14.mp4,front,751,12534,59.91649433466743,848,478,156.83812505606207,152.77252257680962,172.40168443068046,172.1783367198202,79.77800580088434,79.6264687110718,20.341645356690044
person_14.mp4,front,752,12551,59.91649433466743,848,478,154.861079398895,151.37010300613048,172.3690611801203,172.4451101620469,78.72726128495543,79.62499103856567,20.116228176778524
person_14.mp4,front,753,12567,59.91649433466743,848,478,155.34479873941245,151.09252804901772,172.29156731775,172.30112116361542,79.28133113244651,79.29058203347186,19.982239020998996
person_14.mp4,front,754,12584,59.91649433466743,848,478,154.0776393983642,150.13027586999232,172.2951253635598,172.4418862040831,78.40545161661348,79.06185691764061,19.962119271224523
person_14.mp4,front,755,12601,59.91649433466743,848,478,153.82127232155943,149.99434051754142,172.273805543366,172.26778775355487,78.57317150895432,79.25067459737927,19.78073405872709
person_14.mp4,front,756,12618,59.91649433466743,848,478,154.5032631724808,149.55834456505602,171.8825356014686,172.29099133603307,78.10293945602675,78.7309003260605,20.054374266409102
person_14.mp4,front,757,12634,59.91649433466743,848,478,154.82758137666926,150.58293238384556,171.53163874546607,172.05204403660474,78.05559081907423,79.04305332575915,19.739511650293792
person_14.mp4,front,758,12651,59.91649433466743,848,478,154.5752823131245,150.0562816814902,171.50895862725113,171.86638271044157,78.35350605316876,78.58915897142406,19.540184503501713
person_14.mp4,front,759,12668,59.91649433466743,848,478,152.5644219832997,149.16509009429657,171.88553562547585,171.8582281983151,77.70541938696644,78.14708491016755,19.142382400601218
person_14.mp4,front,760,12684,59.91649433466743,848,478,149.77187756826302,147.42189609827463,171.74960761741607,171.88997924770197,76.11950196626678,77.28279785946363,18.938090119279614
person_14.mp4,front,761,12701,59.91649433466743,848,478,147.78735371641034,146.92534575816396,172.30820055437727,171.8433923328903,75.28452173730014,77.06546832241642,18.93749634989491
