video,view,frame,timestamp_ms,fps,frame_width,frame_height,left_knee_angle_deg,right_knee_angle_deg,left_hip_angle_deg,right_hip_angle_deg,left_ankle_angle_deg,right_ankle_angle_deg,trunk_angle_deg
person_1.mp4,front,0,0,59.944700460829495,848,478,146.06619603901228,147.44569889919913,164.34591394227613,163.38535153295396,80.17280837055286,82.05743104658922,20.075499046653043
person_1.mp4,front,1,17,59.944700460829495,848,478,149.72423150169794,149.91179138259875,169.53545812216984,170.22818072391613,83.86697199918572,86.23790138650867,11.58044883774665
person_1.mp4,front,2,33,59.944700460829495,848,478,149.11600925974292,148.34050978517786,171.466197573115,169.99592603880254,84.27747270251858,86.46461435455265,8.79033124907844
person_1.mp4,front,3,50,59.944700460829495,848,478,150.91315087671924,149.08245131411618,170.85188378978998,167.87785776198396,84.55842221792659,87.00373092162636,10.831769851068485
person_1.mp4,front,4,67,59.944700460829495,848,478,149.85870833857675,147.01652568575045,171.4702400466455,168.02176187921634,84.54170255706813,86.1667777455787,9.370116849902589
person_1.mp4,front,5,83,59.944700460829495,848,478,149.9153192293829,146.76625321051762,171.4028737789982,168.15037038236002,84.64922945796759,86.15472904355215,9.398719059509197
person_1.mp4,front,6,100,59.944700460829495,848,478,149.64087309052974,146.580629752914,171.31815262352933,167.46197472096347,84.24379306902354,85.88121493755254,10.036110440532877
person_1.mp4,front,7,117,59.944700460829495,848,478,150.7592520454497,147.0734576715556,172.73039048947297,168.26555503297345,85.39912884866972,86.72603342427581,8.592516359893931
person_1.mp4,front,8,133,59.944700460829495,848,478,150.32536259283273,146.86553696885576,172.69581680444412,168.18202612558912,85.2699637679248,86.85639300999128,8.368132408984671
person_1.mp4,front,9,150,59.944700460829495,848,478,150.53341047013373,147.10703946757917,173.67329159951632,169.1428963010006,85.34616719164225,87.05359107981538,7.441387276803071
person_1.mp4,front,10,167,59.944700460829495,848,478,150.87153939152515,147.29124534133328,173.60261345897652,170.0028781799733,85.57108670343308,87.13023771349937,7.159483332963049
person_1.mp4,front,11,184,59.944700460829495,848,478,151.39022376859276,148.02551828314114,173.47409400642232,169.57251248930703,85.89181909587013,87.7363037855575,7.584372433108101
person_1.mp4,front,12,200,59.944700460829495,848,478,150.6752500636541,147.80929529917233,172.67903519867903,169.34806539488338,85.47051118336556,87.6910209421485,8.001743395711745
person_1.mp4,front,13,217,59.944700460829495,848,478,150.72212332940683,147.79819441942945,173.14605521069748,168.90548120117785,85.20436918589398,87.39122392117376,8.23091196449221
person_1.mp4,front,14,234,59.944700460829495,848,478,150.58596799393482,147.62207245290602,172.8253513263223,168.3915438062464,84.93350234112417,87.16323212667638,8.67605395510009
person_1.mp4,front,15,250,59.944700460829495,848,478,150.56493791805994,147.78096670607115,172.2424074581878,167.95468226834808,85.11028787480183,87.54979882697808,8.973791101840147
person_1.mp4,front,16,267,59.944700460829495,848,478,150.36605904945088,147.6509557844979,171.8816864783353,167.8596311730901,84.94862932540384,87.3734135756375,9.285209618479591
person_1.mp4,front,17,284,59.944700460829495,848,478,149.46212040070907,147.26051423534798,171.74630384415204,167.97204126622708,84.55571127552756,87.09906370812223,8.996990577022123
person_1.mp4,front,18,300,59.944700460829495,848,478,149.0628684548692,147.13888225922514,171.54330969365458,168.07096015368307,84.34752344317353,87.02321324580672,8.922772395529131
person_1.mp4,front,19,317,59.944700460829495,848,478,149.45017245069548,147.30937240943788,171.84402696615643,168.07428349775665,84.29051651757486,87.28260930963981,9.027489214084161
person_1.mp4,front,20,334,59.944700460829495,848,478,152.28765970104197,147.92189005884333,173.24388277558361,168.47024664375328,85.67030060223233,87.5546982109155,9.013124209600804
person_1.mp4,front,21,350,59.944700460829495,848,478,152.63626873758676,148.0341272803393,173.5281195998333,168.7256637734779,85.78539754654157,87.55327919606806,8.901559918359368
person_1.mp4,front,22,367,59.944700460829495,848,478,153.49971401495117,148.73667129545706,174.15769866735656,169.33760860338614,86.03573022657234,87.81658186221846,8.683241942998738
person_1.mp4,front,23,384,59.944700460829495,848,478,153.99171937229613,148.9086249911185,174.46134429418993,169.39056547779143,86.20068615910107,87.80316479087712,8.673384841802068
person_1.mp4,front,24,400,59.944700460829495,848,478,154.0292441199176,149.03923829680485,174.58136410328805,169.56008880657896,85.93491610034168,87.710215777579,8.687349116475197
person_1.mp4,front,25,417,59.944700460829495,848,478,153.93624728515147,149.04870253072383,174.44249567284797,169.58034615934028,85.92471934500709,87.71783351346828,8.746633594316105
person_1.mp4,front,26,434,59.944700460829495,848,478,153.28853218586792,148.52300060029216,173.91772991331408,168.8781416256284,85.33149034643506,86.9854651512729,9.40841859329422
person_1.mp4,front,27,450,59.944700460829495,848,478,152.16931087631463,147.41577505120944,173.31821653096742,168.23155308425018,84.85593502910963,86.3725327768832,9.54521921683202
person_1.mp4,front,28,467,59.944700460829495,848,478,151.7076634936897,147.22002691884276,173.04998130956773,168.02320255566332,84.60539650980301,86.10207228779271,9.729922715588883
person_1.mp4,front,29,484,59.944700460829495,848,478,151.48362807417254,147.05943090112945,173.06695904045253,168.0117678855141,84.48598726032692,86.0151601735135,9.644980163343169
person_1.mp4,front,30,500,59.944700460829495,848,478,151.39369998278704,146.75790531922578,171.96870714798507,167.63780855773803,84.41259012481788,85.55486085292443,10.448147895104327
person_1.mp4,front,31,517,59.944700460829495,848,478,151.4163456819047,146.86579186995797,172.34220333923042,167.76331071654727,84.47135903069567,85.58944139572877,10.184079806705967
person_1.mp4,front,32,534,59.944700460829495,848,478,151.47509651096416,147.13063548315486,172.62279382999222,167.9086048482687,84.53733668833696,85.78380522866524,9.936119506304097
person_1.mp4,front,33,551,59.944700460829495,848,478,151.1276609913681,147.06693885393,172.59922789336272,168.18888463207853,84.49625373134431,85.87294102244148,9.561112301802408
person_1.mp4,front,34,567,59.944700460829495,848,478,151.02085765467965,147.10249171397234,173.40240240035274,168.52128971052738,84.36647531404498,85.8698084183646,8.962715958989277
person_1.mp4,front,35,584,59.944700460829495,848,478,150.89071118163875,147.16060836704906,173.31404228147713,169.08146702165402,84.33100269286946,85.94054571892337,8.628182255669232
person_1.mp4,front,36,601,59.944700460829495,848,478,152.6907448306721,148.0338743534956,172.15607339937256,167.86856806415915,84.9189945791171,86.4135187962506,10.581853120395923
person_1.mp4,front,37,617,59.944700460829495,848,478,152.7985700119337,148.21358107328612,172.77766646865334,169.2149774732621,85.07005450726322,86.66392756415996,9.507810363456752
person_1.mp4,front,38,634,59.944700460829495,848,478,154.3348363385751,149.0166256091522,172.91060646020242,169.22127298147868,85.66991638020191,87.07164464281003,9.971246233066147
person_1.mp4,front,39,651,59.944700460829495,848,478,153.61525207663325,148.83026478673568,173.20247522141455,169.36811991017447,85.1648330694175,86.92241963771505,9.73090987285349
person_1.mp4,front,40,667,59.944700460829495,848,478,155.26445395629204,149.6461766043011,172.47145622875576,168.12599683364516,85.94009494577436,87.28687287297689,11.46566549718876
person_1.mp4,front,41,684,59.944700460829495,848,478,153.54857881113102,148.48739280589774,171.82779918941102,168.27713129959506,84.85868522103908,86.18466405842639,11.397520019454355
person_1.mp4,front,42,701,59.944700460829495,848,478,153.81638483223549,148.97616540120495,170.1730037406226,168.29826034947436,84.87539193819208,86.46686698064968,12.631466080636224
person_1.mp4,front,43,717,59.944700460829495,848,478,153.49864589523267,148.86571609979953,170.41748359538235,168.24931896866335,84.72850484994673,86.51898224424163,12.401379281753487
person_1.mp4,front,44,734,59.944700460829495,848,478,153.96432483620165,149.8903984832835,168.9973919437144,168.19709572119143,84.8240640979824,87.18034205910021,13.64413079895224
person_1.mp4,front,45,751,59.944700460829495,848,478,154.27295828776136,149.70362106891585,169.95388234633316,168.22984954001467,85.12986298698232,87.22036154642389,13.061205012913536
person_1.mp4,front,46,767,59.944700460829495,848,478,152.48485140246575,149.62497716209856,169.53758482375073,168.38083002956387,84.28019551594556,87.24241923073426,12.634975892228162
person_1.mp4,front,47,784,59.944700460829495,848,478,151.6337594187856,149.1499141468054,169.05741164693842,168.25908924618992,84.63214005671085,87.20458269755262,12.212857622655008
person_1.mp4,front,48,801,59.944700460829495,848,478,151.85766819718938,149.28098839982567,169.00688147337803,168.2380502115904,84.65451165400073,87.39216630445318,12.357139155677519
person_1.mp4,front,49,817,59.944700460829495,848,478,151.73218377359984,149.25284244414684,168.9186659490194,168.19725221391033,84.51575244140828,87.38813679949303,12.376871995899943
person_1.mp4,front,50,834,59.944700460829495,848,478,151.92213567838832,149.13236805787668,168.76028021729746,168.12911449459287,84.58260696637247,87.29427130160643,12.55769339370517
person_1.mp4,front,51,851,59.944700460829495,848,478,152.22490955829335,149.0496394245036,169.48687287436059,168.37451257593773,84.5497036201155,87.13228482733132,12.164691069435625
person_1.mp4,front,52,867,59.944700460829495,848,478,152.25904024397562,149.0157705962506,169.69474867465283,168.50964133604114,84.39267916330947,87.08288384767233,12.068332683572288
person_1.mp4,front,53,884,59.944700460829495,848,478,152.0461331289356,148.96458873978818,169.95442615135292,168.6239953255472,84.03480672395935,86.98633682857131,11.909269883722216
person_1.mp4,front,54,901,59.944700460829495,848,478,152.18120106296357,148.86653199247317,170.61994460839117,168.88110938690966,83.97944627522689,86.83079485556183,11.469002423865561
person_1.mp4,front,55,918,59.944700460829495,848,478,153.26629464723112,149.31501397286291,171.18513108908974,168.96379577051883,84.52195714552757,86.97670641971831,11.387838534132934
person_1.mp4,front,56,934,59.944700460829495,848,478,152.99978948953577,148.96793978892373,171.24462455994617,168.80452091510412,84.37038813774522,86.72564223608983,11.262956341887257
person_1.mp4,front,57,951,59.944700460829495,848,478,152.98185929407222,148.86947115348642,171.27932833991954,168.67640296385127,84.37425881163793,86.54951534329248,11.279662144812756
person_1.mp4,front,58,968,59.944700460829495,848,478,152.91429033022644,148.86060821863722,171.5928392452513,168.76332341458794,84.34760143167392,86.54106235696257,10.988294620574415
person_1.mp4,front,59,984,59.944700460829495,848,478,153.59618209385502,149.11103132260814,172.06042134709458,168.84899039292904,84.70014591212247,86.62471973247817,10.881334135556457
person_1.mp4,front,60,1001,59.944700460829495,848,478,154.79879395886468,149.50696450066854,172.9688266407154,169.0974743230312,85.31844678559618,86.90119981849287,10.617915773822554
person_1.mp4,front,61,1018,59.944700460829495,848,478,155.12971358373287,149.80322916690028,173.51806755703217,169.24542064056993,85.58929475702521,87.16691605969021,10.287928227026244
person_1.mp4,front,62,1034,59.944700460829495,848,478,152.52683304173266,148.96469323409877,172.77773871534944,169.8039174346614,84.84370362844729,86.92573066688378,9.300898199872892
person_1.mp4,front,63,1051,59.944700460829495,848,478,150.89055618821465,148.64046986954588,172.25042243387378,170.39368617196976,84.82851616987563,87.03047603331238,8.379007232843453
person_1.mp4,front,64,1068,59.944700460829495,848,478,151.31909204600294,148.7022848185596,172.03782371305775,170.49657473455193,85.40846824796549,87.26589015211003,8.32763331594359
person_1.mp4,front,65,1084,59.944700460829495,848,478,151.32112770049497,148.6278939480515,171.94004846601868,170.32138453334787,85.3242028017328,87.19280819561271,8.505938914596525
person_1.mp4,front,66,1101,59.944700460829495,848,478,151.4967790543677,148.5776511858603,171.4475040797534,170.12723786301837,85.35054991745497,87.2154763644792,8.93989288546593
person_1.mp4,front,67,1118,59.944700460829495,848,478,152.5631647133491,148.7181685179769,171.78693103153032,170.1151456929837,85.84221607627914,87.30038313427751,9.129249329056663
person_1.mp4,front,68,1134,59.944700460829495,848,478,153.26742332188442,148.80597945947542,172.14456456078858,170.0322558110877,85.92436760684079,87.28325141404932,9.245887596160268
person_1.mp4,front,69,1151,59.944700460829495,848,478,150.66574491821257,147.9077148712908,171.1555329641413,167.55691178927316,83.26610210848321,85.93513281661129,11.194195567713708
person_1.mp4,front,70,1168,59.944700460829495,848,478,151.11540400843595,147.91694924400764,171.3506102274305,167.77650550606464,83.36877929458105,85.92848237416051,11.185630121805094
person_1.mp4,front,71,1184,59.944700460829495,848,478,151.50315138844587,148.31313709887473,171.38649195450552,167.86367671349032,83.65215747250056,86.35824512523897,11.130962631291982
person_1.mp4,front,72,1201,59.944700460829495,848,478,151.54826412347302,148.48874975435572,171.28080708252267,167.96555265278968,83.67080180799178,86.59855971566647,11.115817564073133
person_1.mp4,front,73,1218,59.944700460829495,848,478,150.2828757035747,147.6552085749843,170.3808190252085,166.91053470839478,82.69491940708636,85.71017460283866,12.051231576548137
person_1.mp4,front,74,1234,59.944700460829495,848,478,151.07778500415333,147.89285277809608,170.54173271933544,167.39267789911253,83.68416147740201,85.98824893958276,11.715060735044664
person_1.mp4,front,75,1251,59.944700460829495,848,478,150.31073501268284,147.96718235242358,169.3930822228154,167.44541750568013,83.36695535140466,86.21320481201647,12.110366185080867
person_1.mp4,front,76,1268,59.944700460829495,848,478,149.74053124475174,147.73198820742667,169.19875393875608,167.28132573121295,82.86864239982243,86.01012034259236,12.272714207273808
person_1.mp4,front,77,1285,59.944700460829495,848,478,148.56361175335172,147.5691888260366,168.29396035595258,167.21159914587903,82.39286275012037,86.14353498174916,12.383482795245834
person_1.mp4,front,78,1301,59.944700460829495,848,478,148.20279144462174,147.44221196376327,168.30567277524116,167.33125249621273,82.10894496136578,86.18460698690787,12.184680541221258
person_1.mp4,front,79,1318,59.944700460829495,848,478,147.50481115567058,147.08567739349292,168.38847896607322,167.7666071358673,81.81985568686622,86.0592953865964,11.6070956926817
person_1.mp4,front,80,1335,59.944700460829495,848,478,146.65238751167027,146.97973475962445,169.77336612825556,170.03067697394383,81.59211574966211,86.13249656439928,9.363542846324448
person_1.mp4,front,81,1351,59.944700460829495,848,478,145.6935623923737,146.6120014783777,169.2676615803192,169.77399636804935,81.16538550082629,85.88044815374754,9.47113465785442
person_1.mp4,front,82,1368,59.944700460829495,848,478,145.34918851387476,145.78615048056852,169.25128606932876,169.5653912504556,80.89805443768147,85.26486309805777,9.612097826951109
person_1.mp4,front,83,1385,59.944700460829495,848,478,144.75712439514362,145.69003529598135,169.044657503511,169.430256527718,80.59074729451523,85.16469396633838,9.573825952926473
person_1.mp4,front,84,1401,59.944700460829495,848,478,143.63243702909188,144.75625047135617,169.15091932427896,169.5901244773542,79.14023455625465,83.87173080729471,9.612896618374085
person_1.mp4,front,85,1418,59.944700460829495,848,478,143.52911500565412,144.22248167496946,169.109388987643,169.21108749621814,78.97611504768031,83.19343011429545,9.822075794199842
person_1.mp4,front,86,1435,59.944700460829495,848,478,142.56200373898056,143.79647891051346,169.11127333446655,169.07466947919843,77.9194668234044,82.45035980274906,10.11572787084724
person_1.mp4,front,87,1451,59.944700460829495,848,478,142.11863964390253,143.49684388913866,169.20471877714442,169.14514862145316,77.56207101396419,82.14214756417577,10.116860248593062
person_1.mp4,front,88,1468,59.944700460829495,848,478,141.17923167992421,143.06272612944358,168.6977254294803,168.29414510998794,76.72045542955496,81.64970037711831,10.945531826323156
person_1.mp4,front,89,1485,59.944700460829495,848,478,141.8103923902187,143.54958554497492,169.6177477440462,168.54003444983,77.25174977092661,82.00555662162742,10.315929898010888
person_1.mp4,front,90,1501,59.944700460829495,848,478,142.2057371207633,143.9104286055099,168.97734368605546,167.76579674706625,77.63140952132984,82.29487564561063,11.112731885673949
person_1.mp4,front,91,1518,59.944700460829495,848,478,141.8609175442453,144.17272910575593,168.64883860615936,167.7258805853563,77.36322160425863,82.49352772615772,11.176124370749699
person_1.mp4,front,92,1535,59.944700460829495,848,478,140.13189409681863,143.10554366638237,167.80956164935418,167.04077949690824,76.38958370513089,81.37471836289292,11.761262770086391
person_1.mp4,front,93,1551,59.944700460829495,848,478,140.7865113698776,143.27790710385636,170.13920715875526,170.29895885151313,77.33282836993241,81.53382332293008,8.753361818406226
person_1.mp4,front,94,1568,59.944700460829495,848,478,141.10447829297573,143.5752229400378,170.23432028095024,170.22269261558534,77.31183705300694,81.78055235721011,8.825645523529973
person_1.mp4,front,95,1585,59.944700460829495,848,478,140.59424104686107,143.542195530135,170.08588441522377,170.3503311060174,76.92572365938706,81.20664427137783,9.036413720760507
person_1.mp4,front,96,1601,59.944700460829495,848,478,140.37017797507144,143.73969197231747,169.14714520972112,170.40045608520686,76.76836637723537,81.07284442074524,9.663656105413693
person_1.mp4,front,97,1618,59.944700460829495,848,478,140.69343513542233,144.2324350308208,169.31136293198446,170.57692821402514,76.79465783193048,81.10547932890768,9.872403231028764
person_1.mp4,front,98,1635,59.944700460829495,848,478,139.72806352177753,143.9516300571681,165.96075506174796,167.84074324298768,75.7292077004114,80.53477411187153,13.49676841865244
person_1.mp4,front,99,1652,59.944700460829495,848,478,140.18357579405804,144.47522445460427,165.4782950346264,167.79679676237575,75.8640585023722,80.8367270598227,13.78262814746011
person_1.mp4,front,100,1668,59.944700460829495,848,478,138.76023612347518,143.6701927337948,163.43823524998092,166.4901200815134,75.18363081641378,79.9867738010719,15.76400406079734
person_1.mp4,front,101,1685,59.944700460829495,848,478,139.4863045886487,144.57630679472246,163.70710842220342,165.6425755193626,74.54786969960587,80.23809177720534,17.274369854590265
person_1.mp4,front,102,1702,59.944700460829495,848,478,136.86996177139454,143.00193490956346,163.5833710026869,165.00650817384988,72.84511457913528,79.23172749532415,17.610408577036125
person_1.mp4,front,103,1718,59.944700460829495,848,478,137.12747948229898,142.39420401698297,163.46630195723955,165.10645062126332,72.19852203477139,78.5807604189969,18.185430036196532
person_1.mp4,front,104,1735,59.944700460829495,848,478,138.34406003613714,142.78553610357736,163.13832742569602,165.09676310643266,72.82262769998675,78.36593714632086,18.632213516813458
person_1.mp4,front,105,1752,59.944700460829495,848,478,137.88632972450944,142.3460578884607,162.49121775016644,164.88126845573385,72.24931346141534,77.66537263743682,19.53162754272971
person_1.mp4,front,106,1768,59.944700460829495,848,478,134.75612873973296,139.83814701935796,162.4164457570277,163.79012476676073,70.1765193366193,76.84956504198023,19.52924365057591
person_1.mp4,front,107,1785,59.944700460829495,848,478,133.69357457509233,137.3662381080234,162.2822725490103,162.42966065104937,69.33050441218472,76.00031474820368,19.56885002379246
person_1.mp4,front,108,1802,59.944700460829495,848,478,130.858196450135,131.6779340487353,160.63157821761024,159.14052109518124,68.48514607357686,74.29196187653962,19.876178319993873
person_1.mp4,front,109,1818,59.944700460829495,848,478,126.82048413512216,126.91042931386794,160.9728321768127,156.1520175228124,66.17414655096265,72.89207185156012,20.005378969502974
person_1.mp4,front,110,1835,59.944700460829495,848,478,124.82200051479114,120.9416715679416,160.25982338067942,152.51087196911982,64.71660889393183,70.98114199801715,20.409927395791524
person_1.mp4,front,111,1852,59.944700460829495,848,478,125.18733556053743,119.17520839451002,160.68347277854122,151.31925208276343,64.41213140733515,69.35237759217583,20.829390227444982
person_1.mp4,front,112,1868,59.944700460829495,848,478,125.77902725962667,119.59366942052536,160.35897798725946,152.15016064515652,64.64557509879253,70.42293159518721,21.039579803203797
person_1.mp4,front,113,1885,59.944700460829495,848,478,125.06804027683451,118.87103230064496,161.41318132964295,151.68604235999692,64.43574622402875,69.01512694630844,20.709691254765463
person_1.mp4,front,114,1902,59.944700460829495,848,478,125.52829508241584,116.66070699897163,162.05914471575358,149.73334892363002,63.673837413444375,68.01642250225673,21.03300369464963
person_1.mp4,front,115,1918,59.944700460829495,848,478,124.4538778593683,111.40601637331821,161.02136883169842,144.6170591043594,63.89598040388218,70.72629018361627,21.059050843152615
person_1.mp4,front,116,1935,59.944700460829495,848,478,124.32772066390356,113.68185396770312,160.76447792641605,146.3544386780114,63.528746696978736,71.94057439749854,21.273235834817747
person_1.mp4,front,117,1952,59.944700460829495,848,478,116.19066750831183,107.59903524339418,155.32243794128308,141.85505688929837,60.97995365561876,72.26362276609981,20.927026002875138
person_1.mp4,front,118,1968,59.944700460829495,848,478,114.51229444042552,103.53530451421997,154.47479688469488,137.97881450635884,62.10233920196193,71.80145314570713,20.753012785540434
person_1.mp4,front,119,1985,59.944700460829495,848,478,108.79668085539345,95.30934774128414,151.49476279413327,130.9070986358185,61.81350383303595,69.854524672538,20.66998453082268
person_1.mp4,front,120,2002,59.944700460829495,848,478,103.72575602861812,89.96266772337543,148.1865718980134,126.71590912218672,60.47007322506671,67.93791620324885,20.689337009820537
person_1.mp4,front,121,2019,59.944700460829495,848,478,100.42255272787547,87.4914321477074,145.67559782561153,125.61027027735763,59.57822960145013,66.74462836690067,20.674373348462268
person_1.mp4,front,122,2035,59.944700460829495,848,478,100.61150123438642,85.76358698732004,146.3513460244333,124.32816913979497,60.828079830449525,67.33596671487379,20.839410140024277
person_1.mp4,front,123,2052,59.944700460829495,848,478,99.5279694431031,84.43996063385863,145.38379003311698,123.386365026925,59.662145555468406,67.58468481103294,20.861459430752753
person_1.mp4,front,124,2069,59.944700460829495,848,478,99.93074786529664,81.075502328285,146.08782474619156,120.4492363355575,60.47711787155573,67.17327524910239,20.946880121799186
person_1.mp4,front,125,2085,59.944700460829495,848,478,98.78899786631007,80.5234538324096,145.20818105550907,119.86082270391364,59.913502920068915,67.51741424509966,20.87417302965691
person_1.mp4,front,126,2102,59.944700460829495,848,478,98.04678189317256,80.30529942751774,144.12518938235536,119.19393711027908,62.41173135848362,68.0063067058787,20.807340680949714
person_1.mp4,front,127,2119,59.944700460829495,848,478,97.09764877669933,78.02745979944739,143.38767398668355,118.71115834632238,60.425826573219936,67.32813578577691,20.60608428320379
person_1.mp4,front,128,2135,59.944700460829495,848,478,97.80316789699567,78.43176940658516,143.85826589193235,118.70510854346661,60.30101647695693,68.27570396000928,20.818303755897574
person_1.mp4,front,129,2152,59.944700460829495,848,478,98.49118690989874,78.12220103275871,144.4703981256479,118.63382716203783,61.33256168716734,69.15486964710462,20.783454881066735
person_1.mp4,front,130,2169,59.944700460829495,848,478,97.72124412037455,76.23599168720492,144.15959009360535,116.81327401795849,60.72055180518925,70.38805193194811,20.766947825253293
person_1.mp4,front,131,2185,59.944700460829495,848,478,98.95141534237436,78.19945110821216,146.21332319719906,120.54504259679544,62.09837338724053,74.08862766494883,19.98454828592395
person_1.mp4,front,132,2202,59.944700460829495,848,478,99.45257137832303,77.54061616405987,146.88954786972306,121.03469374249987,61.293319709460796,72.17318704766048,19.808929342079367
person_1.mp4,front,133,2219,59.944700460829495,848,478,102.70286430504247,84.72544891738386,150.41880274110633,127.90122470876955,63.29751253356748,71.00055993146098,19.663633442881714
person_1.mp4,front,134,2235,59.944700460829495,848,478,102.48047788532634,84.69039086760594,151.09057939465228,128.24878489697298,63.3709827468696,70.09911383765123,19.653572426812953
person_1.mp4,front,135,2252,59.944700460829495,848,478,102.38804216732099,85.34026417266037,151.97210017112596,129.37031849386122,62.240589733128026,69.25828588609596,19.07587698697106
person_1.mp4,front,136,2269,59.944700460829495,848,478,102.08623959847282,84.96393454838471,151.94966576287126,128.94191739412608,62.16883809426405,68.42655557554065,19.08463768819342
person_1.mp4,front,137,2285,59.944700460829495,848,478,100.06533812924505,83.27692240918118,150.66101409290033,127.64045469106432,61.9223620926983,68.44449832009603,19.113488871902796
person_1.mp4,front,138,2302,59.944700460829495,848,478,99.9886653068724,82.92010800058544,151.45173600389526,128.12091808673463,62.8145953638337,69.8272945342465,18.540676792604696
person_1.mp4,front,139,2319,59.944700460829495,848,478,100.32667056355753,83.22336375852362,152.09097455350803,128.5730561423761,62.5034787185236,69.09446214195185,18.124171452740406
person_1.mp4,front,140,2335,59.944700460829495,848,478,100.50156560676291,83.16928453775459,152.18868218041894,128.5164442111042,62.12158642738052,69.14489715112269,18.189651258342828
person_1.mp4,front,141,2352,59.944700460829495,848,478,99.86311191957626,82.78631395848093,151.6183540411747,128.1138824548466,61.76201407783388,68.20011216196913,18.221672149657056
person_1.mp4,front,142,2369,59.944700460829495,848,478,100.79065924707726,83.77332177249282,152.30287462724766,129.1846348959373,62.22627249148009,68.70947398848175,18.325532403259373
person_1.mp4,front,143,2386,59.944700460829495,848,478,102.32626010118913,84.97515982942095,153.5650575384794,129.86744252284612,62.174049106567644,68.37420462097592,18.564276415797423
person_1.mp4,front,144,2402,59.944700460829495,848,478,102.31392854348559,85.16464735831903,153.70778361162627,129.83095444767943,62.02278453830598,68.24707583860345,18.494910626327545
person_1.mp4,front,145,2419,59.944700460829495,848,478,102.31546812989997,85.110500581116,153.5737294993873,129.6805529245784,61.535413971990735,67.93482949295138,18.553046889037205
person_1.mp4,front,146,2436,59.944700460829495,848,478,103.09173990777236,86.65163169903487,154.29734175821284,131.1144608753052,60.82428369818605,67.18629724602897,18.542630622527977
person_1.mp4,front,147,2452,59.944700460829495,848,478,102.42223741850775,84.51359781302546,153.6601330746485,129.35887303173237,61.33221949480955,66.99699461600122,18.606296900832113
person_1.mp4,front,148,2469,59.944700460829495,848,478,103.04258270485624,84.52708675010635,154.18135821255126,129.31257762490588,61.42384934802628,66.60132305297374,18.514171238353676
person_1.mp4,front,149,2486,59.944700460829495,848,478,103.94705413711783,85.80629376665038,154.94082006780826,130.1823747514658,61.15321199857195,67.29578726607892,18.463850789746147
person_1.mp4,front,150,2502,59.944700460829495,848,478,104.89528380573412,87.47689266344491,155.57418388702146,131.41173312807123,61.03904831661386,68.01285144868602,18.512646420868922
person_1.mp4,front,151,2519,59.944700460829495,848,478,103.84003501354742,86.29013939773685,154.868818083433,130.982010107208,61.00792364232326,68.91323352052275,18.56718065240206
person_1.mp4,front,152,2536,59.944700460829495,848,478,100.38308707451691,85.49825674717354,151.97300029648656,130.23576787867268,61.296770279485386,69.2976047228334,18.68562671457536
person_1.mp4,front,153,2552,59.944700460829495,848,478,99.2326142007566,84.1185288973187,151.01369054321742,128.9926893507588,61.13426109266087,68.59016975317233,18.885047561316387
person_1.mp4,front,154,2569,59.944700460829495,848,478,99.43856747030217,84.23169012087784,151.38301636120485,129.0727811733778,60.83043435469863,68.16579964593754,18.896535154357952
person_1.mp4,front,155,2586,59.944700460829495,848,478,99.3469892140262,84.2940988887794,151.47241107754672,129.2882687248767,60.391017550007824,67.72386084141257,18.907861049923845
person_1.mp4,front,156,2602,59.944700460829495,848,478,99.18736187725732,84.25606029441848,151.51044858357017,129.26038812403885,60.30949573428794,67.65471464573876,18.934116650518384
person_1.mp4,front,157,2619,59.944700460829495,848,478,99.2377557631603,84.2113138198626,151.4222108787994,129.18301130430206,60.20546893441388,67.42757797291054,19.09211169685215
person_1.mp4,front,158,2636,59.944700460829495,848,478,99.09874720990258,84.15864387163312,151.04804545537107,128.90844830706922,59.724600489471996,67.39712813843823,19.346616490479168
person_1.mp4,front,159,2652,59.944700460829495,848,478,98.86246903581367,83.78206877677563,150.75542213543068,128.55886162097752,59.59972439371734,67.31118350124744,19.497564345570634
person_1.mp4,front,160,2669,59.944700460829495,848,478,99.90718857834628,84.6836469359294,151.67797486487012,129.53612923058057,59.73686619928508,67.71588989636669,19.53495771860027
person_1.mp4,front,161,2686,59.944700460829495,848,478,100.60886080639722,84.5787776019773,152.37077854179392,129.58129235072388,59.98318803603458,67.62473636823114,19.5120076888038
person_1.mp4,front,162,2702,59.944700460829495,848,478,101.77733344017959,85.19238530726071,153.43270626628333,130.67018558941314,60.2033728771055,67.90512804526216,19.49480773149823
person_1.mp4,front,163,2719,59.944700460829495,848,478,102.5086675206403,86.85610745772135,154.08527919971414,131.95566689581045,60.18188824756153,67.82769528326453,19.39089854108431
person_1.mp4,front,164,2736,59.944700460829495,848,478,99.45919970547716,80.32064144083937,151.362926644835,125.97727715234473,59.207001123094415,65.86135405635729,19.60990429971875
person_1.mp4,front,165,2753,59.944700460829495,848,478,102.96130627171188,85.10545757314823,155.11487831540745,130.57225523871296,59.88111971803135,66.36605080223922,19.18950294148691
person_1.mp4,front,166,2769,59.944700460829495,848,478,101.73567662856672,84.12028045941109,154.10973067009306,129.8111685481,59.53959343202656,66.25616486875721,19.181309077438726
person_1.mp4,front,167,2786,59.944700460829495,848,478,101.12117391655659,84.56383147205571,153.62463337904126,130.1486153641607,58.798937752374094,66.12748241781212,19.1636554318839
person_1.mp4,front,168,2803,59.944700460829495,848,478,108.35553521949588,92.54309666886188,160.08055818028177,137.07944801176518,59.55190642309584,66.48551924807266,18.478323703635503
person_1.mp4,front,169,2819,59.944700460829495,848,478,107.59817080653299,93.59033669870378,159.47334831135902,138.7955242118865,59.321523902960614,66.300200591726,18.423130326393565
person_1.mp4,front,170,2836,59.944700460829495,848,478,107.4836990347227,92.79120630919428,158.98231294461627,138.0148222546533,58.04579074782917,66.297119501301,18.3819289464477
person_1.mp4,front,171,2853,59.944700460829495,848,478,107.20168488334893,92.24827894641687,158.57176636069568,137.50615408303008,58.26320483361133,66.58123471463392,18.36105464921639
person_1.mp4,front,172,2869,59.944700460829495,848,478,106.64517602236477,93.79941415082506,158.18683545456145,138.9707206181345,58.514925567346005,65.83780321532544,18.30130333258454
person_1.mp4,front,173,2886,59.944700460829495,848,478,106.33610536719056,93.97856906472319,157.91371782660016,138.93538521391028,58.871503504462794,65.96140332283042,18.34056311714089
person_1.mp4,front,174,2903,59.944700460829495,848,478,108.34251920369016,97.74271694656886,158.75879269811455,141.59068779644983,59.55796676995346,65.94913381301139,18.55683053278271
person_1.mp4,front,175,2919,59.944700460829495,848,478,111.14578587393592,103.33473176979768,160.75285037852638,146.38545421801786,59.554768830947516,66.17380389035579,18.830536085953053
person_1.mp4,front,176,2936,59.944700460829495,848,478,111.85855651881177,105.25157432635596,161.25871449422198,148.16506798377517,60.00942791812701,66.42797093774178,18.848810573358556
person_1.mp4,front,177,2953,59.944700460829495,848,478,115.97705370445779,112.42492531668461,163.09096165970664,154.49390223854644,60.33396593741653,66.78551421106191,19.36483565975873
person_1.mp4,front,178,2969,59.944700460829495,848,478,116.0761467878282,112.52462437719593,162.50312754177233,154.43011650608827,61.07797356037281,66.95663841043097,19.467337014969978
person_1.mp4,front,179,2986,59.944700460829495,848,478,116.32376224078791,112.24418830203986,162.6308582082744,154.03661709881976,61.540622816746904,67.94313758173107,19.28624743944611
person_1.mp4,front,180,3003,59.944700460829495,848,478,119.15220523870696,114.43841319844854,163.72681672518888,155.10647495811995,62.51087708971668,68.77874512809822,19.37203991947595
person_1.mp4,front,181,3019,59.944700460829495,848,478,120.34235979911261,112.22648597468053,163.96029348664214,153.560697590209,62.99456581054932,67.32783543396485,18.7762839281964
person_1.mp4,front,182,3036,59.944700460829495,848,478,123.2002010379044,115.44119322012052,165.36535908297716,155.65498788185425,63.34038166164506,68.6014765132549,18.822752021056807
person_1.mp4,front,183,3053,59.944700460829495,848,478,124.50350174382802,117.04067465887451,165.77477043201438,156.63906597361768,64.43642743155836,69.37608135832242,18.91336702787607
person_1.mp4,front,184,3069,59.944700460829495,848,478,124.58994867037974,117.72554776131216,165.49301149887995,157.02981547013252,64.18117582146623,69.92889609035477,19.092001301550027
person_1.mp4,front,185,3086,59.944700460829495,848,478,126.33921555016171,121.09226005308707,166.00814437869178,159.40541935181798,64.8145366017049,70.40411136516528,19.351367880577783
person_1.mp4,front,186,3103,59.944700460829495,848,478,126.83969142736113,120.45330879316815,165.35740433771954,157.4219368403226,62.623304696901755,69.41794364108867,19.28307811253559
person_1.mp4,front,187,3120,59.944700460829495,848,478,127.72769234024851,121.41162730866144,165.83444565321795,157.1745435009944,63.33823564841856,70.25801977532471,19.227645656495607
person_1.mp4,front,188,3136,59.944700460829495,848,478,128.68749416506205,121.75859352564764,166.06306269929544,156.5536517357174,63.01494163553337,70.32993436378175,19.259540816193244
person_1.mp4,front,189,3153,59.944700460829495,848,478,128.26623160938294,122.28448312266816,165.68964365795597,156.59489596814322,63.830875299331474,70.91521040066566,19.297064937365334
person_1.mp4,front,190,3170,59.944700460829495,848,478,128.73866169617594,123.79972302780178,165.58185528595757,157.62940973611623,63.718572133907266,72.45857026308539,19.156218699550386
person_1.mp4,front,191,3186,59.944700460829495,848,478,129.77241175518196,126.48222007132455,165.35409156906647,159.01326574585124,64.32249255395769,72.61937835819093,19.136066183339306
person_1.mp4,front,192,3203,59.944700460829495,848,478,132.26051196313128,130.2584298642821,165.35234459136782,161.0714175458879,65.41138904116109,74.29208708539089,19.106790199242102
person_1.mp4,front,193,3220,59.944700460829495,848,478,135.00579513575244,134.47980361322726,165.25331215974197,163.41172217379463,67.0551487388863,75.91307363940335,19.11843557996811
person_1.mp4,front,194,3236,59.944700460829495,848,478,136.88344607424096,136.1906534693225,163.53519427594745,164.19425998688044,70.19120959953912,75.4513496954941,19.058288746024445
person_1.mp4,front,195,3253,59.944700460829495,848,478,137.1818964935847,138.87933912608855,162.87388655226673,165.39025928093596,70.76926733979268,76.45236703107057,19.02183399150724
person_1.mp4,front,196,3270,59.944700460829495,848,478,134.38444027611772,138.71830090746292,161.92351669651674,165.5753661461279,68.93304592088884,75.59488378348799,19.00498452391245
person_1.mp4,front,197,3286,59.944700460829495,848,478,134.78078840817562,138.6057366209596,162.61537013914673,165.1248024384365,69.56863963924476,74.88381115612222,18.675914601240883
person_1.mp4,front,198,3303,59.944700460829495,848,478,136.4484254799153,139.9161973803811,163.4441622962678,165.52821780837368,70.17789615772739,75.3582222511912,18.290826313417973
person_1.mp4,front,199,3320,59.944700460829495,848,478,135.3237547081592,139.85682734194887,163.8352816975362,165.90745692403624,69.50073376212025,75.71091541188999,17.869539934712904
person_1.mp4,front,200,3336,59.944700460829495,848,478,138.0346720001224,140.488501507468,164.59978644732954,166.31495486138448,72.05122503351508,76.102499879357,16.73253838023849
person_1.mp4,front,201,3353,59.944700460829495,848,478,135.78570476626248,140.29307076168342,164.48532305515093,166.32078709573312,71.18693027467117,76.9033539040351,16.25023363714586
person_1.mp4,front,202,3370,59.944700460829495,848,478,136.34414440726508,140.79960580697224,166.1016798367225,166.72134065602071,71.24386619755981,76.75627595079582,15.177872850713678
person_1.mp4,front,203,3386,59.944700460829495,848,478,135.98990364378417,142.58653037153155,166.50556022895518,167.8430618241836,72.21899231171183,77.62875124235877,13.685938218280082
person_1.mp4,front,204,3403,59.944700460829495,848,478,137.74234046330292,144.74038134295265,169.08279726756524,170.0222199444974,74.04479353930182,79.65893813520572,10.749426819544812
person_1.mp4,front,205,3420,59.944700460829495,848,478,140.2226417066038,146.6888632441777,168.11805162356615,170.2241366662726,75.96979809998031,81.53637622324639,11.14063029634298
person_1.mp4,front,206,3437,59.944700460829495,848,478,141.3794070185247,147.30519932183051,169.1189607876982,171.3893096380709,77.10332677261911,82.46269612283962,9.75949461397444
person_1.mp4,front,207,3453,59.944700460829495,848,478,141.40917034584714,146.61288356838853,169.17872014910677,170.68366817205015,77.19149965253457,82.91334198325778,9.591755559967629
person_1.mp4,front,208,3470,59.944700460829495,848,478,145.1023243026102,147.86868663253492,170.9390329461794,171.34800452677638,80.84044494229157,85.82892849034869,7.239036686715694
person_1.mp4,front,209,3487,59.944700460829495,848,478,144.63403225974986,146.25974285381795,170.6095615196718,170.2145233813589,80.2374733921832,84.91626446557547,7.944432803906237
person_1.mp4,front,210,3503,59.944700460829495,848,478,144.43965375373665,145.3344883158267,170.93853901043886,169.45251221162363,80.23257358528174,85.04020134493722,7.753856554004919
person_1.mp4,front,211,3520,59.944700460829495,848,478,144.5732287111889,145.21372886864074,169.3465213317129,168.78364249353885,79.87496117783631,84.68964512479839,9.060660771655261
person_1.mp4,front,212,3537,59.944700460829495,848,478,146.62974686118548,146.9641965770114,168.37528027571298,168.30699163122821,81.76945586047633,86.58987381810184,9.84573861577632
person_1.mp4,front,213,3553,59.944700460829495,848,478,147.29630815173888,146.75754729419455,168.40000789970765,167.63996859046142,82.46456445346033,86.77296493010343,10.023819816230105
person_1.mp4,front,214,3570,59.944700460829495,848,478,148.65688512315347,146.74047002773855,169.85585056858022,167.60544841313762,82.51447856257872,86.50785639908625,10.310481558218994
person_1.mp4,front,215,3587,59.944700460829495,848,478,148.44509428431996,146.27463694158013,169.62963492014865,166.9354775371137,82.44764588044194,86.15818363848074,10.810322621453636
person_1.mp4,front,216,3603,59.944700460829495,848,478,148.39864397679946,145.60852316516292,169.99146730730087,166.80169194201974,82.33195408500329,85.61291587089516,10.799217812013518
person_1.mp4,front,217,3620,59.944700460829495,848,478,148.58762773782325,145.90291969912892,170.2278004698165,166.21940190968775,82.24518009496985,85.68123679238839,11.568011676963042
person_1.mp4,front,218,3637,59.944700460829495,848,478,148.7577430477987,145.86406808762132,170.03873356533728,166.24650367663887,82.33467467751922,85.48863247809949,11.71752238190818
person_1.mp4,front,219,3653,59.944700460829495,848,478,152.00466628252858,147.19330461632165,168.98675295930823,163.49545065424425,84.55913414607936,85.09675968588438,15.249105808910066
person_1.mp4,front,220,3670,59.944700460829495,848,478,152.08421765369567,147.61301691993478,168.99752922047816,164.50350365156612,84.07833789305347,85.51838764462467,14.81439080370766
person_1.mp4,front,221,3687,59.944700460829495,848,478,151.68403034590742,147.5353154830502,169.26742583220394,165.13836559913003,83.55957223363721,85.43125228032952,14.271318876965733
person_1.mp4,front,222,3703,59.944700460829495,848,478,151.72564361910457,147.80374022912838,169.4135374245263,166.16852377731547,83.83601587225883,85.8299063835558,13.62472274623729
person_1.mp4,front,223,3720,59.944700460829495,848,478,151.37087937538527,148.06872060293927,168.99733154959964,166.65956883073787,83.50768278556261,86.01807508193852,13.608395488525886
person_1.mp4,front,224,3737,59.944700460829495,848,478,151.77304051720145,148.70002212818943,169.6208387955144,168.74822001566122,83.80564548917704,86.59907329492856,12.30884411652782
person_1.mp4,front,225,3753,59.944700460829495,848,478,151.33786991388843,148.58895240790358,170.21084293930883,170.01947083820698,83.46498631438821,86.4448997499673,11.236591993480644
person_1.mp4,front,226,3770,59.944700460829495,848,478,150.93653678301527,148.16041619169638,170.56091695251956,170.15061800791145,83.10648736485659,86.11744797499752,10.798579826161331
person_1.mp4,front,227,3787,59.944700460829495,848,478,150.33600659495028,147.5484638345217,170.45194873504508,170.04750982869385,82.21374786637216,85.3388746006601,10.872149687242604
person_1.mp4,front,228,3804,59.944700460829495,848,478,150.27706144987786,147.65304757715913,170.3710744685943,170.1729041004002,82.32181230129218,85.18194845714696,11.005677100173287
person_1.mp4,front,229,3820,59.944700460829495,848,478,149.57302397028835,147.28251271519795,170.43890291073342,170.57420486179268,81.57121862139113,84.42464173137346,11.028171262513572
person_1.mp4,front,230,3837,59.944700460829495,848,478,149.1862902882832,147.06548490399734,170.99337927195486,170.3170532057272,81.03043725959564,84.1835938209427,10.830855280462744
person_1.mp4,front,231,3854,59.944700460829495,848,478,148.74737648762544,147.00536959238804,170.71219763964305,170.1577468271413,80.894374398692,84.20764375847797,10.92716954110099
person_1.mp4,front,232,3870,59.944700460829495,848,478,148.86764813095692,147.1530408996964,169.7167310769216,169.38432535456624,80.9846524574118,84.39163869406589,11.879721524235588
person_1.mp4,front,233,3887,59.944700460829495,848,478,148.6248397021675,147.12119530283633,169.93086559714106,170.44488535657894,80.95348746696052,84.47260317060946,11.06118246672478
person_1.mp4,front,234,3904,59.944700460829495,848,478,148.58815497789504,147.0574216995793,169.90744261306241,170.1509500095348,80.98017159691246,84.40648817648066,11.22130200763632
person_1.mp4,front,235,3920,59.944700460829495,848,478,148.58746582903999,147.1654356357009,170.03766456817135,170.16984112350494,80.98666130014676,84.50000317922557,11.247141965689332
person_1.mp4,front,236,3937,59.944700460829495,848,478,148.80404872724236,147.7253319693323,170.43613376036285,170.05039871001324,81.28330233384504,85.15906678830498,11.015875171119433
person_1.mp4,front,237,3954,59.944700460829495,848,478,149.22500094055596,148.12261894336788,170.99607280774694,169.9682397533087,81.60171737209684,85.71671749114698,10.629258698919621
person_1.mp4,front,238,3970,59.944700460829495,848,478,149.63835202408808,148.18243190220272,170.8584355785657,169.6119412868481,82.01112558369816,86.03675932505722,10.696407769334758
person_1.mp4,front,239,3987,59.944700460829495,848,478,147.7069396607464,147.78347114034676,171.40919506252928,172.2578714015966,82.29665617919717,86.41015454801062,7.6841705115668155
person_1.mp4,front,240,4004,59.944700460829495,848,478,148.09472729065854,147.69612046731362,169.94316997402308,169.9885724071649,82.53443819225525,86.45002511996327,9.852338577092377
person_1.mp4,front,241,4020,59.944700460829495,848,478,147.06312943926582,147.42438588368026,170.44789170127612,171.6827299705739,82.49701577378501,86.68674062675689,7.9442848549387435
person_1.mp4,front,242,4037,59.944700460829495,848,478,147.33680206396184,147.25727491206428,170.53509790469886,170.96547698685893,82.52422991316838,86.7042675593833,8.363447431138255
person_1.mp4,front,243,4054,59.944700460829495,848,478,147.93995273177362,147.28351496584582,170.86490135143657,170.7227353696485,82.37880369171879,86.33811724972064,8.76751782425042
person_1.mp4,front,244,4070,59.944700460829495,848,478,149.2753184617358,146.88124072368447,168.94743197339898,167.09137286080542,82.29551927515908,85.28298387271506,12.770111412105683
person_1.mp4,front,245,4087,59.944700460829495,848,478,147.69186984669454,146.51223491310694,168.80188467635037,168.1763072006167,81.67472059992276,85.1349227612303,11.698293568756874
person_1.mp4,front,246,4104,59.944700460829495,848,478,147.6629186423841,146.48605503743715,169.6053191669981,169.02390927934584,81.6184365771655,85.13675882966339,10.802407797121386
person_1.mp4,front,247,4120,59.944700460829495,848,478,146.94448701743337,146.18414933368018,169.53338221313527,168.90008451185017,80.88865970573357,84.94868761441973,10.836764926331167
person_1.mp4,front,248,4137,59.944700460829495,848,478,148.1685349130323,146.66228379255702,170.27332627445477,169.19894893933508,81.30516810340038,85.1729038528,10.833067093940151
person_1.mp4,front,249,4154,59.944700460829495,848,478,148.1312457409579,146.66765185513663,169.64231404895148,168.6839457607087,81.37703910892513,85.20779884142684,11.466367022887495
person_1.mp4,front,250,4171,59.944700460829495,848,478,147.57945453785348,146.34651018342177,170.64123631765054,169.60525621030618,81.09868571179905,84.97114223608418,10.188755389090344
person_1.mp4,front,251,4187,59.944700460829495,848,478,147.79754344692873,146.60385105154856,172.1628250174617,170.17809472186553,81.48884526577659,85.61670906655768,8.572112601116828
person_1.mp4,front,252,4204,59.944700460829495,848,478,148.2261215979852,146.92256516853757,171.98398603864248,170.2357839380903,81.8288886714149,85.93217633042832,8.68127355329096
person_1.mp4,front,253,4221,59.944700460829495,848,478,147.71736590584945,146.73530197163112,171.61362246474968,170.1573118619055,81.62477003640069,85.89467303890545,8.762630614727914
person_1.mp4,front,254,4237,59.944700460829495,848,478,147.5416480641856,146.69312345609669,171.3127518634863,169.8424451484217,81.49874508990453,85.85412708608409,9.110378515997267
person_1.mp4,front,255,4254,59.944700460829495,848,478,147.60253492261447,146.65024314826914,171.25983534357968,170.0308509654678,81.4985286790022,85.82450004123926,9.065351901235498
person_1.mp4,front,256,4271,59.944700460829495,848,478,148.32535162200128,146.92460264888103,169.69547554487355,168.41966608582698,81.86621310686125,85.79793181057332,11.175373672683872
person_1.mp4,front,257,4287,59.944700460829495,848,478,148.8081142966974,147.57481676926534,169.7378663964486,168.77263882310066,82.11116989528179,86.09841420644277,11.267536690262581
person_1.mp4,front,258,4304,59.944700460829495,848,478,149.1319612166704,147.72290428573956,170.27657836310738,169.11482010271118,81.99409250187992,85.84515303918656,11.35717959335985
person_1.mp4,front,259,4321,59.944700460829495,848,478,149.80349657432765,148.0829591075251,170.2367928616141,169.4861770764582,82.49500716641995,86.11194846739713,11.293674724956045
person_1.mp4,front,260,4337,59.944700460829495,848,478,150.10928562527454,148.1894789380993,170.39988725591854,169.39102914363647,82.52365911132341,86.00157281744069,11.519856294859585
person_1.mp4,front,261,4354,59.944700460829495,848,478,150.26767168786256,148.25913341285874,170.441178948139,169.34600958778574,82.68039901192648,86.16874223162657,11.4388673063706
person_1.mp4,front,262,4371,59.944700460829495,848,478,150.54427069707845,148.29712403563468,170.49781559495142,169.327657128954,82.79203278129279,86.1866178117128,11.527510637089431
person_1.mp4,front,263,4387,59.944700460829495,848,478,150.556585505948,148.38935714318603,170.0187989801595,169.28113947814413,82.83971212146999,86.23646229854137,11.81120904926376
person_1.mp4,front,264,4404,59.944700460829495,848,478,150.71332541938554,148.57755511473937,169.84127961219187,169.29349520238,83.00217908663475,86.38402917222105,11.94774880135169
person_1.mp4,front,265,4421,59.944700460829495,848,478,150.90650109050998,148.6229402512368,169.22223632801519,168.4519122102262,82.99773580156528,86.2209166248829,12.873712485148843
person_1.mp4,front,266,4437,59.944700460829495,848,478,150.64151890450958,148.1696745844596,168.40724086468694,167.10983604282356,82.72265118092005,85.91699809976875,13.995687358785881
person_1.mp4,front,267,4454,59.944700460829495,848,478,150.4601910216059,148.05654754854893,168.54056475931125,167.33902779754018,82.63743201728424,85.81570348523887,13.723966683975027
person_1.mp4,front,268,4471,59.944700460829495,848,478,150.34750517722514,148.04390515159045,168.73494067112912,167.57417622818673,82.52037096944318,85.80864315314035,13.49115884103441
person_1.mp4,front,269,4487,59.944700460829495,848,478,150.28390794761577,148.05747577370798,168.69493519687103,167.57978169107315,82.52257766678703,85.78956267003744,13.471020394982833
person_1.mp4,front,270,4504,59.944700460829495,848,478,149.7125650993712,147.83569193799048,168.45447614983823,167.69512315857833,82.19476421656127,85.64619717079049,13.344420018214745
person_1.mp4,front,271,4521,59.944700460829495,848,478,149.1498638463727,147.53374072305826,168.51038647892221,167.6238010272956,81.6373474172181,85.26170968626391,13.377624308501826
person_1.mp4,front,272,4538,59.944700460829495,848,478,148.55377379520516,147.49912027257815,169.43500317569269,169.47485959297373,81.38651513368653,85.28645853691431,11.70016531951837
person_1.mp4,front,273,4554,59.944700460829495,848,478,147.11567384407104,146.03154025126403,166.57416372392876,165.6681873578193,79.65767356359113,83.290608575697,15.643853400384938
person_1.mp4,front,274,4571,59.944700460829495,848,478,147.5793931479721,146.12056441280438,166.94500287760312,165.9331532658187,80.07539824769671,83.27531664783503,15.29100280706077
person_1.mp4,front,275,4588,59.944700460829495,848,478,147.77462486356373,146.35121855374558,167.03286852136816,166.5062518624847,80.1715825935017,83.56743246162367,14.96645086600668
person_1.mp4,front,276,4604,59.944700460829495,848,478,149.44415985343707,146.6686775065354,167.50492442960368,165.73991862548237,80.89874341199953,83.79376791374462,15.658686376399757
person_1.mp4,front,277,4621,59.944700460829495,848,478,149.19238791253932,146.9766045527703,169.3692889784884,167.200429317216,81.2985072430616,84.30810230662702,13.552286330219351
person_1.mp4,front,278,4638,59.944700460829495,848,478,149.19502974539185,146.95709496366516,169.61448688684646,168.00271431911318,81.32341703963772,84.30860417996975,12.98270041108585
person_1.mp4,front,279,4654,59.944700460829495,848,478,151.21530931431178,147.65348838923526,167.7324948242917,165.31440180510987,81.57004870257781,84.39683205374864,16.595420466764704
person_1.mp4,front,280,4671,59.944700460829495,848,478,150.5089960247296,147.8068880285694,170.13005093003827,167.35816873039178,82.15163382187642,85.11438186170724,13.341072967802926
person_1.mp4,front,281,4688,59.944700460829495,848,478,150.48999279473824,147.87451248404,170.12252141574896,167.5476396007583,82.06743149686821,85.156455524289,13.269873835238087
person_1.mp4,front,282,4704,59.944700460829495,848,478,150.48410879532898,147.61709758362133,169.91332369631752,167.3804931384022,82.08840370465765,84.92833199655578,13.368177196629391
person_1.mp4,front,283,4721,59.944700460829495,848,478,150.5344119189916,147.79251087765877,170.8419027388662,169.51817940919267,82.35091477795818,85.1967933801053,11.538680106119545
person_1.mp4,front,284,4738,59.944700460829495,848,478,149.54709565744386,147.09253474856865,170.47444266564816,169.47132240850235,81.72793602057577,84.57237953083276,11.594057975125246
person_1.mp4,front,285,4754,59.944700460829495,848,478,149.58518695948135,147.18809962631323,169.21387494173237,167.53579873972242,81.26241666136188,84.4247261995058,13.699061988262768
person_1.mp4,front,286,4771,59.944700460829495,848,478,149.1506105467128,146.66841017919998,168.83897074180356,166.43914343437467,80.04501742471736,83.53824726654146,14.866131234149291
person_1.mp4,front,287,4788,59.944700460829495,848,478,151.3574014504866,147.42492965727274,169.12281769465426,166.29845876884525,80.9208304999456,83.92094182970375,15.697366996955019
person_1.mp4,front,288,4804,59.944700460829495,848,478,151.78457163053346,147.69310638412122,169.46455943207107,166.2742214762702,80.55472574979468,83.80505829955894,16.14354340440347
person_1.mp4,front,289,4821,59.944700460829495,848,478,149.9116815627741,146.96825782362444,168.7997624023313,165.601069364078,79.14595782171942,82.85920631947992,16.93541070521536
person_1.mp4,front,290,4838,59.944700460829495,848,478,148.88116185069256,146.31391115378676,167.92573972073518,166.50100137400554,78.46911415929519,81.79468008587395,16.98590471700565
person_1.mp4,front,291,4854,59.944700460829495,848,478,148.2969153638287,145.94333873353253,168.1217617920143,166.7949385306907,78.22217995393943,81.57819718913524,16.672081822901756
person_1.mp4,front,292,4871,59.944700460829495,848,478,147.83656656292052,146.85347873025782,168.1834851155449,167.46679472498403,78.0031786032767,81.58413904846294,16.985250490442073
person_1.mp4,front,293,4888,59.944700460829495,848,478,147.4446578192801,146.86160397608606,167.87290614949777,167.11919376433863,77.41270855603483,81.3862066341305,17.300941448293827
person_1.mp4,front,294,4905,59.944700460829495,848,478,148.89977520756304,148.19255066404568,166.86218511556484,167.08833131068428,78.47904992363989,82.62071090332128,18.34951185361783
person_1.mp4,front,295,4921,59.944700460829495,848,478,148.64130698439482,148.555541461998,168.38505672384917,168.14406162396426,78.99564271894361,83.17941965646578,16.672919921610266
person_1.mp4,front,296,4938,59.944700460829495,848,478,148.79137451262747,148.61974506537567,167.1657587268046,167.98614383369716,78.91579928188371,83.28106536623426,17.298518757872408
person_1.mp4,front,297,4955,59.944700460829495,848,478,148.83811307425526,148.50166391003089,167.37136444973063,167.8415640616785,78.90738537304568,83.2106756480042,17.136954904449645
person_1.mp4,front,298,4971,59.944700460829495,848,478,149.4167605057164,149.07006946480823,166.55678397319764,168.054965813105,79.11020726090361,83.69824082040682,17.689236740273195
person_1.mp4,front,299,4988,59.944700460829495,848,478,146.6649507989057,148.89541730886083,166.10489290950727,168.26464254718405,77.64451796921736,83.5779259954093,17.00386993824873
person_1.mp4,front,300,5005,59.944700460829495,848,478,144.48456184323305,148.69188956352266,166.0923457563767,169.01307760244603,76.70396115098781,83.47899948972139,15.817334197806161
person_1.mp4,front,301,5021,59.944700460829495,848,478,145.98340014149048,149.2810288120437,167.53804804959856,169.7146158798113,78.87704342423004,84.5291012159068,13.901155039007506
person_1.mp4,front,302,5038,59.944700460829495,848,478,146.25879661330487,149.44437759932597,169.31615048641376,171.26590480096047,79.5601326212278,84.78941186950723,11.517360060199618
person_1.mp4,front,303,5055,59.944700460829495,848,478,146.40119071872348,149.2768176881025,167.87744434146748,170.75324839952145,79.44148319133474,84.67524023175305,12.6141350602746
person_1.mp4,front,304,5071,59.944700460829495,848,478,144.74505401596173,148.6585138169091,167.93046018955832,170.62291952290127,78.49807986928205,84.18772941291536,12.065298370828675
person_1.mp4,front,305,5088,59.944700460829495,848,478,143.82794311308643,148.10969126784195,165.72911934637068,170.1730078547677,77.54133843034488,83.8390604260526,13.888627279178012
person_1.mp4,front,306,5105,59.944700460829495,848,478,143.3846933165615,147.14952046209498,165.63012817881463,169.83076277017534,77.61513377002694,83.16283042636398,14.127201901531503
person_1.mp4,front,307,5121,59.944700460829495,848,478,142.45291205837574,146.2817102803653,165.13661104192354,169.44445169450742,77.48184817191397,82.59330849546446,14.452268954037713
person_1.mp4,front,308,5138,59.944700460829495,848,478,141.0570052771181,145.71320445436982,165.1093922635004,169.03910235252775,77.00460209892258,82.28484324764209,14.268087930887496
person_1.mp4,front,309,5155,59.944700460829495,848,478,141.55155126168862,146.14707402654622,164.60563101378057,168.58015814077405,76.9532699287436,82.26855526524145,14.948574897511044
person_1.mp4,front,310,5171,59.944700460829495,848,478,141.06272381992244,146.11192968640518,163.77645789131878,168.01702577466574,77.8357594181512,82.50463819978896,15.133459343802752
person_1.mp4,front,311,5188,59.944700460829495,848,478,141.4461008573405,145.97261507515273,163.73101798098338,167.531577591011,78.15489529957594,82.85887214764413,15.277538504232625
person_1.mp4,front,312,5205,59.944700460829495,848,478,140.87599067483478,145.4418373471618,163.43805359068267,166.3042373688686,77.55271567426767,82.63270795537753,16.147176845272984
person_1.mp4,front,313,5221,59.944700460829495,848,478,140.49104213759955,144.94049489603907,162.7300724778812,166.03001148628329,76.92470298906105,82.09713213210095,16.690824770028915
person_1.mp4,front,314,5238,59.944700460829495,848,478,137.94872926809933,142.93465092082567,162.27204039745183,165.53901998107156,74.68779858721803,81.05349812802136,17.290165692686365
person_1.mp4,front,315,5255,59.944700460829495,848,478,134.9660930473783,140.88535039017643,161.70480241117966,165.11420952479568,72.27921436865164,79.7916122849028,17.66914042773138
person_1.mp4,front,316,5272,59.944700460829495,848,478,133.88151744905218,136.37010410396584,162.35181319047618,162.42866165977267,71.40939334879108,76.79488972915698,17.824565110050788
person_1.mp4,front,317,5288,59.944700460829495,848,478,133.07806427106362,135.43143377613953,162.59369133845144,162.08655171113114,70.87558491631,76.45714084738755,17.691597150567105
person_1.mp4,front,318,5305,59.944700460829495,848,478,136.94235753197424,134.04634650647776,164.87144054250572,160.35947251401686,71.68125973674597,78.50542897481613,17.87563522166086
person_1.mp4,front,319,5322,59.944700460829495,848,478,136.7523449715387,131.47834158854175,164.47854197174513,158.39193192196646,71.69899532487368,77.71542798471962,18.110473557975265
person_1.mp4,front,320,5338,59.944700460829495,848,478,135.17443727123535,129.98136810329413,164.217240544316,157.57653531825596,70.65357368033897,77.43401252818684,18.179034915336793
person_1.mp4,front,321,5355,59.944700460829495,848,478,132.0018773421159,127.08869726018051,164.5379049958549,155.93652435375478,68.77845828118063,76.48866094748249,18.114901786719535
person_1.mp4,front,322,5372,59.944700460829495,848,478,131.55369536119372,124.7051536013452,164.6671160996275,154.32506662164738,68.3512205497897,75.87793923791781,18.04245422070238
person_1.mp4,front,323,5388,59.944700460829495,848,478,130.32232091092013,123.13922505140856,164.98529135585093,153.18269627416615,66.95381477606458,75.31166631750595,18.29670993591848
person_1.mp4,front,324,5405,59.944700460829495,848,478,128.651243959589,117.30018218282359,164.64045943064068,149.17905257447046,65.95428277798263,74.41850376158388,18.43067171046805
person_1.mp4,front,325,5422,59.944700460829495,848,478,127.38501903212644,116.82644776823956,163.79838553081035,148.7718379985323,65.27764192669855,73.9480224350647,18.97307924163938
person_1.mp4,front,326,5438,59.944700460829495,848,478,127.51156521067364,115.79004843435261,164.4145506440284,147.67788617239705,65.64294714763027,74.95832563486698,18.952107858708892
person_1.mp4,front,327,5455,59.944700460829495,848,478,129.2693383249368,117.95526912340749,164.9621768566967,148.74033803714738,65.93118132508712,75.86221425908165,19.007122726364713
person_1.mp4,front,328,5472,59.944700460829495,848,478,127.74617049524011,113.39582982037092,164.88512305854323,145.70076031724395,66.00445526595831,74.94373212436828,18.8624166422981
person_1.mp4,front,329,5488,59.944700460829495,848,478,127.28600368600408,114.37520569576837,164.25826002889394,146.59299007237044,65.96464744704015,76.03090529785672,19.147018058222418
person_1.mp4,front,330,5505,59.944700460829495,848,478,125.7464771053883,112.81379585348895,164.70093625755092,146.36070915778026,65.54644019968833,75.25098521807045,18.792676506065252
person_1.mp4,front,331,5522,59.944700460829495,848,478,123.3146940292911,113.11417006719918,163.07773146409525,147.0008521713902,65.17607213584773,75.49530242019556,18.820816802782694
person_1.mp4,front,332,5538,59.944700460829495,848,478,123.73589230129886,113.0719213041397,163.42695547548234,147.00267421696694,64.80756335854133,75.30565430876125,18.860150173363557
person_1.mp4,front,333,5555,59.944700460829495,848,478,124.35779846898731,112.29199704917204,163.79771254610728,147.55536597289688,64.62814049609189,74.54247493368023,18.902577518327636
person_1.mp4,front,334,5572,59.944700460829495,848,478,124.16429970974049,109.9156502146277,163.87405778696305,146.09734508203258,64.22963380891174,72.63836071913423,18.917296719166668
person_1.mp4,front,335,5588,59.944700460829495,848,478,123.32767606590909,108.85457640972831,163.67453827236525,145.5661549345017,64.32862269897892,72.22379643404471,19.023988361531675
person_1.mp4,front,336,5605,59.944700460829495,848,478,122.02753808316926,106.32354546364114,163.2881110699985,144.47692616536784,63.89237323441638,70.9760588503206,18.6720334269324
person_1.mp4,front,337,5622,59.944700460829495,848,478,121.61653498326044,104.67637823003902,163.0756498469073,143.5586426141489,64.38775230540789,70.57987352339921,18.482306079981875
person_1.mp4,front,338,5639,59.944700460829495,848,478,119.20333914494458,101.89459325157881,162.53399702736291,142.1383111425308,64.48305840338578,70.09763207249719,18.17013132315685
person_1.mp4,front,339,5655,59.944700460829495,848,478,117.70793156389664,99.78252257287082,162.02333277071193,140.66418178172893,63.93451280519827,69.81064177364964,18.374056579541733
person_1.mp4,front,340,5672,59.944700460829495,848,478,117.63882350690616,97.4840899348916,162.05918401974648,139.4663590402651,63.07089107389428,69.40467817832683,18.059580454248064
person_1.mp4,front,341,5689,59.944700460829495,848,478,116.35974793695638,94.9525772395493,161.75120749364675,137.505802281874,62.65655696693276,70.41174780904866,17.935250189740007
person_1.mp4,front,342,5705,59.944700460829495,848,478,113.93570784315703,91.86959009085139,159.64498690180216,135.75332261398776,62.73390937592645,69.74188738943431,18.333139116314715
person_1.mp4,front,343,5722,59.944700460829495,848,478,112.73961069683004,93.71646607096031,158.8768156157221,137.61995782199648,61.807824117542026,70.7515268733666,18.272373424661858
person_1.mp4,front,344,5739,59.944700460829495,848,478,108.73601418053882,89.56116792265199,156.05039794538814,134.31666933006304,60.16446691973671,69.90014865015515,18.49153061639467
person_1.mp4,front,345,5755,59.944700460829495,848,478,107.56543361576715,90.50555582217108,155.2339048550916,135.24111320697506,60.71603396832196,70.79167312156187,18.492292124446706
person_1.mp4,front,346,5772,59.944700460829495,848,478,105.90056057824377,88.83195562596119,154.43921203220944,134.04916400455863,60.158942673895226,71.03460513879375,18.679328009558724
person_1.mp4,front,347,5789,59.944700460829495,848,478,102.95561531902025,84.06302513946157,152.01442843641206,130.6006957557537,62.2423268478007,69.59126299423971,18.66290379490767
person_1.mp4,front,348,5805,59.944700460829495,848,478,101.30900739553564,81.50674239734454,150.66756516800868,127.70533806725551,61.84602573617514,68.35838971517292,19.533661042166347
person_1.mp4,front,349,5822,59.944700460829495,848,478,102.23315656421137,82.25137499474359,151.56907702867323,128.8729679888159,63.557049954900805,70.52976703516522,19.548421906933832
person_1.mp4,front,350,5839,59.944700460829495,848,478,101.47951275382256,82.50580394193257,150.94151760497132,128.89564008407885,63.15292200379238,70.10813190598294,19.85150384961199
person_1.mp4,front,351,5855,59.944700460829495,848,478,100.76060637712544,82.36547514969406,150.29749496305683,129.03074947946686,63.21901797767509,69.55338246075863,19.804424199202877
person_1.mp4,front,352,5872,59.944700460829495,848,478,99.43633777089104,82.97801236026767,149.30548977867417,130.01129751362706,63.96833562433021,69.7676055548168,19.770301164230695
person_1.mp4,front,353,5889,59.944700460829495,848,478,99.98057802236089,83.16166041559212,149.9288622091924,130.72279043334743,65.61583972511187,70.04839512338212,19.812401510316292
person_1.mp4,front,354,5905,59.944700460829495,848,478,98.95240382058745,83.31284416468169,149.23374699311367,130.9331165117363,65.38918423148388,70.1573518049704,19.852204238836027
person_1.mp4,front,355,5922,59.944700460829495,848,478,98.75627599369288,82.93530367382766,149.28566772473576,131.35986605259288,66.14950991158913,70.60359576718402,19.847695202487635
person_1.mp4,front,356,5939,59.944700460829495,848,478,99.33764526910942,83.35329745222103,149.83202882537387,131.43780998459573,65.90646955280127,69.32750583734351,19.977977022151116
person_1.mp4,front,357,5955,59.944700460829495,848,478,99.28283710416474,83.07747027129811,150.10644096950384,131.50009725992933,65.98976415826819,70.10949639889695,19.99814237079391
person_1.mp4,front,358,5972,59.944700460829495,848,478,99.44768604287668,83.65005557259175,150.33380548460246,132.67444235401805,65.47746774412354,70.25121147917922,19.943350178911114
person_1.mp4,front,359,5989,59.944700460829495,848,478,99.61922956243968,84.62014461276385,150.53643677346548,133.74625505911598,65.0719369306512,70.19352544668101,19.92320372074778
person_1.mp4,front,360,6006,59.944700460829495,848,478,99.79737051869493,84.84415670643986,150.83035756862742,133.82057478408365,65.00165667233235,69.94325520433352,19.892094346736762
person_1.mp4,front,361,6022,59.944700460829495,848,478,99.52083262269758,84.73354304323252,150.81326733397975,134.45650507509882,64.7771169052424,71.55564360720678,19.709000508456676
person_1.mp4,front,362,6039,59.944700460829495,848,478,98.02380517293332,83.70927965202951,149.97655429617728,133.69712273741283,64.70262292473407,71.2870193880695,19.691191545776753
person_1.mp4,front,363,6056,59.944700460829495,848,478,98.03371514342217,86.409403818806,150.09167011785652,136.55355948903954,64.57555811710264,70.33724194349097,19.684951023911196
person_1.mp4,front,364,6072,59.944700460829495,848,478,96.68691804040137,85.83860437686057,148.66474495264112,135.72156680916603,64.19567776216235,69.23229054457543,19.684488617796273
person_1.mp4,front,365,6089,59.944700460829495,848,478,97.05303780701469,86.60623483691403,148.82678829507722,136.35397154047286,64.15565502738858,69.7945316050036,19.729059565604047
person_1.mp4,front,366,6106,59.944700460829495,848,478,97.14348628558254,87.6151753198064,149.08807519107643,137.13237557336427,64.25938299248371,69.79108060464951,19.646795452830794
person_1.mp4,front,367,6122,59.944700460829495,848,478,96.36779779242848,86.25065514929088,148.56630539806392,135.8349669137201,64.2018999042369,69.21532216740785,19.54610177519039
person_1.mp4,front,368,6139,59.944700460829495,848,478,96.40478152139538,85.86100880791999,148.651076783135,135.3229608479501,64.5578018832417,69.40144680494718,19.556405039408535
person_1.mp4,front,369,6156,59.944700460829495,848,478,96.34796343501584,84.72565813918006,148.5460160505139,134.38335724526397,64.26631846840972,68.40243864312092,19.56717111389695
person_1.mp4,front,370,6172,59.944700460829495,848,478,96.34526827092311,85.2562538232797,148.88631768543019,135.1925017423811,64.23190577271592,70.29424551194539,19.409990176470366
person_1.mp4,front,371,6189,59.944700460829495,848,478,97.56203738092108,85.52202631651505,150.1068910947755,135.87705020236348,64.9086792536293,72.01987092861724,19.35684731249666
person_1.mp4,front,372,6206,59.944700460829495,848,478,99.38525126796098,88.43425174368312,151.84850062499237,138.86840827152477,64.70448322495426,71.92442518669495,19.15750992971164
person_1.mp4,front,373,6222,59.944700460829495,848,478,98.67662024659569,88.52651710730973,151.39009400150275,138.86872502134742,64.44367220408813,70.7924541444097,19.125187234702793
person_1.mp4,front,374,6239,59.944700460829495,848,478,98.73003695523823,90.52592236450872,151.3709072439928,140.6063838334206,63.937009775180485,70.37944843661748,19.1498094063892
person_1.mp4,front,375,6256,59.944700460829495,848,478,98.79245035868533,92.43580342944853,151.377539742829,142.47152420170505,63.543051744740296,70.42354542704692,19.16467854389416
person_1.mp4,front,376,6272,59.944700460829495,848,478,100.70361350323729,95.80854811492064,153.08594039608303,145.92373104258274,63.78697200834039,70.83997418436988,19.140923033821355
person_1.mp4,front,377,6289,59.944700460829495,848,478,101.10456578287753,96.10334248350267,153.40886148897008,145.97058451795164,63.559518492613435,70.33099589307339,19.208816590761863
person_1.mp4,front,378,6306,59.944700460829495,848,478,96.84876513570563,94.4496657693467,149.44442413806618,144.15405645250107,62.03380712120351,70.19638457507867,19.227611650626994
person_1.mp4,front,379,6322,59.944700460829495,848,478,96.45714676836768,93.96704823412718,149.18747369987506,143.37305892030767,62.19271025563806,70.62034572828273,19.29568900993958
person_1.mp4,front,380,6339,59.944700460829495,848,478,95.65737787412802,93.12701234079859,147.74576127545595,142.5791335484947,61.29084949222408,70.18107742814341,19.440331280142804
person_1.mp4,front,381,6356,59.944700460829495,848,478,95.7064276446079,93.41731626774117,147.99624594399825,142.9062935403143,61.819261393644354,69.98747934324939,19.29522747956592
person_1.mp4,front,382,6373,59.944700460829495,848,478,96.15227374083264,92.9635250442855,148.46202477142037,142.4587694843575,62.15408238335975,70.45263016917075,19.29938398454804
person_1.mp4,front,383,6389,59.944700460829495,848,478,96.13770048839625,92.27972947191016,148.5365627541427,141.88219781571604,62.27032240396698,70.74745929287222,19.353669013727522
person_1.mp4,front,384,6406,59.944700460829495,848,478,95.94299529893287,92.44908089406067,148.48332593919508,142.1253909028955,62.27238450880513,69.91121433197324,19.354468877008564
person_1.mp4,front,385,6423,59.944700460829495,848,478,97.44117456314143,92.85944698777791,150.1583195991813,142.4100226943064,62.989823073023054,69.67905457296379,19.315990825697405
person_1.mp4,front,386,6439,59.944700460829495,848,478,98.9157955614282,92.81833090793108,151.46071525624694,142.11191321425423,62.57556938924809,68.99308142989759,19.390034572562186
person_1.mp4,front,387,6456,59.944700460829495,848,478,101.62214251835424,93.20627339782257,153.90768286846577,141.809273533217,61.93517048631527,67.57843484819898,19.491955418894353
person_1.mp4,front,388,6473,59.944700460829495,848,478,101.36692802165257,93.32119542757442,153.81655065290502,141.64211114872066,61.67547107964163,67.31307438067921,19.53118188414601
person_1.mp4,front,389,6489,59.944700460829495,848,478,101.41716892019424,93.48983230829057,153.89850535674367,141.85034496507777,62.108578770071325,67.34540408545656,19.48222422344701
person_1.mp4,front,390,6506,59.944700460829495,848,478,103.3109846347472,97.92774245803332,155.66754097661925,145.98662630898883,61.391001244039074,66.98956247863036,19.69737129476273
person_1.mp4,front,391,6523,59.944700460829495,848,478,103.78943433750514,97.94039119489358,155.94032905359424,145.92203484350017,60.60190180923211,66.72833809503076,19.7710546982333
person_1.mp4,front,392,6539,59.944700460829495,848,478,103.79100632023916,97.48361131216826,155.83572404382147,145.33576780758102,61.33455255399177,65.78015119122662,19.755078709874667
person_1.mp4,front,393,6556,59.944700460829495,848,478,103.78330560081515,97.72726776154447,155.82367461565445,145.40749849147417,60.685934754233955,66.18033929066313,19.887203130083993
person_1.mp4,front,394,6573,59.944700460829495,848,478,104.90025133277561,103.4044456474121,156.61366674632183,150.54369761394491,60.19562605157541,65.45014577147646,19.90777024889061
person_1.mp4,front,395,6589,59.944700460829495,848,478,110.21335381445478,113.47924025931124,160.9271137260084,158.1582542403513,59.579393190729114,65.12494425350701,20.08089361641278
person_1.mp4,front,396,6606,59.944700460829495,848,478,110.48171575646349,114.14260114581357,161.00447026554735,158.0385651877524,60.08809041846625,65.85452346269415,20.086429793508263
person_1.mp4,front,397,6623,59.944700460829495,848,478,112.90271087579258,114.85729359670528,162.30955911170946,157.8308513996035,60.44517587846189,66.8268947613898,20.174893861416955
person_1.mp4,front,398,6639,59.944700460829495,848,478,117.14996003696803,117.43683427641292,164.89427092021228,159.0556903514874,60.87536872481519,68.85800951637667,20.099011161279968
person_1.mp4,front,399,6656,59.944700460829495,848,478,118.43105742657275,121.02193726851223,165.2844025103822,162.1697460473495,60.41924608020842,65.52956022943991,20.286766001116764
person_1.mp4,front,400,6673,59.944700460829495,848,478,119.65457856490659,117.79283511178839,165.83713616200507,159.31686004149512,61.0463150511862,62.420384280179135,20.190114621928238
person_1.mp4,front,401,6689,59.944700460829495,848,478,121.06151410317422,117.85426542633843,166.2606126544193,158.75841819151032,62.00495131612961,60.76689431734911,20.11565686538569
person_1.mp4,front,402,6706,59.944700460829495,848,478,123.33378812424338,118.7281700112735,167.07904296863188,158.1466586983432,63.093592540081836,62.93617656576315,20.187007271959853
person_1.mp4,front,403,6723,59.944700460829495,848,478,125.7437342736519,121.17611695674793,167.436039575165,158.0511661585345,60.846771866358175,66.02905375245265,20.15823114734505
person_1.mp4,front,404,6740,59.944700460829495,848,478,127.09766661798996,122.85639401469093,167.2641393898836,157.54236842052683,60.67923587779754,67.91976091228133,20.403545280214452
person_1.mp4,front,405,6756,59.944700460829495,848,478,128.7056554057501,124.57164551421452,167.81639205281377,158.00044556141123,61.43372380323007,69.37603411535594,20.364928384142715
person_1.mp4,front,406,6773,59.944700460829495,848,478,127.93822602643043,129.75846841950252,166.53917421184036,161.5323475494952,62.24814837973309,73.23844225047573,20.471992970733808
person_1.mp4,front,407,6790,59.944700460829495,848,478,128.02570064198412,131.63986176302814,166.48332368308039,162.93113739237302,63.90916437089173,74.4028984970733,20.389327137675707
person_1.mp4,front,408,6806,59.944700460829495,848,478,129.73110383988686,135.89654539143456,166.54645112840612,165.65253370224698,64.57799742322157,73.07742512556975,20.270955079451298
person_1.mp4,front,409,6823,59.944700460829495,848,478,129.66739467759507,135.19755404440085,166.21197556795968,165.3977502448239,64.78042836353293,71.66357027372325,20.031563338479774
person_1.mp4,front,410,6840,59.944700460829495,848,478,129.73185103848755,134.64870925396283,166.40612205341375,165.24680919655205,64.76590785728473,71.68953223610715,19.698280445495268
person_1.mp4,front,411,6856,59.944700460829495,848,478,131.07319277628548,135.8846105853354,166.38624237601084,166.05166166384163,64.90865452976615,71.64605709588581,19.534933388728163
person_1.mp4,front,412,6873,59.944700460829495,848,478,133.25709601893197,137.35079209376184,166.36748636209018,166.77800790360686,66.13612999644421,71.15925041967895,19.430872286894417
person_1.mp4,front,413,6890,59.944700460829495,848,478,133.05368503453076,138.97924386859313,163.75141660967702,167.6151820038271,67.6937569490145,72.52369529086538,19.322897193924263
person_1.mp4,front,414,6906,59.944700460829495,848,478,133.3438488122328,139.60648282596594,163.1684544176905,167.82060137223812,68.40745726903995,72.39440477287202,19.36583553124148
person_1.mp4,front,415,6923,59.944700460829495,848,478,133.05128175398093,139.81903482666442,162.3159127865375,167.70553764223055,68.83886842118034,72.14272728043392,19.331935168656507
person_1.mp4,front,416,6940,59.944700460829495,848,478,134.3164153238721,141.13700456887645,162.0027930634762,168.31717982570515,69.809253537003,72.39457053580003,19.167643630535252
person_1.mp4,front,417,6956,59.944700460829495,848,478,135.1489359290619,141.77866051573744,162.3437813104733,168.59435399727386,70.7400904497677,72.752684372609,18.803189536149592
person_1.mp4,front,418,6973,59.944700460829495,848,478,134.46904643765478,143.21864624422474,163.215303363658,168.62596466192142,70.6023708055955,74.18144685758398,18.01220618393816
person_1.mp4,front,419,6990,59.944700460829495,848,478,133.90162131541163,143.87985667105877,163.4665997830279,169.06675081652142,71.00733863955682,75.05217979003976,16.329781610828718
person_1.mp4,front,420,7006,59.944700460829495,848,478,133.72981243332782,144.61906683015295,163.99979887215648,169.42748593414564,70.99616187892433,76.31885766274965,15.868504440961823
person_1.mp4,front,421,7023,59.944700460829495,848,478,136.7764148642584,145.52135060379894,167.63386499181092,170.40011129722396,74.09493392306779,79.20921494628713,11.682453980155225
person_1.mp4,front,422,7040,59.944700460829495,848,478,135.9163639554876,143.5529717397152,167.14505122469845,169.27513052129635,74.01839552998729,78.81861820426809,11.494184459313868
person_1.mp4,front,423,7057,59.944700460829495,848,478,135.57623687367698,141.49407069478085,168.77148290766092,168.90422558465184,73.73890293591606,78.11683389184464,9.772032217384476
person_1.mp4,front,424,7073,59.944700460829495,848,478,138.8991992537501,143.54815929060098,169.11361742588488,169.5189516890475,76.21826214854147,80.29622253275657,9.630119949717558
person_1.mp4,front,425,7090,59.944700460829495,848,478,139.3143317344688,143.2738994702588,171.19465674041786,169.77164834228898,76.26988296861188,80.44900642848405,8.299024560896122
person_1.mp4,front,426,7107,59.944700460829495,848,478,138.61204174670775,142.3536192194718,172.08615359491785,171.02342008863627,75.78889480926551,79.86071471849725,6.74618902457976
person_1.mp4,front,427,7123,59.944700460829495,848,478,140.6779060806931,143.35451065567347,173.24785905175574,171.70152845174871,77.36141345762428,81.52399725313967,5.5816972297616605
person_1.mp4,front,428,7140,59.944700460829495,848,478,140.1528619610628,142.76907956513674,170.90318024714193,170.00808819320767,76.6690553801991,81.23972438679102,7.909962519307188
person_1.mp4,front,429,7157,59.944700460829495,848,478,139.94470073300872,141.61885213410605,169.93073574148295,169.21588630485658,76.2775534137326,80.31471960037507,8.987937205017783
person_1.mp4,front,430,7173,59.944700460829495,848,478,141.46363053765376,142.17745086182495,170.4233371233075,168.4802816966997,76.57664560094705,80.40654910412292,9.896048731642441
person_1.mp4,front,431,7190,59.944700460829495,848,478,143.51152230576255,143.24350914549427,169.97500860863272,168.69592576359503,77.92548304150309,81.2084162089439,10.688510765133405
person_1.mp4,front,432,7207,59.944700460829495,848,478,144.0596068080806,143.28240383566904,168.4076927538845,165.78107771731126,77.8818277818326,80.81955347525101,13.661646665385303
person_1.mp4,front,433,7223,59.944700460829495,848,478,144.9819588113277,143.95101345049855,168.4003365605753,166.0410099182647,78.79124578449276,81.38213419221826,13.573113466834602
person_1.mp4,front,434,7240,59.944700460829495,848,478,145.2095554843574,144.2769278999307,168.6612462458141,166.47200680896265,78.81904424828706,81.6281617913119,13.193687148051
person_1.mp4,front,435,7257,59.944700460829495,848,478,145.2609761894919,144.9643012138136,166.71012887646427,165.17503371448103,78.48497484019384,81.80636310397095,15.485707342049961
person_1.mp4,front,436,7273,59.944700460829495,848,478,145.2087319263424,145.1057346708754,166.76469137959538,165.6260972238345,78.22079357044527,81.68948323703434,15.290862013608454
person_1.mp4,front,437,7290,59.944700460829495,848,478,145.73005970062616,145.55841761760811,168.13254203246532,166.59017962219846,78.57395468826071,81.85049894833284,14.10005230744276
person_1.mp4,front,438,7307,59.944700460829495,848,478,146.5101034695991,146.1791608908486,168.49958538335753,166.86073580689094,79.15477328306912,82.3738284019901,13.892664288688062
person_1.mp4,front,439,7323,59.944700460829495,848,478,145.83288664568425,145.84928913458856,168.5151568855612,167.05174991327561,78.8467669191297,82.20715676062147,13.734883710983963
person_1.mp4,front,440,7340,59.944700460829495,848,478,146.46993916923984,146.23239991478806,169.03238232219346,167.86234989062243,79.02834115383354,82.41706767804338,13.32023402529272
person_1.mp4,front,441,7357,59.944700460829495,848,478,146.9103588209504,146.9066441849145,168.01550103866094,167.6110077890524,79.22142175154424,82.79029712320636,14.364996492524032
person_1.mp4,front,442,7373,59.944700460829495,848,478,147.49271555651137,147.11225815119445,171.25970723711484,170.3191304606671,79.73826419462145,82.93665169146928,11.222474280385136
person_1.mp4,front,443,7390,59.944700460829495,848,478,147.92995920149494,147.78518786989702,166.99368541308579,167.21766704583445,80.37094327132172,83.56940033986074,15.399170427602934
person_1.mp4,front,444,7407,59.944700460829495,848,478,148.24714906446286,147.8525736633838,169.3710597130931,168.95555379706119,80.68443460510514,83.80558063255215,12.995665998550002
person_1.mp4,front,445,7424,59.944700460829495,848,478,148.87019868988068,148.34979824643108,169.02937493536078,169.08224330834975,80.41060660725263,83.5828663376366,13.774210797935236
person_1.mp4,front,446,7440,59.944700460829495,848,478,149.32702435586194,148.4091875759194,170.61452924558893,170.0977703819174,80.68103860700057,83.6865614614446,12.397301458844726
person_1.mp4,front,447,7457,59.944700460829495,848,478,148.78003237854506,148.49844013329806,172.57015649898608,171.71138411039414,80.94772905529733,84.2185898377317,9.777152080187454
person_1.mp4,front,448,7474,59.944700460829495,848,478,148.75884657635424,148.47325933958138,172.8425864647714,171.856047312053,80.95456195652348,84.25201441006415,9.551071356262616
person_1.mp4,front,449,7490,59.944700460829495,848,478,149.26482322001084,148.5232401458324,172.78926372302166,171.43763723438877,81.13892863785861,84.33349839021878,10.018259174962028
person_1.mp4,front,450,7507,59.944700460829495,848,478,148.33395410696124,148.1599105920986,172.6852269205069,171.54280379893402,80.73330296769069,84.2353370115112,9.662051843985626
person_1.mp4,front,451,7524,59.944700460829495,848,478,147.57871171283813,147.74566514201936,174.04998198592992,172.02072659565331,80.5952506229025,84.14713383556787,8.137893063638401
person_1.mp4,front,452,7540,59.944700460829495,848,478,147.23685172079558,147.44056212056833,173.45194398888532,171.43540630911212,80.41661815522978,84.0261229917024,8.67017504579844
person_1.mp4,front,453,7557,59.944700460829495,848,478,147.09306717718266,147.36323011520614,173.32880402178995,171.11412920586716,80.30257669911052,84.01489332921311,8.915639225475937
person_1.mp4,front,454,7574,59.944700460829495,848,478,149.4814775284795,147.4281270066209,173.10350097384242,170.13535390065627,81.30906477951129,84.06627317219844,10.31266795487652
person_1.mp4,front,455,7590,59.944700460829495,848,478,148.60026138356608,147.38935885675383,172.29059277959482,170.86738800459173,81.3619254813567,84.49970245779593,9.686059203130126
person_1.mp4,front,456,7607,59.944700460829495,848,478,149.06801106254187,147.31330393404787,171.61839624699786,170.4997020421812,81.42908851217157,84.42807071391864,10.463970912880294
person_1.mp4,front,457,7624,59.944700460829495,848,478,148.98064125151254,147.20345011527587,170.53808113066034,170.144428248117,81.30786770938741,84.39866794964574,11.154961867150998
person_1.mp4,front,458,7640,59.944700460829495,848,478,148.61395022626675,146.50084359052957,167.73253656882255,167.2471925396219,80.45088042968428,83.10602492875802,14.275855553086114
person_1.mp4,front,459,7657,59.944700460829495,848,478,149.24277750447428,147.30576799950583,168.083676111968,168.00923210447615,81.64638142945606,84.56411935831122,13.291307685220074
person_1.mp4,front,460,7674,59.944700460829495,848,478,149.40092566920518,147.32308526514427,168.1040651618916,167.33217304779313,81.82967249905398,84.86253735025711,13.382842394555407
person_1.mp4,front,461,7690,59.944700460829495,848,478,151.1680144240226,148.61145020502298,168.70353019539496,167.89784867309905,83.82829692961144,86.5862526576638,12.247292312513661
person_1.mp4,front,462,7707,59.944700460829495,848,478,150.21963654973044,147.80655390614885,168.58425053564093,167.7504918931233,83.09933509123479,85.89768406786753,12.308954377342992
person_1.mp4,front,463,7724,59.944700460829495,848,478,150.28932899401516,147.943306930548,169.13132913717112,167.9449432098569,83.36716055578638,86.45011840876832,11.527766463367971
person_1.mp4,front,464,7740,59.944700460829495,848,478,151.12630671230863,148.60140092683665,169.76449362713797,168.5124531165583,84.53127106392783,87.40595864314342,10.627014510876576
person_1.mp4,front,465,7757,59.944700460829495,848,478,150.2099096774331,147.95795246250378,169.85008649336896,168.44513198020414,83.7151386390122,86.74174920397293,10.607859465835206
person_1.mp4,front,466,7774,59.944700460829495,848,478,149.99708606088572,147.99262581388984,170.64490698975692,168.95058888483584,84.17783230875068,87.15277570624158,9.565247966459525
person_1.mp4,front,467,7791,59.944700460829495,848,478,149.75442616987067,147.88249179403928,171.03916478545545,169.41255513814855,84.38457822726342,87.274687072623,8.858218568493045
person_1.mp4,front,468,7807,59.944700460829495,848,478,149.0595898223747,147.48168767712752,170.92379179528703,169.58040007615415,83.66847832792645,86.89166287407632,8.833702969918289
person_1.mp4,front,469,7824,59.944700460829495,848,478,148.94947252681862,147.35506079246125,170.93339651116375,169.4697277104632,83.61705775731018,86.80239853978247,8.909969878226665
person_1.mp4,front,470,7841,59.944700460829495,848,478,148.37400161969092,147.2060734902165,171.22457089023032,169.78222522529666,83.36354745998402,86.75460046560787,8.381514267498
person_1.mp4,front,471,7857,59.944700460829495,848,478,148.73473909720445,147.43969964737323,171.34767736382776,169.72749797353234,83.8625223298175,87.07537918286926,8.26898814994384
person_1.mp4,front,472,7874,59.944700460829495,848,478,148.3145038761587,147.24121244920318,171.42224016606895,170.0852265847478,83.27970644829226,86.89215559078187,8.000676946387374
person_1.mp4,front,473,7891,59.944700460829495,848,478,148.07085240436456,147.04385745419358,171.4166026478082,169.97840299262992,82.91357205091933,86.64416119370061,8.076192170765559
person_1.mp4,front,474,7907,59.944700460829495,848,478,147.9142499204839,146.98765961639293,171.99707136534175,170.046000168926,82.88820998561665,86.53170384513302,7.730828624801028
person_1.mp4,front,475,7924,59.944700460829495,848,478,147.53829500122907,146.64276103447196,171.87621325159463,170.03769057610154,82.7509239643428,86.35656322144848,7.9183598308013075
person_1.mp4,front,476,7941,59.944700460829495,848,478,147.38479417088686,146.56653416208613,173.39174635775115,170.0955692302005,82.60537785183469,86.26619316746644,7.045972216241827
person_1.mp4,front,477,7957,59.944700460829495,848,478,147.42777777411752,146.76996150061683,172.97484153215646,170.06497187875232,82.64357540689727,86.53031717505753,7.315292536973725
person_1.mp4,front,478,7974,59.944700460829495,848,478,146.93904461634776,146.27432319134348,173.18733537758615,169.78016586861426,82.43642537675723,86.0599382263908,7.007317756177393
person_1.mp4,front,479,7991,59.944700460829495,848,478,147.35274876040057,146.5515377907678,172.94954891657582,169.56531497361428,82.7598655483449,86.34791126756271,7.384564228944276
person_1.mp4,front,480,8007,59.944700460829495,848,478,147.56736474943756,146.94225806619784,173.09125702793534,169.7600825443158,83.09021206726025,86.71919018585972,6.917734925411166
person_1.mp4,front,481,8024,59.944700460829495,848,478,148.306776415478,147.43151238980502,171.9841160940484,169.4663710357249,83.6956112595623,87.17352795788167,7.674646082727776
person_1.mp4,front,482,8041,59.944700460829495,848,478,147.7893356860758,147.33837241738257,171.83426972058328,169.5042051294001,82.88405323576845,87.05957413932786,7.760903029648205
person_1.mp4,front,483,8057,59.944700460829495,848,478,148.76662328429913,148.11854973250848,172.54834274403595,170.3321144166495,83.95106180724049,87.86188448354383,6.946209977231182
person_1.mp4,front,484,8074,59.944700460829495,848,478,147.8549647560386,147.3805455732997,171.7219018673314,169.52647458542583,82.66176131028364,86.69150453931285,7.900825457784486
person_1.mp4,front,485,8091,59.944700460829495,848,478,148.29387592929316,147.5635040207367,172.03740087848672,169.2323792176848,82.71670718472379,86.70520750585294,8.224384838280201
person_1.mp4,front,486,8107,59.944700460829495,848,478,148.27944069998537,147.40992728097623,172.2548640326456,169.21299084948953,82.37831202552267,86.32408949176458,8.443974394115092
person_1.mp4,front,487,8124,59.944700460829495,848,478,149.09255148348086,147.56928895984677,170.91032411215392,167.07476945103795,82.67900541856874,86.03496386638957,10.681919285422104
person_1.mp4,front,488,8141,59.944700460829495,848,478,148.21908562401487,147.19406090292486,169.9190941576601,167.2539390379893,82.28203822894304,85.81048085169913,10.851132412975677
person_1.mp4,front,489,8158,59.944700460829495,848,478,150.36169809411888,148.0793883682176,167.8412468123469,165.99695485731837,82.83415969842429,85.96264587076487,14.091452527914734
person_1.mp4,front,490,8174,59.944700460829495,848,478,150.8325266372445,148.89984064223754,167.51390507701262,165.66792006440224,84.26510079024912,87.39769343348748,13.81586195015232
person_1.mp4,front,491,8191,59.944700460829495,848,478,150.33328654319098,148.29737729030649,167.68841271220364,165.49310621333765,83.91299309134915,87.1007657406218,13.600885183766339
person_1.mp4,front,492,8208,59.944700460829495,848,478,150.67985683862116,148.34029734484918,168.38984216834191,166.11737011237528,84.06383667025737,87.15224023634957,13.032856041903422
person_1.mp4,front,493,8224,59.944700460829495,848,478,149.34239572116158,147.89003620466255,168.4286122708151,166.33437968889382,83.22713630656953,86.77122109640193,12.59301639496137
person_1.mp4,front,494,8241,59.944700460829495,848,478,149.80797198846767,148.2542264411226,169.57309986842512,167.06757092797406,83.62984903489411,87.16628874615239,11.608731490685436
person_1.mp4,front,495,8258,59.944700460829495,848,478,150.85834875358236,148.73331616756968,170.66860885918666,168.72515314792733,84.58293370838774,87.78210794658472,10.153484986223756
person_1.mp4,front,496,8274,59.944700460829495,848,478,151.11892714124147,148.93956823242837,171.10827187818475,169.03071777026972,84.68096774749931,87.88507176457267,9.902137310312353
person_1.mp4,front,497,8291,59.944700460829495,848,478,150.92052778312018,148.87450466277542,172.81951509458068,170.5910819893655,84.59732496739437,87.87955122283184,8.060433295364229
person_1.mp4,front,498,8308,59.944700460829495,848,478,150.85295020618375,148.82923487040605,172.61033165567747,170.42533636251326,84.63448689157333,87.98367972212743,8.18137043383647
person_1.mp4,front,499,8324,59.944700460829495,848,478,151.0359187610186,148.81628354302367,170.63294882053205,168.6045985030421,84.25911002258755,87.70905754325312,10.654025916664366
person_1.mp4,front,500,8341,59.944700460829495,848,478,150.70260807940642,148.6704389959746,170.95422074135556,169.11775251334552,84.21011787543448,87.7504757004396,10.013595263457342
person_1.mp4,front,501,8358,59.944700460829495,848,478,149.84575625048868,148.1103139464763,170.5598316742321,168.51890284243512,83.2636052804512,87.1544543217331,10.694765491973655
person_1.mp4,front,502,8374,59.944700460829495,848,478,149.83267470162775,148.0106349440392,170.93866030788644,168.6257702677751,82.86066170443289,86.92824045163053,10.659879810893887
person_1.mp4,front,503,8391,59.944700460829495,848,478,149.794197788998,148.1537546096314,170.87089371302682,168.6628757249192,82.87966312120423,87.11281266275074,10.625357994031987
person_1.mp4,front,504,8408,59.944700460829495,848,478,150.21593174154083,148.54370547318456,171.76703296879805,169.45752895896064,83.22758646903674,87.43348989099422,9.691589708086287
person_1.mp4,front,505,8424,59.944700460829495,848,478,149.22974815864885,147.9631972558499,171.60680916891712,169.27248279923785,82.33623592369321,86.91259990900882,9.775423594618406
person_1.mp4,front,506,8441,59.944700460829495,848,478,149.52899118859443,147.97913691536613,171.6074441694853,169.2139792500558,82.55364443022226,86.92338108979506,9.85051224876123
person_1.mp4,front,507,8458,59.944700460829495,848,478,149.46956727354424,147.7895602255812,171.86286245580277,169.50074887136302,82.55599313840084,86.83176382827497,9.474576109262802
person_1.mp4,front,508,8474,59.944700460829495,848,478,149.89109279410027,147.81028862390644,171.76315745834324,169.520242083509,82.88049102041215,86.85173813992728,9.45717174711978
person_1.mp4,front,509,8491,59.944700460829495,848,478,149.0928916972222,147.62341110979156,171.48375771012618,169.30626671237866,82.3238422874853,86.6382084703899,9.75149292672042
person_1.mp4,front,510,8508,59.944700460829495,848,478,149.22947284370008,148.035657180234,173.21445662370664,171.63949551980565,83.36282859096575,87.2611324242804,6.985502651177038
person_1.mp4,front,511,8525,59.944700460829495,848,478,147.67891453408973,147.32057342350294,170.80258476793762,169.4122376959233,81.86014584952923,86.37452604226146,9.45249903177022
person_1.mp4,front,512,8541,59.944700460829495,848,478,148.76479598401545,147.7160951521929,170.8184408931586,169.86793064451533,83.06681993598939,86.9221981136767,8.9193988824123
person_1.mp4,front,513,8558,59.944700460829495,848,478,148.00374683120435,147.08351048693117,170.80849825217985,169.71298602725264,82.29939184044345,86.42011543831744,8.887428363517886
person_1.mp4,front,514,8575,59.944700460829495,848,478,147.202424307839,147.04751910075913,170.31474479217522,169.8166062227363,82.00289420343675,86.4039654539283,8.755256388411949
person_1.mp4,front,515,8591,59.944700460829495,848,478,147.33126751634313,147.03319368511947,170.31606997532478,169.7485990537796,82.10842004626727,86.3844336212028,8.809822738269098
person_1.mp4,front,516,8608,59.944700460829495,848,478,147.31844957100859,146.8653700327743,168.90524339703157,168.49822072724731,82.21391691371778,86.20719738763026,10.278187286387706
person_1.mp4,front,517,8625,59.944700460829495,848,478,145.93005558591793,146.3496033440142,168.51883795007882,167.66198481421506,81.26318211451914,85.64954793656115,10.875964647221021
person_1.mp4,front,518,8641,59.944700460829495,848,478,145.23037571800936,146.1219356751373,167.8929734968963,167.64014699469098,81.12815700339691,85.68659357686269,10.836643201156088
person_1.mp4,front,519,8658,59.944700460829495,848,478,145.00596166190454,145.89992785219596,167.80958757285208,167.5904162243449,81.00824634879287,85.490124748857,10.85681887890839
person_1.mp4,front,520,8675,59.944700460829495,848,478,144.93620285967037,145.7642426229315,167.81294095032084,167.5861665578178,80.97495914393795,85.56884066695282,10.80346067369732
person_1.mp4,front,521,8691,59.944700460829495,848,478,143.91247246935842,144.6253507524471,168.28485095342037,168.3112294496733,80.47788380871637,84.65311222208658,10.19604966825878
person_1.mp4,front,522,8708,59.944700460829495,848,478,141.84805013630947,143.09282133551844,167.56661929208033,167.5284645058284,78.41685375325959,82.65000857342649,11.274070253246128
person_1.mp4,front,523,8725,59.944700460829495,848,478,142.55543157426717,143.50873599885247,168.4066823350949,168.08171806181733,78.92966318004238,82.76306545591983,10.657750375339825
person_1.mp4,front,524,8741,59.944700460829495,848,478,141.5246963538799,142.69749100305546,165.8830956078133,165.73150912290126,76.97809729555561,81.41402730682353,14.440459171056128
person_1.mp4,front,525,8758,59.944700460829495,848,478,139.44776572008,142.86282976833232,167.86680634903288,169.40338191105891,76.55604103309543,81.70452308567674,10.301879713654213
person_1.mp4,front,526,8775,59.944700460829495,848,478,139.06496546047651,142.87774274907613,165.01080663350612,168.26166689126893,75.01697698474396,80.32250883565266,13.599270686234862
person_1.mp4,front,527,8791,59.944700460829495,848,478,140.23427575991323,143.84823330264643,165.3526271503137,168.08127152846117,75.86713698067838,81.1457750460746,13.438179659791764
person_1.mp4,front,528,8808,59.944700460829495,848,478,139.88434681767598,143.98312996437912,164.51762286147493,167.22908629228743,75.94566900257227,81.23280293716293,13.987267469400782
person_1.mp4,front,529,8825,59.944700460829495,848,478,138.7637923968457,143.54843551954605,164.43850346444023,167.09940690359068,75.30750256650164,80.95575192383522,13.925282830938457
person_1.mp4,front,530,8841,59.944700460829495,848,478,137.72955876172315,142.7066270991639,162.75287847597045,166.25529789055062,74.9890005208878,80.56709672820524,14.986518853889594
person_1.mp4,front,531,8858,59.944700460829495,848,478,136.14224630921163,142.03360875390956,161.59626354264122,165.14106602461243,73.92157425335088,79.48973655854884,16.263217484516804
person_1.mp4,front,532,8875,59.944700460829495,848,478,135.8412079024381,142.02591109995592,160.50797387363508,164.72384942240433,73.42867881022227,78.90558384937815,17.10996808338424
person_1.mp4,front,533,8892,59.944700460829495,848,478,134.6664028012568,141.3579014955104,159.69742620729252,164.30909672370217,73.01253261863637,78.09253154255732,17.47848593774395
person_1.mp4,front,534,8908,59.944700460829495,848,478,132.83637626798188,139.96292212625937,158.54408877619596,163.30984854473036,72.18242464597667,77.25345899217331,18.222208422888766
person_1.mp4,front,535,8925,59.944700460829495,848,478,131.93544813905024,139.52440030434295,159.0450535406617,163.0678965927295,71.77207716291382,77.32542687790476,17.788765021661398
person_1.mp4,front,536,8942,59.944700460829495,848,478,129.98832006593452,137.47351893681517,158.40296321874274,162.08439101515955,70.03653782948855,76.0517193883681,18.542938451226515
person_1.mp4,front,537,8958,59.944700460829495,848,478,128.36531132599566,135.02711676617486,157.68510955950796,160.5050123815516,69.13480472938896,75.17704382837593,18.853875269343355
person_1.mp4,front,538,8975,59.944700460829495,848,478,124.1452633283864,130.4058577031245,155.7441531138376,158.11359269303685,66.79773878557994,73.2038751617477,19.659936747883737
person_1.mp4,front,539,8992,59.944700460829495,848,478,121.57119478874345,126.71468658055363,155.34764710741595,156.13551927958397,65.39194364142793,71.73891224634988,19.802104937277782
person_1.mp4,front,540,9008,59.944700460829495,848,478,118.1476610259338,121.33999150504681,155.1898370360804,152.988806968164,63.8310063097748,69.49127559083585,19.848449241064266
person_1.mp4,front,541,9025,59.944700460829495,848,478,116.77611922129206,119.63782382541665,154.3899791538454,152.19150503781538,63.031805884311254,68.38803361807477,20.35995742511408
person_1.mp4,front,542,9042,59.944700460829495,848,478,117.18287533531362,120.36551029629159,153.97953611979563,151.90147171131753,63.162555492616306,68.99568243431908,20.792437945547075
person_1.mp4,front,543,9058,59.944700460829495,848,478,115.52121875760893,119.12591424706409,154.50208027822285,151.17075533126246,63.01624462307751,69.04185981114834,20.495505854612617
person_1.mp4,front,544,9075,59.944700460829495,848,478,115.41947385507287,118.83737622315626,154.6887630878693,151.26795553221962,62.321490056652934,69.10296589087437,20.773889943078377
person_1.mp4,front,545,9092,59.944700460829495,848,478,116.50951969591875,118.7155468250843,156.04330902382114,151.64760515100363,62.940536965046356,69.51268008516152,20.59077840148123
person_1.mp4,front,546,9108,59.944700460829495,848,478,122.22056566255702,119.2016769924115,161.00917306992807,153.00097268486644,63.67638947458708,69.72577803990792,20.36434982744949
person_1.mp4,front,547,9125,59.944700460829495,848,478,122.44979056862832,118.87513052194848,160.6232834079231,152.87150916461468,63.40208811737695,69.40239669348516,20.60566662717873
person_1.mp4,front,548,9142,59.944700460829495,848,478,121.8410673460424,116.53604964041382,161.15727927375366,150.669063382265,63.28821814788008,68.50734005027851,20.514355424553266
person_1.mp4,front,549,9158,59.944700460829495,848,478,122.61227197709032,115.16528633532977,160.95402527845596,149.22991686447966,62.461407387389805,67.67501948301857,20.502335271506976
person_1.mp4,front,550,9175,59.944700460829495,848,478,121.56595724653761,113.72230687752943,161.89005728175786,148.46075034953807,63.68248741176942,66.74369444791644,20.38361988613945
person_1.mp4,front,551,9192,59.944700460829495,848,478,121.37793120682946,109.76833336112979,162.56490330719453,144.25817983065437,63.70867063307637,69.97878369732979,20.10492003721357
person_1.mp4,front,552,9208,59.944700460829495,848,478,122.75546561050696,108.67573086566566,165.07745099132703,142.86295512504236,63.87335366188385,71.36293666807856,19.451041584801494
person_1.mp4,front,553,9225,59.944700460829495,848,478,120.99281483179834,108.89975229895678,165.06524536722605,144.89893758506994,63.364082652384475,71.54352277837776,19.206429147445863
person_1.mp4,front,554,9242,59.944700460829495,848,478,119.13344951965891,107.74850514601154,164.68598067260928,145.88855525256946,63.11463607230037,69.55496899300805,19.257408996366614
person_1.mp4,front,555,9259,59.944700460829495,848,478,119.12369851394124,105.01190444641722,164.56941934843024,144.03860879662096,62.11517890423758,67.81867398293356,18.761140408080145
person_1.mp4,front,556,9275,59.944700460829495,848,478,116.26973273895234,104.76391298447464,163.01710263327382,145.22140700436083,62.20852666600459,68.70367341956477,18.72496058654063
person_1.mp4,front,557,9292,59.944700460829495,848,478,112.26322282495879,103.33995605732493,160.31572606423532,144.18248618828073,61.853299729483176,67.7095489508224,18.749834153423414
person_1.mp4,front,558,9309,59.944700460829495,848,478,105.37202012973052,95.72811181022853,155.06844666544356,138.39236730057053,59.378379880128456,66.230129708541,18.75411968745304
person_1.mp4,front,559,9325,59.944700460829495,848,478,101.23323759368877,90.87941814521606,152.00253346134858,134.72482809800186,59.53479405373248,65.9462246729511,18.733068097406793
person_1.mp4,front,560,9342,59.944700460829495,848,478,98.82129496547759,89.06338634962569,150.20084512077725,133.68153022476386,60.709740737238036,66.61049598273542,18.81791568103227
person_1.mp4,front,561,9359,59.944700460829495,848,478,96.38659267312292,84.07302428385331,148.7229864988851,129.98794467179854,61.98585016342704,67.37854868275384,18.596664878991678
person_1.mp4,front,562,9375,59.944700460829495,848,478,94.83784035462571,84.30391130098641,147.44929696923163,130.8459129521144,60.55386359594999,68.12745760139236,18.335984457415904
person_1.mp4,front,563,9392,59.944700460829495,848,478,95.39803245938154,85.2726652916913,148.5287757870159,132.73179388777785,62.12384984737963,68.26574789369019,17.712065762072445
person_1.mp4,front,564,9409,59.944700460829495,848,478,93.51073879899167,82.73553632361408,147.2562764924835,131.00771650049148,62.86308026922787,68.15411938206259,17.71919876712497
person_1.mp4,front,565,9425,59.944700460829495,848,478,91.6098931594676,78.56248028032894,145.81585519147552,127.7460942088675,61.54068140838149,69.02179071074939,17.826610147496176
person_1.mp4,front,566,9442,59.944700460829495,848,478,88.92604821429478,74.89473734821925,143.5606966411978,124.35855354154137,63.481992134647854,70.7005372482683,17.839828917850618
person_1.mp4,front,567,9459,59.944700460829495,848,478,85.55445362617557,73.05165768902741,139.81009492639214,122.76441553403073,65.0583589224933,71.20899747350259,17.63638908134644
person_1.mp4,front,568,9475,59.944700460829495,848,478,80.61355115492036,71.33397676177212,135.11514114562556,121.78778317616973,64.15582568411445,70.39754550548068,17.36290985219198
person_1.mp4,front,569,9492,59.944700460829495,848,478,84.02447435852768,72.26717985901635,138.25458957823366,122.57874248649428,62.29285728100728,69.77156720754985,17.441225586684773
person_1.mp4,front,570,9509,59.944700460829495,848,478,86.34031066055189,72.81768712295887,140.48387361390934,123.19739528605596,64.43597688961931,69.31626403752112,17.522794489300118
person_1.mp4,front,571,9525,59.944700460829495,848,478,86.77094466227737,73.18267599822141,141.1164736345801,123.7532010471494,63.05118220269361,68.28956519906463,17.577415264680987
person_1.mp4,front,572,9542,59.944700460829495,848,478,86.8320551742959,71.85617651982147,141.1837227415913,122.6040770731515,62.962016989587845,68.38848909638241,17.822953262224992
person_1.mp4,front,573,9559,59.944700460829495,848,478,87.32862548100366,72.54290236911189,141.74028377092196,123.04234383135416,62.183252061828696,68.23673468920036,18.088542307134478
person_1.mp4,front,574,9575,59.944700460829495,848,478,87.57913178272631,72.84042617001028,142.20531031782545,123.72735065810103,62.335895476894294,68.48480201160639,18.078209782499478
person_1.mp4,front,575,9592,59.944700460829495,848,478,87.85125129137614,73.83839963324166,142.57694063191775,124.80153417072539,64.43064145271555,71.59665939367684,18.082943707571154
person_1.mp4,front,576,9609,59.944700460829495,848,478,89.61021084315531,73.80761714439365,144.28595996787143,125.2774418402983,65.48632608932564,72.61538362839255,18.124033601036707
person_1.mp4,front,577,9626,59.944700460829495,848,478,89.38231447840893,74.27032415945743,144.41410494078082,126.02627082369517,66.10625874143449,73.08579555965123,18.148496717665157
person_1.mp4,front,578,9642,59.944700460829495,848,478,89.35406996568013,74.02606460288914,144.4007197881067,125.87193408994277,65.31461607505823,71.80684294014956,18.152982548965912
person_1.mp4,front,579,9659,59.944700460829495,848,478,89.05635639741035,72.82677121210834,144.40310364368585,125.03180572273112,65.0886716180911,71.07140880052805,18.112403156540836
person_1.mp4,front,580,9676,59.944700460829495,848,478,89.5103464515313,72.68397561414392,144.9289114757008,124.90537897429836,64.94851971314463,70.9323341927694,18.126658772383212
person_1.mp4,front,581,9692,59.944700460829495,848,478,89.72667942865799,72.77064494380024,145.27965471959268,124.94143078321372,64.63604709156255,70.85785490240366,18.115405233749705
person_1.mp4,front,582,9709,59.944700460829495,848,478,90.65254224100161,73.07322858711804,146.18381116606915,125.36592690408881,65.38666878459154,71.20456632787754,18.14934490090484
person_1.mp4,front,583,9726,59.944700460829495,848,478,94.23174830899222,75.1712560359377,149.28346107119222,127.25177481722379,65.90995469017462,72.10828145432869,18.154808178283428
person_1.mp4,front,584,9742,59.944700460829495,848,478,94.7336212006386,75.1555506796878,149.82372054435274,127.36890479616048,65.71791853829299,71.51243330074702,18.15685234570946
person_1.mp4,front,585,9759,59.944700460829495,848,478,95.11880987252478,76.1931063169474,150.18793627046986,128.27202128326272,65.39522534189459,71.89395326184611,18.173535802948017
person_1.mp4,front,586,9776,59.944700460829495,848,478,94.59810225302193,75.56043559172562,149.8910511372088,127.83410429953159,65.38392320849754,71.30280896187297,18.194697270182107
person_1.mp4,front,587,9792,59.944700460829495,848,478,94.2139742209412,76.05932713418377,149.6573008738449,128.1912148036435,65.4195357237681,71.33559423470672,18.290752883626382
person_1.mp4,front,588,9809,59.944700460829495,848,478,93.77094802794956,75.98019508030882,149.39197860726907,128.3199063375951,65.73608573261112,71.79155355579461,18.32329165775454
person_1.mp4,front,589,9826,59.944700460829495,848,478,93.54318282735082,76.02487796300825,149.1883201881616,128.45336906758484,65.33147538233557,71.14911432742616,18.397369502325766
person_1.mp4,front,590,9842,59.944700460829495,848,478,93.3619551272345,76.6585015189591,149.11740565571375,129.15455607056637,65.69849021508381,71.39792425714376,18.407526509837385
person_1.mp4,front,591,9859,59.944700460829495,848,478,92.92456853502797,76.07482209712198,148.89217622159248,128.70610676476147,65.85257045773581,71.41472401733694,18.38174816979371
person_1.mp4,front,592,9876,59.944700460829495,848,478,92.13784706801628,75.1743873802069,148.31828088554056,128.06937996868535,65.77467087345096,70.89064814361062,18.269907128513314
person_1.mp4,front,593,9892,59.944700460829495,848,478,90.87135510555883,75.09299704412993,147.27889780242788,128.02242844434457,65.33882276154011,71.1780832243807,18.231674601214266
person_1.mp4,front,594,9909,59.944700460829495,848,478,89.28508098166505,74.53367430325282,145.98299728644915,127.5826463708384,65.28568549754648,71.40889867949264,18.212377534552314
person_1.mp4,front,595,9926,59.944700460829495,848,478,87.67968850332348,74.35695401195771,144.6117749120742,127.63542258754535,65.97207906635451,71.6239426641446,18.13115706757337
person_1.mp4,front,596,9942,59.944700460829495,848,478,87.93094904862372,74.35531835114182,144.8334649197499,127.59490248821447,65.83509320449265,71.29555741180646,18.137557288741252
person_1.mp4,front,597,9959,59.944700460829495,848,478,87.32118249481022,74.24284896999187,144.29504200376041,127.6301717934594,66.29246407878149,71.251594260443,18.048373807027456
person_1.mp4,front,598,9976,59.944700460829495,848,478,85.50905259422937,71.78741963445556,142.61952875030187,125.16887698829761,65.57680726847299,70.1785138958045,18.06064625856169
person_1.mp4,front,599,9993,59.944700460829495,848,478,85.80574942256906,72.03776917383432,142.86060012963742,125.2638970792063,65.57911802028954,70.55408148629049,18.132287898122332
person_1.mp4,front,600,10009,59.944700460829495,848,478,86.14851906863537,77.04339784840563,143.31498401271926,130.17922534601965,65.79441886974026,72.78301737163623,18.027780104288656
person_1.mp4,front,601,10026,59.944700460829495,848,478,86.49728119029862,78.33306482456155,143.57273318856545,131.32676373821187,65.73392420477136,72.68703353023575,17.97477120542036
person_1.mp4,front,602,10043,59.944700460829495,848,478,87.55683884374245,80.57025772011842,144.66952172203682,133.62313298563265,66.82076847517752,73.08284584123723,17.857692549609688
person_1.mp4,front,603,10059,59.944700460829495,848,478,87.16920381248227,80.4675971608517,144.3713200917706,133.7809526839266,66.76466588285032,73.27048345093412,17.814941661960805
person_1.mp4,front,604,10076,59.944700460829495,848,478,88.11574356053252,82.1433857144969,145.34227960222003,135.40357330680416,67.41735585971507,73.12200747027929,17.79972440856602
person_1.mp4,front,605,10093,59.944700460829495,848,478,88.5409057714689,83.93415212497226,145.8522451441106,137.1387399576172,67.34597688373191,73.41543019394642,17.668656124749575
person_1.mp4,front,606,10109,59.944700460829495,848,478,88.3252081642628,82.29150808936147,145.72037022997063,135.73510959939946,67.2353137893616,72.9881639424871,17.650783575305663
person_1.mp4,front,607,10126,59.944700460829495,848,478,87.39260425364017,81.31042389321209,145.0140965615374,134.9943317527095,67.5292398316533,72.9394820867045,17.56196437951005
person_1.mp4,front,608,10143,59.944700460829495,848,478,87.46285948009296,83.27932769273582,145.13756918087338,136.83617457310353,67.38098465449868,72.18706950674911,17.534153591022054
person_1.mp4,front,609,10159,59.944700460829495,848,478,87.44569086101306,84.46073529206994,145.09593686793855,137.87415405244082,67.24282731947841,71.0161274286842,17.59687696051304
person_1.mp4,front,610,10176,59.944700460829495,848,478,89.21199523699127,88.68715602674885,146.59364361102206,141.65401152437983,66.10294858724141,70.22879684730661,17.691758074039605
person_1.mp4,front,611,10193,59.944700460829495,848,478,89.29124083669569,86.61821071535086,146.3320326891342,139.3285210980247,65.48083242097816,70.19565325861674,18.150941816123265
person_1.mp4,front,612,10209,59.944700460829495,848,478,91.25851002478547,89.12742782863155,147.98316526682032,141.80639490735487,65.39910213684827,70.45955520548696,18.46227266849375
person_1.mp4,front,613,10226,59.944700460829495,848,478,92.32196409729019,88.22230296000004,149.11486701329343,140.77526331312131,65.82642653833322,70.23731424738759,18.531659500812236
person_1.mp4,front,614,10243,59.944700460829495,848,478,92.54140527645846,87.44212586055534,149.03162880375444,139.59670407172896,65.24449508058804,70.28830793579097,18.84813649311715
person_1.mp4,front,615,10259,59.944700460829495,848,478,93.48368007144657,88.35697067892038,149.7709636871143,140.0089039810436,65.38406814493823,70.4363402472426,18.65187308300178
person_1.mp4,front,616,10276,59.944700460829495,848,478,93.4269523538375,87.81360321067704,149.69733886809442,139.35318662541326,64.76823685555078,70.92684227212419,18.639843230245095
person_1.mp4,front,617,10293,59.944700460829495,848,478,93.2115499169586,85.73310901817729,149.20954289147178,136.75438463978026,64.8705285397983,67.91544458145292,18.848042663731032
person_1.mp4,front,618,10310,59.944700460829495,848,478,93.42126787183467,86.12889281007222,149.0227359041751,136.52504875185383,64.55826588199233,67.97840985683656,18.97206665028411
person_1.mp4,front,619,10326,59.944700460829495,848,478,93.4931290820982,86.40532847827838,148.688577856328,136.21131138646612,63.50944057499255,67.33348422878016,19.297291682791837
person_1.mp4,front,620,10343,59.944700460829495,848,478,94.04664897187386,87.16010318625028,148.93135762732226,136.46339375132527,63.53758042044469,67.55829381713181,19.30487405451941
person_1.mp4,front,621,10360,59.944700460829495,848,478,94.82388395909963,90.94048445010966,149.22130330265927,140.1113816589327,62.24182017094638,66.36805986579024,19.530370943357315
person_1.mp4,front,622,10376,59.944700460829495,848,478,96.8193605385814,94.66859227181456,150.34646265644807,142.73205869331917,61.359876833876434,65.50494150684318,19.94815955287062
person_1.mp4,front,623,10393,59.944700460829495,848,478,98.5322971626288,100.70907106167677,151.4206765381014,147.75003268103544,59.64914975799961,64.28552340902641,20.442861078536904
person_1.mp4,front,624,10410,59.944700460829495,848,478,101.24742831825117,105.18980781573072,153.26870738808935,150.90556668732566,59.44505360761818,64.19191951223935,20.753606392769
person_1.mp4,front,625,10426,59.944700460829495,848,478,103.18854177590576,111.46262328855002,154.19573344038795,155.60895555455443,59.1053302357952,64.44530961001213,20.59401605588148
person_1.mp4,front,626,10443,59.944700460829495,848,478,106.58948244850099,114.64078974398518,156.60385210929857,157.17965815897296,59.003454395142164,64.76172138286574,20.657085272611077
person_1.mp4,front,627,10460,59.944700460829495,848,478,111.4159653970931,117.60847185776252,159.75194278109421,158.66691583254587,59.29656315419862,64.85800627111018,20.731894411648128
person_1.mp4,front,628,10476,59.944700460829495,848,478,116.60800785842385,120.23281088479003,163.36888280772584,160.07653387441582,59.713697783508366,66.14761808610903,20.652152579059813
person_1.mp4,front,629,10493,59.944700460829495,848,478,122.00144053514498,122.57042079338763,166.71332077453198,161.11934901785747,60.215157127659126,68.60903838165882,20.31883311472322
person_1.mp4,front,630,10510,59.944700460829495,848,478,119.83667596767322,122.51418712851472,165.32694068965088,160.40012633795075,57.6593845726709,66.2510849439062,19.85965205919628
person_1.mp4,front,631,10526,59.944700460829495,848,478,121.68645582195983,122.62215335425824,166.88439668021138,160.4207280948602,56.85115658864706,63.02740994311457,18.792181844613854
person_1.mp4,front,632,10543,59.944700460829495,848,478,122.35223009948555,123.03389816895704,165.8457213832883,158.98996197657738,59.681230838266195,65.72739465751462,18.139182355105167
person_1.mp4,front,633,10560,59.944700460829495,848,478,124.67311778451393,125.27999581586339,165.9064953229472,159.3539185113011,62.7397282573507,68.61679930836301,17.66162556912798
person_1.mp4,front,634,10576,59.944700460829495,848,478,127.07289974682874,130.26613257139994,166.08248080184876,162.3021922445252,65.24714305200344,71.17683068935506,17.32276627964164
person_1.mp4,front,635,10593,59.944700460829495,848,478,128.2561532714483,134.81439510448746,165.98729955077826,165.3987462881627,66.28210779262739,72.40028400648184,17.29809664523811
person_1.mp4,front,636,10610,59.944700460829495,848,478,131.1437657197795,136.06794500426582,165.50698150600113,165.72960267203777,68.07311858226443,72.58942579225598,17.011366599439388
person_1.mp4,front,637,10626,59.944700460829495,848,478,132.81424164499447,137.25275711009294,166.34611982557874,166.76245065850338,69.33180829462829,73.25969721766128,15.554430849478342
person_1.mp4,front,638,10643,59.944700460829495,848,478,136.61058483369868,139.76397596425556,168.18437019612202,169.5285046540686,71.7653250792136,75.06480922711027,12.642397964262535
person_1.mp4,front,639,10660,59.944700460829495,848,478,135.3223485845261,139.1497407070148,167.62015636123385,168.63195919302936,70.5278321288069,75.10241964303415,13.523750741901752
person_1.mp4,front,640,10677,59.944700460829495,848,478,134.4250761008241,139.3543672101511,167.08587384382344,169.6534920887415,70.34039728159577,75.01819517144294,12.30622729923358
person_1.mp4,front,641,10693,59.944700460829495,848,478,134.77489971911186,140.43327077660538,166.45614218488728,169.08046245942174,70.53420885959135,75.80963739194567,12.80072574735964
person_1.mp4,front,642,10710,59.944700460829495,848,478,136.3998549943462,142.03559990507833,166.0984934324387,169.2998376649834,71.7669961827162,76.59971084081415,13.385211178035854
person_1.mp4,front,643,10727,59.944700460829495,848,478,136.32293675329075,142.51282911938983,166.19752845816424,168.85745157470072,72.03192878677736,77.3163505265523,13.573755019710772
person_1.mp4,front,644,10743,59.944700460829495,848,478,137.7499672219746,142.39278232574074,165.88172514483966,168.2817774355911,72.9668215945964,77.38721103975148,13.844457747823284
person_1.mp4,front,645,10760,59.944700460829495,848,478,139.96294223301737,144.42829803513348,166.6667859804389,168.82356055026375,75.21878188796423,79.12498948279459,12.846519575989115
person_1.mp4,front,646,10777,59.944700460829495,848,478,141.6428369712035,147.24094014866202,166.9473189800601,170.72869375612677,77.86627923084869,81.90682332635984,10.84428114601152
person_1.mp4,front,647,10793,59.944700460829495,848,478,140.08978925432038,146.40822423620418,167.71458053333964,170.91186302414832,77.21866867633747,82.0997734488684,9.496393920153107
person_1.mp4,front,648,10810,59.944700460829495,848,478,139.56431189860135,145.21437708280573,167.7161612225964,170.40808526951574,76.69383415006455,81.70056066691531,9.446394967284094
person_1.mp4,front,649,10827,59.944700460829495,848,478,138.64647085222916,143.95282409075747,167.5336286760538,169.88682675748865,75.76938067375936,80.90899510227929,9.807278360227551
person_1.mp4,front,650,10843,59.944700460829495,848,478,140.20468764387977,144.458217437527,167.6213885424015,169.90355870535345,76.9515208131066,81.39286842256935,9.703210767600474
person_1.mp4,front,651,10860,59.944700460829495,848,478,140.09734675496125,144.1966540418161,167.0666912004426,169.31601329759357,76.77003008912305,81.4625568044107,10.332055651737614
person_1.mp4,front,652,10877,59.944700460829495,848,478,140.66241568205342,143.6580931678733,167.7012077184576,169.22417804857602,76.39611208286284,81.01726559514613,10.722227292661657
person_1.mp4,front,653,10893,59.944700460829495,848,478,141.78203679958273,144.82612276097345,167.93831540705688,169.6110221974797,77.25096296298835,82.13947894762197,10.377315906451521
person_1.mp4,front,654,10910,59.944700460829495,848,478,140.77379238243472,143.98305132015693,166.5978625617374,167.9437897472569,76.44006904604717,82.05629368808106,12.202529284161267
person_1.mp4,front,655,10927,59.944700460829495,848,478,143.26106345795796,145.89876944430546,167.94121943993457,168.38241367692302,77.96009504190783,83.56250486271284,11.375048267862688
person_1.mp4,front,656,10943,59.944700460829495,848,478,146.23625327865287,145.87259727623007,166.85283903922888,164.33316641552258,79.21816409320536,83.31481218662368,15.565775759623639
person_1.mp4,front,657,10960,59.944700460829495,848,478,147.99081624501872,147.40616919754194,168.4344743154531,166.07021906019546,80.69018572036573,85.00318823661007,13.419501048816942
person_1.mp4,front,658,10977,59.944700460829495,848,478,146.67219574636442,146.44678366528655,167.42081864754377,165.39540258577685,79.9984859038312,84.4444629248695,14.331434579030226
person_1.mp4,front,659,10993,59.944700460829495,848,478,146.7429041301292,146.55497746281566,169.4148591508868,166.90758797794885,80.10615531624569,84.41975990316438,12.22243884014146
person_1.mp4,front,660,11010,59.944700460829495,848,478,146.2939551684402,145.77048373953014,169.88041552922647,167.45858259499607,79.4398162304628,83.62089367488345,11.673000596911322
person_1.mp4,front,661,11027,59.944700460829495,848,478,145.5407905902922,145.59852283508218,169.43269986213517,167.26118461856296,79.00279363404255,83.80338430324336,12.05739917119098
person_1.mp4,front,662,11044,59.944700460829495,848,478,146.99024458691983,146.14989810084876,169.28683460214705,167.78919675041175,80.28222549799567,83.98578901317903,11.78384900520802
person_1.mp4,front,663,11060,59.944700460829495,848,478,146.98791099655617,145.9279523463527,170.4832378512888,168.8144246106433,80.61246477085824,84.03696093632456,10.220774328114798
person_1.mp4,front,664,11077,59.944700460829495,848,478,146.71478509741056,145.58513309687424,170.147483086093,168.87343150772824,80.30072427285386,83.855425231636,10.366178305464683
person_1.mp4,front,665,11094,59.944700460829495,848,478,146.5464484577467,145.16631787233075,167.4985794816731,167.8105761291784,80.59823989724138,83.66964514881371,12.330050242894956
person_1.mp4,front,666,11110,59.944700460829495,848,478,146.33584026986097,145.22441071749597,166.83077591394797,167.28334647513663,79.91231823006503,83.87539435760122,13.166408343007419
person_1.mp4,front,667,11127,59.944700460829495,848,478,145.73454363158461,145.0113734601645,166.6962127167441,167.13007055348305,78.98414914445934,83.80085219673225,13.313243647053335
person_1.mp4,front,668,11144,59.944700460829495,848,478,147.14077584469644,145.0098482550368,168.68909919406676,167.71688452411865,79.7244112416203,83.52562973214576,12.496277190900233
person_1.mp4,front,669,11160,59.944700460829495,848,478,146.82639567409308,144.9748813384777,168.73058840856476,168.1428607304311,79.5248729773246,83.14133741922129,12.29522438442507
person_1.mp4,front,670,11177,59.944700460829495,848,478,147.02081505990668,145.49123864613327,167.89718727982452,167.96862496332986,79.67555958274099,82.92836622705958,13.27955940164411
person_1.mp4,front,671,11194,59.944700460829495,848,478,146.89327833377666,145.98791187114153,166.64272049282928,167.80323809604718,79.58463846845144,82.68829427163891,14.561557196231414
person_1.mp4,front,672,11210,59.944700460829495,848,478,146.87451968881078,146.45357500745737,167.32287794326783,167.88756800496222,79.82957411093642,83.25348083239628,13.877250240732549
person_1.mp4,front,673,11227,59.944700460829495,848,478,147.43115241451534,146.4627932383427,169.86385689748724,170.59964695141437,80.17759759908672,83.39479121700164,11.11893088953668
person_1.mp4,front,674,11244,59.944700460829495,848,478,147.7539758096677,147.11012616146934,168.3875389186064,168.93605014342685,80.59439234064844,83.69648659827793,13.022591977840783
person_1.mp4,front,675,11260,59.944700460829495,848,478,147.6870154385549,147.43261855434818,168.57203580361514,168.80388958485375,80.63021403337133,84.12734929977711,12.757220229529205
person_1.mp4,front,676,11277,59.944700460829495,848,478,147.8217950362185,148.1289964087689,170.22989921657623,170.69279112593517,81.40419963518987,85.183567001607,10.375599691504167
person_1.mp4,front,677,11294,59.944700460829495,848,478,146.8865719979672,147.77925702276372,169.80813599282152,170.33707776735812,80.79148795235864,85.0079200210475,10.582880043719701
person_1.mp4,front,678,11310,59.944700460829495,848,478,146.46493207090464,147.65961116315037,169.74627806232638,170.18274167827897,80.49164127711443,84.94360550146682,10.662827644682801
person_1.mp4,front,679,11327,59.944700460829495,848,478,146.28461346918746,147.33403774636318,169.26785469929524,169.0046832356038,80.37812670649126,84.5718803357512,11.516828852436841
person_1.mp4,front,680,11344,59.944700460829495,848,478,145.05778352229203,146.0186340674943,168.38811228790956,169.2290460111241,79.18949796791343,83.27471607384328,12.140986814853267
person_1.mp4,front,681,11360,59.944700460829495,848,478,145.15174056841985,145.99242916045532,167.80766259182113,167.6858710342943,79.33719101186013,83.13156756220042,13.211781689765507
person_1.mp4,front,682,11377,59.944700460829495,848,478,146.02565513142457,147.0672823639602,169.33859736319047,169.73410552618796,80.56168454467763,84.5795349024461,10.841715909234814
person_1.mp4,front,683,11394,59.944700460829495,848,478,145.96199592135952,147.02388231375448,169.0177472519478,169.63878392802516,80.45792279794784,84.50904341222333,11.088914717571619
person_1.mp4,front,684,11411,59.944700460829495,848,478,145.15845062074357,146.47539139193242,167.26758225835206,168.25481080629007,79.62268611210378,83.95047488793551,12.759902066196632
person_1.mp4,front,685,11427,59.944700460829495,848,478,145.2030630200665,146.6264306436465,164.88968907253354,166.90940541549753,79.65640056340575,84.04866454780951,14.869609048216583
person_1.mp4,front,686,11444,59.944700460829495,848,478,145.7251897055881,146.59789129159617,166.12816570855173,167.73055734890994,79.40062016927989,83.64312416579047,14.504912207750548
person_1.mp4,front,687,11461,59.944700460829495,848,478,146.24962101114153,146.71888912625437,166.15063894655893,167.60621777325264,79.98718788362571,83.58043628745051,14.588491187219711
person_1.mp4,front,688,11477,59.944700460829495,848,478,146.85878573475028,147.38843415240518,166.14692564836258,167.90258210862103,80.41883575166219,84.34501869327046,14.248562739789934
person_1.mp4,front,689,11494,59.944700460829495,848,478,146.61380889188786,146.85035511992496,167.70261498455812,167.95577096805516,80.04514826322722,83.86455486735183,13.382320546550543
person_1.mp4,front,690,11511,59.944700460829495,848,478,145.94229717188423,146.03248139011848,166.56882296333012,166.33255855847577,79.7331113434356,83.19906277823985,14.811246947732906
person_1.mp4,front,691,11527,59.944700460829495,848,478,146.2767681660668,146.4025570567347,167.18585755517904,166.86345317410903,79.95747693485312,83.6071861034866,14.171479047716899
person_1.mp4,front,692,11544,59.944700460829495,848,478,146.4199633502781,146.5053964012004,167.1332945165385,166.95180017633297,79.97255992547638,83.73809506965006,14.189964124063726
person_1.mp4,front,693,11561,59.944700460829495,848,478,145.82236010199998,146.11091600941145,166.76584924399359,166.72679203146214,79.7954290412088,83.45919279133041,14.14849094747682
person_1.mp4,front,694,11577,59.944700460829495,848,478,146.88121499806275,146.89681036438657,167.11039011897094,167.71018120393552,80.4514832924183,84.22881765400165,13.458360458424286
person_1.mp4,front,695,11594,59.944700460829495,848,478,146.40062047977128,146.53014611629752,167.36720363540383,167.63373569582043,79.98322767476127,84.08169697355966,13.463449054872271
person_1.mp4,front,696,11611,59.944700460829495,848,478,146.01012327617295,145.98040426345173,165.20513879531487,165.50929755020084,79.18444580686563,83.17360828846608,16.188634648642847
person_1.mp4,front,697,11627,59.944700460829495,848,478,145.68068730572907,145.78172633710093,164.88214461659308,165.57082352381562,78.82410206774318,82.8747344743901,16.4222658043471
person_1.mp4,front,698,11644,59.944700460829495,848,478,145.7478302499966,145.74485501279923,165.32064922854462,165.78360893659897,78.83656895158002,82.90501053525057,16.098446086438145
person_1.mp4,front,699,11661,59.944700460829495,848,478,145.83711460532683,146.10610810413817,165.10110596259517,165.99933203633506,78.98013719393273,83.0606910584549,16.376004011024673
person_1.mp4,front,700,11677,59.944700460829495,848,478,145.82126044067815,146.06150650506544,165.38423633069897,166.18749384586064,78.9163178199159,82.98042774529911,16.164249103287126
person_1.mp4,front,701,11694,59.944700460829495,848,478,145.80585646633574,146.17790978100518,165.04492996318635,165.56253756035827,78.98853190028723,83.06613550659957,16.66332337015234
person_1.mp4,front,702,11711,59.944700460829495,848,478,147.1316099397496,146.526254046961,165.25567130590602,165.9551582957776,79.98072836483179,83.21170055713822,16.461019710663063
person_1.mp4,front,703,11727,59.944700460829495,848,478,147.6793841248395,147.19335204623496,166.21257559524955,166.09186243617535,80.87079157930319,84.0892526048746,15.702481072002536
person_1.mp4,front,704,11744,59.944700460829495,848,478,148.1062759531831,147.90487719812353,166.80164962034308,167.21614927405582,81.28135036792695,84.98996006015756,14.815676303617161
person_1.mp4,front,705,11761,59.944700460829495,848,478,147.68803064902013,147.51589666578965,167.11047149124647,167.15828484913376,80.90947031091761,84.75896531581348,14.541307207381161
person_1.mp4,front,706,11778,59.944700460829495,848,478,147.74240948439152,147.35927533067328,167.20372895962672,167.63278589951668,80.92471231829786,84.66163580683315,14.26335224328551
person_1.mp4,front,707,11794,59.944700460829495,848,478,147.82100596223526,147.3394596809026,166.83448950653676,166.72647872035327,81.10389810788664,84.56243837975597,14.861809420746143
person_1.mp4,front,708,11811,59.944700460829495,848,478,148.19499906610636,147.388998372641,168.6951197223929,168.28875696666378,81.27973283558826,84.88141902748187,12.740845292865544
person_1.mp4,front,709,11828,59.944700460829495,848,478,148.09114276896554,147.40651131203438,167.62688860807305,167.0084035072038,81.26392899446778,84.84920221297558,13.993819646824505
person_1.mp4,front,710,11844,59.944700460829495,848,478,149.00493663386956,147.48452514255206,168.84215196539986,167.53616079228826,82.14670552053124,85.61399957939399,12.488881805758854
person_1.mp4,front,711,11861,59.944700460829495,848,478,148.5732118250902,147.01679169359608,168.47608044607074,167.33749162846803,81.79740850042826,85.31758817724895,12.644197729571552
person_1.mp4,front,712,11878,59.944700460829495,848,478,148.9701847441392,147.22099257530866,168.17824620521333,166.01956705752187,81.39273218621096,85.39602762646781,14.027340257317858
person_1.mp4,front,713,11894,59.944700460829495,848,478,149.87125261383264,147.56612445760837,168.48392563506715,166.54036297859835,82.49770658079302,86.21237027910375,13.163676569337138
person_1.mp4,front,714,11911,59.944700460829495,848,478,149.2826361652234,146.78390831474542,168.29437484245557,166.49482301148254,82.18789954507571,85.6137225648313,13.070531679427422
person_1.mp4,front,715,11928,59.944700460829495,848,478,148.9504936971829,146.47795237336695,169.2618092149699,167.31924965260714,81.95046521238307,85.42863088852143,11.974084152957216
person_1.mp4,front,716,11944,59.944700460829495,848,478,148.0008002121623,146.42265669031903,168.77079657942366,167.46645332294182,81.42741730368344,85.24169233633589,11.98192368990355
person_1.mp4,front,717,11961,59.944700460829495,848,478,147.72083684378651,146.22633799182213,168.98341249108447,167.80922615781117,81.5466074962766,85.02076809058536,11.62855986627084
person_1.mp4,front,718,11978,59.944700460829495,848,478,148.88372544101327,146.83074444042248,169.5480353166996,168.37541176518616,83.5304806597883,86.33528392885461,10.25888473608574
person_1.mp4,front,719,11994,59.944700460829495,848,478,148.75906335699582,146.19124321775226,168.92967689826602,168.19322836262916,83.86730245620535,85.73780447888521,10.625444747102891
person_1.mp4,front,720,12011,59.944700460829495,848,478,146.96852704138743,146.44388064758638,169.83561741311223,169.88977362467463,83.12067842423869,86.34303299230879,8.669154255742171
person_1.mp4,front,721,12028,59.944700460829495,848,478,146.68314073133743,146.55212883751696,169.33866559260716,169.68411070252856,82.7858938595087,86.36733372785343,9.065197747266318
person_1.mp4,front,722,12044,59.944700460829495,848,478,145.05915227099672,145.93226387469497,169.3642286095508,170.0646438140903,81.66717476852659,85.9287020890605,8.460860649988076
person_1.mp4,front,723,12061,59.944700460829495,848,478,145.06031275207178,145.93372353916695,169.33716148629802,170.02003980565456,81.44660071599394,85.88041350185506,8.579575920458966
person_1.mp4,front,724,12078,59.944700460829495,848,478,145.18497264406827,145.74633102166425,169.25992038769672,169.7555101014637,81.3858363341862,85.5248372141341,8.823695397054601
person_1.mp4,front,725,12094,59.944700460829495,848,478,145.20659917787432,145.78534813395268,170.05579464081328,169.7077109000702,80.92247758180568,85.33143023861835,8.765090414758065
person_1.mp4,front,726,12111,59.944700460829495,848,478,144.90127386911658,145.35113736141426,170.4733104208297,169.2157920829773,79.97944511011517,84.74231081539638,9.397434489847603
person_1.mp4,front,727,12128,59.944700460829495,848,478,144.6654337198038,145.30876827578027,171.0581423610682,169.86581399983703,79.7180276739491,84.58998770958603,8.668505852893087
person_1.mp4,front,728,12145,59.944700460829495,848,478,145.4082441171204,145.61446025789786,170.65615265483254,170.41273374881825,80.32668350552605,84.70820310396412,8.562202931142364
person_1.mp4,front,729,12161,59.944700460829495,848,478,145.29109402414142,145.62746597406408,170.4090957926602,170.31335301564087,80.14245948554205,84.74201113002067,8.75229210405425
person_1.mp4,front,730,12178,59.944700460829495,848,478,144.59866986759477,145.59253640097967,169.92874299853497,170.55945338201684,79.70379912003001,84.63015192002547,8.65248250148789
person_1.mp4,front,731,12195,59.944700460829495,848,478,144.3123548244313,146.0115628660562,166.65869895662775,170.23696924159154,79.11363642369355,84.15393924935763,11.34579084774204
person_1.mp4,front,732,12211,59.944700460829495,848,478,143.7655731333403,146.43549878233296,164.4118927161462,168.80072459218331,77.64159351734043,83.22460511035253,14.643986372921006
person_1.mp4,front,733,12228,59.944700460829495,848,478,143.86492524134516,146.84630336566653,165.6573883810382,168.81150290097273,77.63430327822688,83.36032017631145,13.955535590016797
person_1.mp4,front,734,12245,59.944700460829495,848,478,142.53433524596025,146.45539305945994,165.88420715930852,168.31140867512627,76.50196484473565,83.18539206012333,14.321250133880696
person_1.mp4,front,735,12261,59.944700460829495,848,478,143.40925109016027,146.74439704643564,166.02475820538208,168.17446190689648,77.04728545278263,83.71502100458305,14.658850161515257
person_1.mp4,front,736,12278,59.944700460829495,848,478,142.5496975217864,145.77266684962999,166.0621891596072,167.51584820715945,76.05535693562213,83.32571282843983,15.11344028214954
person_1.mp4,front,737,12295,59.944700460829495,848,478,142.0703915431104,144.9198968448809,166.0884566545045,166.72007428955695,75.66294099207688,82.7280835265556,15.445620189102387
person_1.mp4,front,738,12311,59.944700460829495,848,478,138.5317615870379,142.44270018849747,165.01888088966226,165.75719233832294,72.80188025784989,80.99053035409149,16.59968079350661
person_1.mp4,front,739,12328,59.944700460829495,848,478,136.09896368572274,139.02281372735982,163.25913924554123,164.82890017712964,70.97832790653865,78.70842162413872,17.454557534958386
person_1.mp4,front,740,12345,59.944700460829495,848,478,134.84489610792468,137.67340412196867,163.67886450191398,164.0607434215199,70.01195637801378,78.21750952536321,17.330632258017964
person_1.mp4,front,741,12361,59.944700460829495,848,478,134.32295218271474,136.6531444877683,164.04361061575855,163.18337299207857,68.58470844190073,77.54799920589153,17.92063720302456
person_1.mp4,front,742,12378,59.944700460829495,848,478,133.67599114746463,134.55374345715828,164.09469147666863,162.07317510764517,68.0027391383721,77.02690579089429,18.069685064519753
person_1.mp4,front,743,12395,59.944700460829495,848,478,133.88184162694452,129.90361291380026,164.71995598426574,159.29566165436557,68.81139346200497,74.85068753556222,17.476051853464405
person_1.mp4,front,744,12411,59.944700460829495,848,478,132.9806046434855,126.83343155941824,164.53092965798018,157.24171092753204,68.48994290159726,73.3989854403626,17.56979556080617
person_1.mp4,front,745,12428,59.944700460829495,848,478,129.47604241385204,123.82575651566867,162.71435417650474,154.68015269275884,67.19600103180476,72.70470250061437,18.423768991101536
person_1.mp4,front,746,12445,59.944700460829495,848,478,129.14988991344464,120.8138420015081,164.29715883329757,152.45455721903613,66.0905344962184,73.00647562458421,18.410644469183136
person_1.mp4,front,747,12461,59.944700460829495,848,478,125.97696031230755,119.4023467248349,163.99324381244995,152.52746708730845,64.61357711218963,72.81403884234113,19.211269480836634
person_1.mp4,front,748,12478,59.944700460829495,848,478,126.89535341052668,118.36425567662239,164.11651808445967,152.9885575460308,64.14519888260077,71.56614607894814,19.73622347500476
person_1.mp4,front,749,12495,59.944700460829495,848,478,125.51962538821441,116.06535970340339,163.20211720265857,152.555915335489,63.86783610721952,69.18775626623626,20.406730381946918
person_1.mp4,front,750,12512,59.944700460829495,848,478,123.0415582549407,116.32451403543375,161.122991229262,151.05681470107186,63.51186565224543,68.56895481069269,20.546853820732196
person_1.mp4,front,751,12528,59.944700460829495,848,478,123.19598884271377,116.77005694125084,161.42497938484166,151.09097994174996,64.10409340555019,68.8422586964538,20.29076249509205
person_1.mp4,front,752,12545,59.944700460829495,848,478,122.54510644261377,114.58546391602286,161.8262270456638,148.9440788154363,64.67432397809188,69.42141196318268,20.03445004917228
person_1.mp4,front,753,12562,59.944700460829495,848,478,121.25607452178387,112.14638703777203,162.15367848172284,147.84275976772997,64.20305860190402,69.29962569148584,19.595322444953794
person_1.mp4,front,754,12578,59.944700460829495,848,478,121.63149278516528,112.39914046111268,162.42946234752233,148.43266680912038,63.666535014042246,69.76925195810006,19.194302276995852
person_1.mp4,front,755,12595,59.944700460829495,848,478,120.48154572035769,111.70652513641315,162.07476332911335,149.6454465448015,64.04206946715358,70.95482398555092,18.8170105447474
person_1.mp4,front,756,12612,59.944700460829495,848,478,117.81268297099703,106.85343450512431,162.20049352583283,146.4500762111852,63.42143586809871,68.68788163734395,18.601986244899088
person_1.mp4,front,757,12628,59.944700460829495,848,478,116.70985743059605,109.23939765490908,162.68196017994623,151.63549571973218,62.56968707975532,69.04011564323204,18.548068860831822
person_1.mp4,front,758,12645,59.944700460829495,848,478,113.35325661820774,108.22957623868336,160.0528868318541,151.4082190168873,61.5934700462113,68.28394568151367,18.5340786528955
person_1.mp4,front,759,12662,59.944700460829495,848,478,108.19515159003576,104.64969769852632,157.2354501452504,148.45922341710573,62.86424124237793,68.74394071174174,18.395451863934113
person_1.mp4,front,760,12678,59.944700460829495,848,478,102.838405409117,99.32842853900193,153.4326104792964,144.32765814541835,59.81163897378588,68.39035475357852,17.998078451908693
person_1.mp4,front,761,12695,59.944700460829495,848,478,100.02663713203052,91.33778354382386,151.8482356180377,138.5505443971066,60.07329349790454,62.765087650785354,17.493061026503696
person_1.mp4,front,762,12712,59.944700460829495,848,478,100.30269693901182,89.38478183225116,152.08793685859862,137.37351515692424,61.65988996393128,61.13133169208792,17.43119455312645
person_1.mp4,front,763,12728,59.944700460829495,848,478,100.80019619966895,92.19801045315847,152.59170715715047,139.51173916537664,62.61411506082383,63.043331623200395,17.367421290231434
person_1.mp4,front,764,12745,59.944700460829495,848,478,98.16612193852819,88.70155237497427,151.39491828155244,136.47086714626175,62.26737642273919,66.09083102835501,16.90847137627897
person_1.mp4,front,765,12762,59.944700460829495,848,478,98.42466317240002,87.39105473976656,152.1176024826856,135.06258555430256,61.7610379963512,70.6697840358564,16.654205655555288
person_1.mp4,front,766,12778,59.944700460829495,848,478,99.55695056630515,87.17928960859136,153.088953821107,134.77873102905258,62.38116624452063,71.76795515436095,16.393788937644814
person_1.mp4,front,767,12795,59.944700460829495,848,478,100.22618496509293,87.74614121743399,153.3379042939213,135.58916516788145,62.825123918034706,71.65371287974119,16.461321105829235
person_1.mp4,front,768,12812,59.944700460829495,848,478,98.60020087121285,85.15636966456192,151.85384191903165,133.5946981883754,64.12875691704171,71.01839161649059,16.545453350034236
person_1.mp4,front,769,12828,59.944700460829495,848,478,98.25352046369431,87.24994543286222,151.61407063709134,136.11111937993434,65.89331357542778,73.36871242129017,16.699595495676085
person_1.mp4,front,770,12845,59.944700460829495,848,478,96.99197627665886,85.22046278313664,150.35109166127435,134.40368926368993,65.65860914573858,74.82917972941786,16.938082866082894
person_1.mp4,front,771,12862,59.944700460829495,848,478,93.60002605101403,82.18238869048938,147.55987737333695,132.1393871797014,66.53757680631516,74.87955094764652,16.929930509441228
person_1.mp4,front,772,12879,59.944700460829495,848,478,93.46633319008323,80.27090337747066,147.6482768073675,130.93545481040954,66.5490680492392,73.99242793764834,16.926138011222314
person_1.mp4,front,773,12895,59.944700460829495,848,478,93.05113945437293,81.8835164291829,147.42119219808004,132.46797139169357,65.88638738397653,75.93615276634392,16.932317595638015
person_1.mp4,front,774,12912,59.944700460829495,848,478,93.8245009231369,82.92703133733127,148.1862338233436,133.7489438411921,65.53778392619562,76.75866264734573,16.852644516104593
person_1.mp4,front,775,12929,59.944700460829495,848,478,94.34721050530989,83.71345653095085,148.85451337269438,134.54283648701008,65.75106674721752,77.52719842162428,16.836696911144028
person_1.mp4,front,776,12945,59.944700460829495,848,478,94.57682432716139,83.581656730346,149.0482804716443,134.960417254078,65.65685432939921,77.28992472780939,16.920341352924538
person_1.mp4,front,777,12962,59.944700460829495,848,478,97.0840369334669,85.22818658284285,151.33672049420312,137.2066095077655,66.71427824011847,74.4480241072987,16.828926601166483
person_1.mp4,front,778,12979,59.944700460829495,848,478,95.26345375105329,84.3561583725135,149.93128467555968,136.63322484023638,66.86125917582396,72.87293832669589,16.840424191071996
person_1.mp4,front,779,12995,59.944700460829495,848,478,93.63161177947785,82.9737626561783,148.73799443101493,135.98568048208114,66.26823781191456,72.28270044353607,16.837152876030128
person_1.mp4,front,780,13012,59.944700460829495,848,478,93.6937183219763,82.14505379508765,148.79130810865323,135.5262763281197,66.02505387686348,70.72204063628924,16.890029861202354
person_1.mp4,front,781,13029,59.944700460829495,848,478,93.20597452855132,82.29435760699646,148.58518547304138,135.8159082808757,65.76242433104946,71.82586797598834,16.884081844419722
person_1.mp4,front,782,13045,59.944700460829495,848,478,93.32572192984442,81.87981517699541,148.69386014119303,135.74774249984887,66.17808088024235,72.89379491138179,16.955200785875522
person_1.mp4,front,783,13062,59.944700460829495,848,478,93.42050713167079,81.94327548348117,148.73168276200974,135.71804395729538,66.80676012733011,72.69582771500687,17.106645899833183
person_1.mp4,front,784,13079,59.944700460829495,848,478,93.20587839751039,81.73438046808101,148.6124570783418,135.3616513293448,67.23276185730063,72.59230008925465,17.167139019076295
person_1.mp4,front,785,13095,59.944700460829495,848,478,93.0653748326988,81.80663013984012,148.71061755790817,135.2509432964923,67.85007511992508,73.58337916567687,17.270051212885072
person_1.mp4,front,786,13112,59.944700460829495,848,478,93.06731827570358,80.11687979263823,148.8392461044297,133.72839588829135,67.60596706260958,73.39616048624576,17.32445357355663
person_1.mp4,front,787,13129,59.944700460829495,848,478,92.97263628083813,80.18179542805157,148.8788664798239,133.86986222842498,67.52786690822514,73.81850281321148,17.362140044961052
person_1.mp4,front,788,13145,59.944700460829495,848,478,92.57190532571913,80.26747060548314,148.650757483696,134.14005333302333,67.59026964384714,73.8519376060911,17.380634035717886
person_1.mp4,front,789,13162,59.944700460829495,848,478,92.61259447176522,80.45778715054102,148.69599983491915,134.2425087558183,67.05795860792254,72.77863542049647,17.4025667942361
person_1.mp4,front,790,13179,59.944700460829495,848,478,93.99887060236564,82.54858604472771,149.7367311047451,136.10954260330627,67.03297573123109,73.1836323310624,17.5372644810994
person_1.mp4,front,791,13195,59.944700460829495,848,478,94.09750624405174,84.44540907205905,149.80313413567487,137.92590297738352,66.61532486200291,72.85522726457825,17.562134981790305
person_1.mp4,front,792,13212,59.944700460829495,848,478,94.1251256476168,86.18711303716618,149.83453201552192,139.3804078466024,66.58998188721425,72.82968789520383,17.56232282033412
person_1.mp4,front,793,13229,59.944700460829495,848,478,94.19062404968751,85.43053756573424,149.88859163538152,138.6410645935416,66.64555767474842,71.63826030003116,17.624215497151138
person_1.mp4,front,794,13246,59.944700460829495,848,478,94.16345766873833,85.37315303126604,149.86537415274253,138.24128971993264,66.61242818393607,71.83532057168354,17.746153628613627
person_1.mp4,front,795,13262,59.944700460829495,848,478,93.67816854315566,85.22363423045876,149.62213196354588,138.15195706774244,67.14472122291707,72.75506623959278,17.69914152722552
person_1.mp4,front,796,13279,59.944700460829495,848,478,92.64325105216321,85.09035144057269,148.83201149712986,137.9111853711802,67.08022874762136,72.36903432995858,17.735808038383347
person_1.mp4,front,797,13296,59.944700460829495,848,478,92.4667763125713,85.49231026522196,148.80357460385198,138.54447859255163,67.22387228769773,72.73887236119151,17.709368458098055
person_1.mp4,front,798,13312,59.944700460829495,848,478,92.07166685000652,85.81467902038807,148.48642539181566,139.13038237565644,66.92758011101246,72.78919590881766,17.753232815097448
person_1.mp4,front,799,13329,59.944700460829495,848,478,91.5482144992666,85.6296034424008,148.0542919688989,138.8483574072318,66.82578661434228,72.17361023505966,17.9113267482978
person_1.mp4,front,800,13346,59.944700460829495,848,478,91.54757979604888,85.6221441145426,148.02429288718645,138.8107549977564,66.72709715019057,72.44099312806912,18.064454423144994
person_1.mp4,front,801,13362,59.944700460829495,848,478,88.97689070616973,84.87787590789172,145.83053711348856,137.93483954275504,66.34981813174625,71.97777080441666,18.1902583698123
person_1.mp4,front,802,13379,59.944700460829495,848,478,89.29328010038923,86.75587451527207,146.03384202257405,139.69266043125089,66.10508470400617,71.12700571563234,18.213966827133124
person_1.mp4,front,803,13396,59.944700460829495,848,478,89.68778577024544,87.34452399535833,146.27502449273277,139.9725102691057,65.57739230067442,70.67916050708904,18.296943296456696
person_1.mp4,front,804,13412,59.944700460829495,848,478,90.29409917384767,87.51645070430705,146.70338176146868,140.0090126420829,65.2171002122208,70.53620294643058,18.357408640365428
person_1.mp4,front,805,13429,59.944700460829495,848,478,91.29107157471628,88.70516019799,147.41701864577567,140.80888104518138,65.16203500250089,70.31931577863847,18.47152843217173
person_1.mp4,front,806,13446,59.944700460829495,848,478,91.94151458775671,88.67129058463215,147.87400697428345,140.41106346319773,64.96995668073636,71.13896789032832,18.53969157103696
person_1.mp4,front,807,13462,59.944700460829495,848,478,92.22937596447844,88.91606100381438,147.86541129988356,140.05290223715537,63.36906920983994,71.34984100550557,18.70653162519093
person_1.mp4,front,808,13479,59.944700460829495,848,478,92.65159705845399,89.472536707351,148.00621592992803,139.56035724062508,63.307077025944295,68.13806166942469,18.815222445123258
person_1.mp4,front,809,13496,59.944700460829495,848,478,95.22121971459882,94.17784407326015,149.82394913602695,143.37219759259978,61.50180756290453,66.0819685580762,19.453992400997834
person_1.mp4,front,810,13512,59.944700460829495,848,478,95.52628383222978,96.25995533525149,149.82620366285784,145.3134645993438,61.27852558887886,65.72005963680586,19.482432024751922
person_1.mp4,front,811,13529,59.944700460829495,848,478,95.64148088685316,95.48653602147974,149.351862255799,143.640492537575,61.42077906626093,68.57219912979285,19.866261270088984
person_1.mp4,front,812,13546,59.944700460829495,848,478,97.12805116063231,98.70601195323509,149.99442004775088,145.61353929099587,60.53191271479155,69.4760673250918,19.785843901883354
person_1.mp4,front,813,13562,59.944700460829495,848,478,101.25089359210085,106.93100017479875,153.91272481078983,153.39242245893806,60.88714488571636,66.56027099876891,19.600270282958242
person_1.mp4,front,814,13579,59.944700460829495,848,478,102.56114634861741,105.56919000149341,154.81651373798869,152.04788812548165,60.45408443293041,65.57666332581908,19.657363437546042
person_1.mp4,front,815,13596,59.944700460829495,848,478,104.9627064474566,109.51362054534215,156.29421355687117,154.50202353090364,60.26480966981963,65.57337914053346,19.83603877884864
person_1.mp4,front,816,13613,59.944700460829495,848,478,105.6578571026462,109.05311512435632,156.07516370551704,153.02089437998208,60.65908428376467,67.12540646162334,20.119032873388342
person_1.mp4,front,817,13629,59.944700460829495,848,478,108.03389186948213,113.8142472568176,157.07856821428408,155.91683411060566,62.83398647647219,67.42738352475749,20.10992370849897
person_1.mp4,front,818,13646,59.944700460829495,848,478,110.94045632587496,119.54777586834595,158.52121181626097,160.0011359573625,64.14560801479324,66.87605623616787,20.032315857429403
person_1.mp4,front,819,13663,59.944700460829495,848,478,116.28164211504216,122.29379583575017,161.75342062692818,160.80672051259234,64.18466127553178,68.8784563471109,19.91714337244984
person_1.mp4,front,820,13679,59.944700460829495,848,478,120.88416720720288,121.82625314679537,164.43649513402664,159.58265728033325,64.45509769643567,64.6778039747561,19.757341409134263
person_1.mp4,front,821,13696,59.944700460829495,848,478,119.14674252645392,120.88250559423979,162.76052236943255,158.18736741831273,59.960069633197065,64.71761875028854,19.642690830867014
person_1.mp4,front,822,13713,59.944700460829495,848,478,120.5179216422042,122.74583277079603,163.05762004600336,156.86086700731803,59.57798535508787,68.02117407852589,19.52179461912958
person_1.mp4,front,823,13729,59.944700460829495,848,478,123.43080918568906,124.15455117465739,163.75007714172907,156.85434555573795,61.189801298804674,70.10964660160928,18.68987994053687
person_1.mp4,front,824,13746,59.944700460829495,848,478,126.40338896264475,125.95459049393119,165.0699983627503,159.04902731645504,63.31610958689146,71.10852220884554,17.92280385613454
person_1.mp4,front,825,13763,59.944700460829495,848,478,127.49454237784404,131.05394779507802,164.7397128674557,162.36238508991363,64.598743024999,72.26666538850161,17.83664353144153
person_1.mp4,front,826,13779,59.944700460829495,848,478,128.45043570923457,133.65879717826195,164.5230211977337,163.84934152625752,65.527659410114,72.88793207255677,17.7280775437437
person_1.mp4,front,827,13796,59.944700460829495,848,478,131.0127965364511,138.14367965015467,164.34859885741642,166.43773637952626,65.81220662209817,75.07816221322439,18.176044529032634
person_1.mp4,front,828,13813,59.944700460829495,848,478,131.40603577293615,137.73975845550098,164.42360501362546,166.38073198557976,66.5644195255717,73.50305660252691,18.04171554381423
person_1.mp4,front,829,13829,59.944700460829495,848,478,135.45427246476595,138.54989130044135,164.84474779148445,166.7560702582474,69.23198774352242,73.41835456584039,17.514790311625585
person_1.mp4,front,830,13846,59.944700460829495,848,478,134.04931309913303,138.23015198042677,163.33340388456338,166.03809507618467,69.84456132081162,73.50791530938749,17.25453136664362
person_1.mp4,front,831,13863,59.944700460829495,848,478,135.75273113569628,139.8007997341645,163.53801376389865,166.0061608423118,71.28505223330303,74.94383048061185,16.620983725819965
person_1.mp4,front,832,13879,59.944700460829495,848,478,135.61848147409393,140.38225812544874,163.1339444947382,166.59052080207226,71.60179915541838,75.44233085162274,16.350037951763564
person_1.mp4,front,833,13896,59.944700460829495,848,478,134.36682322027133,140.4664545846825,163.25253918172817,166.99189253844438,70.77882463174642,75.49208482550743,16.042751453951272
person_1.mp4,front,834,13913,59.944700460829495,848,478,136.3410873175898,141.8166338300253,163.20337235383363,167.36954812170015,72.31245459022408,76.22691515041454,16.02631079148124
person_1.mp4,front,835,13930,59.944700460829495,848,478,139.50646544982646,144.3403472006883,163.43860384701074,168.0748849473309,75.12501902777166,77.86398896844996,16.022274195079223
person_1.mp4,front,836,13946,59.944700460829495,848,478,138.61473991330595,147.0633780140806,165.96362196397632,169.59258934623537,74.88264723614816,79.91159640004098,13.689526321099377
person_1.mp4,front,837,13963,59.944700460829495,848,478,139.1068180677998,146.87597051265976,169.84718249731887,170.6889429443372,76.35440409784593,81.2844049910496,9.236020708938488
person_1.mp4,front,838,13980,59.944700460829495,848,478,139.86844296853013,147.0624673053035,169.7094427572257,170.81184741912398,77.0246526949927,82.42396978943869,9.04266071125947
person_1.mp4,front,839,13996,59.944700460829495,848,478,140.40637191565173,145.89199882088656,169.50756125347056,170.34027194241457,77.714646984944,82.43568934838578,8.732814113565526
person_1.mp4,front,840,14013,59.944700460829495,848,478,141.2309779122922,145.35510921274428,169.2734687944949,170.03678256905204,78.43314929077958,82.84830865534975,8.559555861326551
person_1.mp4,front,841,14030,59.944700460829495,848,478,143.4854833418973,146.52331127455338,170.41528713514595,169.9719967549845,80.49292319346769,84.75318969043137,7.648294876517794
person_1.mp4,front,842,14046,59.944700460829495,848,478,143.48098956879457,145.4713222864565,169.77087365954088,168.42556640142595,80.55694814838871,84.76481084540961,8.375149766268601
person_1.mp4,front,843,14063,59.944700460829495,848,478,142.08095601012258,143.61003346357958,168.5668297378091,167.9706953722035,79.32209380208826,83.26024590188742,9.384387241682656
person_1.mp4,front,844,14080,59.944700460829495,848,478,142.4681217844816,143.86266296683968,168.07565144963178,167.89386994950357,79.56170801290385,83.34250215651869,9.906124527061586
person_1.mp4,front,845,14096,59.944700460829495,848,478,141.88268387684934,142.89028287724034,166.79709817511696,166.21918672742646,78.94402424143257,82.6005763669157,11.512723754682138
person_1.mp4,front,846,14113,59.944700460829495,848,478,142.66486345640251,143.1489977790224,167.28501032761474,165.7417281219241,79.1741062031746,82.72532762480792,11.954500210198603
person_1.mp4,front,847,14130,59.944700460829495,848,478,141.96550789428034,142.75165233901686,164.77790361770928,163.39494299401596,78.5138283554131,82.27557777445799,14.680553991816359
person_1.mp4,front,848,14146,59.944700460829495,848,478,143.15048386399764,143.93380619482613,164.77124700852852,163.68202373676937,78.98133368096335,83.11349795051994,14.537116565293164
person_1.mp4,front,849,14163,59.944700460829495,848,478,142.4363384238573,143.4088455944438,164.57240385151692,163.67131589947067,78.75824199929717,82.90163015513252,14.69730874401791
person_1.mp4,front,850,14180,59.944700460829495,848,478,142.8347021829554,143.53119978485987,164.4490401469796,163.55452140208178,78.51068103426392,82.77613148881693,14.99916843870346
person_1.mp4,front,851,14196,59.944700460829495,848,478,142.48569937939814,143.29531520026637,163.61645140036714,162.70064339245275,78.63088528487016,82.9637539830166,15.94096924553033
person_1.mp4,front,852,14213,59.944700460829495,848,478,143.43292105589214,143.87247510331775,163.3623744558751,163.12848985528223,79.25203622104608,83.24316225381223,15.784244166167491
person_1.mp4,front,853,14230,59.944700460829495,848,478,143.4042432789826,143.9622513090006,163.36416179189152,163.24571057241005,79.08480809505942,83.22417031212395,15.767842685164256
person_1.mp4,front,854,14246,59.944700460829495,848,478,143.56881727541423,144.1006258804002,163.17092537137253,163.40701400886275,79.22228670005467,83.4171399307485,15.787781699890814
person_1.mp4,front,855,14263,59.944700460829495,848,478,143.23377728366756,143.84802769263737,163.03434822447377,163.20961274186124,78.99563305058226,83.28412159828983,15.971249866315029
person_1.mp4,front,856,14280,59.944700460829495,848,478,143.56457844782838,143.91253395075418,163.2984216016111,163.42081966917922,79.03284283328237,83.26018863423052,15.946674122586552
person_1.mp4,front,857,14297,59.944700460829495,848,478,143.56086213042673,143.8737150094563,164.3678214450965,164.22353444342727,79.00876729961934,83.29917411517779,15.085417257093711
person_1.mp4,front,858,14313,59.944700460829495,848,478,143.53920259730995,144.18406228254716,165.92088919481552,166.72746960274833,78.91223563973472,83.45295146778635,12.982401693002272
person_1.mp4,front,859,14330,59.944700460829495,848,478,144.02982257032573,144.3667542559312,165.386203701122,165.74531417198614,78.96843449361879,82.92546425130054,14.145955318047017
person_1.mp4,front,860,14347,59.944700460829495,848,478,146.15693974996842,146.0230578188955,167.1268853240689,167.7271256468093,80.93680050704279,84.59047757665095,11.99602527129881
person_1.mp4,front,861,14363,59.944700460829495,848,478,146.36260408932378,146.02259821774442,167.06696267333982,167.42831050965088,81.31452174090039,84.98704156782398,12.306417047375112
person_1.mp4,front,862,14380,59.944700460829495,848,478,146.7033563775582,146.27653025057919,168.60535379635124,168.89509083100708,81.72007322296147,85.24363641414348,10.524058308409646
person_1.mp4,front,863,14397,59.944700460829495,848,478,146.62947189215876,146.07139280221452,169.0937233885242,169.00750078526102,81.82670123284562,85.21126602531508,10.187527570959068
person_1.mp4,front,864,14413,59.944700460829495,848,478,146.20732185254823,146.08182399111715,169.1139963218419,169.46120368988068,81.4236284065312,85.14245409497511,10.047217593016205
person_1.mp4,front,865,14430,59.944700460829495,848,478,145.7951147713824,146.0114109162496,168.98566927195205,169.44796007896102,81.12917137729875,85.1701251406307,10.134901790112815
person_1.mp4,front,866,14447,59.944700460829495,848,478,146.18003062068684,146.2854535948561,169.3855309761796,169.71233644069468,81.51840102079386,85.47882173850581,9.72820370132439
person_1.mp4,front,867,14463,59.944700460829495,848,478,145.93121064431904,146.13983104734197,169.3579811734355,169.80753700548672,81.30857679226396,85.38229293825407,9.710581109275415
person_1.mp4,front,868,14480,59.944700460829495,848,478,147.66723161718275,146.78953701822658,169.79079437433398,169.42752067624707,82.2086690672386,85.70415714475226,10.12702521633839
person_1.mp4,front,869,14497,59.944700460829495,848,478,149.57164820644553,147.74905537911087,170.36376576300378,169.58484658204955,83.56569404983716,86.60298368398624,9.906843287649187
person_1.mp4,front,870,14513,59.944700460829495,848,478,150.16520056518738,147.9083776263593,170.42336676097963,169.53878884175478,84.07567853049669,86.78384456047885,9.950369493515163
person_1.mp4,front,871,14530,59.944700460829495,848,478,150.1337210947642,148.04885889177646,170.73188096694778,169.83496159724086,83.97976274698308,86.88994869944803,9.59123737038294
person_1.mp4,front,872,14547,59.944700460829495,848,478,149.75266930905067,147.80160139190002,170.5038987773528,169.64770782418864,83.84401376777765,86.75566583581374,9.625609411515594
person_1.mp4,front,873,14563,59.944700460829495,848,478,149.91534337129875,148.0048030633687,170.54276340248404,169.42860389041724,84.07380045690162,87.13462606318976,9.511288142575122
person_1.mp4,front,874,14580,59.944700460829495,848,478,149.65252971160172,147.72094926713586,170.64825324374996,169.28452127543898,83.71997666420472,86.81042061370313,9.52088748995632
person_1.mp4,front,875,14597,59.944700460829495,848,478,149.49149484817474,147.47135219074738,170.57746009644373,169.33387505330913,83.44335578173168,86.60969669435475,9.5112697088412
person_1.mp4,front,876,14613,59.944700460829495,848,478,147.9979115099415,146.3479233964602,169.58464704600584,168.5628486526656,82.04912168967789,85.39422935103303,10.458128171531996
person_1.mp4,front,877,14630,59.944700460829495,848,478,147.85055095366658,146.31311092342153,170.010951894342,168.7947085462706,81.97364558524352,85.40669788335734,10.091820871463485
person_1.mp4,front,878,14647,59.944700460829495,848,478,148.05240060035032,146.35992036029393,170.24452606518975,168.9420444709453,82.05988507198862,85.36021195740621,9.982165804770238
person_1.mp4,front,879,14664,59.944700460829495,848,478,147.7165554244471,146.04808215686586,170.30413219760035,169.25616653612624,81.74811637622992,85.05236845335271,9.836950281138412
person_1.mp4,front,880,14680,59.944700460829495,848,478,147.5299897764737,145.85291212560082,170.52636706216333,169.54073522542723,81.52674992554417,84.87266421620957,9.572445337022918
person_1.mp4,front,881,14697,59.944700460829495,848,478,148.4271172664797,146.10261174172683,169.30986973523324,167.04072154474292,82.03951643302695,85.0331509538275,11.844809878564025
person_1.mp4,front,882,14714,59.944700460829495,848,478,149.29586511090355,146.76709452910308,169.32520721480122,167.41847841963673,82.80156058246665,85.84119364364103,11.585940294476343
person_1.mp4,front,883,14730,59.944700460829495,848,478,149.05161877813242,146.4824056640083,169.3366267157797,167.64211356779393,82.62661207393761,85.56847302288712,11.467179023866368
person_1.mp4,front,884,14747,59.944700460829495,848,478,148.57222358240506,146.4143543585877,169.10409073850434,167.9389115357514,82.46653716024905,85.56866244327331,11.240328914760454
person_1.mp4,front,885,14764,59.944700460829495,848,478,148.67422482034007,146.4801794505838,169.92364947257474,169.52718902943272,82.7316436964735,85.82097180416035,9.8112239156295
person_1.mp4,front,886,14780,59.944700460829495,848,478,150.39480812696314,146.7496575744125,170.20873927779962,167.77433861194993,83.18429882457028,85.93682566359438,11.370049102243282
person_1.mp4,front,887,14797,59.944700460829495,848,478,149.53120961524127,146.68564203593894,170.2840611142578,169.17163502876295,82.97470811048255,86.02185522185239,10.175515097858861
person_1.mp4,front,888,14814,59.944700460829495,848,478,149.2179805764848,146.6180933222655,170.1437949941416,169.04293841046933,82.80966380855257,85.97859065914132,10.288286426320708
person_1.mp4,front,889,14830,59.944700460829495,848,478,149.07488579101528,146.51540243202902,170.21630868546671,169.24218831234973,82.74097667296485,85.96711604163947,10.142590230097307
person_1.mp4,front,890,14847,59.944700460829495,848,478,149.33009465510077,146.9246910590981,169.44944057553937,167.95590755320532,82.94490793068339,86.36765866220085,11.301820647763108
person_1.mp4,front,891,14864,59.944700460829495,848,478,149.5984361593597,146.9719591011451,169.8529584394334,168.84168051779747,83.34504078031189,86.45559373618873,10.543692933216992
person_1.mp4,front,892,14880,59.944700460829495,848,478,149.37836359372082,146.844082829781,170.01732600977337,168.9498026010149,83.2554353667872,86.36822406769642,10.350948390675626
person_1.mp4,front,893,14897,59.944700460829495,848,478,149.6632710801095,146.95086382283992,170.12948995356098,169.39707516527977,83.58942150871128,86.53614826293241,10.013470929254783
person_1.mp4,front,894,14914,59.944700460829495,848,478,149.91488364004113,147.06412972956863,168.87401611597343,167.245842991181,83.46466154142492,86.5233257825494,12.032421491074379
person_1.mp4,front,895,14930,59.944700460829495,848,478,150.0436859776676,147.0937974839236,168.7441046100984,167.3574753606359,83.54976122087619,86.51815018736723,12.021721808299192
person_1.mp4,front,896,14947,59.944700460829495,848,478,149.56154041381052,146.64538303635086,168.23917124617344,167.1060264237784,82.85282539980378,85.85929000842467,12.576961567137312
person_1.mp4,front,897,14964,59.944700460829495,848,478,149.50402213192115,146.62789441039953,168.53643289911452,167.19556874275855,82.83802603668722,85.90177016826551,12.300105105872369
person_1.mp4,front,898,14980,59.944700460829495,848,478,149.62819487510103,146.65812522037135,168.75189646936713,167.369683787269,82.85010039155361,85.88151720152273,12.157717917398102
person_1.mp4,front,899,14997,59.944700460829495,848,478,149.40431029808028,146.5430533072202,170.70358735957137,168.1038336453438,82.80643028360167,86.08246576880478,10.475618658375451
person_1.mp4,front,900,15014,59.944700460829495,848,478,149.52744700776847,146.7383333621858,170.5581564958683,168.10482209251563,82.9668924337348,86.3862919001959,10.50771906679937
person_1.mp4,front,901,15031,59.944700460829495,848,478,149.22191658666836,146.42123057449993,170.93610568881266,168.83386802072863,82.88735956251263,86.50611120525248,9.610881787473133
person_1.mp4,front,902,15047,59.944700460829495,848,478,148.2311686988399,146.49382274715322,170.24790286331933,167.5080035224196,82.00986392690325,86.33637681010546,10.803194165430277
person_1.mp4,front,903,15064,59.944700460829495,848,478,148.60818974720846,146.400013105816,170.43822806161742,168.22991991927222,82.57203139381598,86.46589532296962,10.07856224320288
person_1.mp4,front,904,15081,59.944700460829495,848,478,148.76915470926602,146.45594282266816,170.55341009107087,168.07283154586588,82.48436517375941,86.38950632685736,10.234934927016175
person_1.mp4,front,905,15097,59.944700460829495,848,478,148.70952253008096,146.34849127794897,170.38092876273697,168.08563171733823,82.5081465104874,86.25280891252872,10.275910706461303
person_1.mp4,front,906,15114,59.944700460829495,848,478,149.30083229270335,146.53655432295736,170.288481942829,168.35085204932219,82.6865390280598,86.3409569091345,10.813145066468909
person_1.mp4,front,907,15131,59.944700460829495,848,478,147.32383549516908,145.21372026555437,170.026712477344,168.13004792846652,81.02895120459988,84.70231180813902,11.029580766228953
person_1.mp4,front,908,15147,59.944700460829495,848,478,147.35783972551954,145.16808484545385,169.98730528360957,168.17529269813633,80.99191778330758,84.60663599772728,10.983236961487199
person_1.mp4,front,909,15164,59.944700460829495,848,478,146.6888742119308,144.9700309928285,170.41471714933883,168.36985093328244,80.64365685459028,84.26709099274532,10.579359047496242
person_1.mp4,front,910,15181,59.944700460829495,848,478,147.12317037584847,145.57343029199723,169.79274966995078,168.7562777165063,80.98668229410436,84.64825748579379,10.986224704989326
person_1.mp4,front,911,15197,59.944700460829495,848,478,146.42842652895996,145.50941892290018,169.34070767339662,168.67132077423855,80.59334147506677,84.50473084070029,10.983349351474654
person_1.mp4,front,912,15214,59.944700460829495,848,478,146.5645092742792,145.71890724170672,168.82279745158124,168.75438011386314,80.49564765908208,84.64638622797685,11.16855118431315
person_1.mp4,front,913,15231,59.944700460829495,848,478,144.8100528640111,145.48010250795912,168.85035047770108,169.64964137879483,79.21837183392803,84.3759531584972,10.172648703202052
person_1.mp4,front,914,15247,59.944700460829495,848,478,142.93309808345327,145.3098234578854,167.49349644701408,169.45200890358205,79.06064376419754,84.34468983394663,10.089090328590146
person_1.mp4,front,915,15264,59.944700460829495,848,478,142.84028234422556,145.11080267243344,165.14513465081512,168.29023581996353,77.84599171237912,83.51820921545335,13.231399108919815
person_1.mp4,front,916,15281,59.944700460829495,848,478,142.62636083934106,145.40336781558526,164.6782534528235,168.3526244621092,77.73975379197636,83.49160515302614,13.706489000843662
person_1.mp4,front,917,15297,59.944700460829495,848,478,140.76413919885712,144.21124432486127,163.30408727473048,167.1037842609888,75.8217391816006,82.53482729860839,15.687588981702332
person_1.mp4,front,918,15314,59.944700460829495,848,478,141.15172579358688,144.4288772230439,163.49894038713165,166.75540421318172,76.1026750743201,82.78012374064157,15.557876592171482
person_1.mp4,front,919,15331,59.944700460829495,848,478,141.56957936789044,144.45753452612917,163.93183138907028,166.51943778426244,76.30703024860472,83.04897884025813,15.271272393884184
person_1.mp4,front,920,15347,59.944700460829495,848,478,140.38790040540243,143.77662505769658,164.20434978461228,166.12387089866976,75.33536015889639,82.99416612921536,15.311199808137216
person_1.mp4,front,921,15364,59.944700460829495,848,478,138.8955838916142,142.60797832591157,164.06485424713398,165.26871695123134,73.68558596733084,82.2798430051862,16.15233341905536
person_1.mp4,front,922,15381,59.944700460829495,848,478,136.5722588450422,140.60946438297483,164.5699779390273,164.81386081421198,71.37725369740139,81.03703195460369,16.118327507428333
person_1.mp4,front,923,15398,59.944700460829495,848,478,136.8677918145941,139.1067630336061,164.6385894857952,164.26891645321405,71.25252509101543,80.16695004766173,16.239845377060206
person_1.mp4,front,924,15414,59.944700460829495,848,478,133.56649926033128,135.62898246947182,162.77953259022811,162.7185727271981,69.53203022370333,77.92963434372098,17.228404120505104
person_1.mp4,front,925,15431,59.944700460829495,848,478,130.59504525806665,131.68753680092507,161.50480917877164,160.03982741026906,66.99838286244155,76.3376248187076,18.33012792667831
person_1.mp4,front,926,15448,59.944700460829495,848,478,128.09747833554934,126.07219991639525,159.52418772000925,156.055945600003,64.90587555764073,73.2721504913218,20.146609611561832
person_1.mp4,front,927,15464,59.944700460829495,848,478,124.04102132565873,116.28562568691729,157.1290493678876,148.39816698539352,63.41939816754443,69.54372841827787,20.635447540209242
person_1.mp4,front,928,15481,59.944700460829495,848,478,119.92078212468964,113.61096214986384,154.9775134163843,145.97687444124722,62.33668306911778,69.24270055570773,21.240874565942843
person_1.mp4,front,929,15498,59.944700460829495,848,478,118.56577412736785,112.06791425890299,154.78497069577776,144.6111010288567,60.72474285284461,67.74764018987278,21.732288840648526
person_1.mp4,front,930,15514,59.944700460829495,848,478,118.45146874161199,109.50881295872017,156.19686938050575,141.36264927485186,62.22595635840831,70.89139781354311,21.0518954683137
person_1.mp4,front,931,15531,59.944700460829495,848,478,119.00658727993842,109.2342097705069,156.95288985668188,139.82746576406942,62.52510588206852,72.32437138276659,20.567832388865444
person_1.mp4,front,932,15548,59.944700460829495,848,478,118.1715546035122,106.3964213659041,157.33000180874816,136.4295418968914,62.88997764495667,72.88356541481663,20.196568746068788
person_1.mp4,front,933,15564,59.944700460829495,848,478,120.30247093052256,110.819025227178,159.70924473661898,140.2803681964019,62.97831846725101,74.35361351815992,20.156086230989402
person_1.mp4,front,934,15581,59.944700460829495,848,478,119.61504749374195,110.80110402768405,160.11084670157402,142.53167416487474,63.11971359251644,74.9285330028681,20.080533024464117
person_1.mp4,front,935,15598,59.944700460829495,848,478,118.67320085268577,110.03417343192943,160.42092079021322,142.88920511301382,63.08253351692753,74.66334294015792,19.91902353693205
person_1.mp4,front,936,15614,59.944700460829495,848,478,120.2274952185378,108.46419449000933,161.37261379184184,144.0541152222104,62.70269642192981,72.29002664402097,19.892330366462634
person_1.mp4,front,937,15631,59.944700460829495,848,478,120.9388400587657,107.15027377213501,161.47276617511181,142.20328490979074,63.09163674783199,72.39316303967819,19.90432993187766
person_1.mp4,front,938,15648,59.944700460829495,848,478,119.86267487209551,107.28218993335193,161.79739757130085,142.409105727809,64.00880346933943,72.12427694246227,20.100243630452887
person_1.mp4,front,939,15664,59.944700460829495,848,478,120.32758134269693,106.85714735759956,162.93461336311762,142.30531364890317,63.37744834293168,71.08452762738264,20.01400314480773
person_1.mp4,front,940,15681,59.944700460829495,848,478,118.86441931660542,105.09118788453814,163.01585182333952,141.4919631549703,63.68565846636266,71.13192083072309,19.752784571810096
person_1.mp4,front,941,15698,59.944700460829495,848,478,118.41320698576129,103.71300181906162,163.2087922368745,141.08843909621646,62.767620612212966,70.64736305856474,19.591496549982846
person_1.mp4,front,942,15714,59.944700460829495,848,478,118.96679958295096,103.33927594517155,163.60426113959358,141.67302590864827,62.896683165566984,70.70886226534978,19.372024946177607
person_1.mp4,front,943,15731,59.944700460829495,848,478,113.93156827217543,99.71569780532597,161.07497489173002,140.42760879721286,62.74050114127842,70.17811408904753,18.972234090132684
person_1.mp4,front,944,15748,59.944700460829495,848,478,112.31941620437036,97.78021442491347,161.55021115578487,139.49128192564544,62.37348826817367,68.47971403410638,18.240862333477164
person_1.mp4,front,945,15765,59.944700460829495,848,478,108.78921516305239,91.49837577266392,159.48452109287527,135.08718360982655,62.39311532337449,67.81647591365457,18.138233868738883
person_1.mp4,front,946,15781,59.944700460829495,848,478,101.83758590928225,83.79973789648638,154.42651090075498,129.28731996926976,58.72257643940561,65.16663821660626,18.28306904100566
person_1.mp4,front,947,15798,59.944700460829495,848,478,99.6081763885321,81.99028858673783,152.71653872119643,127.77002076896581,57.59873036110429,67.09089734451169,18.280086322957718
person_1.mp4,front,948,15815,59.944700460829495,848,478,97.05419299966921,80.38937895301528,150.87506306749708,126.93477350938396,57.84490624614618,67.11144159598012,18.27410699295282
person_1.mp4,front,949,15831,59.944700460829495,848,478,97.3563416690591,80.70426123384394,151.5101539654985,127.73253624235257,58.429341240438795,68.09510670809111,18.085532259810517
person_1.mp4,front,950,15848,59.944700460829495,848,478,94.31151334781714,78.37903725238321,148.7566402848096,126.26067206029622,60.10715938782711,70.20818453697649,18.36263163064744
person_1.mp4,front,951,15865,59.944700460829495,848,478,94.9169010294651,79.98405997940863,149.46732466370148,127.84506642192106,62.110992183512046,70.82007480533525,18.20158422706902
person_1.mp4,front,952,15881,59.944700460829495,848,478,94.11345676644501,78.98095697259546,148.82667656215773,128.07037068979773,63.694040284355914,73.46436233077597,18.06586162348464
person_1.mp4,front,953,15898,59.944700460829495,848,478,92.9201016066157,76.53051145958749,147.5469340453813,125.8348491947004,65.37183931656962,74.39271846478945,18.130088244460207
person_1.mp4,front,954,15915,59.944700460829495,848,478,94.8742709899282,76.77293709315137,149.05715203486872,126.18547078054118,65.52552263728846,73.01099442780708,18.01053595261047
person_1.mp4,front,955,15931,59.944700460829495,848,478,94.48347051122194,76.43023736657534,148.55953723681657,125.87912025839782,65.75643140352567,72.47027500148172,18.281219098224707
person_1.mp4,front,956,15948,59.944700460829495,848,478,93.95562723435874,73.67901456643538,148.19682540431685,123.8594440248229,65.53305749585616,73.00606243237617,18.32891051345085
person_1.mp4,front,957,15965,59.944700460829495,848,478,91.37172945900186,73.54631983093898,146.45576547631205,124.0530586979568,65.28255012542694,75.63333481465347,18.368895696704495
person_1.mp4,front,958,15981,59.944700460829495,848,478,87.51778339185917,72.33716772319383,143.36317613435386,123.6379658787751,66.74003375170376,75.70713891925632,18.29927138172284
person_1.mp4,front,959,15998,59.944700460829495,848,478,85.93346113009547,70.7896567731551,142.74063133800098,122.7411531981368,66.1953496729095,74.72223111678566,18.312903162352118
person_1.mp4,front,960,16015,59.944700460829495,848,478,88.05596711049148,71.09911060457073,144.953640712239,123.09794779497044,69.39450954354747,74.79351856264503,18.33577390186006
person_1.mp4,front,961,16031,59.944700460829495,848,478,87.96304629170378,71.76173054215435,145.4674720227698,123.79234189831809,70.27671732163651,74.69824931865769,18.40351786746875
person_1.mp4,front,962,16048,59.944700460829495,848,478,88.77383559179026,72.59837552039501,145.92962622000303,124.64016551726249,69.79527197244667,75.03905564936393,18.38676868019341
person_1.mp4,front,963,16065,59.944700460829495,848,478,89.12671163445545,72.27331023331544,146.1199411628008,125.00899874404051,69.38032665559794,75.8930050617494,18.314481695052777
person_1.mp4,front,964,16081,59.944700460829495,848,478,89.53372345582481,72.5552946672168,146.80107369278355,125.62901884670994,68.96051780308343,75.35038886400143,18.114126691166128
person_1.mp4,front,965,16098,59.944700460829495,848,478,90.09284077297505,73.07394155167384,147.25913596081185,126.36616006540076,69.2628405377377,74.27106754689893,17.890690713995447
person_1.mp4,front,966,16115,59.944700460829495,848,478,90.43186411488315,73.58890916828213,147.54007066573192,126.79512828292296,69.1523209527914,73.90491112993232,17.723917244930597
person_1.mp4,front,967,16132,59.944700460829495,848,478,89.78711641245962,73.42066216275059,147.05480624840592,126.76058013863428,68.87218816721226,74.55188123833545,17.48731373736737
person_1.mp4,front,968,16148,59.944700460829495,848,478,89.16860059174715,73.65903939298937,146.76763920695143,127.17231441179221,68.29950666804537,74.60793070564114,17.348823486508426
person_1.mp4,front,969,16165,59.944700460829495,848,478,89.35239834979836,73.88230960167489,146.94398026831027,127.48468759061139,68.27014934349907,74.51698044771808,17.21385232413827
person_1.mp4,front,970,16182,59.944700460829495,848,478,89.69190137221847,73.71255365282751,147.2238133890366,127.64728062825489,68.65914444398918,75.24037100680295,17.011433754462253
person_1.mp4,front,971,16198,59.944700460829495,848,478,90.0323098061417,73.59243734312727,147.3395071494268,127.41419893046806,68.98809123569178,76.662765550769,17.01033958290887
person_1.mp4,front,972,16215,59.944700460829495,848,478,89.31331911976186,72.13928172669885,146.77072979234103,126.09649779525834,68.96311941406951,76.93686234115991,17.026939927359795
person_1.mp4,front,973,16232,59.944700460829495,848,478,88.87830655456672,71.88300318746387,146.3715140359116,125.67288756340076,68.34380196682254,75.02981081455901,17.097107235134484
person_1.mp4,front,974,16248,59.944700460829495,848,478,90.56271713986513,74.16857517222252,147.8208063268272,127.63890561557254,67.72941529416721,74.43835534105975,17.15129823252715
person_1.mp4,front,975,16265,59.944700460829495,848,478,90.56913593585878,74.08874873517374,147.61038558964788,127.19776595739074,67.71951847651621,73.97142484618976,17.427123943576124
person_1.mp4,front,976,16282,59.944700460829495,848,478,92.91124400679688,75.65094169258299,149.8532507160443,128.69057447581594,67.50272483418259,73.6128966367467,17.462123040590225
person_1.mp4,front,977,16298,59.944700460829495,848,478,93.43363032863857,76.15056665284762,150.2083305798121,128.95414557114813,66.88459964234731,73.1336336052361,17.62509232299912
person_1.mp4,front,978,16315,59.944700460829495,848,478,93.36014002765805,76.67299988136328,150.11642898467997,129.4861839226611,66.47800268393651,73.5654321847679,17.604738215889284
person_1.mp4,front,979,16332,59.944700460829495,848,478,93.14190127059123,76.60134119288713,149.94987585397573,129.67202952758805,66.21307544196505,74.29953704491437,17.54728096313772
person_1.mp4,front,980,16348,59.944700460829495,848,478,95.15063551471594,79.13574900308453,151.23540027109092,132.0250021880285,66.88233117136527,73.67886234995053,17.88284275348484
person_1.mp4,front,981,16365,59.944700460829495,848,478,95.06933883137174,79.98658193325413,151.09379462351993,132.76738476692995,66.42309404949035,72.68757634029349,17.97464011993165
person_1.mp4,front,982,16382,59.944700460829495,848,478,95.07254187911306,79.86266614308991,151.09069351153653,132.61468020379556,65.61078096791158,73.29006126772343,17.9908642865341
person_1.mp4,front,983,16398,59.944700460829495,848,478,94.61290206327216,79.59466307158752,150.4495396186162,132.0502529905635,65.42725988059067,73.20734772750706,18.16289379541847
person_1.mp4,front,984,16415,59.944700460829495,848,478,91.91837679770634,79.53574280149614,148.21731301242667,131.89571657861165,65.5930046753601,73.21662028814303,18.14757868827927
person_1.mp4,front,985,16432,59.944700460829495,848,478,91.28331214135451,78.3584891047987,147.69267249520735,130.46818705557388,64.99063838288221,71.5598488686226,18.144619335959263
person_1.mp4,front,986,16448,59.944700460829495,848,478,90.0491180341544,78.49537474677251,146.5668695613127,130.52939250818483,64.00330157141397,71.13375089873534,18.118868370904288
person_1.mp4,front,987,16465,59.944700460829495,848,478,90.24459892496033,79.25906816187505,146.7139495350346,130.71147672694462,63.47771130928462,70.38993656101633,18.299769203101206
person_1.mp4,front,988,16482,59.944700460829495,848,478,90.81608159432336,80.52167968425421,146.81434563928917,131.20538929085333,62.495943243687236,69.07462117524219,18.36851222738564
person_1.mp4,front,989,16499,59.944700460829495,848,478,92.19956343831525,82.45113506762857,147.95336734849568,132.65795035041103,61.390690359739786,67.20335925701006,18.639369997966426
person_1.mp4,front,990,16515,59.944700460829495,848,478,93.39093616300272,84.04514755183331,149.08752581734936,133.50106901847553,61.44541158728682,67.66282786407746,18.612363414071055
person_1.mp4,front,991,16532,59.944700460829495,848,478,94.18510406130764,84.07714860793804,149.7478121389825,133.43240817753588,61.96691235402028,68.1389291064875,18.525899853561295
person_1.mp4,front,992,16549,59.944700460829495,848,478,98.95056744305269,91.5240434795543,153.72531363491467,139.36803065794493,61.654370475871914,66.45937315982049,18.656988342656096
person_1.mp4,front,993,16565,59.944700460829495,848,478,98.61420938444705,90.86835576495425,153.5524117475496,138.70445101926293,61.59127339216319,66.56321831804802,18.963561839563777
person_1.mp4,front,994,16582,59.944700460829495,848,478,99.62684220371558,94.95637734829114,154.0187737134382,142.24520192340265,61.37183455990851,66.73692536064209,19.51346661412574
person_1.mp4,front,995,16599,59.944700460829495,848,478,101.90550322098184,96.58114563811692,155.42936516897018,142.80592727240463,61.19397578850676,66.55817047814111,19.849807136404003
person_1.mp4,front,996,16615,59.944700460829495,848,478,107.17032769125818,106.746670630003,159.78279291223888,151.12691653519963,60.33711353024273,65.09202386280668,19.937193790947457
person_1.mp4,front,997,16632,59.944700460829495,848,478,110.19182788096316,113.51192207962039,161.01052073664584,156.37892109049815,60.406005153673426,64.1388696108425,20.086611858363415
person_1.mp4,front,998,16649,59.944700460829495,848,478,111.86394930378403,115.79372710587312,161.62822764178222,157.41857632183016,60.12962802031002,64.45598384111511,20.26017303081861
person_1.mp4,front,999,16665,59.944700460829495,848,478,114.3684942373814,116.75257789150714,163.04459177696359,156.8275123431299,59.927888720878514,65.31745560086661,20.47584239037102
person_1.mp4,front,1000,16682,59.944700460829495,848,478,116.25212607918681,120.69392173514296,163.24599326472392,159.32294957155494,63.3431587347122,65.83844844006914,20.356208607734718
person_1.mp4,front,1001,16699,59.944700460829495,848,478,119.05954227918996,119.04577212992275,164.59730683090046,156.87179415424652,64.62475786476239,67.33862594293993,19.91714542396293
person_1.mp4,front,1002,16715,59.944700460829495,848,478,119.79430616626664,117.70916725129135,164.67473259591125,155.47746448858206,59.48350371223066,62.06525012109652,19.462809904982933
person_1.mp4,front,1003,16732,59.944700460829495,848,478,124.47867414875685,121.27634840200395,165.91994365391622,155.15179143575332,61.929585303379945,66.48292453881453,18.63898499485276
person_1.mp4,front,1004,16749,59.944700460829495,848,478,128.00185324903305,128.01750061015213,166.42155813375757,159.63485283711327,65.30031850328146,70.4145413019272,17.39382375688429
person_1.mp4,front,1005,16765,59.944700460829495,848,478,129.49152199638337,131.87334191867268,166.87307027053785,161.97591063204842,66.28055784080445,72.3675714350582,17.083364926471432
person_1.mp4,front,1006,16782,59.944700460829495,848,478,128.96423127443484,131.1499092788832,166.74925463444404,162.76925128673489,65.99875694589501,71.99976423567566,16.382323664441465
person_1.mp4,front,1007,16799,59.944700460829495,848,478,129.87176714665574,131.87910797347078,166.78644554427544,163.9088477800835,66.14720698774094,72.15984163124801,15.580543907845147
person_1.mp4,front,1008,16815,59.944700460829495,848,478,134.15673394535483,135.02900591267039,167.80311523127799,165.50140626553576,69.72899490190186,73.77365159879402,14.271792962103538
person_1.mp4,front,1009,16832,59.944700460829495,848,478,133.2862746193011,135.8627567443566,167.56463445220186,166.49144429446014,69.1648694280341,75.2648568954339,13.977266898513031
person_1.mp4,front,1010,16849,59.944700460829495,848,478,133.60995713238276,136.1885239523068,168.50905634951616,168.50155084335057,69.97222785326213,74.66608973794717,11.595565223530004
person_1.mp4,front,1011,16866,59.944700460829495,848,478,134.315996560643,137.59033541024928,168.593568335553,169.01303327714638,70.6483587880437,75.46547925682523,10.877981393505406
person_1.mp4,front,1012,16882,59.944700460829495,848,478,134.51237831423012,140.05473584758278,168.23868838238002,169.60538490430784,70.84202974872892,76.76746752405727,11.555313906346836
person_1.mp4,front,1013,16899,59.944700460829495,848,478,135.10491634185547,139.78610381113631,167.70329579888465,169.13078254063475,70.8276261551206,75.76930171416979,12.225336612976733
person_1.mp4,front,1014,16916,59.944700460829495,848,478,138.4738440897985,142.37368883368612,168.6221896819114,170.30312143383128,73.75575006636255,77.59770962430572,11.229197752114464
person_1.mp4,front,1015,16932,59.944700460829495,848,478,138.79287748218601,142.6708093640929,168.85601656312377,170.39823882580572,74.46468352728853,78.27781637572598,10.586772887080226
person_1.mp4,front,1016,16949,59.944700460829495,848,478,138.66723963778745,142.83028506266766,168.98948545928494,171.1199071560947,74.52625052973545,78.70788410671389,9.845205551058369
person_1.mp4,front,1017,16966,59.944700460829495,848,478,138.5849749815165,142.97923981279246,168.30999878146875,170.31785165850675,74.61038039132931,79.01927300352797,10.459326852185836
person_1.mp4,front,1018,16982,59.944700460829495,848,478,139.64860334128403,143.67020853376474,170.34998324786858,171.4658393630448,75.18336285418421,79.76803421632667,8.601087120437992
person_1.mp4,front,1019,16999,59.944700460829495,848,478,140.78269344637414,144.22465512649362,170.67508621955508,171.40755207839248,76.1870381612431,80.45111093662956,8.447947571707594
person_1.mp4,front,1020,17016,59.944700460829495,848,478,142.5218326206719,145.2140928557452,170.58298727707285,171.44076173378164,77.81230204418215,81.83575703144369,8.506299482251741
person_1.mp4,front,1021,17032,59.944700460829495,848,478,141.78992978281227,145.1228433139241,171.36285054985726,172.12990134647418,77.25750746339232,81.74008697594334,7.54939072650863
person_1.mp4,front,1022,17049,59.944700460829495,848,478,141.77201188195372,144.83310069567085,170.57729395794928,171.22268883489565,77.21362539604566,81.85783571238863,8.429296019143818
person_1.mp4,front,1023,17066,59.944700460829495,848,478,142.38607861355683,144.81135063098714,170.6262176870582,171.316267331842,77.39889604217315,81.80696691714067,8.333443024725288
person_1.mp4,front,1024,17082,59.944700460829495,848,478,141.10073266113426,144.01088181652707,170.2933443563455,171.0177474600892,76.18701392849555,81.10331726895963,8.71709199194116
person_1.mp4,front,1025,17099,59.944700460829495,848,478,141.1490207296761,144.38419110717214,170.32697752585162,170.71108749158074,76.05880972624587,81.37406967061035,8.919208890689479
person_1.mp4,front,1026,17116,59.944700460829495,848,478,141.99644254081184,144.3253170507909,170.16405120065141,168.7784156402273,76.46804807997447,81.45426399683726,10.516958312701552
person_1.mp4,front,1027,17132,59.944700460829495,848,478,144.56201691898505,146.59949906125706,170.11655800290387,168.54853937370402,78.69036134357633,83.85871141915797,10.554172844259366
person_1.mp4,front,1028,17149,59.944700460829495,848,478,144.5188739332598,146.3742428778862,170.059712993851,168.61501985783474,78.7539110433675,83.82154796199923,10.547366666403324
person_1.mp4,front,1029,17166,59.944700460829495,848,478,145.16294937836744,146.48793069677015,170.34825561060248,168.63678261617952,79.31526875528627,84.0818990734906,10.441217289998248
person_1.mp4,front,1030,17183,59.944700460829495,848,478,145.82982448955917,146.5383512276221,170.21659227332015,168.37316159192034,79.8245852085755,84.1730280430525,10.633573789792411
person_1.mp4,front,1031,17199,59.944700460829495,848,478,146.0769901996237,146.55842800798027,169.99344351832758,168.02401781024955,79.94623727787501,84.19797037719191,10.899752965739125
person_1.mp4,front,1032,17216,59.944700460829495,848,478,145.58590067505784,145.96395148695282,169.7267133600296,168.46473843600967,79.87647578637734,83.99195272181154,10.539390331756985
person_1.mp4,front,1033,17233,59.944700460829495,848,478,145.51474084447497,145.97350689462633,169.34982596335828,168.17580416047136,79.78356296079752,84.08672267467216,10.69612269988731
person_1.mp4,front,1034,17249,59.944700460829495,848,478,147.06694317340305,145.92815681252486,170.0200969784987,168.15112146870405,80.55993695530599,83.97415467139402,11.004479496696575
person_1.mp4,front,1035,17266,59.944700460829495,848,478,148.13486973423144,146.45550119369324,170.28003943168954,168.98994632219564,81.11864316385673,84.43108157265114,10.685783302128396
person_1.mp4,front,1036,17283,59.944700460829495,848,478,148.03063963919425,146.3611735875958,171.67869140426197,170.7660465640102,80.90303650650056,84.35864166512455,9.028258688469014
person_1.mp4,front,1037,17299,59.944700460829495,848,478,148.39137615378093,146.53595937711862,171.2668698074655,169.2290567738152,79.90608594013877,84.3941255457257,10.616083829754206
person_1.mp4,front,1038,17316,59.944700460829495,848,478,149.22847859300575,147.36395000822617,172.1890893618797,169.55141951949554,81.16471680446897,84.9692226639662,9.91160130285369
person_1.mp4,front,1039,17333,59.944700460829495,848,478,150.34906896511328,148.12351534864143,175.2185618114342,171.45412396241588,82.69439489594139,86.03923164582066,6.885942222029941
person_1.mp4,front,1040,17349,59.944700460829495,848,478,149.28938740372342,147.60176986298822,175.91286102530714,172.54713633565714,82.17591852587822,85.67631809642462,5.5383927128331285
person_1.mp4,front,1041,17366,59.944700460829495,848,478,148.5172223030554,147.1587104784141,174.9861898972731,172.45323750628737,81.73781867754973,85.40482749420947,6.009162737960772
person_1.mp4,front,1042,17383,59.944700460829495,848,478,147.95079811531022,146.98563970901353,174.59208731960177,172.94967290742363,81.47256857659903,85.31536597380037,5.7552304076315215
person_1.mp4,front,1043,17399,59.944700460829495,848,478,149.68529440073445,148.0109110882305,175.4058006973129,173.85318699122615,83.00518190894006,86.54462592204719,4.692788474835779
person_1.mp4,front,1044,17416,59.944700460829495,848,478,150.10801263341713,148.18416338343584,175.39066768664995,173.33684332430366,83.28248740684315,86.81654373387092,5.26912214429485
person_1.mp4,front,1045,17433,59.944700460829495,848,478,150.25027266467345,148.1807962103049,176.01329642925023,173.9198637965639,83.73344994448908,86.94168997647016,4.481170876364154
person_1.mp4,front,1046,17449,59.944700460829495,848,478,150.38725196565798,148.85438190921332,175.96907594038143,173.76010810134844,83.51551609556564,87.02774132443108,5.059445673790571
person_1.mp4,front,1047,17466,59.944700460829495,848,478,149.7170170618136,148.2774971171594,175.85423062954752,174.17754064679292,82.65016084198693,86.07047189050091,5.491975082329184
person_1.mp4,front,1048,17483,59.944700460829495,848,478,149.70141716437556,148.369192711073,175.76234239911463,174.02215959681334,82.69506237881866,86.25980775115809,5.597824452832706
person_1.mp4,front,1049,17499,59.944700460829495,848,478,150.1665255127465,148.6895542178546,175.8022172060248,173.99304664779947,82.78522466965184,86.39975438387111,5.8195407976821585
person_1.mp4,front,1050,17516,59.944700460829495,848,478,150.54607058965476,148.73954360700588,175.9192694789923,173.88458745289827,83.01973391834649,86.40207834050723,6.003451539935341
person_1.mp4,front,1051,17533,59.944700460829495,848,478,150.3108969464233,148.90923087143912,176.20449266531438,174.35147414111606,83.2683137279832,86.91898968351448,5.246444813491383
person_1.mp4,front,1052,17550,59.944700460829495,848,478,150.2972301754752,149.12315606857837,176.01243306948908,174.20596088885216,83.16890231001683,86.96730724234747,5.467822465388478
person_1.mp4,front,1053,17566,59.944700460829495,848,478,150.106537482294,149.01061272807357,175.85215866972928,174.04984822736856,82.99783248758887,86.87636498437394,5.620570657159587
person_1.mp4,front,1054,17583,59.944700460829495,848,478,150.81862741591544,149.12958480066135,175.31816875910363,173.50980895315075,83.0063437352246,86.42818944326785,6.825275368882844
person_1.mp4,front,1055,17600,59.944700460829495,848,478,150.04861403369338,149.1565805216773,174.67232325876378,173.66252066842506,83.00456537924599,86.78446661762378,6.400116038223309
person_1.mp4,front,1056,17616,59.944700460829495,848,478,150.2040691261758,149.14988066384004,174.14261823389248,173.44107069413803,83.08932060997385,86.77776661850798,6.9048007215899405
person_1.mp4,front,1057,17633,59.944700460829495,848,478,150.09008628996594,149.09515250393903,174.1455242836344,173.38133455034398,82.97761512936432,86.75076259981401,6.923228568364101
person_1.mp4,front,1058,17650,59.944700460829495,848,478,150.04744590455945,149.04170461304608,173.92703488516815,173.011872336226,82.94344924033116,86.71965087032937,7.264747030540285
person_1.mp4,front,1059,17666,59.944700460829495,848,478,150.00524963296948,149.01680596214018,174.03073762177226,173.01652407984398,82.83983002132055,86.70928793284808,7.199064429719528
person_1.mp4,front,1060,17683,59.944700460829495,848,478,150.65795455293295,149.03949509476135,174.46681233648926,173.04795975164873,82.95843944085033,86.73206044646614,7.187838543181835
person_1.mp4,front,1061,17700,59.944700460829495,848,478,150.78057666207326,149.27204178273982,174.45308022643826,173.255016768351,82.82302230201437,86.56095517067853,7.399185958778823
person_1.mp4,front,1062,17716,59.944700460829495,848,478,150.34583925417544,148.91455647805228,174.43013096773316,173.04620216947023,82.46044509366703,86.17722231053808,7.51350293513464
person_1.mp4,front,1063,17733,59.944700460829495,848,478,150.95669803831913,149.0212303744345,174.6305143856787,172.75877600738835,82.62716732835558,86.21331034367225,7.810463453430972
person_1.mp4,front,1064,17750,59.944700460829495,848,478,151.23036890054576,149.12610483076713,174.7127242274025,172.4018407871529,82.59158462315905,86.16187346045444,8.135051958717488
person_1.mp4,front,1065,17766,59.944700460829495,848,478,151.67514754259247,149.19072063120257,174.34042235932134,172.36543763571495,82.98792194731158,86.1902414829371,8.267226321672515
person_1.mp4,front,1066,17783,59.944700460829495,848,478,151.69117789737686,149.2025992970555,173.5118145058299,171.62038900056083,83.03339043602077,86.23282010479646,9.159362597729919
person_1.mp4,front,1067,17800,59.944700460829495,848,478,150.2906338324569,148.82851347380344,173.7606595040738,172.16568688188931,82.57173520537789,86.14387256659319,8.121332011572816
person_1.mp4,front,1068,17816,59.944700460829495,848,478,149.96525937704024,148.8034999315667,173.17154772429424,172.060936924956,82.48705875619389,86.22432160791766,8.372609926330503
person_1.mp4,front,1069,17833,59.944700460829495,848,478,149.32973081628379,148.43809358067736,172.45860916312407,171.32633108546403,81.74108313861656,85.61327604345884,9.26925198069293
person_1.mp4,front,1070,17850,59.944700460829495,848,478,148.16396587163206,148.12748164523273,171.89349176706156,171.32938425174086,81.34834035562477,85.53365901792202,9.123588139783564
person_1.mp4,front,1071,17866,59.944700460829495,848,478,148.17229854803568,148.0699566908559,170.22869877538193,169.7860629884222,81.43763019251251,85.33781352945644,10.820130731008556
person_1.mp4,front,1072,17883,59.944700460829495,848,478,148.84301016336877,148.7685799966345,171.98692636421407,171.13409209654057,82.15365229055156,86.37233431042804,8.965956468787192
person_1.mp4,front,1073,17900,59.944700460829495,848,478,148.79596241718124,148.73888844170855,172.17265550244608,171.36870245580758,82.07461326686264,86.34164154363003,8.747574840680942
person_1.mp4,front,1074,17917,59.944700460829495,848,478,148.44980536815893,148.36085618464583,171.2519745488663,170.33848452570427,81.59032313737296,85.82054551200203,9.925400982339879
person_1.mp4,front,1075,17933,59.944700460829495,848,478,149.29954962666088,148.67015548156488,172.91052806264705,171.22189636993224,82.76962615523219,86.88866131656323,8.06776433633293
person_1.mp4,front,1076,17950,59.944700460829495,848,478,151.2080591751303,150.6062092208507,170.28430638239547,170.7450880590884,83.38316724830581,87.25425119228929,11.566230406150334
person_1.mp4,front,1077,17967,59.944700460829495,848,478,150.648154348923,150.09755940849357,170.87197273723532,170.54387046187802,83.0512487791891,87.1086525340503,11.116460052904829
person_1.mp4,front,1078,17983,59.944700460829495,848,478,152.4263568145492,150.7758676159484,169.4349391005663,169.74680325084597,83.59987831162695,86.93062801330547,13.69165708077745
person_1.mp4,front,1079,18000,59.944700460829495,848,478,153.3556784609275,151.0741701834268,170.82499009136365,170.07338381203033,84.22888471071403,87.02057450377562,12.915933405793568
person_1.mp4,front,1080,18017,59.944700460829495,848,478,152.76723199631377,150.27969889162964,169.11234035526587,168.37916114332492,83.70667676793649,86.03903480681761,14.7227525678076
person_1.mp4,front,1081,18033,59.944700460829495,848,478,150.869611413212,149.97763759478232,169.90216866468683,170.9559752335042,82.87160068496746,85.88681208941955,12.271770529857736
person_1.mp4,front,1082,18050,59.944700460829495,848,478,152.46258444725456,150.90371133210294,167.67058547925555,168.5981358239838,83.28327464066454,85.99642338403004,15.927429680899305
person_1.mp4,front,1083,18067,59.944700460829495,848,478,152.49535226412718,150.74656410941327,169.46776717545492,169.01601325143312,83.28237789478155,86.08612014900484,14.595058420994297
