video,view,frame,timestamp_ms,fps,frame_width,frame_height,left_knee_angle_deg,right_knee_angle_deg,left_hip_angle_deg,right_hip_angle_deg,left_ankle_angle_deg,right_ankle_angle_deg,trunk_angle_deg
person_13.mp4,front,0,0,59.92317173180125,848,478,142.27374119910186,145.29621084838996,172.87531386534863,172.12070509651792,79.65247327540652,81.80730493232592,2.7295577134931777
person_13.mp4,front,1,17,59.92317173180125,848,478,148.64476773662523,147.9503931120747,172.90726498581023,172.63654398869335,83.32673382469424,83.79060877112789,3.330688749897143
person_13.mp4,front,2,33,59.92317173180125,848,478,151.70870829751684,149.93272655867364,172.7340407821937,172.32637588927986,85.78429514067129,85.36432716203055,5.054926493738341
person_13.mp4,front,3,50,59.92317173180125,848,478,150.59615751280373,150.31026727156902,172.80706764451185,170.4339835998104,85.59255578096236,85.70354452943069,6.411978601413551
person_13.mp4,front,4,67,59.92317173180125,848,478,149.92187943704354,149.95064220016042,172.90993766959537,172.2782908328411,85.2059256026525,85.28471902553356,3.8443422502750333
person_13.mp4,front,5,83,59.92317173180125,848,478,150.86078971346424,150.65558374669067,172.96981501716553,172.22246857086293,85.76925395126695,85.89879531572745,3.9417643518207415
person_13.mp4,front,6,100,59.92317173180125,848,478,150.97979473112665,150.82497500799542,172.90536238981153,172.86834365308482,85.57619726776507,85.83830928843679,3.391495937564951
person_13.mp4,front,7,117,59.92317173180125,848,478,150.5827008962704,150.57560360664172,172.70577582023466,172.97148422713812,85.3019986255514,85.64000942921874,2.9111526923151785
person_13.mp4,front,8,134,59.92317173180125,848,478,150.95593407687008,151.00784889998707,172.68263427373822,172.75449843791318,85.31365623322847,85.82447857798323,3.2441452501449617
person_13.mp4,front,9,150,59.92317173180125,848,478,151.14753499292996,151.01891009620363,172.90698976044897,172.3407718011372,85.75695211684784,85.96703191078994,4.123224270064073
person_13.mp4,front,10,167,59.92317173180125,848,478,150.99122059415237,150.88238978136434,172.85132002015862,172.3917557920945,85.43668900501163,85.72488274925225,4.078714794133313
person_13.mp4,front,11,184,59.92317173180125,848,478,150.53562020142942,150.7700662742127,172.9731624663698,171.46453844141598,85.44331641249288,85.61775070794083,4.787433652975038
person_13.mp4,front,12,200,59.92317173180125,848,478,150.40120534546858,150.56266086154616,172.8899410528833,172.41615108844158,85.38616971366156,85.56617861584215,3.9074534108819394
person_13.mp4,front,13,217,59.92317173180125,848,478,150.71604949113234,150.71780477341954,172.92718616974346,172.0893885003569,85.74121349814367,85.739636660268,4.261252601280435
person_13.mp4,front,14,234,59.92317173180125,848,478,151.22441437337287,150.68031541159021,172.88417884465335,171.96373359888224,85.71502554407101,85.65094520036509,5.048802324799046
person_13.mp4,front,15,250,59.92317173180125,848,478,150.8752809893366,150.94859936516937,172.95112331979894,170.54150066701223,85.66549447728922,85.77452100980663,6.14047470208615
person_13.mp4,front,16,267,59.92317173180125,848,478,150.47777361585904,150.11928598290189,172.88882418417103,170.89284977816124,85.30788440456395,84.96254843915078,5.84795457419648
person_13.mp4,front,17,284,59.92317173180125,848,478,150.83095319320864,150.2894951416675,172.46279517532554,170.96337325459515,85.97832443520376,85.21934608889075,6.745480088570093
person_13.mp4,front,18,300,59.92317173180125,848,478,151.62005699350456,150.4263216276267,172.66027716887842,171.39470208340975,86.24681324161698,85.12367786279597,6.479782668491026
person_13.mp4,front,19,317,59.92317173180125,848,478,152.18021207781146,150.78541549403673,172.37562692540675,171.26137358135318,86.97995329158945,85.41499038890277,7.183615647327203
person_13.mp4,front,20,334,59.92317173180125,848,478,151.93445068777763,150.5416077070909,172.4990279944201,171.67272403825243,86.74434450303723,85.24911762061674,6.6695209310722
person_13.mp4,front,21,350,59.92317173180125,848,478,153.02889254752728,150.8039840928441,172.63575233350733,171.83118200125978,87.93802067172588,85.90076804114706,6.177301964969373
person_13.mp4,front,22,367,59.92317173180125,848,478,153.01340301440754,151.18663119009383,172.59991550648223,171.76489732799624,87.57023765052404,86.16295093210785,6.211897730223894
person_13.mp4,front,23,384,59.92317173180125,848,478,153.08824140463818,151.44699210566,172.6458803490381,171.7056555833974,87.65416228360152,86.5672559848568,6.122859401407712
person_13.mp4,front,24,401,59.92317173180125,848,478,152.89397122018445,151.1521124360357,172.68379143353079,171.530765076306,87.3940545682395,86.34538974476557,6.162717589397422
person_13.mp4,front,25,417,59.92317173180125,848,478,152.88488362940103,151.0486831722818,172.86158617986885,171.51644972539657,87.42172398505585,86.31509632838295,5.730376875378027
person_13.mp4,front,26,434,59.92317173180125,848,478,151.8799402452097,150.84121299588912,172.72992730311464,172.65048853914965,86.79574857583997,86.23229902949316,4.742349143097439
person_13.mp4,front,27,451,59.92317173180125,848,478,151.06156802045749,150.9581962575398,171.70053562268953,170.93361353093186,86.56600393221775,86.67817061365308,7.214139092209011
person_13.mp4,front,28,467,59.92317173180125,848,478,150.5980353999669,150.48723700789284,172.9533628457873,171.89460335759532,86.11853741040308,86.30569055649266,4.752428013500146
person_13.mp4,front,29,484,59.92317173180125,848,478,151.21315716896433,150.6562512807678,172.72844891652468,172.09967746180277,86.37082140331405,86.23070726971187,5.464297816299695
person_13.mp4,front,30,501,59.92317173180125,848,478,152.49784136572958,151.48574773227813,172.1288548095237,172.02884424526005,87.00422503375451,86.47292645410482,7.340393717252952
person_13.mp4,front,31,517,59.92317173180125,848,478,151.66509554596482,151.26051071976232,172.14427181141775,172.14666372103596,86.80081964940844,86.48417948887594,6.726697901013547
person_13.mp4,front,32,534,59.92317173180125,848,478,151.22458570971546,151.40109167340685,172.1618889733347,172.499651904846,86.50998682643,86.59294706062997,6.102158888902299
person_13.mp4,front,33,551,59.92317173180125,848,478,151.36836188175778,151.00772953878848,171.46536621068736,171.70666432759907,86.5926944105184,86.59333629080933,7.010960281219766
person_13.mp4,front,34,567,59.92317173180125,848,478,150.79802938318605,149.4265039088653,171.9807032797054,171.17188315828813,86.57264813354718,86.55853397539003,5.770264011524633
person_13.mp4,front,35,584,59.92317173180125,848,478,152.56228079656157,150.63967867352332,172.024293549661,171.1935136649294,88.60130445422354,88.32405281784047,5.077948096947109
person_13.mp4,front,36,601,59.92317173180125,848,478,151.33952783923903,149.76511870952433,171.69539185901883,170.71937157739788,88.04415569675058,87.88991422951105,5.078322963123532
person_13.mp4,front,37,617,59.92317173180125,848,478,148.19241911372538,147.3920117764314,171.30256896604553,169.50163091125285,86.53287590203448,87.26678096846504,4.566043533722191
person_13.mp4,front,38,634,59.92317173180125,848,478,147.1302897879458,144.03892307299137,171.59932363818976,169.7204590960361,86.14518732334545,85.66544995930163,2.661310384584924
person_13.mp4,front,39,651,59.92317173180125,848,478,147.35122877449234,144.18745914929104,171.26908252678436,168.9807525311102,87.56502873468506,87.0935444543334,2.773763507880473
person_13.mp4,front,40,668,59.92317173180125,848,478,146.84241435073255,143.66263140429783,170.9335521895227,168.77476850198926,87.4869709118145,86.34743011566732,3.0674409659008073
person_13.mp4,front,41,684,59.92317173180125,848,478,147.41671653298084,143.02267955761403,170.05341227318476,168.07055965607285,87.61187130606241,86.52878338929884,4.290646044782523
person_13.mp4,front,42,701,59.92317173180125,848,478,146.49796777634677,140.03416243515312,170.75510690350492,168.11949837844583,86.57394236933312,85.15336645528504,2.55476064126413
person_13.mp4,front,43,718,59.92317173180125,848,478,144.28743003482194,139.30429889903505,169.98534677332515,166.9748051311862,85.82145481993457,85.87481985226246,3.0180237309183187
person_13.mp4,front,44,734,59.92317173180125,848,478,143.70501557604393,139.01585119091632,168.88015161256038,164.89782876893076,86.70501265923674,86.8670862664109,4.934389064119828
person_13.mp4,front,45,751,59.92317173180125,848,478,142.0414579381913,136.9960765179872,168.30329503077883,163.72775725002353,86.08168645706853,86.24531494765334,4.9608125966373215
person_13.mp4,front,46,768,59.92317173180125,848,478,136.32988623462714,132.12409240053313,163.9050820467411,160.058096665815,84.05281851787177,85.1374685412444,7.1075284218247265
person_13.mp4,front,47,784,59.92317173180125,848,478,137.05246483695794,130.54766944524317,164.597241353519,159.0022676269939,84.58238402250458,84.95751288605845,6.828264934691112
person_13.mp4,front,48,801,59.92317173180125,848,478,137.72727349499047,130.13379720963124,164.8478953358032,158.74811999376678,84.85638186005775,84.8933583284677,6.887328545376613
person_13.mp4,front,49,818,59.92317173180125,848,478,137.66474088740972,129.94844783681577,165.1999381433532,160.14930739036333,84.76219794318831,84.96720752157873,5.801500004008082
person_13.mp4,front,50,834,59.92317173180125,848,478,139.54676886052218,130.22626654857785,165.17327620285792,159.68368087245574,86.57096282566178,85.93943085986825,6.128839074821513
person_13.mp4,front,51,851,59.92317173180125,848,478,142.01051596195938,132.7960130776023,165.7508985878445,159.9854813031803,87.96687467792167,89.94082891154981,5.880938314986582
person_13.mp4,front,52,868,59.92317173180125,848,478,141.36833431484777,130.51659050820547,165.2401800968654,158.53018040438292,87.46905540172934,89.04327730966935,6.106020821600085
person_13.mp4,front,53,884,59.92317173180125,848,478,133.19092898800199,124.78809370592043,159.9816769501746,154.49360756485012,86.04106975800978,87.72948226490787,6.017264825825501
person_13.mp4,front,54,901,59.92317173180125,848,478,127.30201440112707,121.48903066641802,156.39262577721559,151.4286345271138,82.20138488788982,85.25207543920789,7.718850617921936
person_13.mp4,front,55,918,59.92317173180125,848,478,122.83760422555953,115.28967582027809,149.4966570162397,142.9348443854348,80.31421921133698,82.64713745018764,12.342445787443792
person_13.mp4,front,56,935,59.92317173180125,848,478,121.11009364607737,115.82718142216372,149.36132310386878,146.01385806103795,80.75567127592568,83.44996127097244,10.108992660095995
person_13.mp4,front,57,951,59.92317173180125,848,478,118.40909517166607,112.65642551736357,146.3177038460737,144.3239161933272,81.63449849523923,83.67682204231782,8.797512169392846
person_13.mp4,front,58,968,59.92317173180125,848,478,113.6134469945573,109.07381332590592,147.87474654281303,145.40800354610852,78.8609304383964,81.25801748276326,5.85773403432905
person_13.mp4,front,59,985,59.92317173180125,848,478,103.75970553737096,102.42935478834937,141.61449133915,141.1468369490655,75.82787542035476,79.02057849174011,5.808161917617285
person_13.mp4,front,60,1001,59.92317173180125,848,478,97.47262319661063,93.53988704339811,133.82465146070334,132.67485926816383,74.5383289598156,76.04927489098044,6.705788234203628
person_13.mp4,front,61,1018,59.92317173180125,848,478,107.13340157292288,101.93563851836764,141.5013004247999,139.09176151445294,76.20640018160401,81.5747080275333,6.021127495490727
person_13.mp4,front,62,1035,59.92317173180125,848,478,95.62948100572508,92.64469861637947,139.79128211401158,138.56727689492237,75.56213841883267,77.95501838391384,3.082717246504982
person_13.mp4,front,63,1051,59.92317173180125,848,478,84.0651194473699,82.24323722270674,127.19868828859654,130.58268330567333,69.25416005078638,71.42710446792034,3.723222753353992
person_13.mp4,front,64,1068,59.92317173180125,848,478,83.565974837529,84.61689720388664,125.73116511580409,129.9954502343567,72.16416647666061,73.99486457445074,3.675839486627101
person_13.mp4,front,65,1085,59.92317173180125,848,478,80.51675410286408,79.19770768284863,116.57520519259879,119.42402530084782,70.49593574984641,72.00838079391586,9.076238818319904
person_13.mp4,front,66,1101,59.92317173180125,848,478,74.72954546695935,73.13321492698334,105.25521513662754,105.01980692580089,68.26739567508314,69.99817070599815,17.89849137367298
person_13.mp4,front,67,1118,59.92317173180125,848,478,72.1802779246727,69.77458538348124,99.85248523137615,96.55372771001365,65.87321590793447,67.39533351110995,23.08620434557891
person_13.mp4,front,68,1135,59.92317173180125,848,478,70.37305436785984,68.93943495857621,96.82311703289504,95.91026470531887,67.55592160004453,68.74151018606982,21.421260044638732
person_13.mp4,front,69,1151,59.92317173180125,848,478,68.44600100615003,67.29172048525132,94.05258031129486,93.90958799731007,66.60184667101994,67.57552101062562,22.8153813498232
person_13.mp4,front,70,1168,59.92317173180125,848,478,72.81552449504903,71.23359577783565,100.9132517000805,104.17673762275658,71.40441614933323,72.04351824217125,14.721904862353195
person_13.mp4,front,71,1185,59.92317173180125,848,478,65.54669919692623,65.23505912066584,95.72451150712955,97.12178423709226,66.00336634279705,67.26258738596852,18.340180231925583
person_13.mp4,front,72,1202,59.92317173180125,848,478,62.28830539984545,62.55530318449436,89.50457481194843,90.63211983635007,64.4318575159427,65.79013058604608,23.940016982110155
person_13.mp4,front,73,1218,59.92317173180125,848,478,58.183542708114274,58.37349094378181,79.07560506627617,79.50225339369338,61.333562748074314,62.51223780383015,33.43742029961237
person_13.mp4,front,74,1235,59.92317173180125,848,478,58.436568631562025,58.547677129798714,77.5725143094132,77.38923683129596,61.51744049305094,63.07914142728926,35.71946246176942
person_13.mp4,front,75,1252,59.92317173180125,848,478,57.26019497811484,57.25898668598752,74.04356285602,73.73238445598112,60.6875951760728,62.32601693011336,38.642452823593075
person_13.mp4,front,76,1268,59.92317173180125,848,478,56.153121005401474,55.673389707264434,72.50241528477122,71.69281499333529,60.08176322668676,61.7545211551041,39.4698903120162
person_13.mp4,front,77,1285,59.92317173180125,848,478,54.54968993669369,54.4558129557124,68.24839324347788,67.92499888608134,59.162420828669376,61.326860243279256,42.679845324127044
person_13.mp4,front,78,1302,59.92317173180125,848,478,56.45422026614204,56.32647411098114,74.97306791926069,74.12393384048532,61.43775274911255,63.95298738614262,36.31193549689891
person_13.mp4,front,79,1318,59.92317173180125,848,478,54.28133673988649,54.5994701990622,68.68856067426653,67.69017656402279,59.639803502876724,62.58183190305405,42.2890403708691
person_13.mp4,front,80,1335,59.92317173180125,848,478,55.43896287300287,55.65944077180117,69.70069580474102,69.56292389604772,61.20055367769027,64.22671180150175,39.70532747130729
person_13.mp4,front,81,1352,59.92317173180125,848,478,55.464347851972875,55.413393929086354,69.9145435858675,70.13919606624512,61.97203863975588,65.1946066021792,38.5066265027706
person_13.mp4,front,82,1368,59.92317173180125,848,478,57.45300600342753,57.978300569543876,70.87676481323608,71.43743584232655,64.79611698318354,68.35156278377058,36.8786923775979
person_13.mp4,front,83,1385,59.92317173180125,848,478,60.70123973913645,60.162839216849385,77.77954996720821,79.2878325807684,68.4015573033556,71.26943356813427,29.303204010054117
person_13.mp4,front,84,1402,59.92317173180125,848,478,57.05633590537619,57.76748296795818,76.01327182387196,77.43386134635539,65.63287708751022,69.87788038894818,30.131806165979942
person_13.mp4,front,85,1418,59.92317173180125,848,478,60.4843923427303,60.02003833258987,86.80567526617772,88.27507881938672,69.51713898804162,73.44316062126539,19.166155344462375
person_13.mp4,front,86,1435,59.92317173180125,848,478,61.0403526232525,60.309916012475576,81.92263182821195,83.17443938590975,69.97015131166292,74.28144755631398,23.663705275152523
person_13.mp4,front,87,1452,59.92317173180125,848,478,59.61051484919631,59.55318540276384,79.04965049037813,79.92182451070138,69.34982441939347,74.1535469554668,26.05935018078868
person_13.mp4,front,88,1469,59.92317173180125,848,478,60.55275867691514,60.44254030467796,78.040175345164,77.92787635209602,70.58983528641775,74.95352948973714,27.164053702124985
person_13.mp4,front,89,1485,59.92317173180125,848,478,58.59257914564517,58.14533609274233,76.54291902969368,76.54305135147756,68.94476775630612,73.08950641369785,28.034431463485884
person_13.mp4,front,90,1502,59.92317173180125,848,478,57.50558747177196,56.891343541802065,75.24416301029126,75.23176043374329,68.54841231494999,72.56871963748243,28.752488966079866
person_13.mp4,front,91,1519,59.92317173180125,848,478,58.527982491890626,57.44445233923563,80.77750667706238,79.62859453011842,70.37318324058405,74.26034864181088,23.162484250285633
person_13.mp4,front,92,1535,59.92317173180125,848,478,58.12155697106068,57.10222560183862,78.31382251894273,77.4820208855199,70.49156652156907,74.46931432831207,24.82587802081337
person_13.mp4,front,93,1552,59.92317173180125,848,478,55.710710459685096,55.35007100652965,71.77318706460393,70.77370790590113,69.1075098561396,73.39994688860338,30.69677937141326
person_13.mp4,front,94,1569,59.92317173180125,848,478,55.996186784095784,55.76368783639143,70.03506870900594,68.87978233695459,69.55197873470502,73.53671855448235,32.22888225384077
person_13.mp4,front,95,1585,59.92317173180125,848,478,55.189614307227096,55.61434640166127,79.25352295233569,77.23947859331062,69.46536482231824,73.81392950640398,23.30989072124672
person_13.mp4,front,96,1602,59.92317173180125,848,478,54.7048812740881,55.08400191514186,76.76375153155459,75.35770608372651,69.31051638324001,73.57394906939312,25.227840027414704
person_13.mp4,front,97,1619,59.92317173180125,848,478,57.192706702371694,57.583589906476035,100.64925494520311,96.28874538741755,72.92966483936547,76.80760904064866,3.4499591565791
person_13.mp4,front,98,1635,59.92317173180125,848,478,56.027749073315,57.23973089238402,104.17826117435646,100.12119275449982,70.4054802833701,76.07668619654058,2.7086729946244024
person_13.mp4,front,99,1652,59.92317173180125,848,478,55.66922123075367,56.969448948152134,101.10382034335848,96.96872677159585,71.18338135992214,76.32918325458564,3.0136748413594145
person_13.mp4,front,100,1669,59.92317173180125,848,478,56.888852352588145,57.84222094509914,109.719404386141,104.56148925073663,72.07331511024911,77.39547409990878,6.5158382972123405
person_13.mp4,front,101,1685,59.92317173180125,848,478,58.89533318906424,59.545898287044636,111.26335152498046,106.30979745660049,74.06702784991889,79.35268256850563,7.730603015431561
person_13.mp4,front,102,1702,59.92317173180125,848,478,57.056741234794536,58.59390691141461,101.48310540434329,98.24694205603214,72.92118842329306,78.133450281753,2.492581095668611
person_13.mp4,front,103,1719,59.92317173180125,848,478,57.1991683767921,58.76275391636816,106.17647297069456,101.88565407062801,73.1966068847031,78.03786444431046,3.2228438074559067
person_13.mp4,front,104,1736,59.92317173180125,848,478,56.269071019462956,57.56942274661033,98.23210543425786,94.61228520941638,72.07466003472408,76.53756485843948,5.484887467661103
person_13.mp4,front,105,1752,59.92317173180125,848,478,54.766368173319904,55.7296731288933,90.62047005184131,88.82587752119645,70.39062547864502,74.63969825361356,11.92315851767454
person_13.mp4,front,106,1769,59.92317173180125,848,478,53.323266759572356,53.612733430439285,74.92531853472987,74.38593537828946,69.02965430765305,72.53951467059211,27.029139184578238
person_13.mp4,front,107,1786,59.92317173180125,848,478,52.73913819804016,52.511110773472495,79.65125264493923,77.7745568025351,68.93304903556769,71.98107502261388,23.3384962186825
person_13.mp4,front,108,1802,59.92317173180125,848,478,53.339558262000935,52.963763593521435,80.41275904524504,78.75241062105216,69.08649448908034,72.26264988226234,22.594165309645625
person_13.mp4,front,109,1819,59.92317173180125,848,478,55.01136256747942,55.57807528158331,89.59236504306507,88.32492292592354,70.53725925952082,74.45767485839524,13.558648198132
person_13.mp4,front,110,1836,59.92317173180125,848,478,54.997649941464736,55.25362354059742,82.15583338181067,80.91984197483895,69.32572925249573,73.13430197711405,21.51064778582429
person_13.mp4,front,111,1852,59.92317173180125,848,478,55.63311605592307,56.2319937536179,82.79325672268712,81.86841615190134,68.90020529557161,73.50457785448263,21.415629318358604
person_13.mp4,front,112,1869,59.92317173180125,848,478,54.841406183648616,55.097651979136714,76.17384621595677,74.93485376550593,66.39550121042747,70.7257336696909,28.215564689210723
person_13.mp4,front,113,1886,59.92317173180125,848,478,56.98081239584155,57.221525910107445,80.09819732092099,78.4882893363537,67.52188020242487,71.77826617118026,24.784751043013834
person_13.mp4,front,114,1902,59.92317173180125,848,478,54.843408236037995,54.64922903872341,71.21325497986511,71.44744949500362,65.25069744719173,69.13903829372983,32.533219985146275
person_13.mp4,front,115,1919,59.92317173180125,848,478,55.619810311859524,55.3276761251117,70.0524706770854,69.7799996366351,65.72333636526406,69.37248261745273,34.436129332938336
person_13.mp4,front,116,1936,59.92317173180125,848,478,58.602134042553224,57.979848437166,76.22249172504111,75.3638586530259,67.62448277971572,71.39456377250237,28.861124045769774
person_13.mp4,front,117,1953,59.92317173180125,848,478,57.72836390120863,57.51013633033343,72.17314662143873,71.93706600129136,66.401337649957,70.65070463042466,32.98994814357079
person_13.mp4,front,118,1969,59.92317173180125,848,478,56.25396247953544,56.192855252098425,63.57707919697857,63.45591586639428,63.13992646931763,66.83952765969215,42.152807623497324
person_13.mp4,front,119,1986,59.92317173180125,848,478,52.660054361832714,52.11145649376006,60.504943221900916,59.47088437301641,59.050699603449665,63.08742489190506,46.601360855967144
person_13.mp4,front,120,2003,59.92317173180125,848,478,56.142097129388,55.711085571601366,68.6688569689082,68.85812076659845,62.16980683543281,66.16601298950502,39.00079352835226
person_13.mp4,front,121,2019,59.92317173180125,848,478,61.39353056430584,60.24701294287033,73.44025390312535,72.98875668927502,65.83327512796393,69.40137141145534,36.17004615673358
person_13.mp4,front,122,2036,59.92317173180125,848,478,64.12817349170392,63.5257254709267,81.83492547052302,83.34356725867246,66.27077237402872,70.83773335942257,27.6905645479805
person_13.mp4,front,123,2053,59.92317173180125,848,478,60.0340656557818,59.328779202023306,65.78134843348465,66.08971587077954,61.42523798898847,65.81821568778315,43.53528581843676
person_13.mp4,front,124,2069,59.92317173180125,848,478,63.19253656296967,60.45762547821169,71.10337439124314,70.53623174828559,64.3002638844478,67.38615200882813,39.42881799852083
person_13.mp4,front,125,2086,59.92317173180125,848,478,68.9831444693257,65.84341326176053,89.36537583209724,90.04937371412822,70.11896473030149,72.39616372993592,21.376804485410315
person_13.mp4,front,126,2103,59.92317173180125,848,478,76.44554727011916,73.4550704240169,100.77656122053533,100.03354494789593,75.84666731723763,78.25380578764316,12.783655074442184
person_13.mp4,front,127,2119,59.92317173180125,848,478,80.21606188341362,76.91742287324138,104.41306140813782,105.50444928809803,79.14556464417063,80.89103732572929,9.246404284830435
person_13.mp4,front,128,2136,59.92317173180125,848,478,90.50003597343466,86.09012108385471,119.75630910662582,116.53533203235708,87.89995676808157,87.88253957482252,4.002589324081938
person_13.mp4,front,129,2153,59.92317173180125,848,478,88.88915351596027,86.34907790329812,112.95459035913633,109.22947549018527,85.89270408706139,86.76639774489512,5.0675043990583495
person_13.mp4,front,130,2169,59.92317173180125,848,478,84.6870997790022,84.83833206562723,104.63101741797485,104.1324442032068,82.67201839970983,85.26120572589498,11.512077598720023
person_13.mp4,front,131,2186,59.92317173180125,848,478,87.06941606453152,84.90024705245267,114.26564933993085,114.61076000351031,84.10426184767988,85.13124307580424,2.912611155162156
person_13.mp4,front,132,2203,59.92317173180125,848,478,89.34871501888388,87.27561762023699,114.21498562920254,113.20366411763811,83.52283165290011,85.50485888178619,4.657362097280435
person_13.mp4,front,133,2220,59.92317173180125,848,478,95.93891864737303,90.78082617713926,130.06537785174697,125.1739057466696,88.43164102039061,87.76904269600715,8.33047359640212
person_13.mp4,front,134,2236,59.92317173180125,848,478,99.97737441104385,92.3257401545994,130.12309787036037,119.17258021797058,89.11487799246927,87.16481347573874,3.70424575340714
person_13.mp4,front,135,2253,59.92317173180125,848,478,96.63338577216825,90.43394089125901,130.27256268231702,125.95830317337105,85.46063749503412,84.83181898818721,5.610740046055224
person_13.mp4,front,136,2270,59.92317173180125,848,478,97.9842020894378,87.3842289861334,134.81167035195656,126.55735129506866,81.5016965239965,80.45930278327381,2.9514753415091537
person_13.mp4,front,137,2286,59.92317173180125,848,478,98.61866144943501,91.1881847489361,134.12747113105445,129.86134687821408,82.64732114707368,82.60688125738426,3.7396969471406796
person_13.mp4,front,138,2303,59.92317173180125,848,478,105.69197554119621,93.70632464414753,137.3706623444546,130.98143248794838,85.47364819884835,83.42015084997111,4.021677364861137
person_13.mp4,front,139,2320,59.92317173180125,848,478,112.4388203233353,95.42985656179071,149.69372106171156,137.69083914703376,83.67979332615815,82.23045768828257,5.323737111689902
person_13.mp4,front,140,2336,59.92317173180125,848,478,109.626000773871,99.09657350022889,144.56262559835875,135.88530050858003,88.09247211632005,86.01021505397075,7.030197115301385
person_13.mp4,front,141,2353,59.92317173180125,848,478,118.40197055863612,102.49001974451373,152.97359703405454,139.87471826972913,86.72338969274536,84.60568410149367,4.859239698825704
person_13.mp4,front,142,2370,59.92317173180125,848,478,126.8879040219782,107.91874394609708,154.35469884266922,140.11923682752334,91.18040176343743,87.89581821181403,3.3471854126019163
person_13.mp4,front,143,2386,59.92317173180125,848,478,132.57666764845544,111.83756850318122,162.0565340935073,147.33493477234495,89.5862527048289,87.02855996340357,3.8836703896087696
person_13.mp4,front,144,2403,59.92317173180125,848,478,141.96698294319702,117.5862217609523,165.74095435639163,149.90235264776533,91.75967350864968,89.3979550214384,3.022704080578482
person_13.mp4,front,145,2420,59.92317173180125,848,478,140.0665559759293,120.87170991562844,165.48702944529455,153.4820508887006,89.36042369104365,88.25240833175273,2.5586390529826857
person_13.mp4,front,146,2436,59.92317173180125,848,478,144.5621814093462,124.42996387514007,166.1041022478824,152.29961945511673,90.24066069994815,88.35488899854668,3.9305560871756318
person_13.mp4,front,147,2453,59.92317173180125,848,478,147.53026621336366,130.53180294446315,166.79633040023896,153.43379401781917,89.83094168274657,88.81929248449299,7.016041912173667
person_13.mp4,front,148,2470,59.92317173180125,848,478,151.0947364868864,134.0016844665735,167.7092481974281,156.05764733319774,91.88627981826752,89.95536955274665,6.589568724202686
person_13.mp4,front,149,2487,59.92317173180125,848,478,144.94288211749986,131.67298942531744,166.72044984496569,155.3331189537175,89.27716181399643,88.5809559661908,5.580692682722754
person_13.mp4,front,150,2503,59.92317173180125,848,478,143.5681343136375,131.2680097623043,168.10608630724312,156.55873802705364,87.16800829262479,86.75990748724645,4.292967693032692
person_13.mp4,front,151,2520,59.92317173180125,848,478,142.25617125749042,131.81608315195004,168.68938071215334,157.29351064276963,87.03596725324203,86.41032814967939,2.9856390185864243
person_13.mp4,front,152,2537,59.92317173180125,848,478,140.771067086458,133.72249499003468,167.7814045332749,159.15754414513364,86.37559949770952,86.27744186597047,3.1617584578780558
person_13.mp4,front,153,2553,59.92317173180125,848,478,141.93310674715437,137.20869577835487,167.02677685934486,159.85572654418124,85.88745213451469,86.28437381279653,5.3101957985910335
person_13.mp4,front,154,2570,59.92317173180125,848,478,144.97972923012978,140.11783989033364,167.59434352398463,161.6101955787797,87.5535751601679,87.3110912116534,5.145270827582604
person_13.mp4,front,155,2587,59.92317173180125,848,478,147.29498349565878,142.00065085338406,168.48824323915213,162.39580378610512,88.53476244357115,88.19136132022543,5.260470450507399
person_13.mp4,front,156,2603,59.92317173180125,848,478,150.64395566120967,146.79835870913809,168.0616598722672,164.19759890269054,89.50559241977683,89.15162223487265,7.327561810790313
person_13.mp4,front,157,2620,59.92317173180125,848,478,148.11471516734989,144.39606566160816,168.27700737062315,163.6406114609664,88.48468895906305,88.50915034967889,6.24650973414943
person_13.mp4,front,158,2637,59.92317173180125,848,478,149.841519972865,147.45713632712156,168.81924725408297,166.0170971888048,89.01274968285098,88.87522723417632,5.9928474343120595
person_13.mp4,front,159,2653,59.92317173180125,848,478,149.80011331019927,146.45462460823526,169.57824668224217,166.23986863433132,89.01236604677666,88.62029029007319,5.009372036660431
person_13.mp4,front,160,2670,59.92317173180125,848,478,150.31397624193488,146.51791810342866,170.0874869931287,167.276143575351,88.93119053231264,88.50509260089818,4.638894516509567
person_13.mp4,front,161,2687,59.92317173180125,848,478,150.99797966598052,149.49080631761328,169.2519785407859,168.48403518323127,89.68252650562276,89.56322012095781,5.761761287172081
person_13.mp4,front,162,2703,59.92317173180125,848,478,153.8844325088375,151.0137595542026,170.11227489503295,168.0749702706173,90.00859639003893,89.40395302655618,7.180793913161358
person_13.mp4,front,163,2720,59.92317173180125,848,478,155.06637954890178,151.46423392393655,168.8348471255989,165.96367251964668,90.62006708842196,89.74254767908795,9.617744346179403
person_13.mp4,front,164,2737,59.92317173180125,848,478,157.77311580990656,150.93430142609097,170.23391742002005,163.90068207699832,90.9435922566926,89.38374319789871,10.542020554421027
person_13.mp4,front,165,2754,59.92317173180125,848,478,156.14686266993422,150.71407343145287,170.05389115931473,164.41080349410822,90.09416826312578,88.85740309140542,10.335700928029462
person_13.mp4,front,166,2770,59.92317173180125,848,478,155.32535612391777,150.20081077059393,169.7876119396463,164.8940655968339,89.43054234823845,88.2571935750798,10.267069478407908
person_13.mp4,front,167,2787,59.92317173180125,848,478,156.32244992393157,151.42256150487484,169.49830137775066,162.45608469382088,90.79748240194859,89.40679019442253,12.148873202728682
person_13.mp4,front,168,2804,59.92317173180125,848,478,154.0780115340669,150.8834741014038,168.73644931404087,165.08781629025287,88.76484269431181,87.42986289575346,12.091247033272948
person_13.mp4,front,169,2820,59.92317173180125,848,478,154.3496412678972,150.43651218198676,168.67834815710066,163.54986514426406,89.46717546875018,88.20389255490673,12.008187973057103
person_13.mp4,front,170,2837,59.92317173180125,848,478,156.38279949447596,152.12542060959285,166.81201327910154,164.1049302525629,90.25557947704229,88.5919103199525,14.265489894926972
person_13.mp4,front,171,2854,59.92317173180125,848,478,154.00375558581604,151.26134686609197,167.0431846197504,163.969814426462,89.65820649234217,88.57418469261486,13.062261553060837
person_13.mp4,front,172,2870,59.92317173180125,848,478,153.64329458845003,151.2255666705675,167.5268655589811,164.17377826722432,89.82223415615115,88.46894784524548,12.532602543501252
person_13.mp4,front,173,2887,59.92317173180125,848,478,153.11660601941014,151.53791012078997,167.12863519000825,164.31438995038636,90.02868779726356,89.1205345369307,12.245555210515645
person_13.mp4,front,174,2904,59.92317173180125,848,478,153.16954067430274,151.68184540632902,167.31167532479688,164.4574178091048,90.33983569433396,89.54387712875344,11.861097258736327
person_13.mp4,front,175,2920,59.92317173180125,848,478,152.4038480411467,150.03408880222904,167.30821620484306,163.9992331337161,90.07851564062274,88.9933261335655,11.547444321059034
person_13.mp4,front,176,2937,59.92317173180125,848,478,152.04441256903837,149.56641396981493,166.9451419264162,164.01429442338795,89.82858815291168,88.5797793852905,11.683282431712108
person_13.mp4,front,177,2954,59.92317173180125,848,478,151.4045450333271,148.31043087887915,167.1572790779478,163.9551525905462,89.05302220081529,87.45695074646873,11.557309708834417
person_13.mp4,front,178,2970,59.92317173180125,848,478,150.6173926038982,147.69239757240155,167.32748075258763,163.95226394397696,88.4063302985283,87.01757399285118,11.39403013791603
person_13.mp4,front,179,2987,59.92317173180125,848,478,150.11296219892958,147.51808872688622,168.01601383263304,165.8287027796674,88.26484540626298,87.44660459067866,9.622316352307996
person_13.mp4,front,180,3004,59.92317173180125,848,478,150.97725055402816,148.8171073105952,168.49124942513933,166.71978256603262,88.56265890602747,88.00597837104715,9.38586571703733
person_13.mp4,front,181,3021,59.92317173180125,848,478,151.1948044679164,148.9314087851261,168.5805215982324,166.04631500240595,88.76432272495373,88.23300324770905,9.668655934344882
person_13.mp4,front,182,3037,59.92317173180125,848,478,149.8752682070166,148.10592300926794,169.05641324657353,165.76312284443654,87.9490969068646,87.91891419515487,9.318431725122581
person_13.mp4,front,183,3054,59.92317173180125,848,478,150.16006968561533,147.9575575408629,169.49510196251376,165.6096937787111,88.10185488541613,87.98264855433092,9.02351159955523
person_13.mp4,front,184,3071,59.92317173180125,848,478,149.0430778299171,147.0293625861901,169.68328980261614,165.6032550061251,87.5597566773048,87.53815966862523,8.67581823948317
person_13.mp4,front,185,3087,59.92317173180125,848,478,149.03046334274808,146.44399121474274,169.5664360149887,165.21056421179776,87.37149240611936,87.18698473561852,8.932013527446035
person_13.mp4,front,186,3104,59.92317173180125,848,478,149.6110048664586,146.97998837158286,168.5501774787176,164.50167433597497,87.42787316006223,87.48277997717527,10.128238708096918
person_13.mp4,front,187,3121,59.92317173180125,848,478,151.0929012262694,147.2571641946604,168.80829363002948,164.67829965567944,88.70175009640745,87.97606711718743,9.854499584577002
person_13.mp4,front,188,3137,59.92317173180125,848,478,151.17818846079976,147.1872250679325,168.83629045336838,164.61957415836326,88.75014291631886,87.95747726944452,9.83087562585094
person_13.mp4,front,189,3154,59.92317173180125,848,478,151.25255771976109,147.1682364633276,168.79590209406402,164.06947322265518,88.66475876595176,88.01486730807336,10.139992933514216
person_13.mp4,front,190,3171,59.92317173180125,848,478,153.33762506219153,149.77750937484302,168.44464487169802,165.2691406004568,89.60069714271285,89.29457375526641,10.85578174704512
person_13.mp4,front,191,3187,59.92317173180125,848,478,155.4636739105742,151.07563814246248,167.7015973884718,165.0780701661346,90.92403593507188,89.86129929152776,12.077995595295594
person_13.mp4,front,192,3204,59.92317173180125,848,478,155.22323461601297,150.78676352732577,167.2543842261234,164.76083899792468,90.85957312226887,89.80388506899257,12.383044818184034
person_13.mp4,front,193,3221,59.92317173180125,848,478,156.73591578884032,152.06870465750904,168.38946434107362,166.14156165372725,92.07935204828165,91.34379700665205,10.850751207275367
person_13.mp4,front,194,3237,59.92317173180125,848,478,158.10551635244045,152.0436087846299,167.59308814364357,165.77411711317492,92.77622294678677,91.79338496800742,11.687566984380124
person_13.mp4,front,195,3254,59.92317173180125,848,478,158.12202310657338,150.59411170211513,170.053597103779,165.981264418607,93.06470931614953,92.33482787453684,8.945232320759176
person_13.mp4,front,196,3271,59.92317173180125,848,478,158.7444537972178,150.57475830770665,171.03564363632486,167.09743625415084,94.25669595285709,93.00217500179232,6.637124681647293
person_13.mp4,front,197,3288,59.92317173180125,848,478,155.73147295298648,146.49463411799115,170.00515107978123,165.2801727614409,93.63237627503277,91.73542559388432,6.341962787538656
person_13.mp4,front,198,3304,59.92317173180125,848,478,152.86801695751547,143.06547336093928,170.91659014655653,166.7761397003283,92.23269123052474,90.63423489361884,2.463186528919315
person_13.mp4,front,199,3321,59.92317173180125,848,478,151.8757720334004,141.18907067612628,170.03500323969672,164.34634004764607,91.62200313988812,89.36492088005605,3.972184564717397
person_13.mp4,front,200,3338,59.92317173180125,848,478,151.36361079852577,141.03179854392403,169.65624107795824,164.89163385213405,91.69892457375774,89.40923106779437,3.4530262706161263
person_13.mp4,front,201,3354,59.92317173180125,848,478,149.24761596667858,137.3284206789233,169.46343328256506,163.79860846575008,90.39595766961531,87.53017567029978,2.7465732033205437
person_13.mp4,front,202,3371,59.92317173180125,848,478,150.3756314837534,138.46720161934107,168.92181537587948,164.32266857783114,91.63584008428015,88.29809697438718,3.070951309297765
person_13.mp4,front,203,3388,59.92317173180125,848,478,150.57233743664884,137.7247015476306,169.0235226036227,164.88024383612282,91.81891466821897,89.33982338823554,2.1502997515565947
person_13.mp4,front,204,3404,59.92317173180125,848,478,148.91166002945408,135.20126925639843,168.33084762736163,163.08401431216058,91.9684951121501,88.72594438298391,2.56647405608603
person_13.mp4,front,205,3421,59.92317173180125,848,478,145.89054290446467,131.26324530432896,168.71218882857875,162.90563502370378,91.44884801146452,88.90882667500334,2.1027841314668536
person_13.mp4,front,206,3438,59.92317173180125,848,478,144.84930306572966,129.71849396255996,167.67862846464118,160.07649650848018,91.20951856953224,88.66302939060856,1.7762078179868666
person_13.mp4,front,207,3454,59.92317173180125,848,478,142.72932840654067,128.3819563061641,165.40887480720968,158.21801719789386,90.61601635898518,87.94220046342801,2.800077802291199
person_13.mp4,front,208,3471,59.92317173180125,848,478,139.88662311749647,125.3849768000442,163.0948545458045,155.32318724524907,91.06833864340663,88.49640905898005,2.70951707278619
person_13.mp4,front,209,3488,59.92317173180125,848,478,141.21068321403317,120.5579977327666,162.51018099795044,150.2864968595471,91.68441678964035,87.79631518254202,3.4143775617851593
person_13.mp4,front,210,3504,59.92317173180125,848,478,123.94583100665606,112.15771863834064,154.92611760762665,150.24270338394737,89.2878321593996,84.83581738163592,5.015014423642359
person_13.mp4,front,211,3521,59.92317173180125,848,478,119.89195999869813,112.30768496514499,153.4247357936376,150.23166082441318,87.1038624105164,85.349821342048,3.601245517047391
person_13.mp4,front,212,3538,59.92317173180125,848,478,108.78077001534945,103.79266472817103,145.82878836270405,144.33454838820683,83.59301518462864,82.6435815280881,3.399383624192159
person_13.mp4,front,213,3555,59.92317173180125,848,478,101.64270222852957,97.88016792409982,140.1633200365596,139.8120508038796,80.93647375896086,80.20471050864107,2.8578364220755463
person_13.mp4,front,214,3571,59.92317173180125,848,478,94.62789959005723,88.65204763436513,133.02333589599547,131.482001994662,77.80260415109402,76.55761356738424,2.2064028324997937
person_13.mp4,front,215,3588,59.92317173180125,848,478,101.63377887354144,92.62358108562125,147.46679979484043,141.29914603121512,80.03830444918914,80.20573543887167,8.480471437817705
person_13.mp4,front,216,3605,59.92317173180125,848,478,85.54219826452722,81.83927394570523,120.50345270024445,115.79461672559839,73.22837439262518,73.73345102302552,9.270096123314769
person_13.mp4,front,217,3621,59.92317173180125,848,478,89.47668373468251,85.40691067624766,122.88608216181323,117.12198891425946,77.56796093375867,77.40196243878499,7.464903303568345
person_13.mp4,front,218,3638,59.92317173180125,848,478,88.20084855044166,83.06004429415864,122.34798946639498,116.87930475676711,76.28557427092531,75.7469935783954,7.304492833545705
person_13.mp4,front,219,3655,59.92317173180125,848,478,89.02832096352866,81.42427220625744,123.17974485547197,115.95585359900208,76.97748205601373,75.36370444190705,6.2473011013661885
person_13.mp4,front,220,3671,59.92317173180125,848,478,80.40796000368799,76.77334461204097,117.17393119874285,113.26176124333406,73.67406675283212,73.82727004945326,5.406260021414357
person_13.mp4,front,221,3688,59.92317173180125,848,478,81.8895178125298,78.37896877262888,117.41961386697241,110.51128183162173,74.71120792513442,74.79646363119498,6.897111417485148
person_13.mp4,front,222,3705,59.92317173180125,848,478,73.05588446912435,71.97775837883796,96.54209637257121,90.28376657735875,69.30410952003335,70.33198722716233,23.98307946071925
person_13.mp4,front,223,3721,59.92317173180125,848,478,83.95101376180173,79.19000748077141,117.00210040633065,113.98936730460184,81.64636408472128,80.12514972997391,2.6624168689515684
person_13.mp4,front,224,3738,59.92317173180125,848,478,72.88273168051919,70.37385226406134,101.85788272947511,98.00308284511725,71.62656650439442,71.70903843824044,14.785672963916484
person_13.mp4,front,225,3755,59.92317173180125,848,478,85.4588787973668,81.21626959769722,114.10749365234294,107.85476550013124,83.71497182895384,82.25920245358068,4.475990872165214
person_13.mp4,front,226,3771,59.92317173180125,848,478,77.35502265144711,73.83822605504372,98.2330913712347,89.3389454919148,76.33872922250771,75.95468000321767,20.224259710559856
person_13.mp4,front,227,3788,59.92317173180125,848,478,84.76824882607232,80.48098108361087,116.30321413403802,107.97677703653734,84.60102474135115,83.57908282775827,3.0865915821425154
person_13.mp4,front,228,3805,59.92317173180125,848,478,79.31911696451535,75.17317805873842,114.7830892165511,107.41560947873154,79.60695426494442,78.52101718019017,3.555410569630235
person_13.mp4,front,229,3822,59.92317173180125,848,478,75.63024377800488,70.5561764984295,109.9450106898595,103.15204553328032,76.46200525280436,75.03121626230903,6.655613466134027
person_13.mp4,front,230,3838,59.92317173180125,848,478,74.94171363804135,69.95597585001613,111.5064543644997,103.83382135460644,76.34363356772101,75.16604607725111,5.804504777301143
person_13.mp4,front,231,3855,59.92317173180125,848,478,76.6960383193085,70.62176105117142,118.01612804550734,113.17731845219699,79.3795809611161,78.02717854353901,4.343568193432647
person_13.mp4,front,232,3872,59.92317173180125,848,478,75.31923135440472,69.50697380757536,118.27787949535819,114.44631755804468,78.86640878154805,77.82928031155458,5.792511069431457
person_13.mp4,front,233,3888,59.92317173180125,848,478,66.38257387752101,63.301368786165014,88.28834587791758,88.20813717357593,71.32692011236861,72.35153439907347,21.16403923660441
person_13.mp4,front,234,3905,59.92317173180125,848,478,66.17229005060767,62.9666515630431,93.74084879945228,91.30466253861648,72.71273874308712,73.59588669335837,15.807560145381508
person_13.mp4,front,235,3922,59.92317173180125,848,478,63.97567353982615,61.12816723002634,87.59291122513665,88.29887586903507,71.5216450762172,73.08694952539967,18.84609501094612
person_13.mp4,front,236,3938,59.92317173180125,848,478,65.47850545827093,62.09015143490367,88.46970226277281,94.30163665291605,74.24904118417122,75.52029908277923,15.073427367682378
person_13.mp4,front,237,3955,59.92317173180125,848,478,66.81072054387886,62.65906604431029,98.258986621368,100.68543886288614,76.48075535437913,77.72146603790978,6.490627935367242
person_13.mp4,front,238,3972,59.92317173180125,848,478,63.07758576882756,60.508290685714776,88.68983545709331,90.35591098131734,73.10875173529624,74.63489758147352,15.534192946972688
person_13.mp4,front,239,3988,59.92317173180125,848,478,63.696338346599376,60.13384717710976,83.68914966074519,83.94351737822585,74.28519226357503,75.91102238208828,20.516352456632166
person_13.mp4,front,240,4005,59.92317173180125,848,478,60.38684118885891,57.211267323229904,77.33262015446267,76.24375498697833,71.71422620834686,74.26907200547558,26.469395093606842
person_13.mp4,front,241,4022,59.92317173180125,848,478,58.97499689028935,55.55848029908121,81.70664249311044,78.71594135851875,70.4650944657359,72.94597869352909,22.42399905866013
person_13.mp4,front,242,4039,59.92317173180125,848,478,57.945496996502804,54.787466064318444,81.68546858763018,78.41949227799908,69.81602935980527,73.56523346799706,22.29539163126319
person_13.mp4,front,243,4055,59.92317173180125,848,478,58.14233128576199,54.78925201608443,82.66334600158241,79.55715197444714,71.34483169660179,76.47713121994332,20.814885892695145
person_13.mp4,front,244,4072,59.92317173180125,848,478,57.0994529611336,54.68430000942069,103.32193748664311,96.20411365477845,73.48490689624491,77.57508024782918,2.2046621594920413
person_13.mp4,front,245,4089,59.92317173180125,848,478,57.68298385698969,53.53718199887436,89.97300500777708,82.13182380601168,74.98451413661292,78.50907431961758,14.830221787010066
person_13.mp4,front,246,4105,59.92317173180125,848,478,59.47714393721972,54.81410639025531,94.42048251831869,85.85062437508154,77.13200280851103,80.2617783139307,10.270946336596504
person_13.mp4,front,247,4122,59.92317173180125,848,478,60.43172304228369,55.577930155091124,100.21713077972852,92.11404424573524,78.3230766146918,81.2554298827596,3.722633121298211
person_13.mp4,front,248,4139,59.92317173180125,848,478,60.73632180510494,55.90140340842527,96.52696745403757,90.34751315636214,78.78227471020158,81.67458031708087,5.8378324127596395
person_13.mp4,front,249,4155,59.92317173180125,848,478,59.17972327683116,55.5459573266864,94.3867178118337,88.38274750853853,78.11391444609407,81.53478763775641,7.427199745065051
person_13.mp4,front,250,4172,59.92317173180125,848,478,58.12508414185135,54.67896799552103,84.51724094414327,79.58941231223446,77.8464407446526,81.10157834755863,16.431811099607216
person_13.mp4,front,251,4189,59.92317173180125,848,478,57.573439824373,54.19762952276063,90.64187844014977,84.07956301072542,81.18024386600723,83.61283770899703,10.87878448097503
person_13.mp4,front,252,4205,59.92317173180125,848,478,56.49567071629824,52.21839255606623,78.51923389771463,73.9765119598843,81.68252161826318,82.62900049085567,22.01868252543454
person_13.mp4,front,253,4222,59.92317173180125,848,478,55.737988755168786,52.25139874146494,80.83089495465434,76.96635693107326,80.03365418909097,82.8909041828346,18.92126769051563
person_13.mp4,front,254,4239,59.92317173180125,848,478,54.401639001255326,52.131513996346094,76.08463183749895,73.91216834870434,77.96386044093227,81.91069261072947,22.635048948703037
person_13.mp4,front,255,4255,59.92317173180125,848,478,53.53940910104818,51.87549077536712,75.15824672626644,73.15903272210132,76.84087174780494,81.40028221339256,23.39238372074724
person_13.mp4,front,256,4272,59.92317173180125,848,478,53.87012758211137,51.80493611461948,77.59498674749652,73.22947087527514,78.66704804842622,82.0311673715195,22.10869735998695
person_13.mp4,front,257,4289,59.92317173180125,848,478,52.49194238388943,51.44688754932347,70.178387704557,68.4282058261216,76.045240046905,80.97004109264762,28.098314863922592
person_13.mp4,front,258,4306,59.92317173180125,848,478,52.80922835227009,51.61307360846292,70.96479529519542,69.09071464904393,75.7400510106322,80.3249461699228,27.34760720109044
person_13.mp4,front,259,4322,59.92317173180125,848,478,54.012775252512675,51.99483045619859,71.53744945964442,71.7156409164654,77.12905049102882,80.80053441354433,25.814127227100077
person_13.mp4,front,260,4339,59.92317173180125,848,478,53.74173782864459,52.06097392712754,72.91922190390544,75.0159512421372,77.39151132939068,80.91824235816858,23.583123072245208
person_13.mp4,front,261,4356,59.92317173180125,848,478,54.425757228148356,52.38577581051656,73.11978085783946,73.03127824085489,78.37390336272955,81.46056537901889,24.67323139297578
person_13.mp4,front,262,4372,59.92317173180125,848,478,54.030302744924164,52.35658716576873,75.228773535129,77.41159378293234,79.07990329243243,82.43985223414045,21.656522163898284
person_13.mp4,front,263,4389,59.92317173180125,848,478,54.632720320033556,52.75739863774219,82.52656378401606,82.60029739775293,79.31449406947593,82.86393065550908,15.73921884593647
person_13.mp4,front,264,4406,59.92317173180125,848,478,56.27212791521282,53.329977293040905,81.85587331047427,82.30062224045228,79.4619018443479,83.07941633921168,16.3582620415535
person_13.mp4,front,265,4422,59.92317173180125,848,478,54.20097831018375,51.78421333856943,62.39539632341623,62.41811317043318,76.77673739158827,80.28797254454439,36.07681747845833
person_13.mp4,front,266,4439,59.92317173180125,848,478,55.53418587456294,53.30933347719626,69.56862125510172,68.75925363663171,77.17518367211801,80.5640029256178,29.266207141638834
person_13.mp4,front,267,4456,59.92317173180125,848,478,57.97207825767749,55.85773611173157,90.87762722097726,87.18548211195643,81.28263791613767,84.53652133559564,9.960136613075626
person_13.mp4,front,268,4472,59.92317173180125,848,478,59.046513277062935,57.24619237289208,99.99479580518661,97.31468379682954,81.65220801069475,85.27119916164291,1.9236471019574168
person_13.mp4,front,269,4489,59.92317173180125,848,478,60.011224706307395,58.51849238860587,103.50091587616312,100.15212218789418,81.78520969546798,85.47613681203272,2.8662765351610626
person_13.mp4,front,270,4506,59.92317173180125,848,478,61.37183906922315,58.9878423593271,104.78272804235112,102.37430019821817,81.98004965564903,85.55836652087211,3.9529508275618457
person_13.mp4,front,271,4522,59.92317173180125,848,478,62.07151275962834,59.619049686126544,106.09060996507885,104.02732390734344,81.79690221630733,85.51054228887537,4.783748738287231
person_13.mp4,front,272,4539,59.92317173180125,848,478,63.59888907934967,60.97356024813001,115.36846720699953,112.03870212266781,82.32373878280009,86.18250492181566,12.74712979176536
person_13.mp4,front,273,4556,59.92317173180125,848,478,62.17212648026944,60.00020461725096,107.07005148941975,103.8519034062761,79.53314124735684,83.31198911877941,4.237028733193807
person_13.mp4,front,274,4573,59.92317173180125,848,478,62.421115903313115,60.4001804910714,111.15745738210103,107.84141322048642,78.7952777596527,82.38706310701416,7.487721173719675
person_13.mp4,front,275,4589,59.92317173180125,848,478,63.00635445089181,61.3318072826047,113.47771248795557,110.35899840040459,78.09803287751984,81.54573460356298,9.431505430198381
person_13.mp4,front,276,4606,59.92317173180125,848,478,63.037073704104266,62.37690996405109,113.74797590151375,110.19361309696806,76.50773131907384,81.09096945720889,8.622694324779182
person_13.mp4,front,277,4623,59.92317173180125,848,478,63.65703256343033,63.19944042149254,109.74408558423639,106.44654432599191,75.19083194970523,80.50447284410757,3.90972858484537
person_13.mp4,front,278,4639,59.92317173180125,848,478,58.778356261411474,58.960995166598266,74.56498509225125,75.0289319556056,68.04392977137023,73.43570191772116,29.761201026561967
person_13.mp4,front,279,4656,59.92317173180125,848,478,58.82322373989142,57.56971325697079,68.42772576840952,68.19077979122027,66.56148501630477,70.01509904240116,35.998382435271964
person_13.mp4,front,280,4673,59.92317173180125,848,478,53.77801109861837,53.0589604008648,56.91924085036239,55.83990019083941,56.60471924457734,62.15949767848254,49.05647185785536
person_13.mp4,front,281,4689,59.92317173180125,848,478,56.3818076266273,54.54686600909014,64.0688109807982,64.15134415287889,60.310881312593956,63.0157979147892,41.917723069345314
person_13.mp4,front,282,4706,59.92317173180125,848,478,59.778761708790256,57.656793904403834,59.97207624799547,59.49522897054448,63.08123356124405,65.25795603761101,47.777544796257395
person_13.mp4,front,283,4723,59.92317173180125,848,478,60.807377261041324,58.22389947099113,58.94504252455167,58.497075433491794,63.477553275116165,64.81715604739412,49.6657702988072
person_13.mp4,front,284,4739,59.92317173180125,848,478,61.231049118115756,59.986976023058766,67.76215902839202,67.50727630813759,63.09837135031222,66.14892311242254,41.5556779830394
person_13.mp4,front,285,4756,59.92317173180125,848,478,63.588140160294756,61.70438274998838,59.87232011960717,59.16882076349818,64.35612367340437,66.26177910205446,49.17400926372795
person_13.mp4,front,286,4773,59.92317173180125,848,478,64.67795017909188,64.17135987271527,58.581294674722905,57.9613096678187,65.20138680905957,69.13910857615056,51.752586322283626
person_13.mp4,front,287,4789,59.92317173180125,848,478,71.98186030432007,67.34777492093646,61.360144082294575,59.6516102132496,68.16017439359885,70.68444922462392,52.06790611166471
person_13.mp4,front,288,4806,59.92317173180125,848,478,74.9863727476767,70.96704147102807,69.04516746595688,67.27771882359481,71.14694988429264,71.88153777970894,44.79934124125117
person_13.mp4,front,289,4823,59.92317173180125,848,478,88.10349206120566,79.98194030859356,91.97072944368844,88.5590551157492,83.69583080440026,80.20582242577703,23.490696638845286
person_13.mp4,front,290,4840,59.92317173180125,848,478,94.1731599741688,86.87530288915602,106.58406469047029,103.78986076025434,89.37290782896949,85.90085972743411,10.1287976754051
person_13.mp4,front,291,4856,59.92317173180125,848,478,99.92144572159332,91.05298280120783,117.04324595165377,112.78374700310415,94.22532821923977,89.43209412482997,1.9289785364661627
person_13.mp4,front,292,4873,59.92317173180125,848,478,115.79726542106394,102.42933326540401,142.25208505827712,136.9327547356869,105.41780718899037,98.86749733202767,19.73802189431235
person_13.mp4,front,293,4890,59.92317173180125,848,478,117.0418073126319,107.60562243990698,139.4280193244662,133.60373498343054,103.9187898093239,103.47496051990949,14.36158831342203
person_13.mp4,front,294,4906,59.92317173180125,848,478,116.91562025905121,105.47069061879422,149.65992441114824,140.93496418575953,102.39364544211246,99.53211740302028,20.4863858712002
person_13.mp4,front,295,4923,59.92317173180125,848,478,114.66273794539774,103.9787877909611,147.9130999903596,142.01991586637203,101.9861851863882,97.77017075295325,21.01739814877777
person_13.mp4,front,296,4940,59.92317173180125,848,478,118.46085733008353,106.62473281500291,150.35261094086547,141.93206478178607,104.71342539064939,99.2438747142671,21.451455399668802
person_13.mp4,front,297,4956,59.92317173180125,848,478,113.14506198746712,99.819091752588,154.84468281508342,143.61024392850257,93.5023230321,89.56458444215602,19.19733516226412
person_13.mp4,front,298,4973,59.92317173180125,848,478,118.81436934257079,105.41572024608351,158.3031086158597,148.80897016654276,99.14915332988481,94.1193211524413,23.45870001431326
person_13.mp4,front,299,4990,59.92317173180125,848,478,118.50308427846493,103.20335941194453,158.43264533044407,146.91025022450305,94.54090529696427,90.20809272358737,18.816486165765735
person_13.mp4,front,300,5006,59.92317173180125,848,478,119.44243592111188,99.38813226063928,166.32856932482292,149.22685948807586,87.22952369755535,84.06783142598813,17.280210547603776
person_13.mp4,front,301,5023,59.92317173180125,848,478,123.83435621001422,103.3880264839836,168.1262712923501,152.10351355717043,86.29364031948569,84.09409476360472,15.88922787556858
person_13.mp4,front,302,5040,59.92317173180125,848,478,130.31691342120584,109.31665680654453,168.4185925928708,154.52736070340393,89.30602465392789,86.36312686923547,14.325880539987391
person_13.mp4,front,303,5056,59.92317173180125,848,478,129.23244713032335,110.25906965131088,169.45344038589806,159.32281967004866,86.9144183705457,85.05391525184176,16.421098177391027
person_13.mp4,front,304,5073,59.92317173180125,848,478,138.23523168361254,117.36324301544462,169.50306222113988,159.27282740835588,91.03767003089465,87.67641814359784,13.659011922566705
person_13.mp4,front,305,5090,59.92317173180125,848,478,141.40664398028042,122.41916923887102,169.61363334436714,161.75715146132293,92.87446570680001,89.83939836331939,12.975303056993454
person_13.mp4,front,306,5107,59.92317173180125,848,478,141.4331899943101,123.66571226678877,169.8429817129811,162.85364560874908,91.40066898705311,88.9597330151046,10.91736913384289
person_13.mp4,front,307,5123,59.92317173180125,848,478,144.66804441957967,127.5336393618356,169.74677763398648,164.99196852852955,91.8285927169028,88.85105185377148,9.64953131946551
person_13.mp4,front,308,5140,59.92317173180125,848,478,145.7638075533521,130.02546367862848,169.78694976042564,165.98778365354892,93.76724965692081,90.69843958701748,10.773537014478086
person_13.mp4,front,309,5157,59.92317173180125,848,478,152.1224038741691,133.65019073723315,168.4029572828634,167.56528176662687,94.83258638512496,90.98064434726267,9.511175842642938
person_13.mp4,front,310,5173,59.92317173180125,848,478,150.40718264367862,137.8471116726425,169.2423625330497,168.7400227164797,95.17659967239143,92.08882387103634,10.178002812366126
person_13.mp4,front,311,5190,59.92317173180125,848,478,150.08050853309953,138.15238959994258,169.39739337350892,169.0535761949986,94.3828956779402,91.71218542212802,9.439389726204388
person_13.mp4,front,312,5207,59.92317173180125,848,478,154.64888203575364,144.05732301565132,168.83566575537566,170.49288234345875,97.04567983128837,93.85794225465041,9.312818516303823
person_13.mp4,front,313,5223,59.92317173180125,848,478,148.69725094909603,139.84164038853606,170.04499287772728,170.20560008093335,93.83300715683274,92.0931315685178,8.883979666099064
person_13.mp4,front,314,5240,59.92317173180125,848,478,153.33758312621032,143.60303512695597,168.3152605403719,170.99244661558814,95.13245119045305,92.74860999949914,9.709345891805878
person_13.mp4,front,315,5257,59.92317173180125,848,478,153.51595521232258,144.5355973472132,168.48607648529315,171.05155661621407,94.80282392682335,92.79138472994559,8.371212766583874
person_13.mp4,front,316,5273,59.92317173180125,848,478,156.88026596055164,149.38574086020643,169.47570812486606,170.87550089603963,94.83444698621054,92.62555273581268,3.9435447811352367
person_13.mp4,front,317,5290,59.92317173180125,848,478,155.11870143151523,149.22418641374082,170.59610204327933,171.03863024948313,92.98552329430868,91.3678906302516,2.1632969151176833
person_13.mp4,front,318,5307,59.92317173180125,848,478,155.83961997761534,150.09786042171766,170.6807051240157,170.19417814337893,92.88332513953642,91.37854616072627,1.795527256614873
person_13.mp4,front,319,5323,59.92317173180125,848,478,156.58989397844755,150.33487705563775,171.06810483131457,169.1734497327782,92.48818185728605,90.6205846213808,3.6893246712064687
person_13.mp4,front,320,5340,59.92317173180125,848,478,154.20479459882552,150.2824532444399,171.1072102600669,168.711470265531,90.25742108575962,89.19330966813295,5.113754880434661
person_13.mp4,front,321,5357,59.92317173180125,848,478,152.22483775632924,147.7736314788368,170.85808309094264,167.3478787397009,88.09559015626914,86.85236702465724,6.955107058938108
person_13.mp4,front,322,5374,59.92317173180125,848,478,152.99447228383076,148.9872043135017,170.09571945695288,167.4232720804165,89.17441802427261,87.99024024421837,8.228415413098107
person_13.mp4,front,323,5390,59.92317173180125,848,478,152.0363983341228,147.48667142331323,171.14590092673683,167.83061764298725,88.5747018108355,87.41094990257622,6.287539351275162
person_13.mp4,front,324,5407,59.92317173180125,848,478,148.84856459273075,144.49687265111132,171.50423464695803,167.50311818679407,86.58228564558375,85.98319105006335,4.802205793383634
person_13.mp4,front,325,5424,59.92317173180125,848,478,150.9842235964474,147.20596267276423,171.41510184587722,168.57554322965942,87.84262839277663,86.99706874507784,6.019470080574963
person_13.mp4,front,326,5440,59.92317173180125,848,478,150.108403915942,146.71941887960625,171.50704789879325,168.22505585629472,88.14069543688076,87.63289852392143,4.981716824370814
person_13.mp4,front,327,5457,59.92317173180125,848,478,153.1129371020111,149.17689285544108,171.2373695914936,168.22241969201175,88.72464352897323,87.780117392848,7.505061684436542
person_13.mp4,front,328,5474,59.92317173180125,848,478,150.11900492684438,145.6021702536253,170.7445569933448,165.66670402214928,87.49405611048336,86.58029299058008,7.820832685683537
person_13.mp4,front,329,5490,59.92317173180125,848,478,149.403595585006,146.34714082167855,170.8524752421803,167.4344699835083,87.10957804552264,86.4983042580152,6.81740638065154
person_13.mp4,front,330,5507,59.92317173180125,848,478,151.5302904581144,147.75654483232887,171.12569345631204,167.50274902164065,88.66940526655898,87.90123691967221,7.234215895632778
person_13.mp4,front,331,5524,59.92317173180125,848,478,149.33421163286667,145.4280944987269,172.2054537106982,167.7420429676806,87.78381300362997,87.40005378911539,4.799663929677962
person_13.mp4,front,332,5540,59.92317173180125,848,478,148.5554050391093,144.57286358691385,172.00995728607563,167.56560347065397,87.49563108334654,87.134372815381,4.6927539540809065
person_13.mp4,front,333,5557,59.92317173180125,848,478,150.5363590068519,147.37275822167842,171.726800181468,168.34708946079013,88.41995853840892,87.99042435374776,5.904181405556901
person_13.mp4,front,334,5574,59.92317173180125,848,478,150.22990491227057,147.06088221518766,171.90333463845252,168.28894114746126,87.88881114254819,87.5103476322538,5.931773206856394
person_13.mp4,front,335,5590,59.92317173180125,848,478,151.08380373530437,147.67150529975058,171.557410186624,167.99842022887069,88.04367630504085,87.37923391232715,7.038729292598007
person_13.mp4,front,336,5607,59.92317173180125,848,478,154.72719889335076,151.23462420224675,170.93970608899903,168.068115094448,90.20054187176315,89.22052141892198,9.136244571186747
person_13.mp4,front,337,5624,59.92317173180125,848,478,152.7576371081754,149.56919824893887,171.43938349946833,168.1376108118808,88.75722343212982,88.08896743241363,8.132104121488574
person_13.mp4,front,338,5641,59.92317173180125,848,478,152.8856342615962,149.76647086789876,171.6712577673892,168.31336621698824,89.27305365601077,88.7995262102383,7.568695528125814
person_13.mp4,front,339,5657,59.92317173180125,848,478,153.1384664994004,150.32977203425062,171.2398087548638,168.3383894490757,89.7301267957977,89.0230403397922,7.970474909500847
person_13.mp4,front,340,5674,59.92317173180125,848,478,152.57702729832968,148.66400398293368,171.67787408689478,168.0587453083347,88.85433553307476,88.08243042727722,7.62999875622585
person_13.mp4,front,341,5691,59.92317173180125,848,478,152.47982286253583,148.0116451570269,171.24380690121552,167.07812509033565,88.88652455219135,87.7621844307376,8.425392949936242
person_13.mp4,front,342,5707,59.92317173180125,848,478,154.85019045611892,150.20541151505762,172.0515242722771,168.15268786023944,90.06573597371509,88.61584178286374,8.259191860354388
person_13.mp4,front,343,5724,59.92317173180125,848,478,154.65907779115403,149.5614319415524,170.70194275607983,166.75655524937707,89.9107771045813,88.29548303473051,10.033207238333206
person_13.mp4,front,344,5741,59.92317173180125,848,478,154.67094727506102,149.34657311512456,171.17640501707587,166.89729062546755,90.12343549870786,88.67887669314949,9.366202193262678
person_13.mp4,front,345,5757,59.92317173180125,848,478,157.83934576762883,151.03376328753205,172.21897793233322,167.72677197196796,91.43810422739527,89.23277584780742,9.370981737905044
person_13.mp4,front,346,5774,59.92317173180125,848,478,156.9010642328718,150.4888603020884,170.60817171256622,166.5354788508897,90.94956042646912,88.74955516154867,11.03033800475357
person_13.mp4,front,347,5791,59.92317173180125,848,478,156.25538761969892,150.28687286864448,170.92522206020004,165.70632503610707,90.6736808073143,88.84750111633453,11.012642792334551
person_13.mp4,front,348,5807,59.92317173180125,848,478,155.52180192068477,149.52195166674093,170.1176562572418,165.12809283834915,90.16345961332205,88.3020680586273,11.658083055388454
person_13.mp4,front,349,5824,59.92317173180125,848,478,154.57411888371126,149.00444341063348,170.50248193032138,165.45058233309624,89.4126170721612,87.90183084405301,11.055157640366785
person_13.mp4,front,350,5841,59.92317173180125,848,478,154.57266161396947,148.82758042693695,170.63425345618012,165.46704595918592,89.53050386117957,87.9698844121785,10.819299737199353
person_13.mp4,front,351,5858,59.92317173180125,848,478,154.59477134898515,148.69549986013737,170.42072868436344,165.5471503911568,89.53503125152825,87.87709621783512,10.837131006848411
person_13.mp4,front,352,5874,59.92317173180125,848,478,154.08250739042427,148.73172979084202,170.56735657305822,165.58567706705648,89.22110259049359,87.90932322874143,10.684048902390758
person_13.mp4,front,353,5891,59.92317173180125,848,478,153.98494104874553,148.49994937222587,170.5631310931194,166.27282627903418,89.1242327014951,87.86726343497457,10.158139060827104
person_13.mp4,front,354,5908,59.92317173180125,848,478,154.19524222336213,147.714372476131,171.3727749800561,166.69492569602662,89.37960024176417,87.95319639341965,8.874314098786355
person_13.mp4,front,355,5924,59.92317173180125,848,478,154.02993435608698,146.1069417128658,170.98010786477613,165.33223862546527,89.39043308015184,87.33262987262955,9.395045607560533
person_13.mp4,front,356,5941,59.92317173180125,848,478,154.73452811225252,146.22706159662917,169.92739398151963,164.548136964154,90.27566437769457,88.13798383064584,10.207754330444645
person_13.mp4,front,357,5958,59.92317173180125,848,478,156.28023040219622,146.9621112102346,172.06754813466978,167.53042145916388,92.89319762659778,90.5210744580968,5.44481096537154
person_13.mp4,front,358,5974,59.92317173180125,848,478,155.64818229866384,144.77852695155113,171.8271818271312,165.87542947071466,92.71290469479895,90.5500669646583,5.250130058109734
person_13.mp4,front,359,5991,59.92317173180125,848,478,155.0327166765826,142.05039728258083,171.67564158242467,164.75692450364403,92.15639285115311,89.00913587011215,5.088095945437825
person_13.mp4,front,360,6008,59.92317173180125,848,478,152.07334388708412,138.88305458400654,171.44430357094825,164.23379446396083,91.39742160713173,88.45848050402162,3.3084679064161246
person_13.mp4,front,361,6024,59.92317173180125,848,478,151.7426228006036,138.00102696714265,171.69050616455402,166.79262964055746,92.02037331198481,89.21070122201152,1.4221983784034473
person_13.mp4,front,362,6041,59.92317173180125,848,478,149.2302564287666,136.06940102039454,171.5509392860677,168.00663461747223,92.0280999576696,89.53591670903484,4.275182128206265
person_13.mp4,front,363,6058,59.92317173180125,848,478,149.94142482456854,136.20560359719184,171.0388984333407,167.09366503830654,93.01794454720364,90.65655693373779,4.3742498848953035
person_13.mp4,front,364,6074,59.92317173180125,848,478,145.4773584298354,133.40911038045388,170.5809860608601,164.5588914492641,90.09993236452249,89.93606115092571,3.374365634542754
person_13.mp4,front,365,6091,59.92317173180125,848,478,146.18208655322738,134.17925207279202,170.42245526387424,166.27042563335408,91.82038105504385,91.31612045042019,5.799171655291693
person_13.mp4,front,366,6108,59.92317173180125,848,478,146.57336466701486,134.56544021737224,170.1358519142086,164.80661626362905,92.07114914482877,92.7257592967715,4.550358030508039
person_13.mp4,front,367,6125,59.92317173180125,848,478,145.55111290505423,131.50111961237423,169.93900856600774,163.5774210399394,91.47296906679816,92.2339437205685,5.782102093079105
person_13.mp4,front,368,6141,59.92317173180125,848,478,145.70377611885942,130.9429945063139,169.85304625341638,163.45330105751293,91.19850159798146,91.13429101336185,5.347803220854716
person_13.mp4,front,369,6158,59.92317173180125,848,478,145.66176868308048,130.05034147232794,169.66716562184533,161.8736693114693,91.21258855515013,90.60110658820754,3.891246113695731
person_13.mp4,front,370,6175,59.92317173180125,848,478,144.4655308609809,123.43843726461037,169.34913849269748,158.3576856339095,91.6338013442249,88.05785528618438,3.710299378069665
person_13.mp4,front,371,6191,59.92317173180125,848,478,142.385836854707,121.6126792369351,168.94843199711698,157.94256470458166,91.25629127909771,86.70290563733853,3.870520470776264
person_13.mp4,front,372,6208,59.92317173180125,848,478,139.13275964847304,120.61679434090567,168.13242098645912,157.29733923970522,89.6836447510481,87.39752665575134,3.751751836554041
person_13.mp4,front,373,6225,59.92317173180125,848,478,136.03990442539657,120.20667525580984,168.22618570814066,160.2019474214408,89.49393083034415,89.36551079177633,5.929601877921668
person_13.mp4,front,374,6241,59.92317173180125,848,478,131.0168336587397,115.79579076744064,168.15831475710846,160.88226805093876,89.70295091322139,90.17783646017375,9.91779802376553
person_13.mp4,front,375,6258,59.92317173180125,848,478,126.72426768178167,112.8840174466071,168.31956660982803,161.67068773735298,88.08049554033944,90.08422303086742,13.244317141275197
person_13.mp4,front,376,6275,59.92317173180125,848,478,127.65518712989731,112.02352909911836,167.47565595769748,157.05135232286602,87.79390814866582,90.08056031926532,9.792393654510779
person_13.mp4,front,377,6291,59.92317173180125,848,478,122.96387284488254,106.51745202417248,165.86230991582252,155.47639643547717,86.82129752884336,88.70363887820315,11.690476671115896
person_13.mp4,front,378,6308,59.92317173180125,848,478,116.70732719411511,99.06858219157925,165.6897229254952,153.46658318992044,83.57542055730718,85.02154934868958,14.280898001194501
person_13.mp4,front,379,6325,59.92317173180125,848,478,113.42527864702242,95.51260751572829,164.8794061998443,151.92669770879314,82.88144564173622,83.6777573446021,15.83109318880305
person_13.mp4,front,380,6341,59.92317173180125,848,478,110.56429467518599,94.79263646952566,162.9491894971679,150.72608921119487,83.73547254419692,84.21310254722037,16.380441601241902
person_13.mp4,front,381,6358,59.92317173180125,848,478,109.77496948125184,96.15854669462057,158.6265840489101,148.27080087898267,88.40174775793194,86.6286426731754,18.308068444868766
person_13.mp4,front,382,6375,59.92317173180125,848,478,107.92436364118736,94.03417519698691,156.21719352788446,145.88755471274422,88.14910621643288,86.12446569232533,18.147598702172118
person_13.mp4,front,383,6392,59.92317173180125,848,478,96.36291025118636,88.18591146827875,143.44879923294494,136.5521525467638,85.9334294523613,84.39345668201635,16.210357570319786
person_13.mp4,front,384,6408,59.92317173180125,848,478,98.07275396554412,89.05421267696985,141.84368041000485,134.37247334694888,88.38123439053011,86.04207188166436,15.44719245400802
person_13.mp4,front,385,6425,59.92317173180125,848,478,89.05942730751221,84.0181152790131,129.10343531379647,123.22075627387727,83.33633733604528,82.557804394361,8.059503399659711
person_13.mp4,front,386,6442,59.92317173180125,848,478,89.66318055496654,82.14802416399907,126.5696895235277,119.96019168754609,85.23489875276468,83.0662615761882,5.429842565624514
person_13.mp4,front,387,6458,59.92317173180125,848,478,85.33893554847667,80.61530749933328,124.07852113173087,120.2637852052113,83.09359783672119,81.57519343118393,6.527194997981939
person_13.mp4,front,388,6475,59.92317173180125,848,478,77.9587701756617,73.73084320331128,117.93714620642497,115.60416335126986,77.4838205285833,77.04734345570091,2.9986284676991453
person_13.mp4,front,389,6492,59.92317173180125,848,478,68.70931789309435,65.78627898868972,100.46297906782004,98.62394261423363,69.78139054653627,70.48683403013045,14.228276012676261
person_13.mp4,front,390,6508,59.92317173180125,848,478,68.40624842832885,64.34748556004222,95.70626023829695,92.92547509757978,69.64112281373525,70.11027038838922,19.456923024019392
person_13.mp4,front,391,6525,59.92317173180125,848,478,61.66418052385141,60.20648540572674,68.48471625622608,66.39136705276958,65.45852233175457,67.56584592367031,45.78444184144827
person_13.mp4,front,392,6542,59.92317173180125,848,478,54.44931008974141,54.51999215491295,60.97030601037516,59.66907315653475,59.03220208621533,63.91121583926353,51.229895317145406
person_13.mp4,front,393,6558,59.92317173180125,848,478,55.08310258340848,54.86380432485275,60.39741738119664,59.30855561235508,58.1554210437105,61.89833261684297,51.40732295846105
person_13.mp4,front,394,6575,59.92317173180125,848,478,53.39020461963264,52.65117262778583,60.75036300650707,59.65347970779576,57.24892758616775,60.24869318935637,49.976965326842326
person_13.mp4,front,395,6592,59.92317173180125,848,478,54.97003974679588,55.455273724777186,58.32227334138885,59.098139829133416,60.38018169751194,62.778370201185524,49.58084091546222
person_13.mp4,front,396,6608,59.92317173180125,848,478,53.386439852386914,53.856681156571334,57.02866407654101,56.949187270140854,59.798357985534246,62.25820553049776,50.73942048865487
person_13.mp4,front,397,6625,59.92317173180125,848,478,57.634290679540236,57.87735612695431,58.7370970402771,59.00070987279157,64.7475873322371,66.8121813190692,47.95346986978407
person_13.mp4,front,398,6642,59.92317173180125,848,478,56.94167783566981,56.76581629039361,58.77050731931498,58.3610790644694,64.8789043139365,67.11746922249667,47.35293139264607
person_13.mp4,front,399,6659,59.92317173180125,848,478,51.04772948058659,50.956550631870044,52.98729514149628,52.12492651818944,59.63469983114488,62.713451500506636,51.780506029623524
person_13.mp4,front,400,6675,59.92317173180125,848,478,52.014179506826856,51.84408530585978,57.06743894650544,55.765535954169586,61.355568473140266,64.90717395557681,47.147848442058205
person_13.mp4,front,401,6692,59.92317173180125,848,478,49.222693958193744,49.862640802097836,52.007205064657974,51.06123936275265,58.993428548976915,63.56185637705486,51.42648052212763
person_13.mp4,front,402,6709,59.92317173180125,848,478,50.903582449519504,50.39069089271191,56.66607178542116,54.47381894539212,61.41816834055618,65.62772013630355,47.116783707626425
person_13.mp4,front,403,6725,59.92317173180125,848,478,50.26227751307091,49.86142692421216,57.19272775537539,54.792766385727376,62.20756287860483,66.45383885253761,45.53357835765415
person_13.mp4,front,404,6742,59.92317173180125,848,478,49.628509468224806,48.749264963707915,61.50209986188999,59.334100565254616,62.79164130074826,66.8238991577603,40.57878255908155
person_13.mp4,front,405,6759,59.92317173180125,848,478,47.92655544518252,47.23325485039861,57.16332077812126,54.89443806417342,61.57927660982106,65.94389759640202,44.57800851670262
person_13.mp4,front,406,6775,59.92317173180125,848,478,47.12878902000682,46.178566928598215,57.25278587717173,54.526266672436385,61.43208956473584,66.34217777453978,44.245963226376766
person_13.mp4,front,407,6792,59.92317173180125,848,478,49.654103142307584,48.38387080513198,62.83348791629907,59.17955512329657,64.79184836414072,69.74364977996137,38.84352002872155
person_13.mp4,front,408,6809,59.92317173180125,848,478,47.562034714557974,47.35648278809541,58.8310535219308,52.988430744527506,63.44659649494064,68.82826818588765,43.070049008377
person_13.mp4,front,409,6825,59.92317173180125,848,478,47.29335192847138,46.45496780321485,57.423411993986015,52.94627953632271,63.54329660799324,68.68446075044363,43.5082546555949
person_13.mp4,front,410,6842,59.92317173180125,848,478,46.99030615019576,46.09947869695388,57.898957462131946,54.03030853944339,63.31955744483264,68.04272672339098,42.54079351639411
person_13.mp4,front,411,6859,59.92317173180125,848,478,46.53232830184608,45.82412585702364,55.97237094219471,53.21887896703224,64.32477601177106,68.33505193640443,43.668415094894996
person_13.mp4,front,412,6875,59.92317173180125,848,478,46.27120506285595,44.88609296834386,62.990335927810335,59.58906934843224,65.00603610372227,69.0990261028832,36.46121257320961
person_13.mp4,front,413,6892,59.92317173180125,848,478,46.29282108244745,44.96852142890007,56.88185686119818,54.33979056345483,66.87318443223027,69.94526501381425,41.85161953001347
person_13.mp4,front,414,6909,59.92317173180125,848,478,45.45589404812841,44.593257275603506,55.80757422696665,53.29117806543368,66.21165559574015,70.33026575977104,42.630404984529946
person_13.mp4,front,415,6926,59.92317173180125,848,478,43.81636183199193,43.55886408887256,51.0621217458144,48.54247679414575,65.25167169670497,70.31087454867614,47.0267363145982
person_13.mp4,front,416,6942,59.92317173180125,848,478,43.91478325985475,43.64897354837988,50.313298183338134,48.54720731300805,65.94938036382078,70.82883212262173,47.276169387731294
person_13.mp4,front,417,6959,59.92317173180125,848,478,44.229972623582135,43.64014004937923,51.19528310487692,49.826328149287626,69.20999344736362,72.78598403175074,46.20827148775056
person_13.mp4,front,418,6976,59.92317173180125,848,478,42.87881493739018,42.98014494176153,49.0822787917445,47.21291437811161,67.9216183845221,71.8341174392316,48.476053174025026
person_13.mp4,front,419,6992,59.92317173180125,848,478,42.795430591306484,42.919220285726624,46.32621788185987,44.70016427664494,67.35084390427384,71.53806377067917,51.184648350619526
person_13.mp4,front,420,7009,59.92317173180125,848,478,42.78462715454686,42.78953713363475,48.25326069875536,46.19330108231228,67.52603400457467,71.87065473096352,49.80914632032515
person_13.mp4,front,421,7026,59.92317173180125,848,478,43.32570409648512,43.304828191197956,48.57895294197889,47.64852168200105,67.86767861990668,72.32721674812095,49.15023196111092
person_13.mp4,front,422,7042,59.92317173180125,848,478,44.97704855676511,44.852812176907726,52.27723918065419,51.740219419429984,68.8391376675419,73.27024138185055,45.61742848138915
person_13.mp4,front,423,7059,59.92317173180125,848,478,45.47151087552583,45.74537094106348,47.65138618749187,47.23516538272871,67.35980642708923,72.50929057019177,50.28302467508781
person_13.mp4,front,424,7076,59.92317173180125,848,478,45.5170477686166,45.87080618071818,46.98030176790822,46.25384897676368,66.49121484430584,71.41508681044421,51.12264984861473
person_13.mp4,front,425,7092,59.92317173180125,848,478,46.171431968179256,46.4697031005255,48.53857620170931,47.74149835096363,66.90353159525911,71.77897799852272,49.79393463414486
person_13.mp4,front,426,7109,59.92317173180125,848,478,47.84696076621551,48.293879776384394,48.528468183678996,47.780022272082796,67.11337422403624,72.59533134903265,50.096121536669386
person_13.mp4,front,427,7126,59.92317173180125,848,478,48.22794645954276,48.62609258535383,47.323432552537106,46.40284931121825,66.22220739572101,71.88762776642689,52.150515755726815
person_13.mp4,front,428,7142,59.92317173180125,848,478,47.247077200763705,48.112219451589205,48.4928354529452,46.69466216827606,64.73699850826924,70.60686782780752,51.867712859680516
person_13.mp4,front,429,7159,59.92317173180125,848,478,46.170826496400316,47.350178474779234,46.63380182754087,45.23480483179254,62.35774629903031,68.28185594104961,53.84905060756152
person_13.mp4,front,430,7176,59.92317173180125,848,478,45.0809400237872,46.34955986297408,44.10117858461578,42.20468072236152,60.74105332949657,66.21524408351979,57.03450380289002
person_13.mp4,front,431,7193,59.92317173180125,848,478,44.87239008027537,46.36619477651326,44.18748912204187,42.492306387124714,59.65142763972866,64.46617947450292,57.20111656270004
person_13.mp4,front,432,7209,59.92317173180125,848,478,46.16516696381819,47.22041557176723,45.40735604346987,44.0108343147471,61.21281873673632,65.43075059676913,56.2863605457315
person_13.mp4,front,433,7226,59.92317173180125,848,478,48.83858834670167,48.98439315618653,48.535222903457814,47.269117012546324,62.069455364543714,65.787290663935,53.953185377152046
person_13.mp4,front,434,7243,59.92317173180125,848,478,53.57283508302439,53.90823814732257,55.25707058579628,54.63990946097282,65.85274620103404,69.74628611387861,47.90821752894574
person_13.mp4,front,435,7259,59.92317173180125,848,478,57.94386693485249,58.179732649868605,61.57024087329195,61.84681811057272,69.60788534470856,73.65543654625111,41.76446586026798
person_13.mp4,front,436,7276,59.92317173180125,848,478,61.315987720924966,58.8912129617481,63.04751140630291,62.39211144202639,72.59934406038535,73.73390442676539,42.016623454077006
person_13.mp4,front,437,7293,59.92317173180125,848,478,59.762709255577796,58.89955934843235,63.11521100639968,62.411524227681696,70.10445818387927,73.56224351694502,42.55142609499778
person_13.mp4,front,438,7309,59.92317173180125,848,478,64.05367389815818,63.15807286794989,76.54576402972586,76.09213433263068,72.91063055209136,76.13778765570426,30.038708951970488
person_13.mp4,front,439,7326,59.92317173180125,848,478,58.65422869701693,59.16684859415723,71.47951276951436,72.34649458336294,65.81462301679598,69.80494886860266,35.361163865845334
person_13.mp4,front,440,7343,59.92317173180125,848,478,59.08794891669785,59.4688895536376,67.5038723922808,67.77474748853325,66.23088125861753,69.53425404296453,40.26767256042032
person_13.mp4,front,441,7359,59.92317173180125,848,478,61.87399440764879,61.64146150400696,75.83486920190488,75.56326141300809,67.92009946630445,70.3984662658631,33.59970132961022
person_13.mp4,front,442,7376,59.92317173180125,848,478,69.47050896448258,68.40397441964949,77.41419370422865,76.4341542174778,73.55237515380948,75.02692134259021,32.47654037214748
person_13.mp4,front,443,7393,59.92317173180125,848,478,62.53723721663306,61.61731646627641,57.89242531818696,57.10548470517962,66.95599901876062,67.85606876747025,51.1662354662503
person_13.mp4,front,444,7409,59.92317173180125,848,478,61.37723596419237,60.23197962640666,56.36376666294094,55.131706419362445,66.90610318705869,66.4879632711167,52.907241166269785
person_13.mp4,front,445,7426,59.92317173180125,848,478,60.13321893877845,59.02548992548927,55.13081972936626,54.28871814510479,65.15552025547636,65.01018544630791,54.02000983375796
person_13.mp4,front,446,7443,59.92317173180125,848,478,61.25059081324601,60.77986225932029,53.11316279367601,52.843176563409656,64.53606607993146,66.05775463293463,56.740157984683925
person_13.mp4,front,447,7460,59.92317173180125,848,478,67.81003271822566,61.737150778727546,59.957786384179705,57.630982274576034,67.28930998758877,66.83008000848642,52.34125283371311
person_13.mp4,front,448,7476,59.92317173180125,848,478,68.78537480537479,63.601194976231554,61.757242723716246,60.48396150402449,68.77398576981611,67.69614281478204,50.3882580003281
person_13.mp4,front,449,7493,59.92317173180125,848,478,80.45574580014114,73.08011312070047,96.73905134235089,94.75021898111613,78.87240055714427,76.07113061620761,17.811279016827356
person_13.mp4,front,450,7510,59.92317173180125,848,478,82.60412274287435,75.9695102722612,87.24665625500909,85.02356519387736,79.763297938196,77.56511023255624,28.170892534511687
person_13.mp4,front,451,7526,59.92317173180125,848,478,94.84322117104035,85.31266763967952,106.31515358526671,103.31035992804112,89.31162870709056,84.97592345161034,12.357049118288293
person_13.mp4,front,452,7543,59.92317173180125,848,478,100.56165869207706,90.65226277812758,108.82731641078536,106.76131933542715,93.51171952752874,88.42665049434666,11.167172534805244
person_13.mp4,front,453,7560,59.92317173180125,848,478,108.26290433199479,100.38715569412662,132.90781442048407,126.71217616584299,98.01452369644872,95.72427714801559,8.574065498496761
person_13.mp4,front,454,7576,59.92317173180125,848,478,117.59394386775395,107.77995424110459,148.8110506349489,139.51678953106793,104.91385963024221,101.0681872458435,20.488913015887956
person_13.mp4,front,455,7593,59.92317173180125,848,478,112.31923971531789,103.56939337067176,139.6964265635372,129.97422285905563,100.15701284361549,97.326155902907,11.589145964330795
person_13.mp4,front,456,7610,59.92317173180125,848,478,110.52598897901974,97.381685240031,136.6786754778966,122.28242596970325,92.12587858104612,87.97485974318407,2.241621199988232
person_13.mp4,front,457,7626,59.92317173180125,848,478,112.28420064857715,100.53907026582743,144.1989591169751,129.752445667376,94.14448504966764,89.91037744761229,6.905251683106801
person_13.mp4,front,458,7643,59.92317173180125,848,478,115.73336977633184,103.56259607061605,152.67887234344784,141.45303669802655,95.76708496665394,90.96261286732127,15.3987519368281
person_13.mp4,front,459,7660,59.92317173180125,848,478,114.77869905033143,102.26756427685739,158.1554308500427,149.17063390268186,92.80401648266037,87.65005416825996,19.078385593568132
person_13.mp4,front,460,7676,59.92317173180125,848,478,110.44053689217762,98.11857380674364,159.07687568048442,147.12547639816043,84.32980229992557,80.23870773840923,13.583660831658424
person_13.mp4,front,461,7693,59.92317173180125,848,478,115.95232812564365,101.50659752201908,152.43595972238168,137.9051787947738,86.07468932179188,81.95434314016545,3.5910444032992337
person_13.mp4,front,462,7710,59.92317173180125,848,478,121.36983554961043,105.51836430803715,166.31614868921164,155.67449575135126,87.71366317287587,83.5865445596418,15.857317890164412
person_13.mp4,front,463,7727,59.92317173180125,848,478,128.21446671892704,109.619695811399,168.7416272538853,157.77735407741318,89.61733071373425,84.91044157016816,15.670047083084803
person_13.mp4,front,464,7743,59.92317173180125,848,478,133.6894843491138,114.3888170183834,169.51105643460681,161.3716252155429,92.07120929324198,86.86493521794056,17.232996326856384
person_13.mp4,front,465,7760,59.92317173180125,848,478,133.1711827093923,114.8457841818861,169.76159575237526,163.40723340486983,91.66324612373421,86.37720504141447,18.739940445730614
person_13.mp4,front,466,7777,59.92317173180125,848,478,142.52237828117018,124.33815828655652,168.803901433691,164.99479779037938,95.49260127119096,91.13567499355162,15.637883870466117
person_13.mp4,front,467,7793,59.92317173180125,848,478,141.056432544915,125.22960760096343,168.01842208624876,167.78167516583366,93.4087106804572,89.81209857893235,17.541899400950456
person_13.mp4,front,468,7810,59.92317173180125,848,478,141.01050560975702,127.79508107016315,169.41405248202244,168.79400567863738,95.06404921119758,91.96863177887802,17.190189669419105
person_13.mp4,front,469,7827,59.92317173180125,848,478,141.77100257590877,130.33925952705556,169.64450422616426,168.75708604421445,93.0061407796182,89.78664904902395,13.432883404633248
person_13.mp4,front,470,7843,59.92317173180125,848,478,146.91207204904381,136.08104893335846,170.07305193386404,169.1813206247093,94.57939622539038,91.29881835065652,10.298751464219292
person_13.mp4,front,471,7860,59.92317173180125,848,478,144.1129050227154,133.72859362710625,170.7758789066903,167.7388719073879,93.44410025091337,90.91826513975084,9.142772458431837
person_13.mp4,front,472,7877,59.92317173180125,848,478,155.0638833499935,144.7022232019557,169.7555040331391,170.4687720190565,98.37761248516854,94.67960512707435,8.184049821747662
person_13.mp4,front,473,7893,59.92317173180125,848,478,152.191003782817,140.80693276866893,170.25263632036751,168.14298812527295,95.83134723853897,92.17556739199567,6.2251579603104865
person_13.mp4,front,474,7910,59.92317173180125,848,478,150.40024858968152,142.10076663026865,170.62906190170938,170.1298804022649,93.44754404690157,90.56746239186062,6.338136732152573
person_13.mp4,front,475,7927,59.92317173180125,848,478,152.66846807952663,144.29603421364243,170.87467377586162,170.75458192770444,95.2078086666215,92.06596165582752,5.458413979534402
person_13.mp4,front,476,7944,59.92317173180125,848,478,157.45344003064633,146.18173698390882,171.2095482713306,168.39239298419645,95.97523765642953,92.19078996557064,1.8004415825674027
person_13.mp4,front,477,7960,59.92317173180125,848,478,155.60517390445546,145.41378838164968,171.55615412461867,168.60259377567516,95.46557177820462,92.21301935676526,1.79832184698597
person_13.mp4,front,478,7977,59.92317173180125,848,478,154.32342005009008,145.55501506014943,171.7047587135535,168.22294353222674,94.13297375712654,91.0868502033831,1.8178614242147926
person_13.mp4,front,479,7994,59.92317173180125,848,478,153.03334825388197,145.31063213071698,171.5313395438242,165.2793226947415,92.35053263949791,89.84691936414679,4.218607015715479
person_13.mp4,front,480,8010,59.92317173180125,848,478,157.09763834348806,151.21205426067564,171.26588592932487,168.74924935802474,94.64662142333995,92.05050498059379,4.961178640046159
person_13.mp4,front,481,8027,59.92317173180125,848,478,157.24812920977894,152.66894963872537,172.06188830997615,169.9903935706779,93.58221321766862,91.55499002214117,4.123345555487874
person_13.mp4,front,482,8044,59.92317173180125,848,478,156.8586919208442,151.95129478215912,172.2264303308141,170.29936786853585,93.17354800883678,90.64394288261099,4.435455409030033
person_13.mp4,front,483,8060,59.92317173180125,848,478,153.78801028553403,150.0280597405143,172.32285847891958,170.16920114115933,91.50483064261576,89.39310869473731,4.277059641111306
person_13.mp4,front,484,8077,59.92317173180125,848,478,151.1248904901238,147.75407954830897,172.28851839868105,169.39605933021514,90.8011572916848,89.70174730018833,3.4260967111729714
person_13.mp4,front,485,8094,59.92317173180125,848,478,152.4431542473983,148.62442018182608,172.29122638245096,168.51667228789975,91.33808436787531,89.88445884788499,4.61322214928737
person_13.mp4,front,486,8110,59.92317173180125,848,478,148.80988686969494,145.22605356532924,172.11147090436413,167.7544477428587,89.49511016723311,88.69289843778023,3.8637725156376046
person_13.mp4,front,487,8127,59.92317173180125,848,478,151.42357219914203,148.95677245126953,172.66012228243352,169.7043887629468,90.75573510547561,90.0014705849559,3.640191836423741
person_13.mp4,front,488,8144,59.92317173180125,848,478,154.0677276775508,150.760161970534,173.48667170743897,170.48005003656417,91.67687475639639,90.32168078463626,3.6948430625284283
person_13.mp4,front,489,8160,59.92317173180125,848,478,154.4741161576085,151.0551276128813,173.40290617390772,170.0221460061886,91.83392949024324,90.46144433493849,4.2131601149076925
person_13.mp4,front,490,8177,59.92317173180125,848,478,155.06451971632794,150.69799877674774,173.5323400873292,169.99309753619806,91.30940312470331,89.91653654107458,5.053573722620091
person_13.mp4,front,491,8194,59.92317173180125,848,478,156.41633426540722,150.6016923715035,173.88854545715273,169.8851297776955,90.62831461264145,89.26367818403251,5.047175471239921
person_13.mp4,front,492,8211,59.92317173180125,848,478,152.14295048638414,148.6952827967649,173.6711484802735,169.8328542625182,88.70281385784975,87.94506922353594,4.889795513931288
person_13.mp4,front,493,8227,59.92317173180125,848,478,152.7550240772626,149.54434207865955,173.71640107077127,170.16614245018414,89.19272801184226,88.51520486169116,4.6788656214908215
person_13.mp4,front,494,8244,59.92317173180125,848,478,154.3795225792281,151.08991728055625,173.41690608284094,170.55728716821483,90.27852408187549,89.55997866407648,5.5310640614212865
person_13.mp4,front,495,8261,59.92317173180125,848,478,157.93183089875666,152.54192472932408,173.90236576283638,170.03856220068957,91.6739745372275,89.95013996035686,6.409564208798696
person_13.mp4,front,496,8277,59.92317173180125,848,478,156.5398732928382,152.38899320225218,173.60173651987338,170.0620153618568,90.93286677400684,89.92554381704093,6.685491590217623
person_13.mp4,front,497,8294,59.92317173180125,848,478,158.07272070231483,153.0778577310773,173.61835064223524,169.49844457524642,91.64327321017717,90.20692772200374,7.49658380182638
person_13.mp4,front,498,8311,59.92317173180125,848,478,158.5801873714081,153.8533392539771,172.82788938481752,169.65263924472927,91.84746492658653,90.53068875965184,8.696312455289897
person_13.mp4,front,499,8327,59.92317173180125,848,478,160.0088535343523,153.71970034376835,173.6012320322802,169.27319719308383,91.83010105780741,90.39409790351841,8.8873927271912
person_13.mp4,front,500,8344,59.92317173180125,848,478,159.10407257694905,153.9950991407641,173.42982414505897,169.964303870506,91.86413104023937,90.74867400596901,8.209971699728223
person_13.mp4,front,501,8361,59.92317173180125,848,478,159.0806120385684,153.56515952498535,172.68881211741984,168.18782320356127,91.39415411055326,90.04962166234372,10.345389328016491
person_13.mp4,front,502,8377,59.92317173180125,848,478,156.2395088149769,152.01317718657955,172.64693117009276,168.11677412288034,89.89413301996147,88.99665383849494,9.784993165359968
person_13.mp4,front,503,8394,59.92317173180125,848,478,155.7293407910101,151.32528336835483,172.6643891603735,168.49643683451072,89.67970835615614,88.6264209877678,9.279017417368209
person_13.mp4,front,504,8411,59.92317173180125,848,478,157.32353254357335,152.1557782217036,172.63940272393555,168.00647275625684,90.43677090049685,89.0346958686697,9.998219675857566
person_13.mp4,front,505,8427,59.92317173180125,848,478,156.46622704524233,151.86588122679825,172.44601342842836,168.10055076297377,89.8148556431384,88.68872367390375,9.8764603731843
person_13.mp4,front,506,8444,59.92317173180125,848,478,156.30062685926683,151.66653843639997,172.29945151689878,167.90320615247134,89.99331663018296,88.9079386628268,9.794515627748064
person_13.mp4,front,507,8461,59.92317173180125,848,478,156.5807424901512,151.47929985178433,172.40960997814906,168.1016386084037,90.30799750077506,88.91059072760669,9.4128836733599
person_13.mp4,front,508,8478,59.92317173180125,848,478,156.27816875129523,151.098886413396,172.16142067348594,167.5989634737241,90.16061941632861,88.52468840190427,9.700386722209316
person_13.mp4,front,509,8494,59.92317173180125,848,478,156.44560421699563,151.04568608620633,172.11489935292957,167.81425878125557,90.1356502978249,88.48219062065962,9.432558433866964
person_13.mp4,front,510,8511,59.92317173180125,848,478,156.94456547812987,151.06025514676904,171.73602934319177,167.38267624723645,90.39478659353722,88.45756949276591,9.96652594496531
person_13.mp4,front,511,8528,59.92317173180125,848,478,157.57384370054254,151.66905352542076,171.51063166872154,166.1171019666387,91.10513047756889,89.52836629384736,10.71097875754293
person_13.mp4,front,512,8544,59.92317173180125,848,478,155.87468769147787,148.66485550317358,172.60633182766364,167.58168721511493,91.38474464239614,89.39122794920722,6.431065077886974
person_13.mp4,front,513,8561,59.92317173180125,848,478,157.97982621316564,149.66356298570366,172.24758727656783,167.5096227544313,93.37670633773342,90.78074359550651,6.582788258362666
person_13.mp4,front,514,8578,59.92317173180125,848,478,158.20708851750138,149.72818630352018,172.30661612886368,169.50217227135752,95.00192912831179,92.62484498016833,3.7309474156442017
person_13.mp4,front,515,8594,59.92317173180125,848,478,152.38861815394318,143.3101026317998,171.88853899335078,168.22112706795446,93.05741837608925,91.2966028190414,1.638288029028849
person_13.mp4,front,516,8611,59.92317173180125,848,478,151.20447746238804,141.20997526518605,171.79716960029813,166.9031021861047,92.78803369571878,91.36086579395598,1.7183741608848933
person_13.mp4,front,517,8628,59.92317173180125,848,478,150.10582171988906,140.4892562818602,171.36850126759927,167.9754415077094,92.97649020910318,90.80784771540944,2.675947422350479
person_13.mp4,front,518,8644,59.92317173180125,848,478,150.52972384010684,140.85854680340083,170.82010075597898,166.1768285539542,93.26818969610028,90.94976878747299,1.6112810894540812
person_13.mp4,front,519,8661,59.92317173180125,848,478,148.43351687160865,137.96085799281684,170.31654369652367,164.69182239358702,91.93449905982506,89.21063062502381,1.6392671468703905
person_13.mp4,front,520,8678,59.92317173180125,848,478,146.92363189546884,135.76572056888654,169.92338062530195,163.59962793147236,91.99343085958579,90.21021612634,1.7414332567944328
person_13.mp4,front,521,8694,59.92317173180125,848,478,147.2210001079468,136.50605824855683,168.75377482139564,163.82383192937996,91.7339509929329,89.95200290000325,1.916938476930492
person_13.mp4,front,522,8711,59.92317173180125,848,478,145.13221040383127,133.44599968395923,168.1000672083271,161.15775374845936,90.69883551844858,89.88412769534506,2.1837545805834644
person_13.mp4,front,523,8728,59.92317173180125,848,478,145.5333863034654,132.08954954902126,168.17459266751555,160.124562623401,92.40194337731704,89.5815574604312,2.3245055085470723
person_13.mp4,front,524,8745,59.92317173180125,848,478,143.5549197168812,131.61112142449025,166.85312995362742,158.2013197305841,91.58959215670173,90.18421248388249,4.1620771195966935
person_13.mp4,front,525,8761,59.92317173180125,848,478,142.92877712718732,132.27494830543705,166.58267531512973,158.57896042968434,90.68374549228591,91.71590656447474,4.379357651681713
person_13.mp4,front,526,8778,59.92317173180125,848,478,142.09541457510633,131.43594869635746,166.10915727683678,158.07595846881716,89.69118608589972,92.98755953412764,4.827226370890957
person_13.mp4,front,527,8795,59.92317173180125,848,478,138.53683961409678,127.49534392883183,166.8275444732375,159.4103278599845,87.68836987256095,90.75851813684984,1.9033439510966004
person_13.mp4,front,528,8811,59.92317173180125,848,478,136.89531333580524,121.67974496951547,167.1187543085149,157.5359502293302,89.12569059439166,90.20601485038864,2.1230780895905985
person_13.mp4,front,529,8828,59.92317173180125,848,478,132.59143329572436,118.76786615944766,167.03415310484584,157.39035431824232,87.3297196834971,90.05744100090627,3.29781557334741
person_13.mp4,front,530,8845,59.92317173180125,848,478,130.27556202586115,117.64126959619428,167.39666341835965,157.55304144600194,85.77703626881446,89.1900233946307,4.451648681787472
person_13.mp4,front,531,8861,59.92317173180125,848,478,128.82701142208748,116.03071337251805,166.890334155303,157.35152886261068,87.8206304237025,89.62604695350727,6.852720256943131
person_13.mp4,front,532,8878,59.92317173180125,848,478,127.43044929581609,113.66439287673953,166.5519531668391,156.08418497561348,86.6573695610833,88.01227786252771,6.867089719163361
person_13.mp4,front,533,8895,59.92317173180125,848,478,117.58003592197896,101.46190290293407,165.8692712699924,153.11840237119083,82.36708079287973,83.76822487802376,11.305160670054008
person_13.mp4,front,534,8911,59.92317173180125,848,478,118.80709987613375,106.13309987447822,163.74020559906057,152.04894868756526,84.23359627502286,86.22894525991175,8.454304129378766
person_13.mp4,front,535,8928,59.92317173180125,848,478,113.466664610998,99.61895347521875,161.82188314341164,146.8356224933773,82.0762796945909,83.82671767843472,8.082032796305642
person_13.mp4,front,536,8945,59.92317173180125,848,478,100.20371588408958,89.9833785584307,143.45118008024892,125.1421351260808,76.01834310650403,77.59340201161169,7.4550663802598445
person_13.mp4,front,537,8961,59.92317173180125,848,478,93.70994038671168,86.40281093961168,136.4629773594686,120.98377813232648,75.5777495780427,76.96371933904749,6.690794872813866
person_13.mp4,front,538,8978,59.92317173180125,848,478,91.80916148825766,85.37897716375531,133.09838778898742,120.15376463541791,77.43991495794234,77.61337424439367,4.474069797612196
person_13.mp4,front,539,8995,59.92317173180125,848,478,85.09295662174291,83.84186485185836,131.459066608433,121.2592756558009,75.05866113938478,76.44632793096768,2.454878202766843
person_13.mp4,front,540,9012,59.92317173180125,848,478,84.45442073444481,82.11945073526645,127.17516039912816,115.45914433816695,75.49497448275915,76.31362477313671,4.1510914800299785
person_13.mp4,front,541,9028,59.92317173180125,848,478,78.42403898765953,79.46169015678728,120.28129269396575,111.55552517041305,72.71267332241781,74.7605576823546,6.09685713036801
person_13.mp4,front,542,9045,59.92317173180125,848,478,79.94281498454856,78.93451901284865,119.83557552663508,108.32774030878478,74.74281828487196,76.31746032970949,7.78985867168483
person_13.mp4,front,543,9062,59.92317173180125,848,478,79.67362900097504,79.12229409856874,116.81246407853455,107.54299158842163,76.10498382097066,77.13438275942893,6.697515209190043
person_13.mp4,front,544,9078,59.92317173180125,848,478,84.39702236016187,82.93559743474991,119.43800260437578,119.2926774785797,81.23003721873307,80.72272164608843,1.9795749496685875
person_13.mp4,front,545,9095,59.92317173180125,848,478,77.31321336514794,76.59697929569279,118.40776203556361,118.19086967313186,77.16361796006429,77.69491219490733,3.332699162800892
person_13.mp4,front,546,9112,59.92317173180125,848,478,73.22406560965764,72.5871100956171,109.18020171541886,107.38488649528482,73.42752265031051,74.5837693017231,7.256078984087417
person_13.mp4,front,547,9128,59.92317173180125,848,478,63.620248443517305,64.37822201666572,89.71659211188062,88.07418817571379,65.48198763985745,67.90764087233559,24.658300938392564
person_13.mp4,front,548,9145,59.92317173180125,848,478,56.59931797844439,58.11137750154949,68.9190603306399,68.58101788954559,59.77302390735059,62.67606606712364,43.587970265979905
person_13.mp4,front,549,9162,59.92317173180125,848,478,62.08575038803951,62.29257356820711,78.96099923589807,78.3714068888657,66.44553427953363,67.78841379718438,32.74190375002756
person_13.mp4,front,550,9178,59.92317173180125,848,478,62.659249955328406,62.93875721865802,79.17404529222945,79.80650395412718,68.2603873251972,69.84340319880884,31.253162814467053
person_13.mp4,front,551,9195,59.92317173180125,848,478,56.65783551236849,57.689727815753656,64.20804302183153,65.1921804990739,63.19251905835211,65.37248145010247,45.005433977538836
person_13.mp4,front,552,9212,59.92317173180125,848,478,57.30428702454213,58.24140086551752,63.36517242824732,63.786351706237916,63.841143030120236,66.19855074609451,45.57151187395255
person_13.mp4,front,553,9228,59.92317173180125,848,478,53.0143310542546,54.13718987842598,55.18879617607115,55.961575195264686,60.37196355859041,62.953893471080875,52.18287024430665
person_13.mp4,front,554,9245,59.92317173180125,848,478,52.36769408548406,53.14213465898478,54.35804354231327,55.46291492780475,59.7655054048904,62.33736815884544,52.24823618382504
person_13.mp4,front,555,9262,59.92317173180125,848,478,51.51643889844972,51.90949575617415,53.024882817880915,53.64099400732179,59.47012504858187,62.22825258836929,53.19648188982307
person_13.mp4,front,556,9279,59.92317173180125,848,478,53.20499781076629,53.116760974480016,52.18714600090034,52.66930991982461,61.0731130660082,63.75703283671349,53.87995240997945
person_13.mp4,front,557,9295,59.92317173180125,848,478,51.61451588711111,51.971406189639296,51.60308236914473,52.49880578522772,60.800483056833556,63.50810694288896,52.96819297509928
person_13.mp4,front,558,9312,59.92317173180125,848,478,53.647949651391045,53.49984012889577,55.54920049739948,55.43013820412773,63.22469677368421,66.08819960560798,49.10893432091189
person_13.mp4,front,559,9329,59.92317173180125,848,478,52.19218387751897,52.939836191074164,52.68491767684102,52.855549715569786,62.337183319030395,65.81260277174103,51.2808497929543
person_13.mp4,front,560,9345,59.92317173180125,848,478,51.39243635332215,51.959365741979006,51.33663739791627,50.92357376924737,62.108919344904734,65.95593440788946,52.25811287540769
person_13.mp4,front,561,9362,59.92317173180125,848,478,50.34288602829202,50.55755727910678,52.50233465807041,51.514878284488006,61.97802567789316,65.86097264744275,50.77769952987979
person_13.mp4,front,562,9379,59.92317173180125,848,478,51.71132600373198,50.923610606904255,56.22517723113647,56.31449076785463,64.51669006344521,68.33160386729477,45.605643016938565
person_13.mp4,front,563,9395,59.92317173180125,848,478,48.82640380814654,48.70717230941119,52.77523841720774,52.292779291839075,62.803380232013936,66.98288165437543,48.589229375369044
person_13.mp4,front,564,9412,59.92317173180125,848,478,49.58819633948904,48.7287838114476,52.503117207766394,52.26938941178207,64.36057260314469,68.27650527790188,48.34383035561547
person_13.mp4,front,565,9429,59.92317173180125,848,478,48.480603237542034,47.86429008165312,52.481408348840986,51.83596075317376,64.17510722690898,68.29184683450485,47.91705212087325
person_13.mp4,front,566,9445,59.92317173180125,848,478,48.128424004527595,47.54383559130872,58.033225599372635,56.82511392941697,63.52122867499888,68.52091458160601,42.38471459134211
person_13.mp4,front,567,9462,59.92317173180125,848,478,47.567614360202626,47.02576269157321,57.941282524118314,56.48813052540984,69.76626237925292,72.11105753722985,42.1355559388062
person_13.mp4,front,568,9479,59.92317173180125,848,478,49.17842861796995,48.73289897035016,59.34658935360682,58.145238891064054,70.24341407617929,74.24788484672695,40.15233686059715
person_13.mp4,front,569,9495,59.92317173180125,848,478,47.96209547182112,47.20329262534737,65.43793762346303,63.185751482679436,69.71165134889958,73.97522125853052,33.86960590165255
person_13.mp4,front,570,9512,59.92317173180125,848,478,46.89844098996446,46.660197189914626,63.08742060723484,61.8195170123977,70.17670693813983,74.84598980019543,35.32794647861359
person_13.mp4,front,571,9529,59.92317173180125,848,478,46.38927899309219,45.91269775956228,58.68912086353778,58.78074084801049,72.54009386604871,75.21976316650732,38.51925818024182
person_13.mp4,front,572,9546,59.92317173180125,848,478,44.71222916848834,43.94561935320989,57.6897574101279,56.8990013135706,71.4159119752049,75.58717871950303,40.13426535231699
person_13.mp4,front,573,9562,59.92317173180125,848,478,45.28066785773816,44.03283573864919,57.27960685967097,56.58718368722186,71.77086877896022,76.10850524354451,40.33155703521513
person_13.mp4,front,574,9579,59.92317173180125,848,478,44.187341196935705,43.00074458061046,52.78917517712753,51.86296440589575,69.94937934663183,74.46218106476663,44.78099529911509
person_13.mp4,front,575,9596,59.92317173180125,848,478,44.35610231342144,42.78340025924489,51.495491094606756,50.5311426558274,69.15511048742309,73.62482718393368,46.094315018754536
person_13.mp4,front,576,9612,59.92317173180125,848,478,43.79494576221804,42.436059468409375,51.94635866179328,51.18213587537286,70.27111187414145,74.27986629992174,45.622977023825435
person_13.mp4,front,577,9629,59.92317173180125,848,478,43.76786897016245,42.272615639281724,49.48851125776422,48.444481147441955,68.8370649041006,72.98495121473177,48.238698084321
person_13.mp4,front,578,9646,59.92317173180125,848,478,44.03075205297003,42.390653960666555,50.46145087656631,49.00568754384879,69.90997845317959,73.21401455304309,47.51738934991009
person_13.mp4,front,579,9662,59.92317173180125,848,478,44.28173334763785,42.74873622594461,51.16471628300127,49.77286304778419,69.94466555798262,73.70360764998294,46.91907628053423
person_13.mp4,front,580,9679,59.92317173180125,848,478,45.86150766431772,44.66769843840669,56.70826665572002,55.871964354494224,70.76605556616764,75.63246237957402,41.375897012459696
person_13.mp4,front,581,9696,59.92317173180125,848,478,45.00475802087704,43.18739127706444,52.08216853180359,50.921127734002155,69.65373302626986,73.39010360099371,46.34434775951313
person_13.mp4,front,582,9712,59.92317173180125,848,478,45.188178519110245,43.84269444427292,51.086955095704326,50.49639721150707,69.71607160089049,73.6855615572099,47.25019150944492
person_13.mp4,front,583,9729,59.92317173180125,848,478,45.24819744704016,44.3252937860338,51.51261015847829,51.09067236126335,70.03735119193038,73.68848117808368,46.863656537247756
person_13.mp4,front,584,9746,59.92317173180125,848,478,45.547590596653954,44.81821750176061,52.249365674305764,51.924134306591654,69.8841275416963,73.87683219424103,46.264321155896035
person_13.mp4,front,585,9763,59.92317173180125,848,478,46.15967646890549,45.20782150211997,57.05978785223767,56.57372406320173,70.22775453176445,74.21961266789337,41.600124368693216
person_13.mp4,front,586,9779,59.92317173180125,848,478,47.11695958321966,45.72179518365756,56.48977782727131,56.14403494919369,69.65601687648733,74.20694175442529,42.13549947871395
person_13.mp4,front,587,9796,59.92317173180125,848,478,48.40111324636899,46.47916435003566,65.01742860682367,63.81991851895576,70.3577283705758,74.51096733113766,34.11729952754972
person_13.mp4,front,588,9813,59.92317173180125,848,478,49.42582636358295,47.55280165782866,62.42656640031688,61.05407546690731,70.27643429415936,74.42920902097387,37.11627701837355
person_13.mp4,front,589,9829,59.92317173180125,848,478,50.46207740013035,49.899518198902285,60.650773738173,59.842466958601925,70.57452339037488,75.30077208783933,38.98098648130756
person_13.mp4,front,590,9846,59.92317173180125,848,478,49.32253107847492,49.58393113817644,56.40455192952614,55.848044221679615,68.1021060811095,73.72278048106503,43.742509004502836
person_13.mp4,front,591,9863,59.92317173180125,848,478,49.74445399239199,49.4691465178598,56.98530376323509,56.002724463563766,67.49725296420252,72.93738926803483,43.977303110232135
person_13.mp4,front,592,9879,59.92317173180125,848,478,49.317935429838705,49.45007825165098,55.59729564146143,55.021079177165134,65.89175071177782,71.5246286565351,45.63101587115463
person_13.mp4,front,593,9896,59.92317173180125,848,478,49.36000232089845,49.30767781725444,56.23351157486671,55.053790705945616,65.47084555363486,70.58349171259304,45.805606627002845
person_13.mp4,front,594,9913,59.92317173180125,848,478,49.02890504170833,49.12478027320095,56.328989524333046,54.750256249796216,63.606671013105874,69.43812733833953,46.38434754716924
person_13.mp4,front,595,9929,59.92317173180125,848,478,47.3319942507567,47.80979991214866,50.36151683794765,49.35360622630416,59.838142560160065,66.84700893721168,52.66172235851363
person_13.mp4,front,596,9946,59.92317173180125,848,478,47.129193334149285,47.751082587262594,51.840480824699014,51.26608097474668,59.37726844013244,64.7889116074698,51.32501037397802
person_13.mp4,front,597,9963,59.92317173180125,848,478,48.332554955768,49.351805442924544,55.192326449127656,54.66284681933603,59.029733498448365,65.96395323576854,48.896054692827306
person_13.mp4,front,598,9979,59.92317173180125,848,478,51.66125590385203,51.73005515824364,56.56110673402678,57.64651516655253,61.2360791382809,66.34799496088019,47.540957275623256
person_13.mp4,front,599,9996,59.92317173180125,848,478,54.53821699686042,54.398376515590186,57.61138120851239,58.59522350728043,63.285479002627234,67.29508585057489,47.092954164817435
person_13.mp4,front,600,10013,59.92317173180125,848,478,59.87203374904585,60.06791799477727,67.24184437721168,69.42775406356796,68.61017924238493,72.14340178396996,38.323859690177336
person_13.mp4,front,601,10030,59.92317173180125,848,478,62.52253778318318,62.563052964367216,63.34021764330764,67.531238530191,69.53906867918975,72.46508683612328,42.684786495374496
person_13.mp4,front,602,10046,59.92317173180125,848,478,61.54367585942047,62.5636551770771,61.789075734937825,64.336134578377,66.69078918553717,71.11439136597461,46.24399045541016
person_13.mp4,front,603,10063,59.92317173180125,848,478,65.28381655007314,66.1885439873108,70.19822048128043,73.06793908305032,70.10751603866848,72.9474539133577,39.18512802548674
person_13.mp4,front,604,10080,59.92317173180125,848,478,69.60741611284183,69.28491743561445,86.44469586321222,88.90529368468759,72.95011697266874,73.51833330196368,24.12819938259225
person_13.mp4,front,605,10096,59.92317173180125,848,478,70.56124063742966,70.1257218330252,84.49773852728678,86.18091639043989,71.45215751280423,73.15007040285485,27.827169447063607
person_13.mp4,front,606,10113,59.92317173180125,848,478,68.35872604640164,68.4920790688926,85.5210559278757,86.9982800462584,69.39355235539065,69.37516018714715,27.950720379029406
person_13.mp4,front,607,10130,59.92317173180125,848,478,70.93957375984127,71.46631486304786,92.72666766493948,93.48403650743573,69.96388449482029,71.40816511672331,21.400357172401467
person_13.mp4,front,608,10146,59.92317173180125,848,478,70.78191170225266,72.32242547081798,82.70677000220573,82.65232960106816,69.73131419776551,71.62099657836198,32.227167862528496
person_13.mp4,front,609,10163,59.92317173180125,848,478,72.84181500329957,72.85206426724197,77.7653798336662,78.21588160388886,71.2974413425224,72.2261646126753,37.17970350288157
person_13.mp4,front,610,10180,59.92317173180125,848,478,78.47959699052367,77.51564141694924,106.78587850961044,105.65702258874626,76.21410684753192,76.61570968537048,9.718748736637536
person_13.mp4,front,611,10196,59.92317173180125,848,478,79.34887275401117,78.22411831099967,94.87709149934793,94.62643682174367,76.39242689120005,76.6705692567091,21.558466033540306
person_13.mp4,front,612,10213,59.92317173180125,848,478,88.5900066472601,82.28767382445926,113.59472881636376,109.70131492778891,80.59548758465799,79.98406994812906,7.3925741645195835
person_13.mp4,front,613,10230,59.92317173180125,848,478,99.86886149937084,92.12634814763841,132.1335302541923,126.82041449666663,88.94259993122107,86.61774592185105,7.651444725325771
person_13.mp4,front,614,10246,59.92317173180125,848,478,101.30274485450924,94.43686588144168,118.50966833875339,114.38205509414757,89.03397974730858,87.47977793996749,7.244747116828719
person_13.mp4,front,615,10263,59.92317173180125,848,478,105.45202211288603,98.61787534111936,133.4096681197602,125.10797288230543,92.93097710757644,90.03512654763122,5.828677249929583
person_13.mp4,front,616,10280,59.92317173180125,848,478,113.26172379497837,104.07287668214416,151.21506828331127,141.26350855646254,97.40484531249719,93.19352335603584,19.103855697900883
person_13.mp4,front,617,10297,59.92317173180125,848,478,113.79369555749597,103.3159255893488,146.42148674017557,138.11506823435204,94.41148347551717,89.52998434460976,11.527758900323978
person_13.mp4,front,618,10313,59.92317173180125,848,478,110.72903941550273,103.72627862662266,137.63790144371558,127.31839233417996,92.58533429338638,89.28493996810369,2.0123295028025665
person_13.mp4,front,619,10330,59.92317173180125,848,478,110.39216534523001,102.70736196791113,132.91260222453604,124.61787912391033,90.86735976289361,87.05165735700088,5.559337267925903
person_13.mp4,front,620,10347,59.92317173180125,848,478,109.25967062153528,99.7214770861158,135.90291890565743,120.98423557505006,84.20406197513749,82.11235771567118,12.256982744878146
person_13.mp4,front,621,10363,59.92317173180125,848,478,118.13613762360212,104.64140281092972,141.56187512649163,121.87464997116612,87.08630889763499,83.86407719964646,14.87698069216479
person_13.mp4,front,622,10380,59.92317173180125,848,478,120.36474712698592,106.68062085313872,144.75671763507498,123.53156899455921,85.39929908377486,82.52975047689442,15.683354122837404
person_13.mp4,front,623,10397,59.92317173180125,848,478,126.01372474201268,112.68086930889339,161.38790822580643,145.68241627559962,90.83888693952302,86.07632783120148,5.754420936140908
person_13.mp4,front,624,10413,59.92317173180125,848,478,137.71656916259792,120.3754328934404,167.92940076407058,157.3101748212668,92.57418890886342,87.14818057899441,8.07421565120912
person_13.mp4,front,625,10430,59.92317173180125,848,478,135.2482218793933,122.44418303480218,169.2358425602431,163.96948707018595,89.27142796170226,85.92322154391628,11.398762336919972
person_13.mp4,front,626,10447,59.92317173180125,848,478,139.24743178437103,126.02787902495638,169.08264650020107,166.17275848875516,90.49618532272913,86.60564365620516,11.880002604374107
person_13.mp4,front,627,10463,59.92317173180125,848,478,140.62467792004094,129.21215157578604,169.35920764313062,168.29165699513928,91.74909329728526,88.36866674016491,12.725630106392492
person_13.mp4,front,628,10480,59.92317173180125,848,478,145.5516901008653,133.44809849378066,168.72088221707722,169.6893111149978,94.0478139463169,89.95003281524633,13.273851212689822
person_13.mp4,front,629,10497,59.92317173180125,848,478,144.75567872181645,133.17855566085598,168.79719871114787,169.0537382445483,92.81203686638302,89.05351511414062,12.480003812848041
person_13.mp4,front,630,10513,59.92317173180125,848,478,152.84728874817324,139.30879001208808,168.38932406391038,169.37310248352318,95.6568708001536,91.0739790266269,8.290162473484447
person_13.mp4,front,631,10530,59.92317173180125,848,478,149.75108430492068,139.26863132139968,170.0870135535295,168.3312408476655,93.29026687395285,89.72822199686759,5.283002207175284
person_13.mp4,front,632,10547,59.92317173180125,848,478,148.4865573212483,139.4304299259924,170.38650890942247,168.9165614861609,92.36659638396449,89.0013191765845,5.860461081062709
person_13.mp4,front,633,10564,59.92317173180125,848,478,151.97901861470626,144.9973153336082,170.26722690831255,171.03467172039794,93.57784366682303,90.24209581297868,5.9315791669779045
person_13.mp4,front,634,10580,59.92317173180125,848,478,146.23245887198843,141.48730057823622,170.78140461426298,171.1327665617486,91.28015629563531,89.10919904141011,6.924837804437376
person_13.mp4,front,635,10597,59.92317173180125,848,478,152.16553059492296,144.93313718656114,170.07535202539736,171.87416878639056,93.28920786085321,90.23855753955795,6.490682335231664
person_13.mp4,front,636,10614,59.92317173180125,848,478,153.3834039380612,146.42611187374433,170.01120481907526,172.1371174483362,93.05337754429087,89.74228434595979,5.622738781992109
person_13.mp4,front,637,10630,59.92317173180125,848,478,156.28989625713453,149.39520849990157,169.661267444485,172.41482125841475,94.18662079245523,90.64117748260765,5.004661337791365
person_13.mp4,front,638,10647,59.92317173180125,848,478,159.21089756731755,154.44918005900666,171.08345051599247,171.54862768915288,95.59613126512586,91.99790600560232,3.879417015582896
person_13.mp4,front,639,10664,59.92317173180125,848,478,160.55005974580098,154.01556070218828,171.6140412208503,171.3364894159756,94.53598434193614,90.66022162011542,3.99038141951146
person_13.mp4,front,640,10680,59.92317173180125,848,478,160.91887114442727,154.43297312301755,171.70779828170816,171.16977291769967,95.7884999973099,91.99413596150744,3.45548709645836
person_13.mp4,front,641,10697,59.92317173180125,848,478,163.10024284096747,154.29929647396733,171.60717109433315,170.6623734892929,95.53936035340254,91.10179287872155,4.52962058148736
person_13.mp4,front,642,10714,59.92317173180125,848,478,160.26006336733786,153.09630889437796,172.06378110171835,170.8528788070715,94.17204587904729,90.51632534158915,4.626701913152793
person_13.mp4,front,643,10730,59.92317173180125,848,478,161.22132762016525,154.1061444905059,172.05196319766995,171.03892624296003,94.63162269503839,91.28908212345435,4.280442065232334
person_13.mp4,front,644,10747,59.92317173180125,848,478,160.97556841811962,155.10668274680415,172.3009884049175,171.74014145877277,95.27037479893919,92.08059197872169,4.406353778115968
person_13.mp4,front,645,10764,59.92317173180125,848,478,160.27981730068004,155.5598410158164,172.46240523781108,171.72167272179817,95.57119573631388,92.77651619647699,3.985733366855097
person_13.mp4,front,646,10780,59.92317173180125,848,478,161.33344338749993,155.7333553048595,172.4754776591346,171.88310515089304,95.87189232780922,92.9251147000158,3.7144277449459975
person_13.mp4,front,647,10797,59.92317173180125,848,478,160.25987655978352,154.5052926967175,172.73712752198097,171.20440145329127,94.53186500802288,91.91622650036811,4.623921656040501
person_13.mp4,front,648,10814,59.92317173180125,848,478,158.20467479668616,151.94209067091694,172.88047041489483,169.68846759825536,91.49011335659091,89.71378966765484,5.330917510694093
person_13.mp4,front,649,10831,59.92317173180125,848,478,158.1792794414007,153.08652856362946,173.03112604864924,170.33992671094398,92.70359889566575,90.85296258132075,4.914327000164629
person_13.mp4,front,650,10847,59.92317173180125,848,478,158.22499279151566,152.84299852059613,173.16572560828473,170.7501657193284,91.72928238860452,89.97069983939383,4.949291112193351
person_13.mp4,front,651,10864,59.92317173180125,848,478,158.488210969451,152.57095905575488,173.17935789950786,170.76473454609953,92.15193846430522,90.04477673185025,4.738409241630123
person_13.mp4,front,652,10881,59.92317173180125,848,478,159.14812641604317,153.41387761017506,173.25903619778092,171.0213233086435,92.6642367302361,90.54924341026803,4.501356567400561
person_13.mp4,front,653,10897,59.92317173180125,848,478,159.3949181692422,153.4626080211098,173.4204467984782,170.12822525604128,92.1601668511382,90.33736221220789,6.304945220005
person_13.mp4,front,654,10914,59.92317173180125,848,478,160.2195076959533,154.29907756636092,173.4610828143197,170.46205460828122,92.95984178955388,90.91463915949404,6.157654794514075
person_13.mp4,front,655,10931,59.92317173180125,848,478,161.0457769298428,153.86437809929777,173.46278558577205,170.26034084988368,92.87251566875433,90.41786473793506,6.23890113698617
person_13.mp4,front,656,10947,59.92317173180125,848,478,160.3866527628958,153.68616969242018,173.53679764490568,170.4401794582045,92.3709326686245,90.22888142746493,6.520395613975461
person_13.mp4,front,657,10964,59.92317173180125,848,478,159.74920918316997,152.9367682724552,173.5408410940844,170.4140773115812,91.80743596172738,89.85318517959156,6.189520505834354
person_13.mp4,front,658,10981,59.92317173180125,848,478,160.00849189076575,153.4171790023562,173.59546232171456,170.53321260358268,92.09690125066223,90.14995673113569,6.471748938000102
person_13.mp4,front,659,10997,59.92317173180125,848,478,160.79451961154106,153.36060418731952,173.5851887897002,170.51482260905325,92.5385108963029,90.26625389611837,6.202822843535147
person_13.mp4,front,660,11014,59.92317173180125,848,478,160.73436230346877,153.20578088366076,173.6135633567565,170.3752384955353,92.75152561007147,90.49682357870178,6.053710653996701
person_13.mp4,front,661,11031,59.92317173180125,848,478,161.0775199999664,153.1350191608381,173.54112999698282,169.8883032723948,92.41463276223264,90.4966367122132,6.292871992398937
person_13.mp4,front,662,11047,59.92317173180125,848,478,162.2119275893675,153.4874523412155,173.45897897793853,170.8278244574423,93.48276196524688,90.83520448875737,5.053501454624683
person_13.mp4,front,663,11064,59.92317173180125,848,478,163.5983067946666,153.96995734167876,173.51712479683678,168.9055942998313,94.81185162101741,91.1072245116079,6.909542581489019
person_13.mp4,front,664,11081,59.92317173180125,848,478,163.04295623076797,153.9090914486983,173.3170026970461,170.23877344229584,94.62114983086445,91.1023478757768,5.024146886174387
person_13.mp4,front,665,11098,59.92317173180125,848,478,163.88043251798823,154.38343297116262,173.33193255207414,170.1534372065434,95.81734991433149,91.7505257990979,5.260908694206207
person_13.mp4,front,666,11114,59.92317173180125,848,478,164.25779919780436,155.03616379390945,173.2265074100435,170.10526873928256,96.5628328877201,92.43552526166293,5.939737905930912
person_13.mp4,front,667,11131,59.92317173180125,848,478,164.49243219863482,155.77300460973171,173.09345388578382,169.92439322772438,97.78475505284709,93.69110852506095,5.85992521228034
person_13.mp4,front,668,11148,59.92317173180125,848,478,159.48794581927189,152.18393301924687,172.864897191201,170.24438622624479,95.92340469754453,93.08490474635585,3.2847835463858495
person_13.mp4,front,669,11164,59.92317173180125,848,478,158.43539274938576,149.87149056593728,172.62135788327657,168.8872883309004,95.69724930354911,92.88968163659176,3.1357446449270614
person_13.mp4,front,670,11181,59.92317173180125,848,478,150.85912769879252,141.84318675662277,172.57914729899412,167.80708995295322,92.95628058617335,90.77911805623711,2.0242407062170624
person_13.mp4,front,671,11198,59.92317173180125,848,478,150.97092558922367,142.4392934711377,172.4425756384728,167.8384574538087,93.94668120433352,92.02738409276336,2.1223105807710563
person_13.mp4,front,672,11214,59.92317173180125,848,478,152.2103725340923,142.07256599583997,172.3200572221233,166.7126631649875,94.8333897920975,92.81310355734031,1.720089137746737
person_13.mp4,front,673,11231,59.92317173180125,848,478,152.5868806747912,141.9495528066618,172.09425895416268,166.64205854334043,95.10266162851246,93.17635162776185,2.160578988053179
person_13.mp4,front,674,11248,59.92317173180125,848,478,150.38673285181196,139.3987987603855,171.70060095036266,165.82145985944948,94.31373689429239,92.24271704416005,2.822050174760862
person_13.mp4,front,675,11264,59.92317173180125,848,478,150.83634267116736,137.10250162465445,171.33126690109847,164.2542025142316,94.3344908116943,91.15539065886952,2.338919653153567
person_13.mp4,front,676,11281,59.92317173180125,848,478,150.5928256758659,137.88229789951552,171.03677759473956,167.1847740335768,94.78278622708316,91.45814575180952,5.092463231064197
person_13.mp4,front,677,11298,59.92317173180125,848,478,149.62535239288542,134.69950813884898,170.60036797832825,165.79822233025752,94.10539707447603,90.9180627794303,5.5057852052994765
person_13.mp4,front,678,11314,59.92317173180125,848,478,146.87306843667793,133.6891590907029,170.0744782500854,167.3568363047287,94.25321861056558,91.9774837132957,8.764058054180857
person_13.mp4,front,679,11331,59.92317173180125,848,478,144.18315170731697,131.15923142550844,169.83931184943543,166.30489664942485,93.4666460471542,90.0633451779655,8.658344448861246
person_13.mp4,front,680,11348,59.92317173180125,848,478,140.77864141328172,127.8601287150855,169.60920006648993,165.2939994347396,92.89219591720652,88.51164769701991,9.043438369779775
person_13.mp4,front,681,11365,59.92317173180125,848,478,137.0339199915862,124.22302486993362,169.2630356374695,165.77579999000355,91.4135321222055,86.78940392562468,11.132094132597937
person_13.mp4,front,682,11381,59.92317173180125,848,478,136.30263982886004,124.74956590089691,169.00821313463416,164.24199511696594,90.41065171925864,88.14150636766612,8.93277040053584
person_13.mp4,front,683,11398,59.92317173180125,848,478,128.3149183241762,117.36677169617595,168.7947730521564,160.75814881470325,87.28924826229122,85.50090251150824,9.568561186646729
person_13.mp4,front,684,11415,59.92317173180125,848,478,125.39717792958623,115.68190248012317,167.9779283608756,159.68584617745617,85.89840416801492,84.8107649715013,8.617138418096774
person_13.mp4,front,685,11431,59.92317173180125,848,478,120.82449445209546,114.64431560845043,166.3189817668314,159.0186267957866,82.87319676380342,84.30249795709041,8.324544770113425
person_13.mp4,front,686,11448,59.92317173180125,848,478,114.8022878477057,105.8783219472499,166.4257535669138,157.12626218677661,79.74209046468613,82.8239400477748,11.822951136729262
person_13.mp4,front,687,11465,59.92317173180125,848,478,111.02065764146028,98.78314791291275,165.68752250855894,155.20613390212554,82.4330489863265,81.49841801492177,15.945948390689184
person_13.mp4,front,688,11481,59.92317173180125,848,478,112.42193003851371,99.69596383649116,164.54556462474852,153.07796597353015,83.48658668978493,81.47348581371295,14.022780397101975
person_13.mp4,front,689,11498,59.92317173180125,848,478,103.44426171581543,93.4393284314563,158.2448412463395,148.18330841872736,81.33207590136045,78.98757247753676,15.292086413429894
person_13.mp4,front,690,11515,59.92317173180125,848,478,104.12769071897746,92.20111263433851,160.03554883152745,148.48960125287104,83.43102054892557,80.40546585536667,18.33393457631162
person_13.mp4,front,691,11531,59.92317173180125,848,478,106.70009964840672,92.92769128244267,153.4417495519623,138.20634556715552,85.03645726064548,81.13848538632271,11.809051012719669
person_13.mp4,front,692,11548,59.92317173180125,848,478,94.44272550712391,83.84009383404144,127.23560374686123,112.47304054923843,76.38314331236344,74.48261878832992,12.726228975176694
person_13.mp4,front,693,11565,59.92317173180125,848,478,95.18373047341254,89.51303337528627,125.62318426205955,112.34339845245947,83.74526609801971,81.12034845393528,8.249611416910344
person_13.mp4,front,694,11581,59.92317173180125,848,478,89.6638402016693,84.25333597661879,126.93553788259932,116.52905281579716,80.12648211183962,78.05786603216382,2.9049051473010956
person_13.mp4,front,695,11598,59.92317173180125,848,478,81.50296975538814,77.00698164257794,109.68486232489408,109.39388648440003,74.61456093953517,72.70403660992821,11.905681361535082
person_13.mp4,front,696,11615,59.92317173180125,848,478,67.63778768326603,66.48896131569423,84.60241482514888,84.42490669674115,64.92615069475274,64.73396957353654,33.63806965279658
person_13.mp4,front,697,11632,59.92317173180125,848,478,70.01204102896912,68.2620941505589,87.78828119495806,86.60355929313482,66.75530736419753,66.58315610561107,30.338337964849753
person_13.mp4,front,698,11648,59.92317173180125,848,478,60.70224326115783,59.19934147378387,66.84341148334985,65.32162346478731,59.34210271680686,59.69293523846922,49.08328527427047
person_13.mp4,front,699,11665,59.92317173180125,848,478,63.41535995509283,61.634993390461695,73.44989065643657,71.5649070700029,62.43080729967351,62.53688669184595,43.167223558144535
person_13.mp4,front,700,11682,59.92317173180125,848,478,60.84744217312631,59.40482587325479,73.19628211810284,69.89136755128854,60.128667834682595,61.004797703219246,43.90622393583677
person_13.mp4,front,701,11698,59.92317173180125,848,478,54.09354979196913,54.042372936599776,63.947732253956495,61.777309690755835,55.476909269853465,57.2500641246278,50.696744469008046
person_13.mp4,front,702,11715,59.92317173180125,848,478,57.16881154311653,56.747723189173996,67.3479923095054,65.22552024034265,59.36706796141923,60.715552948346875,46.96903954138612
person_13.mp4,front,703,11732,59.92317173180125,848,478,54.111740133673806,54.13807995992859,61.6298602975878,59.79054769929933,57.247326525400396,58.78569876546026,50.8589542090807
person_13.mp4,front,704,11748,59.92317173180125,848,478,52.86417768511301,52.88268755804095,60.558033948199714,59.57718093272274,57.4870624753121,59.22583575082576,50.14087059016467
person_13.mp4,front,705,11765,59.92317173180125,848,478,55.85373593741909,55.10806618470084,66.88613727875203,64.87208983931305,61.66014197095915,63.199530965366534,43.40140851076355
person_13.mp4,front,706,11782,59.92317173180125,848,478,58.54690374506251,57.48027271647914,68.26415386287057,67.20918292953925,65.27155413084351,66.61819300756278,40.60209235302789
person_13.mp4,front,707,11798,59.92317173180125,848,478,54.97283220795563,54.879563812304816,63.152973623658404,62.746555436798886,62.13699222965723,64.09235287338753,44.579888252555435
person_13.mp4,front,708,11815,59.92317173180125,848,478,52.33305824588146,52.754993833518,59.34456490050291,59.10527159473241,60.39228590722825,62.51205117670205,47.15098493968564
person_13.mp4,front,709,11832,59.92317173180125,848,478,47.98539548655079,48.68609422241056,54.40423540335491,54.04223261350798,57.35864644532294,59.8536220668639,50.678762056750045
person_13.mp4,front,710,11849,59.92317173180125,848,478,47.94565900234676,48.04907831164288,52.92076185381051,51.69621654616544,57.207748776141635,59.78374325050752,52.54857337513641
person_13.mp4,front,711,11865,59.92317173180125,848,478,46.4643283283464,47.110314981120595,52.44462391386276,50.62705666826945,56.52194450782011,59.58497955858563,52.44960618760433
person_13.mp4,front,712,11882,59.92317173180125,848,478,45.53130188130563,46.55660611352377,53.497019308836485,51.36216418022811,56.58524765687268,59.65380008182662,50.96969873048471
person_13.mp4,front,713,11899,59.92317173180125,848,478,46.23954020996072,46.4076200296141,53.75995992488541,52.249317842732964,58.13850419669373,60.35240626065906,49.93587682872429
person_13.mp4,front,714,11915,59.92317173180125,848,478,48.80089034565334,48.02376873582542,54.08735374962577,51.66462496000954,61.56321570841084,64.10074747326851,49.75870427829264
person_13.mp4,front,715,11932,59.92317173180125,848,478,47.059617715105986,47.05657541556377,52.01027536001783,50.07728683962233,60.151405836962574,63.39837346835515,51.266449821128546
person_13.mp4,front,716,11949,59.92317173180125,848,478,46.888728456541884,46.49857786833499,52.760891128128755,50.85595231997697,60.65111827518028,64.18789641240417,50.00984541070937
person_13.mp4,front,717,11965,59.92317173180125,848,478,47.07760378355299,46.375331693066286,55.16887387261717,53.352714439605755,60.43928148852376,64.08028432654439,47.3885154777166
person_13.mp4,front,718,11982,59.92317173180125,848,478,47.82376551723291,46.79640319805958,55.55903161398374,54.2619604306208,63.075268216838246,66.67267967347523,46.31773756763809
person_13.mp4,front,719,11999,59.92317173180125,848,478,47.84421207096831,46.39200354700654,56.185179527668716,54.98009446702337,64.44170332101778,66.92133212484666,45.091224439096194
person_13.mp4,front,720,12015,59.92317173180125,848,478,49.301777101226115,47.39797134234703,55.38457248131358,54.33811411570791,67.46884338528645,70.03418973447732,45.41281309302054
person_13.mp4,front,721,12032,59.92317173180125,848,478,49.584467351455785,47.09030818733452,55.97732683544192,54.62527107397667,68.47656945262396,70.74479006817309,44.548823810523345
person_13.mp4,front,722,12049,59.92317173180125,848,478,50.34141589233473,47.68837038239952,58.83032270749363,56.615917639846074,74.47999992328198,74.35727948500286,42.05863770639633
person_13.mp4,front,723,12065,59.92317173180125,848,478,49.40893173987288,47.33579123118033,59.590242015373555,57.51061316665141,72.75503599361979,74.42611316900368,40.6869983687981
person_13.mp4,front,724,12082,59.92317173180125,848,478,47.470403497096406,45.953352418557984,64.4464979350278,62.40216318923399,75.38174203230051,77.28685683041017,35.8583947938635
person_13.mp4,front,725,12099,59.92317173180125,848,478,47.282615354672934,45.36652620230788,59.71503199322184,60.771820665985615,70.5290489247682,73.3912079733471,38.757946677382606
person_13.mp4,front,726,12116,59.92317173180125,848,478,46.404722797246585,45.15859998301714,61.43917932520322,60.350713797353194,69.24067243605877,72.81287362053054,37.754272113895134
person_13.mp4,front,727,12132,59.92317173180125,848,478,46.55039895437728,45.008313682217306,58.86380653893696,57.93949081060819,69.60093777827177,72.83575334984671,39.95394102803128
person_13.mp4,front,728,12149,59.92317173180125,848,478,47.06208596058444,45.45871671048144,61.298640759272466,60.7209568687803,71.75302253184279,74.07946290352858,37.143690293838326
person_13.mp4,front,729,12166,59.92317173180125,848,478,46.79940189781812,45.26304485029796,61.16017194761411,60.63642439265,71.82176722202375,74.15523677782909,37.09979739338197
person_13.mp4,front,730,12182,59.92317173180125,848,478,46.156649596402,44.63790987811124,65.90015173417997,65.12810133133148,73.0797966426112,74.74117262239494,32.063605568529155
person_13.mp4,front,731,12199,59.92317173180125,848,478,46.3889666375338,45.69789077581083,60.94133077797837,61.26837543138692,72.4637145141428,75.55308443997772,36.21318166635143
person_13.mp4,front,732,12216,59.92317173180125,848,478,45.41679667951918,45.41502440384773,56.56208512316287,58.561803647646755,70.25283633170727,74.91794907285994,39.8556803023463
person_13.mp4,front,733,12232,59.92317173180125,848,478,44.56905681203935,45.27600760829082,56.56887940215901,58.29240425754111,69.04863711863133,74.36582976781273,40.125724831596216
person_13.mp4,front,734,12249,59.92317173180125,848,478,44.83275478122921,45.38679577859577,59.30318330783849,59.80682601321711,70.69601509430754,74.79524852650786,38.26283979722034
person_13.mp4,front,735,12266,59.92317173180125,848,478,45.10015922616978,45.52602497699342,56.96250634437615,56.76502490215493,70.02584798716744,74.54096253995758,41.263587016139546
person_13.mp4,front,736,12282,59.92317173180125,848,478,44.355350873786605,45.347402927042474,50.529969400369765,50.75689200051759,68.4144492201902,72.81585950865336,47.53415858430885
person_13.mp4,front,737,12299,59.92317173180125,848,478,44.38256854820009,45.228312364853736,52.48668156021863,52.75730286659704,68.15203248744876,72.54928339820324,45.59798192770945
person_13.mp4,front,738,12316,59.92317173180125,848,478,45.7373751690881,46.239651494518434,54.63681630778394,55.41688196707929,68.9490438044597,73.36004024371863,43.36331656930679
person_13.mp4,front,739,12332,59.92317173180125,848,478,47.579490669796,47.67675300781237,51.3616754050946,51.349649066180056,68.8404975268301,73.09051369866141,47.42725453704667
person_13.mp4,front,740,12349,59.92317173180125,848,478,48.57283164363799,48.1335226786459,52.0064411714593,52.462708951302076,68.52451098305983,72.6223679610662,46.98740385208981
person_13.mp4,front,741,12366,59.92317173180125,848,478,49.18315947694066,48.84500104919592,56.206292754568814,56.83732957371944,69.16787695048149,73.16953576886576,43.106666963480336
person_13.mp4,front,742,12383,59.92317173180125,848,478,50.03655201817,49.84907689237991,52.5608814524152,53.04468708868498,68.90579351358375,72.87530494886124,47.37718084197292
person_13.mp4,front,743,12399,59.92317173180125,848,478,49.74645024915081,49.6950799906961,52.25663859632327,52.32781465787206,67.95421012549379,72.45179198533918,48.638645550368516
person_13.mp4,front,744,12416,59.92317173180125,848,478,50.87427584005155,50.31701902819169,53.86032215463369,53.66059500366957,67.44954584562994,71.65931595553504,47.61131522949567
person_13.mp4,front,745,12433,59.92317173180125,848,478,52.60497614603382,51.97954792123072,57.751006086976766,57.54590967273724,68.27542169372434,72.60675489765192,44.12067440615328
person_13.mp4,front,746,12449,59.92317173180125,848,478,51.002354113498996,50.96120680432259,56.03860383027754,55.98395977029628,65.962959388926,70.57312559128542,45.82726444821874
person_13.mp4,front,747,12466,59.92317173180125,848,478,53.92437900827055,53.81067849563293,61.41203927585541,62.04798597333357,67.88436650526468,72.66422118873204,40.77602604952038
person_13.mp4,front,748,12483,59.92317173180125,848,478,54.206994530593526,53.3624347090634,56.75568364888337,56.917071903684736,68.91890782859062,71.32785717263859,46.407991201052376
person_13.mp4,front,749,12499,59.92317173180125,848,478,57.32330083054395,57.432312249063614,75.08899997908092,76.09125731356698,70.35422555376805,74.08754353125686,28.078488473208303
person_13.mp4,front,750,12516,59.92317173180125,848,478,59.95793019178826,59.943456397759725,72.0330032742207,72.92312151385808,71.44300999227966,75.15823086603557,31.746097366056784
person_13.mp4,front,751,12533,59.92317173180125,848,478,63.83120754167094,62.96497074850975,83.10194070975027,83.79871391815196,74.5476316059395,77.41103635990926,21.596841433947183
person_13.mp4,front,752,12549,59.92317173180125,848,478,62.85566999785987,62.532645393671736,74.93886131065526,75.19783568476849,73.11524923480216,76.38021649994646,31.036319609816154
person_13.mp4,front,753,12566,59.92317173180125,848,478,63.73895917589456,63.206909129102634,76.02226472861497,75.77738945142666,73.4323274140382,76.05881419178968,31.19197675735215
person_13.mp4,front,754,12583,59.92317173180125,848,478,55.97629648079629,56.59636405703051,58.286039769406585,57.640597408130695,62.77031741169163,66.607564983546,49.04685445205426
person_13.mp4,front,755,12599,59.92317173180125,848,478,53.79823718749987,55.296240408839545,57.29316555629359,56.94396636439578,59.773887217874886,63.15297788417917,50.57317724422082
person_13.mp4,front,756,12616,59.92317173180125,848,478,57.71297614491527,57.595067867010215,61.10698160599584,60.81285306399689,62.29972353742028,64.2887964265566,48.33981214157365
person_13.mp4,front,757,12633,59.92317173180125,848,478,57.573687653679535,56.888989308551174,55.00294691751831,53.89102610074861,60.756374908881334,62.890660577156524,55.28545430140142
person_13.mp4,front,758,12650,59.92317173180125,848,478,61.08313753665437,59.27960642629912,59.39402706845498,57.624591988345855,62.68555914556243,63.41501689262794,51.87953146995192
person_13.mp4,front,759,12666,59.92317173180125,848,478,59.482648922685044,58.811903017552666,53.2168749568495,52.54269824957929,58.882269957086805,62.00254667640006,57.35345224111345
person_13.mp4,front,760,12683,59.92317173180125,848,478,66.16815263886565,64.3317789305253,57.54382819018348,57.11119551358751,65.89338794056704,67.5292001224358,53.250384895379604
person_13.mp4,front,761,12700,59.92317173180125,848,478,72.00757642222003,66.42092690953302,59.54356113813041,58.71592904638939,71.76881855384444,70.1974665019563,52.49038316804888
person_13.mp4,front,762,12716,59.92317173180125,848,478,74.01083613522911,69.40426657093913,63.33951522199717,62.631122004337826,72.94954003601185,71.70474328657441,49.22263940958297
person_13.mp4,front,763,12733,59.92317173180125,848,478,77.99686348014878,73.6719726554266,65.50577671556462,64.96847826272388,76.21156558929573,75.10116666129032,47.35257750251768
person_13.mp4,front,764,12750,59.92317173180125,848,478,84.17735012742453,78.13273635805125,76.23219822841797,75.38235185569371,81.56991184888948,78.88655586592702,38.11548003985083
person_13.mp4,front,765,12766,59.92317173180125,848,478,95.56243527524516,87.90589534048728,90.74060547017066,89.38290624503334,91.4324074208937,87.15238093472507,24.45008381494496
person_13.mp4,front,766,12783,59.92317173180125,848,478,110.50953656312613,98.85097379928057,128.77754748799364,121.31727915950194,103.5990742847228,97.64533982893066,7.771349816418291
person_13.mp4,front,767,12800,59.92317173180125,848,478,112.32557087735894,101.79896881388702,131.15371692242485,124.3186624949179,104.17935665697998,99.03923664265616,8.204418997679356
person_13.mp4,front,768,12816,59.92317173180125,848,478,115.72743364178645,105.55130576564355,138.84606575854374,131.3210815164302,104.19897066990352,100.06448361093292,12.3034377327958
person_13.mp4,front,769,12833,59.92317173180125,848,478,112.43599682085919,105.02484052627604,121.7747854643922,115.87020681788691,100.17818117325334,97.68460627546553,5.38619503767952
person_13.mp4,front,770,12850,59.92317173180125,848,478,100.6426156401367,91.0673389894826,113.9142252266866,118.27149762152375,84.26945868839084,82.34042102568226,12.750727866944255
person_13.mp4,front,771,12866,59.92317173180125,848,478,105.09685640838875,93.0895661901634,118.0542879107545,109.60009216967423,86.60494004941616,83.19479189462682,16.815331264504376
person_13.mp4,front,772,12883,59.92317173180125,848,478,107.80079707849876,95.5552559184674,121.79460138897824,114.79035685327834,85.24782280069223,82.8236282402459,18.577907802942327
person_13.mp4,front,773,12900,59.92317173180125,848,478,116.07906650386244,99.40795858143358,138.46849694857235,119.3543179909081,91.66248944936382,87.88805463834255,8.486714186309642
person_13.mp4,front,774,12917,59.92317173180125,848,478,117.6820338191968,104.00110419280372,147.62638083273563,130.10233511833846,90.67562594371563,88.27009369552977,2.9123667652637955
person_13.mp4,front,775,12933,59.92317173180125,848,478,112.83772778618254,101.7669951043635,150.03511886487533,139.3128222850885,87.01397445920331,83.82393418386508,5.103432692095984
person_13.mp4,front,776,12950,59.92317173180125,848,478,114.70299238444058,102.39033685607954,145.8715567853343,132.6911949608741,83.38578391046718,81.250361247768,6.840557946391738
person_13.mp4,front,777,12967,59.92317173180125,848,478,120.3524607055782,106.58481398031651,150.96863052674226,137.51986564920136,85.989518958106,83.51631385867158,4.5446136237764545
person_13.mp4,front,778,12983,59.92317173180125,848,478,125.45395870371995,110.85463864146877,162.71641586488636,148.50515060573235,87.21446913492126,84.61531527157855,4.94167172028469
person_13.mp4,front,779,13000,59.92317173180125,848,478,130.33346782261316,113.85133780076391,165.17471118161293,152.4289312078622,87.96764646974178,85.11777868444742,5.6797098751135975
person_13.mp4,front,780,13017,59.92317173180125,848,478,133.8074614626473,120.81777637107824,168.7357790588105,164.87396743778064,89.84691916858047,88.03877801415172,13.732188229416225
person_13.mp4,front,781,13033,59.92317173180125,848,478,135.3085798441646,122.70691128297707,168.83027360380382,168.0022719067532,91.17636237763959,88.86353545495818,16.239027251379902
person_13.mp4,front,782,13050,59.92317173180125,848,478,130.18200590371296,118.48482376486847,169.1257093620481,166.64441732478397,86.98989605757953,85.56482706343385,15.265509948828589
person_13.mp4,front,783,13067,59.92317173180125,848,478,137.1439938474882,124.56959026159078,168.35556761729936,168.93548472639674,91.11062902335507,88.80011484406822,16.712666608997136
person_13.mp4,front,784,13083,59.92317173180125,848,478,136.8318150019564,124.39672935153489,167.7433024518961,170.27817938099622,90.51663207272405,87.5788402803115,18.435640939884102
person_13.mp4,front,785,13100,59.92317173180125,848,478,139.3262539417658,129.2171445204005,167.1070180161659,171.73009086060722,92.07701939040896,89.26643514824222,19.730341786786504
person_13.mp4,front,786,13117,59.92317173180125,848,478,139.38674565813244,129.93298430942505,166.57324474220687,172.04086757301994,91.49291256644706,88.9719716355417,20.309093122659153
person_13.mp4,front,787,13133,59.92317173180125,848,478,141.33263580762554,131.2403365138792,167.04967194563517,172.0657669386859,91.25309001143354,88.74818847022796,17.556531997089106
person_13.mp4,front,788,13150,59.92317173180125,848,478,146.01474071082419,135.7755043242344,165.96618064165494,172.11933909690163,92.9636090602105,90.64908095859647,15.67016678343052
person_13.mp4,front,789,13167,59.92317173180125,848,478,153.84328766273987,143.7418994215352,165.84225886031666,171.81430839534568,97.83065489261722,95.14899888969646,14.31280700169813
person_13.mp4,front,790,13184,59.92317173180125,848,478,157.72363807883642,146.91635985464652,165.67572292041834,172.04170259381692,100.58865503407648,97.62802853044748,13.359203151684104
person_13.mp4,front,791,13200,59.92317173180125,848,478,157.0613687501287,149.50205685221633,166.5750671881152,172.13792786591975,98.82543325248199,96.90030375474893,11.513502079131744
person_13.mp4,front,792,13217,59.92317173180125,848,478,155.36955827770788,150.52944518426682,167.47920301915735,171.55097085444856,96.24712441729974,94.56471351742434,10.57877184084011
person_13.mp4,front,793,13234,59.92317173180125,848,478,155.37437037972387,148.29860318615275,168.22149959969198,172.4938379802548,96.69852676065648,94.55392629140003,9.659374223050559
person_13.mp4,front,794,13250,59.92317173180125,848,478,159.0004996056525,150.95938498258332,167.33010465110158,172.53938957093675,96.4861692072989,94.07771273241221,6.894151575352101
person_13.mp4,front,795,13267,59.92317173180125,848,478,161.11243490532695,151.81297535487357,166.94164454871301,172.54598732585978,97.40413322868065,94.03065757598321,6.439745104108569
person_13.mp4,front,796,13284,59.92317173180125,848,478,159.50552660845008,150.33355917820387,167.8419495681462,172.56961694027467,96.58714673145602,93.45126013547802,6.428169032668662
person_13.mp4,front,797,13300,59.92317173180125,848,478,160.73837922863856,151.67141718811177,168.2605543112274,172.6270210067806,97.41338427310417,94.32464345316811,6.0197870964551745
person_13.mp4,front,798,13317,59.92317173180125,848,478,158.11654039499732,150.89046645089186,169.16610220979703,172.64133179778327,95.90192900570237,93.64118426305564,6.094919274373562
person_13.mp4,front,799,13334,59.92317173180125,848,478,157.7806167351083,148.92819883297892,169.03013448192317,172.58082015437344,95.20829276943991,92.75837460289465,6.040646323247219
person_13.mp4,front,800,13350,59.92317173180125,848,478,157.6250400486309,150.13975499860433,169.7248745584069,172.0099350601269,93.96103396954511,91.91961352144986,3.6598663986680133
person_13.mp4,front,801,13367,59.92317173180125,848,478,158.59396957313345,150.65464490674682,169.30112273696636,172.27847414075978,94.10565850317458,91.75215265319078,3.717647397755437
person_13.mp4,front,802,13384,59.92317173180125,848,478,157.72755490185534,150.42287786790462,169.96587745695007,171.77624873678647,92.48861599538795,90.63090373751959,2.0698052862052116
person_13.mp4,front,803,13400,59.92317173180125,848,478,158.02912260388138,149.63387078650342,169.24462489559923,172.1227620128144,91.92202646145851,89.73348065262174,2.550602976001255
person_13.mp4,front,804,13417,59.92317173180125,848,478,159.04482381060583,150.90832901445,169.27563659381605,172.42102864631323,92.37760229671244,90.34700729227947,2.4553649073739234
person_13.mp4,front,805,13434,59.92317173180125,848,478,158.25269187870234,149.7584670928208,169.36833822407613,172.546684038553,91.74829758720821,89.6226498751693,2.7741285623478764
person_13.mp4,front,806,13451,59.92317173180125,848,478,159.15714223734363,150.64231947135534,169.19594339473323,172.51852356619762,91.64731112111059,89.73131677879314,2.3065154403133206
person_13.mp4,front,807,13467,59.92317173180125,848,478,156.16301737757306,149.82957875665153,170.12534837798503,172.46530681671885,90.31567060725418,89.2361971962346,2.379348851146296
person_13.mp4,front,808,13484,59.92317173180125,848,478,159.22665521993818,152.01616010839575,170.28616877902616,172.48043276943082,92.25247446638495,90.55772127052931,1.6790888356406253
person_13.mp4,front,809,13501,59.92317173180125,848,478,156.80212589962002,150.39965474551738,170.65424676935595,172.33197155175924,90.55829652603063,88.80061455003344,1.517002459040623
person_13.mp4,front,810,13517,59.92317173180125,848,478,156.43791612272798,150.9454709737597,170.88779949025815,172.60034135254105,90.49108283120859,89.0590611157924,1.6133625251322854
person_13.mp4,front,811,13534,59.92317173180125,848,478,156.4026133441446,151.3318070990127,171.78529517084593,172.53286843304556,90.81867286263646,89.53902398204141,1.450115189315081
person_13.mp4,front,812,13551,59.92317173180125,848,478,158.02385945352697,152.38413867810695,172.76392953003636,170.94008485395136,92.00005995905765,90.40174014895814,3.5656804066234082
person_13.mp4,front,813,13567,59.92317173180125,848,478,156.67538681835785,152.24176827677468,172.82752494937807,171.97496302957327,90.9326707863068,89.94822326023689,2.903151879688098
person_13.mp4,front,814,13584,59.92317173180125,848,478,158.39720815448047,153.22152330310774,172.87418287897015,171.378899821099,91.80097952765003,90.41739501223562,5.023001529939816
person_13.mp4,front,815,13601,59.92317173180125,848,478,160.47187357177972,153.79070907699554,172.95535442912896,170.1138599172535,92.49216258599016,90.55849661321166,6.577604310737633
person_13.mp4,front,816,13617,59.92317173180125,848,478,160.77442509327406,153.62556715261084,172.9506070865327,169.18705081902172,92.4901943132562,90.47852446502435,7.585334879220044
person_13.mp4,front,817,13634,59.92317173180125,848,478,160.8027903690579,153.53075600091563,173.06047950403826,168.8155260983619,92.59027896996321,90.22677761829452,7.301531351064825
person_13.mp4,front,818,13651,59.92317173180125,848,478,159.22159151915224,152.5143153187885,173.09059598283028,169.1204374821626,91.12324198917442,89.27482533865226,7.0359562340847255
person_13.mp4,front,819,13668,59.92317173180125,848,478,158.93185890797469,152.34598030428376,173.09948275046114,170.5326566694977,90.9238358678672,89.14149047034627,6.074062714573343
person_13.mp4,front,820,13684,59.92317173180125,848,478,157.93275363839118,151.73933881227785,173.1086068732003,170.8578292617815,89.902585597068,88.46835371614105,5.608572681968369
person_13.mp4,front,821,13701,59.92317173180125,848,478,157.7315488432248,151.61159190871666,173.0864988312517,171.32851410293188,89.71435639854936,88.26375135288232,5.029782740108236
person_13.mp4,front,822,13718,59.92317173180125,848,478,157.96036720188587,151.69836670343892,173.0689709575712,171.5302936767502,89.8749663965468,88.28501281419085,4.680696388953189
person_13.mp4,front,823,13734,59.92317173180125,848,478,158.01658913341913,151.76754823910426,173.09475264541018,171.79474638099896,90.18863952899035,88.52318059925551,4.321577200620616
person_13.mp4,front,824,13751,59.92317173180125,848,478,158.55884687526918,152.7445859262658,173.24019325449336,171.65770652229784,90.5464041813672,88.89787551181185,5.381506186435444
person_13.mp4,front,825,13768,59.92317173180125,848,478,158.65817691470596,152.8951642263102,173.26643822159232,171.4001700065989,90.67302008141684,89.09751906736814,5.548045654081625
person_13.mp4,front,826,13784,59.92317173180125,848,478,159.02708811969302,153.0080320484775,173.29581971023487,170.1660845052854,90.96026051501931,89.23651657568664,6.702043015543177
person_13.mp4,front,827,13801,59.92317173180125,848,478,158.56319210439378,152.89014518330703,173.229155785657,169.5685849423274,90.85188188002951,89.25813979291775,7.392166416926104
person_13.mp4,front,828,13818,59.92317173180125,848,478,158.65296873877836,153.8034556048016,173.22477573574636,170.4370376532847,90.8862896527633,89.82913269871216,7.1058685111324555
person_13.mp4,front,829,13834,59.92317173180125,848,478,157.5396088063674,153.46019523596078,173.2519035096382,170.32262100847683,89.4694228455031,89.72838029615266,7.636266318697077
person_13.mp4,front,830,13851,59.92317173180125,848,478,157.66975753226507,153.7477551784468,172.5648968150908,170.0901405652424,89.25587837356024,89.8963130829684,8.860349258788604
person_13.mp4,front,831,13868,59.92317173180125,848,478,157.56280616269783,153.20073343793632,173.02037654205336,170.36432978371124,89.45933176245394,89.37664696876637,8.048646199330262
person_13.mp4,front,832,13884,59.92317173180125,848,478,158.50003835509435,153.38038448245985,172.62898220205352,169.23020008946537,89.74723960347569,89.41177782366655,9.290836290620934
