video,view,frame,timestamp_ms,fps,frame_width,frame_height,left_knee_angle_deg,right_knee_angle_deg,left_hip_angle_deg,right_hip_angle_deg,left_ankle_angle_deg,right_ankle_angle_deg,trunk_angle_deg
person_4.mp4,front,0,0,59.927403857559725,848,478,132.3163255068094,138.70442288668474,160.01139686598992,156.6300347755172,84.70306063164257,85.02320965756606,17.563293716895533
person_4.mp4,front,1,17,59.927403857559725,848,478,129.8415230699255,138.3361875474089,157.28690931932158,158.0255732552718,83.45007630548844,83.06419100862853,17.40952960721371
person_4.mp4,front,2,33,59.927403857559725,848,478,131.04115442398643,139.60947761818625,157.41758009564526,159.13428146900287,84.16681559583783,83.87434081968497,17.185784047008053
person_4.mp4,front,3,50,59.927403857559725,848,478,130.28034870867822,139.76270659192076,155.5052344275878,159.99842955602227,84.3725014491692,83.7368605889968,17.439067086403565
person_4.mp4,front,4,67,59.927403857559725,848,478,129.83652200419434,139.53849483489248,155.37602822667688,160.04497559730464,84.21050118691545,83.51622973500137,17.397385727837726
person_4.mp4,front,5,83,59.927403857559725,848,478,129.91890463962284,139.2513519258941,155.55775936138738,160.07689100343714,84.34665939896061,83.37127318492286,17.450878338142658
person_4.mp4,front,6,100,59.927403857559725,848,478,131.02457734112303,140.36570425819863,155.72063309818418,160.873373470734,84.89911707941337,83.87951290289953,17.356796924925234
person_4.mp4,front,7,117,59.927403857559725,848,478,130.8593340005032,140.16756695269592,155.75288577698828,160.8229293979521,84.76759097863308,83.71809180555373,17.448927616472794
person_4.mp4,front,8,133,59.927403857559725,848,478,131.05363258661083,140.24388645590375,155.9662256643032,160.84543767203118,84.80703452866365,83.87911660019783,17.366039995203376
person_4.mp4,front,9,150,59.927403857559725,848,478,130.98852844885306,139.86015600974733,156.09558652880068,160.65881056676537,84.87179911815026,83.70653200042015,17.489656135643756
person_4.mp4,front,10,167,59.927403857559725,848,478,130.7324656750192,139.7188203164237,156.0771949978973,160.49391161324814,84.66729206042446,83.4766225752691,17.504442047166094
person_4.mp4,front,11,184,59.927403857559725,848,478,130.02524231442118,139.40823860136993,155.7536199619166,159.70615175046666,84.38100715241565,83.15282403614367,17.850801274690827
person_4.mp4,front,12,200,59.927403857559725,848,478,129.66070480158643,139.43016305473216,155.56644575328517,159.85469378229016,84.18451221108663,83.0708126820971,17.858939719587518
person_4.mp4,front,13,217,59.927403857559725,848,478,131.34011019112316,139.8136422322579,157.1593364640464,159.353298589195,84.20406666241246,83.29148381848623,18.259404895660165
person_4.mp4,front,14,234,59.927403857559725,848,478,130.6932871373417,140.07035482274097,156.38706343045388,160.39540699755582,83.8526314432972,83.09283907595197,18.079032880095614
person_4.mp4,front,15,250,59.927403857559725,848,478,129.34590989539393,139.0833089093964,155.75447991557732,160.17887140864926,83.12596196942822,82.02836384512426,18.23957621747264
person_4.mp4,front,16,267,59.927403857559725,848,478,128.1207471176015,138.61140314795946,155.50045116248114,159.71205217273987,82.30754542076325,81.50074556262481,18.590421351149693
person_4.mp4,front,17,284,59.927403857559725,848,478,125.53860619777612,137.31673075729756,154.97488192954273,159.24390342355647,80.71817164640193,80.01413416569685,19.20041893025235
person_4.mp4,front,18,300,59.927403857559725,848,478,126.14223790829558,138.98557444746905,154.62479309694768,159.8683087488001,81.0674615316184,80.77852367659675,19.479565403624882
person_4.mp4,front,19,317,59.927403857559725,848,478,124.60861468267467,136.77353372514443,152.68461183136986,160.08284152406435,80.34990561191728,78.69934563847265,20.17984502693369
person_4.mp4,front,20,334,59.927403857559725,848,478,122.50942411331158,136.24916725644428,152.03267089797825,160.19242375872207,78.8715565454923,77.88350510141966,20.32548906584953
person_4.mp4,front,21,350,59.927403857559725,848,478,121.839720022413,136.80827587611543,151.27707549765915,160.77160376205626,78.81215359997177,78.38036361729735,20.320803200243454
person_4.mp4,front,22,367,59.927403857559725,848,478,120.82951996816936,137.31319560555932,150.36105375869042,161.359263218222,78.46286029107286,78.6959497206017,20.10422130449647
person_4.mp4,front,23,384,59.927403857559725,848,478,120.68258502415007,137.91565625399718,149.72338272060315,161.87757231319796,78.39404779532964,79.44627961277351,20.008572323668602
person_4.mp4,front,24,400,59.927403857559725,848,478,120.25353852081335,138.02479974729053,149.56839506364108,161.84561547604946,78.33520884374106,79.5824342977612,19.816286618263433
person_4.mp4,front,25,417,59.927403857559725,848,478,119.84912489544051,137.67086843800368,148.72430458116088,161.4562721775533,78.17073804825561,79.42489752310912,20.242299520311008
person_4.mp4,front,26,434,59.927403857559725,848,478,119.40021014643632,137.32441861247065,147.9307604594635,161.0463040192334,77.66057923209519,79.06520226828631,20.62048390121243
person_4.mp4,front,27,451,59.927403857559725,848,478,120.3005162740928,137.43465675591582,147.71286260631425,161.3617545237133,78.35915296587322,79.13180902641095,20.43812231546967
person_4.mp4,front,28,467,59.927403857559725,848,478,121.41184916429202,137.83099566406662,147.97483040409426,162.3857977085785,78.66517614846826,79.5065052307419,19.42494527187541
person_4.mp4,front,29,484,59.927403857559725,848,478,121.65710825831074,138.97064046562417,147.89749605250032,162.24947206797063,79.01692440904172,80.59770311559515,19.328792552310247
person_4.mp4,front,30,501,59.927403857559725,848,478,122.75546292005876,140.6611150969108,148.4948014557673,162.16486699075725,79.82746170234199,83.35455164095143,18.696810607670653
person_4.mp4,front,31,517,59.927403857559725,848,478,123.19277963228846,141.36369787341803,148.31803547119463,159.41905933394207,79.9892089476886,85.28398248690578,19.214930600953267
person_4.mp4,front,32,534,59.927403857559725,848,478,124.06593518513797,141.8712002772399,148.78937198518784,158.70534001073784,80.15897349129334,87.10211322038361,18.429751470676546
person_4.mp4,front,33,551,59.927403857559725,848,478,124.62686426620208,140.49978614731003,148.9515755025295,157.5928951174066,80.84760302990355,87.26922061484986,18.292070965186838
person_4.mp4,front,34,567,59.927403857559725,848,478,126.14521689303157,140.70915933091254,151.27865018048698,158.89183177229154,82.46794532114721,89.08859049602108,15.624175910626025
person_4.mp4,front,35,584,59.927403857559725,848,478,124.9597623108585,139.62795213114757,150.70740846543129,157.2686165362579,82.38161205554759,89.41456625240949,15.452118615690505
person_4.mp4,front,36,601,59.927403857559725,848,478,124.47381343169987,138.63966844956548,150.24693890574548,156.34355629357572,82.42787447283762,88.52379776313076,16.211017976841934
person_4.mp4,front,37,617,59.927403857559725,848,478,126.79674275671148,140.46113121066549,152.36167780304743,157.54702262664463,84.25767558863042,91.02798936183828,14.174886974476795
person_4.mp4,front,38,634,59.927403857559725,848,478,127.3102512733685,139.25860867900508,152.5556771124629,156.4055134826039,84.91565453475988,91.35091311588543,13.702194851322567
person_4.mp4,front,39,651,59.927403857559725,848,478,126.76898318205895,137.1893446267636,152.10862490421485,154.71875511963643,84.69246331357229,90.97286156246045,13.815834027209009
person_4.mp4,front,40,667,59.927403857559725,848,478,123.80946662625051,134.00529027549126,149.92300792749285,151.62012245353455,83.64820747935238,89.39167208424226,14.682605151701894
person_4.mp4,front,41,684,59.927403857559725,848,478,120.31022353003462,130.89556226143839,147.07611268770646,148.81450905822234,82.50173855498703,88.36314050863074,15.414375277870828
person_4.mp4,front,42,701,59.927403857559725,848,478,118.12072234207918,129.09412039665978,145.9486832534184,147.87515363884822,81.42114016823096,87.60553243763253,15.510416264009883
person_4.mp4,front,43,718,59.927403857559725,848,478,114.55234925587764,124.1648773935917,146.071300760122,147.9015457189255,79.95154252967647,85.0929271327713,13.262475105327715
person_4.mp4,front,44,734,59.927403857559725,848,478,111.15096498745898,121.87250867588115,143.285769116141,145.91550917136973,78.95960603992903,84.38500565357558,14.051435452288542
person_4.mp4,front,45,751,59.927403857559725,848,478,103.30327564378653,113.52908891961518,139.29418633231214,141.88271807869899,77.11121257011929,81.22080753144076,12.576506456244319
person_4.mp4,front,46,768,59.927403857559725,848,478,107.62282547829666,117.57664005733126,143.90431198500255,144.65204596666157,77.53579167216185,84.17096742897478,11.37682468328235
person_4.mp4,front,47,784,59.927403857559725,848,478,103.63934955175266,118.50034823516967,140.11301608699293,145.1837589785305,76.88422713004138,86.0035656226191,12.223212016570686
person_4.mp4,front,48,801,59.927403857559725,848,478,105.06853660050349,112.29187717305821,141.8704690677122,141.5947485752675,77.44699793925646,83.99679762825488,11.167597345044607
person_4.mp4,front,49,818,59.927403857559725,848,478,103.27006414387667,102.80921455676716,143.40939625976438,137.64487009290812,78.33583053782998,81.6581396488077,7.345442836831968
person_4.mp4,front,50,834,59.927403857559725,848,478,100.51360773775616,100.17673597030593,142.66811172829662,137.997563188526,80.38699967284866,82.96748912117863,3.230934990980638
person_4.mp4,front,51,851,59.927403857559725,848,478,96.89043564314274,96.01346434168555,138.6463448777695,133.28394349163818,78.14164014355794,80.31862771495885,6.204772155004427
person_4.mp4,front,52,868,59.927403857559725,848,478,93.55703248423319,97.03745635114458,135.42191862233764,134.69064999604802,79.80509694641091,82.8551819290723,5.094963211049143
person_4.mp4,front,53,884,59.927403857559725,848,478,94.51911962949532,93.22382057728503,140.71302119984423,136.59284748553205,81.59336398605505,82.81822706695753,1.6434993750589448
person_4.mp4,front,54,901,59.927403857559725,848,478,95.83136740076735,92.30133673857024,149.8588263728725,144.12560470025383,81.7865142541205,82.7611754964535,9.389581277819941
person_4.mp4,front,55,918,59.927403857559725,848,478,92.14702768800657,91.67098471498268,142.85335868481792,139.78181902633068,82.22730621136138,83.09314239970728,7.4790975391109935
person_4.mp4,front,56,934,59.927403857559725,848,478,88.91744832511172,87.32206992612986,143.31727076417485,138.02138368617065,81.96752665709062,82.78424244956187,9.831490747959368
person_4.mp4,front,57,951,59.927403857559725,848,478,88.64191358140046,84.31329880921943,147.31724416552208,138.94741464097658,82.06441070651483,82.50254371514075,13.769301078185398
person_4.mp4,front,58,968,59.927403857559725,848,478,87.29736367045281,83.2829174403953,141.49700406066037,133.09807203016285,79.840818125994,80.16831949556378,7.555304017799423
person_4.mp4,front,59,985,59.927403857559725,848,478,82.89141000427263,81.04420133224559,135.52002825883866,128.72003908919694,77.74647877641549,78.52450273027841,4.324047679843207
person_4.mp4,front,60,1001,59.927403857559725,848,478,83.19536509560858,81.11016751279108,136.60082588052754,130.4866426934468,78.60255261915074,79.53865525769753,6.4248201156249545
person_4.mp4,front,61,1018,59.927403857559725,848,478,79.57200291640102,79.39888536293219,129.89454363432367,127.48786624839208,80.65758078817052,82.23647174193846,7.344199575488566
person_4.mp4,front,62,1035,59.927403857559725,848,478,77.42727469859989,77.40335740385133,131.9717752230253,130.65254836589315,79.7740821516447,81.66150867924492,10.795409386490087
person_4.mp4,front,63,1051,59.927403857559725,848,478,78.12766989918806,77.61227864744191,135.68179529656015,133.65618235362257,81.47550933161413,83.21334058645405,14.542933853471796
person_4.mp4,front,64,1068,59.927403857559725,848,478,69.97357696456348,73.39523446705942,118.485416094043,120.79902408941595,76.40721290998918,79.75485385554126,3.1390456937108966
person_4.mp4,front,65,1085,59.927403857559725,848,478,66.06591673004013,67.447131790089,104.52458841459725,101.22299350983684,72.21976488542977,74.47577202692554,12.091961862283002
person_4.mp4,front,66,1101,59.927403857559725,848,478,64.37932342376207,65.86046579862914,95.02638361844542,91.06235043090139,71.18881587518943,73.23529786767749,21.009845837518657
person_4.mp4,front,67,1118,59.927403857559725,848,478,63.84637895741754,66.27994354632217,93.29169843007787,90.42135889794712,71.71816709150984,74.3152312472353,21.203217651863792
person_4.mp4,front,68,1135,59.927403857559725,848,478,63.88729146917967,66.20841081928006,91.95686349051272,89.83717774620824,72.44003096117835,75.26923664776281,21.086607162286867
person_4.mp4,front,69,1151,59.927403857559725,848,478,61.199475603710745,63.76042077224478,86.35580654195454,84.72674395925478,71.12217487290985,73.74068272856061,25.619685000282146
person_4.mp4,front,70,1168,59.927403857559725,848,478,58.55740474430052,61.18645428917219,78.5124509091368,76.24096839774968,69.56038392982016,72.10662600427695,32.607562068741125
person_4.mp4,front,71,1185,59.927403857559725,848,478,58.47649384056864,60.404418712271074,72.5904364244463,70.8206925043809,69.29830119134748,71.44712818845083,37.66456260634526
person_4.mp4,front,72,1201,59.927403857559725,848,478,56.58494499626792,58.690207850155744,71.28797701969347,69.49101989739457,69.02294902034271,71.0680905063887,38.02665855887948
person_4.mp4,front,73,1218,59.927403857559725,848,478,55.382764749839914,57.35440048233476,71.53664903994958,69.01334518774992,69.16001465001581,70.84624357055047,37.444839147507786
person_4.mp4,front,74,1235,59.927403857559725,848,478,54.929365023493204,57.31067903151255,72.75838239561,71.02769379096252,69.77518487940154,71.49307215175075,34.76219622143306
person_4.mp4,front,75,1252,59.927403857559725,848,478,55.502124858283864,57.7140203883542,73.4960655237748,71.4936761171275,70.85588027846286,72.94020489861809,33.9518352024984
person_4.mp4,front,76,1268,59.927403857559725,848,478,55.61398547890951,57.62012474187615,73.84064206041509,71.66712696310049,71.61636324246712,73.91391892060983,32.78805773420912
person_4.mp4,front,77,1285,59.927403857559725,848,478,55.537245079540384,57.31482342609298,70.2917767703399,67.07418981897308,71.05168292948952,73.86447605902984,36.144041097824584
person_4.mp4,front,78,1302,59.927403857559725,848,478,57.930262590870996,59.51364346685497,71.21600551593637,69.3161607438349,74.4950334962655,77.5350391560743,34.78897506650951
person_4.mp4,front,79,1318,59.927403857559725,848,478,58.89504125390894,60.30008010909542,73.38658651207265,70.71035361574542,75.51836698846523,78.88683630500807,32.583255755568594
person_4.mp4,front,80,1335,59.927403857559725,848,478,62.168168668594014,64.33563333831727,83.9060101962098,80.08857282529186,79.40690303128032,83.47555258203997,22.350361491210293
person_4.mp4,front,81,1352,59.927403857559725,848,478,59.603263074979104,61.41905742061484,74.39995821356149,69.50000791221163,76.39908250793545,80.40814713149399,31.95531575346088
person_4.mp4,front,82,1368,59.927403857559725,848,478,63.30697634308336,64.8898078239599,89.28042202570336,83.62000224606928,81.61194542199912,85.72500845283868,17.186422434238327
person_4.mp4,front,83,1385,59.927403857559725,848,478,67.73799748419258,70.50386081336488,97.78141660557736,93.75045284984104,86.011156715536,91.16704106904956,7.663717086012052
person_4.mp4,front,84,1402,59.927403857559725,848,478,63.45404994323082,65.82185213949688,82.73680987840946,75.3648160723104,80.73131121681307,85.22417283755418,23.972033171689937
person_4.mp4,front,85,1418,59.927403857559725,848,478,66.37945533870484,69.09745042690214,93.31518128368121,88.36615320801002,84.2351888470032,89.27633909257409,12.07885307901941
person_4.mp4,front,86,1435,59.927403857559725,848,478,63.93387770134278,65.80481509636252,84.34749266841264,75.28462765504581,81.32072916827896,85.38724939786141,22.79517539198891
person_4.mp4,front,87,1452,59.927403857559725,848,478,68.33694625845085,68.7191273950424,104.17863346396628,99.48867522945405,87.22883932783671,89.88975324026038,2.835010824698116
person_4.mp4,front,88,1468,59.927403857559725,848,478,66.49984195888926,67.15333698158163,96.96595449164765,92.02704565564376,85.00770975323941,88.17671080746254,8.036847744576226
person_4.mp4,front,89,1485,59.927403857559725,848,478,67.98509353173037,68.62798978687587,99.20686180323888,93.24085283574897,86.28308215671703,89.59822512659797,6.520073112269275
person_4.mp4,front,90,1502,59.927403857559725,848,478,64.55184355393594,66.03144072624427,89.18070381184341,82.37424714209068,82.57454954336525,86.30774551449363,16.587358315989196
person_4.mp4,front,91,1519,59.927403857559725,848,478,65.90046818969542,68.67605232023966,91.53989426086692,84.95842412812091,84.0368657122929,88.99890594112696,14.149669904349798
person_4.mp4,front,92,1535,59.927403857559725,848,478,67.2610798852592,68.61197871409435,99.13165461497441,92.9089292338184,85.15874002552393,88.7786898349529,6.952582166912823
person_4.mp4,front,93,1552,59.927403857559725,848,478,67.95446941858725,69.34846341066448,104.09646000833625,99.45602827932923,85.90805115233414,90.04383690124088,2.912177857468546
person_4.mp4,front,94,1569,59.927403857559725,848,478,67.51029580484882,68.99164556866624,99.75087814203061,94.8502664344282,85.17303387456478,88.85012818493088,5.95099186127944
person_4.mp4,front,95,1585,59.927403857559725,848,478,71.58262904496122,72.33167709634259,113.32709359305717,108.57086425028295,89.01453954386525,92.15915647606319,8.49875653025841
person_4.mp4,front,96,1602,59.927403857559725,848,478,74.01237945537899,73.79064309404166,112.38748881282297,108.43344003201703,90.25448946921938,93.09912544174703,7.755895587552907
person_4.mp4,front,97,1619,59.927403857559725,848,478,74.51906591346604,75.01864173258097,117.95452233701667,113.6098149951024,90.54723484871826,93.75779717127288,12.531295875779866
person_4.mp4,front,98,1635,59.927403857559725,848,478,73.5448115105288,75.53999993686692,119.11988271795593,115.6518725123756,89.29284766434026,95.21551591070045,13.71881772062677
person_4.mp4,front,99,1652,59.927403857559725,848,478,72.24927972439303,74.0381388925199,110.27015414875888,106.28982876007836,87.40842744587788,93.16196561018602,5.060949032452766
person_4.mp4,front,100,1669,59.927403857559725,848,478,72.0448634236638,73.21886669345865,107.2887192261431,104.85190857656164,86.94031949768421,91.89830902525945,3.1141170591248857
person_4.mp4,front,101,1685,59.927403857559725,848,478,70.17874450794217,71.25600015579273,100.45742681368473,96.47398900679471,83.93927121362572,88.10848247643035,6.810037001472049
person_4.mp4,front,102,1702,59.927403857559725,848,478,65.44108058133219,69.1950058587521,89.70593606283116,84.51471800426737,77.9155979127988,84.69404010078665,18.576498780401565
person_4.mp4,front,103,1719,59.927403857559725,848,478,64.08377493836261,67.38984996187547,90.5298938802741,86.72946673496064,76.29981136400572,81.50695288845868,18.85397163909947
person_4.mp4,front,104,1735,59.927403857559725,848,478,65.33358647165639,67.64888847106035,84.32466287090564,82.86189634577156,76.05024339173943,78.92172931367674,24.896356308741467
person_4.mp4,front,105,1752,59.927403857559725,848,478,67.12260219922105,69.84339189633786,93.32168902304173,92.06062317670109,76.60027430833556,79.04978168231378,19.189033989226935
person_4.mp4,front,106,1769,59.927403857559725,848,478,69.42578309993259,72.06623721126034,96.8605653752857,96.99644045236265,77.6518805225971,79.25394453816196,16.93293421096847
person_4.mp4,front,107,1785,59.927403857559725,848,478,72.78738152029831,75.06640289492452,106.66046904877479,104.65438254491023,79.50358350295463,80.2340883116535,9.461553586891357
person_4.mp4,front,108,1802,59.927403857559725,848,478,78.55255348863679,80.35713436087225,119.72681595347962,117.96305049617207,83.22848397129394,83.692156892075,3.0445351446899833
person_4.mp4,front,109,1819,59.927403857559725,848,478,80.94098972048391,83.54036775771152,121.14693862682535,120.21426346783653,83.33431694895519,83.64643389098116,2.3749411784579486
person_4.mp4,front,110,1836,59.927403857559725,848,478,86.36909326478589,88.93951396784783,126.10368362163415,127.07418432058878,86.6061453024209,86.70278187628298,4.98531858330911
person_4.mp4,front,111,1852,59.927403857559725,848,478,94.14506945822538,95.842171400516,132.52196550957834,135.44219798641356,92.12841370149734,91.21599372240686,9.991099407582663
person_4.mp4,front,112,1869,59.927403857559725,848,478,93.86358631052968,95.75796875607392,132.27056171750058,135.02667614108617,88.89982057386804,87.11041591230467,6.1071825778531705
person_4.mp4,front,113,1886,59.927403857559725,848,478,94.4856786610142,98.85964214280143,134.31440865727456,137.9359486059126,85.82781502454237,84.39193971455897,4.135127970212417
person_4.mp4,front,114,1902,59.927403857559725,848,478,99.98022370645914,102.55721156395083,136.9731109342611,139.7026873784893,88.04336814130639,86.11814181779945,2.853950262290786
person_4.mp4,front,115,1919,59.927403857559725,848,478,99.2379066636426,102.72257599472059,133.21868311174532,136.4226867940183,89.35060262168474,86.32706832148341,2.191117705488492
person_4.mp4,front,116,1936,59.927403857559725,848,478,102.25449947620083,106.71202007311832,132.72006178335982,138.5261321790326,85.73327391465467,81.59228081885621,6.430749018652074
person_4.mp4,front,117,1952,59.927403857559725,848,478,104.28946198253831,110.17152623368386,134.0717988664668,139.54606300043335,85.30650524785209,81.43358738587267,8.349575527748172
person_4.mp4,front,118,1969,59.927403857559725,848,478,108.97964524264896,118.50691470329856,137.03542228347044,146.76243179284643,86.05038713704671,81.68612569355065,9.057871726892502
person_4.mp4,front,119,1986,59.927403857559725,848,478,109.65251115473978,122.40754088490641,135.26635513419248,145.43987259422522,83.18888991710784,81.02951601710872,15.272252628887394
person_4.mp4,front,120,2002,59.927403857559725,848,478,108.10581631300361,122.83635960839716,134.1555054159985,145.97194442974217,83.25826181550117,80.32495385235774,15.026890848300098
person_4.mp4,front,121,2019,59.927403857559725,848,478,111.75774445146946,128.73784690677326,138.8106495580979,151.97012727135947,83.07486615592819,81.35202255344313,14.252660633177115
person_4.mp4,front,122,2036,59.927403857559725,848,478,115.86706914320511,131.20033536105564,142.85894319388416,152.45172312452394,82.21365594349176,81.77902290200238,15.924310237330337
person_4.mp4,front,123,2052,59.927403857559725,848,478,113.40517582612347,131.0936818533354,140.26046531868303,151.93103042765972,80.4795388781461,80.41157503283195,17.612640586727824
person_4.mp4,front,124,2069,59.927403857559725,848,478,115.65311998062215,129.42777292156734,143.6644671255685,151.3203890003998,80.12341746085848,80.83337074298935,16.818525669733585
person_4.mp4,front,125,2086,59.927403857559725,848,478,114.06761461534961,130.96747024462857,137.576234974846,150.14028858283191,79.35851968922881,79.72764543952681,21.17704041695626
person_4.mp4,front,126,2103,59.927403857559725,848,478,117.65290860635494,133.57953390282734,140.9367384536623,151.57346698703594,79.98402122842438,80.93080427961546,20.519311904494465
person_4.mp4,front,127,2119,59.927403857559725,848,478,119.61511415796016,134.57854786086793,143.94138558395062,151.4405741092595,79.23783893791183,81.30076550564198,20.57212904885032
person_4.mp4,front,128,2136,59.927403857559725,848,478,120.51741101428705,134.01794043928214,146.0440019663054,152.193650862926,78.14973673062023,79.97727391441971,19.910772133008273
person_4.mp4,front,129,2153,59.927403857559725,848,478,123.77405486693024,136.15251680332406,149.77036307515039,154.1190542889361,78.51476526338098,80.40298949326717,18.751838857799335
person_4.mp4,front,130,2169,59.927403857559725,848,478,126.14048884855772,137.44043889503348,151.86649006079205,156.10529546876276,79.56601054779684,81.19503654057226,17.316840619015306
person_4.mp4,front,131,2186,59.927403857559725,848,478,125.53984091463667,136.89222062386145,153.0616859167233,157.60804137687907,79.02900270387681,81.23641912005375,16.0756918444059
person_4.mp4,front,132,2203,59.927403857559725,848,478,125.48671008860572,138.2206296884352,153.47217108113625,159.87508477581616,78.94500328909272,81.1413909757199,15.534455413553406
person_4.mp4,front,133,2219,59.927403857559725,848,478,124.8394668807064,136.71566879564224,153.08593927809335,158.11615364100834,77.81521642780602,79.26673869360391,17.24428358167353
person_4.mp4,front,134,2236,59.927403857559725,848,478,125.40618389901317,136.7484029154979,154.4299542331839,158.76024512933282,77.78699283013037,79.45971866331617,16.53495452422338
person_4.mp4,front,135,2253,59.927403857559725,848,478,125.82158072284717,137.66211973683173,153.231950898282,159.19420109073215,77.82260574308057,78.79367397354814,17.760611149497286
person_4.mp4,front,136,2269,59.927403857559725,848,478,126.06661147044257,138.1027355005384,152.4812911915173,158.50349211735363,77.75967681292425,78.39915192256791,19.073190890529556
person_4.mp4,front,137,2286,59.927403857559725,848,478,126.78265394180019,139.13381650932567,151.57906527118266,159.12141731616217,78.40283507183824,78.30301510669416,19.88714801099088
person_4.mp4,front,138,2303,59.927403857559725,848,478,125.97341724328393,138.4379455548853,150.48673447380733,159.92358129026715,78.34546138011024,77.44333711782414,20.317716721282657
person_4.mp4,front,139,2319,59.927403857559725,848,478,125.60207323477461,138.48486966464867,150.37128560164402,158.79269905888378,78.47381428297967,78.69639299604846,19.9098854587283
person_4.mp4,front,140,2336,59.927403857559725,848,478,126.7190116081742,138.1583069891095,151.16249805742592,158.99453275156972,78.52226125700629,77.33135915415447,20.755859949256237
person_4.mp4,front,141,2353,59.927403857559725,848,478,125.30153442617105,137.18172356264108,149.77229451327486,158.86152936854583,77.43140754048234,75.12451323272269,22.035598666552207
person_4.mp4,front,142,2370,59.927403857559725,848,478,124.27950241985937,137.1275622898495,150.153919485291,158.88463835791347,77.33126928771745,76.57797102137488,21.001183809095824
person_4.mp4,front,143,2386,59.927403857559725,848,478,124.13454159159456,136.57787858208582,149.7427846162588,157.66767416337464,77.46178735765398,77.09338733052664,20.875147413270035
person_4.mp4,front,144,2403,59.927403857559725,848,478,124.00362297614592,136.68201713114752,150.3135453956695,158.21339359055855,77.5340886712741,77.7146723380222,20.290679634285237
person_4.mp4,front,145,2420,59.927403857559725,848,478,124.47753587343753,136.74350742718323,151.0211365449476,157.83939465949135,77.62599666387209,78.3566718667668,19.782267212233915
person_4.mp4,front,146,2436,59.927403857559725,848,478,126.47701581306909,137.95395831575,151.96830702545674,158.39903667178055,78.8133462533475,79.23777706789065,19.46079593383734
person_4.mp4,front,147,2453,59.927403857559725,848,478,126.01688968420842,137.64394724163708,151.540030824237,159.52031606045426,78.30677812758195,77.80352861485603,19.40760123784262
person_4.mp4,front,148,2470,59.927403857559725,848,478,126.67383099315414,137.53234371992215,152.09386735647755,158.67902206039054,78.5170410948786,79.0567703710371,19.268211877939265
person_4.mp4,front,149,2486,59.927403857559725,848,478,127.55357617248008,136.7269663825023,153.18838255187737,159.4218415628413,78.69375774392142,77.61993457793331,18.17018033898474
person_4.mp4,front,150,2503,59.927403857559725,848,478,128.60447998617136,136.9007196400941,155.53195007152016,160.53292517813844,79.11821306627242,77.42854103547333,16.445309495228905
person_4.mp4,front,151,2520,59.927403857559725,848,478,129.63826262285298,138.46594832072861,157.40198110284737,161.33669526637507,80.12089532247764,79.5192115979158,15.108195297377947
person_4.mp4,front,152,2536,59.927403857559725,848,478,130.4118207402655,140.57778952177875,160.30049283213432,161.8284932268154,81.34726515486713,81.73719429762929,13.502106098949017
person_4.mp4,front,153,2553,59.927403857559725,848,478,130.3100364487891,140.94627458682672,160.5354333027569,161.3355259851953,81.7553552080786,83.39262043920908,13.421980001816978
person_4.mp4,front,154,2570,59.927403857559725,848,478,130.72185415971742,141.20153122536735,160.2709792653007,161.649226461626,82.73281777520532,84.13169341262187,13.413090804983455
person_4.mp4,front,155,2586,59.927403857559725,848,478,131.73054320273027,141.19108070493945,162.11504900662433,160.01979928976755,83.89127881117908,85.61520438464703,12.614027560622565
person_4.mp4,front,156,2603,59.927403857559725,848,478,133.06925714464825,141.66028069102447,163.03262680903433,160.77357385886648,85.09434993506837,85.88331406433898,11.86437190782256
person_4.mp4,front,157,2620,59.927403857559725,848,478,132.89114335551125,140.971326989567,163.0898914743276,160.94813290444458,85.53646804319672,85.39281379597593,11.495965084698966
person_4.mp4,front,158,2637,59.927403857559725,848,478,133.0269827987702,140.92829679983492,163.0464774213357,160.7549945323505,85.87086511280505,85.42820809680505,11.55314387046903
person_4.mp4,front,159,2653,59.927403857559725,848,478,133.59612406184297,141.28337738542174,163.40181019879455,160.47934890941318,86.46816773620182,85.89945064939768,11.42744099889366
person_4.mp4,front,160,2670,59.927403857559725,848,478,134.17014353613916,141.57477910976323,164.42228744113788,160.84013999053036,86.92227104119658,85.8869541484203,10.81332747953665
person_4.mp4,front,161,2687,59.927403857559725,848,478,135.24484999474367,142.34756519130676,163.3876272302676,160.47407228942407,87.85545279322116,87.00716250582069,11.58871913576656
person_4.mp4,front,162,2703,59.927403857559725,848,478,134.3764442906457,142.38097439799077,162.8129445525313,159.75509307727808,86.81417765050485,87.89509126388228,12.132164112699764
person_4.mp4,front,163,2720,59.927403857559725,848,478,134.8422484880808,143.55680755021356,162.22525959297587,160.22102964152856,87.16747867210172,88.51902822975808,12.580227695719293
person_4.mp4,front,164,2737,59.927403857559725,848,478,134.81595117862628,143.69670822698134,161.66887265160173,159.0154594486514,87.14626557980492,89.02615740643031,13.497824383900365
person_4.mp4,front,165,2753,59.927403857559725,848,478,135.7317225248599,143.42385621980193,161.18772622444018,158.48586954597175,87.94797753185811,88.18896815506194,14.199087133145955
person_4.mp4,front,166,2770,59.927403857559725,848,478,135.4715549358618,143.13140792913558,159.95989933867057,158.01421313493728,87.91544915530584,87.31650249866397,15.081299050961508
person_4.mp4,front,167,2787,59.927403857559725,848,478,135.86137109229088,142.85727176918485,159.4104689443113,157.48988221893288,88.14791961933688,87.10447945004378,15.724505196022795
person_4.mp4,front,168,2803,59.927403857559725,848,478,136.65414905981532,142.9674650405645,159.2490741974404,158.23142040859042,88.75530817836894,86.49560998649497,15.707959048570507
person_4.mp4,front,169,2820,59.927403857559725,848,478,136.83535536381606,143.64447716737757,158.6114313764128,158.59452119038045,88.89629845683265,86.5633629909885,16.243320468263963
person_4.mp4,front,170,2837,59.927403857559725,848,478,137.09200864269167,143.91810374744728,158.29002502961575,158.87691731361932,89.24002158086715,86.6564739161031,16.403860621653493
person_4.mp4,front,171,2853,59.927403857559725,848,478,137.31773153309604,143.7204869445242,157.44414766511355,159.2043335298969,89.19223798125299,85.7218533222774,16.988500181696704
person_4.mp4,front,172,2870,59.927403857559725,848,478,137.21027637795854,143.57982942351208,157.6018298824381,159.13292754884108,89.1810701024675,85.76937006719352,16.867191823184626
person_4.mp4,front,173,2887,59.927403857559725,848,478,137.71709505680482,144.03181901675305,157.04983208067796,158.75480380893714,89.80255167444219,86.62372796722563,17.269177746722665
person_4.mp4,front,174,2904,59.927403857559725,848,478,137.4604386892226,143.49002614867265,157.09071966343686,158.9357253056418,89.43896037266154,85.610921282461,17.225939010929093
person_4.mp4,front,175,2920,59.927403857559725,848,478,137.4984754104544,143.61159376433235,157.11107257768887,158.69735037346717,89.59733115093175,85.77781281859899,17.388970881959033
person_4.mp4,front,176,2937,59.927403857559725,848,478,137.79186351219985,143.72266331573218,157.33553827970064,158.81082778068986,89.73210296113113,85.80219846661441,17.287000082001924
person_4.mp4,front,177,2954,59.927403857559725,848,478,137.45886401574472,143.59980321827712,157.07988714204257,159.52380789099357,89.39404183874846,85.0972959937104,17.417583642652996
person_4.mp4,front,178,2970,59.927403857559725,848,478,137.2483276417799,143.35901063321273,157.06413352474306,159.95280939521768,89.25517433581201,84.63970497331131,17.534224320031775
person_4.mp4,front,179,2987,59.927403857559725,848,478,136.2371004012592,142.51605254839728,156.63642612065328,160.48133540540624,88.78248984131132,83.52590434753215,17.447207742618392
person_4.mp4,front,180,3004,59.927403857559725,848,478,135.6089659415261,142.50433682128852,156.23870508292944,160.40106887646607,88.34497833985264,83.43570153363383,17.80521067634969
person_4.mp4,front,181,3020,59.927403857559725,848,478,135.59216074454952,142.84489489008735,156.06622576958685,160.52352240496643,88.2894356771963,83.80701833767571,17.862501373966822
person_4.mp4,front,182,3037,59.927403857559725,848,478,135.80165352015857,143.56110813903175,155.61712938314048,160.97202265841258,88.09368198955364,84.29703619290956,18.134343259482904
person_4.mp4,front,183,3054,59.927403857559725,848,478,134.3575959945082,142.5411250792516,154.68305927570196,161.13328132141712,86.89333625452362,83.28447093465006,18.439675085618884
person_4.mp4,front,184,3070,59.927403857559725,848,478,135.37771853663898,142.30878728371218,154.87363406404603,161.72696956162423,88.07689763229672,83.12506200454895,17.68163389435577
person_4.mp4,front,185,3087,59.927403857559725,848,478,133.79261767832764,141.95297766790273,154.39581678038928,161.6635550027015,86.5997553977334,83.02275501121106,17.85155433391644
person_4.mp4,front,186,3104,59.927403857559725,848,478,133.82332185485853,142.53391123078018,154.55120004082968,161.7239085406989,86.64857032372781,83.97553366949379,17.79213000074311
person_4.mp4,front,187,3120,59.927403857559725,848,478,133.14268385493742,142.36894163802782,154.0670018300773,161.68524834267262,85.88585032083971,83.71808153847044,18.165221704139782
person_4.mp4,front,188,3137,59.927403857559725,848,478,133.65093386386184,144.06182450834294,154.1989174311396,161.41577887620616,86.23315336074822,85.28208743765128,18.17492382886437
person_4.mp4,front,189,3154,59.927403857559725,848,478,131.74142469085916,143.48837743103022,154.23323177338344,160.58908130486404,84.88064646416974,84.95181240536768,18.416553454877874
person_4.mp4,front,190,3171,59.927403857559725,848,478,130.4241938358359,141.44768172419776,153.55624787861677,160.14116011646576,84.04656276418406,83.37504650360349,18.85953779310718
person_4.mp4,front,191,3187,59.927403857559725,848,478,129.36107381952357,140.55970258210175,153.70353751341025,160.15768909392636,83.46159936500551,82.80329486844398,18.76611990935264
person_4.mp4,front,192,3204,59.927403857559725,848,478,128.69886925163289,139.71368126274336,151.7950289469714,159.90853475698995,82.61662878142819,81.96833183466633,19.986546517421143
person_4.mp4,front,193,3221,59.927403857559725,848,478,126.67077379410655,138.9468376166762,151.2722212368083,160.0540271763523,81.39771720268921,81.01446921553043,19.80275827010579
person_4.mp4,front,194,3237,59.927403857559725,848,478,126.03236735528421,138.84834999806344,150.6302936005698,160.56667819048303,81.05831411686032,80.85790459742857,20.117152155059703
person_4.mp4,front,195,3254,59.927403857559725,848,478,125.79873168259941,139.1239918235157,151.19304177440137,161.3962386052687,80.16779061445018,80.7962057920039,19.12880069200727
person_4.mp4,front,196,3271,59.927403857559725,848,478,126.2817009072601,140.11621830656765,150.88589913280092,161.40026057766883,80.37986377962093,81.58660713183036,19.440215997271586
person_4.mp4,front,197,3287,59.927403857559725,848,478,126.52163942383439,140.2738418904909,151.06188606043506,161.25597803208143,80.48381357778925,81.92129135165953,19.32094914213899
person_4.mp4,front,198,3304,59.927403857559725,848,478,126.08029088568631,140.32714482318735,150.29071755132205,161.53506813033454,80.76340761843225,81.98663618064857,19.171173152241302
person_4.mp4,front,199,3321,59.927403857559725,848,478,126.30528611841049,141.22199823371903,150.93335640659055,162.41935832155662,81.33211546025512,83.09456368849496,18.13860236616827
person_4.mp4,front,200,3337,59.927403857559725,848,478,126.00107769923106,140.81706388971682,152.28157053833476,162.63192363728854,81.44096194597077,83.59791691988593,16.440454116896163
person_4.mp4,front,201,3354,59.927403857559725,848,478,127.77261565171965,140.953134395705,151.88765149110964,161.87950057199805,82.42242791481885,83.65513826245281,17.08333657609581
person_4.mp4,front,202,3371,59.927403857559725,848,478,129.78149925600573,142.58535470244863,150.69093495606273,161.05559887793092,84.29862257501279,85.56801757926101,18.00609846293418
person_4.mp4,front,203,3387,59.927403857559725,848,478,128.18588169167478,139.294483574258,148.3881441542301,156.99237928592913,83.51452261164819,85.611827936553,19.439912745487447
person_4.mp4,front,204,3404,59.927403857559725,848,478,127.32143577095808,138.15921626540973,147.53716781352045,154.94756584341718,83.47832215797303,86.50130798650926,19.652314935263515
person_4.mp4,front,205,3421,59.927403857559725,848,478,125.55012671617544,136.32097063573545,146.1390811275812,152.73689762959316,82.66925077192893,87.3975447938822,19.978659671491368
person_4.mp4,front,206,3437,59.927403857559725,848,478,123.19456374721837,133.30949494590854,145.4534380893302,151.2179082040839,83.3868715967519,86.72877533690756,19.542223853261053
person_4.mp4,front,207,3454,59.927403857559725,848,478,119.62044291071867,131.31635233257933,143.54561865233794,149.1832527414158,82.0377774506281,87.23731570259488,19.12451840894278
person_4.mp4,front,208,3471,59.927403857559725,848,478,116.61969941527549,130.89834680944787,141.52526033681616,149.0851182026705,81.3503172746527,87.265291024828,19.462932001273238
person_4.mp4,front,209,3488,59.927403857559725,848,478,113.9623655290674,127.07378236236245,141.9701716210221,147.87154248886844,80.9150869358146,87.58609404449983,17.185772707838165
person_4.mp4,front,210,3504,59.927403857559725,848,478,111.61762497756158,125.37050296001688,142.1820706881009,148.00223545122972,80.6982882941501,87.46165025218792,15.496034407028398
person_4.mp4,front,211,3521,59.927403857559725,848,478,112.35549784576651,121.36329983892306,144.03684397553636,145.40056321677244,81.78347369826967,86.93902265105295,14.401928782312362
person_4.mp4,front,212,3538,59.927403857559725,848,478,107.46264510960636,116.03734075627331,140.96188400364633,142.66308636787193,80.70217823505473,83.68380068077906,14.929869671492197
person_4.mp4,front,213,3554,59.927403857559725,848,478,95.23835241669696,96.02467439254806,134.22156254290965,128.91829465068324,79.55450721712062,81.16586125558625,10.116738572958536
person_4.mp4,front,214,3571,59.927403857559725,848,478,95.98217122883747,101.76292452462017,135.74879680283777,134.3168257313327,79.31495461258005,81.93018958999035,10.006332314993104
person_4.mp4,front,215,3588,59.927403857559725,848,478,92.06999332799063,94.43286438493084,137.36702998089743,132.52536637610748,78.35616745754764,80.13167085180247,5.977665140356446
person_4.mp4,front,216,3604,59.927403857559725,848,478,89.15833706706101,89.33287511702706,138.71610167247084,132.95718977319726,77.45803942800097,78.18977849191694,1.4661681253014383
person_4.mp4,front,217,3621,59.927403857559725,848,478,87.04862266260922,87.48511360800867,136.1645366029433,130.32823077507416,77.21453440641514,78.23155522963191,2.0245498974570326
person_4.mp4,front,218,3638,59.927403857559725,848,478,89.40555537575466,87.61308121101892,141.62952641335158,136.3749372639909,80.86507545600304,81.569916107717,5.577332566199423
person_4.mp4,front,219,3654,59.927403857559725,848,478,88.94581622150461,86.82721910373368,139.70951393809727,133.8278955454509,79.88638007988489,80.44177904089771,3.980892374340094
person_4.mp4,front,220,3671,59.927403857559725,848,478,89.90241339843017,85.19168643876598,146.78695394996262,140.57953625837166,82.40801200818132,82.37892296925021,13.199697155609256
person_4.mp4,front,221,3688,59.927403857559725,848,478,90.07237438365136,87.72918993750251,144.3940225117332,139.90045390940034,82.00357551862565,82.43897865514043,10.898590605221344
person_4.mp4,front,222,3704,59.927403857559725,848,478,88.96765478360334,87.47853167202364,142.5111284433904,139.11442476840782,82.27650130002854,82.78941435549868,10.743297752150712
person_4.mp4,front,223,3721,59.927403857559725,848,478,85.87624483351033,84.65155142834367,140.46460817979852,137.6819420127645,82.82749787483141,83.33264849072384,12.458277287833493
person_4.mp4,front,224,3738,59.927403857559725,848,478,85.62649178449114,82.89418113876621,144.75937620836004,141.51207426870397,83.87178662961699,84.32447202696449,18.53223585123551
person_4.mp4,front,225,3755,59.927403857559725,848,478,80.10520283733123,80.76888507632378,139.43512293793157,136.6821381178523,81.94667337968873,83.40416940091016,16.357907049136745
person_4.mp4,front,226,3771,59.927403857559725,848,478,75.97327445304167,77.18611281661622,135.33432605060523,131.52912518638374,80.45994400710914,82.09342123748577,14.492574341803637
person_4.mp4,front,227,3788,59.927403857559725,848,478,75.42435948523054,76.22863658767756,132.5297897413984,130.3051728844828,79.92362619114489,80.70929270719793,12.31520116287982
person_4.mp4,front,228,3805,59.927403857559725,848,478,72.59285977676959,74.19261648921976,129.7858782741208,126.03807911889217,79.68589849528009,81.55561013880575,11.346687467963415
person_4.mp4,front,229,3821,59.927403857559725,848,478,69.95429373855707,72.22027784905498,120.3651308418241,116.61722087912264,78.24781449095961,80.40054717651851,3.01917260839005
person_4.mp4,front,230,3838,59.927403857559725,848,478,69.94077947694305,72.4000406277397,118.80521036757241,116.11367417039408,80.05323852708126,82.17542162699854,3.4683209690797328
person_4.mp4,front,231,3855,59.927403857559725,848,478,69.83097000733177,71.44711610353197,119.20010844915542,117.03915833832728,80.55298391989258,82.18235615325305,4.635515053968342
person_4.mp4,front,232,3871,59.927403857559725,848,478,71.62572659296674,73.0603136998407,119.30042021064263,121.32599548144906,83.92175831425672,85.33077816547994,8.395394776520027
person_4.mp4,front,233,3888,59.927403857559725,848,478,68.87184546437902,70.35477713459976,116.40224365487877,118.37626282191857,81.89115848888746,83.41611769025072,6.826442123513929
person_4.mp4,front,234,3905,59.927403857559725,848,478,68.79406966801187,70.26587229922225,113.5691977474493,116.49199081824767,82.6252539869262,84.99311468597398,5.764669548941868
person_4.mp4,front,235,3921,59.927403857559725,848,478,63.897462850113016,64.92318725713018,96.49057384515324,95.25350684379733,77.5952433586458,79.80538706903133,13.074981725717247
person_4.mp4,front,236,3938,59.927403857559725,848,478,59.425938225620925,61.184454873392724,81.08470025357616,78.5089443753194,73.0085116616179,75.83735872732129,27.28778850450392
person_4.mp4,front,237,3955,59.927403857559725,848,478,58.56066048335533,60.07289255900639,77.34418796410239,75.63090532440918,72.76252483007453,76.06794209773328,29.239582939645782
person_4.mp4,front,238,3971,59.927403857559725,848,478,63.18489141144743,64.45715993258156,87.88597850051774,86.6073984619864,77.854834094412,81.22947643736502,18.71581421810858
person_4.mp4,front,239,3988,59.927403857559725,848,478,63.706794253859876,64.40803733833539,91.46329577652573,90.07818868536263,79.34226986694728,82.00352094660545,15.105216513551468
person_4.mp4,front,240,4005,59.927403857559725,848,478,61.22928427503867,61.504874421637126,82.56588396621524,80.24853580634624,76.78165329169597,78.82574084082313,23.994482107825057
person_4.mp4,front,241,4022,59.927403857559725,848,478,63.86285082725008,64.48491340502993,87.50906983675124,85.63915835725302,80.14668292943979,82.94897782879451,18.37834796137199
person_4.mp4,front,242,4038,59.927403857559725,848,478,62.885818627197324,62.99487559293155,87.93726483104359,86.60637236115396,79.90416724744018,82.34328142221896,17.50304225529852
person_4.mp4,front,243,4055,59.927403857559725,848,478,65.13683755757565,65.40218379085687,97.21108796727852,98.16864668130067,83.50471701878507,86.03386141778304,7.04337375900318
person_4.mp4,front,244,4072,59.927403857559725,848,478,61.90858687681544,62.287408238050254,84.17471523805845,83.43241007105377,79.00203186125917,82.25518583315647,19.881627517436392
person_4.mp4,front,245,4088,59.927403857559725,848,478,60.15259616493318,59.650276021102016,79.87587249149901,75.69149004515283,77.4046628051287,80.24397905634072,25.519465422175568
person_4.mp4,front,246,4105,59.927403857559725,848,478,57.32872501814448,57.21121376716376,72.61189660395821,69.69850682368804,74.69251534177465,78.07162820956432,31.791814120958
person_4.mp4,front,247,4122,59.927403857559725,848,478,64.4317986233929,65.02403204630946,89.87162018123655,85.91254469468163,81.58898035324881,86.5064491157647,14.740854210858558
person_4.mp4,front,248,4138,59.927403857559725,848,478,65.09909365892594,65.41569558879273,98.1134268485223,95.38473516023141,82.83768211906362,87.81390422529724,6.146788489411552
person_4.mp4,front,249,4155,59.927403857559725,848,478,64.88178144500394,65.25209972789739,98.15910519744476,94.7041986224447,82.56056494241332,87.36010682451825,6.819132198491181
person_4.mp4,front,250,4172,59.927403857559725,848,478,62.871330292865096,61.37599969807089,83.22862228061445,76.24013528985809,80.18020945643634,83.4060152291346,23.287124730674144
person_4.mp4,front,251,4188,59.927403857559725,848,478,59.973131226946876,58.040031297442596,75.12265874712773,68.79188815693264,77.1827424549804,79.65841952777939,30.853294006689232
person_4.mp4,front,252,4205,59.927403857559725,848,478,61.103321034440334,62.38251649479286,93.08309257663876,86.42337167140279,78.67188110148014,84.63126172553733,13.19331944990192
person_4.mp4,front,253,4222,59.927403857559725,848,478,61.30414689863887,60.92937977884371,81.66086945981844,75.74725081019247,78.86100783811582,82.23687224495475,24.544723289642445
person_4.mp4,front,254,4238,59.927403857559725,848,478,61.65549608807573,62.82793244676443,100.88019821810234,98.39545075144893,79.33003907717344,84.58515895498215,4.431397731580637
person_4.mp4,front,255,4255,59.927403857559725,848,478,58.558401723384335,61.536937092629216,90.8785923916626,85.9207613097202,75.91679894130782,82.7716263501244,15.464386412891521
person_4.mp4,front,256,4272,59.927403857559725,848,478,61.44618874900126,63.70503025286151,101.38589360869987,97.72211136407469,78.53140302956871,84.92535910115548,4.938774796580109
person_4.mp4,front,257,4289,59.927403857559725,848,478,61.59684839965535,63.378190261022084,100.02768315630745,97.65353312590196,78.47193986223485,84.32461458401578,5.690907185046183
person_4.mp4,front,258,4305,59.927403857559725,848,478,63.032206030560694,65.07874240794678,104.75151004133278,103.87928679965798,80.9927559358236,87.41889247944165,2.674011459279471
person_4.mp4,front,259,4322,59.927403857559725,848,478,64.12364975212226,65.7962977672137,107.93330824099213,105.54128128222726,81.25573943451472,87.77848607349465,3.145855040516639
person_4.mp4,front,260,4339,59.927403857559725,848,478,63.85873793935789,65.61484818086032,107.74728029211207,106.03951397360258,80.44708042718278,86.28958335684429,2.6947784730969735
person_4.mp4,front,261,4355,59.927403857559725,848,478,67.3012794179731,68.45770614996844,119.56059542649331,118.09501364863678,82.41765366992776,87.47867829281556,11.866280842544555
person_4.mp4,front,262,4372,59.927403857559725,848,478,66.35321852532894,67.90645256214759,116.18476842608955,112.35793593516479,80.44234522471442,86.23662886062269,6.421744426653128
person_4.mp4,front,263,4389,59.927403857559725,848,478,63.73489233898493,65.56948415392326,115.97306677136922,111.31482112658733,76.08819534008373,82.42651663489646,5.0840128611563395
person_4.mp4,front,264,4405,59.927403857559725,848,478,64.40084031950819,66.00379930891343,106.97063818564136,103.10412724562225,74.67987594941174,80.2720983490988,6.149464984770983
person_4.mp4,front,265,4422,59.927403857559725,848,478,65.8592707721867,67.3027180242402,108.15671538894118,105.26345632403965,74.86134125698176,79.88300624033604,5.892300708839999
person_4.mp4,front,266,4439,59.927403857559725,848,478,66.44583359231923,67.5279987881833,109.08932968834748,106.28896567967806,74.62096048090174,77.92629767436824,6.621231334819484
person_4.mp4,front,267,4455,59.927403857559725,848,478,67.69156288814155,67.79845345357303,115.89830089756153,113.21296398874047,75.15318312545546,77.6395099444123,2.4466058920228013
person_4.mp4,front,268,4472,59.927403857559725,848,478,67.55381852249893,70.03509925711417,115.64285693799349,115.89734277332091,73.72550542822525,76.24728029454049,2.642541007673923
person_4.mp4,front,269,4489,59.927403857559725,848,478,69.37097194257508,72.75554715997897,116.81578811859818,116.612612740727,74.01069342161452,76.5536898190987,2.8292151041285414
person_4.mp4,front,270,4505,59.927403857559725,848,478,73.12763424294305,76.19690210290635,126.31044925216898,124.94121966249512,77.0919821587826,78.38902192671775,5.8100265735398855
person_4.mp4,front,271,4522,59.927403857559725,848,478,73.37174188518237,77.06619450593817,125.0323860320644,125.04900963094896,76.4014986410142,77.2151236887695,4.0240246082233595
person_4.mp4,front,272,4539,59.927403857559725,848,478,73.70117991802006,77.29060956299054,123.31135090561975,123.08508227397455,76.90028111527353,77.78777996637059,2.7040822022042907
person_4.mp4,front,273,4556,59.927403857559725,848,478,75.50568220107357,77.77614724874407,126.55708748422528,124.56720298062797,76.00010866371798,76.87077710012991,2.2779943199500097
person_4.mp4,front,274,4572,59.927403857559725,848,478,77.26233097540029,81.82368766475761,128.54499031042585,129.49462601497012,75.76691762235735,76.53541817792895,2.0692775117624227
person_4.mp4,front,275,4589,59.927403857559725,848,478,80.08093508380905,84.06492718052644,125.1341848336513,125.22921190423756,75.73796286971562,76.19723152930781,5.011209814764639
person_4.mp4,front,276,4606,59.927403857559725,848,478,87.34965467925699,90.84517851352567,132.2294723266468,132.54151428760795,76.07050539056097,76.78304537868866,5.476995747354329
person_4.mp4,front,277,4622,59.927403857559725,848,478,90.31608078410686,93.37332188568166,133.78797419632923,133.50247415091187,77.49130513493448,78.36862110242892,5.406779106119729
person_4.mp4,front,278,4639,59.927403857559725,848,478,96.39690710523172,100.80244587825125,137.08943242457457,138.39292535131764,78.2131380364381,79.66378970207352,7.343095975797344
person_4.mp4,front,279,4656,59.927403857559725,848,478,98.33001382171356,107.29845705041578,129.60914604593663,134.77547625994444,78.77014166657891,80.91822039181137,15.652451750973015
person_4.mp4,front,280,4672,59.927403857559725,848,478,101.8546686154398,112.79673996836844,131.70721913114363,137.81588633729774,77.29221905479278,80.4289533383349,18.87118520545318
person_4.mp4,front,281,4689,59.927403857559725,848,478,111.86668032218758,120.42083951557507,141.70630175640855,145.29541900459634,78.54296360201931,81.67136317043932,17.731027625193768
person_4.mp4,front,282,4706,59.927403857559725,848,478,113.98080668869002,121.41162732613125,143.0178500656232,144.75811399705464,78.33412370841222,81.45469727721907,17.98176394397936
person_4.mp4,front,283,4722,59.927403857559725,848,478,115.57899273735282,124.50932446346596,141.43553540692733,145.07178249426934,79.92370830061412,83.2090300993797,19.500883796791047
person_4.mp4,front,284,4739,59.927403857559725,848,478,118.84545387328586,127.59913297430187,144.8521496947858,146.28583110164215,80.62556700467326,83.69718937281813,19.543551157987594
person_4.mp4,front,285,4756,59.927403857559725,848,478,122.15576106678208,130.68848416460708,150.07651509651882,150.57362158570214,79.94534604917554,82.7407816042323,18.474426663056196
person_4.mp4,front,286,4772,59.927403857559725,848,478,119.42069657654116,129.7078736723908,145.75908303338093,149.64589362506166,77.48732835077026,80.27304553317285,20.534274695011455
person_4.mp4,front,287,4789,59.927403857559725,848,478,122.67406502037727,132.60859553513862,147.18108786146797,151.23357247689682,78.09715398305089,80.50118523121212,21.43807625704485
person_4.mp4,front,288,4806,59.927403857559725,848,478,129.9625711510562,139.27093992952854,153.74157698130352,156.40235009704793,80.61026239414261,83.08906806277434,18.848397955686156
person_4.mp4,front,289,4823,59.927403857559725,848,478,129.68161890520972,139.02808091524398,153.97036033465608,154.8688163571326,80.12450406385099,82.86151882923158,19.446953959312157
person_4.mp4,front,290,4839,59.927403857559725,848,478,128.0726797919136,138.34033901929902,153.09538207187327,154.79902077225597,78.45137458805685,81.49591515520339,19.769673914420245
person_4.mp4,front,291,4856,59.927403857559725,848,478,128.65562417146666,139.10069875651533,153.07765671366587,154.98335636816628,79.07265225080876,82.26865660598472,19.321133296806202
person_4.mp4,front,292,4873,59.927403857559725,848,478,126.52844317281968,138.40986851081803,152.29078602020908,155.32780560135745,78.36704695972593,81.94860796026143,18.882872062302763
person_4.mp4,front,293,4889,59.927403857559725,848,478,125.92701248181348,138.11790639475512,152.86857974082412,156.2800050349035,77.5022372096565,80.8917558556778,18.60123888071526
person_4.mp4,front,294,4906,59.927403857559725,848,478,125.23177130139148,138.44403095521517,151.75017258857878,159.30409490371457,77.44344275668178,79.15385675169128,18.71023780532771
person_4.mp4,front,295,4923,59.927403857559725,848,478,125.20639912031874,137.80450915978787,151.93350163640847,159.47570826361917,77.93182826104598,79.26465993681623,18.16192637873747
person_4.mp4,front,296,4939,59.927403857559725,848,478,127.7476980037209,139.63897759413095,152.59853118979757,160.27328395837912,79.56909860984126,79.64485133368169,19.08573052537474
person_4.mp4,front,297,4956,59.927403857559725,848,478,127.8083654019456,140.05830575171854,153.01647285130136,161.03124720796214,79.12143035769822,80.08180309115765,18.898960114704245
person_4.mp4,front,298,4973,59.927403857559725,848,478,128.9997460294772,141.2659303913243,153.1446275125098,161.31923591780588,80.73674730875456,80.63729005533588,19.143415514412258
person_4.mp4,front,299,4989,59.927403857559725,848,478,130.12823067548533,142.66975140873254,152.90745163702792,162.70749082970602,80.92816667868942,80.67798710145614,20.07051176311311
person_4.mp4,front,300,5006,59.927403857559725,848,478,131.684071654013,141.31903406882427,154.49367619005784,160.1935589952424,82.4050618659366,81.44127618974363,19.504154357875734
person_4.mp4,front,301,5023,59.927403857559725,848,478,131.35132666748936,142.2157625002951,153.85427490910467,161.39000678733703,82.75854791621782,81.86688507984344,19.099870432631654
person_4.mp4,front,302,5039,59.927403857559725,848,478,134.16470363870232,142.5207639833191,156.15667067981482,161.2632690861229,83.25934459811776,82.4806400134169,18.95880565028571
person_4.mp4,front,303,5056,59.927403857559725,848,478,133.09543242028795,142.9393212261922,155.27939910935672,161.5072552976589,83.4488648960854,83.1500990099337,18.674149901985857
person_4.mp4,front,304,5073,59.927403857559725,848,478,134.0885331762886,143.12760578091843,155.42757262559894,160.22361063772001,84.06321752600542,83.6293337986933,19.347370820391838
person_4.mp4,front,305,5089,59.927403857559725,848,478,134.98379627044173,143.76141439187253,155.70862681690727,161.1645333085314,84.84250303813793,83.46817810224358,19.36143091498185
person_4.mp4,front,306,5106,59.927403857559725,848,478,135.74040249842463,143.66870986872928,156.12822343213594,160.49991957459554,85.22376793395385,83.62840073858092,19.674004118232695
person_4.mp4,front,307,5123,59.927403857559725,848,478,136.61320120814142,144.64133465449592,156.77341702753583,161.7917616739888,85.40164141800715,83.50627323841215,19.85092103678468
person_4.mp4,front,308,5140,59.927403857559725,848,478,136.19120846825834,144.25025501156873,156.47336873443703,161.5424010418489,85.08715540304574,82.53182747202214,20.3461077066474
person_4.mp4,front,309,5156,59.927403857559725,848,478,136.41443460912888,144.25202258844516,158.4526181836716,161.79232494076237,85.48567709595699,82.65141759603526,18.863976820719778
person_4.mp4,front,310,5173,59.927403857559725,848,478,134.90245419732724,142.96051939038023,158.20497048962187,161.23372911853244,85.14846819829485,80.66786644690406,18.340688319696454
person_4.mp4,front,311,5190,59.927403857559725,848,478,135.2193494776406,143.57791245263184,157.9846823788499,161.0762095619549,85.50434879781015,82.15316779673637,18.352539548300786
person_4.mp4,front,312,5206,59.927403857559725,848,478,135.51606847969055,142.84487339002936,158.18068296251226,160.6440047207253,85.66701401893341,81.55912210225344,18.212559956511424
person_4.mp4,front,313,5223,59.927403857559725,848,478,136.24695200543164,143.39526581130437,158.348633768535,160.77394448559747,86.0814732679628,82.30698455041353,18.533055629340105
person_4.mp4,front,314,5240,59.927403857559725,848,478,135.36793308951255,143.68407430850985,157.63543348761795,161.72153177857734,85.21711887990742,82.14155463321381,18.95289946011794
person_4.mp4,front,315,5256,59.927403857559725,848,478,135.03594621853165,144.51729996006458,156.40915018550035,162.00631902947114,85.02920050988065,82.89981295821629,19.45256671146619
person_4.mp4,front,316,5273,59.927403857559725,848,478,135.63977712284463,144.69687992640365,156.61072031808996,161.77660704136545,85.46286678713362,83.07506815237645,19.642455076870327
person_4.mp4,front,317,5290,59.927403857559725,848,478,135.29928512255697,143.09174023156896,156.01503422705605,162.00887727391034,85.44298772052859,81.23147636185,19.995462833517387
person_4.mp4,front,318,5306,59.927403857559725,848,478,134.9276734375912,144.14901007902492,155.34994194442066,162.64104161022632,85.57051339709633,82.38412637729027,20.14178926397885
person_4.mp4,front,319,5323,59.927403857559725,848,478,134.55446447776947,143.85129917691782,154.92954031819494,162.24506844616505,85.45098039056958,82.3712102888857,20.252773913904754
person_4.mp4,front,320,5340,59.927403857559725,848,478,134.33725467268397,143.65085783507115,154.3479955349749,162.10477336832787,85.3528939835069,82.3589773682019,20.567063291013696
person_4.mp4,front,321,5356,59.927403857559725,848,478,134.26421513984678,143.8178199071106,154.52037199364642,161.98992022389805,85.28575971381889,82.26909386238165,20.424974067216436
person_4.mp4,front,322,5373,59.927403857559725,848,478,134.06658034176726,142.89276179341536,154.49122004392265,161.88130346941347,85.13366995966622,81.44756044070648,20.41338611171199
person_4.mp4,front,323,5390,59.927403857559725,848,478,133.73459675518288,142.68372220753022,154.56066752642607,161.57426687601566,85.05285887150438,81.45036814639222,20.40292709344956
person_4.mp4,front,324,5407,59.927403857559725,848,478,134.42792853773813,142.99552475226523,155.19990656457165,161.4678608971116,85.43005942210333,80.91769834846248,20.12192061952634
person_4.mp4,front,325,5423,59.927403857559725,848,478,133.91502399798296,143.17755097053688,155.18207281169543,161.38679654337656,85.14231313385214,81.15415397270657,20.199925975158322
person_4.mp4,front,326,5440,59.927403857559725,848,478,134.55337688663496,143.57052566521682,156.09197887459914,160.78241179064017,85.4492518677538,81.99560615527142,19.95373734712948
person_4.mp4,front,327,5457,59.927403857559725,848,478,134.18080071025202,142.3934403572577,156.02410430756672,161.29200363022994,85.13807528528758,81.2766971837674,20.00607746850237
person_4.mp4,front,328,5473,59.927403857559725,848,478,133.7271215390511,142.22792954869615,155.7379790582744,161.01226656609467,84.88151731498957,81.1750543803431,20.04414043026916
person_4.mp4,front,329,5490,59.927403857559725,848,478,132.95185370965623,142.0026771899684,155.76492632103717,160.91997788463013,84.38109527985917,80.97439932308775,19.947164725462706
person_4.mp4,front,330,5507,59.927403857559725,848,478,132.42213880793943,141.4146355872866,155.60476736505973,160.37491271705792,84.04088701910673,80.50715988629433,19.84294059500831
person_4.mp4,front,331,5523,59.927403857559725,848,478,132.25473858065138,141.05622535233397,155.37170769214862,160.15449612321916,83.97342414947315,80.16896327563875,19.939437314468133
person_4.mp4,front,332,5540,59.927403857559725,848,478,131.42876449301224,140.60052284517047,154.91789356678305,159.8325394791805,83.64543323970321,79.75652320255719,20.258470007667935
person_4.mp4,front,333,5557,59.927403857559725,848,478,130.02732827597362,139.81163451196153,154.5939103084731,159.62468704860518,82.42310937068528,78.9475083617598,20.6153404320927
person_4.mp4,front,334,5573,59.927403857559725,848,478,129.29743642971965,139.50425978108564,154.26285845870288,159.4499948681528,81.943804430073,78.83879134548977,20.669943982692505
person_4.mp4,front,335,5590,59.927403857559725,848,478,127.58518645655977,138.61678543048117,152.89308338408608,159.62307674517353,80.95253732732942,78.02371129579136,20.957096274806016
person_4.mp4,front,336,5607,59.927403857559725,848,478,125.1730417435038,137.6129752396033,150.89736805654206,159.44276125293766,79.37384467966878,76.99111150040613,21.58246857075217
person_4.mp4,front,337,5623,59.927403857559725,848,478,123.3784284063194,137.69842418852232,149.52493239153145,159.1656095595624,78.63017449973677,77.18160719049008,21.729424009492924
person_4.mp4,front,338,5640,59.927403857559725,848,478,121.65228513119027,137.03727771071232,148.01486104661055,158.4248871326718,78.02801997192734,77.63128084574663,21.450862348904675
person_4.mp4,front,339,5657,59.927403857559725,848,478,122.03658629074016,136.34110070529485,147.02167102592566,158.02923413494693,78.2212189019362,77.54250513043998,22.009445108437284
person_4.mp4,front,340,5674,59.927403857559725,848,478,122.21144898813881,137.17372709577955,147.26227502630925,158.4281086262594,78.20525232612353,78.97364324412082,21.533712838140474
person_4.mp4,front,341,5690,59.927403857559725,848,478,121.66120697400484,137.02379967397252,146.65437990353905,158.24786597038076,78.11330551444156,78.92510281200215,21.688583317267803
person_4.mp4,front,342,5707,59.927403857559725,848,478,122.42155900537551,138.69504492492084,146.66966727678465,158.0438887801292,79.27153267697372,81.26818849192746,21.371385099333132
person_4.mp4,front,343,5724,59.927403857559725,848,478,122.25666108541479,137.72025080580536,146.27908220681772,156.40205428618546,79.37555756257404,81.14984723554478,21.617259211799173
person_4.mp4,front,344,5740,59.927403857559725,848,478,122.6707734415384,138.0433544806887,146.12755793467227,155.83420074371455,79.60465594655807,81.91761565729503,21.57342195791722
person_4.mp4,front,345,5757,59.927403857559725,848,478,123.40643004548146,138.59599474554747,146.0599467681942,155.7447713965616,80.170325625344,82.59889872115306,21.649843172863118
person_4.mp4,front,346,5774,59.927403857559725,848,478,121.2098185581051,135.9232076760435,143.8572029133975,153.82170374339074,79.39068576828149,82.11385492084037,22.06601520370412
person_4.mp4,front,347,5790,59.927403857559725,848,478,121.01904871684074,132.57581722045535,143.82147175174737,151.22791352709604,79.117157610993,82.43171309311431,21.8508599974608
person_4.mp4,front,348,5807,59.927403857559725,848,478,121.00147219233503,133.16425341456238,143.8842898573613,150.58430153150974,79.47102630363271,84.47722909698331,21.39340023618264
person_4.mp4,front,349,5824,59.927403857559725,848,478,118.9586559903584,129.93159418715337,142.6469402698246,148.4983252226789,79.0795711344149,83.64352969790178,20.969357093562042
person_4.mp4,front,350,5840,59.927403857559725,848,478,115.40283618129766,123.306480063891,140.49355574122956,143.13639225477007,78.11236250667656,82.05920155203101,21.475782426164614
person_4.mp4,front,351,5857,59.927403857559725,848,478,113.39310199197334,120.11284080353737,138.79771151774432,140.4034355388322,78.50175400493109,82.17498287828161,21.656775448863804
person_4.mp4,front,352,5874,59.927403857559725,848,478,109.86889937594269,113.05750565278638,136.64794550333025,135.8202095346749,77.67635502081717,79.53247037257314,21.898423644931277
person_4.mp4,front,353,5890,59.927403857559725,848,478,107.41010863480118,109.18619382685992,134.69535108820753,131.94293257124104,78.8606580123692,81.15657653715357,20.127689452219716
person_4.mp4,front,354,5907,59.927403857559725,848,478,105.15486121912909,103.18113850001433,136.36418466829866,130.8333853267755,79.66957024739618,81.10461156149957,15.14845855115719
person_4.mp4,front,355,5924,59.927403857559725,848,478,99.62227207896403,95.35768923452449,133.50885110521398,126.28960398248802,79.68586029484248,80.38855907539215,12.338375648991336
person_4.mp4,front,356,5941,59.927403857559725,848,478,104.77678120000826,99.26618303584169,145.1023813452618,137.1359992416635,83.23694090527516,84.09924870521428,2.2447774389531756
person_4.mp4,front,357,5957,59.927403857559725,848,478,104.85469349604963,97.92090560945591,147.52596877295272,138.1492692412777,83.5938525190825,83.8958970855353,0.34209514705524036
person_4.mp4,front,358,5974,59.927403857559725,848,478,94.36749978891449,91.180130148102,140.499907367996,133.88651345663024,83.7424448233241,84.06361423865795,4.1081471732687955
person_4.mp4,front,359,5991,59.927403857559725,848,478,95.28847074129108,92.52643853476779,146.4486496102977,139.79162283916304,85.77087370861341,86.0446238914609,11.13106542392967
person_4.mp4,front,360,6007,59.927403857559725,848,478,93.11198268400098,92.43088373533526,146.18457262388154,139.46470621519526,84.74459398699152,85.3215253233285,11.48522098502417
person_4.mp4,front,361,6024,59.927403857559725,848,478,91.46536021159723,90.97169943655923,146.5720403039024,139.54961023658518,83.59743909453384,84.06496475408746,12.575523427925352
person_4.mp4,front,362,6041,59.927403857559725,848,478,91.39478703273521,90.90854699626883,146.39430760752836,141.36585009686496,83.58258843849451,83.8259726561543,13.106788950050824
person_4.mp4,front,363,6057,59.927403857559725,848,478,92.6817085947496,90.7946231544175,147.41586320113169,142.63654666460445,85.88544914692282,85.49205221305854,15.638198485440691
person_4.mp4,front,364,6074,59.927403857559725,848,478,88.33684699711785,87.57206088156049,142.59816695826788,138.3687686739842,83.44336646963242,83.22206076061742,13.051851051955504
person_4.mp4,front,365,6091,59.927403857559725,848,478,84.67011748887425,83.6074269219307,138.60303670038505,134.92526725661062,82.09465178385193,81.77988508404509,12.051856991425057
person_4.mp4,front,366,6107,59.927403857559725,848,478,82.08260284918225,81.66405189359685,136.82953897268465,133.0317025986073,81.08989673211991,81.08838075584556,11.9734876693233
person_4.mp4,front,367,6124,59.927403857559725,848,478,80.15812508839835,80.32450233793213,131.07988429173236,127.69781152797148,80.57144656583907,80.59424730134191,8.160481896152437
person_4.mp4,front,368,6141,59.927403857559725,848,478,76.9785539985234,77.78642298934994,122.70630753788782,122.52947538792807,79.83201153555343,80.75185152385342,3.7260756134239923
person_4.mp4,front,369,6157,59.927403857559725,848,478,75.71496617907079,78.03028765023686,117.58979551094544,118.03680607660127,80.01682282951151,82.14012120955095,1.264374176499506
person_4.mp4,front,370,6174,59.927403857559725,848,478,73.7035917609615,75.4575170063106,104.5928367185011,104.2943598650032,79.69146425863914,80.53604729166462,11.69179508255554
person_4.mp4,front,371,6191,59.927403857559725,848,478,73.35525694102522,76.34023463218645,105.08895939562025,103.61007501965662,81.03776822085123,82.93238773732239,9.687598559796863
person_4.mp4,front,372,6208,59.927403857559725,848,478,71.0724000750333,74.23919517772882,98.27519154973439,96.99175210971364,79.47844313266684,80.9284072146052,16.032196815374345
person_4.mp4,front,373,6224,59.927403857559725,848,478,72.30361360227813,75.80570041202894,100.40220750462132,98.95737411090865,82.67574108730335,84.13061128491901,12.317021798252124
person_4.mp4,front,374,6241,59.927403857559725,848,478,65.16521137419319,67.31551103738934,77.70736086203995,76.41124008294668,74.78578625619382,74.6487492373372,34.63105974763961
person_4.mp4,front,375,6258,59.927403857559725,848,478,59.28328502647524,62.30960189787254,66.69263009898857,67.09428061474247,69.84866490955548,70.77545920882223,42.345719648935564
person_4.mp4,front,376,6274,59.927403857559725,848,478,56.414166265340505,58.98706280768964,63.29626771481331,62.519816670934155,67.81141582899866,69.55687674981888,44.84033522101118
person_4.mp4,front,377,6291,59.927403857559725,848,478,56.47090237574089,58.66484600792096,67.00412700464756,65.7867938626843,69.02114687404513,71.29974841000738,40.7151629167927
person_4.mp4,front,378,6308,59.927403857559725,848,478,61.996114439068435,64.78025851745758,75.5931157200036,73.1923916163016,76.02995490897312,79.18203245989503,32.24412597920398
person_4.mp4,front,379,6324,59.927403857559725,848,478,66.40417761100191,69.41188941411096,84.6476105082879,85.81348889329996,81.26510904370392,84.54426708762256,21.275642628605343
person_4.mp4,front,380,6341,59.927403857559725,848,478,67.45323217617576,70.12579704620586,95.1335785651856,93.9991227113027,83.40829460548103,87.09548422257285,11.522014657370452
person_4.mp4,front,381,6358,59.927403857559725,848,478,64.3794701575253,66.52419099589069,93.51587967214417,90.1885198900003,80.52252084748356,83.98506812558615,13.764976257491552
person_4.mp4,front,382,6374,59.927403857559725,848,478,60.13529656302887,61.58025856077781,72.20278313447793,69.98364368527228,76.07586996120989,78.98982130940662,33.364932534511844
person_4.mp4,front,383,6391,59.927403857559725,848,478,57.792437871332865,59.27842053584956,65.70190022403767,63.32196155135445,74.03890900305248,76.77521846560784,39.17155993883585
person_4.mp4,front,384,6408,59.927403857559725,848,478,58.6614326544359,59.78502110588052,68.90342100151132,65.74406934698273,75.85400269758597,78.38128884379893,35.48961672753865
person_4.mp4,front,385,6424,59.927403857559725,848,478,56.73394701752338,58.21613592289948,64.17000283664906,61.95356869592581,74.01799956030428,77.1559260578283,39.50969986851993
person_4.mp4,front,386,6441,59.927403857559725,848,478,52.85347032880757,54.0561222902136,54.37522267172913,52.70864552146926,69.91743718011328,73.00115641493056,48.22990161113132
person_4.mp4,front,387,6458,59.927403857559725,848,478,53.81958584653858,55.110623221793716,60.33888727771554,58.22715178943145,71.56679812115121,74.71873021797822,42.39441964392676
person_4.mp4,front,388,6475,59.927403857559725,848,478,52.10655869786802,53.74078897974688,53.27732121055335,51.71825685682007,69.49756169334101,73.16647483491607,48.89511506149656
person_4.mp4,front,389,6491,59.927403857559725,848,478,56.61049269741444,57.4989490703039,60.266765270971376,58.803578880566164,74.6678977430046,77.8101846781369,41.9275705975449
person_4.mp4,front,390,6508,59.927403857559725,848,478,56.38977347034542,57.029976395012326,63.59785428895835,61.94405578762716,74.41721603820757,77.13499327446358,38.8392704151065
person_4.mp4,front,391,6525,59.927403857559725,848,478,58.841557050322216,59.84097043418696,70.72708440885505,68.93739277685927,77.38513259765904,80.8514915294746,31.788800512900583
person_4.mp4,front,392,6541,59.927403857559725,848,478,57.937116476861526,58.22825950554609,65.8215704051671,63.16329482167458,75.78547422861064,78.19386787820879,37.49700718311871
person_4.mp4,front,393,6558,59.927403857559725,848,478,60.78553017725588,58.08455911464148,74.75859095074983,72.36587802447504,80.37634169077081,78.18036941472305,28.86774298254771
person_4.mp4,front,394,6575,59.927403857559725,848,478,61.926175498559964,61.87993854504008,84.040637598872,81.50212093338438,80.65854179964396,82.86442060360243,19.560677964545132
person_4.mp4,front,395,6591,59.927403857559725,848,478,53.318988301060436,55.031640651128555,56.32227727475585,55.403900709345955,70.31271206462924,74.8733940028874,45.638376670234756
person_4.mp4,front,396,6608,59.927403857559725,848,478,53.57298638772167,54.51581740585545,55.67276927540903,53.70248097737455,70.171405998588,73.91063466998898,47.18104443041847
person_4.mp4,front,397,6625,59.927403857559725,848,478,52.305708259217056,53.69276182489052,55.55664502335876,53.3372608653657,67.01965985221463,72.89419266889068,47.75754842967303
person_4.mp4,front,398,6641,59.927403857559725,848,478,57.72289487670002,56.801614266887675,80.35589681066239,76.22300788688358,72.49615529767341,76.64262394533029,24.513031593575292
person_4.mp4,front,399,6658,59.927403857559725,848,478,52.67658124590034,53.901233811507325,56.085558803836285,52.66852723646859,66.96031530119978,72.30492743679483,48.29322064191503
person_4.mp4,front,400,6675,59.927403857559725,848,478,52.74185302739356,54.99481016181439,60.46361814712893,58.34888597585859,67.55817470491361,73.08512256391971,43.5786980551313
person_4.mp4,front,401,6691,59.927403857559725,848,478,52.73759182245935,54.77773898978606,58.26199693787675,56.864890142631474,67.12224714477257,71.16456705075998,45.83210014611262
person_4.mp4,front,402,6708,59.927403857559725,848,478,54.430664168237136,55.524243393224225,62.402114182903674,60.40705929565088,68.80187023093464,71.91361956391233,42.8729252276371
person_4.mp4,front,403,6725,59.927403857559725,848,478,57.80136063804215,58.755365096736114,73.77383088092849,70.05938303409815,71.69480767276907,74.74466052693748,33.510634062543616
person_4.mp4,front,404,6741,59.927403857559725,848,478,61.38723227915382,62.164278831648446,92.24393321195633,89.01637856843351,74.27690021600517,78.12967956426932,15.895564802839854
person_4.mp4,front,405,6758,59.927403857559725,848,478,61.850940319726135,63.360643276624025,88.51747873662016,84.74643471515722,74.5658887934278,78.38148686841237,21.642876426191695
person_4.mp4,front,406,6775,59.927403857559725,848,478,65.72616499359206,66.33096557340173,102.09275771131607,98.18683078556664,76.56299079895432,80.01449750078648,9.893965099483948
person_4.mp4,front,407,6792,59.927403857559725,848,478,63.31551364110292,64.89486603614608,92.80944409291547,87.8340802604318,72.19890728949262,77.11796727315729,20.551770610976824
person_4.mp4,front,408,6808,59.927403857559725,848,478,65.8917004574197,67.00801402942834,100.23655213157312,95.04267565764081,73.14124346873734,77.90516712331102,15.129557886895167
person_4.mp4,front,409,6825,59.927403857559725,848,478,72.09245724991018,71.96280016702865,120.40350818537593,114.89008347931967,77.80918700932465,82.78498703908971,4.305447268201098
person_4.mp4,front,410,6842,59.927403857559725,848,478,71.31627066894586,71.82198596750526,107.27236900497093,102.53811191608384,75.73190904048613,80.85866327877035,10.088774928758506
person_4.mp4,front,411,6858,59.927403857559725,848,478,75.06905418090824,75.48570946386793,125.85562076149185,121.85964543143565,78.27926214212357,82.3538621696402,6.482088029254557
person_4.mp4,front,412,6875,59.927403857559725,848,478,76.55781289429507,76.44097154445022,128.57299594102884,125.29803015858982,78.31689080305918,80.92432907759998,8.02027581796845
person_4.mp4,front,413,6892,59.927403857559725,848,478,79.26128330533678,79.01970068902253,134.2045792382853,128.7531392005242,79.05278162555528,81.76656710750208,10.151458857589313
person_4.mp4,front,414,6908,59.927403857559725,848,478,80.27489757615525,82.07065772228567,134.29920197513337,131.51413795241643,78.61763927645389,82.33343974861596,8.292219131352754
person_4.mp4,front,415,6925,59.927403857559725,848,478,85.15873230158877,85.54222967122787,138.6888380321775,135.13909122015616,79.77078858351057,82.57822595649068,10.31460381175116
person_4.mp4,front,416,6942,59.927403857559725,848,478,88.79720855738049,87.81027012411813,144.15192714532913,138.88753746194143,79.61096461950159,81.8161263857137,11.781691452381162
person_4.mp4,front,417,6958,59.927403857559725,848,478,93.95967836203756,90.42168085104201,148.50275851062318,141.67819571184933,80.46301840996678,82.35086251733509,11.45080571285101
person_4.mp4,front,418,6975,59.927403857559725,848,478,93.26340554978195,91.56223541197514,143.33941269471094,137.35698074127197,78.94919920367782,80.62969818299506,5.315490281006659
person_4.mp4,front,419,6992,59.927403857559725,848,478,95.4350936536512,95.06081828076181,141.98437194299385,137.67591656545252,78.88004931311022,80.66056157020154,1.7738592764706473
person_4.mp4,front,420,7008,59.927403857559725,848,478,102.3655494794468,103.80927801221891,145.6017404756293,143.85872603780206,80.46027044801326,82.66536824363575,1.5779074080158724
person_4.mp4,front,421,7025,59.927403857559725,848,478,106.58354932602106,110.6702412983024,143.7218693213458,146.9088163444128,80.09627792846653,82.93112773677758,6.171528756689461
person_4.mp4,front,422,7042,59.927403857559725,848,478,107.35241138027263,118.36259636612243,137.28702816149445,144.38254677058092,80.11580603289275,83.49402429608965,14.45770504185486
person_4.mp4,front,423,7059,59.927403857559725,848,478,109.60495061377006,121.11386715940546,137.31319734142028,143.70190163810955,78.18833292937414,82.39054533741391,19.026404206473917
person_4.mp4,front,424,7075,59.927403857559725,848,478,110.52592557211938,121.04325352166393,134.9625042633987,140.5348781974608,78.9047948062654,82.12265303589675,21.15592675731537
person_4.mp4,front,425,7092,59.927403857559725,848,478,113.8533674279812,125.11579321118434,137.7707583813264,143.83020287062203,78.3596812709086,81.8099551299264,21.721565964869402
person_4.mp4,front,426,7109,59.927403857559725,848,478,117.05117302765183,128.3584924604108,141.30721556064546,146.97979707503322,78.47677868114462,81.50261034172604,21.726780490648164
person_4.mp4,front,427,7125,59.927403857559725,848,478,115.90907149260131,128.02951713079082,140.35745896555105,146.7894300451311,78.12783533940325,80.87999206242452,21.94064380334876
person_4.mp4,front,428,7142,59.927403857559725,848,478,120.52132102626675,131.8259187823109,145.92757668436053,150.25191660585799,78.60786614331916,81.73470166857696,20.36845196793088
person_4.mp4,front,429,7159,59.927403857559725,848,478,125.5711589001513,137.1563787921912,150.5897799855275,154.22739942002565,80.49221318213571,84.12236597393891,18.121515378338543
person_4.mp4,front,430,7175,59.927403857559725,848,478,125.90824216428173,138.44198774782262,151.3233225294475,155.23878354861603,80.32416255521976,83.87250788402027,18.393974116578217
person_4.mp4,front,431,7192,59.927403857559725,848,478,128.88232252406797,139.6153199844107,153.34916820577803,156.12937856771399,80.29793242664847,83.24490552052687,18.618577307134185
person_4.mp4,front,432,7209,59.927403857559725,848,478,127.33665131939426,137.85648043564998,152.8280279512746,153.97802985131167,79.18614982983264,82.575856460949,19.33989049676734
person_4.mp4,front,433,7225,59.927403857559725,848,478,128.2949987424329,138.72439630800318,153.1701533559875,155.11121551227825,79.49186579851555,83.01929309738534,18.679360115491242
person_4.mp4,front,434,7242,59.927403857559725,848,478,126.46587617717987,138.6546407394433,151.51661640547917,156.04011936484147,78.57793749160192,82.20576674123849,18.815858353216704
person_4.mp4,front,435,7259,59.927403857559725,848,478,127.3970011964718,139.21764399388863,152.3779513375422,157.06405499151884,78.8068761873442,82.01784731372175,18.38327734782396
person_4.mp4,front,436,7275,59.927403857559725,848,478,125.90340425427398,139.33437809065833,151.3080625778584,158.46103197447815,78.4577077002941,81.24347435062505,18.319220306290823
person_4.mp4,front,437,7292,59.927403857559725,848,478,125.55346639208524,140.08094055922496,150.27041898454095,159.44017431010784,78.94772667827203,81.54419615806678,18.217318474700992
person_4.mp4,front,438,7309,59.927403857559725,848,478,122.94776387169276,138.53261871360874,148.94030543248826,159.47839486889242,77.30681285347865,80.12886541967882,18.864550557847714
person_4.mp4,front,439,7326,59.927403857559725,848,478,124.88736979000225,138.75581881122875,151.31254457087462,158.9055008950001,77.6024486319896,81.10647896779224,18.355249627359843
person_4.mp4,front,440,7342,59.927403857559725,848,478,124.84521701092318,138.86111160664348,151.69110703285722,159.37783325158432,77.54331554422502,81.1630945604351,18.184858401775603
person_4.mp4,front,441,7359,59.927403857559725,848,478,125.51429624036446,139.13768422994315,151.54613792099232,159.46834379079175,77.71371000202592,80.91045497561524,18.62106713993402
person_4.mp4,front,442,7376,59.927403857559725,848,478,126.13968587479593,138.70247668780286,152.54526874911977,159.18919304817655,77.79326557129546,81.19573526124033,18.673139541086357
person_4.mp4,front,443,7392,59.927403857559725,848,478,127.40698835374705,139.57711369250507,152.15272507548775,158.5799882307304,78.79125810578985,80.96078959284975,19.94646960270983
person_4.mp4,front,444,7409,59.927403857559725,848,478,128.8532332514593,140.730539493832,152.71476696440072,159.78937449940048,80.11135441386311,82.36455110072163,19.31677922380113
person_4.mp4,front,445,7426,59.927403857559725,848,478,128.37380973122728,139.93944771096162,152.67435696493035,159.25354834710907,79.39604003521,81.26581937092958,19.429612159914868
person_4.mp4,front,446,7442,59.927403857559725,848,478,129.16273925332703,141.278334036258,152.756109028906,160.20138302580017,79.82717501442427,81.65219410269201,20.061164346001082
person_4.mp4,front,447,7459,59.927403857559725,848,478,129.06962003486822,140.66803626898943,153.07426305614476,159.39133361241366,79.44460353485472,81.25349084262628,20.052664761502104
person_4.mp4,front,448,7476,59.927403857559725,848,478,127.6444407138385,139.24429142901695,152.89340848371518,158.85792874642857,77.9901606427008,79.67756508189154,20.813723301539834
person_4.mp4,front,449,7492,59.927403857559725,848,478,127.63794428896551,139.68686866293712,152.26397814568858,158.7927154241364,78.49556597059245,80.47577629979007,20.813157170653014
person_4.mp4,front,450,7509,59.927403857559725,848,478,127.75180227662057,139.97897917473026,152.09571186237255,158.42026454977636,79.49033889821726,81.03077910480077,20.895360390524704
person_4.mp4,front,451,7526,59.927403857559725,848,478,129.78722854980091,141.5575272025657,152.8926823485617,159.31553310793663,80.86190638724877,80.96302041270539,21.56557239027474
person_4.mp4,front,452,7542,59.927403857559725,848,478,131.46932245880518,142.55865943443231,153.60814515634175,159.48848347846925,81.98131263957187,81.64617543745021,21.630780859887153
person_4.mp4,front,453,7559,59.927403857559725,848,478,132.46746319355938,143.35507857231133,154.20509750208558,160.32691660760992,82.40836310204993,81.68396062997847,21.280848813352087
person_4.mp4,front,454,7576,59.927403857559725,848,478,131.6620115602083,143.10711330185615,153.63318340271582,160.8217770798406,82.10971772738591,81.75765206965023,20.960972818225496
person_4.mp4,front,455,7593,59.927403857559725,848,478,131.21995112055703,143.294454951497,153.35331143524238,161.14778685503953,82.02039638351738,81.65435741630841,20.724451964913086
person_4.mp4,front,456,7609,59.927403857559725,848,478,130.7507666520143,142.4727781315792,153.6277074604806,160.83741909120363,81.87885129287577,81.23712863723104,20.275636983646688
person_4.mp4,front,457,7626,59.927403857559725,848,478,132.2696977210143,143.7734059606958,154.51564226848222,161.6089933984792,82.68099166539078,81.74098429786609,20.396018321683258
person_4.mp4,front,458,7643,59.927403857559725,848,478,133.05602936788938,143.13546037500876,154.90230205013535,160.95114757025436,83.2087067043266,81.52704911183433,20.376314010773434
person_4.mp4,front,459,7659,59.927403857559725,848,478,133.68114804608635,144.05425759930625,155.60208364751932,161.5755017360498,83.48524644916711,82.3678024396108,20.27441760676575
person_4.mp4,front,460,7676,59.927403857559725,848,478,133.19458398365893,143.55136800995817,155.94147584761745,161.19407305312419,83.67158729623792,82.24158492636995,19.775324312132454
person_4.mp4,front,461,7693,59.927403857559725,848,478,133.67269395403673,143.24117436177187,156.3359876750073,160.92684734406583,83.56293752961268,81.35605649171492,20.159186104764842
person_4.mp4,front,462,7709,59.927403857559725,848,478,133.75607805255808,143.21384235494682,156.26903420631717,160.8515177391201,84.01073365229989,81.22204432851886,19.996860874299074
person_4.mp4,front,463,7726,59.927403857559725,848,478,134.01656911992652,143.20909988364136,156.47437145808962,160.76475166400445,84.2178592915638,81.40862067332544,19.929559989844947
person_4.mp4,front,464,7743,59.927403857559725,848,478,133.96794182833995,142.8920715637151,156.41903398849672,160.5723405033402,84.30247690631174,81.50789454068182,19.920155707213393
person_4.mp4,front,465,7759,59.927403857559725,848,478,133.7523659452505,143.20570783575764,156.2827732190975,161.44079663867007,84.22628775049297,81.37506918426244,19.981984552256485
person_4.mp4,front,466,7776,59.927403857559725,848,478,133.5882502816187,143.16432956407203,156.123239495193,161.27598867876915,84.13735171494356,81.33968537607532,19.957269831974408
person_4.mp4,front,467,7793,59.927403857559725,848,478,133.38896738004834,143.16547825139506,155.9998278198676,161.27590141550678,84.02653990302768,81.49908103597362,19.939272564630357
person_4.mp4,front,468,7809,59.927403857559725,848,478,133.37455508300621,143.2265208437733,156.1772895630248,161.32766158773822,84.09094442082439,81.71304834961822,19.760558822437385
person_4.mp4,front,469,7826,59.927403857559725,848,478,133.33753621667677,143.1474041559998,156.1254732184192,161.18895402236427,84.08617297918946,81.53347465253975,19.76863672755996
person_4.mp4,front,470,7843,59.927403857559725,848,478,133.1841840020229,142.76021692004426,155.965698901067,161.25822734821656,84.05243887308757,80.99925956247677,19.94814872785099
person_4.mp4,front,471,7860,59.927403857559725,848,478,133.2745481031825,143.07079676325927,156.138111320368,161.31082320114118,84.06434711668587,81.08039742292081,19.820371760929458
person_4.mp4,front,472,7876,59.927403857559725,848,478,133.29675570002382,143.061210277564,155.9739424945372,161.31059032570877,84.04751883312946,80.94697809838046,19.835973286864608
person_4.mp4,front,473,7893,59.927403857559725,848,478,132.7811281311925,142.66757219362984,155.7507796609195,161.17656537683857,83.45829400781633,80.37545816933587,20.263681086912456
person_4.mp4,front,474,7910,59.927403857559725,848,478,132.85922844539147,142.7093666889895,156.2401920478208,161.2259802625697,83.66682453847898,80.09326871532434,19.80729671297269
person_4.mp4,front,475,7926,59.927403857559725,848,478,132.09120924673874,142.6005921491378,155.88264229874378,161.05548584716064,82.99775210033019,79.954346906002,20.07730999298679
person_4.mp4,front,476,7943,59.927403857559725,848,478,132.6472154322895,143.5837539909722,155.80858611354657,160.74617965896238,83.57866491441106,81.09914149313745,20.034114399314998
person_4.mp4,front,477,7960,59.927403857559725,848,478,132.57827888588048,143.3502302716652,155.8070429382827,160.94000590084744,83.40623952035118,80.8020556144778,20.016141664957004
person_4.mp4,front,478,7976,59.927403857559725,848,478,132.4761291241534,142.91218033130608,155.68597173171202,160.38389245669842,83.50596503730549,80.95831848145505,19.94930196801607
person_4.mp4,front,479,7993,59.927403857559725,848,478,132.94899206848794,143.09523523953726,155.99738241834618,160.44539157684255,83.77754470024686,81.13793521524279,19.884987364503697
person_4.mp4,front,480,8010,59.927403857559725,848,478,132.70053827727278,143.01042199079305,155.78476249957737,160.4254710151442,83.78770126225092,81.2283102563281,19.892332291532007
person_4.mp4,front,481,8026,59.927403857559725,848,478,133.24911812230172,143.01270520527183,156.05196221995166,160.4347228440594,84.0970196416168,81.02301532697106,19.924223640707588
person_4.mp4,front,482,8043,59.927403857559725,848,478,131.12755370000895,140.68469512559432,154.47342545257354,158.5547894611049,83.50172719733438,80.23468823141937,19.94190544634639
person_4.mp4,front,483,8060,59.927403857559725,848,478,128.74463818669153,137.80084474333293,152.20131129658878,158.5841089322998,82.11596145192154,77.83700498666805,20.748021661467973
person_4.mp4,front,484,8076,59.927403857559725,848,478,128.06863780993643,137.9930971107702,151.77312269098542,158.27679221863616,81.52507089618965,77.82929142661311,21.15534079602821
person_4.mp4,front,485,8093,59.927403857559725,848,478,126.83798263498412,137.68617996082753,150.97972783932866,158.25001761690723,81.01750404720705,77.78920183359133,21.278647052454435
person_4.mp4,front,486,8110,59.927403857559725,848,478,125.40883232909647,136.85010896440073,149.56875236492218,158.21434191271015,80.22325448105428,77.12982483546871,21.746767983985844
person_4.mp4,front,487,8126,59.927403857559725,848,478,124.7209717189766,136.7249766612633,148.5590427865789,158.45515864514348,79.76400501796397,76.91860454342603,22.00973105286777
person_4.mp4,front,488,8143,59.927403857559725,848,478,124.94167811667641,136.98675394918155,148.95848892310593,158.59675841176013,79.81296468774677,77.24501057493644,21.729775166040803
person_4.mp4,front,489,8160,59.927403857559725,848,478,124.48306414345993,137.05498712355714,148.84008060000323,158.76184683414553,79.45828226910982,77.19639572384594,21.603898285993008
person_4.mp4,front,490,8177,59.927403857559725,848,478,124.21644261654764,137.41559160764044,148.75839051097648,158.8073504750302,79.68797858848114,77.87655836508446,21.538100917817626
person_4.mp4,front,491,8193,59.927403857559725,848,478,123.57753183661133,137.52555781308948,148.25598020255973,159.10086824147342,79.10216720634857,77.98756044850897,21.69490239633184
person_4.mp4,front,492,8210,59.927403857559725,848,478,124.89302491092711,139.3102844570341,148.417627403078,160.2653437234327,79.8390509780625,80.12415803124925,20.930954640664115
person_4.mp4,front,493,8227,59.927403857559725,848,478,125.28868673229637,140.0704920794598,147.83352701482602,159.94821982744733,79.67342127272624,81.32345396772095,21.334361168575732
person_4.mp4,front,494,8243,59.927403857559725,848,478,125.82900321504037,140.16461578550698,147.99819921283813,160.23757240217662,79.9849064122564,81.76523137034835,20.940646170888556
person_4.mp4,front,495,8260,59.927403857559725,848,478,126.25095893712258,140.25236988809212,148.25455523131725,159.67587626396735,79.8697590774263,82.24709772860398,21.103717706775683
person_4.mp4,front,496,8277,59.927403857559725,848,478,126.15813597944445,141.49682944091492,148.44457338362105,156.92741734368434,79.73142634852134,85.54373483652171,20.79841116534235
person_4.mp4,front,497,8293,59.927403857559725,848,478,126.58890542355593,141.21643809216323,148.60509429868176,156.3297888282407,80.02678182200286,86.02113065905424,20.826466273745748
person_4.mp4,front,498,8310,59.927403857559725,848,478,127.82100971061783,141.7926132525682,148.44210689892424,156.23098022356967,80.83274009816431,86.44585141448331,20.866992982457663
person_4.mp4,front,499,8327,59.927403857559725,848,478,128.1859160969062,141.16908756885573,148.88070959465125,155.42915378628044,81.03950296374492,85.71432472043952,20.74638879492797
person_4.mp4,front,500,8343,59.927403857559725,848,478,127.94609747379857,140.15449449419947,148.9169468930195,154.70388352838165,80.97585078311594,85.0197219614259,20.72338285247653
person_4.mp4,front,501,8360,59.927403857559725,848,478,126.05369724180977,138.45439380324635,147.52465789001792,153.63322531009504,80.13019258448577,84.42749908565696,20.982516699291168
person_4.mp4,front,502,8377,59.927403857559725,848,478,125.92197434843058,138.2963077166117,147.31131812859505,153.25533475262628,80.21294701361622,84.37757079054487,21.32595179180069
person_4.mp4,front,503,8393,59.927403857559725,848,478,123.3857585647444,135.99120532620086,145.3405018727379,151.45625950873236,79.83278529712604,83.74767731673151,21.491720408310957
person_4.mp4,front,504,8410,59.927403857559725,848,478,123.72080479672795,136.89021975448057,145.89916924985047,152.278587952447,80.17074164506018,85.17396619812224,20.844719112255817
person_4.mp4,front,505,8427,59.927403857559725,848,478,124.2877337825006,137.05290243656404,145.448375397567,152.21808296223494,81.17117005737184,87.81948329274746,21.273433050926375
person_4.mp4,front,506,8444,59.927403857559725,848,478,123.35081545242709,135.7297244198186,143.00886212489291,151.61198255875144,82.69359069764543,85.9447768334639,21.500132551177312
person_4.mp4,front,507,8460,59.927403857559725,848,478,124.34806738661305,136.13826599274572,143.7371080926393,152.48031196579768,83.97726453707078,85.98052943368172,20.475134573772454
person_4.mp4,front,508,8477,59.927403857559725,848,478,122.23333923736085,134.70697343682778,142.78355296428023,151.81124257753976,83.47355769819221,85.12468688508484,20.077534403194537
person_4.mp4,front,509,8494,59.927403857559725,848,478,118.20608965005022,132.45903827692928,138.69004960976335,150.5433386375682,83.53335033233951,84.172034614145,19.849034695640686
person_4.mp4,front,510,8510,59.927403857559725,848,478,119.76205005338613,131.17481337817685,144.57017075609255,153.7166161770754,84.15193283597804,85.34094693358472,14.74120481486698
person_4.mp4,front,511,8527,59.927403857559725,848,478,115.394268354911,123.13442639007492,145.3130473363219,151.66431109952273,80.66013463300823,81.46583634841072,12.46095566097084
person_4.mp4,front,512,8544,59.927403857559725,848,478,113.65465792211586,113.60514970982216,152.86807800490368,150.91083132197676,80.66922894167897,81.83987549802316,3.1969674224434703
person_4.mp4,front,513,8560,59.927403857559725,848,478,111.22014393735161,110.62931150846943,150.80328863700308,147.06557920134418,79.23540417636376,80.4280011949512,4.943520049744869
person_4.mp4,front,514,8577,59.927403857559725,848,478,107.59498410698384,107.33178084616546,152.17667190602253,149.20673505980213,78.48235423768779,79.45080748561688,0.41375953613743754
person_4.mp4,front,515,8594,59.927403857559725,848,478,103.96661260479907,100.37511454355501,149.9689996168056,144.34838943676513,77.85261275150441,77.94921368086828,0.4068957119387557
person_4.mp4,front,516,8610,59.927403857559725,848,478,102.84445866416031,97.37821955316737,151.32305017271668,144.34491377494612,79.94395085922957,79.87598297104152,5.245483333006768
person_4.mp4,front,517,8627,59.927403857559725,848,478,91.30240149397325,92.02422693340893,139.4655828386558,134.39181057318422,73.88672217703403,75.24599651508922,2.701767832838696
person_4.mp4,front,518,8644,59.927403857559725,848,478,93.59556956739462,90.72745145829171,141.21270454623595,134.17628322830336,75.79057413827489,77.06916036226566,1.2310794786084793
person_4.mp4,front,519,8660,59.927403857559725,848,478,93.99928920654138,91.47757562000758,144.40025428939995,138.1286682333162,78.44395719861099,79.85422400799376,4.247293225190934
person_4.mp4,front,520,8677,59.927403857559725,848,478,95.7363841321697,90.8349494264113,150.49942761938485,142.51319233763266,79.94856767568446,80.8852235660727,10.152181655835598
person_4.mp4,front,521,8694,59.927403857559725,848,478,92.51229819086029,89.51211733665188,151.8256786038294,145.12146320834844,79.5739973225575,80.54684934413955,13.90191479453856
person_4.mp4,front,522,8711,59.927403857559725,848,478,91.86105297187108,87.47412243674381,154.02055058787178,148.64899120353766,80.74142773452795,81.52111159238967,18.804214834892978
person_4.mp4,front,523,8727,59.927403857559725,848,478,91.47876309029746,89.00592954116424,157.31242574382244,153.449731255461,80.46482521991511,81.42091655965837,21.89066963438141
person_4.mp4,front,524,8744,59.927403857559725,848,478,92.02409159241368,88.77705968252437,153.2530615082288,148.9747233032398,84.64373474603387,85.16258102942913,21.7656725668276
person_4.mp4,front,525,8761,59.927403857559725,848,478,89.95484191357293,86.42598220098289,152.57502278830964,149.137772627833,84.34130006490732,84.22709856920075,23.31597505530232
person_4.mp4,front,526,8777,59.927403857559725,848,478,83.83174691898346,82.53362424469303,148.50522450275616,145.19699103227464,81.48788529754142,82.6976606702168,21.627477745637197
person_4.mp4,front,527,8794,59.927403857559725,848,478,84.36136271208962,81.31013011587159,148.62752042579976,144.72564775138963,83.16259608422031,83.69694045675621,23.25569878342886
person_4.mp4,front,528,8811,59.927403857559725,848,478,82.12652064045878,80.33221242632065,145.00388967566573,143.4276606679731,83.60132208580127,84.74697822996572,23.31396598204349
person_4.mp4,front,529,8827,59.927403857559725,848,478,80.07660725607424,77.64006954763134,146.96793147786312,142.422362730854,81.3356266494478,82.1570070492079,23.68220688805463
person_4.mp4,front,530,8844,59.927403857559725,848,478,80.00323570136965,79.0472972626398,143.91609015714994,140.97948752569266,83.51963368597686,84.81601058581575,23.49919122156671
person_4.mp4,front,531,8861,59.927403857559725,848,478,78.89120880505808,77.67073486926232,145.06319225397328,142.9239334818644,82.90059152951443,84.0891943558672,25.047858378625115
person_4.mp4,front,532,8877,59.927403857559725,848,478,80.27034959159937,79.49222358807909,141.25346202437697,138.64091476814713,85.58444517424203,87.03455912830536,23.04803537805041
person_4.mp4,front,533,8894,59.927403857559725,848,478,79.28291920751458,79.46380923494445,137.90265678360825,134.46724074907087,85.7828047149021,87.6437759131393,20.61805479320015
person_4.mp4,front,534,8911,59.927403857559725,848,478,73.63122263123024,73.86116277359821,126.11214977221218,121.94046751832568,80.64279780962842,82.31324002808718,8.690025938805084
person_4.mp4,front,535,8927,59.927403857559725,848,478,71.48311074522697,73.34900204280181,121.3469830954401,119.10906277027925,79.61275596262617,82.13351856586948,5.783960527754266
person_4.mp4,front,536,8944,59.927403857559725,848,478,70.82448700023028,72.77526981359983,117.48043570595988,115.429877478446,79.13385944903914,81.711050952456,2.1769908729730916
person_4.mp4,front,537,8961,59.927403857559725,848,478,69.7729368052056,71.71111805126723,110.47328380964724,107.33055488006471,78.98670485625044,80.97160454851766,5.0013762995693405
person_4.mp4,front,538,8978,59.927403857559725,848,478,70.91055277816636,73.05042301282238,115.42393639888881,111.68453052539122,81.29621559968811,83.44114880957017,1.3441573548888328
person_4.mp4,front,539,8994,59.927403857559725,848,478,71.0646406928267,71.93561326270627,115.56295323792746,111.26493215325573,81.0387463710527,82.61996387250018,1.457323266200372
person_4.mp4,front,540,9011,59.927403857559725,848,478,67.95163128012973,69.89460345485372,101.20872865607724,96.58577261815816,78.22871279481815,80.36742290560183,12.620758351316672
person_4.mp4,front,541,9028,59.927403857559725,848,478,62.34693555695928,63.78393605695569,81.21360878924104,76.52597971741496,72.32142850994953,73.40434418428732,31.698193988806263
person_4.mp4,front,542,9044,59.927403857559725,848,478,62.399086332058125,64.47180842898162,87.46892127111286,83.36312254104877,73.219388570822,74.90656851424313,24.638303609670157
person_4.mp4,front,543,9061,59.927403857559725,848,478,60.25070092707677,62.790960974138805,80.70002555702223,77.0477207472501,71.85266799443991,73.74480220431329,30.45432826449023
person_4.mp4,front,544,9078,59.927403857559725,848,478,57.872705442856244,60.38158425498607,71.76151008525541,68.59283628643965,69.57306893775682,71.66393267652515,38.32801475871004
person_4.mp4,front,545,9094,59.927403857559725,848,478,55.70920053928587,58.300528284160855,68.8769630310079,66.413023769859,68.36478164221913,70.42057716988312,40.25547072045036
person_4.mp4,front,546,9111,59.927403857559725,848,478,54.954919097411036,57.34432094441006,66.09048343605554,64.29011889544707,67.66021509768703,69.64326834237224,41.958925811536595
person_4.mp4,front,547,9128,59.927403857559725,848,478,49.98199089708982,53.07677406738983,54.15895258340666,53.57206611574379,63.04650411147134,66.60514191216205,52.37210701561828
person_4.mp4,front,548,9144,59.927403857559725,848,478,48.06312038743456,51.6601621654955,54.120994621684666,54.99036010972369,61.70658707368508,64.43139184584305,51.2436668359368
person_4.mp4,front,549,9161,59.927403857559725,848,478,50.69109687698514,53.535074633430185,62.29852669576135,62.230329447312435,64.43704566433546,66.78336394391559,43.81021513218349
person_4.mp4,front,550,9178,59.927403857559725,848,478,48.951586761471646,51.800629374898925,54.629923583239325,55.097708221538426,62.943466713982495,65.81576837199673,50.599433390464775
person_4.mp4,front,551,9194,59.927403857559725,848,478,49.13302896124547,51.45570152725537,55.27749869936178,55.74092585345773,63.38010108471754,66.02811174422685,49.9501006764409
person_4.mp4,front,552,9211,59.927403857559725,848,478,48.08954329562078,50.743121213703745,51.531452735882816,52.436089904645094,62.791132350047675,65.41416242971326,52.96058189630229
person_4.mp4,front,553,9228,59.927403857559725,848,478,46.94408392835913,50.23263119817733,47.33499377579771,48.618478201371595,61.421405064068885,64.00129903823193,56.75841053796271
person_4.mp4,front,554,9245,59.927403857559725,848,478,47.271614302461835,48.72732977650909,50.325580359963766,50.468677224986855,62.22138401817515,62.83095931288059,54.10541052322201
person_4.mp4,front,555,9261,59.927403857559725,848,478,48.21342298554971,49.391130655140984,55.054662030691546,55.093931428782206,63.1235873850679,64.0303127460292,49.39531416792349
person_4.mp4,front,556,9278,59.927403857559725,848,478,47.69646773538894,49.368680229950854,54.96261915315253,54.264589688687465,63.06518401761883,64.37659404220281,49.462483664629495
person_4.mp4,front,557,9295,59.927403857559725,848,478,47.071691920160646,48.930879156969425,53.97413064704886,53.08403556528665,62.532268586480726,64.19260288506008,50.2719513185695
person_4.mp4,front,558,9311,59.927403857559725,848,478,45.99944196983052,47.491151612734996,51.368456147775596,51.557330981895866,61.786295519395985,63.14511072810987,52.164555131997524
person_4.mp4,front,559,9328,59.927403857559725,848,478,46.64665505744209,47.32675567864397,53.18792985424344,53.304052758567856,61.88448964814005,63.12521323820464,50.14653208426439
person_4.mp4,front,560,9345,59.927403857559725,848,478,45.53564240597801,46.60073177959289,51.21271575561749,50.96381758370226,61.29694691367017,62.53446223041859,52.08522964958715
person_4.mp4,front,561,9361,59.927403857559725,848,478,44.620093499008064,45.58133629582428,50.313201258769205,50.14254910728361,60.44764106411575,61.63388747536981,52.62792576513538
person_4.mp4,front,562,9378,59.927403857559725,848,478,44.245792911379915,45.25142696356484,49.077206266578784,49.15761809906515,59.65104046279052,61.126401321063895,53.93796593158824
person_4.mp4,front,563,9395,59.927403857559725,848,478,43.886281028198916,44.8912066342457,48.51255907871673,48.43445399450015,59.480613454633,61.1571663879769,54.522180799758836
person_4.mp4,front,564,9411,59.927403857559725,848,478,43.41455178127292,44.00863703704842,49.91714148737901,49.69773559934796,59.1188083469076,60.588548491019765,53.593402169118605
person_4.mp4,front,565,9428,59.927403857559725,848,478,42.778533454784686,43.57061788288845,48.987172752562174,48.71387880124585,57.9392237283227,59.614249483698,54.955747537405394
person_4.mp4,front,566,9445,59.927403857559725,848,478,43.43133971785933,44.6849438522307,48.86934555765416,48.477845853510686,57.9710156580475,60.235228548665226,55.280918623887445
person_4.mp4,front,567,9461,59.927403857559725,848,478,43.93074254252697,45.576766098206996,49.57911147734643,49.601443091845105,58.242706896288276,60.99539337604881,54.48597733669692
person_4.mp4,front,568,9478,59.927403857559725,848,478,42.91880323259757,45.261415543781105,47.01487109596852,46.96115505632826,56.41261847919294,59.2267428674386,57.5607315581384
person_4.mp4,front,569,9495,59.927403857559725,848,478,44.911882974261786,46.578618285975935,50.56669207265392,50.45286191700367,57.7125582848009,60.17024865605776,54.818237601759165
person_4.mp4,front,570,9512,59.927403857559725,848,478,45.656135935489765,47.44732686653597,51.78356238523826,51.31559117486469,57.641496505659724,60.243262771915674,54.402757534819585
person_4.mp4,front,571,9528,59.927403857559725,848,478,47.22373501213117,48.387240377630675,54.29065329721426,53.232721815417015,57.86996124299785,60.62074668398817,53.14575013841024
person_4.mp4,front,572,9545,59.927403857559725,848,478,48.8958443102402,49.386675104275184,53.85565122941338,52.05823944240139,59.832187312832,60.48242398859823,54.4586340522834
person_4.mp4,front,573,9562,59.927403857559725,848,478,51.094251704582796,51.35768008135373,59.576630975187676,57.21901421204866,60.298187118544945,61.401944338809045,50.1296936791786
person_4.mp4,front,574,9578,59.927403857559725,848,478,53.09413518685423,53.64726101640027,62.79113590028066,60.4526905107271,60.87938297517166,62.761468311139204,48.108541410682044
person_4.mp4,front,575,9595,59.927403857559725,848,478,53.32318738450121,53.98849999549089,61.35668451598616,59.55358177165932,60.13483287643324,61.76959410204937,49.64308389106015
person_4.mp4,front,576,9612,59.927403857559725,848,478,54.83190366310635,55.71284611002173,64.46462121581084,62.83556475375798,60.525633468950076,62.46080220892449,47.50779270294767
person_4.mp4,front,577,9628,59.927403857559725,848,478,61.17954974662573,62.51168177069052,84.58744936861552,83.28042895447672,65.27918580025542,68.55457766653664,29.328610834593384
person_4.mp4,front,578,9645,59.927403857559725,848,478,67.62303493250727,69.04063078199526,105.67809205146898,104.31428830958387,71.64926659235434,75.3168117453023,10.746857357238701
person_4.mp4,front,579,9662,59.927403857559725,848,478,71.11222553365036,71.66794315454273,117.37461227421477,114.05514618528464,75.40773129923238,77.80801097235255,2.625981887231591
person_4.mp4,front,580,9678,59.927403857559725,848,478,72.33023444946305,73.03386912787471,113.11903849709729,107.82020128789722,74.74416406033811,77.19510338520904,9.73352419128322
person_4.mp4,front,581,9695,59.927403857559725,848,478,72.3059422041652,72.13744484501547,114.7706795837863,106.936557973087,73.57775082386657,75.6911790396118,9.40208160647627
person_4.mp4,front,582,9712,59.927403857559725,848,478,75.81718413659058,75.50799587555898,123.39266283256576,116.92342806826086,75.12649953711637,77.31156911840147,2.5708360406756223
person_4.mp4,front,583,9728,59.927403857559725,848,478,78.58356676011643,78.1171453153705,124.57962822231282,117.73457967794029,75.53733411553665,77.56242214428512,3.7571220354279022
person_4.mp4,front,584,9745,59.927403857559725,848,478,82.63771934427282,81.59223595328632,129.14660798560985,123.32364784661783,75.9365579541882,77.29201355862996,3.2678774409014864
person_4.mp4,front,585,9762,59.927403857559725,848,478,86.68430836828085,84.61002065943426,133.05705982745866,127.95377193521773,76.38193991438932,77.0160542719283,2.681076912345217
person_4.mp4,front,586,9778,59.927403857559725,848,478,88.22166874723018,88.6199784664941,135.29207344539546,131.56387513872124,76.88143793093313,77.67036760395966,2.222675527001937
person_4.mp4,front,587,9795,59.927403857559725,848,478,93.11303564838805,91.87548134812229,140.05257682815434,135.19410868353157,77.95184409157169,78.28169160230586,1.2799319403838638
person_4.mp4,front,588,9812,59.927403857559725,848,478,96.44058088951317,93.2963778261209,141.0775993413223,136.20343553158636,78.4570965461635,78.57598381159504,2.4444138927077965
person_4.mp4,front,589,9829,59.927403857559725,848,478,99.02748648879185,100.08818066626345,142.2587757874099,140.57859424456456,79.18304608419764,80.64879116620632,4.038890880868255
person_4.mp4,front,590,9845,59.927403857559725,848,478,104.44363394059236,107.484878649219,143.44645384729495,144.37714370730785,79.35824282015386,81.4708082544021,7.468576586667923
person_4.mp4,front,591,9862,59.927403857559725,848,478,101.31091920218738,104.59470449105332,139.43817513482952,139.08657239822384,79.42279493187114,81.28589731677958,9.161945891694469
person_4.mp4,front,592,9879,59.927403857559725,848,478,106.38870345382847,108.1369238967954,141.17840088837465,139.95454569837,80.34519774420659,81.63566000585783,11.44700806168885
person_4.mp4,front,593,9895,59.927403857559725,848,478,104.32563832196173,110.93029423398006,137.08840845926693,141.46731031870183,78.86904055292885,80.16034543345744,13.980921231813584
person_4.mp4,front,594,9912,59.927403857559725,848,478,104.52877263007844,111.7117418917323,134.43682316424946,138.25648454165156,78.37277145717866,79.65692656545784,17.09354361103923
person_4.mp4,front,595,9929,59.927403857559725,848,478,109.81108118867739,120.04010188719231,135.31527226533905,141.37430134165663,80.24613081492453,81.81685626925555,19.935894789906605
person_4.mp4,front,596,9945,59.927403857559725,848,478,112.7151216929562,123.90012500580717,137.73435489126865,144.3846818796012,79.69447659805782,81.54892222608642,20.62311472170499
person_4.mp4,front,597,9962,59.927403857559725,848,478,121.51177696251095,131.629700308629,146.49441992168198,148.11976292153332,83.53899776002707,85.1186145440183,18.114462952357094
person_4.mp4,front,598,9979,59.927403857559725,848,478,122.21832214884539,129.57928397747023,149.8666786690118,149.18088673507046,81.26985630450457,82.85722478712235,18.294876333636683
person_4.mp4,front,599,9995,59.927403857559725,848,478,123.7103075003812,131.8349143185542,152.53046582981023,151.98762771689775,79.79197472325149,82.07844802062715,17.646082334361328
person_4.mp4,front,600,10012,59.927403857559725,848,478,125.86262059294947,137.66562673314723,152.48870639413178,155.38925018862307,80.8180266910326,83.9407182300421,17.65638391978319
person_4.mp4,front,601,10029,59.927403857559725,848,478,126.97986425165422,138.2853636125945,152.25239464038398,156.18184486273918,80.34972269029386,83.7626314588646,18.389650274119784
person_4.mp4,front,602,10045,59.927403857559725,848,478,127.50332965384447,139.84163675114485,151.23660470245204,156.76562222624173,80.78016005245468,84.01298782687212,19.119300393761783
person_4.mp4,front,603,10062,59.927403857559725,848,478,129.5062699610067,139.97970823977613,153.72347705070123,156.89234521326844,80.32947970420949,83.47902602365491,18.535084276596017
person_4.mp4,front,604,10079,59.927403857559725,848,478,130.6200265899451,140.39035256711776,154.78227410294372,157.6787776561687,80.70464186383501,83.587994971951,18.10167247555787
person_4.mp4,front,605,10096,59.927403857559725,848,478,130.17208235182557,140.20426623119235,155.5065057106158,157.67691627756196,80.30902719437051,83.59486395721726,17.63606737785476
person_4.mp4,front,606,10112,59.927403857559725,848,478,128.75674508373334,139.43554614826206,155.25599467985177,158.5115360398512,79.40066268208409,82.46452288447323,17.443026902353044
person_4.mp4,front,607,10129,59.927403857559725,848,478,126.70878272988448,137.70295468898377,153.5631946712661,159.65883931933348,77.71377211389202,79.17843333424702,18.491606592413298
person_4.mp4,front,608,10146,59.927403857559725,848,478,126.542218039469,137.90316440618136,152.97361930164658,160.53277260891852,77.82842660462093,78.72340755039936,18.701010107595824
person_4.mp4,front,609,10162,59.927403857559725,848,478,128.50500706492102,137.73044547250976,154.49688742526925,159.79311156509925,78.23106849134753,79.2776736856747,18.321332294884837
person_4.mp4,front,610,10179,59.927403857559725,848,478,126.75212727354912,137.75372265431133,153.3406228317246,160.32145761535418,77.5938077562042,78.4778796157326,18.868936977265722
person_4.mp4,front,611,10196,59.927403857559725,848,478,126.71512407111767,138.2153647950622,153.6626187132426,161.19697188256896,77.63290302002518,78.58001949518057,18.701931436968085
person_4.mp4,front,612,10212,59.927403857559725,848,478,125.9227916771668,136.93704453972933,153.28200390071558,160.39685352113352,77.35722983948811,77.78144187193497,18.68669188455811
person_4.mp4,front,613,10229,59.927403857559725,848,478,126.33726995483717,137.96330633845002,153.45173333200088,161.62813097748608,77.87923701957702,78.29190220527367,18.281533266380865
person_4.mp4,front,614,10246,59.927403857559725,848,478,125.3944206292821,137.5700936572924,153.53720120573024,160.65324282784795,77.04733219010991,78.7523211824819,18.11321406635747
person_4.mp4,front,615,10262,59.927403857559725,848,478,125.63688289606847,138.16707850807353,153.74075092980559,161.28939550294407,77.38474360153702,79.11104917018994,17.905163806710156
person_4.mp4,front,616,10279,59.927403857559725,848,478,126.84622377796872,138.69297995060288,154.09134962642472,160.8372010461926,78.96793825038795,80.27690648780988,17.947713571545744
person_4.mp4,front,617,10296,59.927403857559725,848,478,126.88369086036897,140.0877250401714,153.57840644411021,162.20663145054698,78.93307496687281,80.95720576229748,18.141374624424948
person_4.mp4,front,618,10312,59.927403857559725,848,478,128.52776400635176,139.6890571459274,154.77335411648642,161.5207046141141,79.95270725342405,81.2438583460474,17.925606571750993
person_4.mp4,front,619,10329,59.927403857559725,848,478,130.12614077992973,140.733433257454,155.5683926600063,161.75838870260048,80.27618187864432,82.16470828348821,17.83646093540397
person_4.mp4,front,620,10346,59.927403857559725,848,478,129.79183562814535,140.35766501252405,155.21075029986653,161.64543005827875,79.98558568129748,81.73909788102158,17.963875258603597
person_4.mp4,front,621,10363,59.927403857559725,848,478,130.35976676784128,140.69545916037293,155.34096941904377,161.78627645174686,80.4003234293134,82.04125201394982,17.9567724280102
person_4.mp4,front,622,10379,59.927403857559725,848,478,132.1838710716336,142.2430529123618,155.44494528536816,161.76939732298558,81.82770193207539,83.239538921734,18.66164560749678
person_4.mp4,front,623,10396,59.927403857559725,848,478,133.69704518776584,142.6644916862587,155.9599868619673,161.09403779154573,82.90932662859053,83.55665844510219,19.23033975810981
person_4.mp4,front,624,10413,59.927403857559725,848,478,135.08423789005377,143.02753446702326,156.60869154258532,161.43121627864113,83.52927115355274,83.9185937917963,19.145503384361586
person_4.mp4,front,625,10429,59.927403857559725,848,478,134.12071897856333,142.8952142884285,155.8645980327793,161.61858001309403,83.29331258445207,83.82897060651031,19.18920800028303
person_4.mp4,front,626,10446,59.927403857559725,848,478,133.98313952515338,143.36205508786375,155.73274665834725,162.63820210656894,83.45488194456081,83.75527150864045,19.069479530652153
person_4.mp4,front,627,10463,59.927403857559725,848,478,133.6864392765337,143.36206394329693,155.54180746566706,162.4371022778725,83.49668880302919,84.006876434722,18.982789999526545
person_4.mp4,front,628,10479,59.927403857559725,848,478,133.25286349287617,142.70535776418484,155.39420023104174,162.051824240002,83.19957251147174,83.62968437278359,18.874057108037277
person_4.mp4,front,629,10496,59.927403857559725,848,478,133.8314603347854,142.66305669895775,155.76581991923578,161.87394913424637,83.59803310984194,83.67649289894635,18.880140284710464
person_4.mp4,front,630,10513,59.927403857559725,848,478,135.37511071920423,143.75322122236096,155.5937604520886,162.23691941513778,84.79730136285043,84.06414597754512,19.28582258833871
person_4.mp4,front,631,10529,59.927403857559725,848,478,134.66780001630167,143.22363817975423,155.576922617681,161.73015053172972,84.01685299879723,83.82224044148843,19.364990326098194
person_4.mp4,front,632,10546,59.927403857559725,848,478,135.5393782960338,144.24100615068735,155.3040589922479,162.46180252123398,85.54193421694988,84.15203786739187,19.35565179830066
person_4.mp4,front,633,10563,59.927403857559725,848,478,135.86677746388798,144.13977821930058,155.2239189650906,162.99318285456945,85.83205836268681,83.33810757103271,19.718180806080408
person_4.mp4,front,634,10579,59.927403857559725,848,478,135.61415714450885,143.78165740080135,155.1318438489567,162.61347635046135,85.79334565628974,83.33063527396749,19.652413330358065
person_4.mp4,front,635,10596,59.927403857559725,848,478,135.73951721052362,144.356966975582,155.23387420378714,162.99975648181348,85.77708268011169,83.65788888131638,19.716281498375047
person_4.mp4,front,636,10613,59.927403857559725,848,478,135.71661540862164,143.86698591918832,155.17047893683423,162.50323726814588,85.77880915232899,83.0382999168074,19.988283324032693
person_4.mp4,front,637,10630,59.927403857559725,848,478,136.1076456582784,144.35586805989345,155.27579962012373,162.51091429568015,85.8645162826571,83.2987353206165,20.21459211274277
person_4.mp4,front,638,10646,59.927403857559725,848,478,136.06299079550547,144.31559186946765,155.10477130106992,162.76054394957936,85.85905640724731,83.10901879693262,20.23862823161453
person_4.mp4,front,639,10663,59.927403857559725,848,478,136.12948006473982,144.35269053403263,154.94455510688755,162.56809399553032,85.87321059774472,82.88755393839332,20.507097209486844
person_4.mp4,front,640,10680,59.927403857559725,848,478,134.74204457588033,143.97743882961421,155.05617053710233,162.509287047855,84.63100482723692,82.79314543605567,20.482209440857332
person_4.mp4,front,641,10696,59.927403857559725,848,478,134.47962517219264,143.82702754450037,154.90787357346994,162.4710337147426,84.42858689877069,82.78106649310604,20.40965090915868
person_4.mp4,front,642,10713,59.927403857559725,848,478,134.8591989613361,144.0179109614926,155.06033752242362,162.48487024044098,84.71303063696097,82.72293322642423,20.4111476436637
person_4.mp4,front,643,10730,59.927403857559725,848,478,134.65725328253663,144.04415617628337,154.9840888382539,161.58211314528762,84.61614525079823,83.04170976517555,20.434051509925823
person_4.mp4,front,644,10746,59.927403857559725,848,478,135.5375825309066,144.3707718658219,154.979236580252,161.612409519255,85.29164294877799,83.45776601674304,20.396551718630914
person_4.mp4,front,645,10763,59.927403857559725,848,478,135.4780847438002,144.24497531248895,154.90699804087942,161.48746227729427,85.26677875678887,83.16079583213144,20.49298734454123
person_4.mp4,front,646,10780,59.927403857559725,848,478,134.94706265966198,143.96108350796183,154.78645809221487,161.32081262924459,84.8591534949303,83.09769671499046,20.480596852069215
person_4.mp4,front,647,10796,59.927403857559725,848,478,134.95889392673158,143.96245330366722,155.11182731554916,161.35945732025513,84.88288296064516,83.12857281855787,20.28356644884859
person_4.mp4,front,648,10813,59.927403857559725,848,478,135.2389702805961,143.77844474554556,155.00919967055927,162.47708568947138,85.01308072957649,82.06422195248453,20.4486933757023
person_4.mp4,front,649,10830,59.927403857559725,848,478,134.95960201344963,144.0096069233275,155.02339834274696,162.10962779962875,84.7787294309115,82.35413925356481,20.45991777967296
person_4.mp4,front,650,10846,59.927403857559725,848,478,134.9297435026699,143.9219877667009,155.39741492951444,162.16968319271655,84.80046241364921,82.44022845429197,20.229322495189322
person_4.mp4,front,651,10863,59.927403857559725,848,478,134.87224461447937,143.7090969811376,155.57748984792357,162.26398254834703,84.81831377891366,82.39828748486954,20.109524848315587
person_4.mp4,front,652,10880,59.927403857559725,848,478,135.15936308240487,144.21615803546297,155.9373415152927,161.95083252776635,85.02123425416785,83.20580786725921,19.9721383257418
person_4.mp4,front,653,10897,59.927403857559725,848,478,135.9004250133572,144.36953430480222,156.29245778892653,161.71352461355576,85.48854671669766,83.43279881707535,20.14122066264574
person_4.mp4,front,654,10913,59.927403857559725,848,478,136.03063222463473,144.3190749286828,156.17394054491277,161.61691743432593,85.70517090097114,83.31599663741572,20.211170229521034
person_4.mp4,front,655,10930,59.927403857559725,848,478,135.92703452214303,143.8123099657413,155.99811579882174,160.43808167513004,85.8014272915328,83.25720810285081,20.229312853206217
person_4.mp4,front,656,10947,59.927403857559725,848,478,136.39787331094817,144.38896636924656,156.00577346603018,160.28172330270368,86.32559851447427,84.4397789070868,20.2516316601196
person_4.mp4,front,657,10963,59.927403857559725,848,478,133.44115445985219,143.54561749048463,154.60400824043253,160.99430622786008,84.85764752744075,83.57665229341032,19.95330272544201
person_4.mp4,front,658,10980,59.927403857559725,848,478,132.12248172700572,142.98611689730484,153.91252479860105,161.51186297602965,84.12420399708961,83.38138630788077,19.608198564190936
person_4.mp4,front,659,10997,59.927403857559725,848,478,131.88947435680626,142.73828979975644,153.78782201106648,161.400284319686,83.97071750301805,83.12902540464265,19.633038000025252
person_4.mp4,front,660,11013,59.927403857559725,848,478,131.04300028424606,142.37774167375215,152.91180154836968,161.42915724908977,83.61858911572527,82.95438949035645,19.81620619046427
person_4.mp4,front,661,11030,59.927403857559725,848,478,130.4272317608386,142.25432059234885,152.7966196359162,161.49741415227902,83.08467627461938,82.74372305733091,19.510116169828496
person_4.mp4,front,662,11047,59.927403857559725,848,478,130.0556012172719,142.05522527888832,152.35886899522774,162.79586859554558,82.74474870281425,82.44026791278287,19.867269294795175
person_4.mp4,front,663,11063,59.927403857559725,848,478,129.4247003575654,142.46634324236163,151.88031268997253,163.1726844998079,82.26857443065256,82.85766526059184,19.61963232636989
person_4.mp4,front,664,11080,59.927403857559725,848,478,127.43707049872637,141.30701399453545,151.37596473811226,162.61342551339072,80.5622396735118,81.63576182434997,20.115124406105608
person_4.mp4,front,665,11097,59.927403857559725,848,478,127.48757241328491,141.15829728043218,151.21162044187142,162.19413219690657,80.39236788675292,81.31272482393526,20.15379252255013
person_4.mp4,front,666,11113,59.927403857559725,848,478,127.14457547993929,141.26412828933437,151.08581467905918,161.18786811535395,80.22697291274353,82.33421291514999,20.139044145569727
person_4.mp4,front,667,11130,59.927403857559725,848,478,127.92709465220848,141.41110265747176,151.37816327301294,160.62523175703674,80.38730498805971,82.52200712058796,20.2589539096059
person_4.mp4,front,668,11147,59.927403857559725,848,478,128.07836028093817,141.13728846714375,151.30306426718363,160.6802513424768,80.39085621885691,82.56252162307278,20.087417718043774
person_4.mp4,front,669,11164,59.927403857559725,848,478,128.55387009600216,140.58993248949665,151.47789965276726,161.1598727139138,80.7773989524856,82.36733617351175,19.645319571869994
person_4.mp4,front,670,11180,59.927403857559725,848,478,128.35438918219268,140.61295679542954,150.89401803989773,160.44173041214069,80.56647863196893,82.50060373343868,20.190413953800995
person_4.mp4,front,671,11197,59.927403857559725,848,478,129.04168936975427,142.12750508379565,151.9359441342226,160.0984191242575,80.60147382153079,84.12526002877513,19.23919527092866
person_4.mp4,front,672,11214,59.927403857559725,848,478,128.71274343477384,141.30319699143917,151.32794760453405,159.01111427012899,80.35830367547567,83.66811923153489,19.750364303099595
person_4.mp4,front,673,11230,59.927403857559725,848,478,129.25623576235708,142.0569807213476,151.46258961711493,158.73723602823006,80.55896252974196,84.62640107609367,19.65096716234988
person_4.mp4,front,674,11247,59.927403857559725,848,478,129.3537522694559,142.24874722514127,151.36005546675605,158.40389352577455,80.27599578870566,84.75836313521117,19.86145165697966
person_4.mp4,front,675,11264,59.927403857559725,848,478,129.6906026256141,142.37806701504792,151.08143027096952,157.93277184854517,80.56597792808014,84.9591383385064,20.138755825750913
person_4.mp4,front,676,11280,59.927403857559725,848,478,130.21407619441172,143.35664847474112,151.759171356612,157.7861261525242,81.0991124063137,86.1561255836033,19.47557803369478
person_4.mp4,front,677,11297,59.927403857559725,848,478,130.14264298674743,142.8917915654676,151.96682931722123,156.75262736527006,81.23405236182782,86.53695827643575,19.121523186779136
person_4.mp4,front,678,11314,59.927403857559725,848,478,129.33865726442966,141.18795819116195,151.0008130532779,156.48425741811238,81.203290443339,84.88037768874509,19.326825949821863
person_4.mp4,front,679,11330,59.927403857559725,848,478,127.1601915131976,140.73968626284898,148.50314726127812,155.47354874473766,81.32983771365785,84.8543991893216,19.728933930596554
person_4.mp4,front,680,11347,59.927403857559725,848,478,123.89230674708983,139.3932180741768,144.2589495645414,154.29927835678987,82.552887907002,84.91554434562897,19.87171578598822
person_4.mp4,front,681,11364,59.927403857559725,848,478,122.37295155282479,135.9436864073721,143.867649205231,152.72345448073364,80.33699415390551,83.59345135450991,19.92215966374855
person_4.mp4,front,682,11380,59.927403857559725,848,478,119.80056602232638,135.144498511681,141.1314129771635,153.06377040980607,82.14804819754855,83.49956021161803,19.473974703010228
person_4.mp4,front,683,11397,59.927403857559725,848,478,120.53293642775655,134.42185882803724,142.464154445266,153.0511602783683,82.06318371212419,83.57274046712365,19.06356015097579
person_4.mp4,front,684,11414,59.927403857559725,848,478,123.0321157096435,134.72949037640763,147.85637714721625,156.62622663181838,83.97955771762713,85.40654696224317,14.403975400587267
person_4.mp4,front,685,11430,59.927403857559725,848,478,123.38191373469189,134.22838384103565,149.46442525725442,157.76927459521386,84.08707269914886,84.44774322846914,13.044112593938065
person_4.mp4,front,686,11447,59.927403857559725,848,478,118.91219864511295,128.93019879944126,149.17748592913202,157.76702287168834,81.81122631775689,81.94195348286199,10.504669810185662
person_4.mp4,front,687,11464,59.927403857559725,848,478,115.99573848373014,126.02082437767997,150.79788125401544,159.8375178006071,83.04251892737643,82.55373499432449,5.5630032822569255
person_4.mp4,front,688,11481,59.927403857559725,848,478,112.76596334163214,117.30171516183455,150.33800455226944,153.73131778670916,81.35778060076085,81.94187317635877,3.956130524896761
person_4.mp4,front,689,11497,59.927403857559725,848,478,112.67579778015727,116.6917309000187,153.42128866729755,155.85604924368698,82.63029061774698,82.8288711069084,0.3409042621274595
person_4.mp4,front,690,11514,59.927403857559725,848,478,101.06796937839813,106.22370484868695,144.27698808100737,144.66059139796624,78.72369445131393,79.02313830525813,3.02945650347794
person_4.mp4,front,691,11531,59.927403857559725,848,478,99.58212083533047,104.73772578272963,143.9845684896496,144.544582618207,79.07479392416225,79.62177858432675,1.3316482334017639
person_4.mp4,front,692,11547,59.927403857559725,848,478,96.29686383232267,95.65569154903346,142.45874388822065,137.95562871449195,80.03481750251856,79.72508668783199,1.4373743769791723
person_4.mp4,front,693,11564,59.927403857559725,848,478,95.51200764025343,93.558722272055,143.47297229266667,137.78406105265043,78.13594352910826,77.97487978099413,1.0737535847544422
person_4.mp4,front,694,11581,59.927403857559725,848,478,91.72447815298135,91.11712926035378,143.55293754302133,136.74389359914645,77.9779224108125,78.06695994090377,3.416947335224805
person_4.mp4,front,695,11597,59.927403857559725,848,478,88.20625738525902,88.18538238083114,144.2805972007404,137.34626143009757,80.37340742102764,80.54862382652753,9.66791442456133
person_4.mp4,front,696,11614,59.927403857559725,848,478,87.53979247571154,82.85604930273325,150.69687982017874,141.0492592789027,80.78758196859579,80.22082750393011,16.797550556515375
person_4.mp4,front,697,11631,59.927403857559725,848,478,87.48492615586724,83.77725044253415,151.32293838718198,144.68006932555724,82.0493408193631,81.50505677698507,20.060504205890894
person_4.mp4,front,698,11647,59.927403857559725,848,478,85.82491591482419,81.60057225437426,150.32541591725732,144.320092546844,81.80389724829412,81.21245609450304,21.10834884681097
person_4.mp4,front,699,11664,59.927403857559725,848,478,84.4899048458746,83.09971640455142,145.29230884075872,142.03876542268603,81.87443115489539,82.25410067394871,18.37239786795163
person_4.mp4,front,700,11681,59.927403857559725,848,478,80.72140028456997,79.74851357054138,141.40970608885263,138.47829380311597,80.18064375433353,80.96615888037245,17.152777233111383
person_4.mp4,front,701,11697,59.927403857559725,848,478,82.08026566076492,83.01403484671027,139.62516682247488,137.69268768966853,83.88510708625539,86.10321971945726,17.771117605949126
person_4.mp4,front,702,11714,59.927403857559725,848,478,75.35672204118573,77.14907676483546,134.778893280371,130.3359507289513,78.63609276612209,81.4413258194545,13.238709870646586
person_4.mp4,front,703,11731,59.927403857559725,848,478,77.35592383793679,79.89732476174518,138.03428648504956,133.9345169623825,81.44748456825131,85.03237451667455,16.915968014898024
person_4.mp4,front,704,11748,59.927403857559725,848,478,74.83424120966755,76.68258768121228,135.10459155364217,129.17210086955674,78.42260638371087,81.85022972601715,13.686090461979719
person_4.mp4,front,705,11764,59.927403857559725,848,478,70.72486466957838,73.03532001615895,114.98174623010186,108.83269317836526,74.98771575119693,78.45852298777444,5.399080323523075
person_4.mp4,front,706,11781,59.927403857559725,848,478,67.95424092761246,71.49349688358885,110.96751145002774,105.03567269215372,74.39164320290088,78.68127376239292,7.7297227165715565
person_4.mp4,front,707,11798,59.927403857559725,848,478,65.00488493475375,69.27546954267342,100.2895577602024,96.24137000903892,72.967942640071,77.34675947222212,15.767724045581712
person_4.mp4,front,708,11814,59.927403857559725,848,478,65.91022212569973,69.72999397419076,104.84891175330948,99.77488989783336,74.27868025278957,78.57734809143987,11.822464524742596
person_4.mp4,front,709,11831,59.927403857559725,848,478,60.866354154491106,62.953502526358434,81.65844724134035,76.12206893134675,69.88745267302662,70.92411700669963,33.9351138985448
person_4.mp4,front,710,11848,59.927403857559725,848,478,59.301670412705136,62.32737609293527,78.96787560858411,73.98995721777142,68.11876999918645,70.90120131763065,35.24671040472091
person_4.mp4,front,711,11864,59.927403857559725,848,478,57.39153801530962,61.09042797064687,79.45420953517562,74.24639742557045,67.65851688330902,70.74547841466229,33.66009900336222
person_4.mp4,front,712,11881,59.927403857559725,848,478,60.15126278298063,63.75713758452892,87.49983839238475,83.36477026011575,71.41769507746294,74.78922620996515,24.85354060954786
person_4.mp4,front,713,11898,59.927403857559725,848,478,52.408223348384965,55.9958237091257,64.84668959958873,62.78916940302902,63.82328593299073,67.04572540099245,43.85140211767737
person_4.mp4,front,714,11914,59.927403857559725,848,478,49.338606767346185,52.71937969413105,54.42111471964539,53.995381501243685,60.78408279086051,63.9486981874951,52.64431444046334
person_4.mp4,front,715,11931,59.927403857559725,848,478,51.203609368433874,54.788394384927244,61.81127165017065,61.39270182108425,64.02868945784549,67.57944807712913,44.8607277402699
person_4.mp4,front,716,11948,59.927403857559725,848,478,49.70810901067443,51.772024707540886,56.39919690401976,55.74816041113919,62.48571384136409,64.324558189668,50.1190791118067
person_4.mp4,front,717,11964,59.927403857559725,848,478,49.34370474311037,52.23735272248606,60.41134745075265,59.39070465541275,63.05851721594116,65.8068090335458,45.56654068081165
person_4.mp4,front,718,11981,59.927403857559725,848,478,47.360081564231706,50.53365520828989,52.52224791041297,52.50244969083981,60.45789669630664,63.86043209593004,52.66172371631735
person_4.mp4,front,719,11998,59.927403857559725,848,478,47.396328260711755,50.70055399367426,57.64231477562785,56.72992824912579,61.89835997620166,65.38874485868311,47.466363236274724
person_4.mp4,front,720,12015,59.927403857559725,848,478,46.758641998813104,49.822394689319076,54.26056474967767,53.32813163372035,60.813105438775594,64.31175774477674,50.01178788097144
person_4.mp4,front,721,12031,59.927403857559725,848,478,51.916290568158914,55.415190328052994,63.3352958773418,59.83963656781611,67.70592362402446,71.69606518405558,42.274022110756896
person_4.mp4,front,722,12048,59.927403857559725,848,478,49.332738352729464,51.95624462933393,59.15786347390226,56.912488366894195,64.12466793383112,67.75833702735656,45.22013780339981
person_4.mp4,front,723,12065,59.927403857559725,848,478,49.848845930060925,52.053211583696175,59.272708696907095,56.87466423076029,64.5909099990306,68.09283520991497,45.32310395357292
person_4.mp4,front,724,12081,59.927403857559725,848,478,52.732961614385104,55.55414190772402,69.94320573853302,67.31375888154257,68.72120686075476,72.9071018445878,34.973141002940736
person_4.mp4,front,725,12098,59.927403857559725,848,478,55.672203080529876,57.52950003401321,75.09711952809991,72.36585384016509,71.91282524662907,75.29124431622886,30.027105614318728
person_4.mp4,front,726,12115,59.927403857559725,848,478,54.01874797523092,56.27622175892396,73.5020030576882,70.77069183642432,69.69892394566229,73.56989888234337,31.488848748813044
person_4.mp4,front,727,12131,59.927403857559725,848,478,54.93153800952545,58.16257417335384,76.28220914299378,73.02150197708013,71.03121288845874,75.83014859938251,29.058983788404436
person_4.mp4,front,728,12148,59.927403857559725,848,478,51.11075463119841,54.76035672749771,64.55224338501864,61.73481551936124,67.0422705373923,72.07734783193861,40.524590526129494
person_4.mp4,front,729,12165,59.927403857559725,848,478,49.90533637547036,52.97484214851871,61.78747615436084,59.09332788273388,65.53218818675222,70.4552076987867,43.038539237902434
person_4.mp4,front,730,12181,59.927403857559725,848,478,52.26139639955908,54.8837686380277,76.91712917808633,74.4844818251523,68.74409692952607,73.22948793368145,27.998065058859705
person_4.mp4,front,731,12198,59.927403857559725,848,478,49.41677439519083,50.628026132659045,62.377352319810164,59.97308829069292,65.18665881868101,67.57074424414414,42.64044806255142
person_4.mp4,front,732,12215,59.927403857559725,848,478,48.43978625250937,49.84976005760557,60.62914154340622,58.19137601361569,64.3508785912399,66.3766986175908,44.38294638069948
person_4.mp4,front,733,12231,59.927403857559725,848,478,50.23251407884471,52.258024946411616,66.7705639671694,64.62097899797955,65.84036189510468,69.040928840757,38.33742528600126
person_4.mp4,front,734,12248,59.927403857559725,848,478,50.221321960190075,51.94911123260927,67.07249553925224,64.94216875332879,65.95112342098761,69.05776013311437,38.24756562621883
person_4.mp4,front,735,12265,59.927403857559725,848,478,52.42960177142848,52.925921629825176,73.4789880290178,71.51228119317362,68.02295893851401,69.64123237297953,32.20788938449119
person_4.mp4,front,736,12282,59.927403857559725,848,478,51.85492269875107,52.79126542115453,74.18879351481124,70.53540720029235,66.71001810664762,69.10952059246102,32.95183890847917
person_4.mp4,front,737,12298,59.927403857559725,848,478,57.10982061849797,59.47991851712079,98.0753458008303,94.65872033087659,69.82969602420454,76.88321502237606,10.145550322320027
person_4.mp4,front,738,12315,59.927403857559725,848,478,57.400456487998156,59.95283897656214,92.24759511238426,88.07222443206724,70.91262742644959,76.41038220483476,16.864160137760162
person_4.mp4,front,739,12332,59.927403857559725,848,478,61.96693524824885,64.58142665211308,107.26329949003126,101.9643262568303,73.82722454163716,80.28016291936929,3.8408587490907595
person_4.mp4,front,740,12348,59.927403857559725,848,478,62.19909012442866,66.67856847904882,105.39194609384799,101.13424946087383,74.56825968884286,83.16174455612685,5.903306463212402
person_4.mp4,front,741,12365,59.927403857559725,848,478,61.212617483070254,65.12134647341136,95.06906870288847,90.65907723419387,72.52659976647428,79.65056516273363,16.763670711834518
person_4.mp4,front,742,12382,59.927403857559725,848,478,59.47377558353288,61.97274304952451,92.11781802822348,88.28014964913162,69.30214614059031,73.00344152691734,20.874062365052993
person_4.mp4,front,743,12398,59.927403857559725,848,478,57.84340473690544,59.90307008568112,84.81847523497034,81.77245072802833,66.32482879115643,68.1636085070227,29.22115700845362
person_4.mp4,front,744,12415,59.927403857559725,848,478,57.52676211276731,59.04839275657638,77.66370693343441,75.00757572354965,64.25811675088184,65.24961394623693,37.5472395885096
person_4.mp4,front,745,12432,59.927403857559725,848,478,64.14850934604395,67.35384394994747,101.74411417357332,100.7167784538056,70.74080237556286,73.31102370570488,14.674415857342685
person_4.mp4,front,746,12448,59.927403857559725,848,478,68.74812900090524,71.32583578133253,110.05047866372547,106.9180558833072,73.20081354401873,75.0580856322863,9.5764892814522
person_4.mp4,front,747,12465,59.927403857559725,848,478,71.22873967348009,73.54402314598752,120.55580208453485,118.13715671136633,74.48487788329136,76.36231397711165,1.9466668679605321
person_4.mp4,front,748,12482,59.927403857559725,848,478,76.45577172836533,77.54809784691288,124.97166786796038,122.06925302703377,76.49557152687007,77.7906986450204,1.919904246331066
person_4.mp4,front,749,12498,59.927403857559725,848,478,76.8579774554974,79.62635466550867,124.26002004505898,120.36945516446124,75.9615558568074,77.89662945162779,2.3448859557957724
person_4.mp4,front,750,12515,59.927403857559725,848,478,82.32932962074085,81.83576206710597,135.48428373822716,128.6538114747639,75.14709097705276,76.45011550143722,2.6531036782133457
person_4.mp4,front,751,12532,59.927403857559725,848,478,84.6917560927777,88.66975260027287,132.45342779633413,129.02189459198127,72.56484828630174,74.09897356107611,6.493178373764543
person_4.mp4,front,752,12549,59.927403857559725,848,478,87.65017888440083,91.61901953569695,134.24707525901354,130.97718035021865,74.59399064263495,76.16024408549568,5.188402570490421
person_4.mp4,front,753,12565,59.927403857559725,848,478,88.89728438334585,92.50076899059034,135.8755179764791,131.72750449214223,73.29416234374453,74.43060520441233,6.582063720959909
person_4.mp4,front,754,12582,59.927403857559725,848,478,88.64013630640194,94.32657270765928,131.47816397394243,130.68936038045703,71.2680159720832,72.85981557577203,10.985663961443286
person_4.mp4,front,755,12599,59.927403857559725,848,478,90.0698606839434,97.8634054515806,131.19980676323317,130.9142677695959,70.88262456820823,72.62186197001539,13.516072499869754
person_4.mp4,front,756,12615,59.927403857559725,848,478,96.78929640203242,103.07583616206011,135.99235927224802,135.09429766607192,74.39456253167066,75.85529192237041,12.154294029531675
person_4.mp4,front,757,12632,59.927403857559725,848,478,105.69825623381492,113.75779524215325,140.95900649677054,142.71352581834617,77.81700089080998,79.3931019149072,12.057477017622146
person_4.mp4,front,758,12649,59.927403857559725,848,478,111.05530275780399,122.81059120394359,144.95972676552623,151.22923281957353,78.26141803256219,80.11546408771997,12.197015609047982
person_4.mp4,front,759,12665,59.927403857559725,848,478,110.67240989033252,122.99158978892716,142.50977784616006,149.3752798432688,79.90312806410516,82.2237802817898,12.700470760506942
person_4.mp4,front,760,12682,59.927403857559725,848,478,110.32345896647276,125.19766418097913,138.92091797151787,149.11475839091813,79.16460814804803,81.52918350114432,16.487972615889692
person_4.mp4,front,761,12699,59.927403857559725,848,478,118.32916105032076,129.407805791047,144.9792045057458,150.81441901105964,80.05465382963784,82.83150585129195,17.765912819026674
person_4.mp4,front,762,12715,59.927403857559725,848,478,119.92473134982318,129.01040844713566,146.80207932476483,150.65000490483033,80.65680374957094,83.35893894857404,16.838657161717975
person_4.mp4,front,763,12732,59.927403857559725,848,478,120.86739823035175,133.3556962952071,148.33417502631005,153.81777375654806,80.07243460462517,83.54895833541183,16.37190658676356
person_4.mp4,front,764,12749,59.927403857559725,848,478,124.28878972615574,137.837814400927,149.9668298951404,156.5212439907355,81.10045102482572,84.00157997584094,17.0495136088892
person_4.mp4,front,765,12765,59.927403857559725,848,478,122.87325164931075,136.57553850954687,150.62857977226807,155.00572299722495,79.10827370383707,82.03503853176453,17.398618346825263
person_4.mp4,front,766,12782,59.927403857559725,848,478,125.07746377851383,138.7763033600458,151.95215531428212,156.42665656395906,80.23747849922596,83.28082549852003,16.689576289508715
person_4.mp4,front,767,12799,59.927403857559725,848,478,123.59655749896918,137.3698809763726,151.0890187243882,154.84326557058736,77.62702710043943,80.92034317754744,18.858512812306827
person_4.mp4,front,768,12816,59.927403857559725,848,478,125.17679115910632,137.7742988086677,153.53128439155253,156.47287146501822,78.50190877193876,80.89620529388175,16.866317997309284
person_4.mp4,front,769,12832,59.927403857559725,848,478,126.86624532489543,139.04864226053942,155.96704904936874,156.90485816418027,79.43078188810627,82.47121830497419,15.82468835062022
person_4.mp4,front,770,12849,59.927403857559725,848,478,126.59442979238942,137.70010483327437,157.57951447970203,157.4529488886481,79.10839086106154,81.19918604119978,14.699360451241704
person_4.mp4,front,771,12866,59.927403857559725,848,478,125.64057950474695,137.2936861827415,157.90849274200906,159.43148344800136,78.95544883130458,79.61433061057349,13.840504847942189
person_4.mp4,front,772,12882,59.927403857559725,848,478,124.67693021697305,137.66699865298847,157.04381488644654,160.04197236187463,78.33843885934598,79.20007477642159,14.445663570145014
person_4.mp4,front,773,12899,59.927403857559725,848,478,126.42855518906038,137.6582108092977,157.54001596138494,158.30684633615408,79.03926698265623,78.93894443043995,15.856282195762274
person_4.mp4,front,774,12916,59.927403857559725,848,478,125.75272169429576,136.79084671084132,161.09246471274838,158.28462258107083,78.66811889006956,79.50899782435674,13.074775757094395
person_4.mp4,front,775,12932,59.927403857559725,848,478,126.39483716602699,137.19516574435977,161.49112791202944,158.53991160495463,79.3033404128493,80.42939207187413,12.59762310254177
person_4.mp4,front,776,12949,59.927403857559725,848,478,128.24276030384993,138.9982249490703,161.0599325935437,159.06734811635445,80.76931311903564,82.00072637662022,13.024548171777774
person_4.mp4,front,777,12966,59.927403857559725,848,478,127.8580512733907,139.96495862119116,160.35314535369156,159.52790605984754,80.86279069265606,82.09237570596221,13.284833943773735
person_4.mp4,front,778,12982,59.927403857559725,848,478,128.20805784327362,139.942252905021,159.89486790974254,159.51367713878707,81.31579229286012,82.42144806746587,13.4327775773243
person_4.mp4,front,779,12999,59.927403857559725,848,478,128.69728090387352,140.62958096343627,159.8277831523315,160.08558616594522,81.46693266952916,82.53598262165247,13.557107743980032
person_4.mp4,front,780,13016,59.927403857559725,848,478,128.35304815135748,140.2859810618478,158.64119029143674,159.97826343550253,81.73836203127908,82.84338021798015,14.216704475663294
person_4.mp4,front,781,13032,59.927403857559725,848,478,129.37827451630497,140.14833381605732,157.71385118548534,158.183686780295,81.6461558828938,82.25458263071286,16.29025110020169
person_4.mp4,front,782,13049,59.927403857559725,848,478,128.39454279329658,140.12861388932131,155.93746920664313,158.5224730806022,81.63050194859778,82.10295190318249,16.886929292449775
person_4.mp4,front,783,13066,59.927403857559725,848,478,129.79505525216598,140.40615377315243,156.29134649999108,157.61198099124655,82.66885608093054,82.58158588640869,17.32079617912626
person_4.mp4,front,784,13082,59.927403857559725,848,478,129.72478639376354,140.0890080148431,155.0211516103764,157.04984894264135,82.63653288714491,82.3997573193594,18.13004324364257
person_4.mp4,front,785,13099,59.927403857559725,848,478,129.93059052085715,140.8320502180136,155.2518380231381,158.28493533800682,83.13159016903357,82.65580599147975,17.63370386098258
person_4.mp4,front,786,13116,59.927403857559725,848,478,129.40622170475044,139.94822634216987,154.19011280707187,156.73127577890565,82.30106859202355,81.82844412559727,19.097530758009423
person_4.mp4,front,787,13133,59.927403857559725,848,478,130.88806568795627,141.43060387760926,154.92251013112187,157.61542155617332,83.09910092202483,83.09347469204577,18.613862074162153
person_4.mp4,front,788,13149,59.927403857559725,848,478,130.35001330142669,141.28453956032567,154.64342756165453,157.9462188719378,82.7387105188994,82.75757693027043,18.40726254496521
person_4.mp4,front,789,13166,59.927403857559725,848,478,131.2868081249199,142.32878980067153,155.107415557944,159.4230488384626,83.03152450500457,82.6070878985447,18.536237604613405
person_4.mp4,front,790,13183,59.927403857559725,848,478,132.58927977310563,143.2271972547332,155.79538190780252,159.6577814462131,83.76936297824058,83.53874172560617,18.317688309808315
person_4.mp4,front,791,13199,59.927403857559725,848,478,133.70613760719775,143.34003593208175,155.97738325987956,159.4521771530847,84.31216091363589,83.64040067310707,18.90338988685699
person_4.mp4,front,792,13216,59.927403857559725,848,478,133.6042168042906,142.5392624737869,155.83158043937416,159.08063327232816,84.52899689996146,83.51393553826944,18.547317449804105
person_4.mp4,front,793,13233,59.927403857559725,848,478,134.1608127720905,143.56526904956948,156.3537511312767,159.82207076147003,84.9323369883826,84.17715564843216,18.211896657670113
person_4.mp4,front,794,13249,59.927403857559725,848,478,134.09518482892193,143.31425475305954,156.19594155181002,159.70984453429944,85.16699155187598,84.20121219270803,18.110155408143157
person_4.mp4,front,795,13266,59.927403857559725,848,478,133.80509940904145,142.8537913620415,155.95110965900616,159.3102349736355,85.16647858406746,83.74937913155975,18.120691731993364
person_4.mp4,front,796,13283,59.927403857559725,848,478,135.17714563411377,144.15312575089624,155.34121663864755,160.49356027904463,86.6811260289738,84.4139171968811,18.419229625508557
person_4.mp4,front,797,13299,59.927403857559725,848,478,135.07409843580635,143.7859011175238,155.14287954718702,160.37261677765295,86.60853805956923,84.02799902304001,18.59212950805878
person_4.mp4,front,798,13316,59.927403857559725,848,478,136.71804914953879,143.35885832186105,156.17205946273447,160.0034305749778,87.33035176903438,84.1038555692776,18.508014333786974
person_4.mp4,front,799,13333,59.927403857559725,848,478,136.4875935406475,143.06010309550248,156.01641902793708,159.5441664035367,86.90855990370893,83.85438116263094,18.718728963168402
person_4.mp4,front,800,13349,59.927403857559725,848,478,136.80409166151026,143.71768696578422,155.55253622434415,158.99438101085923,87.23946350819793,84.384501736102,19.47870274013445
person_4.mp4,front,801,13366,59.927403857559725,848,478,137.16842054770913,144.29906037598445,155.86488317272077,159.55575327775807,87.54479055924773,84.54638038528252,19.491753265262133
person_4.mp4,front,802,13383,59.927403857559725,848,478,137.4831913158145,144.8020634667243,156.28484820156638,159.69024787815545,87.69130126000267,85.25182323705127,19.231129417432815
person_4.mp4,front,803,13400,59.927403857559725,848,478,137.1898570621184,144.63151582382687,156.123954399469,159.58732270151876,87.44062666005514,85.13209976732466,19.26562413941744
person_4.mp4,front,804,13416,59.927403857559725,848,478,137.14771335712354,144.65256248325673,155.39157212929842,159.42597206986258,87.60658971563669,85.19947364800792,19.687885545691838
person_4.mp4,front,805,13433,59.927403857559725,848,478,137.23471607686307,144.43992970197638,155.329471626816,159.1828135397853,87.64042386733563,84.92658972080983,19.919002594747035
person_4.mp4,front,806,13450,59.927403857559725,848,478,137.71880018757224,144.7902543029173,154.81000544170732,159.38102875097766,88.06706566250747,85.21078407186782,20.197565380983008
person_4.mp4,front,807,13466,59.927403857559725,848,478,137.74216144228348,144.7119172799392,154.53508794514875,159.36766994212846,88.10882584195174,84.96506936239128,20.509675600928993
person_4.mp4,front,808,13483,59.927403857559725,848,478,137.6449147041436,144.63395630487253,154.57927460733993,159.08720366442145,88.06922824560975,84.89411975397246,20.570657533083086
person_4.mp4,front,809,13500,59.927403857559725,848,478,137.54644851089702,144.3910709415532,154.66771167811768,159.20010874624114,88.05352649300113,84.69679895930663,20.42753158505561
person_4.mp4,front,810,13516,59.927403857559725,848,478,136.6911507963048,144.15931649661323,154.22349293015287,159.1464420248278,87.75969136900116,84.42307869159818,20.34461778916775
person_4.mp4,front,811,13533,59.927403857559725,848,478,136.15335554988104,143.9402066110683,154.11883349110983,159.25063668628414,87.46133960810857,84.11639375445998,20.18061164142063
person_4.mp4,front,812,13550,59.927403857559725,848,478,135.57750666604738,143.4002574125749,153.8715611967888,159.60334978570714,86.98919894979758,83.46276127485699,20.274112427062438
person_4.mp4,front,813,13566,59.927403857559725,848,478,135.2539614980996,142.92881380153003,153.78957715558556,159.81835374671456,86.97819881946191,82.67067413861577,20.236442432226394
person_4.mp4,front,814,13583,59.927403857559725,848,478,135.15042396496108,143.01427416661286,154.24999657476923,160.22367148785762,86.91887943437534,82.71270410932073,19.719254237385638
person_4.mp4,front,815,13600,59.927403857559725,848,478,134.85011773438998,142.9033518407759,154.14670581073892,160.26722008404778,86.87208261871785,82.76310433349344,19.646006376404614
person_4.mp4,front,816,13616,59.927403857559725,848,478,134.78593359848878,142.95586884517743,154.283598699941,160.23448860478788,86.63395062334678,82.77392272204375,19.622931745214657
person_4.mp4,front,817,13633,59.927403857559725,848,478,134.48648353836182,143.03741108298692,154.31405281596653,160.46078442909393,86.4215227579344,82.86372157503818,19.520524895031524
person_4.mp4,front,818,13650,59.927403857559725,848,478,134.54801999437265,143.08082445800974,154.42752027223756,160.50055678755058,86.48355924014162,82.95119338457879,19.426794689345645
person_4.mp4,front,819,13667,59.927403857559725,848,478,133.7990156381113,142.58485495435443,155.14960063568398,159.9909836683033,85.57399384583266,82.49776310525027,18.870417499917746
person_4.mp4,front,820,13683,59.927403857559725,848,478,134.40939765210538,143.1960085363566,155.53896432134644,160.52888589484604,86.07549291661276,83.53512146049424,18.489230859178114
person_4.mp4,front,821,13700,59.927403857559725,848,478,134.1964289807864,143.00704968452501,155.79560327759867,160.40605474722426,85.87209652797988,83.33437705592586,18.36564968970276
person_4.mp4,front,822,13717,59.927403857559725,848,478,134.67819490515905,143.90646811372238,156.2390173322862,160.41039346622503,86.06321410218052,84.57206013737786,18.147093745418307
person_4.mp4,front,823,13733,59.927403857559725,848,478,135.03694686150766,144.1250346599297,156.87478281394817,161.20559018827163,86.09198335245054,84.3823209822,17.437654847648624
person_4.mp4,front,824,13750,59.927403857559725,848,478,135.50461085920458,144.1938111354276,157.242261026096,161.46084272927914,86.3553035633528,84.4521062667212,17.197073753752917
person_4.mp4,front,825,13767,59.927403857559725,848,478,135.62286811500417,144.09524182439162,156.7764816782752,161.21182389555366,86.49800556253759,84.47114304881318,17.56169592497143
person_4.mp4,front,826,13783,59.927403857559725,848,478,135.66747852203832,144.27342864522214,156.73582651185131,161.32398830208942,86.46101224843164,84.2822111438549,17.674450827028934
person_4.mp4,front,827,13800,59.927403857559725,848,478,135.98060434096837,144.42165125867365,156.1875971154037,161.25280277349577,86.74144507223251,84.77962118558418,17.97048694687369
person_4.mp4,front,828,13817,59.927403857559725,848,478,136.0954439622073,144.50935224159025,156.2120621885146,161.67384956187155,86.8060854086798,84.77059396920735,18.011944426611816
person_4.mp4,front,829,13833,59.927403857559725,848,478,135.7296559056452,144.3638912970671,156.01468077706627,161.5804333013698,86.57987226583576,84.68065574831188,18.05286156914788
person_4.mp4,front,830,13850,59.927403857559725,848,478,136.04577912701677,144.64501011610375,155.97817179126397,162.09318361407014,86.46298275410462,84.52778435409981,18.13379824904816
person_4.mp4,front,831,13867,59.927403857559725,848,478,136.03666671191547,144.93781665689897,156.51739283721136,162.50215855710255,86.53304311885262,85.19353913662731,17.329050369034977
person_4.mp4,front,832,13883,59.927403857559725,848,478,135.93013234572416,143.9359334094463,156.4429287869309,162.06407307177014,86.51033281290802,84.23878820973631,17.736714596418174
person_4.mp4,front,833,13900,59.927403857559725,848,478,135.67303025424462,143.6244154079144,156.86614703385598,161.80061328509456,86.49842670117422,84.1328987170083,17.504546694920027
person_4.mp4,front,834,13917,59.927403857559725,848,478,135.63511501849302,143.85046442721793,156.68373621470474,161.5492009220008,86.66707758027549,84.6105860085141,17.660666409076505
person_4.mp4,front,835,13934,59.927403857559725,848,478,135.02453035504524,143.32589978046758,156.8271891328328,161.47142859083334,86.45849000752706,84.07085510150287,17.571751081975595
person_4.mp4,front,836,13950,59.927403857559725,848,478,134.4985127262701,142.16159213664574,157.3164579334838,161.48351841984484,85.97615083014415,82.6058429118492,17.370091513410607
person_4.mp4,front,837,13967,59.927403857559725,848,478,134.26465149584456,142.2017056684757,157.29973018890024,160.7611209846196,85.71448596153125,82.55243825252079,17.777052796307974
person_4.mp4,front,838,13984,59.927403857559725,848,478,133.62224742694661,142.09649872690173,157.34989181761054,160.85396881549252,85.35643061238318,82.42961266091203,17.7478399525567
person_4.mp4,front,839,14000,59.927403857559725,848,478,133.55941627247003,141.89621902644808,157.3663284479142,161.44603646944023,85.06015726482819,81.71135393415847,17.795626903132476
person_4.mp4,front,840,14017,59.927403857559725,848,478,133.661782506341,142.4651584362276,157.64554913760205,161.96780857376964,84.83252012729504,81.29117417121881,17.87219568084874
person_4.mp4,front,841,14034,59.927403857559725,848,478,132.3255996464518,140.84037235643802,158.11051829913941,161.94741114468337,83.52827664928687,79.30092801387876,17.57164078404235
