video,view,frame,timestamp_ms,fps,frame_width,frame_height,left_knee_angle_deg,right_knee_angle_deg,left_hip_angle_deg,right_hip_angle_deg,left_ankle_angle_deg,right_ankle_angle_deg,trunk_angle_deg
person_10.mp4,front,0,0,59.946188340807176,848,478,148.4454225511547,148.61481545897672,162.1086785804948,169.18602467260453,85.93054554278444,83.12972400500651,20.147500753794805
person_10.mp4,front,1,17,59.946188340807176,848,478,145.41773714119964,145.13941555517366,161.56457301190338,165.4354894643231,85.96117373601858,84.26622633054849,20.0206418124475
person_10.mp4,front,2,33,59.946188340807176,848,478,140.14863760677483,139.55083605507525,160.49295739192092,165.54587657650185,82.42871698123402,80.02145170477915,20.6737994422525
person_10.mp4,front,3,50,59.946188340807176,848,478,138.7163115765831,137.6676765970074,159.64654927041073,164.42751828526482,81.90368307712886,79.29071590046708,20.72875070644056
person_10.mp4,front,4,67,59.946188340807176,848,478,138.73876220828595,137.93950384825223,159.20026391561083,164.67167587170903,82.22101984531365,78.74741921615708,20.775599156772383
person_10.mp4,front,5,83,59.946188340807176,848,478,138.8912123339075,140.0635496709835,159.06947877754365,164.2675743137206,82.96568165744802,80.38755253917368,20.74557941058802
person_10.mp4,front,6,100,59.946188340807176,848,478,137.72684778651026,139.93770170160897,158.4030782249861,164.33817920424846,82.79872620356197,80.29797354213079,20.735134066559425
person_10.mp4,front,7,117,59.946188340807176,848,478,137.31759396764687,139.7794266856679,158.20334625860156,164.09516721640975,82.55168315700617,80.29597698576903,20.58318943348785
person_10.mp4,front,8,133,59.946188340807176,848,478,136.95961580750193,140.29455386950917,158.2281433203373,164.28087984417112,82.47959702695262,80.72905429073136,20.35949596631549
person_10.mp4,front,9,150,59.946188340807176,848,478,136.68486758849605,140.21830600099395,157.94680112208644,163.37195145985854,82.35018228587076,81.2015488713696,20.36770266000718
person_10.mp4,front,10,167,59.946188340807176,848,478,137.32496599520647,142.22590548714433,158.1367614966183,162.5422674587252,82.58821806890307,83.50757658660073,20.410624196287102
person_10.mp4,front,11,183,59.946188340807176,848,478,137.63310308127413,142.26034269151125,158.58754586398865,161.5148972437532,82.82583968557279,84.11597774384717,20.07278658420578
person_10.mp4,front,12,200,59.946188340807176,848,478,138.64118601014167,141.83783005493189,159.0943880098854,162.04412429726125,82.98941955203728,83.5002774136977,20.13482224611366
person_10.mp4,front,13,217,59.946188340807176,848,478,139.28865831063007,142.09997797994677,159.50025966920347,161.3661765625358,83.3086241451513,83.83334692451237,20.172974170835115
person_10.mp4,front,14,234,59.946188340807176,848,478,139.6040359526781,142.25406547410827,159.23744823511953,159.96745418996298,83.58150456165912,84.47301071238441,20.690670938156984
person_10.mp4,front,15,250,59.946188340807176,848,478,140.8759498596792,143.09241701397565,159.27279579740755,160.2068459374031,84.39055184218306,85.03832002745357,20.648146532488727
person_10.mp4,front,16,267,59.946188340807176,848,478,141.58115483222738,143.32210574733446,159.6765545539506,160.63638179910015,84.60181164744891,84.77004833316545,20.625483808074968
person_10.mp4,front,17,284,59.946188340807176,848,478,143.1908254546441,143.20782544739723,160.85767363048282,160.82573042784378,84.91176317759354,84.339824683765,20.83708591882876
person_10.mp4,front,18,300,59.946188340807176,848,478,143.08731441509659,143.07549114918535,160.7766508862805,161.03813553558345,84.74863796469897,84.00765297858624,20.880955962578007
person_10.mp4,front,19,317,59.946188340807176,848,478,143.1565745575172,142.8433147316423,160.69438010106958,161.15374667705416,84.68031047488638,83.72030692432512,20.880605817867078
person_10.mp4,front,20,334,59.946188340807176,848,478,143.75131305129895,142.90514326742385,160.94646979248378,161.385195597067,84.94803265754908,83.59986413342718,20.61249337645007
person_10.mp4,front,21,350,59.946188340807176,848,478,142.253014636092,143.69721293203685,160.43167060061003,162.10094211471085,84.25323593981643,83.6779233242345,19.997888871777068
person_10.mp4,front,22,367,59.946188340807176,848,478,142.389166732138,143.73455131720144,160.333761014605,161.9723993465363,84.34379035941663,83.92168827501922,20.180178364425476
person_10.mp4,front,23,384,59.946188340807176,848,478,144.3961956588941,146.08964348862028,160.9084587770615,162.7883008807171,85.8030906052834,85.78149674604748,19.502533839835493
person_10.mp4,front,24,400,59.946188340807176,848,478,145.22475646853576,145.8697262733726,161.23842905980732,162.35156257243256,86.10721504118737,85.71456183238446,19.892565428770784
person_10.mp4,front,25,417,59.946188340807176,848,478,145.73649350418552,145.91138993279392,161.2794774851242,162.00565513252727,86.37082817495768,85.70719553456807,20.264926374434665
person_10.mp4,front,26,434,59.946188340807176,848,478,145.70212431012567,146.16900552674414,161.7559816252426,161.85292778902277,86.34238111353491,85.94458790244839,19.79394595513333
person_10.mp4,front,27,450,59.946188340807176,848,478,150.39977611601867,147.55339116917085,164.61102961779025,159.78322009670927,87.77533866144103,87.41724099363564,21.32872271873219
person_10.mp4,front,28,467,59.946188340807176,848,478,149.0812651859023,146.3383000035555,163.71609965854267,160.5197641016995,87.15814984284417,86.09966990859664,21.26281602012178
person_10.mp4,front,29,484,59.946188340807176,848,478,144.42208221288914,142.654065958492,162.45794248397914,160.16691436390695,84.13332030081109,83.13784571937151,22.166626679033715
person_10.mp4,front,30,500,59.946188340807176,848,478,143.19264963798875,142.07473952382392,161.81799132626153,160.4094484544826,84.03466865296947,82.95794745284377,22.03419179952026
person_10.mp4,front,31,517,59.946188340807176,848,478,138.96008117819548,140.3371884282301,158.67734640541687,160.68867095160726,81.96744790387497,81.95469400062369,22.21221083435473
person_10.mp4,front,32,534,59.946188340807176,848,478,133.8700968831952,138.14497184350836,154.552620119504,160.5974502559964,79.6451120562004,80.51538258610826,22.80370967926508
person_10.mp4,front,33,550,59.946188340807176,848,478,128.96150308580775,136.4502544846044,151.55731144399655,160.25290515163525,77.70100697052436,79.22717701190955,22.7898440250407
person_10.mp4,front,34,567,59.946188340807176,848,478,129.84353734151634,135.52980496247622,155.09855939229027,159.16479086048716,76.5548274328738,78.10046952423895,22.327053718023347
person_10.mp4,front,35,584,59.946188340807176,848,478,130.3025948126682,132.13492744627231,155.24106623348595,156.1315760869836,77.08379311212758,79.65153521836955,21.68454468279422
person_10.mp4,front,36,601,59.946188340807176,848,478,128.64340106466693,127.65829691979062,155.53627965506126,153.69453971097943,76.15393279904907,78.85084509416052,21.270633320391223
person_10.mp4,front,37,617,59.946188340807176,848,478,130.62100653861773,128.9722926544405,157.4563296804794,153.16961404833097,76.65741998920805,80.82131965493589,20.548246933252305
person_10.mp4,front,38,634,59.946188340807176,848,478,128.06917046002724,125.90993247897931,155.9144380130172,152.51309694832298,76.39066156672487,78.77581382601313,20.2746930115351
person_10.mp4,front,39,651,59.946188340807176,848,478,125.75232002749956,120.30747822079782,154.7608632373567,148.15796026352433,75.75730905144759,78.12647307154977,20.1953827258096
person_10.mp4,front,40,667,59.946188340807176,848,478,121.1506248211971,118.88847314337347,151.7441488616672,146.64713703713693,73.27662911099856,77.82913863111997,20.4973796517628
person_10.mp4,front,41,684,59.946188340807176,848,478,108.67307353452925,109.34564622588465,139.56587613125492,138.40588020271906,72.99073565452868,75.79383867329113,21.162278368882316
person_10.mp4,front,42,701,59.946188340807176,848,478,100.02100906525529,101.49755715210313,129.6397733768016,130.22160087894503,70.8023489641196,73.15404400973625,24.05040518707331
person_10.mp4,front,43,717,59.946188340807176,848,478,105.91247818031572,97.94206581637128,132.19526143035796,124.92427680328684,73.89326000384722,72.58614519154627,26.19824692206206
person_10.mp4,front,44,734,59.946188340807176,848,478,104.40803748719131,98.04566464040795,130.7895137101444,122.74283510787069,71.48657654404943,72.78493073226286,27.89143009200087
person_10.mp4,front,45,751,59.946188340807176,848,478,100.57077847011008,95.98891187000527,129.384717904721,121.21394222332042,70.41983869437327,73.07508379169289,27.136933847954232
person_10.mp4,front,46,767,59.946188340807176,848,478,88.9497592569872,87.19380879359284,121.0098787562169,114.82852775103576,67.4422733601053,70.00176601696147,26.7900216144316
person_10.mp4,front,47,784,59.946188340807176,848,478,85.13222955956992,84.10086665360232,117.13975984505952,111.98579217764379,67.0208749877356,69.23206391895938,26.4346106930337
person_10.mp4,front,48,801,59.946188340807176,848,478,80.88243894565426,86.67841596982515,114.0946094372019,115.31407154599636,65.27111230211977,68.53586753852464,26.775640017190767
person_10.mp4,front,49,817,59.946188340807176,848,478,80.3862539552852,88.46859093099002,113.00365352968966,118.4359635383252,64.62128092727637,67.7049204520903,27.357422295320333
person_10.mp4,front,50,834,59.946188340807176,848,478,74.40852540676467,85.13414560470827,107.30588005608129,115.56716119081896,62.67005384773235,64.57477441511938,29.206722235159468
person_10.mp4,front,51,851,59.946188340807176,848,478,73.46437511695758,85.4953311455981,105.52242041597977,115.82859133813848,63.03104151416579,64.44221811353117,29.115734502260725
person_10.mp4,front,52,867,59.946188340807176,848,478,72.17324463194375,78.447465341299,104.92732339662051,110.5755171276663,62.46097185527046,62.71239504150733,29.22689909976749
person_10.mp4,front,53,884,59.946188340807176,848,478,69.62271046524768,74.16349711143684,102.7899607440982,105.90861362794385,63.257305208564595,63.820691930258604,28.449242424730535
person_10.mp4,front,54,901,59.946188340807176,848,478,66.30224773517372,70.37316510820588,101.33826663408765,103.27701397291914,61.56545168003252,62.35855332914216,28.21634623214658
person_10.mp4,front,55,917,59.946188340807176,848,478,63.79106961927895,67.08139578433058,98.95989817287746,100.43763802187651,60.25403078646741,60.8227864366263,28.699622021002387
person_10.mp4,front,56,934,59.946188340807176,848,478,61.76206939694445,61.10943483775576,98.5154614481966,95.07857349971742,59.28496207930365,58.92327747776596,28.62964691121422
person_10.mp4,front,57,951,59.946188340807176,848,478,63.58429370347607,65.29393884897345,100.14002500598406,98.81439866260699,59.859053289955256,60.33684912020056,28.478279697926492
person_10.mp4,front,58,968,59.946188340807176,848,478,63.67227119680346,68.31575079039959,100.30105117234743,100.90854135520765,60.07709070888344,64.96857797416308,28.313525740847655
person_10.mp4,front,59,984,59.946188340807176,848,478,63.93136554860028,67.30777560056364,100.91204853538979,102.9117598519665,59.446368061798275,63.45450998074368,28.244562688259773
person_10.mp4,front,60,1001,59.946188340807176,848,478,61.99450022949685,63.11310621243237,99.81520023466295,100.36181579073016,59.099968787973836,61.248788637873346,28.209022711078834
person_10.mp4,front,61,1018,59.946188340807176,848,478,59.252939911072914,57.090792632738996,97.9944984520117,95.17009179227054,58.4254985324957,59.12808700196754,28.174533463241207
person_10.mp4,front,62,1034,59.946188340807176,848,478,61.535192746409315,60.75020697495311,99.26374111826719,97.06478184992811,60.801640914200526,63.03033964035297,28.607376115034683
person_10.mp4,front,63,1051,59.946188340807176,848,478,62.767174931806686,59.9134863496608,99.5386520975991,95.839665153359,62.361834043546224,61.003272089246195,29.387638350640724
person_10.mp4,front,64,1068,59.946188340807176,848,478,58.89104043397629,56.01371586076473,94.60101436713019,90.51524147366626,59.64281554245167,59.479890347280225,31.744386653013237
person_10.mp4,front,65,1084,59.946188340807176,848,478,57.90477246419838,53.827887195692426,94.0270572403135,88.74371272406705,59.106739335535806,59.23984764934932,31.436847645530428
person_10.mp4,front,66,1101,59.946188340807176,848,478,57.876600077628325,52.66717544486825,95.61700374273678,91.9357480454422,59.57675985360984,59.47655201074877,28.177482598993134
person_10.mp4,front,67,1118,59.946188340807176,848,478,57.95843589614987,54.647726749721734,97.37766530215336,95.4164915565276,60.3968501088756,60.62132418118883,25.798906045546573
person_10.mp4,front,68,1134,59.946188340807176,848,478,56.81933848420251,54.195515777162235,96.33661782903013,95.14081844717624,58.24347806261108,57.952664310457386,26.461806910191417
person_10.mp4,front,69,1151,59.946188340807176,848,478,56.53403983253779,54.66309650892333,95.9237016426581,95.95142373363967,57.980806221508686,61.6827572549916,27.024998352464873
person_10.mp4,front,70,1168,59.946188340807176,848,478,54.81395496446348,53.86908590253056,92.98569090381851,93.78410888724308,56.79590885763145,60.765514811368526,29.06469954922196
person_10.mp4,front,71,1184,59.946188340807176,848,478,52.460362200101486,51.05989782866636,89.03570662516375,89.03406504914388,56.99921926261405,59.52788647418097,31.395783118754174
person_10.mp4,front,72,1201,59.946188340807176,848,478,52.05559910947087,49.40290545809514,87.44452010651747,85.7130519047938,57.01414634533268,58.12342892730562,32.937747758249515
person_10.mp4,front,73,1218,59.946188340807176,848,478,48.52838973127236,45.44714686840955,80.03880416306157,77.34924643189458,55.169559393492726,54.20788700940665,38.30754144874819
person_10.mp4,front,74,1234,59.946188340807176,848,478,47.713654823085875,45.00091903685243,77.34774016367075,75.18171114224744,54.8273899962588,54.786148186817336,40.15124772553749
person_10.mp4,front,75,1251,59.946188340807176,848,478,47.129236176310336,44.774242349576326,76.76563214920381,75.05427678819396,54.769416503996375,55.062759871780656,39.964109494416306
person_10.mp4,front,76,1268,59.946188340807176,848,478,46.76644272710129,44.15240049472439,75.5720198786392,73.04133651251277,54.63580578349344,54.724923244285996,40.48078063442885
person_10.mp4,front,77,1284,59.946188340807176,848,478,45.40855317684919,44.083613865611156,70.56916318061542,70.62876021887787,53.430018230104395,54.366555629478924,42.64419488486547
person_10.mp4,front,78,1301,59.946188340807176,848,478,47.85736201134298,43.374828644440605,71.5667670933081,69.52828337513178,55.563899902043936,54.46424307957722,43.966259543226734
person_10.mp4,front,79,1318,59.946188340807176,848,478,45.46026262526376,44.11490711629291,69.74908237387115,69.71755973258504,53.25973059638534,54.03267004827696,43.44675665507364
person_10.mp4,front,80,1335,59.946188340807176,848,478,44.004190533129346,42.46070486742297,66.18162288421019,65.2798421959304,52.054881799640945,52.50311271728344,46.5821953304465
person_10.mp4,front,81,1351,59.946188340807176,848,478,44.28908973191601,42.323246994872214,65.65008338050436,64.36879408884546,52.59980564816641,53.08477184970613,46.873726057739624
person_10.mp4,front,82,1368,59.946188340807176,848,478,44.64328131678611,41.84754595788946,66.0712504873172,64.44604753124288,52.88978276962164,53.33069739475538,46.80535448703416
person_10.mp4,front,83,1385,59.946188340807176,848,478,43.61008409406397,41.38152227407721,63.60450174652237,62.193354206681484,52.37895873224198,53.03843505359484,48.40136717717509
person_10.mp4,front,84,1401,59.946188340807176,848,478,41.67328527708296,40.89719213753631,58.58074443449732,58.95535412718411,50.49865459120432,51.90524905906122,51.168439349212385
person_10.mp4,front,85,1418,59.946188340807176,848,478,41.70449274942139,40.88816174306993,57.473022371707856,57.787832884114096,50.07240186321435,51.66408205759058,52.49620926486489
person_10.mp4,front,86,1435,59.946188340807176,848,478,40.50264607784822,40.52150768340399,55.49404780231553,55.38396509118341,49.335398478630125,50.585625511270536,53.98898356252939
person_10.mp4,front,87,1451,59.946188340807176,848,478,40.58706981350051,40.39726947107956,55.5398849026229,55.37673801749657,50.26857949719199,51.50490106243318,53.7201420259891
person_10.mp4,front,88,1468,59.946188340807176,848,478,39.92205243455975,39.778439747770626,53.75507326868845,53.825339332266026,50.13709878938422,51.35731996687621,54.54564285411408
person_10.mp4,front,89,1485,59.946188340807176,848,478,40.03187755742156,39.593486134615624,52.81972304996342,52.5184639706884,49.954891221562214,51.01815736227634,56.09839677514127
person_10.mp4,front,90,1501,59.946188340807176,848,478,38.81295590123849,39.41925424599937,51.11710702313745,51.496680941417104,49.43341055758763,50.489372334387205,56.618947305622875
person_10.mp4,front,91,1518,59.946188340807176,848,478,38.69056349863351,39.23683513855341,51.360965186974155,51.784843479652245,49.84246172091642,50.63835750046128,56.22064438659814
person_10.mp4,front,92,1535,59.946188340807176,848,478,38.72854035577289,39.36339231065568,51.78847560048243,52.60288255004313,50.451145745442716,51.45446084828947,55.15684004886998
person_10.mp4,front,93,1551,59.946188340807176,848,478,37.88572991161991,38.4650764816801,50.42336615975867,51.07863570244385,50.14453422380114,51.05411102577482,56.043275633288935
person_10.mp4,front,94,1568,59.946188340807176,848,478,37.61712319036555,37.95599481558835,50.1602825820802,50.659130210414624,50.210805273913124,51.09669068144749,56.34332268441436
person_10.mp4,front,95,1585,59.946188340807176,848,478,38.03654326543088,38.12693996306317,50.98855904826843,51.1532392706495,50.51064597760087,51.44176349460198,56.12136013539999
person_10.mp4,front,96,1601,59.946188340807176,848,478,37.36844672949085,37.811894133514414,50.42250121890001,50.871472004688854,50.183251630601184,51.06758089821559,56.34975407556012
person_10.mp4,front,97,1618,59.946188340807176,848,478,37.017043999260295,37.73521349816503,49.942488578251094,50.641140463998426,50.23689814731869,51.10119720614218,56.02994869397328
person_10.mp4,front,98,1635,59.946188340807176,848,478,36.98586508930809,37.49009190399967,49.38608789794971,50.414333657216694,49.95452623165974,50.977958523521494,56.32265386361249
person_10.mp4,front,99,1651,59.946188340807176,848,478,36.56761277350957,37.21044648162672,49.02130613948728,49.832074884014425,49.890613047609754,50.95202834643561,56.42505978107412
person_10.mp4,front,100,1668,59.946188340807176,848,478,36.5887465060357,36.85530053770247,48.578730284617656,49.198464801637954,49.780392750241546,50.60538602502674,57.0036077746315
person_10.mp4,front,101,1685,59.946188340807176,848,478,36.15712057828968,36.18718029170382,47.671135819142336,48.04418789997652,49.55117400591413,50.24675801095873,57.857401451546586
person_10.mp4,front,102,1702,59.946188340807176,848,478,36.64838256586153,36.74764694295447,48.47560590491226,48.82377830490872,50.573888624671454,51.20455658667071,56.89265231357518
person_10.mp4,front,103,1718,59.946188340807176,848,478,36.120335561720644,36.15899342102989,47.43704077574279,47.47500542497582,49.78658845780419,50.24843703604781,57.73441393327772
person_10.mp4,front,104,1735,59.946188340807176,848,478,36.20623368435421,36.22944612147427,47.85462940571785,47.8979694927341,50.19147512255694,50.5220439178447,57.40075096760395
person_10.mp4,front,105,1752,59.946188340807176,848,478,36.888295208391014,36.84081359033763,49.58525707670187,49.37616040579908,51.422094116086676,51.913411800308964,55.867217473712216
person_10.mp4,front,106,1768,59.946188340807176,848,478,36.663183741042246,36.14778332840333,47.92860102153938,47.56348490879209,50.554639675689124,50.83713390277062,57.49054635786667
person_10.mp4,front,107,1785,59.946188340807176,848,478,35.69085838497374,35.64100216285404,46.526300637378796,46.28432780345944,49.73128232298378,50.07907217482637,58.635099456421344
person_10.mp4,front,108,1802,59.946188340807176,848,478,35.994635765967416,35.77120235159967,47.15315539808742,47.11400177662124,50.014792385518405,50.315965844004594,57.95301775566994
person_10.mp4,front,109,1818,59.946188340807176,848,478,36.16562263736254,35.72428493125127,47.279636543665646,47.438135483732566,49.89594217252198,50.29002156940091,57.61373580815728
person_10.mp4,front,110,1835,59.946188340807176,848,478,35.99142874586468,35.50384178414874,47.22637181203858,47.441039003089315,50.00031211175892,50.30090955295397,57.52613908200644
person_10.mp4,front,111,1852,59.946188340807176,848,478,36.21205996149076,35.67615840273013,47.23692207070026,47.28128719788183,50.185026742467315,50.411509724803906,57.55231072801129
person_10.mp4,front,112,1868,59.946188340807176,848,478,35.540985922097605,34.98616082641453,46.79518821725128,46.95342651041132,49.73008581280915,49.99800132952227,57.56566231239207
person_10.mp4,front,113,1885,59.946188340807176,848,478,35.258553939593554,34.507125466675575,45.08857750238916,45.37528050517748,49.19580665569318,49.6032562134323,59.08215793798274
person_10.mp4,front,114,1902,59.946188340807176,848,478,35.458457023611075,34.7246184520756,45.263204005323736,45.933612494225265,49.98220785162005,50.15091459530785,58.69765215461075
person_10.mp4,front,115,1918,59.946188340807176,848,478,35.692659357010136,34.70998637787249,45.54439240352495,45.91114987554044,50.48028648075619,50.53910703139909,58.45629778441887
person_10.mp4,front,116,1935,59.946188340807176,848,478,35.84144957990665,34.9471841756719,48.686920655465485,48.638511521091516,51.64607265117456,52.86815661051739,55.504144119868364
person_10.mp4,front,117,1952,59.946188340807176,848,478,35.80807132398189,34.95338510499732,47.73055401439104,47.70029116178881,51.10785713721811,51.884288499501125,56.469045880255486
person_10.mp4,front,118,1968,59.946188340807176,848,478,35.716290348998,35.13886106025115,47.52404222425373,47.65688992241351,51.26293025196263,51.69722208784167,56.56101640924359
person_10.mp4,front,119,1985,59.946188340807176,848,478,36.15355809592554,35.765263536146435,48.191492658991905,48.79942956534423,51.94509300816539,52.89711196712539,55.842625736011314
person_10.mp4,front,120,2002,59.946188340807176,848,478,36.00472796453544,35.65479330795885,48.11968147554368,48.620215941439895,51.60163183792101,52.581035110259634,55.93684655545029
person_10.mp4,front,121,2018,59.946188340807176,848,478,36.44730142688116,35.596164047710374,48.209308420292,48.66192586790213,52.5590959480603,52.524329071311385,55.99506780645618
person_10.mp4,front,122,2035,59.946188340807176,848,478,36.362713596786804,35.44321231318447,47.00797617125609,47.62182132327403,52.21446831524316,51.810078566454756,57.114356917362045
person_10.mp4,front,123,2052,59.946188340807176,848,478,36.30653687511989,35.37040711195255,47.70084259234606,48.38698068862759,52.391891045614194,51.622704630569096,56.396783789641916
person_10.mp4,front,124,2069,59.946188340807176,848,478,36.17186406450584,35.317899119510905,47.657958534491236,48.27682267240112,52.17193098739516,51.725458901660986,56.44472055736124
person_10.mp4,front,125,2085,59.946188340807176,848,478,36.07363786667026,35.041050195867804,47.8361216784771,48.35424276986638,51.96321337829587,51.75978013444576,56.160447318157075
person_10.mp4,front,126,2102,59.946188340807176,848,478,37.36091832894145,36.44713691287193,52.19314238817292,52.61689336002262,53.838093948963035,56.17648476275101,52.34785791390829
person_10.mp4,front,127,2119,59.946188340807176,848,478,37.12174681082432,36.36389978584103,50.60385071130506,51.16923945413084,53.57971106478136,55.998403823059945,53.815353768905176
person_10.mp4,front,128,2135,59.946188340807176,848,478,38.88750689447044,37.11956316057171,54.41563590580904,54.67894791434874,56.47847168603807,58.27838312245065,50.84786967393086
person_10.mp4,front,129,2152,59.946188340807176,848,478,39.122086833407884,37.30467047485971,54.41939076199608,55.13520706438253,56.169494925812096,57.11810321542855,50.73180143227708
person_10.mp4,front,130,2169,59.946188340807176,848,478,39.296290967096205,37.25333830197087,55.00991412234092,55.92124618714607,56.56905602021552,57.038905228703726,50.09037121325129
person_10.mp4,front,131,2185,59.946188340807176,848,478,40.70254364829456,38.49982412470354,59.21819914714065,59.72858281461616,58.756803174928514,59.56314619920865,46.758007395433374
person_10.mp4,front,132,2202,59.946188340807176,848,478,41.06952595331426,38.61270294940826,61.266366956220345,61.046364418635086,59.44976014319737,59.937912534327324,45.51906280535894
person_10.mp4,front,133,2219,59.946188340807176,848,478,43.22237837964846,40.42846819258673,67.69185415367936,67.17978004762175,61.25523326168389,62.046129580641455,40.4727140778746
person_10.mp4,front,134,2235,59.946188340807176,848,478,42.80396830031475,40.22669998453328,68.40526211929904,68.39172499707651,60.30539273807797,60.87916878066608,39.40230341981507
person_10.mp4,front,135,2252,59.946188340807176,848,478,42.26975548342581,39.41027934743864,66.48415046884882,66.70104422770481,59.15660849910604,59.397433171477324,41.131743143543396
person_10.mp4,front,136,2269,59.946188340807176,848,478,42.479349320098,39.99038586906482,71.93763547182805,72.18451696967246,59.175561417727856,59.31831792814651,35.95913395450837
person_10.mp4,front,137,2285,59.946188340807176,848,478,42.36789803673307,39.92806459824765,70.51478309872317,70.65868541797369,58.28401275470467,58.57076088848272,37.81105699279962
person_10.mp4,front,138,2302,59.946188340807176,848,478,43.02106490877714,40.51531275884714,70.84783614851067,71.33872822530653,57.970185451210206,58.38218505330243,38.219242517508775
person_10.mp4,front,139,2319,59.946188340807176,848,478,43.663046653535005,40.92182713240535,74.51700162572443,75.01445682848546,58.70530727322059,59.56892401843552,35.092429412095264
person_10.mp4,front,140,2335,59.946188340807176,848,478,43.19113100172798,41.24801294855536,76.35381533475446,76.28755534166037,56.67275788068654,61.30328525096752,33.36498648348873
person_10.mp4,front,141,2352,59.946188340807176,848,478,45.768995074846494,43.130471228802016,84.34931586029579,83.78376510638665,59.62909084398982,61.765066802347185,26.823634653980587
person_10.mp4,front,142,2369,59.946188340807176,848,478,48.529550948877926,44.972141293127194,89.04709464315106,87.8213865847977,61.23798917412484,62.32546309643574,24.220507560958715
person_10.mp4,front,143,2385,59.946188340807176,848,478,49.70380848508579,45.67964905496236,88.26668221618144,86.39883594280319,61.69882061277996,62.3950616606245,26.07540645588934
person_10.mp4,front,144,2402,59.946188340807176,848,478,48.96720697216808,45.28470075918828,85.96032631380486,84.68224784149113,60.1038636856209,60.792319211854235,27.457556182905257
person_10.mp4,front,145,2419,59.946188340807176,848,478,51.284381807623916,46.83674546750649,91.24834242912046,90.11624593407872,61.33123020736922,61.92104550612242,23.021170217563903
person_10.mp4,front,146,2436,59.946188340807176,848,478,50.82333256331249,47.077193635079006,88.01648365874055,87.17994458831194,60.529194561834686,61.37404227184508,25.926146725347632
person_10.mp4,front,147,2452,59.946188340807176,848,478,51.53532128614318,47.9162981928769,89.82080152568513,88.78349106440335,59.753617355416296,60.66287541065522,25.02794622733657
person_10.mp4,front,148,2469,59.946188340807176,848,478,51.726375097843636,48.48961004786743,91.45414417186691,90.87768431892597,59.34689090022828,60.58913063300453,23.23933012955266
person_10.mp4,front,149,2486,59.946188340807176,848,478,51.910610075737594,48.82626658685461,90.36293745455465,88.70613338624378,58.277409943141926,59.91772149379673,25.618843601447487
person_10.mp4,front,150,2502,59.946188340807176,848,478,52.200069432205964,50.10935867954494,89.89515402060135,86.80677587450955,59.65098734384435,57.30848969238711,26.640623993864075
person_10.mp4,front,151,2519,59.946188340807176,848,478,50.586731171475556,49.448710805452784,85.48383627592439,83.37008690004997,55.461076904246816,54.91674991115856,31.11570878378018
person_10.mp4,front,152,2536,59.946188340807176,848,478,51.17514880430489,48.527414215761574,83.20872260363379,79.16779961191112,56.3598949751573,54.116084869735246,33.72898714287204
person_10.mp4,front,153,2552,59.946188340807176,848,478,52.31032322534129,48.67524053637293,82.1507115381788,78.23852494575482,59.04883224565969,54.57929371569727,34.88518171531083
person_10.mp4,front,154,2569,59.946188340807176,848,478,52.17177112581939,48.81549047609647,80.96152029901383,76.46847819073737,56.84236199780967,53.41220040185101,36.319612109375164
person_10.mp4,front,155,2586,59.946188340807176,848,478,52.46013808561422,49.66395502677652,79.49435406771049,74.71625785259981,56.390578442632986,54.10200577853548,38.22557707038961
person_10.mp4,front,156,2602,59.946188340807176,848,478,52.62227521398363,49.35021774001119,81.70336525882185,75.94401022437674,54.55425216513798,51.846485257172255,37.60151761551685
person_10.mp4,front,157,2619,59.946188340807176,848,478,53.57821147299947,50.011976276128706,83.42644447608794,78.12244920999579,55.46348342350806,53.09770348411407,36.573768885117865
person_10.mp4,front,158,2636,59.946188340807176,848,478,54.48186519613024,51.25484606838271,83.8136071781252,79.22547037053256,56.28437467564431,53.809031014063514,35.899584111132256
person_10.mp4,front,159,2652,59.946188340807176,848,478,55.97546248829484,52.65687159581324,85.9529286278502,80.45199748681272,55.90416243358588,54.017780585411835,35.538413671957365
person_10.mp4,front,160,2669,59.946188340807176,848,478,57.60916435795359,55.203054301198286,87.13899376213057,82.09692197394963,57.137431353381245,55.894989482743796,35.09553972962414
person_10.mp4,front,161,2686,59.946188340807176,848,478,60.92982353188854,58.70088826167984,91.11438839995269,86.54129467183026,59.34008609554542,58.35077117146943,32.363851393468565
person_10.mp4,front,162,2702,59.946188340807176,848,478,62.45681929419658,60.74845981693773,92.52922823040045,88.31306892521899,60.334261644928546,59.69902955651574,31.49586104740423
person_10.mp4,front,163,2719,59.946188340807176,848,478,64.77118455546662,64.62286769574304,94.42796351627604,91.35433420523358,61.65787317441398,62.7608552203094,30.545727707832853
person_10.mp4,front,164,2736,59.946188340807176,848,478,67.51014706933033,66.37317047964211,96.76732429033173,94.11698684778045,62.48623968052725,63.47500325554423,29.410444318815955
person_10.mp4,front,165,2752,59.946188340807176,848,478,67.94014220408128,69.16668331855132,97.82062407613464,96.87934852241969,61.247049002757606,63.06532289503639,29.787500734709727
person_10.mp4,front,166,2769,59.946188340807176,848,478,76.21331684755627,76.40588635746471,104.36949979610927,102.27653414479133,63.38967224015224,65.53247225030573,30.270060676815252
person_10.mp4,front,167,2786,59.946188340807176,848,478,75.93001339017665,74.39257425769614,104.92596382968604,100.81870920265902,63.81722832031705,65.65587719824832,29.26513204290467
person_10.mp4,front,168,2803,59.946188340807176,848,478,73.8868609135453,77.8212433335721,103.97443483719567,105.50410925945208,63.74122141944361,66.00992021070451,28.367316585892443
person_10.mp4,front,169,2819,59.946188340807176,848,478,74.1092227544886,75.51991815388058,104.91582233985298,104.67038061545935,63.78895450271714,65.71184019651591,27.343308853765762
person_10.mp4,front,170,2836,59.946188340807176,848,478,79.4616070997384,83.74923544981581,112.98078257202961,116.80076719619589,66.34331730240066,68.63790884649636,22.40975503736054
person_10.mp4,front,171,2853,59.946188340807176,848,478,86.25318298389101,88.7834150649462,120.35669926926441,121.7968378842976,67.1786332338705,69.34662206714445,22.945313051925112
person_10.mp4,front,172,2869,59.946188340807176,848,478,89.61076018429023,90.17614852842325,122.47914851306419,121.6213019657196,68.10299083030475,70.30900234591714,23.04580389978195
person_10.mp4,front,173,2886,59.946188340807176,848,478,93.1574512256896,92.48572668207193,125.86129869450816,123.5365269851572,68.39654562577834,70.88236683439037,23.351120821114396
person_10.mp4,front,174,2903,59.946188340807176,848,478,82.84786464070163,83.01488690780933,116.65343070182358,115.39732989690931,65.79300236595648,67.76043304057781,23.711467986020207
person_10.mp4,front,175,2919,59.946188340807176,848,478,90.65554931109565,85.5301996072266,124.85264786811432,117.4544261555167,67.14901688027008,69.71125225642996,22.82885246126201
person_10.mp4,front,176,2936,59.946188340807176,848,478,91.72667368124458,86.06558827151576,124.99136076137741,117.17721373692851,68.59571952302915,71.01401293432971,22.260895244168363
person_10.mp4,front,177,2953,59.946188340807176,848,478,95.31556051163815,91.29158871088919,128.36316171432884,122.16579999245154,68.62818717587062,72.04644665130489,22.37921270445277
person_10.mp4,front,178,2969,59.946188340807176,848,478,109.36481186109134,99.39020013714092,140.56990016428745,128.2532898982234,70.44355714566333,73.54684230618919,22.793943047988876
person_10.mp4,front,179,2986,59.946188340807176,848,478,103.16124493309978,96.59209959982927,135.89965135492076,126.95623389347026,69.56869319777975,72.79969207266778,22.809133439106898
person_10.mp4,front,180,3003,59.946188340807176,848,478,113.71414328874357,100.22290753548131,145.43237342896757,128.84593994214742,71.49523288929613,74.3155044025573,22.571872254432577
person_10.mp4,front,181,3019,59.946188340807176,848,478,116.30562077690425,100.60550173097316,148.61441212169586,128.77819521785426,73.17279131618548,75.52429841392296,21.12576195297854
person_10.mp4,front,182,3036,59.946188340807176,848,478,118.02517633999129,103.25426085248674,150.33399723450913,131.2829394404741,71.92700670146361,75.46189414958616,21.723072184378182
person_10.mp4,front,183,3053,59.946188340807176,848,478,116.96473694199518,103.20027602306678,148.48620649590603,130.9082151173054,73.62785025651353,76.4359943803523,21.199212843514765
person_10.mp4,front,184,3069,59.946188340807176,848,478,119.56707166896285,106.04917814829547,152.4190506065424,134.10236943704487,73.14616278136597,76.7320719547358,20.974483474607936
person_10.mp4,front,185,3086,59.946188340807176,848,478,120.16251405658835,105.25093176565092,151.73939810128664,132.73135741677353,73.99660987803942,77.1802490272907,21.052855524958126
person_10.mp4,front,186,3103,59.946188340807176,848,478,121.39341632681156,111.94827890502661,152.48482268214164,137.9083696174909,73.58102382190323,77.82548870520947,21.711340032909895
person_10.mp4,front,187,3119,59.946188340807176,848,478,123.69292636520616,108.7086374167254,153.54607055485226,135.97424748108494,76.50105441678151,76.67867871606789,20.449327855481975
person_10.mp4,front,188,3136,59.946188340807176,848,478,123.05297922676523,113.74810278334266,154.0657341358216,140.10114026525375,75.21068537917986,78.49918422602966,20.546976241818754
person_10.mp4,front,189,3153,59.946188340807176,848,478,122.20909462043957,117.1318438770732,153.82116302761773,143.1565411762792,74.79725146850258,78.49519525289635,20.83103892559935
person_10.mp4,front,190,3170,59.946188340807176,848,478,121.74064389364231,117.56494122037464,153.77066542078714,144.10329039035508,73.96439254077286,77.15425399274407,21.262340838885912
person_10.mp4,front,191,3186,59.946188340807176,848,478,120.13906909503649,117.23566981864062,152.74894301409662,144.35468501318198,72.88211422549139,76.38539821313212,21.301745374303344
person_10.mp4,front,192,3203,59.946188340807176,848,478,122.563081448098,115.76663202535744,154.11320085455304,141.11839083757374,73.38221408214672,77.13049852970214,21.969786094794586
person_10.mp4,front,193,3220,59.946188340807176,848,478,121.90902091750796,117.85368806990834,153.57208162446213,142.77837030783743,73.13622700784174,76.40938342584113,22.463459167228937
person_10.mp4,front,194,3236,59.946188340807176,848,478,123.8408231965396,120.62625109411138,154.07078369802358,144.19194963753426,74.61024905205046,77.96242950878971,22.219352874260732
person_10.mp4,front,195,3253,59.946188340807176,848,478,125.03611773242251,123.87702074468133,156.33080900387387,147.8794354390184,73.68909288199035,77.147628124845,22.184842198680723
person_10.mp4,front,196,3270,59.946188340807176,848,478,127.12493885772824,126.24865716328509,157.38943412438968,149.19826670411192,74.86553126228719,78.57624915985504,21.910258066514007
person_10.mp4,front,197,3286,59.946188340807176,848,478,125.99018597806419,129.19317432279394,155.78177091911394,152.2473975917574,76.01941594075228,79.4259951597809,21.492404638012193
person_10.mp4,front,198,3303,59.946188340807176,848,478,130.37660350531735,134.23636711147077,158.33599285665483,155.04045552877517,75.98558209832328,82.96123933753681,20.67638452382452
person_10.mp4,front,199,3320,59.946188340807176,848,478,133.96816319562666,135.5392505665749,158.70664518964557,157.11256027469554,80.29120885809508,84.01838013038196,18.991109740354542
person_10.mp4,front,200,3336,59.946188340807176,848,478,136.41901201714188,135.35395827676192,160.7081747535572,157.51149094769528,82.0108397268191,82.54160406721404,18.085193102488677
person_10.mp4,front,201,3353,59.946188340807176,848,478,142.35378094001095,140.17522573236624,164.58671144218516,159.058298022175,85.95723829228386,85.37952534399271,16.12898656183313
person_10.mp4,front,202,3370,59.946188340807176,848,478,142.2662519808989,140.5586968572574,164.49487918101246,159.15393269746968,85.82708228983395,85.81971344401418,16.129286072653088
person_10.mp4,front,203,3386,59.946188340807176,848,478,144.30261564300946,141.0652749328549,165.91509681669396,159.07611835924115,86.7416082433058,86.5892419145847,15.389741375822165
person_10.mp4,front,204,3403,59.946188340807176,848,478,144.37774179859827,145.11476406719723,164.0695681506283,161.47466480805122,87.03553488176907,88.47678494009627,15.915242106087197
person_10.mp4,front,205,3420,59.946188340807176,848,478,144.89560653327806,145.4307611351412,164.13480410808887,161.38992268933586,87.14071506142045,88.73489089111736,16.203188204433644
person_10.mp4,front,206,3436,59.946188340807176,848,478,144.85475490840045,144.91106536963036,163.68305414328208,161.09914402954436,86.99281488834004,87.98868783660008,16.316549356838784
person_10.mp4,front,207,3453,59.946188340807176,848,478,144.78666900464125,145.04645156078686,163.99267917984008,161.9640718043355,88.09621375754779,88.14162315116005,15.10194355939228
person_10.mp4,front,208,3470,59.946188340807176,848,478,145.31507284141884,145.734642832822,164.16186572221017,163.65959733103887,88.77508181496509,88.40506333338597,13.937095742703654
person_10.mp4,front,209,3486,59.946188340807176,848,478,143.84554887939575,145.86171664066788,163.1585741475159,163.10449880932444,87.58156909500241,88.62104772679537,14.7064989796901
person_10.mp4,front,210,3503,59.946188340807176,848,478,142.78471391999844,145.8281467089501,163.10687797557634,164.40075655343762,87.55747628466058,89.11896375366364,13.509410367470116
person_10.mp4,front,211,3520,59.946188340807176,848,478,142.70617554760403,146.9082760907144,163.00241805862146,164.72592359350566,87.11703373539267,88.96062303764478,13.95548301224405
person_10.mp4,front,212,3537,59.946188340807176,848,478,143.57127008308302,147.41731418253224,163.84940639492726,165.46049175320687,87.23484366424975,89.03653303484526,13.385446681556362
person_10.mp4,front,213,3553,59.946188340807176,848,478,143.743789976599,147.14954102922928,163.67686003978073,164.89321090443255,87.34351650683986,89.10360040816664,13.747836633296934
person_10.mp4,front,214,3570,59.946188340807176,848,478,144.09007101776598,147.63716977248447,163.7180784524877,165.10275681598853,87.38154280130118,89.30043811907787,13.774396556827163
person_10.mp4,front,215,3587,59.946188340807176,848,478,144.5887871400855,147.28134002895902,164.32879412715363,164.63791797186607,87.47276579179143,88.94357489628307,13.825764362875711
person_10.mp4,front,216,3603,59.946188340807176,848,478,144.33189101584065,146.5592136829868,165.37093897584728,164.95069790578793,87.43850241264141,88.5814890235462,12.866538178459823
person_10.mp4,front,217,3620,59.946188340807176,848,478,144.19006786455975,146.18899397618137,168.01199264266072,167.35256893737233,87.39888947310287,88.48166256822245,9.850479254748766
person_10.mp4,front,218,3637,59.946188340807176,848,478,144.4719416945905,146.2758943132393,168.08750342535836,167.86605131051328,87.54657948004825,88.59826945625277,9.288530876727044
person_10.mp4,front,219,3653,59.946188340807176,848,478,144.2248832965523,146.13393916526346,168.33384871870751,167.81980019340367,87.46320529738423,88.77256889322427,9.129666520241665
person_10.mp4,front,220,3670,59.946188340807176,848,478,142.9613980296654,145.55416116954584,167.0230620909921,166.50451202759655,86.90602097662908,88.34014315344668,10.185921067067692
person_10.mp4,front,221,3687,59.946188340807176,848,478,143.45489272702704,145.53034641910713,166.7408292809028,165.7404826061036,87.36034302749667,88.50066210732865,10.696964066413926
person_10.mp4,front,222,3703,59.946188340807176,848,478,143.1155858478737,145.43106500375586,166.99036824938196,165.55822119719997,87.2196367093722,88.58261508512474,10.637858400558423
person_10.mp4,front,223,3720,59.946188340807176,848,478,143.0169037232106,145.60183517238394,167.14754780682875,166.47623808332037,87.41683290519222,88.66128895322042,10.033690875599797
person_10.mp4,front,224,3737,59.946188340807176,848,478,142.82221881086832,145.62692451053474,168.53167880741938,167.0363282895294,87.33581547332577,88.78058583137346,8.957809356258835
person_10.mp4,front,225,3753,59.946188340807176,848,478,143.67526697986744,145.89788060836386,168.09072446402286,167.48237536699085,88.10854361231904,89.07966499211662,9.020548090324832
person_10.mp4,front,226,3770,59.946188340807176,848,478,144.25929521368272,145.9138322559762,168.3854297801946,167.1514787314183,88.41502564572839,89.15514058637557,9.231298396806734
person_10.mp4,front,227,3787,59.946188340807176,848,478,145.20161506054956,146.92782484718217,168.73498721870513,167.76503115941392,88.97727231705048,89.8820258106898,8.565536195941903
person_10.mp4,front,228,3803,59.946188340807176,848,478,144.97514801544753,146.5186531073397,168.76254068523653,167.04813069809182,88.9063703765427,89.65098292110866,8.825591468147017
person_10.mp4,front,229,3820,59.946188340807176,848,478,144.72620183701113,145.9065872521687,168.89648207448244,166.7001144437426,88.38478473950966,89.22198597156284,8.843234216556834
person_10.mp4,front,230,3837,59.946188340807176,848,478,144.96843410760832,145.8182191537825,168.65477363918362,166.09881133952686,88.37819339474231,88.89315111113316,9.5084260169502
person_10.mp4,front,231,3853,59.946188340807176,848,478,144.7435034102875,145.41940016916786,168.49120812115075,166.09007166872487,88.28737885487989,88.534009427942,9.697166253423687
person_10.mp4,front,232,3870,59.946188340807176,848,478,144.70050113590855,145.44721549718597,168.7953294330986,166.03849189896314,88.02805424801707,88.5515890028202,9.611188293598596
person_10.mp4,front,233,3887,59.946188340807176,848,478,145.96797587948572,146.41279149186954,170.748297621869,166.2483950857687,88.70502113430061,88.99809775410802,8.46323404015789
person_10.mp4,front,234,3904,59.946188340807176,848,478,146.11910010530445,146.5388361999797,171.34974894226673,168.16902272093952,88.71666178971554,89.27369874505365,7.009141373321796
person_10.mp4,front,235,3920,59.946188340807176,848,478,145.21364521360348,146.21024807862375,170.8113433203135,167.68616543840514,87.88402381706841,89.1938667538447,7.552429134509085
person_10.mp4,front,236,3937,59.946188340807176,848,478,144.87311312812957,145.78500750955354,170.45793193282128,167.76858727993275,87.66633791959678,88.86498863515449,7.698701676804216
person_10.mp4,front,237,3954,59.946188340807176,848,478,143.78638426865484,145.89936069487743,169.69795254902377,168.67183260088876,87.64218738821228,89.01340113428026,7.088081644600173
person_10.mp4,front,238,3970,59.946188340807176,848,478,145.0678909895125,146.38247421799375,171.49437498977733,169.240599170039,88.09782066622002,89.2347593967409,6.045817004900915
person_10.mp4,front,239,3987,59.946188340807176,848,478,144.3448289918041,146.03164614245455,171.38915178424776,169.55354669983748,87.63634300041714,89.0935956183549,5.701942128396036
person_10.mp4,front,240,4004,59.946188340807176,848,478,144.52228362184752,146.275557578757,172.19933068023306,170.59605071131367,87.71326008052353,89.35862238722585,4.480885678133066
person_10.mp4,front,241,4020,59.946188340807176,848,478,143.8435393549381,145.91918871656927,171.41028014607085,169.89692432563132,87.34428245108697,88.97594549099396,5.243940244567877
person_10.mp4,front,242,4037,59.946188340807176,848,478,142.26532937897997,145.15923054303875,170.72518629056174,168.94094539023763,86.74254505451503,88.80731579442232,5.539848216576701
person_10.mp4,front,243,4054,59.946188340807176,848,478,142.4127498723164,145.3877893416443,170.48783447720405,168.61420104719483,86.67174778834027,89.03474820574495,5.958805456807633
person_10.mp4,front,244,4070,59.946188340807176,848,478,142.0843192510049,145.0124726828882,168.02242127151098,166.10024640534616,86.14766528987559,88.56236359738055,8.847595656948984
person_10.mp4,front,245,4087,59.946188340807176,848,478,142.076571224519,144.98721938799383,167.95041388477838,165.52987286277863,86.27310285669815,88.52051549870133,9.266212839497115
person_10.mp4,front,246,4104,59.946188340807176,848,478,142.47136640374703,145.06081706764724,168.92564377883298,166.18508178833684,86.58310622549344,88.6982267692872,8.458223229241982
person_10.mp4,front,247,4120,59.946188340807176,848,478,142.60259796573496,144.96023411055518,170.09343184004658,166.73126830187627,86.54437832120834,88.53839875595142,7.3453752549934626
person_10.mp4,front,248,4137,59.946188340807176,848,478,142.39783769054745,144.7098286344424,169.7511718180976,166.81324989863924,86.38094490511693,88.37414690570743,7.48309884447445
person_10.mp4,front,249,4154,59.946188340807176,848,478,141.9579103419792,143.99260792418497,169.59842539101962,165.83253707083895,86.36406229023522,88.19453184593104,7.882235148144815
person_10.mp4,front,250,4170,59.946188340807176,848,478,141.7747898854197,143.92932356438402,169.69077315899565,166.0499034092116,86.12276591202054,88.0745553022171,7.772884980624633
person_10.mp4,front,251,4187,59.946188340807176,848,478,141.20541243470808,143.23055305915298,169.09529709918692,164.4322708734386,85.89106356885902,87.80336114566084,8.734351847648428
person_10.mp4,front,252,4204,59.946188340807176,848,478,140.91043773219127,142.83973232705688,167.51491920815528,164.197508827308,85.47375040461124,87.2049766470651,10.02473791739214
person_10.mp4,front,253,4220,59.946188340807176,848,478,140.65398437662273,142.77541518536955,168.409857372694,163.98799553071157,85.69841682415952,87.75273299555684,9.257672812494873
person_10.mp4,front,254,4237,59.946188340807176,848,478,143.37859172206686,143.84626393212386,169.42121498024107,164.21304559589007,87.41672295736244,88.8056218940237,9.113365631746584
person_10.mp4,front,255,4254,59.946188340807176,848,478,142.23882359692655,143.20405366640313,171.0845329236919,163.85931659177623,87.28490421403242,89.01666221391633,7.262597718508921
person_10.mp4,front,256,4270,59.946188340807176,848,478,142.9168509311524,143.42090349117345,170.2059247651831,163.66145994620388,87.64785015042779,88.91224709944578,8.20140037829601
person_10.mp4,front,257,4287,59.946188340807176,848,478,142.75995511443122,143.681890818142,171.98203046363832,164.54943925677262,87.63429663980367,89.04076922384888,6.4684840983509355
person_10.mp4,front,258,4304,59.946188340807176,848,478,142.5763715629238,143.92115463145902,169.3634135301515,164.20807962012802,87.40371581892174,89.09980469774065,8.377275532441402
person_10.mp4,front,259,4321,59.946188340807176,848,478,143.55260033337032,143.78733894536737,169.10892681698712,164.178442173841,88.29897577221203,89.1119694004524,8.409617852458837
person_10.mp4,front,260,4337,59.946188340807176,848,478,143.4430652435953,143.70440656558736,168.15688574550387,163.9675782009518,88.16228759739022,89.04302015710039,9.073643675221872
person_10.mp4,front,261,4354,59.946188340807176,848,478,142.77448127746075,143.77959108665317,168.09128647579183,162.50913205674817,87.51460185228312,88.86763249611381,10.155006805455269
person_10.mp4,front,262,4371,59.946188340807176,848,478,142.64238231886478,143.87992583131307,167.88262563865112,162.89211550591395,87.47339535449908,88.81749848947207,10.028304442716971
person_10.mp4,front,263,4387,59.946188340807176,848,478,143.41303693127233,144.1028076398744,166.6388385065097,162.11491356684456,87.79428047961378,88.8570755770958,11.409750048900582
person_10.mp4,front,264,4404,59.946188340807176,848,478,143.23880146319826,143.8813893961423,166.68174824703328,162.63929906347673,87.73067847594568,89.01771219206226,11.168332693578824
person_10.mp4,front,265,4421,59.946188340807176,848,478,143.94739709583524,144.62042039233444,167.10751173677554,162.959176557147,88.16471416152179,89.69930438567266,10.90253713083049
person_10.mp4,front,266,4437,59.946188340807176,848,478,144.65499916039488,144.61863178416922,166.48822387758415,161.6269844394164,88.20605467532992,89.61359139907839,12.354870893980184
person_10.mp4,front,267,4454,59.946188340807176,848,478,144.36842358376867,144.5154310203165,166.4519602803,162.03076393391478,88.09462847484946,89.50304597521243,12.04703527850356
person_10.mp4,front,268,4471,59.946188340807176,848,478,144.93678487944385,144.99383546536964,166.74745079911025,162.3325146462724,88.4227965014297,89.69402942792722,12.017162004998715
person_10.mp4,front,269,4487,59.946188340807176,848,478,144.44665468549812,144.245654510619,166.02840678855102,162.4642191087622,88.08002816643138,88.82120446486854,12.48667548705965
person_10.mp4,front,270,4504,59.946188340807176,848,478,142.96314350890734,144.33743658017383,165.40458420956605,162.97991122931714,87.3658492234197,89.05240068052514,12.346838358956553
person_10.mp4,front,271,4521,59.946188340807176,848,478,142.61544314679227,144.388529816597,165.5172383152338,163.19908615387553,87.2174236576124,88.9959955940646,12.095626121979075
person_10.mp4,front,272,4537,59.946188340807176,848,478,142.48372397644482,144.35945532899137,165.65309079190249,163.08842831577832,87.08928986678389,88.90419170503313,12.072235682614258
person_10.mp4,front,273,4554,59.946188340807176,848,478,142.19831508259344,144.10283556427206,164.8670187215115,162.3938948086711,86.81797600388792,88.58035500175248,12.92683545910408
person_10.mp4,front,274,4571,59.946188340807176,848,478,141.31220755886307,143.38763372475714,163.684029359811,161.46936001892226,86.27683449214408,87.84233213530966,14.16422637016412
person_10.mp4,front,275,4587,59.946188340807176,848,478,140.8952751511914,143.4363725316647,163.51617400566994,162.17225774875178,86.05917041005019,87.63164476631187,14.198123845800625
person_10.mp4,front,276,4604,59.946188340807176,848,478,140.78519247631422,144.02786159539318,164.07807532465893,162.97398032101742,85.92178345554736,87.74438237769645,13.77203651016246
person_10.mp4,front,277,4621,59.946188340807176,848,478,140.8600283656058,144.84460662864248,164.4775371016091,163.44254804482932,86.11770162401857,88.20298795004857,13.479751571376204
person_10.mp4,front,278,4637,59.946188340807176,848,478,141.84819921780198,145.0866724632298,164.69686496618198,163.59814785544253,86.58705610648832,88.29646801448193,13.324104055468212
person_10.mp4,front,279,4654,59.946188340807176,848,478,142.0782272517488,145.09535330666162,164.66860222009575,163.51415598153204,86.67922383499699,88.23299384006818,13.39946681323583
person_10.mp4,front,280,4671,59.946188340807176,848,478,140.2879661472655,144.41666126582257,163.1149579830411,163.23769612417627,85.76500473756785,87.43668040758085,14.65590703322263
person_10.mp4,front,281,4688,59.946188340807176,848,478,139.87563879333922,144.29767493689593,162.65691573202372,163.2135788599202,85.40416367399828,87.09574653566247,15.111336632548216
person_10.mp4,front,282,4704,59.946188340807176,848,478,139.01585480138743,144.63701089261218,162.43319666710832,163.35853156567228,84.80084261394873,87.22649635389598,14.877016622113466
person_10.mp4,front,283,4721,59.946188340807176,848,478,137.609746745177,144.62054775421714,162.1253317517412,164.5989488338538,84.35112832479615,87.58308669048039,13.894494238532708
person_10.mp4,front,284,4738,59.946188340807176,848,478,138.04695521408289,144.36881273283691,162.11566022838218,164.1825915259117,84.54179636922825,87.30655462641431,14.024524955813552
person_10.mp4,front,285,4754,59.946188340807176,848,478,140.40829333825403,145.20897323372748,161.6820036147697,163.69037761837063,85.83142848475714,87.69369976836606,14.563138482942513
person_10.mp4,front,286,4771,59.946188340807176,848,478,140.03648348222038,144.98239091712514,161.4944738205263,163.6229297824104,85.67722102222213,87.3661639970985,14.412174758488092
person_10.mp4,front,287,4788,59.946188340807176,848,478,140.5004031371173,145.74558446964141,160.8915055523036,163.68943314638264,86.09294701006401,87.83224550319065,14.929226800741068
person_10.mp4,front,288,4804,59.946188340807176,848,478,140.14956828453438,144.00793701380715,160.58778674674656,162.60381318056307,86.38240879173271,87.55922818320761,14.800248463154604
person_10.mp4,front,289,4821,59.946188340807176,848,478,141.38274647740252,144.83756848386074,161.20889807769268,164.61790994623271,87.70053817009811,88.69351361861469,12.984079415010603
person_10.mp4,front,290,4838,59.946188340807176,848,478,140.302543284725,143.84935096859124,161.12054619161168,163.97504612902085,87.12155242738703,88.49286408609935,12.85843279889882
person_10.mp4,front,291,4854,59.946188340807176,848,478,140.11544504105711,143.29721222869193,160.87747147847656,162.80517619396133,86.92901584527478,88.36654125093246,13.417515295502556
person_10.mp4,front,292,4871,59.946188340807176,848,478,139.7634095479382,142.21390629994073,160.69488229330773,161.18428316794922,87.30649539806595,87.81969582976454,14.014308711282718
person_10.mp4,front,293,4888,59.946188340807176,848,478,138.4733169372842,140.7124278165829,158.8768139973675,160.38184692566105,87.01968033446838,87.31402707141177,15.22727729963548
person_10.mp4,front,294,4904,59.946188340807176,848,478,136.61317671597902,140.07491420418052,158.2649090897996,159.2052213025643,85.78123666901939,86.50310649210672,16.187632336056712
person_10.mp4,front,295,4921,59.946188340807176,848,478,133.62701853079398,137.59227561598155,156.49723458003416,157.4643417258969,83.1865261342273,84.53257963484963,18.005510652372646
person_10.mp4,front,296,4938,59.946188340807176,848,478,131.8576180951152,135.82763789020342,155.8238685490356,156.11745111969927,81.15440892167304,82.88162913398139,19.06563270498367
person_10.mp4,front,297,4954,59.946188340807176,848,478,136.35303181409282,135.99388839005326,158.50617169498074,156.64594434837232,82.87506504145239,81.60019631340779,18.49832786457886
person_10.mp4,front,298,4971,59.946188340807176,848,478,137.8514413868261,138.45802672114914,158.04338242334148,158.51147042608054,83.89983974498821,84.01750210952858,18.600785360152546
person_10.mp4,front,299,4988,59.946188340807176,848,478,140.3319322009686,139.4150043584286,160.3519121363063,157.6427393182858,84.63761550019139,86.7277532408884,18.4397010888269
person_10.mp4,front,300,5004,59.946188340807176,848,478,134.3800970778873,132.86833218212496,154.7334401547994,152.56961067899303,81.90118925409354,84.09164384113163,20.25715507775722
person_10.mp4,front,301,5021,59.946188340807176,848,478,130.71742035398253,131.2970371976025,152.57497684238146,151.50960625516552,80.62906296336762,83.31057987444767,20.925174598236996
person_10.mp4,front,302,5038,59.946188340807176,848,478,123.58590650961104,125.63785178094571,147.6821310063565,146.94853375118626,77.77886838045522,80.72031717175403,22.140507704377267
person_10.mp4,front,303,5055,59.946188340807176,848,478,121.66685955525061,122.89525374206801,148.0382712116961,145.9680435541814,76.65530979944366,79.63846052416108,21.60971749109151
person_10.mp4,front,304,5071,59.946188340807176,848,478,121.72362054285222,122.58235708238027,148.85327860360601,145.99415078005242,75.8039798941221,78.66243959441957,21.081020556061024
person_10.mp4,front,305,5088,59.946188340807176,848,478,120.8918858476647,121.53627700495112,147.40633002884448,144.47916266240756,77.2316873260064,78.30322892384812,21.357344335099516
person_10.mp4,front,306,5105,59.946188340807176,848,478,123.98033248498157,122.74098444678333,148.2316843927186,144.85291771959385,80.01937679810293,81.45011698795538,21.04261560229901
person_10.mp4,front,307,5121,59.946188340807176,848,478,115.60283856165208,116.63775205429545,142.56064466090788,140.45044371326597,77.59001766428493,80.24977408593344,21.154360401095754
person_10.mp4,front,308,5138,59.946188340807176,848,478,112.13108936614454,107.44271537856955,137.49658855773308,131.11398880016262,79.06894614369104,80.62810235817474,20.660644653915277
person_10.mp4,front,309,5155,59.946188340807176,848,478,115.42518290391685,112.99819006635774,141.0138303226882,136.92642495799865,81.08699256016449,82.07660648700828,19.076227513930952
person_10.mp4,front,310,5171,59.946188340807176,848,478,107.64598773838745,108.52455387754677,134.87691152689575,133.47633026633562,79.10750319698973,80.86623098250658,19.165494138740502
person_10.mp4,front,311,5188,59.946188340807176,848,478,107.55994626751013,109.09325451179777,133.9868866815492,132.35641563084258,77.48681033670526,79.49006355083326,21.502691541592693
person_10.mp4,front,312,5205,59.946188340807176,848,478,108.39497696213228,104.67048656115398,133.1366260247707,126.95835593212081,78.42025992127134,79.53308112671853,22.224640847493337
person_10.mp4,front,313,5221,59.946188340807176,848,478,104.44678872978425,100.12834917011843,130.54237997781817,121.68131162797796,77.50659967330542,78.56541129195453,22.56348478898
person_10.mp4,front,314,5238,59.946188340807176,848,478,93.78695166053642,93.32837167233417,121.91254565044687,117.09320068756654,74.54179484347476,75.28084630934012,23.280163014151245
person_10.mp4,front,315,5255,59.946188340807176,848,478,88.18909787260019,85.92429431574978,115.88897096040614,107.28702819824206,70.90965720602051,70.53148597422582,28.02843848605459
person_10.mp4,front,316,5271,59.946188340807176,848,478,82.02034057748597,83.59274728949647,110.70308097352051,105.83571167766551,68.45831517410865,68.63414746439496,28.96420063666709
person_10.mp4,front,317,5288,59.946188340807176,848,478,77.65324465187037,79.31946086245493,103.0890775025158,97.68988324137074,66.34417001368277,65.84271926151197,33.885553677826984
person_10.mp4,front,318,5305,59.946188340807176,848,478,73.92623206468997,72.34940429570743,101.11321681152926,94.46358493617522,66.29268886580795,64.85646838901889,31.535575170729338
person_10.mp4,front,319,5321,59.946188340807176,848,478,70.31666932876766,72.73854040229178,94.89095975462715,92.17208468627237,64.81028341443334,64.34606446657244,35.01038770488385
person_10.mp4,front,320,5338,59.946188340807176,848,478,70.72608809764415,72.96990539938848,94.43377215524386,92.21804538370196,64.31820447004938,63.71149210329476,35.85229094083818
person_10.mp4,front,321,5355,59.946188340807176,848,478,74.18755386026636,71.2058056268698,99.31942037640967,93.12234447366683,64.81590233784124,63.304082119848886,34.15424176196437
person_10.mp4,front,322,5371,59.946188340807176,848,478,69.10290256626783,67.19037921152413,97.36055164945927,91.53041468729865,63.92987146980672,62.15377432187318,32.491678608523436
person_10.mp4,front,323,5388,59.946188340807176,848,478,66.36904908530309,66.58972971469247,96.29573074865807,92.21883262464135,63.9326041854578,62.713246863475845,31.457654134381336
person_10.mp4,front,324,5405,59.946188340807176,848,478,65.10977245957463,64.29738019317007,96.15938546096928,93.86181582579935,64.53865147540968,62.77035807253012,29.114305130788964
person_10.mp4,front,325,5422,59.946188340807176,848,478,67.63992957884906,67.0451055600066,98.29159276639497,95.21909602006671,65.42457009552611,64.18956389144535,28.404037417251143
person_10.mp4,front,326,5438,59.946188340807176,848,478,68.50139073065331,66.53679263714598,97.79577415695006,93.64506212365085,65.62413522153466,64.76772810563698,28.60705734250807
person_10.mp4,front,327,5455,59.946188340807176,848,478,62.45882586197165,60.23253004167495,88.71796517135371,86.02104551741196,61.15294217574029,60.31744798670813,33.422923805327635
person_10.mp4,front,328,5472,59.946188340807176,848,478,67.78695642579679,60.60318662206062,93.2949636973592,87.05532432753787,64.6201642855289,60.36513737066265,32.665042960238026
person_10.mp4,front,329,5488,59.946188340807176,848,478,61.89590861976746,58.94970463799388,91.46943099910905,86.35371016605937,60.95467324401278,59.85185315381315,32.43278735401433
person_10.mp4,front,330,5505,59.946188340807176,848,478,59.11010830966736,57.768870849649105,86.66740466244022,84.2295817108609,58.60023035973917,58.40081968785398,35.07722198839041
person_10.mp4,front,331,5522,59.946188340807176,848,478,56.69806783733653,55.358530707758575,86.00373018545214,83.08987377345613,57.478322859604916,56.99752472185701,34.36137801241392
person_10.mp4,front,332,5538,59.946188340807176,848,478,53.845044679168005,52.762373975878745,81.84396503536667,80.7694165478105,57.0859296912058,56.725090373687294,34.67499374379739
person_10.mp4,front,333,5555,59.946188340807176,848,478,55.121154614230605,54.89650117330772,82.62589050090448,82.08336993661904,57.97565538364067,58.39670466704352,34.56899246235744
person_10.mp4,front,334,5572,59.946188340807176,848,478,53.63625867991003,54.20555652720702,78.59708163510759,78.52103096889725,57.3405209620178,57.686733235162514,36.05732406958325
person_10.mp4,front,335,5588,59.946188340807176,848,478,52.03824796722555,52.92321302803083,74.72551636260334,75.62937784558493,56.42930672954277,57.1162509948594,37.95694061042604
person_10.mp4,front,336,5605,59.946188340807176,848,478,49.649726347269734,49.45757740079727,69.49739298159066,70.16729391916128,54.50089006442829,54.916933799662026,42.28755762829903
person_10.mp4,front,337,5622,59.946188340807176,848,478,50.030435532155494,48.98573977278248,70.4763604152365,70.27909272606773,54.98981626909303,55.38650329002364,41.78175082867291
person_10.mp4,front,338,5638,59.946188340807176,848,478,49.58680001402874,48.579845650685314,69.98073094079678,69.25054483542557,55.0153792268545,55.442223938111105,42.48094117927991
person_10.mp4,front,339,5655,59.946188340807176,848,478,48.3950402487798,48.582334237428185,69.44241254517473,69.620713241231,55.40125854650085,56.252036937113985,41.91374792377553
person_10.mp4,front,340,5672,59.946188340807176,848,478,48.25867402411906,48.01767708530125,68.9458047954189,69.5147719912494,56.448345282005775,56.8660272152201,41.397191067629485
person_10.mp4,front,341,5688,59.946188340807176,848,478,46.74518976701379,46.12262660697408,67.11559300672529,66.93845812660989,55.642941994796445,55.928314949629105,42.930383168804866
person_10.mp4,front,342,5705,59.946188340807176,848,478,45.163854038086725,44.599644644502945,64.6756141046165,64.80504624204055,54.81118325172652,55.18886805737365,44.79852209705367
person_10.mp4,front,343,5722,59.946188340807176,848,478,46.712192168906526,46.39277900374321,66.98687450650613,66.31430267919175,56.94941862810447,56.24006706766844,43.559652068411765
person_10.mp4,front,344,5738,59.946188340807176,848,478,44.90276549910144,43.814573501751305,63.88955796271807,64.53296448586076,55.66778752925094,55.78764778460319,45.030507439045074
person_10.mp4,front,345,5755,59.946188340807176,848,478,43.749064443603366,44.02089169839892,61.07439682586167,62.73874207772423,54.43363589993524,54.770568350473184,47.145163340135205
person_10.mp4,front,346,5772,59.946188340807176,848,478,43.17187575023941,43.67526391766164,61.17180298186673,62.07543864242512,53.918584680600695,56.28174678542204,47.54233709372972
person_10.mp4,front,347,5789,59.946188340807176,848,478,43.88378075378279,42.52844275664508,62.90244614239258,63.19247552341483,57.45496413690908,57.25554992383839,46.374671540983975
person_10.mp4,front,348,5805,59.946188340807176,848,478,43.80672330188946,42.41523810771046,63.1960690858416,63.216375987767414,56.531417226811065,56.84606869590165,46.128290910176304
person_10.mp4,front,349,5822,59.946188340807176,848,478,44.420069836177625,42.68823976677942,63.33018460265989,63.50652979226521,56.71860666907373,56.64901039150423,45.86107406581442
person_10.mp4,front,350,5839,59.946188340807176,848,478,44.61903351269395,42.98672152654502,63.216448068842595,63.633025602823544,57.07187515520142,57.20030310544779,45.54241716754795
person_10.mp4,front,351,5855,59.946188340807176,848,478,43.99264283757514,42.64617133356594,62.60024766310632,63.68387303383426,56.3117943884547,56.864693920396924,45.46379204783843
person_10.mp4,front,352,5872,59.946188340807176,848,478,41.90492096024023,41.173896246687804,57.59996353287555,59.29472248601501,54.528394183603766,56.20522392340378,49.24977507542147
person_10.mp4,front,353,5889,59.946188340807176,848,478,41.484353023932826,40.774876357646924,55.48742817277392,56.69443368930884,53.43788482412922,55.17232001588488,51.45817524972432
person_10.mp4,front,354,5905,59.946188340807176,848,478,40.37713103329449,39.64330977894273,53.34011427850822,54.636216318280965,52.80999648978469,54.21520339889065,52.97171239466189
person_10.mp4,front,355,5922,59.946188340807176,848,478,40.34246476199477,39.272115640704264,52.85516079699913,54.047806160815696,52.92583146949705,54.121950759165166,53.13215282233315
person_10.mp4,front,356,5939,59.946188340807176,848,478,38.44747718165107,37.970929739333606,50.185815079010936,51.675478685035245,51.19434984091944,52.27790327518741,55.01526682284395
person_10.mp4,front,357,5955,59.946188340807176,848,478,38.10626930374307,37.31996331522128,49.626905327458175,50.3454742758774,51.127555172255434,51.752383601524215,55.69050285465791
person_10.mp4,front,358,5972,59.946188340807176,848,478,37.02450430061344,36.44177867854595,48.54869003398641,48.88461969920085,50.398962981783235,51.01014533342758,56.47217554165817
person_10.mp4,front,359,5989,59.946188340807176,848,478,36.946752221269236,36.506991487452545,48.00242811766178,48.38064599334764,50.27817400053163,50.88193270578824,56.8372890202915
person_10.mp4,front,360,6005,59.946188340807176,848,478,36.00603613049065,35.36778917168041,46.47638286012285,46.47716962282427,49.53468671960581,50.08382633552094,57.9598481877291
person_10.mp4,front,361,6022,59.946188340807176,848,478,36.19940492286991,35.25449558958606,46.316458989278,45.720336614929145,49.61423055451914,49.822954251055855,58.32244556247062
person_10.mp4,front,362,6039,59.946188340807176,848,478,36.24998794563332,35.587493445956035,45.76646589955699,45.358260832562095,49.53380435888154,49.651002865533194,58.836229011600416
person_10.mp4,front,363,6055,59.946188340807176,848,478,36.06685274836536,35.40613373887852,45.588793078442805,45.46889790869509,49.398709121464584,49.82355920642176,58.647208240209046
person_10.mp4,front,364,6072,59.946188340807176,848,478,36.08075510496698,35.62210739524877,45.386903691385925,45.112769026644095,49.566061886195016,50.054443445529294,58.95071587000872
person_10.mp4,front,365,6089,59.946188340807176,848,478,36.15200100886716,35.67400741182038,45.74825429804066,45.4264411555835,49.62261116677345,49.99116433226935,58.5716642916322
person_10.mp4,front,366,6105,59.946188340807176,848,478,36.260971058568025,35.837427330579864,45.30707067912559,45.22433680961351,49.58321799155696,50.03826172238079,58.881659053572534
person_10.mp4,front,367,6122,59.946188340807176,848,478,36.33549282964145,36.029477264800974,44.871544216148244,44.89393860832568,49.78498911294547,50.4464792336667,59.370946912123834
person_10.mp4,front,368,6139,59.946188340807176,848,478,36.33786708558924,35.98277411913237,45.355617899598826,45.29174581063958,49.66273362421354,50.23217280271879,58.88022054812591
person_10.mp4,front,369,6156,59.946188340807176,848,478,36.48780530135371,36.10703225716619,46.02442837221889,45.655562404823094,49.95732819572502,50.42694294304058,58.432356170560965
person_10.mp4,front,370,6172,59.946188340807176,848,478,36.59809294908178,36.09758278039756,46.35242338156087,45.93670755110418,50.209914545579856,50.645810631100765,58.07668318073226
person_10.mp4,front,371,6189,59.946188340807176,848,478,36.01669075171264,35.86280169074036,46.11975087873003,45.15955090837551,50.15475719169475,50.38548433215088,58.68740625149942
person_10.mp4,front,372,6206,59.946188340807176,848,478,36.12896859751021,35.93005783185872,46.535523157310394,45.568095424529226,50.21014601317894,50.44669137842173,58.30189845609074
person_10.mp4,front,373,6222,59.946188340807176,848,478,36.28011408656942,35.99010724700755,46.40418187238693,45.49875996508985,50.21604211455115,50.485939731636925,58.47371008835796
person_10.mp4,front,374,6239,59.946188340807176,848,478,36.19051617687289,36.0703401419087,46.70148733404072,45.709754551580524,49.99609824571896,50.41160097374954,58.26340591988933
person_10.mp4,front,375,6256,59.946188340807176,848,478,36.76139564226936,36.267250626905536,48.1190772885932,45.97876330737277,50.757409546283924,50.98341714123151,57.589790616220185
person_10.mp4,front,376,6272,59.946188340807176,848,478,37.45988174679801,36.816539706364495,49.60614243573395,47.75668207968299,51.27218747248881,51.58224402231977,56.06289155510719
person_10.mp4,front,377,6289,59.946188340807176,848,478,38.64905335711476,38.31924317571971,51.552081520101574,50.551185385159314,52.13135709164548,52.99020531995116,54.1672983765398
person_10.mp4,front,378,6306,59.946188340807176,848,478,38.71934776611132,38.35913174522352,51.73062633502175,51.007849730627385,52.37078046417755,53.21576714785834,53.77496759114571
person_10.mp4,front,379,6322,59.946188340807176,848,478,39.175234528363866,38.371591275151914,51.6114501602312,50.78075826783999,52.72683445771641,53.331436929160866,54.00642297964325
person_10.mp4,front,380,6339,59.946188340807176,848,478,40.39799794266968,38.95507194538883,53.068617278146235,52.60801710441658,53.86513989036698,54.8507246283106,52.903772586962646
person_10.mp4,front,381,6356,59.946188340807176,848,478,40.56563274283311,39.40943391844088,55.062623429330266,54.38513363791799,53.73194205613612,55.03665999616259,51.209475244420986
person_10.mp4,front,382,6372,59.946188340807176,848,478,40.17031624450056,39.28497677852413,54.82189955493259,54.00110153678435,53.13095186620395,54.67975433828763,51.559575534277194
person_10.mp4,front,383,6389,59.946188340807176,848,478,40.62664012954449,39.59859920670467,56.70139238806456,56.18980192702955,53.54170104806394,54.66096400312836,49.79169258111064
person_10.mp4,front,384,6406,59.946188340807176,848,478,40.94625888031225,40.15143353974199,56.529373334853894,56.42256354237995,53.64461817547439,54.98080757687126,50.15675041567694
person_10.mp4,front,385,6422,59.946188340807176,848,478,41.96653627434192,40.86113576932253,57.94185571521645,57.60170743270249,54.29472500050046,55.521111577309604,49.3985436967763
person_10.mp4,front,386,6439,59.946188340807176,848,478,42.61513762772613,41.312059470137605,59.85763072301949,59.03389705511387,54.843374075552894,55.57315139554525,48.117646777765756
person_10.mp4,front,387,6456,59.946188340807176,848,478,43.59867353490424,41.84331370337837,62.08076223147594,60.953317920942354,55.663549799738064,56.432788598807235,46.72605039784571
person_10.mp4,front,388,6472,59.946188340807176,848,478,44.58831223288679,42.63292217021027,66.03289394924852,65.10505933792557,56.82000112585323,57.63466366814765,43.124184620394736
person_10.mp4,front,389,6489,59.946188340807176,848,478,44.37456224016493,42.46451437425296,64.52241225369329,64.39209355663232,55.76246854669684,56.56155483599158,44.615924151609924
person_10.mp4,front,390,6506,59.946188340807176,848,478,45.058693189105995,44.04267574358476,66.667335216034,67.07265495616633,56.709847068298906,56.82812974628868,42.617961576052025
person_10.mp4,front,391,6523,59.946188340807176,848,478,47.152531902680366,44.880328831111996,72.08081902662722,72.1658247472778,58.03834066574015,58.4587502260109,38.117589774929634
person_10.mp4,front,392,6539,59.946188340807176,848,478,47.60764037634296,45.50126050544713,73.73576025173391,74.2101496117403,57.97359441681764,58.76011009267456,36.39716082618446
person_10.mp4,front,393,6556,59.946188340807176,848,478,47.98282591287871,45.538049973551985,73.89452009382192,74.26022517612562,58.3039723516387,58.63911242074352,36.44528551450386
person_10.mp4,front,394,6573,59.946188340807176,848,478,49.40815798732777,46.60484668838233,83.3187914585575,82.20662883650965,60.37313520298169,60.1976827473061,28.58076194452419
person_10.mp4,front,395,6589,59.946188340807176,848,478,52.78879229149048,49.29097873704229,91.54587136571901,89.78398562737449,62.50523908429752,62.003262336437025,22.71751290028511
person_10.mp4,front,396,6606,59.946188340807176,848,478,51.91577572044187,49.30715866991346,91.32819977198358,89.4518368963323,61.81954971719695,61.430826476637506,23.06117634968356
person_10.mp4,front,397,6623,59.946188340807176,848,478,50.9113268889241,48.43896956383863,89.71686684124224,87.1198426620309,60.3065337867319,59.95319010507549,25.130247367973926
person_10.mp4,front,398,6639,59.946188340807176,848,478,50.20289289151535,47.4622963720193,86.53391464697687,84.23293417894709,59.20973225609099,58.90325753754563,28.43712711670719
person_10.mp4,front,399,6656,59.946188340807176,848,478,50.55454309942058,48.129812763735025,85.36826436745088,84.58431645033461,58.00318778249875,57.66703896062248,29.352472899229024
person_10.mp4,front,400,6673,59.946188340807176,848,478,50.83060322750351,49.25903250487341,83.61906183848501,83.32425344697656,58.713103583325555,55.11483309468087,30.703121152336887
person_10.mp4,front,401,6689,59.946188340807176,848,478,52.70542381359524,49.797054717989006,87.67412212039086,85.78104630663546,58.163544309360496,56.69669941913373,28.458472234310467
person_10.mp4,front,402,6706,59.946188340807176,848,478,53.468874546444695,50.040485745624686,87.3583034272436,85.52623776478619,59.38306718080948,56.51899413941958,28.687083136497932
person_10.mp4,front,403,6723,59.946188340807176,848,478,52.99502563127781,50.26068137838304,85.52741638478325,83.96488456180465,56.84790562756293,54.98991323931227,30.323188776451264
person_10.mp4,front,404,6739,59.946188340807176,848,478,52.977434283329636,50.49901340357853,86.47053727745416,83.06592007529103,55.83212018790297,54.95745622322215,30.875120846636467
person_10.mp4,front,405,6756,59.946188340807176,848,478,53.1256752905058,50.46845548220207,86.00363118601882,82.14207302036283,55.787425012187775,55.56874766243281,31.49685434297833
person_10.mp4,front,406,6773,59.946188340807176,848,478,52.610115367880006,50.38103210974703,81.93306974718617,77.36353408718635,54.92106885837892,55.7208531024224,35.95363395375675
person_10.mp4,front,407,6789,59.946188340807176,848,478,53.04450295347133,50.927003225560064,81.57720230175143,77.38700473411302,54.581169316803376,55.75056946227695,36.667430366463655
person_10.mp4,front,408,6806,59.946188340807176,848,478,54.04739811691597,51.913065001212935,82.6566238062792,78.73836783505824,54.90192767777334,55.13713225625443,36.529347658726294
person_10.mp4,front,409,6823,59.946188340807176,848,478,54.56214660557082,52.884363002370534,84.56606751593192,81.65179999167235,55.83185170707555,56.09525964941505,34.23388320546301
person_10.mp4,front,410,6839,59.946188340807176,848,478,55.77724698296836,54.22396211424621,85.29174127525647,82.19757501629648,56.33664807047802,57.015655578103704,34.17277071980548
person_10.mp4,front,411,6856,59.946188340807176,848,478,57.12219214334686,56.415866583837605,88.34683333369796,84.89447883272197,56.91222596201789,58.24812986318283,33.6106346775371
person_10.mp4,front,412,6873,59.946188340807176,848,478,65.24101729768252,64.25299531015757,98.55056948900368,93.61341813261842,61.22365703650546,63.2978376272441,29.179540673490944
person_10.mp4,front,413,6890,59.946188340807176,848,478,65.54024438439292,64.29141622360119,99.5121145018496,95.26946198696166,61.433916243261365,63.57809651593212,27.47605830683684
person_10.mp4,front,414,6906,59.946188340807176,848,478,63.763753121398395,63.86107874902187,98.70588639583548,96.14271314610686,60.88841836552439,62.865811334322714,26.990698737467735
person_10.mp4,front,415,6923,59.946188340807176,848,478,65.22213121479649,64.48568064186243,101.80891853679775,99.37785760471711,61.64994966955369,63.47492510958639,24.104692525179306
person_10.mp4,front,416,6940,59.946188340807176,848,478,68.85404302209801,69.91554288725672,107.11518597951967,104.41151073712388,62.63987748221779,65.38418608752534,22.47840625525918
person_10.mp4,front,417,6956,59.946188340807176,848,478,74.74538296682991,72.93296083395174,112.81178397871808,107.63006354426764,65.02533959198033,67.88247275594125,20.55761889209403
person_10.mp4,front,418,6973,59.946188340807176,848,478,84.00935730910089,79.49956309927114,120.1076990484575,112.03810042969994,66.8507589934767,70.55395847079386,21.709335391830113
person_10.mp4,front,419,6990,59.946188340807176,848,478,88.40367333817362,84.0516466934938,124.6123093637604,117.25128509384736,67.0659499472454,71.37023146887098,20.983117950371117
person_10.mp4,front,420,7006,59.946188340807176,848,478,88.86235617749338,81.78252878986348,124.63145905060522,114.10404309376754,66.36429403697362,70.3376983249182,22.053423336002506
person_10.mp4,front,421,7023,59.946188340807176,848,478,101.11336452435027,90.08770911970223,135.1897256401015,120.05969928510693,67.53964849063229,71.88553497106437,23.235371868695847
person_10.mp4,front,422,7040,59.946188340807176,848,478,91.17617956820902,85.69365723503662,126.40700705728008,117.45588326677642,65.97918761411725,70.3865840136362,22.734058064725037
person_10.mp4,front,423,7056,59.946188340807176,848,478,105.34481743814455,91.9532649125659,137.92967752176114,121.11971168531869,68.83124057885946,73.32975327217149,22.17496387532867
person_10.mp4,front,424,7073,59.946188340807176,848,478,107.40271371032193,94.72464400621288,140.0501505939584,123.02509726466417,69.08008182225181,74.130331401814,21.97650630886031
person_10.mp4,front,425,7090,59.946188340807176,848,478,104.2570471972677,94.61888846156106,138.5309204530679,124.5876865700519,67.44617011685447,72.46366911062603,22.169990957970658
person_10.mp4,front,426,7106,59.946188340807176,848,478,114.27027465096093,103.48674008982745,147.60730791417694,132.77797586202138,69.54375661664119,74.16577068790961,21.768638548140203
person_10.mp4,front,427,7123,59.946188340807176,848,478,112.5100324872731,102.55683451732139,144.52412524650617,130.92872897574702,70.05717891121056,74.4405500517801,21.817589683968972
person_10.mp4,front,428,7140,59.946188340807176,848,478,113.45612288806917,105.53454133889045,144.7090742475822,133.7197873816737,70.01989581063889,74.21071382550939,22.053256624386535
person_10.mp4,front,429,7156,59.946188340807176,848,478,114.74999233158881,107.911487211151,146.12684848569387,135.70927377514846,70.46776727019287,74.55108520070115,22.05171443904602
person_10.mp4,front,430,7173,59.946188340807176,848,478,116.12267041438075,108.82336411157827,146.30941263464987,135.65339766088917,71.83291640040409,75.74866284934421,21.942727619037864
person_10.mp4,front,431,7190,59.946188340807176,848,478,119.88269637759466,113.15022194426167,150.64019457633543,139.37500120963807,72.03207942429573,76.36720302928728,21.503872661708208
person_10.mp4,front,432,7206,59.946188340807176,848,478,118.74454311640054,116.27511122980124,148.85772200627306,143.25519790579784,71.64380987973995,75.00428643560815,21.679005900025846
person_10.mp4,front,433,7223,59.946188340807176,848,478,126.08224744249121,122.74496769167713,153.50017997591684,146.23809709782958,74.90738249350478,78.39378989881182,21.371143459806508
person_10.mp4,front,434,7240,59.946188340807176,848,478,125.3684447204398,124.08887615590466,151.93772489502715,147.46823040965637,75.78570265956749,78.81128490894977,21.359404702160173
person_10.mp4,front,435,7257,59.946188340807176,848,478,122.99565827953022,125.24084877156052,151.16082229276225,150.43951167722778,74.18522663337521,77.0550792187431,21.40580108036369
person_10.mp4,front,436,7273,59.946188340807176,848,478,128.04479978938483,131.43844186834346,154.5136982604296,153.83804159771373,77.37622820416968,80.06938646119677,20.81549581578184
person_10.mp4,front,437,7290,59.946188340807176,848,478,132.64520387287033,136.863941420154,158.3697828844014,157.5111456356741,80.50088987637807,82.35587039419977,19.32771464908928
person_10.mp4,front,438,7307,59.946188340807176,848,478,139.9015532508847,143.55286658910154,162.50600060054273,161.25880084787622,84.88065517707545,85.15823386596337,18.547751025685354
person_10.mp4,front,439,7323,59.946188340807176,848,478,147.7343449851601,148.70805483769394,166.1374117058509,165.11224857911375,86.42163305716697,89.85148145527111,16.22916861720441
person_10.mp4,front,440,7340,59.946188340807176,848,478,149.86187004772782,149.1771286512788,167.99875848063337,165.33247058756098,87.31837573562002,91.23882049441843,15.096448597498386
person_10.mp4,front,441,7357,59.946188340807176,848,478,151.49165143003876,151.500903554702,167.56086117071018,166.2486593647387,88.11366288706964,91.32894655646163,15.783380588566263
person_10.mp4,front,442,7373,59.946188340807176,848,478,154.63775686846324,151.27390787157935,168.71437542162752,166.24878079131727,89.63869179678832,91.32121893454926,15.84517964215476
person_10.mp4,front,443,7390,59.946188340807176,848,478,151.29867177395903,151.37880639297782,167.37745440793114,167.53884022060413,87.32483110724635,87.69709873165235,16.21342822110869
person_10.mp4,front,444,7407,59.946188340807176,848,478,152.47018760150826,150.23713842981903,167.71221516597336,166.53843775003216,87.01483833439654,86.73851928371114,16.952600242421735
person_10.mp4,front,445,7423,59.946188340807176,848,478,156.5826985181136,151.99952576049554,168.66174647904774,167.20639877674716,90.33770797204771,86.85121175561244,15.680627101379931
person_10.mp4,front,446,7440,59.946188340807176,848,478,156.2200527911739,151.91734548964254,168.00887386956504,167.37226934552461,90.66208022476593,86.68869305977282,15.5860669903196
person_10.mp4,front,447,7457,59.946188340807176,848,478,153.31170772688986,151.54280048730405,167.73607207277797,169.20141776182885,90.73773620524493,87.79568353333549,12.594724136969967
person_10.mp4,front,448,7473,59.946188340807176,848,478,154.092342108264,152.18654559483275,168.58432977026735,169.30514832513535,91.67318955037142,89.75095582434261,11.49018279768184
person_10.mp4,front,449,7490,59.946188340807176,848,478,152.9340849664041,153.2408420861361,167.37665101561655,169.7256844797453,91.28696877492533,91.02858602147207,11.981251725521423
person_10.mp4,front,450,7507,59.946188340807176,848,478,151.09254568322635,151.36422314522528,167.81348950418914,169.5088306124474,90.90216696502516,90.42070745425542,10.51958410234631
person_10.mp4,front,451,7523,59.946188340807176,848,478,150.03124245635493,150.58844265035097,167.72890460380376,167.87713101311326,90.5399579788096,90.65190289280646,11.07711480814016
person_10.mp4,front,452,7540,59.946188340807176,848,478,148.45497358967418,149.5356401611574,168.11271870810057,169.02006617477304,89.7733079732105,90.12934791325044,9.628800368031822
person_10.mp4,front,453,7557,59.946188340807176,848,478,147.9989448185096,149.46324475009084,167.89902506013655,168.15412796026848,89.93074958026533,90.430937615306,9.996382682967793
person_10.mp4,front,454,7573,59.946188340807176,848,478,147.31470477762508,148.69095388551602,168.54548310193704,169.3951404348056,89.47035014214443,90.48935306097609,8.724827180697664
person_10.mp4,front,455,7590,59.946188340807176,848,478,146.9772382026525,148.45681180800744,167.7249534581224,168.97926216160712,89.42955067474571,90.08991325277432,9.37347774170964
person_10.mp4,front,456,7607,59.946188340807176,848,478,146.7517414655403,148.10470102508293,167.33965215698748,168.6574994991152,88.96584665728867,90.02882341039106,9.95519824229667
person_10.mp4,front,457,7624,59.946188340807176,848,478,148.01708553454077,150.8583701335428,166.38143660647904,169.56582963285646,89.38353865081893,91.22687015893321,11.553731260953057
person_10.mp4,front,458,7640,59.946188340807176,848,478,147.34501960176726,149.92619257317972,165.3467467831011,167.43495438342666,89.29256937421701,90.65649215280649,13.255938018026688
person_10.mp4,front,459,7657,59.946188340807176,848,478,147.91587158310048,149.59357568082743,165.6035631197166,166.25309465486782,89.60348923526891,90.53076018923502,13.837222658272825
person_10.mp4,front,460,7674,59.946188340807176,848,478,149.57846302249186,149.61457778545773,166.45500949272864,165.3726816522684,90.3789346724107,90.5733629231105,14.340554747171629
person_10.mp4,front,461,7690,59.946188340807176,848,478,149.36733694172725,149.40081527145193,166.6440931197122,165.09157508797125,90.25978004872783,90.43256160835321,14.250971872584696
person_10.mp4,front,462,7707,59.946188340807176,848,478,148.91368707124596,149.6262895640569,167.04927490058236,164.99486110109592,90.0637781108222,90.6069458008153,13.847895639145705
person_10.mp4,front,463,7724,59.946188340807176,848,478,148.90442680135854,149.58900651878716,168.33105422593488,166.42697584819297,89.86059812550187,90.54134418954544,12.23394433961297
person_10.mp4,front,464,7740,59.946188340807176,848,478,149.3956265365843,150.360624858984,170.23745054867237,168.1751159840642,90.03786131791622,91.39059452439389,9.784672118624
person_10.mp4,front,465,7757,59.946188340807176,848,478,149.198080426904,149.75928518452233,170.86049778352833,168.5534864455509,89.98253211116636,91.20443980002673,8.991213939837985
person_10.mp4,front,466,7774,59.946188340807176,848,478,145.85638506450042,147.96123979308172,171.06614811178665,169.1335030635922,88.3955371063626,89.8838994613091,7.6018089337820145
person_10.mp4,front,467,7790,59.946188340807176,848,478,145.8350397372639,147.695360140166,170.27454254893783,168.58287133538317,88.28384067094967,89.60105199778228,8.697078785504198
person_10.mp4,front,468,7807,59.946188340807176,848,478,144.22248765005236,146.30886371079305,169.83856542697322,168.09915028588134,86.89651077266173,88.38818024042911,9.231759264989167
person_10.mp4,front,469,7824,59.946188340807176,848,478,143.27910446595902,145.64774134893912,169.68266577735088,168.45178723020675,86.4690862526913,87.77163403841213,8.835353033047989
person_10.mp4,front,470,7840,59.946188340807176,848,478,143.0637821241888,145.62671270323492,169.88564956468335,169.09221475093818,86.35347611202404,87.67857906050376,8.77425175451029
person_10.mp4,front,471,7857,59.946188340807176,848,478,143.89610165696737,145.99342803556033,169.9400485411216,168.76406735021575,86.65823151442913,87.82085176292084,9.15830099425455
person_10.mp4,front,472,7874,59.946188340807176,848,478,144.5310449913601,146.5584047986658,171.70356883813898,170.07612424862123,86.87666386198464,88.20209221564926,6.5797120617986184
person_10.mp4,front,473,7890,59.946188340807176,848,478,143.840000066975,145.44772439426998,171.00757853865449,169.27740272155913,85.6280538709689,86.85560156684862,7.8608476853716525
person_10.mp4,front,474,7907,59.946188340807176,848,478,142.44751770275025,143.8711454911197,170.592947042862,168.4496408118225,84.40070535633578,85.442447685579,8.09851000274563
person_10.mp4,front,475,7924,59.946188340807176,848,478,142.73196695795872,143.85807559894118,170.7610157632733,167.94321035378528,84.72783934355522,85.16282389502925,8.2689404969742
person_10.mp4,front,476,7940,59.946188340807176,848,478,142.69096424597873,143.51223619680954,171.1821425350508,167.812141488766,84.70144001494333,84.90327572404374,7.936431336005412
person_10.mp4,front,477,7957,59.946188340807176,848,478,142.0921924109313,142.78877361034117,170.8893701445247,167.41937473860884,84.32400601267601,84.44580178855905,8.102694624067142
person_10.mp4,front,478,7974,59.946188340807176,848,478,143.28464447143688,144.17198439638034,172.78035895641406,167.6868803854369,85.49532728667236,86.95599196791787,5.710230466085036
person_10.mp4,front,479,7990,59.946188340807176,848,478,143.6603731379343,144.44785526946004,172.13791041761073,167.4620990753809,86.1294137873633,87.57208805529211,6.430110570334863
person_10.mp4,front,480,8007,59.946188340807176,848,478,144.3655572836523,144.94278660042568,172.20202534358782,167.74118221612648,87.15664007022353,88.6657294390571,6.012184879317738
person_10.mp4,front,481,8024,59.946188340807176,848,478,144.39172128460575,145.11699683284715,171.9164253473544,167.94965195891785,86.90161419059723,88.75342714995564,6.137968049459946
person_10.mp4,front,482,8041,59.946188340807176,848,478,143.72906612831946,144.99540792507122,171.442120095171,167.6084666732699,86.61509326467517,88.74033430344099,6.540368744106716
person_10.mp4,front,483,8057,59.946188340807176,848,478,144.11841442645817,145.46860061121043,171.39069087926705,167.8630961096405,86.8486874766547,88.95551294653818,6.671126760154253
person_10.mp4,front,484,8074,59.946188340807176,848,478,144.25764374158936,145.1371265860337,171.16813747886908,168.44789806274267,87.2793410441604,89.07795953791673,6.232094000027386
person_10.mp4,front,485,8091,59.946188340807176,848,478,143.86189789849652,145.08490602688192,169.98297275646559,167.9654496100822,87.40898577465614,89.63630131282352,7.492061419157366
person_10.mp4,front,486,8107,59.946188340807176,848,478,145.90945644791182,145.904530566781,170.47083905238205,168.0318102675933,88.34988541120414,90.11032016827646,7.661588137703644
person_10.mp4,front,487,8124,59.946188340807176,848,478,145.05260411000145,145.7334816333784,170.28800445201438,168.42555791277948,88.01593064761028,90.26777524644534,7.329999069366527
person_10.mp4,front,488,8141,59.946188340807176,848,478,144.92552155197652,145.66072559055587,170.35653196850612,168.54417589056976,88.40071377903205,90.18029559695657,7.229992528860557
person_10.mp4,front,489,8157,59.946188340807176,848,478,144.74735610554907,145.6649689003873,169.52852405290986,167.45840349858656,88.36270876488521,90.28677297810268,8.413747361870602
person_10.mp4,front,490,8174,59.946188340807176,848,478,145.54130129002644,146.4739957231969,169.6410995790025,166.21152278820858,89.27191671334161,91.33201392094017,9.043357005325047
person_10.mp4,front,491,8191,59.946188340807176,848,478,145.51916242516657,146.31127876830504,170.06255831031336,166.69523001076692,89.3193347530127,91.12722532340622,8.561529819489387
person_10.mp4,front,492,8207,59.946188340807176,848,478,146.37480570829888,146.88045070141217,169.57774475098063,166.89554253836215,89.86145609302193,91.11238471625208,8.99331012123548
person_10.mp4,front,493,8224,59.946188340807176,848,478,146.19577287763488,147.162211616028,169.26109199570197,166.73114621987418,89.79660649141239,91.71679527463526,9.187441567298867
person_10.mp4,front,494,8241,59.946188340807176,848,478,147.39874226271843,147.77363109845044,169.07700006205695,166.47797413394835,90.92905499630095,92.65470151103133,9.446754669758354
person_10.mp4,front,495,8257,59.946188340807176,848,478,145.9318907283411,147.85933363186263,168.47929623168613,166.99944955669994,90.66079205984956,92.94632854448678,8.875882873885597
person_10.mp4,front,496,8274,59.946188340807176,848,478,145.80665437699963,147.75279728441635,168.55103351738887,167.0360762080169,90.22225318147703,92.68826866272497,8.89148848750637
person_10.mp4,front,497,8291,59.946188340807176,848,478,143.72800570692385,146.82470993752187,169.6591128312783,168.14424098282822,89.45314231385319,92.57650012819305,6.577036346564569
person_10.mp4,front,498,8307,59.946188340807176,848,478,143.73495966421734,146.52858297112033,169.6606165496507,167.96092473190498,89.52584795595511,92.22304040420381,6.716001341446667
person_10.mp4,front,499,8324,59.946188340807176,848,478,144.08432087105388,146.59301146384843,169.8095298434263,167.8474455736317,89.72066094337717,92.41054465787701,6.759702020455471
person_10.mp4,front,500,8341,59.946188340807176,848,478,144.22250460083131,146.84599960316362,167.51016795202483,166.09532999058825,89.44621403658552,92.27426279539736,9.438533055267396
person_10.mp4,front,501,8357,59.946188340807176,848,478,144.1456330162483,146.89331180375802,168.74641210913558,167.14851489860743,89.46199729173652,92.34589915949876,7.974698442416502
person_10.mp4,front,502,8374,59.946188340807176,848,478,144.4300659550212,146.94959388656417,167.41343023906975,165.6663091520445,89.27386325755143,92.24682213195948,9.838859594703019
person_10.mp4,front,503,8391,59.946188340807176,848,478,144.47004318617138,146.7173011218938,167.00571425724405,165.2599412492042,89.28859589703258,92.09254951044987,10.244770517889274
person_10.mp4,front,504,8408,59.946188340807176,848,478,144.49274829970443,146.75520901991212,167.26974620506232,165.2426201980968,89.34349250372398,92.18316860117406,10.093448438258548
person_10.mp4,front,505,8424,59.946188340807176,848,478,144.1180562009749,146.11402548132824,167.39487199093088,164.96173779557319,89.19862637465604,91.70649682519242,9.861126577792723
person_10.mp4,front,506,8441,59.946188340807176,848,478,144.51409347306983,146.90291819517165,165.8675049073695,164.26768867005444,89.15955513612948,92.11156921429857,11.429165564499643
person_10.mp4,front,507,8458,59.946188340807176,848,478,145.089672147089,147.03332688100812,166.17611118562948,162.87354284543193,89.20406510891438,91.84299285500573,12.209785061160664
person_10.mp4,front,508,8474,59.946188340807176,848,478,146.06756066187094,147.889149750828,165.93314097241657,163.40882133775105,89.5844218882878,92.15794257939328,12.727207107619565
person_10.mp4,front,509,8491,59.946188340807176,848,478,146.34985217592305,147.49473658925078,164.4913576457531,161.33271437391636,89.43784127293078,91.35207617016142,14.799763871000529
person_10.mp4,front,510,8508,59.946188340807176,848,478,145.99958036030165,147.5248356649244,163.85843245877362,163.1537985419017,89.26470399211506,91.23022450005612,14.789467978738212
person_10.mp4,front,511,8524,59.946188340807176,848,478,146.64900404410793,147.70354194555722,164.44325201858226,163.75116778523937,90.15828248872043,91.60263153990846,13.996959748177941
person_10.mp4,front,512,8541,59.946188340807176,848,478,146.9162245008982,147.9964117665009,163.3639611288088,163.18766180082625,89.6442767249751,91.11275593360143,15.300233621273494
person_10.mp4,front,513,8558,59.946188340807176,848,478,145.83448822621574,147.50172345958057,163.39043374381905,163.5604009762785,89.34722207885466,90.85528063241061,14.818315517014938
person_10.mp4,front,514,8574,59.946188340807176,848,478,145.87187022467063,147.69070298945053,162.96845588907405,163.31997594356824,89.20688232633849,90.65029396297204,15.384894440980307
person_10.mp4,front,515,8591,59.946188340807176,848,478,144.61423364932372,147.42983071508556,162.81613160375875,163.7706575475053,88.62529291490947,90.43115237521363,14.876131049709125
person_10.mp4,front,516,8608,59.946188340807176,848,478,144.7093576487261,147.5819079488528,163.06082728013425,163.68292606445107,88.69179853525783,90.43077731674512,14.816190850769551
person_10.mp4,front,517,8624,59.946188340807176,848,478,145.50302527106766,147.473446934159,163.07784814315997,162.87095416675677,88.6816658824388,90.07217685628859,15.687912769124992
person_10.mp4,front,518,8641,59.946188340807176,848,478,145.51325449842196,147.7726738604522,162.43262998838685,163.07816025763333,88.88951264994618,90.3926837224894,16.09500494235721
person_10.mp4,front,519,8658,59.946188340807176,848,478,146.47457414281243,149.22404113931717,162.95268281406695,163.35475328738002,89.37840024453398,90.71031452173199,15.689991069889226
person_10.mp4,front,520,8674,59.946188340807176,848,478,146.82602338499885,149.0985812885779,162.9488961850928,163.11383944829086,89.58318659511838,90.6805549363401,15.924052965553344
person_10.mp4,front,521,8691,59.946188340807176,848,478,145.80177090245814,148.55787865561322,162.61272129138132,163.5228529515611,89.01089231332426,89.71884676828402,15.604190424428989
person_10.mp4,front,522,8708,59.946188340807176,848,478,144.3550283341731,147.45183106523157,161.33706817190128,163.93039269065855,87.59843080751429,88.50006268358689,16.41550946334443
person_10.mp4,front,523,8724,59.946188340807176,848,478,143.29275623935598,147.582957078619,161.55432953306044,164.60110158702827,87.08150960162635,88.56422598560903,15.624704396214941
person_10.mp4,front,524,8741,59.946188340807176,848,478,142.2509734190737,146.7821044208132,160.72942722132564,163.99261574699153,86.31858721712275,87.95811749751387,16.315022916497966
person_10.mp4,front,525,8758,59.946188340807176,848,478,141.75579584881984,147.19696011686068,160.7865674952966,164.29053097871656,86.23104374823585,88.22932934985127,16.073409001500313
person_10.mp4,front,526,8775,59.946188340807176,848,478,141.59532792911543,147.25153071503362,160.7562761332111,164.011146546949,86.18220677895738,88.2311171094366,16.250164345499357
person_10.mp4,front,527,8791,59.946188340807176,848,478,140.55381192903903,146.7526051411346,159.5892580189364,163.33803773064102,85.3631227273875,87.37016573622529,17.002767414488325
person_10.mp4,front,528,8808,59.946188340807176,848,478,138.30096691604967,145.98585380021004,158.5552059035632,162.52965826923503,84.11237232711387,86.43104758091256,17.6923598921896
person_10.mp4,front,529,8825,59.946188340807176,848,478,137.64178268686737,144.8428556290314,158.85856427118276,161.215686963958,83.72445580461725,86.50137775111926,17.885509026657626
person_10.mp4,front,530,8841,59.946188340807176,848,478,135.50864041631334,143.18345766575752,158.46859889212817,160.94958488607972,83.03130337265496,85.57058942544711,18.005391090894072
person_10.mp4,front,531,8858,59.946188340807176,848,478,134.23116140422636,142.11305070497758,157.64938635192203,160.4262909629064,81.80824280863547,85.25063908781846,18.523675941060255
person_10.mp4,front,532,8875,59.946188340807176,848,478,130.15248960096474,139.612191246494,154.3994884492492,158.72404990379292,82.06849159742049,85.20095024358801,18.24895790317817
person_10.mp4,front,533,8891,59.946188340807176,848,478,133.26642626729745,139.63575438383538,156.07586226647376,157.57420865698413,82.68691003703688,86.19528140143488,18.324867673063633
person_10.mp4,front,534,8908,59.946188340807176,848,478,128.24300496473955,135.6400057866403,153.4058559198454,155.3825684862045,80.97323907745455,84.34519803213207,18.188869802489545
person_10.mp4,front,535,8925,59.946188340807176,848,478,127.61824256224205,136.08725022165234,153.41785917140726,155.21612337959306,80.4869288366871,84.93309355215393,18.7359508298848
person_10.mp4,front,536,8941,59.946188340807176,848,478,126.56726927850441,135.39130627125488,153.28894250428237,154.84766511674314,79.30597527473945,84.63803398789815,19.327488546398357
person_10.mp4,front,537,8958,59.946188340807176,848,478,125.89330818714197,135.10318179101307,154.51811113815205,154.23290312049093,78.31470405647536,84.638025271188,19.53336946437498
person_10.mp4,front,538,8975,59.946188340807176,848,478,127.3972514685428,132.1571758027101,154.6306057015727,151.1621068716603,78.5916994153722,84.81818584014547,19.926000789126363
person_10.mp4,front,539,8991,59.946188340807176,848,478,127.28915455479004,128.0195455968085,154.74668198400732,147.05232801921025,78.45964180607855,84.26254996780611,20.43722817186566
person_10.mp4,front,540,9008,59.946188340807176,848,478,127.87091259058722,125.96433374210764,154.54704298472137,144.7463111694536,79.29553253547785,84.82928027452246,20.288763914586678
person_10.mp4,front,541,9025,59.946188340807176,848,478,130.14226842373756,126.22478947250846,158.49669454675933,143.9958430913806,79.47160058844254,86.42224906338184,18.369860147137434
person_10.mp4,front,542,9041,59.946188340807176,848,478,133.1392699438837,123.65039155464605,161.62819173444413,141.76282377215918,81.20214844638821,85.87866209828218,17.346415793289243
person_10.mp4,front,543,9058,59.946188340807176,848,478,130.83267542982264,120.81124073434044,159.8634697035883,140.3464112068235,80.00668973603489,83.98828119809488,17.71021236069944
person_10.mp4,front,544,9075,59.946188340807176,848,478,126.75766224379885,122.52300986649166,154.95998599828144,141.92037441614187,81.37010837477285,83.682594286331,17.850084597922642
person_10.mp4,front,545,9091,59.946188340807176,848,478,126.05788699528954,120.25564681273092,152.79873946973,140.4057179908516,80.33505835614366,82.05531556515834,19.23202451097765
person_10.mp4,front,546,9108,59.946188340807176,848,478,125.70034568697872,116.43763117154391,151.35849214208312,137.25706479625933,81.61395696939996,82.88910870397906,19.28555465989018
person_10.mp4,front,547,9125,59.946188340807176,848,478,125.47308215220296,115.1659226243137,151.37628107189073,136.50731638952624,80.98739880960723,82.47603289817611,19.47881108056244
person_10.mp4,front,548,9142,59.946188340807176,848,478,124.46078745439718,113.2431394625731,150.51439953812672,135.55125415156735,82.25609357335041,83.82697332589406,18.515417655975767
person_10.mp4,front,549,9158,59.946188340807176,848,478,114.96159075604945,109.6663602498601,143.54618436064484,132.68443799053122,78.5294407789605,81.76133337861492,19.450652982710306
person_10.mp4,front,550,9175,59.946188340807176,848,478,110.15986441870155,103.53712847052512,137.53298438592068,126.45875382596675,79.28701477139018,81.10345071878835,19.56930638271174
person_10.mp4,front,551,9192,59.946188340807176,848,478,94.73254075007837,90.22306305197507,123.50299650404313,114.33066793539648,73.90289827941595,76.05700296289115,22.377511847731444
person_10.mp4,front,552,9208,59.946188340807176,848,478,97.27377918007245,91.7873658932617,124.68538546858548,113.84054103111994,74.83762297219474,77.20834514550654,23.29306249852901
person_10.mp4,front,553,9225,59.946188340807176,848,478,98.48549565805202,89.0215773609283,124.78261138252418,108.91163434583797,74.69898960306605,76.74637804117928,25.06364880895016
person_10.mp4,front,554,9242,59.946188340807176,848,478,89.44966054869651,81.1324222803288,118.4494264455335,103.82891486224247,72.67662198718243,74.82040835865537,23.77735588403017
person_10.mp4,front,555,9258,59.946188340807176,848,478,84.8422642888256,77.28154537919555,112.97817864185271,99.20140867541987,70.69616852075653,72.89898353254826,25.411552186313823
person_10.mp4,front,556,9275,59.946188340807176,848,478,73.99825462971687,70.81549779314999,101.14743501552266,91.16788679667663,64.64359150139639,66.95650453084737,31.3094317385352
person_10.mp4,front,557,9292,59.946188340807176,848,478,75.74768701891726,69.2795393444957,105.69879822863386,91.90353540659159,65.25736004710114,67.48220191158201,28.675982300077045
person_10.mp4,front,558,9308,59.946188340807176,848,478,73.00615787903288,67.14422443961121,105.05798669769206,91.24898971594473,63.031600447704406,65.12790700706583,29.520890480037345
person_10.mp4,front,559,9325,59.946188340807176,848,478,66.86979222665484,62.03478797735016,99.52054389983445,85.90386295491864,60.57066444679622,61.910882078511605,31.989459504434464
person_10.mp4,front,560,9342,59.946188340807176,848,478,70.37538778685342,64.38616111330651,103.62564799693291,88.80782293475934,61.17027175252111,63.45989945864806,30.65592084792656
person_10.mp4,front,561,9358,59.946188340807176,848,478,65.64379331970669,62.35740811290994,99.23028802938192,87.23532471173004,59.668810836431916,62.01160201920023,31.875045780348234
person_10.mp4,front,562,9375,59.946188340807176,848,478,61.878786628850726,58.949444475695245,95.53493384208346,86.3704599045736,59.00194106812305,59.99898512644953,32.531966287807286
person_10.mp4,front,563,9392,59.946188340807176,848,478,59.33297189209408,56.01773626983095,93.4203217798696,85.03629153096381,57.74553978820819,58.04256895038455,32.29601030879667
person_10.mp4,front,564,9408,59.946188340807176,848,478,55.64899805598717,53.49162680210227,88.32043785472737,81.30925042798498,55.77041677455167,56.06451378550862,34.66121452508589
person_10.mp4,front,565,9425,59.946188340807176,848,478,55.93379554051326,54.517999182931575,88.77944646819525,82.98836846328474,57.38078598331708,57.78908180439837,33.34253347772655
person_10.mp4,front,566,9442,59.946188340807176,848,478,57.32464371470268,54.88059479407837,89.685037251867,83.93712100081105,58.59924177014498,59.06426346180224,32.82738511432494
person_10.mp4,front,567,9458,59.946188340807176,848,478,53.43211642095406,50.688652435808294,87.87307096897005,81.97025956669921,56.425255875633006,56.650897358714786,32.84364856987674
person_10.mp4,front,568,9475,59.946188340807176,848,478,52.37640277853339,49.285323291629595,86.47416389293957,80.48335026519537,55.36507678702194,55.73575735325981,33.15700700149515
person_10.mp4,front,569,9492,59.946188340807176,848,478,51.754108265935216,49.7242101501027,86.0593765606066,81.03106173435891,56.011828138561285,56.04410548797146,32.90211537920524
person_10.mp4,front,570,9509,59.946188340807176,848,478,51.11858843683314,48.58962277176855,87.08361186513767,82.45667830709688,55.8100438887014,56.03692566238223,30.351291095407642
person_10.mp4,front,571,9525,59.946188340807176,848,478,52.11710718074078,49.74900404362908,90.98885200750948,86.9089399590485,57.89219418371059,57.3577823014473,26.49222929958454
person_10.mp4,front,572,9542,59.946188340807176,848,478,50.76044132960441,48.63444585467532,89.22265768816222,85.23525456609403,57.5749402972146,57.749617867007316,27.325926135360252
person_10.mp4,front,573,9559,59.946188340807176,848,478,50.39943090744638,47.893195294107,88.06574964960011,84.27688165944643,57.22954300792801,57.95713744147872,27.504499338520436
person_10.mp4,front,574,9575,59.946188340807176,848,478,49.59359529067639,47.23936081216772,81.95271927057986,80.9592531985383,55.7685999822527,56.98417648006955,31.33306763564561
person_10.mp4,front,575,9592,59.946188340807176,848,478,48.27152507647681,46.824916555374074,80.06326189399451,79.10331134608585,55.38925564321994,56.81807848604635,32.78035159792727
person_10.mp4,front,576,9609,59.946188340807176,848,478,48.58732829443095,46.99281722404201,80.06428573845132,78.95378349986272,56.47039735620909,57.88989900173203,32.392411010576126
person_10.mp4,front,577,9625,59.946188340807176,848,478,48.54402650685404,46.66692863016011,76.54770888390148,76.53729512396488,56.48457362015609,57.84940503221138,34.40461268072581
person_10.mp4,front,578,9642,59.946188340807176,848,478,47.572357287113384,46.387906431754864,76.41629206917987,76.37185774065792,57.24132515635963,58.353964718092136,34.221977932161025
person_10.mp4,front,579,9659,59.946188340807176,848,478,46.88995300058948,45.74672491635528,76.22554453070953,76.34607066811145,57.79250637905542,58.4809503395127,34.02246323269301
person_10.mp4,front,580,9675,59.946188340807176,848,478,47.131204981130466,45.82790555665174,77.89988487263571,78.45056627805269,58.84629834118176,58.86832623701677,32.071699873802814
person_10.mp4,front,581,9692,59.946188340807176,848,478,47.30330072922326,45.85768335506103,75.71669080450705,76.58996068022104,58.17496865517323,59.079129518569424,33.6481030135475
person_10.mp4,front,582,9709,59.946188340807176,848,478,45.598137125219736,44.29012739804987,71.12018231163809,71.17589551399108,56.53554971383142,57.659152307718074,38.30987102177386
person_10.mp4,front,583,9725,59.946188340807176,848,478,46.599178587620976,44.80070375860527,70.87787975381202,70.05839586999844,57.31002014348916,57.8254293144635,38.62060808011972
person_10.mp4,front,584,9742,59.946188340807176,848,478,46.37709012881471,44.137026715979246,70.55633361733781,69.60764207986037,57.27675287091901,57.77937034316846,38.59539932968894
person_10.mp4,front,585,9759,59.946188340807176,848,478,45.90318624899893,43.93597850769783,70.81867806997685,69.7212219363121,57.49824034950979,57.90585302777109,38.29777217621691
person_10.mp4,front,586,9775,59.946188340807176,848,478,45.97657376667806,44.01353956093395,71.47893269965647,70.34059631340796,57.904022859735115,58.254635366757974,37.66984766600073
person_10.mp4,front,587,9792,59.946188340807176,848,478,45.65894135195176,44.15533338051041,70.39117382120999,68.95322181873382,57.71636383590434,58.08944173451183,38.45461999258367
person_10.mp4,front,588,9809,59.946188340807176,848,478,45.766257038492625,43.81932299361156,70.26884234732665,69.02942473183577,58.572680963089766,59.03727898842022,38.25917681721702
person_10.mp4,front,589,9825,59.946188340807176,848,478,46.681812969071764,44.580748763845506,71.64354892413479,70.20485389497222,59.75287623498604,60.169678113654065,36.612487083494166
person_10.mp4,front,590,9842,59.946188340807176,848,478,46.24828381820552,43.70892460905948,72.28389744672688,70.53283940636157,59.64803375767807,59.8083157046004,36.010288091178204
person_10.mp4,front,591,9859,59.946188340807176,848,478,45.89457717443539,43.03892492968775,74.5573482664565,72.57406206576407,59.617528948868134,59.904649344574295,33.67924607789687
person_10.mp4,front,592,9876,59.946188340807176,848,478,46.0117540400461,43.158925484238715,78.18622651586276,76.27472747699646,60.06156652326417,60.583111334662426,30.104811053595395
person_10.mp4,front,593,9892,59.946188340807176,848,478,47.042902846387236,44.35375723925862,77.54256962612278,75.28193343041816,61.08464234696961,61.55110088608624,30.743962179418887
person_10.mp4,front,594,9909,59.946188340807176,848,478,47.265208102320265,43.77772136450325,84.71747242599001,81.19602659658463,59.51481120534547,60.90618003271522,24.32195710959993
person_10.mp4,front,595,9926,59.946188340807176,848,478,47.498310048962466,43.7189431844419,86.32192587089426,84.06346480889049,61.13566490366568,61.090616078182215,22.102744699942683
person_10.mp4,front,596,9942,59.946188340807176,848,478,47.92293388836532,43.70213274005992,87.82816683024048,84.55807321625694,61.876736260597085,61.739874378128974,21.147311974787982
person_10.mp4,front,597,9959,59.946188340807176,848,478,47.60748725547663,43.50622989310523,85.03276421865945,81.73883200990409,61.700553139387,61.03467828797861,23.96236372709813
person_10.mp4,front,598,9976,59.946188340807176,848,478,48.74906265476364,45.20616109191632,87.0444606416297,83.90337084978314,63.45640878633247,63.65464685458148,22.04425170881921
person_10.mp4,front,599,9992,59.946188340807176,848,478,49.22785286889116,45.91357051281777,88.5948312900955,85.52093074323632,63.91444660547038,64.76807962746066,20.406090286113496
person_10.mp4,front,600,10009,59.946188340807176,848,478,48.71535186539949,44.916169209619696,92.24719316405447,88.13408464513402,63.64972780729876,64.46186349115638,16.951981077985508
person_10.mp4,front,601,10026,59.946188340807176,848,478,48.8044424253461,44.94189172725729,93.51250727110336,90.56997917982504,64.53329742965794,65.43859740834364,14.952116431508797
person_10.mp4,front,602,10042,59.946188340807176,848,478,48.94127734836369,44.929470116966996,97.00541558959412,93.52567442899729,65.01134369167382,65.579196243633,11.689819950809648
person_10.mp4,front,603,10059,59.946188340807176,848,478,49.2291994628509,45.39824906617653,94.99100462610053,90.83009103290891,65.0185167903511,66.67843084228018,14.257400788784855
person_10.mp4,front,604,10076,59.946188340807176,848,478,49.5242313618428,45.96290041971919,98.35447172627619,95.92511025851566,65.676440955286,68.06640617529281,10.149416676224005
person_10.mp4,front,605,10092,59.946188340807176,848,478,49.78577130110022,45.61472575542592,96.03720033978033,92.81798381492787,67.67492553049733,69.18643342195199,13.053899021604726
person_10.mp4,front,606,10109,59.946188340807176,848,478,49.5805843497862,44.920673414888526,98.59794265649916,95.5110403367829,67.86825006316859,69.39236450750681,10.305666810479053
person_10.mp4,front,607,10126,59.946188340807176,848,478,49.725746038205145,44.940995232400574,98.36100188060735,95.3977534187472,68.87115839075834,68.69860960070001,10.653698219163987
person_10.mp4,front,608,10142,59.946188340807176,848,478,49.88901295580458,45.654361985784796,101.88438318621056,99.49909931310553,68.86056773877867,70.31944027666195,7.106624342078255
person_10.mp4,front,609,10159,59.946188340807176,848,478,51.153067078872596,46.423434555963716,106.00288732984515,103.06068218221345,69.67854789444982,70.84006709479809,3.554442282157367
person_10.mp4,front,610,10176,59.946188340807176,848,478,51.252224202484655,45.97653822016626,104.25046998590702,100.90554050115927,69.9747576963196,70.03273333126565,5.25370027944387
person_10.mp4,front,611,10192,59.946188340807176,848,478,51.76815346321204,46.39100871769917,105.09198871448058,101.80946756978292,70.41206045685811,70.62830858492282,4.550591016435508
person_10.mp4,front,612,10209,59.946188340807176,848,478,52.106640656870795,46.02450392964115,101.01081832982086,98.2033694928212,69.75467546309707,71.46633490543834,8.152532137177129
person_10.mp4,front,613,10226,59.946188340807176,848,478,51.349612724305764,46.43781037851215,100.80447131803915,98.49441928170921,68.86340569710738,72.79855742325468,7.9654538517421125
person_10.mp4,front,614,10243,59.946188340807176,848,478,51.156451181878246,46.08627093838519,103.2718834561617,101.2445550988075,69.7550562585545,71.56077821976665,5.23145690465649
person_10.mp4,front,615,10259,59.946188340807176,848,478,51.17573831637076,45.858947226315465,104.15672459716721,101.79918451750554,70.61658558436609,70.60090966588464,4.463303810766793
person_10.mp4,front,616,10276,59.946188340807176,848,478,51.26532454187352,46.68325193448492,102.38466903485303,100.60235829189833,70.2790838874327,70.63604803983517,6.013296546345852
person_10.mp4,front,617,10293,59.946188340807176,848,478,50.91909732785855,46.80946127705742,102.72611092929588,100.3760478243257,70.0813199475383,71.18165056495911,5.851830039393672
person_10.mp4,front,618,10309,59.946188340807176,848,478,51.02441577686819,47.255477556118734,101.6818125195386,99.73090963623844,70.31008971847778,71.93207279376223,6.788565983366497
person_10.mp4,front,619,10326,59.946188340807176,848,478,51.033607675255475,46.78746123010695,104.06401298776194,102.2306929929274,71.41720950079873,72.05282636095978,4.3582344622790785
person_10.mp4,front,620,10343,59.946188340807176,848,478,51.05570768427034,46.74511125150102,102.16321050439768,100.38819393166041,70.3938263511166,72.33785878851735,5.899754071238468
person_10.mp4,front,621,10359,59.946188340807176,848,478,50.608110536025784,46.125446470347,102.77280920029638,100.93490598994966,69.50593056973875,71.95689098563557,5.187786807913778
person_10.mp4,front,622,10376,59.946188340807176,848,478,50.33779546846024,45.7133753093129,103.10712094347568,100.81743691569888,69.9255021618503,72.44404834236188,5.140799111244909
person_10.mp4,front,623,10393,59.946188340807176,848,478,49.95010446356484,45.41077769104386,104.17806376483405,101.26423531660483,71.03609845552107,72.22684239641828,4.489648611976478
person_10.mp4,front,624,10409,59.946188340807176,848,478,49.40023568880664,45.35847974632237,103.52942803854737,101.22519751957306,70.15317009544408,70.73328975620822,4.5551057971529
person_10.mp4,front,625,10426,59.946188340807176,848,478,49.001627345977944,45.04823180385067,102.84462958859594,100.31213276515182,69.642033947838,70.06198327712255,5.210505294173724
person_10.mp4,front,626,10443,59.946188340807176,848,478,48.97730070906839,45.098475627026275,102.80061590639863,100.51392547623189,69.38859716197331,70.37861859296865,5.126159021220372
person_10.mp4,front,627,10459,59.946188340807176,848,478,48.517539385064694,44.65182665526275,98.82609662680764,97.09795610260237,68.52346516421848,69.95132753563425,8.79491628167224
person_10.mp4,front,628,10476,59.946188340807176,848,478,47.61855982485376,43.772527954724126,97.6192129426227,95.87120304106114,67.58066901060701,68.8756094517128,9.856196116436632
person_10.mp4,front,629,10493,59.946188340807176,848,478,48.09153973090813,44.065924210471294,97.43353194810393,96.1802268793064,67.48918235953822,68.98062455901591,9.90195964774784
person_10.mp4,front,630,10509,59.946188340807176,848,478,47.54447028119951,43.88984050157977,97.53298655836544,96.65825099435943,67.16559457299522,68.64384123469094,9.93428877411776
person_10.mp4,front,631,10526,59.946188340807176,848,478,47.72662747470743,44.33732688281048,95.78706614661435,95.4657708447347,66.59309409457465,68.43523004420778,11.75722967437369
person_10.mp4,front,632,10543,59.946188340807176,848,478,48.00306685568313,44.34480872405084,89.34478519121242,89.20694688138731,65.83809665168707,64.88461090170654,18.16502070463098
person_10.mp4,front,633,10559,59.946188340807176,848,478,47.83779679747926,43.51141570277329,86.85367380059766,85.3492829450778,64.81453903848944,63.55442855893043,21.236717870870418
person_10.mp4,front,634,10576,59.946188340807176,848,478,47.43764810855915,43.61260094834763,86.45548823844587,84.7180711358605,63.16735987477466,63.71366357247159,22.119053315041654
person_10.mp4,front,635,10593,59.946188340807176,848,478,47.7862375295807,44.73616608908265,82.97606377386188,80.56028949525945,62.78025568871774,64.72221580356488,26.50876046833674
person_10.mp4,front,636,10610,59.946188340807176,848,478,47.89284535337001,44.64848121559044,80.13037774410415,78.33888885674418,61.8980697198625,61.507798055306814,29.585010944130502
person_10.mp4,front,637,10626,59.946188340807176,848,478,48.49749038860279,45.59923453879222,80.5016286673761,80.11906545974075,61.37140813865462,60.74609952061999,29.37380441318894
person_10.mp4,front,638,10643,59.946188340807176,848,478,49.02257655417545,46.14882898214833,81.8779872518006,82.24259088810487,60.43449321020923,60.73783483288987,28.50972253604298
person_10.mp4,front,639,10660,59.946188340807176,848,478,50.72720672679287,48.060253332485516,84.83181537274655,85.61183187035041,60.71944615241972,62.00136848064153,26.469683123374057
person_10.mp4,front,640,10676,59.946188340807176,848,478,52.18806246397253,49.25805527527231,87.76074992151094,88.56272265147072,62.00813753774414,63.34438299691015,24.1740553149473
person_10.mp4,front,641,10693,59.946188340807176,848,478,51.35812297852698,49.49615979175778,83.30701540992932,84.79635215937897,60.879907139209465,64.22642692598201,28.176155694528898
person_10.mp4,front,642,10710,59.946188340807176,848,478,51.04416525556956,50.16415704709345,86.25136484742671,86.58626910180514,58.39230068731529,63.68806394907588,26.440127299464383
person_10.mp4,front,643,10726,59.946188340807176,848,478,53.26765891183544,50.62392427845584,88.12557432245823,86.50228145400538,57.762429665217724,61.17539177456675,26.982336877986658
person_10.mp4,front,644,10743,59.946188340807176,848,478,55.7616868852705,52.027041589278284,86.78776955216556,82.16087609053035,58.43803058223472,58.29708504522802,30.80320326000348
person_10.mp4,front,645,10760,59.946188340807176,848,478,56.47047300947967,53.25759797168534,86.87817526476758,82.01908499087848,58.5764640125303,56.426808664310116,30.88448877280707
person_10.mp4,front,646,10776,59.946188340807176,848,478,56.84520784594502,53.98303080001079,80.51507079609507,73.73809197954286,56.86608270736549,56.60522152282706,38.52471668192475
person_10.mp4,front,647,10793,59.946188340807176,848,478,54.93055617889747,52.48695488064671,74.39636136965349,69.40209902098987,54.359067078302495,50.98285472028435,44.42834028685116
person_10.mp4,front,648,10810,59.946188340807176,848,478,56.84761939748254,55.19133523424322,76.93509180662119,72.53686387156208,56.08509004817082,52.74188235980072,42.99433892779425
person_10.mp4,front,649,10826,59.946188340807176,848,478,62.64518012927168,61.254971675272245,83.37846566398497,78.64699073939654,59.07062172906629,57.78913977320415,40.04256107828289
person_10.mp4,front,650,10843,59.946188340807176,848,478,66.46452601677657,67.42417016935445,87.13376544458436,83.22169118616748,61.64081874821642,62.23359900896377,38.263003280979206
person_10.mp4,front,651,10860,59.946188340807176,848,478,75.47644014364299,74.6251674434651,95.09781540798735,88.72034907315786,65.0565426536799,66.28508268731373,37.018894779447564
person_10.mp4,front,652,10876,59.946188340807176,848,478,75.61384036307642,70.78726023033384,97.32144762367669,86.3367409123367,68.18061290828012,63.02823721718323,34.64656140712702
person_10.mp4,front,653,10893,59.946188340807176,848,478,86.66743249454633,84.39398899629354,102.35462356169619,94.81457344738679,70.87415128608771,71.53479744027541,35.28793410882938
person_10.mp4,front,654,10910,59.946188340807176,848,478,97.45607904238733,87.74815283621605,117.09685432430052,104.42082108753047,75.94980510490699,76.78285635920237,27.242209680984505
person_10.mp4,front,655,10926,59.946188340807176,848,478,96.76956919582831,88.39962072043352,119.64262897588114,110.36481830013093,73.79510168490339,76.33098273583687,24.457945034676406
person_10.mp4,front,656,10943,59.946188340807176,848,478,98.04773225492124,89.03221896259379,120.19383463497074,112.02898214638208,75.38596977916603,77.51574408929658,23.145787388604163
person_10.mp4,front,657,10960,59.946188340807176,848,478,106.95480914307846,93.17477824828939,132.06179450427084,119.66470824487004,79.37585673019494,81.09600029263711,16.79123171560359
person_10.mp4,front,658,10977,59.946188340807176,848,478,119.18024758202105,103.72605723201808,144.05536070390164,128.81897753437812,81.49635519600547,85.00378025523257,16.207793030987634
person_10.mp4,front,659,10993,59.946188340807176,848,478,120.91261966229149,105.63343252133956,145.02312189323916,130.69829519915535,80.59553341207231,84.01592103671825,16.903575547980175
person_10.mp4,front,660,11010,59.946188340807176,848,478,130.231945879789,113.52704723845959,155.8444795360146,140.8760931546954,84.08609996974224,87.99803614113621,11.782607142270237
person_10.mp4,front,661,11027,59.946188340807176,848,478,135.79988726137958,121.86501715560206,160.42018513812005,148.78975172465272,88.16107285560943,91.57405025927098,8.052623294458218
person_10.mp4,front,662,11043,59.946188340807176,848,478,135.94293928018703,121.6169479765394,162.74731988060935,149.31474647185217,88.53149445981703,91.62063393957878,6.209396181838109
person_10.mp4,front,663,11060,59.946188340807176,848,478,139.12892829602146,126.87948527212757,163.3428485739843,153.4013013893861,89.49119206684823,92.4002185788028,7.091089462076623
person_10.mp4,front,664,11077,59.946188340807176,848,478,141.10569640224716,130.1872483000735,164.2752187692926,154.74077754635138,88.99428748738212,92.69639521605126,9.196792866484966
person_10.mp4,front,665,11093,59.946188340807176,848,478,143.01889866662506,134.0389795370921,164.61527404446886,155.8570771220252,88.23002677676149,92.45392629600002,11.039628145108827
person_10.mp4,front,666,11110,59.946188340807176,848,478,141.70285490650465,135.82779287021214,163.98127349429095,157.2441971196337,87.22588764829774,91.90909906912222,11.241706842928027
person_10.mp4,front,667,11127,59.946188340807176,848,478,141.3953060993871,137.10770903444148,163.0137201492899,157.95215696813406,86.66616790090524,91.281337114314,12.71127681060906
person_10.mp4,front,668,11143,59.946188340807176,848,478,142.5606173816632,140.07318178017985,162.57011631266275,160.23382797366284,86.83202766563798,90.83305304889761,13.1646415697594
person_10.mp4,front,669,11160,59.946188340807176,848,478,143.14204096229588,141.39274460714978,162.89538098220405,160.9982703853095,86.30250686485083,89.89568014749143,13.907772701182497
person_10.mp4,front,670,11177,59.946188340807176,848,478,147.64257193634484,146.19928847705876,165.8222696417632,162.559436252082,87.14827471507553,90.82632950881096,14.88509129558157
person_10.mp4,front,671,11193,59.946188340807176,848,478,145.74043373360632,147.71617208910953,164.2035125681604,163.66359696836648,86.6618408557997,88.79521229602939,15.95336915595711
person_10.mp4,front,672,11210,59.946188340807176,848,478,143.2987327259225,146.66750993139675,162.97265959216412,163.52647489705365,85.52301087974669,87.66150861514319,16.430504295514385
person_10.mp4,front,673,11227,59.946188340807176,848,478,140.28360497372802,145.66236557568268,160.967421778603,162.0414640886772,84.73565678445993,87.67927112815937,16.784272927694285
person_10.mp4,front,674,11243,59.946188340807176,848,478,139.41645765598787,143.49919233934793,161.13601949761173,160.56045082143308,83.60536044562035,86.94096572693675,16.95220442060094
person_10.mp4,front,675,11260,59.946188340807176,848,478,140.8364424346009,145.4218370614811,160.91947127248986,161.408352018149,85.28151572108156,88.15789918332474,16.572309222669837
person_10.mp4,front,676,11277,59.946188340807176,848,478,140.3978705528023,145.20823761516195,161.4776044707366,161.86405978877391,84.20890255183893,87.34045294737668,16.42882457244899
person_10.mp4,front,677,11293,59.946188340807176,848,478,139.45545056725314,145.47693476686084,160.27821743247566,161.772082100801,84.66292825435946,87.56285625047559,16.356494297486496
person_10.mp4,front,678,11310,59.946188340807176,848,478,141.1996816718174,144.6294891330164,161.5997999587553,160.88067137643188,85.09317456054909,87.8189687607676,16.099703899922947
person_10.mp4,front,679,11327,59.946188340807176,848,478,143.4111532330964,145.31346118348253,162.5426271018231,160.7252113542622,87.11975111771804,89.97488001316357,15.742370849738261
person_10.mp4,front,680,11344,59.946188340807176,848,478,142.06444382048392,149.12592224569875,161.8666691554747,164.55986359470404,85.0682043484773,92.26209204035358,14.280327010739358
person_10.mp4,front,681,11360,59.946188340807176,848,478,141.6882809153951,148.92340349025892,161.7453483104157,165.503673649007,84.92306590466495,92.22525328384911,13.199673397091143
person_10.mp4,front,682,11377,59.946188340807176,848,478,141.5468331288803,148.48562304458895,161.55293040965944,165.1354333649008,85.52703248966151,92.00926175291598,13.157442974003711
person_10.mp4,front,683,11394,59.946188340807176,848,478,141.84370305149915,147.41046679790952,161.7776735802442,164.81108495949675,85.82372311669299,90.2185150225743,13.313768715928624
person_10.mp4,front,684,11410,59.946188340807176,848,478,142.29890458979247,147.9554136488202,162.0233305839872,164.99620717038792,86.48939698475095,90.80676855779362,13.148385522489365
person_10.mp4,front,685,11427,59.946188340807176,848,478,142.26573709354528,148.04855872235913,162.16059602917366,165.47713948206828,86.48620529601052,89.80432482814702,13.377673171208894
person_10.mp4,front,686,11444,59.946188340807176,848,478,141.9044012464871,146.94828627039016,163.27762536077844,165.60886410074812,86.90394895113388,90.2315509013026,12.014943102457222
person_10.mp4,front,687,11460,59.946188340807176,848,478,140.98156797647076,145.74333060618753,164.0526096867868,164.9005631216824,85.59668157416111,89.07550269919409,12.305557053855553
person_10.mp4,front,688,11477,59.946188340807176,848,478,140.3493234469963,146.69656955826125,164.6726098177443,166.6877650006315,83.5796737274669,90.02931438600457,10.952355453666737
person_10.mp4,front,689,11494,59.946188340807176,848,478,140.4945157634699,145.94380773050108,165.1317754941563,166.4183377061157,84.61906332201161,89.83802471751545,10.398034015845464
person_10.mp4,front,690,11510,59.946188340807176,848,478,140.84672061452048,146.21633515412816,164.96791012126616,166.92149413846477,84.87398665087368,89.26039720197413,10.485931006327347
person_10.mp4,front,691,11527,59.946188340807176,848,478,140.6096527588219,146.15973621029156,165.23875025805717,166.8724528449388,85.27620209092782,88.71140240895642,10.623791530200037
person_10.mp4,front,692,11544,59.946188340807176,848,478,139.3863868600505,145.0547427287278,165.01174716701837,166.31848593887332,84.42818384422122,87.40678920601349,10.942180229471305
person_10.mp4,front,693,11560,59.946188340807176,848,478,138.7431455985999,144.49840892945994,165.32798475005228,166.4874227826573,83.46484457133444,87.0456970281049,10.791940880342285
person_10.mp4,front,694,11577,59.946188340807176,848,478,139.26430565946936,143.771346926285,166.6727211399963,166.1413398460452,82.6904204172948,86.18959633189955,11.003152264015196
person_10.mp4,front,695,11594,59.946188340807176,848,478,139.3112369441187,143.23718208963336,166.71055321230256,166.40492636259157,82.84311193746336,86.00258751067155,10.584757838228159
person_10.mp4,front,696,11610,59.946188340807176,848,478,139.75774816008231,143.83505791724642,166.8550825126849,167.1744321492673,83.67419864748096,86.69672803889358,9.978807526012815
person_10.mp4,front,697,11627,59.946188340807176,848,478,138.6369307786841,143.0355479137216,166.74394638568538,166.77286695257087,82.06900949136896,85.36373666485126,10.30032981252063
person_10.mp4,front,698,11644,59.946188340807176,848,478,138.98211920199336,143.32734622553494,167.85787922444425,167.92552663597965,82.70161536740112,85.37334109999037,9.032608738048108
person_10.mp4,front,699,11660,59.946188340807176,848,478,139.06048920182454,143.50429791486368,167.78919088847448,167.53892985220645,82.83790177665492,85.36683974360406,9.26804785068819
person_10.mp4,front,700,11677,59.946188340807176,848,478,138.35417245039855,143.32999059953883,167.60102047700718,167.9214994290131,82.50103334611183,84.94345488111807,9.108367728882026
person_10.mp4,front,701,11694,59.946188340807176,848,478,136.42581548267964,143.70610777308153,168.30421616294717,169.0610462044046,81.56791540244636,85.67991935624228,7.199010399402638
person_10.mp4,front,702,11711,59.946188340807176,848,478,136.06271532554993,143.65263500879558,168.80441690996548,169.45141776498556,81.42299476694163,85.60485725792648,6.510787240105247
person_10.mp4,front,703,11727,59.946188340807176,848,478,136.1546423815778,143.82717456158562,169.52363783757357,169.66690322408047,81.4296105112904,85.7426678005259,5.901101526080621
person_10.mp4,front,704,11744,59.946188340807176,848,478,136.21045879251,143.72068698641874,169.23479826682075,168.94088904753042,81.4594825963528,85.72296676999844,6.435180171845422
person_10.mp4,front,705,11761,59.946188340807176,848,478,136.19863078951641,143.712250334366,169.68099074202897,168.70951031142434,81.28534637099405,85.97911075683454,6.195184416778445
person_10.mp4,front,706,11777,59.946188340807176,848,478,136.30357291845212,143.7305675851471,169.26222551324216,168.25360157859686,81.39132222867956,85.97489197611466,6.708220489166128
person_10.mp4,front,707,11794,59.946188340807176,848,478,137.06742904206806,143.77642698843107,169.79715053708824,168.2158130145127,81.77505328256674,86.08569761203937,6.379959102009403
person_10.mp4,front,708,11811,59.946188340807176,848,478,137.2807141337513,143.9935223186397,169.57210244730783,167.92088285610183,81.98713098360548,86.28291474846367,6.757525460487279
person_10.mp4,front,709,11827,59.946188340807176,848,478,139.01120751108095,143.99902788507603,170.61654467610686,167.76383586256227,82.72802660849253,86.33000474246457,6.86210538934074
person_10.mp4,front,710,11844,59.946188340807176,848,478,139.29041796904278,144.34640130334955,170.75103911574223,167.25257805756218,83.02521554843163,87.14757117860619,6.627245449768984
person_10.mp4,front,711,11861,59.946188340807176,848,478,139.72026354187233,144.56673356513718,170.5226488119115,166.77838238789948,83.30427845114774,87.320261391404,7.090683485591194
person_10.mp4,front,712,11877,59.946188340807176,848,478,140.65049072392864,144.96657010551334,170.9718253572037,166.83268740156734,84.0019491571262,87.8492048637167,6.93144370585788
person_10.mp4,front,713,11894,59.946188340807176,848,478,141.13355384367856,144.9674071348918,170.25194712312947,165.32806730856572,84.2318743308298,87.81291304394223,8.362523933289168
person_10.mp4,front,714,11911,59.946188340807176,848,478,141.03448958354394,144.83409267391178,170.04359345361058,165.26837766330004,84.21107974613894,87.67773672488559,8.481020945860474
person_10.mp4,front,715,11927,59.946188340807176,848,478,141.31203225500676,144.91961388970498,170.18103969759613,165.76312522988516,84.54475991940726,87.87920718512488,8.14044871117781
person_10.mp4,front,716,11944,59.946188340807176,848,478,141.76348314987115,145.00350800406292,169.31756794405,164.4252311700912,84.823673308857,87.55278974219732,9.601226187485537
person_10.mp4,front,717,11961,59.946188340807176,848,478,141.79847001107342,144.94652598743392,168.37756657118024,164.38599911525404,84.88079971700898,87.53976412197929,10.151899029643921
person_10.mp4,front,718,11977,59.946188340807176,848,478,141.89443367530117,144.98079732172633,167.78024947477863,164.5432064241377,85.22266859913378,87.68871804827786,10.309204590672593
person_10.mp4,front,719,11994,59.946188340807176,848,478,141.5562724339653,145.02199714568806,166.3133730678247,163.70241872576776,84.96063984810112,87.77856763669553,11.68246354358369
person_10.mp4,front,720,12011,59.946188340807176,848,478,141.66240551494897,144.87420778414074,166.57614038746314,163.72116568325708,85.03201982695617,87.74885790936067,11.49438800608167
person_10.mp4,front,721,12027,59.946188340807176,848,478,142.1512043159454,145.5727085776894,166.64106195311322,164.27380483786055,85.46252370905115,88.59136479538813,11.116639415617247
person_10.mp4,front,722,12044,59.946188340807176,848,478,143.0886497682544,145.45314587615462,167.50652475266648,164.53087378075193,85.72412154419656,88.48992162495878,10.979411313235989
person_10.mp4,front,723,12061,59.946188340807176,848,478,143.63431251381095,145.66205920847977,168.78419468894353,166.3624104797441,86.88667968462862,89.08471386637447,9.057071368015539
person_10.mp4,front,724,12077,59.946188340807176,848,478,143.8394504303309,145.367954852815,169.1139579438751,165.25372894972247,86.96938882438751,88.93123787721633,9.695770364492954
person_10.mp4,front,725,12094,59.946188340807176,848,478,144.82996879042136,145.8267421513599,170.3599558984479,166.05023933498632,87.95223814702119,89.77677080630102,8.375553687400753
person_10.mp4,front,726,12111,59.946188340807176,848,478,143.95254230054098,145.60859563493625,169.13305069265598,164.37399231570922,87.03841193051888,89.51968896165997,10.082105396568313
person_10.mp4,front,727,12128,59.946188340807176,848,478,143.05053346841694,145.51646273250836,168.64282104190693,164.49302149109582,86.94141396610546,89.61106890456382,10.157569953114091
person_10.mp4,front,728,12144,59.946188340807176,848,478,143.90546941333454,146.03050458896905,167.705276366463,163.8535818764706,87.51139432185016,89.96007282271158,11.0058774738117
person_10.mp4,front,729,12161,59.946188340807176,848,478,143.3735662747238,145.92652513018717,166.09700431252605,162.86426997202008,87.26196765948005,90.06777912524191,12.453145418814747
person_10.mp4,front,730,12178,59.946188340807176,848,478,142.7997107083178,145.76779051450634,165.29706272485976,161.58418724130604,86.67890509050915,89.92435025308845,13.612414201522324
person_10.mp4,front,731,12194,59.946188340807176,848,478,142.21211539397132,145.2392560573406,163.15954180435233,161.04121479227518,86.16148488077697,89.33366338716584,15.100592769549753
person_10.mp4,front,732,12211,59.946188340807176,848,478,142.88892270420047,145.54868091203187,162.19462390778367,160.49871012495484,85.98984971675992,89.13559390304775,16.454250479098864
person_10.mp4,front,733,12228,59.946188340807176,848,478,143.70151066715727,145.97195315402152,163.51150586250114,160.55211568025672,86.68639423802149,89.27260208555906,15.980468968469093
person_10.mp4,front,734,12244,59.946188340807176,848,478,143.150944788742,145.73751186608516,162.86317590928337,159.82159692463222,85.90848105090402,88.83846649343667,16.73097923738375
person_10.mp4,front,735,12261,59.946188340807176,848,478,143.34103067634413,145.88573919826928,165.41563271872576,161.92564118846832,86.28748450305123,89.01613222106046,14.240502914739828
person_10.mp4,front,736,12278,59.946188340807176,848,478,143.8962597877727,146.43089213976148,165.67413987041016,162.0854724702425,86.72192089841555,89.48677482356806,14.050849820983615
person_10.mp4,front,737,12294,59.946188340807176,848,478,146.50384952062686,148.44502895645286,166.16613076853932,164.43532034743635,89.36424280072417,91.37348808487575,12.120536574715372
person_10.mp4,front,738,12311,59.946188340807176,848,478,145.3056981370339,148.3118210950786,164.7350659774819,164.31436774872364,88.89812289032882,91.07577726965863,12.747798217320863
person_10.mp4,front,739,12328,59.946188340807176,848,478,147.34387824405945,149.5239081225023,165.00888059199687,165.0231733299319,90.78322071616988,92.60938815340333,12.166523662857443
person_10.mp4,front,740,12344,59.946188340807176,848,478,147.40501294187303,150.95554533779475,164.23807134170548,164.85520139378465,90.45069976110327,93.15284502679498,13.369512802233555
person_10.mp4,front,741,12361,59.946188340807176,848,478,145.96698189194342,150.71913042279334,162.70395168994378,163.7438759077943,89.73854106748769,93.49668532262938,14.615137527593046
person_10.mp4,front,742,12378,59.946188340807176,848,478,148.29979745820035,150.57139577844214,163.67200924522297,162.82243864763598,90.63347691203744,93.28669488228107,15.539266506925191
person_10.mp4,front,743,12394,59.946188340807176,848,478,145.94783465313583,149.75232858848958,162.01775876482824,163.0228600554556,89.4910765819969,92.50875086008334,15.946796256901804
person_10.mp4,front,744,12411,59.946188340807176,848,478,145.8449234468389,149.7719588523465,161.69081361569522,163.04094615096818,89.28199758797733,92.29226031525026,16.201410391187125
person_10.mp4,front,745,12428,59.946188340807176,848,478,143.86252837239124,149.27171607523184,160.81739622061858,162.7538492758663,88.63393629160736,91.93422464992813,16.160237004764856
person_10.mp4,front,746,12444,59.946188340807176,848,478,143.94050174925724,148.7290233191278,160.5798069778538,162.47516450383736,88.34843185007362,91.12973084846932,16.878283279392274
person_10.mp4,front,747,12461,59.946188340807176,848,478,144.1859098944039,148.94406017085254,161.28974101231427,162.46786868967374,88.45344352004491,90.9759022532344,16.496162054262697
person_10.mp4,front,748,12478,59.946188340807176,848,478,142.78013942424096,147.2868765249692,162.39178021932815,161.22019621984236,87.01621167845217,89.30618749757289,17.251222036140142
person_10.mp4,front,749,12495,59.946188340807176,848,478,142.20078815937856,147.48402400900503,163.4379062197766,161.9695317161201,86.78414514844653,89.33811649137412,16.078960015124053
person_10.mp4,front,750,12511,59.946188340807176,848,478,144.91104774571625,148.19645516624217,163.28966433616728,161.99682525637428,88.03525733073495,89.65374282265311,17.107690247032338
person_10.mp4,front,751,12528,59.946188340807176,848,478,144.21147060858482,148.39255978159426,165.04686664031962,162.3198421325464,87.72553347994679,89.66988075074738,15.522132260407103
person_10.mp4,front,752,12545,59.946188340807176,848,478,145.3690351059779,148.61516080149465,164.49205777609868,162.39257731179697,88.12716898359234,89.78683249328577,16.12653689380154
person_10.mp4,front,753,12561,59.946188340807176,848,478,145.02052956595404,148.53762709726934,164.24393657037365,161.57529960774127,89.24099219007404,90.73017387628482,15.815110180449137
person_10.mp4,front,754,12578,59.946188340807176,848,478,145.15301334314844,148.77043279832859,164.3824040047268,161.93556550464692,89.3833160381396,90.62432551026083,15.581837415671291
person_10.mp4,front,755,12595,59.946188340807176,848,478,144.6314424669171,147.95972653455607,163.38438788776128,161.00360871352152,88.8963042951095,89.93287358932307,16.52859573611641
person_10.mp4,front,756,12611,59.946188340807176,848,478,144.22398868325422,147.68819289934723,162.73804095160384,161.8115362634367,88.59635412069143,89.39818522515195,16.59552836308565
person_10.mp4,front,757,12628,59.946188340807176,848,478,144.41306912948028,147.98913919224825,162.71676901814863,162.75951689464046,89.02225848851499,89.69772197969345,15.811948447255915
person_10.mp4,front,758,12645,59.946188340807176,848,478,139.56510981664036,146.62957700540122,160.1708983060742,162.22335273337407,86.8833265269079,89.21592969423611,15.776455746260435
person_10.mp4,front,759,12661,59.946188340807176,848,478,141.11262719061787,146.63066067270134,160.367935350491,161.8991989546308,87.54940692493196,89.21742180801834,16.265887715983155
person_10.mp4,front,760,12678,59.946188340807176,848,478,141.34636692250717,145.41888556665924,161.59383676583354,160.91585618400603,86.83856079274992,88.35370631928717,16.713804993605315
person_10.mp4,front,761,12695,59.946188340807176,848,478,138.12909552585938,143.8901874742778,159.74308938696532,160.0821386468865,85.07059062283639,88.00719554325994,16.61012218246057
person_10.mp4,front,762,12711,59.946188340807176,848,478,135.30264819921882,141.04363650732847,159.2923917239222,160.68076880247685,84.92843781432558,88.26402026243024,14.207566697563728
person_10.mp4,front,763,12728,59.946188340807176,848,478,135.1334755181509,139.53070736530478,159.6292938465759,160.25235594496544,85.79065591033572,88.36113010358147,13.28466905829176
person_10.mp4,front,764,12745,59.946188340807176,848,478,135.28818498729777,139.07534607936626,159.38104385442398,159.19853337296334,86.29442795376438,88.47822784435714,13.624374820122616
person_10.mp4,front,765,12761,59.946188340807176,848,478,133.80426355538785,135.29997696194505,158.5933607614409,156.44341738335638,85.18063568773087,87.10167181001394,14.429401355077218
person_10.mp4,front,766,12778,59.946188340807176,848,478,132.34636074359784,134.75690772763522,156.74682803026164,154.14954177523342,83.45178784784551,87.00591128370068,16.6332109059851
person_10.mp4,front,767,12795,59.946188340807176,848,478,133.13143275558676,133.29053755578678,156.89885904101558,151.30931851709065,83.40859404454996,88.02969528848875,17.203953670229485
person_10.mp4,front,768,12811,59.946188340807176,848,478,132.9302010873929,133.82041495429044,155.70113680648677,151.57580507182735,85.38971045392134,87.88973401765186,17.3248025535285
person_10.mp4,front,769,12828,59.946188340807176,848,478,130.0572867230442,131.11962120133882,153.7836838845779,151.12639209034018,85.92931651664348,87.63985577629244,16.162601306509846
person_10.mp4,front,770,12845,59.946188340807176,848,478,125.96766844339034,126.32769844174153,152.06310366659366,148.53718693629997,84.36026124325483,85.44362010755174,15.876342384634356
person_10.mp4,front,771,12862,59.946188340807176,848,478,127.93306137582823,125.95428662238346,153.07151618639406,146.54657118905777,85.73432679929785,88.80426842275779,15.824343799738617
person_10.mp4,front,772,12878,59.946188340807176,848,478,124.26052500927085,114.98531394490176,148.6699586358637,138.5868938181855,84.49216493845348,85.11908660663102,17.02745004713139
person_10.mp4,front,773,12895,59.946188340807176,848,478,126.38165375600116,117.15071979944967,150.26799054279275,140.1894089899207,84.87393476316113,85.17809983296239,17.072302403001327
person_10.mp4,front,774,12912,59.946188340807176,848,478,124.63745368384258,116.9907448104471,149.81465216933518,140.42583083787432,84.15467022717951,86.28737815276916,17.27000684336299
person_10.mp4,front,775,12928,59.946188340807176,848,478,112.84550058637318,104.24382440789583,139.53709640071398,130.4512246273233,78.93353961692493,80.71182985014244,19.75543934629514
person_10.mp4,front,776,12945,59.946188340807176,848,478,107.77300951006164,99.08242402868781,135.29708814382272,124.93751949749931,77.70926457239729,79.74233195210475,20.14370199184003
person_10.mp4,front,777,12962,59.946188340807176,848,478,100.40328625388221,91.60448714613176,127.68958720116359,114.09920596599336,74.60960205175881,77.21165999174977,23.76709734920722
person_10.mp4,front,778,12978,59.946188340807176,848,478,95.39129205388295,87.45403791995844,123.0645668416285,110.70849637702091,74.17099447164625,75.85249070152132,23.252634421908216
person_10.mp4,front,779,12995,59.946188340807176,848,478,94.96213247333144,87.1350829154474,123.66911222100012,110.11458414699571,74.8019787442823,77.04954695037895,22.89248156558002
person_10.mp4,front,780,13012,59.946188340807176,848,478,78.25458333450483,75.78552919011933,106.65091560501324,96.3396852235216,68.41214608246015,69.81736154588218,28.30161929441518
person_10.mp4,front,781,13028,59.946188340807176,848,478,77.49093999909095,74.34330055317457,106.08412139337811,95.16183985753185,68.33598995375215,69.51556336965089,27.982712611944788
person_10.mp4,front,782,13045,59.946188340807176,848,478,75.10957361865363,72.40034441476658,107.79435038823439,97.20523228551198,66.88514426032147,68.48060482524436,26.50820442944142
person_10.mp4,front,783,13062,59.946188340807176,848,478,74.9138134871994,73.85125245835621,110.12349126966365,101.74484090351632,67.00201771161092,68.60032272137009,23.830406762512656
person_10.mp4,front,784,13078,59.946188340807176,848,478,66.73947047729561,66.57413233391804,98.46068620785886,91.10320649246519,62.84838648836164,63.79236390986393,29.92425912508552
person_10.mp4,front,785,13095,59.946188340807176,848,478,60.03183609116618,60.09188624079367,88.48775473634328,82.995780508315,58.88821605975865,59.40533880978654,34.90754267685572
person_10.mp4,front,786,13112,59.946188340807176,848,478,61.50316023660731,61.967017252105904,89.93071551220203,84.21362886687699,59.291708784833595,61.202867746704726,35.701777048843184
person_10.mp4,front,787,13128,59.946188340807176,848,478,54.80382189760114,54.58197616447381,82.14589893372148,77.92991874114578,55.86854917918003,56.1214496328539,38.11355069113352
person_10.mp4,front,788,13145,59.946188340807176,848,478,53.38472586156689,51.09094394857032,80.39711107238568,74.48916819470176,54.59276280680194,53.582183934765155,39.775904332686125
person_10.mp4,front,789,13162,59.946188340807176,848,478,53.49942648009183,52.05690478510239,80.73488011551902,76.64377701027149,54.929091116957125,55.4036251229032,37.943842512423075
person_10.mp4,front,790,13178,59.946188340807176,848,478,49.63071433319771,48.26225535377918,77.02848992369417,74.0436210529465,53.05647031839527,53.344214464059206,38.3444776958858
person_10.mp4,front,791,13195,59.946188340807176,848,478,50.65739812215153,47.59560883518311,77.69899383883747,73.29292506988759,53.504663327804245,53.53011374745834,38.737539590466504
person_10.mp4,front,792,13212,59.946188340807176,848,478,49.150939910746864,46.99671014619366,74.1553151553632,70.25896445657753,52.333219882292084,53.01850816014914,41.91443746676964
person_10.mp4,front,793,13229,59.946188340807176,848,478,48.92296789531268,46.29919970290104,76.7455503185333,72.64441271606051,52.90228192052224,53.380950624735185,39.33810266348026
person_10.mp4,front,794,13245,59.946188340807176,848,478,47.272434136240825,46.23072590868163,74.08644833691964,71.33453041023859,51.813282610380426,52.82851076223102,40.35096687411104
person_10.mp4,front,795,13262,59.946188340807176,848,478,46.14860836721175,44.12017821751032,74.0820281486347,70.89048229193341,52.48656897772163,52.82419583158163,39.40093087835468
person_10.mp4,front,796,13279,59.946188340807176,848,478,45.84226942754824,44.563823578457004,74.53282232883421,71.70689173266196,53.251712162482974,53.72647415245736,38.887650477414994
person_10.mp4,front,797,13295,59.946188340807176,848,478,45.40342028994515,44.26826331058551,73.82138501046947,71.11599057687259,54.071235692984345,54.07721402911614,39.25499712693467
person_10.mp4,front,798,13312,59.946188340807176,848,478,42.95497415669343,42.48740908510691,68.43939288638214,66.35784651666441,52.84017740303948,53.18816790269064,43.13607970143785
person_10.mp4,front,799,13329,59.946188340807176,848,478,43.469058870933516,42.9533888919795,68.71408749980536,66.96759411152044,53.96609134238384,54.52298679859624,42.1721465045311
person_10.mp4,front,800,13345,59.946188340807176,848,478,43.57162282793869,43.23005374711657,67.77847058027352,66.50765293553009,54.69919594854184,55.47981648737974,42.04045555610395
person_10.mp4,front,801,13362,59.946188340807176,848,478,43.43155031833589,43.15488098231412,67.6238277841407,66.1490525142806,55.00522114653147,55.76547730455022,42.11052914953152
person_10.mp4,front,802,13379,59.946188340807176,848,478,43.22411398584547,42.88628408018446,68.0291946015844,66.17481707026417,55.094875885273396,55.05033931041247,42.03947233017557
person_10.mp4,front,803,13395,59.946188340807176,848,478,43.21638653105033,43.02614987017042,65.43929924492586,63.7991661769402,55.30128140836641,55.87409216751922,43.57114233841413
person_10.mp4,front,804,13412,59.946188340807176,848,478,44.426096830419205,43.76675095815642,65.77377794541523,64.41442402285342,57.28340265610725,57.79034807943019,43.06598824466189
person_10.mp4,front,805,13429,59.946188340807176,848,478,44.08483487124996,43.68109931484526,64.26221152820939,63.624069440059095,56.820303420895,57.791664564922115,43.84345238509119
person_10.mp4,front,806,13445,59.946188340807176,848,478,44.61596175595705,44.27555719316491,63.045361262227686,62.207958287035154,57.18688430232029,58.378636126299824,44.703963252177715
person_10.mp4,front,807,13462,59.946188340807176,848,478,44.662423002033684,44.148506539937,62.89950719494996,62.235783978236064,57.559674711720064,58.536959889585646,44.95704429262998
person_10.mp4,front,808,13479,59.946188340807176,848,478,44.28535534310877,43.82944137772369,62.71537669353705,62.112560679175,57.98351469971433,59.088305719058496,44.64288810821778
person_10.mp4,front,809,13495,59.946188340807176,848,478,44.08152769189301,43.52480549277146,62.01028231347712,61.27722594044316,58.114965276096,59.34063113997325,44.961131610063475
person_10.mp4,front,810,13512,59.946188340807176,848,478,43.6438573319204,42.74806589745683,61.09159632387121,60.478100638819924,57.57653789286882,59.011484812888106,45.31966229364828
person_10.mp4,front,811,13529,59.946188340807176,848,478,42.952124863180764,42.3791344894242,58.099168978334006,58.17615919173217,56.48792548962359,58.02092525773827,47.80919566418298
person_10.mp4,front,812,13545,59.946188340807176,848,478,41.6744023152855,41.35967683486117,55.92287193067028,55.654192307433945,55.54090588313776,56.85748292741579,49.759941385832825
person_10.mp4,front,813,13562,59.946188340807176,848,478,41.90534901886484,41.44619034115459,55.47667555741585,55.16024886883155,55.98680119039825,57.27544220579968,50.16190251870203
person_10.mp4,front,814,13579,59.946188340807176,848,478,41.833755119286224,41.44176731957633,55.560143340929486,55.19548925425158,55.82915199048886,57.20772861765876,50.010143046369436
person_10.mp4,front,815,13596,59.946188340807176,848,478,41.83642135340988,41.514796923229206,55.14005335287924,54.72213246811175,55.936363398469354,57.10221647609821,50.39073123620971
person_10.mp4,front,816,13612,59.946188340807176,848,478,41.475185020694695,41.153673144748915,55.010276808498645,54.23538596292313,56.00467954147419,57.15890599909004,50.46254378973143
person_10.mp4,front,817,13629,59.946188340807176,848,478,41.93277085072736,41.34990233387674,55.69261994661652,55.27746743268773,56.75038198262423,57.618561694936915,49.66644698853475
person_10.mp4,front,818,13646,59.946188340807176,848,478,41.55421571799187,41.30121694749196,55.4591282848136,55.171125340223796,56.66590173441286,57.408927141515804,49.75953776498282
person_10.mp4,front,819,13662,59.946188340807176,848,478,41.277999445410536,41.156036356925604,54.90505363222683,54.44105460267577,56.270925705446714,57.39679956484606,50.38314809483422
person_10.mp4,front,820,13679,59.946188340807176,848,478,41.21518787250612,40.627746633990604,54.935584380248756,54.21911328741261,56.27447738407772,57.50442276359331,50.174178666960074
person_10.mp4,front,821,13696,59.946188340807176,848,478,41.28872458261543,40.659732644068576,54.96892849282525,54.329069191383915,56.35340826731551,57.387102539357784,50.07180482861233
person_10.mp4,front,822,13712,59.946188340807176,848,478,40.13472924695804,39.73912894950695,52.80122320673353,52.08778460340554,55.3926295731024,56.341731424789096,51.868401942678645
person_10.mp4,front,823,13729,59.946188340807176,848,478,39.63382054624976,39.165551373337166,52.229084319399306,51.68344855308448,55.25431489294473,56.26163626105374,52.109448294330235
person_10.mp4,front,824,13746,59.946188340807176,848,478,40.12144735093933,39.417519024878516,53.24017157844173,52.87072719899634,55.78096585290881,56.53868758049731,51.171078204424475
person_10.mp4,front,825,13762,59.946188340807176,848,478,40.259208305149556,39.51339649807796,53.78236868275176,53.399671998341134,55.67836192927882,56.768940415754464,50.70043158787167
person_10.mp4,front,826,13779,59.946188340807176,848,478,39.922950821966126,38.72222844032172,53.566712914465796,52.868968288222675,56.140571963268,56.980394025211645,50.74562567113138
person_10.mp4,front,827,13796,59.946188340807176,848,478,40.144410258580216,39.09922464508796,54.31203752739562,53.42293213186502,56.52732690213564,57.29609979635815,50.18131332452168
person_10.mp4,front,828,13812,59.946188340807176,848,478,39.993841480005536,38.18444821331283,54.68743472993507,53.74447534590398,58.242148468468194,58.674454185758265,50.055882610562904
person_10.mp4,front,829,13829,59.946188340807176,848,478,40.54850554025097,38.5404687228697,55.54319940661767,54.602137120518684,59.15407751404641,58.68966431500672,49.26402546877318
person_10.mp4,front,830,13846,59.946188340807176,848,478,40.80235204486908,39.23289197735278,54.88157713060225,54.208296223659396,57.9214895703357,58.36990166631553,49.57974386478551
person_10.mp4,front,831,13862,59.946188340807176,848,478,40.381058189611494,39.2121693641087,53.200492701792086,52.54468449081256,57.53252507973659,58.15594600387727,51.14117413273755
person_10.mp4,front,832,13879,59.946188340807176,848,478,40.43940570968798,39.33704678510484,53.03299075123881,52.61736129689204,57.27147742992622,58.025911519096134,51.23168721498595
person_10.mp4,front,833,13896,59.946188340807176,848,478,40.26183243045007,39.373523034457065,52.21298433555973,51.562633365751324,56.72934147194202,57.85259892043397,52.1682844997307
person_10.mp4,front,834,13912,59.946188340807176,848,478,40.35165665612799,39.44583463720313,52.62364515348801,52.0530434862386,56.86337381140325,57.55894999712875,51.68201558330069
person_10.mp4,front,835,13929,59.946188340807176,848,478,41.14013274530047,40.65675634369114,53.19070632208385,52.67061400043452,57.127487714511304,58.123001209018184,51.42451007328055
person_10.mp4,front,836,13946,59.946188340807176,848,478,40.60240105542666,39.91050344533315,52.561569962564796,52.516213034770004,56.721349681077335,57.677311570737515,51.77008807029497
person_10.mp4,front,837,13963,59.946188340807176,848,478,41.54556390016386,40.80717338544675,54.08547537891357,54.34928360898365,57.71639719768748,59.013110161887205,50.51738666447873
person_10.mp4,front,838,13979,59.946188340807176,848,478,41.54278986637197,40.46263560975578,54.170484533870464,54.43301759100655,57.567710634366016,58.765845621609024,50.47679763612106
person_10.mp4,front,839,13996,59.946188340807176,848,478,41.62528183483973,40.77949097634617,54.32204488769803,54.736538398511634,57.33281128165436,58.439270926921246,50.418249173876895
person_10.mp4,front,840,14013,59.946188340807176,848,478,40.847400629908364,40.1900222685095,53.249510249358586,53.849933097763945,56.36508648816319,58.06159037533814,51.19445254496683
person_10.mp4,front,841,14029,59.946188340807176,848,478,40.14026791531443,40.06784473662461,52.27840857654777,52.28327818245633,55.16890692535423,57.120866920343026,52.59050629489481
person_10.mp4,front,842,14046,59.946188340807176,848,478,40.67449066200101,40.10203788673021,53.15450614531916,52.734292411589806,55.63047171804533,56.840084817287234,52.17329530002229
person_10.mp4,front,843,14063,59.946188340807176,848,478,41.3774751983701,40.330898076252566,53.813820403218806,53.10764619588788,55.91612695032236,56.81075280113187,51.88959511052996
person_10.mp4,front,844,14079,59.946188340807176,848,478,42.20530456889997,41.30637289764711,54.47615488192141,53.977338376455656,56.21116655490949,56.37259996985441,51.53101240173681
person_10.mp4,front,845,14096,59.946188340807176,848,478,43.41631521612945,42.10916048337565,58.565996743061795,58.041793862601025,57.68477007547672,58.21160700890367,48.10964114395037
person_10.mp4,front,846,14113,59.946188340807176,848,478,42.8360981788136,41.967398573095345,56.9243730401133,56.13042923709781,56.29339737294835,57.03777326367038,50.24135706869226
person_10.mp4,front,847,14129,59.946188340807176,848,478,43.222873340156895,42.49534466864546,57.214937565691216,56.6335553190528,56.40941401121291,57.27645910058744,50.04858240812982
person_10.mp4,front,848,14146,59.946188340807176,848,478,45.21394411831096,43.84107800673604,61.796891763180874,61.04103769881382,58.105426283029715,58.5465694696353,46.416832085195225
person_10.mp4,front,849,14163,59.946188340807176,848,478,46.28612110801333,45.31016264604425,62.98378553692738,62.25803716988631,58.42620439377947,59.18153849074074,45.858647069972044
person_10.mp4,front,850,14179,59.946188340807176,848,478,46.857743806204645,45.90605236914352,63.44243702038937,62.7233309369911,58.32470865147154,59.21273770296073,45.752577688476116
person_10.mp4,front,851,14196,59.946188340807176,848,478,47.71218417236563,46.261975212400124,65.45895729742232,65.20276482667835,58.51684935328195,59.39191079834854,44.02904245149475
person_10.mp4,front,852,14213,59.946188340807176,848,478,48.535571691758335,46.88248844554594,67.99517687496808,67.90612477920197,58.55885090238125,59.7268561523621,42.07297439794448
person_10.mp4,front,853,14229,59.946188340807176,848,478,48.18870301127325,46.601418128171616,67.50839929226733,67.33246420723997,57.85421998640637,58.9164081488375,42.73460529881251
person_10.mp4,front,854,14246,59.946188340807176,848,478,48.50622496272217,46.969715210284754,73.12871298494761,72.70134879414611,58.031906895085,59.049498746017804,37.407477188225776
person_10.mp4,front,855,14263,59.946188340807176,848,478,48.91780541277201,46.98493120968217,71.2070120424233,71.7186146440614,57.92546709022169,58.87444893281948,38.95646772781785
person_10.mp4,front,856,14279,59.946188340807176,848,478,47.8938875964781,46.75294542827398,68.92862508787363,69.73220118002887,56.9058554996961,57.888322797163255,41.078721952559924
person_10.mp4,front,857,14296,59.946188340807176,848,478,47.640443918766266,46.97679457877162,69.26183875388182,69.75134293257781,55.67471232374977,57.63213268949312,41.2749308105963
person_10.mp4,front,858,14313,59.946188340807176,848,478,50.14515103087084,48.23009842813535,75.11840017250306,74.95371871518078,57.338047586071916,58.53910632979856,36.578226434351755
person_10.mp4,front,859,14330,59.946188340807176,848,478,50.35911244615976,48.59189715845212,76.79431084284158,75.85484875453791,56.34333862936744,57.875921827144396,35.51092803072257
person_10.mp4,front,860,14346,59.946188340807176,848,478,52.607452650761125,49.817776842128254,82.05279417345821,80.34349275036574,58.21988113934966,59.39375147881312,31.611240883801084
person_10.mp4,front,861,14363,59.946188340807176,848,478,53.416827812542536,50.42186983466556,81.72079034485304,80.58194840243483,58.1077234031955,59.38540846926985,32.15596571502064
person_10.mp4,front,862,14380,59.946188340807176,848,478,55.203495120916465,51.62411072369399,83.4760120651744,81.88699887707172,58.153959696734546,59.59367809387469,31.762039720597702
person_10.mp4,front,863,14396,59.946188340807176,848,478,55.36783691537103,52.06368034092727,83.60858008510233,81.31642418516769,57.719987341358674,58.25980689751729,32.38108083429989
person_10.mp4,front,864,14413,59.946188340807176,848,478,54.66358398740929,52.0199048841172,83.67597691296234,80.0507668732766,56.552217812814014,58.085538489844325,33.55959208854851
person_10.mp4,front,865,14430,59.946188340807176,848,478,55.82331685569307,52.42575572963887,84.26582503366916,79.07127799822948,56.67117424853754,58.223772105953245,34.63573511849703
person_10.mp4,front,866,14446,59.946188340807176,848,478,56.597650169039,53.128006005646505,84.88486774559613,79.07813456169177,55.4138407353401,58.30781950005153,35.183912857466396
person_10.mp4,front,867,14463,59.946188340807176,848,478,56.2273238654661,53.3770909140193,84.32379942037933,79.23600632196968,55.87683821488335,57.48469649755347,35.39187629011708
person_10.mp4,front,868,14480,59.946188340807176,848,478,56.63039714674087,54.22465711123916,79.45396596941116,72.47806082026786,55.21387225136105,57.19327974806846,41.463106072553565
person_10.mp4,front,869,14496,59.946188340807176,848,478,58.52810719819622,54.60329440038543,81.219294609358,72.74152410298217,54.51548666824249,56.33472502780607,41.73805739297866
person_10.mp4,front,870,14513,59.946188340807176,848,478,61.72432518130529,57.73062379846349,82.78621130594172,75.51532959233282,56.6695197795356,58.256072449454656,40.818145169494215
person_10.mp4,front,871,14530,59.946188340807176,848,478,80.8291482762047,71.90441239832752,101.78818405959275,86.86537576999007,63.53995992006983,66.59926938596566,36.84607412854231
person_10.mp4,front,872,14546,59.946188340807176,848,478,76.3036634840146,71.09606057621994,100.86911395453149,88.17388573962043,61.25689982546178,64.72301799685934,35.834979651717866
person_10.mp4,front,873,14563,59.946188340807176,848,478,82.51988171278306,75.44056741179439,108.77978619785218,94.88090877949472,62.51296323258808,66.22738523488894,32.928071052552276
person_10.mp4,front,874,14580,59.946188340807176,848,478,84.97407720834312,76.81872358619029,113.96108253780605,99.15216322946124,63.530401723155315,67.66379464337943,29.49037153782725
person_10.mp4,front,875,14596,59.946188340807176,848,478,93.2895588034334,84.87935737398557,125.30408818928969,110.2302150956895,65.69224520959624,70.89771537345948,24.196953911715998
person_10.mp4,front,876,14613,59.946188340807176,848,478,101.40435468931034,96.51975606711457,133.95272744175472,122.36959680572646,67.7118996212983,73.26985524291312,22.07228489733026
person_10.mp4,front,877,14630,59.946188340807176,848,478,107.97284181224218,98.26758340917696,141.09316891280045,125.60424048567154,69.08311739101528,74.40310372798635,20.251193643072483
person_10.mp4,front,878,14646,59.946188340807176,848,478,119.24401193062478,108.63719845349209,154.6626097998237,138.4605314070848,70.71542818758196,76.63130970689532,17.576302910292238
person_10.mp4,front,879,14663,59.946188340807176,848,478,125.57127550189054,115.26196334285349,157.67122282319193,142.50204233739677,73.64732095926006,79.53513335336073,17.028573791944613
person_10.mp4,front,880,14680,59.946188340807176,848,478,129.1700507991307,115.84860859345837,161.06859381668295,143.236175157108,73.85607351321876,80.26270222792779,16.686375645002567
person_10.mp4,front,881,14697,59.946188340807176,848,478,125.41623564764386,109.53801374691335,158.02188888831392,136.83778224514165,71.95562638511974,78.72280556233073,17.970587886142244
person_10.mp4,front,882,14713,59.946188340807176,848,478,128.06145639804726,117.12118243353788,160.44342860916964,142.7939118968658,71.5810872214367,79.34327242296538,18.660731695969197
person_10.mp4,front,883,14730,59.946188340807176,848,478,125.97959536937219,115.85809189289313,156.54974425584248,140.0088385129344,72.11904619506201,79.47719132375002,20.088423406601294
person_10.mp4,front,884,14747,59.946188340807176,848,478,125.81668424524138,120.05510977466098,156.12435788618936,143.8424548547963,72.12444830062692,79.15702666502702,20.34611072438684
person_10.mp4,front,885,14763,59.946188340807176,848,478,128.3590426350843,123.56833293006626,159.0593843846259,146.9556450590679,72.89764067093259,79.82074167161481,19.598012881550805
person_10.mp4,front,886,14780,59.946188340807176,848,478,130.8717826959207,132.94956729190287,160.93565604411972,155.56962705397677,74.25344799411162,81.13605104390508,19.065812935742414
person_10.mp4,front,887,14797,59.946188340807176,848,478,130.79159797843894,137.3108635235108,158.03912939955427,160.5099279946157,75.096339548519,79.75668461205021,19.885673356064565
person_10.mp4,front,888,14813,59.946188340807176,848,478,135.339310739775,140.78872548118554,161.57723221880696,162.3121796857889,77.23063420492451,82.42822849155716,19.05610374614957
person_10.mp4,front,889,14830,59.946188340807176,848,478,132.23106731597733,139.73130664708444,159.62549067632978,163.14049107356215,77.44618460689426,81.60665797019215,18.25858123284309
person_10.mp4,front,890,14847,59.946188340807176,848,478,131.62863614356357,141.14058885884197,158.61640080270226,163.60961356868447,77.86610988999604,81.72100031390138,18.156793048148465
person_10.mp4,front,891,14863,59.946188340807176,848,478,131.76514777680202,143.83333705191635,157.3550434401403,166.0692051433012,79.33867027875641,81.70563727209648,18.346498345035272
person_10.mp4,front,892,14880,59.946188340807176,848,478,132.2461454927838,142.38679474706464,158.2391930255071,165.83953177554136,79.55239168854341,80.57712733223222,17.88633654627459
person_10.mp4,front,893,14897,59.946188340807176,848,478,134.93387115452876,143.0995903597065,159.76315697159893,165.04201970289327,80.39038196703073,81.86994292804307,17.81560190637945
person_10.mp4,front,894,14913,59.946188340807176,848,478,135.20562146697605,144.0063166298072,158.56469554835596,164.58324305291956,80.97036006744925,82.46990290072155,18.288489668289362
person_10.mp4,front,895,14930,59.946188340807176,848,478,132.86614599599713,142.47052958563586,157.380370602694,163.40838092835224,78.99285313412341,83.27326831235725,17.693785753331998
person_10.mp4,front,896,14947,59.946188340807176,848,478,135.58980196040133,145.71187838397094,158.49516799485076,166.5969387918807,79.19901974688442,82.09368881460618,17.868466117517738
person_10.mp4,front,897,14963,59.946188340807176,848,478,135.0657216166951,144.33627990576676,157.88343744645675,165.076056466666,79.07606317905814,82.90752286631378,17.683937193580867
person_10.mp4,front,898,14980,59.946188340807176,848,478,135.48931308626896,144.72981011720663,157.27924942222907,166.14751386667427,80.13896720621229,82.02521774436337,17.797522746633916
person_10.mp4,front,899,14997,59.946188340807176,848,478,135.34008526593658,143.02461300000917,158.30205455748225,164.69340256344108,80.81576155969944,82.22409800064958,17.009350848115915
person_10.mp4,front,900,15013,59.946188340807176,848,478,135.93397162391955,144.05708058397013,158.02860928143338,164.51359266295418,81.62049161358128,83.56409697294586,17.308249287856828
person_10.mp4,front,901,15030,59.946188340807176,848,478,137.73423039693645,141.53503906919073,159.26846320860318,162.4954304574002,82.1275496390048,82.25295271082686,17.146508727061754
person_10.mp4,front,902,15047,59.946188340807176,848,478,143.66172108205737,145.0491663861524,162.6609970349152,163.8191690349317,84.90068634926853,84.33941614720194,16.629597813970665
person_10.mp4,front,903,15064,59.946188340807176,848,478,142.34110812420167,144.8909616816015,163.40056172096627,163.26586945789037,84.85936830119316,85.70473386466652,15.50452401302996
person_10.mp4,front,904,15080,59.946188340807176,848,478,140.7659101838452,145.19341647581305,161.94415683764134,163.26907246146223,84.29660870774028,86.06086103167384,15.96564062004638
person_10.mp4,front,905,15097,59.946188340807176,848,478,142.25422112754205,146.9695749302951,164.33964148409493,162.87706448288102,85.26428025312718,88.14755020579098,14.891053889943384
person_10.mp4,front,906,15114,59.946188340807176,848,478,141.8033252142021,146.3520357023019,163.46001041121076,162.66964178047715,85.26178260707009,88.03540308796597,15.294090565396337
person_10.mp4,front,907,15130,59.946188340807176,848,478,142.71152397042832,147.82869986262517,163.5853949431973,164.27493384619925,85.01557059371315,89.35567052690502,14.688645284909823
person_10.mp4,front,908,15147,59.946188340807176,848,478,145.68457632589045,148.96375903981385,164.8573660257883,164.922486610857,86.1766190837473,89.46731232194166,15.095330762703279
person_10.mp4,front,909,15164,59.946188340807176,848,478,144.74427386504968,148.38382510491166,164.21110119744705,164.40278560464716,85.69245250981163,89.46345458160252,15.352064466640858
person_10.mp4,front,910,15180,59.946188340807176,848,478,144.53467418702897,147.6972999311597,164.5194889019332,164.00760166956877,85.16588832720146,89.18048913068854,15.474069077274283
person_10.mp4,front,911,15197,59.946188340807176,848,478,144.09830594716556,147.44003665412345,165.26947638704166,164.12380977001075,85.68633873273087,89.0333988828124,14.453186802351091
person_10.mp4,front,912,15214,59.946188340807176,848,478,143.9173386556906,146.62490848884832,168.4261123133057,166.11498277103917,86.0093691208353,89.02605708726473,10.729561716069078
person_10.mp4,front,913,15230,59.946188340807176,848,478,144.42242476450488,146.7711132033208,168.10267398312178,166.12898683016346,85.689731348604,88.70000526060755,11.60164857137004
person_10.mp4,front,914,15247,59.946188340807176,848,478,144.8557311239995,147.10806353455033,169.31347432487956,166.1542102709713,86.1355959912121,88.88358092510354,10.774990107315054
person_10.mp4,front,915,15264,59.946188340807176,848,478,146.43132892728713,148.1008201310274,170.23227293549382,166.8264821503603,86.8112973702361,89.26639784606157,10.656848468542227
person_10.mp4,front,916,15280,59.946188340807176,848,478,145.41909641106452,147.98954124325854,169.27960323148048,167.20532525754967,86.14474060767294,88.41934723577408,11.648264738347285
person_10.mp4,front,917,15297,59.946188340807176,848,478,145.39372304286326,148.0638149766368,168.98290659477766,166.96740221612544,85.94528804941947,88.51337695608258,11.959814726964368
person_10.mp4,front,918,15314,59.946188340807176,848,478,145.28718794119322,148.62750502837915,169.02721998165296,168.279765590189,85.45130793551648,87.58576494856895,12.488137583029191
person_10.mp4,front,919,15330,59.946188340807176,848,478,145.60614304575384,147.9524052157097,169.60090527820927,167.34574217084304,85.21656638662171,87.40819759425037,12.801354846696176
person_10.mp4,front,920,15347,59.946188340807176,848,478,145.69478207630172,148.35696179174266,170.50243233344557,168.07070422617505,85.1381923461799,87.7046783354077,11.873969400831033
person_10.mp4,front,921,15364,59.946188340807176,848,478,145.90621358671905,148.37152305495022,170.4883969885779,167.62826925587498,85.02773409020382,87.72926558787675,12.113307995091125
person_10.mp4,front,922,15380,59.946188340807176,848,478,147.6578102146784,148.9378245611238,171.04418625997283,166.97047161593386,85.83241858028714,88.353647418668,12.441861782771689
person_10.mp4,front,923,15397,59.946188340807176,848,478,148.31969958233464,148.9813836322236,172.37513614450813,168.0527173972961,86.20757074515036,88.3434584948884,10.560290313332718
person_10.mp4,front,924,15414,59.946188340807176,848,478,149.1275993979766,148.97425780553692,174.20974712897518,169.49518857116053,87.17275505865884,89.10542066756985,6.473245267773554
person_10.mp4,front,925,15431,59.946188340807176,848,478,149.59083718508148,147.97630986501107,174.3379168160225,168.99808294952058,88.20472984059265,89.81150596423066,4.571323376858009
person_10.mp4,front,926,15447,59.946188340807176,848,478,149.56135168786483,147.026991737058,174.39665226667216,168.708770828264,88.34341181422448,89.23640212583094,3.9930568193290856
person_10.mp4,front,927,15464,59.946188340807176,848,478,149.33372204178377,146.97597857978226,174.42674140469288,169.33061997267515,88.10381803859534,88.9294431203142,3.533091878497888
person_10.mp4,front,928,15481,59.946188340807176,848,478,148.64747739159512,146.86970960019417,174.14316951612608,169.2233456480388,88.24835207765264,89.04468851406934,4.196824299432486
person_10.mp4,front,929,15497,59.946188340807176,848,478,146.56127079677924,145.99710107444182,173.1580813394457,168.40216421317916,87.2621941694935,88.29412719087615,5.218345540249863
person_10.mp4,front,930,15514,59.946188340807176,848,478,146.87456580678995,146.59644802084077,173.259598846585,168.96475178708823,87.62725303833373,88.78762847424998,4.830170469213042
person_10.mp4,front,931,15531,59.946188340807176,848,478,147.61650680704582,147.2671724732013,173.46537523453574,169.82431803183445,88.23891039587366,89.24735553290513,4.103236011032014
person_10.mp4,front,932,15547,59.946188340807176,848,478,148.5195248070099,147.80462850958028,173.21723715507866,169.23025875106126,88.96997605206953,89.8038780998636,4.891284241189586
person_10.mp4,front,933,15564,59.946188340807176,848,478,148.2331474309759,147.59529239995322,172.97133437149333,168.7117888886768,88.7347495231651,89.59449079378193,5.461609040696019
person_10.mp4,front,934,15581,59.946188340807176,848,478,148.23158510073782,147.1272118452536,173.0224707615866,168.26729929408336,88.58767713959152,89.20848735288376,5.73412110297675
person_10.mp4,front,935,15597,59.946188340807176,848,478,147.7969614259093,147.0793616923065,172.798159668501,167.83607173034704,88.52971964620664,89.07025703856846,6.347127476399728
person_10.mp4,front,936,15614,59.946188340807176,848,478,148.54115446770493,147.0158424810717,173.2390053664107,167.48650824375952,88.73810770080863,88.92366931951112,6.660626316209389
person_10.mp4,front,937,15631,59.946188340807176,848,478,148.47826384873068,147.11520356535442,173.0277170723877,167.04974574356,88.77532891879638,89.03250963189366,7.10396502998943
person_10.mp4,front,938,15647,59.946188340807176,848,478,149.29962705232862,147.36664147748766,173.02053414989624,166.75111894095164,89.16981007301179,89.02928915459371,7.622556210425856
person_10.mp4,front,939,15664,59.946188340807176,848,478,149.1120171992703,147.62964259184994,172.88666229693723,166.60042000349435,88.97669472988274,89.07147181190385,7.7816433007002175
person_10.mp4,front,940,15681,59.946188340807176,848,478,148.86486063891854,147.56880845569378,172.88157409133086,166.71246243774092,88.69446517042049,89.01537571581684,7.77800583254145
person_10.mp4,front,941,15697,59.946188340807176,848,478,149.47697352334754,148.04945872557226,173.18594583901478,166.82608531113692,88.88894703449797,89.24014409955986,7.6121657153213045
person_10.mp4,front,942,15714,59.946188340807176,848,478,149.64135356559137,148.1329879921476,173.14406208544048,166.0492718828791,88.8039354018291,89.3048837365246,8.158038879824495
person_10.mp4,front,943,15731,59.946188340807176,848,478,149.2347860889756,147.98801085736082,173.15257398881946,166.23960659831968,88.63994276298443,89.21203135371236,8.003839898249002
person_10.mp4,front,944,15747,59.946188340807176,848,478,150.4894879197093,148.40860219214565,173.54836375727342,166.50704187531005,89.16862425500834,89.46456737269665,7.997388372011899
person_10.mp4,front,945,15764,59.946188340807176,848,478,150.88993304612754,148.8327465716923,173.64533349183728,166.88753455470203,89.22243348887415,89.62017760872178,7.672678805670429
person_10.mp4,front,946,15781,59.946188340807176,848,478,151.90909898361946,149.62929174545735,174.155800404904,168.19271113239546,90.44490699756803,90.5309428500188,6.240073421106877
person_10.mp4,front,947,15798,59.946188340807176,848,478,151.6089433885277,149.30894786162506,174.0544167088383,167.91644391557767,90.17526291065128,90.2621275009793,6.3550509115404195
person_10.mp4,front,948,15814,59.946188340807176,848,478,151.64517857542174,149.66480158392406,173.9962061520263,167.86834492458814,90.43492730349413,90.81728445070209,6.359261969263372
person_10.mp4,front,949,15831,59.946188340807176,848,478,151.44834004630982,149.45273739408506,173.9262425625731,167.8168184637637,90.36553563141075,90.65775540703162,6.420811516688819
person_10.mp4,front,950,15848,59.946188340807176,848,478,150.41120092399433,149.45196917565934,173.84226288914803,167.16535140587496,89.83403416533714,90.7996703327496,6.960141325585546
person_10.mp4,front,951,15864,59.946188340807176,848,478,151.43213263573412,149.76716951296925,173.95514525781252,166.64961768787543,90.50037467582965,91.48481815914953,6.674450843208158
person_10.mp4,front,952,15881,59.946188340807176,848,478,151.66131964100975,149.6974642715875,173.8375445403606,166.51142396459716,90.66357184412759,91.50517204408847,6.774690452248145
person_10.mp4,front,953,15898,59.946188340807176,848,478,152.28814800970503,149.5202554503587,172.8099433241539,166.09729411210992,91.2189325131451,91.45055524178015,7.941475387829833
person_10.mp4,front,954,15914,59.946188340807176,848,478,153.2982622959371,149.37893275089417,171.8547062087477,164.04537140818505,91.78500681162788,91.27914881080788,10.178346908024558
person_10.mp4,front,955,15931,59.946188340807176,848,478,153.03441604202663,149.24038895084038,171.7622223688526,164.3145822441723,91.4999996970768,91.10887882964963,10.081900429625328
person_10.mp4,front,956,15948,59.946188340807176,848,478,153.1032801501684,149.2769515076088,171.02592122461715,163.3030294527689,91.92187159155696,91.50366991684717,11.134679372640791
person_10.mp4,front,957,15964,59.946188340807176,848,478,154.19030598869293,149.5280621721944,171.50031682701177,163.90589045110693,92.58544422971369,91.8350889158125,10.616859127258
person_10.mp4,front,958,15981,59.946188340807176,848,478,154.0751670614573,149.49587994712306,170.38572400688207,164.0057996623901,92.62598274924159,91.7307233712271,11.299527973926518
person_10.mp4,front,959,15998,59.946188340807176,848,478,156.60500216481523,150.4348093042568,170.573225272123,163.79511487999568,93.16082132037197,92.61627361197272,12.869931145964234
person_10.mp4,front,960,16014,59.946188340807176,848,478,157.4646686993117,150.2067993091679,170.65708041871753,162.4871601889016,92.77618897333218,92.35381309812189,14.679193665720318
person_10.mp4,front,961,16031,59.946188340807176,848,478,156.06645841769682,149.56307758874945,170.17286249413894,162.3675144525955,92.29910827785405,92.16559319188842,14.733714937333103
person_10.mp4,front,962,16048,59.946188340807176,848,478,154.67266357057733,149.58687719629913,168.28929394593268,163.36211415189186,91.52679362726774,91.62601503567593,16.24662086582449
person_10.mp4,front,963,16064,59.946188340807176,848,478,157.45073827401896,150.75808312107097,169.00814162244072,163.4626686422289,94.64059518477521,93.33163391585366,15.191409197655414
person_10.mp4,front,964,16081,59.946188340807176,848,478,157.18591292080336,150.6711928309223,167.96627418897853,162.97054447743304,94.69664423534601,92.53766021700505,15.988284039493696
person_10.mp4,front,965,16098,59.946188340807176,848,478,153.2431285813065,150.03419119132573,166.32060666533818,163.36390019546283,93.04629152992466,91.93086180807914,15.615164342103297
person_10.mp4,front,966,16114,59.946188340807176,848,478,149.92419586032014,148.17906747763539,166.74580583535973,162.30663713976705,89.34123549944815,90.0768847865465,16.449877252999165
person_10.mp4,front,967,16131,59.946188340807176,848,478,149.0035586490252,147.55508268294332,166.18639472010503,161.75315571151637,89.06556013969971,89.82446672143607,16.819762761362494
person_10.mp4,front,968,16148,59.946188340807176,848,478,148.01304934844026,147.03849714785716,166.4884398844572,162.0294148383952,87.8716762534209,88.99601585488726,16.772992448720476
person_10.mp4,front,969,16164,59.946188340807176,848,478,144.94362128343195,146.8048612886796,165.33271629961004,161.64677226616837,86.11500525475877,88.87256912066222,16.436427609968394
person_10.mp4,front,970,16181,59.946188340807176,848,478,144.28575571847557,146.4368245577292,164.43337648324112,162.5978672757673,85.36906703132836,88.17520685933084,17.319540296263114
person_10.mp4,front,971,16198,59.946188340807176,848,478,144.14482089809513,146.92332967128132,163.20535695399172,162.15363430827583,85.15455280291701,88.04936166238747,18.118387582540723
person_10.mp4,front,972,16215,59.946188340807176,848,478,144.68719385592917,147.5653617412158,162.91756162421484,162.60386224794854,86.15634011553496,88.00802188971174,18.778268244538804
person_10.mp4,front,973,16231,59.946188340807176,848,478,145.15211191385805,147.4714233259047,162.76458423902656,162.82417431822677,86.4784805108591,87.60673345202427,18.858579792446722
person_10.mp4,front,974,16248,59.946188340807176,848,478,143.24921374478637,147.132770777132,162.84564955586603,162.20223561005588,85.46761054301214,87.69750185041624,18.967017629629375
person_10.mp4,front,975,16265,59.946188340807176,848,478,141.29988041993775,146.44118896101398,160.59440060539146,161.16014864810373,84.96632261583171,87.44701278020587,20.234213729725944
person_10.mp4,front,976,16281,59.946188340807176,848,478,142.12182003333737,146.8138073564335,161.05764281789178,161.55980857845037,85.16802272923464,87.77660172010587,20.21514866060007
person_10.mp4,front,977,16298,59.946188340807176,848,478,140.2218524293168,145.65135632161986,160.04172446062375,161.34631803763995,84.74310923515972,86.89116265222489,20.21770451875989
person_10.mp4,front,978,16315,59.946188340807176,848,478,140.95166832484387,145.28903234501735,159.75839076724947,160.15822795938638,84.3790600215752,86.80937388396198,20.76780614238788
person_10.mp4,front,979,16331,59.946188340807176,848,478,140.19839574657652,144.4665325094578,160.56376861233306,159.27081029659558,83.95854899354245,86.75077809238199,20.688495509548506
person_10.mp4,front,980,16348,59.946188340807176,848,478,138.59618410205408,143.11752365543776,161.0242025486413,159.06277292553102,82.82038949371672,86.00305561156027,20.766851189198235
person_10.mp4,front,981,16365,59.946188340807176,848,478,135.86930846354736,131.95381027821543,160.65251476368263,150.8153519445059,80.99430041851242,84.18874238701852,20.922268752668085
person_10.mp4,front,982,16381,59.946188340807176,848,478,134.74676532276058,126.11065411931455,161.7779573596098,144.84748230573595,79.62056616310726,83.76730181880015,20.967267487233798
person_10.mp4,front,983,16398,59.946188340807176,848,478,125.92562928001476,116.84630955688303,154.25459587260335,137.15201029531508,76.40086565940192,81.45004390781641,21.78980436922124
person_10.mp4,front,984,16415,59.946188340807176,848,478,123.34897406885386,115.73502334207919,152.33613866560424,136.68510347286414,76.05529700789553,80.57033018746769,21.981818136294176
person_10.mp4,front,985,16431,59.946188340807176,848,478,121.77794268520124,112.59696233246127,151.25855212536882,133.5367663283756,75.41660491944742,81.40315563330739,21.876957860204588
person_10.mp4,front,986,16448,59.946188340807176,848,478,123.52888240928964,114.15624644108249,151.4997949668606,136.27521945999356,79.82094420888775,82.47189190565457,20.704291290949328
person_10.mp4,front,987,16465,59.946188340807176,848,478,120.01908454136868,110.50500208598912,147.91959966530496,135.32983833060945,80.52863636279932,81.4646589771663,19.761075878702194
person_10.mp4,front,988,16481,59.946188340807176,848,478,116.31567042530723,105.05261619623886,145.15244602722458,130.6362028732205,78.61680219813307,80.50759485087224,19.918785572816272
person_10.mp4,front,989,16498,59.946188340807176,848,478,117.52136023962716,103.11553234005524,144.2994907976084,127.49546331300816,79.5603837220739,80.69054705281953,20.23311842365632
person_10.mp4,front,990,16515,59.946188340807176,848,478,107.4835258328822,98.8939404114804,134.20359414666459,122.55053371733152,75.84377021636952,77.61378338478153,23.472361961511996
person_10.mp4,front,991,16531,59.946188340807176,848,478,98.21507095749881,95.67104844569602,122.78445083043151,117.91841195868535,74.63552543486216,76.30130950422007,25.692046344529132
person_10.mp4,front,992,16548,59.946188340807176,848,478,89.19230686821756,92.94725531442178,117.718225551493,117.36727144306298,72.32292254438947,73.51997776397305,25.033931090011873
person_10.mp4,front,993,16565,59.946188340807176,848,478,75.69168477104027,80.95975057429045,106.19321158757411,108.88459894341234,66.38788080907771,67.51977819198416,27.07914148987811
person_10.mp4,front,994,16582,59.946188340807176,848,478,71.59829584612793,76.18336350561852,102.37018532022353,104.19109254534689,63.85337774506655,64.46169665698056,28.667252119445912
person_10.mp4,front,995,16598,59.946188340807176,848,478,65.06324794886812,69.91383784929202,95.81506489247288,98.00610739777022,61.201912621236815,60.853078671338416,30.391622740850558
person_10.mp4,front,996,16615,59.946188340807176,848,478,62.59661012426074,68.15444025147325,93.8131665935448,95.9661926099486,60.371273861857375,60.01401630029835,31.28422439853646
person_10.mp4,front,997,16632,59.946188340807176,848,478,59.68133821065557,64.33238179076413,91.75311760716126,93.67073019792433,58.88379643288182,58.5601627216058,31.50396912606325
person_10.mp4,front,998,16648,59.946188340807176,848,478,57.76279555872621,59.400071313789134,91.33431972455841,90.05319008534315,59.060049011591474,57.99506255929273,30.464311624549307
person_10.mp4,front,999,16665,59.946188340807176,848,478,57.57643633623904,58.79189018884495,88.99795097575503,88.54267377110857,58.862754020802036,58.13969477610279,32.08893118921355
person_10.mp4,front,1000,16682,59.946188340807176,848,478,57.337599226805146,57.67266705384174,87.12199066841912,85.81103879424232,58.4647721744342,57.74330519504203,34.43998639079875
person_10.mp4,front,1001,16698,59.946188340807176,848,478,54.934916802789765,54.30654685028665,85.51136600318743,82.04704365840956,57.655339393487516,56.854236845951846,35.396788187940686
person_10.mp4,front,1002,16715,59.946188340807176,848,478,53.69321284385201,51.60135988361864,81.78719870803681,76.60572663472387,56.08330769279023,55.58698344923475,37.466339757237435
person_10.mp4,front,1003,16732,59.946188340807176,848,478,54.097503513143835,52.91257350052525,83.22899884410833,79.72196566039072,56.883798044594606,57.109796089623664,35.84869048135351
person_10.mp4,front,1004,16748,59.946188340807176,848,478,53.477515058192175,51.38594627906824,84.04604351537435,79.26273155190432,56.71119730994038,56.730239813449714,34.725375634577574
person_10.mp4,front,1005,16765,59.946188340807176,848,478,52.59743582525561,50.03134483684283,82.63404986269727,78.37753831516608,56.46789163253237,56.84191529684746,34.450294516340605
person_10.mp4,front,1006,16782,59.946188340807176,848,478,52.02980382418298,50.10941422682622,82.17611069810646,78.57730868624402,56.62334704563315,57.31895105271205,34.29917722692185
person_10.mp4,front,1007,16798,59.946188340807176,848,478,53.78475730314174,50.797033382614664,85.19254669430705,82.7721905550911,58.68824038402871,59.56177505020027,31.248619134612326
person_10.mp4,front,1008,16815,59.946188340807176,848,478,52.560006375792234,50.03163746244621,85.59561691561169,83.95633527025343,58.10605817052555,59.1835007612039,29.49853954041264
person_10.mp4,front,1009,16832,59.946188340807176,848,478,48.271406848419154,46.49746752737016,76.59926786634456,74.87627633070528,54.70818597183607,55.571062987996534,36.576655152225285
person_10.mp4,front,1010,16848,59.946188340807176,848,478,47.6074377835976,46.694778423778835,76.28345807924693,74.3449950751771,55.134966146248246,56.33945726035605,36.28354532192138
person_10.mp4,front,1011,16865,59.946188340807176,848,478,47.12986652709098,46.66490873784415,75.88560478364239,74.56467959037433,55.40263649933781,56.55330837972707,36.56225921632032
person_10.mp4,front,1012,16882,59.946188340807176,848,478,47.789809137485875,46.75334751403086,74.61125854601322,73.61371191072855,57.2083644803895,58.4558992334908,36.29743007004388
person_10.mp4,front,1013,16898,59.946188340807176,848,478,47.983373113704346,46.93941459927783,73.33055005241307,72.07988672353642,57.097756945755954,58.34291788550542,37.243939522679035
person_10.mp4,front,1014,16915,59.946188340807176,848,478,46.6044253683391,46.05056479862518,72.29938951758074,71.52947881858691,56.466303653970904,57.9109206444753,37.85977932756556
person_10.mp4,front,1015,16932,59.946188340807176,848,478,45.992926471742656,45.403866147497276,68.59506154126397,67.71304083395657,56.16147823616817,57.72496288830231,41.0166093520185
person_10.mp4,front,1016,16949,59.946188340807176,848,478,44.36614176717802,43.975842660078506,66.26416004039056,65.44843876118281,55.06019029028951,56.54368866926925,42.641013204326455
person_10.mp4,front,1017,16965,59.946188340807176,848,478,45.68364108424666,45.04911426151402,67.37303109259275,66.23155024888452,56.49544133263359,57.74829580943576,41.977592431144416
person_10.mp4,front,1018,16982,59.946188340807176,848,478,45.938234250726616,44.57204178422708,67.30378174268614,65.92755838114603,56.85642064043742,57.98401039397179,41.81670423884658
person_10.mp4,front,1019,16999,59.946188340807176,848,478,45.86171964579445,44.175601806720174,67.6760092890881,66.02073512951893,57.32716559878135,58.4319139596275,41.46750387593574
person_10.mp4,front,1020,17015,59.946188340807176,848,478,45.81123480835335,44.869525709084286,66.80357758437263,66.42210542950951,58.17228937231406,59.177786235790045,41.061602551328036
person_10.mp4,front,1021,17032,59.946188340807176,848,478,44.34929530687569,42.79270124765734,66.2556875141681,64.88368789983733,57.63966455315852,58.139128798980295,41.777917070639184
person_10.mp4,front,1022,17049,59.946188340807176,848,478,45.247352733962664,43.502072860973364,67.09191450381796,65.17484093645545,58.86725089132759,59.73100276465542,41.16338192145414
person_10.mp4,front,1023,17065,59.946188340807176,848,478,45.2032521187366,43.333683903062486,68.34627816511187,66.60469910566968,58.81505827842673,59.00620942476058,40.08934105973101
person_10.mp4,front,1024,17082,59.946188340807176,848,478,46.73149693270687,43.784279877961296,69.7805164202071,67.86180702045297,60.58670686792304,60.294787037061646,38.805982234809726
person_10.mp4,front,1025,17099,59.946188340807176,848,478,46.54748737329751,43.69200731248015,68.54777074109812,67.44596374113657,60.50082416084158,60.25321126239807,39.574030978913385
person_10.mp4,front,1026,17115,59.946188340807176,848,478,46.44252333469907,43.48254845457427,66.9204740635208,66.24546593940948,60.38436607644423,61.29333584086577,41.00432597515816
person_10.mp4,front,1027,17132,59.946188340807176,848,478,46.18669110483916,43.52344479898617,62.48277563184603,62.59824382196661,59.52718317539326,61.2800958044731,44.639751650011895
person_10.mp4,front,1028,17149,59.946188340807176,848,478,45.20001278864766,42.931941063494655,62.0924257391877,62.70776882874647,59.1589959077562,61.06135589393994,44.275989272646605
person_10.mp4,front,1029,17165,59.946188340807176,848,478,44.693909061136004,42.29333364161881,60.22477904248296,61.0054804384053,58.84726305400226,60.89790840168701,45.734327247755104
person_10.mp4,front,1030,17182,59.946188340807176,848,478,44.86188752935934,43.56861909104912,61.73543694490175,62.21921395579265,59.19892463235227,61.74230992377007,44.67766667678819
person_10.mp4,front,1031,17199,59.946188340807176,848,478,44.44374398774166,43.47970074725311,61.55448439123802,61.29458351403582,58.87531925083991,61.50729666038722,45.176652045614226
person_10.mp4,front,1032,17215,59.946188340807176,848,478,45.411084939245825,43.364312781227966,61.44320046896233,61.597441668174035,60.0452654135283,62.04854798284443,44.82014460630363
person_10.mp4,front,1033,17232,59.946188340807176,848,478,45.05039401907021,43.178324248458125,61.665262422805434,61.80613240580661,59.86903696828974,63.27661300608531,44.46425309873208
person_10.mp4,front,1034,17249,59.946188340807176,848,478,45.35581479600915,43.07675009829566,61.58294797065787,61.27884146939631,60.23065627921193,62.78769459182851,44.56767943753655
person_10.mp4,front,1035,17265,59.946188340807176,848,478,44.7080166635698,42.57438750916267,60.56470813735544,60.0817876156169,59.85692581476781,62.224348169442,45.45152613443576
person_10.mp4,front,1036,17282,59.946188340807176,848,478,44.4254852142494,42.14294346544883,60.66468197261093,60.45855163513431,59.41454080498164,63.519704212174666,45.154553721992855
person_10.mp4,front,1037,17299,59.946188340807176,848,478,44.64805372381218,41.66549008870288,60.602541440343565,60.68282703212348,60.81366943754986,63.422201650080645,44.8478617578983
person_10.mp4,front,1038,17316,59.946188340807176,848,478,44.87074433552609,41.65863085482577,60.65129086162508,60.97446394274876,61.53262522882265,63.74701847060728,44.550799748091464
person_10.mp4,front,1039,17332,59.946188340807176,848,478,42.328595882140235,40.330488652381824,55.78900493399062,55.85480331661602,58.545109771314465,59.77341597826114,48.79306633035595
person_10.mp4,front,1040,17349,59.946188340807176,848,478,43.120318020045495,40.6567295777596,57.00561161344907,57.47940058029895,59.81842353284115,58.96015760074872,47.659680203775935
person_10.mp4,front,1041,17366,59.946188340807176,848,478,43.5152155705922,42.137298621922035,57.413836926724635,57.54537769293892,59.70500675913319,60.32785284569007,47.052803751908726
person_10.mp4,front,1042,17382,59.946188340807176,848,478,43.50429888287083,41.75267341668411,58.755619834160576,58.347522546655235,60.131978362127036,59.363786097758606,46.03081496264548
person_10.mp4,front,1043,17399,59.946188340807176,848,478,41.83339623078338,40.645144009736185,54.18771374255959,54.051113751367026,58.1234969080657,58.37693094923612,50.10496673140184
person_10.mp4,front,1044,17416,59.946188340807176,848,478,42.743346844542856,41.0327900161936,55.276231152554594,55.570304392967856,59.484596835861545,60.07655552533244,48.9324934862222
person_10.mp4,front,1045,17432,59.946188340807176,848,478,43.42110439988693,41.44128170270781,57.25716148925554,57.0193874120928,60.631516603809004,61.01369882026258,47.26530426320489
person_10.mp4,front,1046,17449,59.946188340807176,848,478,43.199802339548455,41.56734448033189,56.79580295974146,57.19290033978703,60.25693310786191,60.75041393882938,47.458945695339565
person_10.mp4,front,1047,17466,59.946188340807176,848,478,42.255434135045576,40.72873846171821,57.544556080607386,57.61317178503019,60.57216110390258,61.25755168870579,46.90072560358667
person_10.mp4,front,1048,17482,59.946188340807176,848,478,42.270789188527864,41.0944093620501,57.62213811259722,57.89486261801983,60.758410502072195,61.60221644925456,46.73900296703992
person_10.mp4,front,1049,17499,59.946188340807176,848,478,42.1865868645742,41.33019862393447,57.71375707819534,58.22971446404118,60.56941558778175,61.070354137105845,46.50121019978055
person_10.mp4,front,1050,17516,59.946188340807176,848,478,42.590089060441535,41.828092133559174,57.6535079025368,57.95483821664822,59.87453184366235,60.325998070170535,46.57970999420789
person_10.mp4,front,1051,17532,59.946188340807176,848,478,42.96402957372389,41.88420569338269,57.637976469337,58.06860457373825,60.00107586788405,60.6366119607354,46.65990005987021
person_10.mp4,front,1052,17549,59.946188340807176,848,478,43.11596481152239,41.72599461711113,57.17832123147227,57.69197164537483,59.94794962733554,60.04485973465933,47.19336733648202
person_10.mp4,front,1053,17566,59.946188340807176,848,478,44.090648716594984,41.879406952355055,57.6359659108133,58.26219423782347,60.30733041883304,60.21713198788097,46.98004570947692
person_10.mp4,front,1054,17582,59.946188340807176,848,478,44.46253466391973,41.926795480671004,57.96347683689451,58.704478551529796,60.245103191289864,60.67299114651842,46.9241250911426
person_10.mp4,front,1055,17599,59.946188340807176,848,478,44.70632690870202,42.1325322514631,58.924182955523634,59.207382116009,60.635968190784354,61.03505017795374,46.78562236718111
person_10.mp4,front,1056,17616,59.946188340807176,848,478,44.94484922219995,42.30046016098211,59.68120223792297,59.770746929251715,60.63604510351655,61.324966463266755,46.30231451613936
person_10.mp4,front,1057,17632,59.946188340807176,848,478,45.051142716621165,42.150499910801145,59.307417825240805,59.09098881220202,60.20012310850045,61.15573396926554,47.278458226720986
person_10.mp4,front,1058,17649,59.946188340807176,848,478,45.44928267823039,42.01789534649766,59.03844645268995,58.38345460550853,60.73331170982135,61.3502455904471,47.82758414353945
person_10.mp4,front,1059,17666,59.946188340807176,848,478,46.85634359985133,43.517115093708945,62.678049901148825,62.302950753919994,61.536080996598166,62.40091071256147,44.737230545092935
person_10.mp4,front,1060,17683,59.946188340807176,848,478,46.884066830595266,43.88144470963333,63.15240783172902,63.12033069550216,61.226970605854866,62.082905869031805,44.312432628873324
person_10.mp4,front,1061,17699,59.946188340807176,848,478,48.0313501514741,44.62574836626986,67.22486530759491,67.48656882761762,61.793329768075466,61.99879480122141,40.30098254211494
person_10.mp4,front,1062,17716,59.946188340807176,848,478,48.446386115929954,45.20039227533381,66.83006343145978,66.63457808736221,61.19457285149423,61.11960611959562,41.00259197092506
person_10.mp4,front,1063,17733,59.946188340807176,848,478,49.07102026322727,46.245994959398175,68.25856199067819,68.37020251515511,61.591879746932975,62.264232255539135,39.856130792466544
person_10.mp4,front,1064,17749,59.946188340807176,848,478,49.180062834665875,46.34956015133479,67.61876291992108,67.46458827853931,61.347818720838674,60.47297993160383,40.82822912777958
person_10.mp4,front,1065,17766,59.946188340807176,848,478,49.26048471707723,46.700776429754576,69.4902110467124,69.5342577149191,61.57327422614037,61.663079290838155,39.18550671849547
person_10.mp4,front,1066,17783,59.946188340807176,848,478,48.9152631708916,46.47711958800342,70.2024114679997,70.27134596617661,61.00045307126105,61.57290974453689,38.6817277098086
person_10.mp4,front,1067,17799,59.946188340807176,848,478,48.88781466952282,46.59720551835792,72.82720888879541,72.51164146409117,60.25529004204909,60.89375235398892,36.48060970812098
person_10.mp4,front,1068,17816,59.946188340807176,848,478,49.19818540404028,46.836942660530724,77.9289680581765,79.39878428603065,60.49557392241568,61.83365251688611,30.86567645940934
person_10.mp4,front,1069,17833,59.946188340807176,848,478,49.57022107814098,47.37693354904656,80.0997054373597,80.9814285746474,60.596816712896526,61.83355560783815,29.234163498825875
person_10.mp4,front,1070,17849,59.946188340807176,848,478,49.838935564853536,47.45418583425835,78.55594558836178,79.49867753423888,60.32428564300252,61.217611645638506,31.01928821809273
person_10.mp4,front,1071,17866,59.946188340807176,848,478,51.00566918626668,48.427358423957884,79.92463613151533,80.38325107760494,60.18251765867634,60.97806744262812,31.31493596486309
person_10.mp4,front,1072,17883,59.946188340807176,848,478,51.072012478700636,48.6206539428894,79.94079769161684,81.52909816409937,59.65612497298969,60.559815491672055,31.348193109551904
person_10.mp4,front,1073,17899,59.946188340807176,848,478,52.291692386545265,50.195935400272276,80.18706815603093,81.49581040795873,60.593055618174404,60.64081332376131,31.84392217651876
person_10.mp4,front,1074,17916,59.946188340807176,848,478,55.85681635362472,52.484044391210745,88.6981119698634,88.56638548566075,62.306752371095236,62.12632525228895,25.222636752671626
person_10.mp4,front,1075,17933,59.946188340807176,848,478,57.46447911875385,53.38503074773167,91.3043689871809,92.11092011735325,62.72565685341937,62.80883309685914,22.679307877190116
person_10.mp4,front,1076,17949,59.946188340807176,848,478,56.74741880317221,53.18108552766924,88.36901456169637,88.41044127685936,60.86492684997242,61.64774959740025,26.75251673502411
person_10.mp4,front,1077,17966,59.946188340807176,848,478,56.566517536422715,54.07947989202189,87.22312734496634,87.54345806155737,61.19616793533492,59.167021133427866,27.447256369882084
person_10.mp4,front,1078,17983,59.946188340807176,848,478,56.6171931548939,53.936080297177774,87.56033625724207,86.00484855033024,59.07379314161327,59.46241982447265,28.91815823357119
person_10.mp4,front,1079,17999,59.946188340807176,848,478,57.01035909769304,53.890086367838926,87.49235212686519,85.01119619738343,58.94624303958985,58.672155017021325,29.29327544327252
person_10.mp4,front,1080,18016,59.946188340807176,848,478,58.16301370911351,54.85118134489614,85.45330553374612,83.06931816128227,59.51513071478077,59.3956881516581,31.79004556657645
person_10.mp4,front,1081,18033,59.946188340807176,848,478,57.8810326990535,55.47409136554127,84.66658797200512,80.98184641686224,59.210014891112806,59.62455872799635,33.490038850340476
person_10.mp4,front,1082,18050,59.946188340807176,848,478,56.53710418732325,55.247820171050705,80.263531409224,76.33819981620543,57.109078123031175,57.418672577692384,38.389452900115394
person_10.mp4,front,1083,18066,59.946188340807176,848,478,57.317684739404115,55.605943229986146,79.79187013557733,73.77077647850417,56.425058913917965,57.12414966975333,40.81817607253645
person_10.mp4,front,1084,18083,59.946188340807176,848,478,57.53735003234569,55.233454330483916,80.19568613780123,73.9520498547175,54.49538860365961,54.601863894543165,42.667602555792584
person_10.mp4,front,1085,18100,59.946188340807176,848,478,61.20232749975893,58.82758076165372,82.36263751909804,75.6798384453689,57.252457243898654,59.73391123760893,41.76367280379012
person_10.mp4,front,1086,18116,59.946188340807176,848,478,67.5155199736862,66.62840319204726,86.83749564413118,80.57548786635923,59.051911360808475,61.0280287971092,41.55706374018183
person_10.mp4,front,1087,18133,59.946188340807176,848,478,73.29964467276726,72.72430040634754,91.89932880525504,88.28630172667815,61.67463713476372,63.800209814698334,39.34923685018775
person_10.mp4,front,1088,18150,59.946188340807176,848,478,84.00625872896336,83.0439790080224,110.26100002560744,106.12833600972479,67.59422491667625,70.14181397720785,26.936777613205233
person_10.mp4,front,1089,18166,59.946188340807176,848,478,93.66506627346871,89.682920265322,117.23683388643873,109.72415980554484,71.22204044707706,73.25808314353534,26.364203112713817
person_10.mp4,front,1090,18183,59.946188340807176,848,478,97.84119290105886,93.25755318908605,128.66435845057342,122.04430966427384,72.59840661386205,74.73167036834519,17.629677183686134
person_10.mp4,front,1091,18200,59.946188340807176,848,478,100.48782706221768,96.22815383126213,128.7459701242769,123.8647015010197,72.7489585644338,75.19276551949969,19.355815498307905
person_10.mp4,front,1092,18216,59.946188340807176,848,478,107.58072196027621,101.3378814839013,137.7516927749821,130.04836721341502,73.75124953867413,76.88398392354887,17.73641765886372
person_10.mp4,front,1093,18233,59.946188340807176,848,478,115.42275851017696,106.38976946236899,144.04891159897082,133.51126564997543,76.58830022893196,79.77391509975817,16.80758726357259
person_10.mp4,front,1094,18250,59.946188340807176,848,478,117.00769721487515,108.6360022232843,144.5249623757186,134.3744739848642,76.20696829004424,79.88466940578263,17.676630353494915
person_10.mp4,front,1095,18266,59.946188340807176,848,478,113.90976994018425,108.70090949713544,140.10558140010318,133.5986299776797,75.9229211450378,79.42410329006654,18.92696379731353
person_10.mp4,front,1096,18283,59.946188340807176,848,478,115.83881423701777,112.7089017098087,141.41205787386377,136.41771399814672,75.91919944741818,79.45542864890946,19.1749491502928
person_10.mp4,front,1097,18300,59.946188340807176,848,478,123.23765121363999,118.38548875047573,148.53020944866125,141.77041094764917,78.48381884670589,81.73176822476316,17.598208262933415
person_10.mp4,front,1098,18316,59.946188340807176,848,478,120.84369184345402,116.0472512013242,146.17516725229325,140.0478413541407,77.35747309834363,80.475141480447,18.612177706380486
person_10.mp4,front,1099,18333,59.946188340807176,848,478,121.3133057515197,115.02829197817174,147.56886189570344,140.04839183859164,75.4625635727535,78.7547864029983,19.635444898015216
person_10.mp4,front,1100,18350,59.946188340807176,848,478,121.95859566450127,118.92762903469679,149.91870937635636,144.12566569108526,74.94443715933276,78.50997724367934,19.82265401816182
person_10.mp4,front,1101,18366,59.946188340807176,848,478,129.60333989703798,126.7632818046979,154.17790591863744,149.56722492299318,79.32279544054326,81.59305541882027,18.97437316882944
person_10.mp4,front,1102,18383,59.946188340807176,848,478,132.71623191429552,132.2023839949331,156.73124617187446,154.41954788349423,80.27004864374955,83.04320970598495,18.052389113394327
person_10.mp4,front,1103,18400,59.946188340807176,848,478,130.0528949660913,129.07093132158593,154.18669391009564,151.53025093592143,79.5443176889946,82.33608651702707,18.622109544337142
person_10.mp4,front,1104,18417,59.946188340807176,848,478,131.87117914113037,134.32848483125625,154.95202215345188,156.7197442770658,80.6832727500993,82.14349924768194,18.528263973456777
person_10.mp4,front,1105,18433,59.946188340807176,848,478,132.5041739534932,137.04298207903565,154.90452035261873,158.47048024943268,81.19949327849572,82.9678191732396,18.61293963586389
person_10.mp4,front,1106,18450,59.946188340807176,848,478,134.28897564796415,139.54764470389733,155.19301543432692,159.85336300723617,82.31730067962258,83.8511873955651,18.537735288999002
person_10.mp4,front,1107,18467,59.946188340807176,848,478,141.805459201035,143.8617820372476,159.9813048130464,161.36688169128092,86.00824971571453,86.83729296877729,17.295617837917927
person_10.mp4,front,1108,18483,59.946188340807176,848,478,139.7581556684884,143.50697832525938,159.16366811457064,161.21987131014893,84.83893360581335,85.96420179413984,17.208986443631083
person_10.mp4,front,1109,18500,59.946188340807176,848,478,142.34801695234663,144.70030633192366,161.80460028666528,161.5265220141983,86.07513408138992,86.74707405045801,16.273525600223333
person_10.mp4,front,1110,18517,59.946188340807176,848,478,144.63556464386022,148.09477375356636,162.5159075169703,163.8897724851821,87.48153707286134,88.53098805619425,15.82727130520547
person_10.mp4,front,1111,18533,59.946188340807176,848,478,144.5502504609995,148.5166182885447,162.19466520352995,164.27329812278847,87.39299246443841,88.58722480161335,15.783997226130047
person_10.mp4,front,1112,18550,59.946188340807176,848,478,149.68568168675512,149.82919375054382,164.9436766659247,164.51839623706667,89.854710429052,89.8775731108261,15.538840048770307
person_10.mp4,front,1113,18567,59.946188340807176,848,478,150.4788236500699,150.35994376219455,165.16812985473808,164.68311512124956,90.13238158428814,90.28208741610601,15.57736400171618
