video,view,frame,timestamp_ms,fps,frame_width,frame_height,left_knee_angle_deg,right_knee_angle_deg,left_hip_angle_deg,right_hip_angle_deg,left_ankle_angle_deg,right_ankle_angle_deg,trunk_angle_deg
person_20.mp4,front,0,0,59.49876369275283,848,478,145.32517784613026,149.82858298232676,175.40297516081299,172.3744074120469,89.13047656010619,81.49132586812237,2.044290258534698
person_20.mp4,front,1,17,59.49876369275283,848,478,146.23241401007323,148.06097080164986,175.50536241681192,171.57643840475427,88.51329753061397,82.13454819717052,4.976523496513636
person_20.mp4,front,2,34,59.49876369275283,848,478,147.69001848972408,149.27331541342312,174.82804213161813,172.1077765731184,90.91731573874905,85.55529633082892,6.085174400577107
person_20.mp4,front,3,50,59.49876369275283,848,478,146.57611134993024,148.61690770466856,173.57170874321108,172.757923988645,90.79273623705592,89.17653514609852,8.15804176674054
person_20.mp4,front,4,67,59.49876369275283,848,478,145.78790216074486,147.7733358528985,173.419256734034,172.26865092404822,90.82383030443538,89.02277902558156,9.198176344181073
person_20.mp4,front,5,84,59.49876369275283,848,478,145.77481894071786,147.97849050825735,173.7666482195617,171.95544545690984,90.9344438680438,88.98510956134079,9.028092804642286
person_20.mp4,front,6,101,59.49876369275283,848,478,146.78695550294907,149.32806910019937,173.34565079549927,172.1630270320236,91.96045893395697,90.74654072118632,9.070343843197888
person_20.mp4,front,7,118,59.49876369275283,848,478,146.43571049331675,148.6693911319088,174.58927513610467,172.5206843399995,91.94307170082841,90.0524919326147,7.848685783386071
person_20.mp4,front,8,134,59.49876369275283,848,478,145.97835899544145,147.7671566864519,174.9206247710299,172.28233285891912,91.80023697578697,88.9237064899794,7.8195572890287615
person_20.mp4,front,9,151,59.49876369275283,848,478,146.12175577370078,148.51781027122067,174.60289063596738,172.42811814481337,92.00471212825157,89.88389897011852,7.922542380286636
person_20.mp4,front,10,168,59.49876369275283,848,478,147.0226662858262,149.59312239813508,174.33711282001525,172.52770508202244,92.69321294070104,91.50052859013061,7.820120011614641
person_20.mp4,front,11,185,59.49876369275283,848,478,147.6028212382249,149.87068189047648,173.7812489356878,172.0859427833087,93.07889659328887,91.67917194170154,8.529228528564794
person_20.mp4,front,12,202,59.49876369275283,848,478,148.5701235416664,150.73574763448985,173.87960594452994,172.11439222638776,93.78655669872467,92.38181563425515,8.054529347181727
person_20.mp4,front,13,218,59.49876369275283,848,478,148.4226158784639,150.68467989851632,174.4292091079703,172.46959606179402,93.7910351409501,93.2752623735662,7.752729584656564
person_20.mp4,front,14,235,59.49876369275283,848,478,148.51472148074342,149.92241065476622,174.70360805493254,172.42539030034533,94.1673043660179,92.51113110425428,7.526801406436293
person_20.mp4,front,15,252,59.49876369275283,848,478,149.0736745253993,152.76980642178003,178.30040903135102,172.35791201763652,94.46723607104367,93.58361947240464,2.6788600536704803
person_20.mp4,front,16,269,59.49876369275283,848,478,147.2146637972709,152.17126304096874,178.46851400139985,172.48246798419956,93.44213853423187,93.17453682367591,3.477592225296127
person_20.mp4,front,17,286,59.49876369275283,848,478,146.9138607639036,151.86365342194742,178.50572262189536,172.46586546860465,93.13442669197946,92.829882593224,3.5883889700498863
person_20.mp4,front,18,303,59.49876369275283,848,478,146.77109473759563,150.8518261834934,178.4967182789516,172.43361216189822,93.31911928996831,92.23873232896405,3.8031045589151242
person_20.mp4,front,19,319,59.49876369275283,848,478,146.30826843328083,149.29642797368817,177.8131883977227,172.34309964343547,92.79355256224193,91.2204517929099,4.787217824937617
person_20.mp4,front,20,336,59.49876369275283,848,478,144.59013713504405,145.83672735641983,178.18884868679504,171.76218722766052,91.20642930747512,87.67666867184842,2.818419698796515
person_20.mp4,front,21,353,59.49876369275283,848,478,143.9399912131114,146.33670997598298,178.20815294042336,172.33054237764955,90.74050957587198,87.85071431778925,5.047674251416944
person_20.mp4,front,22,370,59.49876369275283,848,478,143.1428741346169,146.02082265827335,174.33870772982306,170.5114537484593,89.74206636837049,86.2431254580461,2.8272169025020126
person_20.mp4,front,23,387,59.49876369275283,848,478,141.86294488600475,145.00461765249023,173.83054244539355,171.00252842951585,88.36713219550813,84.03888964454475,3.39035483623259
person_20.mp4,front,24,403,59.49876369275283,848,478,140.5335907467944,145.07361232811402,174.17245454594072,171.19850891420842,86.94237822260625,83.2617008455413,3.4769786782078342
person_20.mp4,front,25,420,59.49876369275283,848,478,140.63896641520466,145.8128128361922,175.57176066315694,171.85146938203064,86.96510918381179,83.70714727372413,2.5768322463910955
person_20.mp4,front,26,437,59.49876369275283,848,478,140.85142873216574,146.25100811991163,174.75438080581193,171.55910457472177,87.20793579201315,83.73099044416261,3.3399245077055135
person_20.mp4,front,27,454,59.49876369275283,848,478,140.52796717532848,146.061246303612,172.597678390985,171.3476384961607,87.25893582165713,83.33392154666748,4.5175602105794175
person_20.mp4,front,28,471,59.49876369275283,848,478,139.449804979524,145.36411750072,172.2381056318062,171.3672337796736,86.6431134226928,82.06984472118425,4.516540069703674
person_20.mp4,front,29,487,59.49876369275283,848,478,137.88889351675468,143.9809322720747,167.27057508448536,170.30170274107644,85.14057187360355,79.85989580104443,8.172822358464506
person_20.mp4,front,30,504,59.49876369275283,848,478,138.08239766460164,144.80781102941376,168.60505524668588,171.49756384400203,84.61739138235642,80.5729161659616,6.5738324128619565
person_20.mp4,front,31,521,59.49876369275283,848,478,138.12122371120904,146.60336349566631,169.00925562195985,172.53370306142506,84.22089668278431,81.6355851670032,5.650866376516717
person_20.mp4,front,32,538,59.49876369275283,848,478,137.72620859302498,146.51596674315113,167.2641911789115,172.9845728216476,83.68345809238781,80.33763845772282,6.657375637163241
person_20.mp4,front,33,555,59.49876369275283,848,478,137.95343824941025,147.4917170005618,167.9637133543311,172.9700116752171,83.68552495981722,81.56201778596487,6.119478031053747
person_20.mp4,front,34,571,59.49876369275283,848,478,138.36656085449323,147.61446354223816,168.44570147435562,173.261655807563,84.04954863865697,81.62983105476425,5.613089046267417
person_20.mp4,front,35,588,59.49876369275283,848,478,138.7524501174887,148.31495746754598,166.99309684936182,173.19007869112363,84.3412461917185,82.47536978148891,7.011010766963138
person_20.mp4,front,36,605,59.49876369275283,848,478,138.918663696765,148.80088822701683,168.7725855481801,173.6092216898377,84.36544821607201,82.8696140230996,5.368264359947573
person_20.mp4,front,37,622,59.49876369275283,848,478,139.34830424506325,148.70355357462964,167.3506061084959,173.40782525368292,84.57586169845335,82.64228866403153,6.567448320418276
person_20.mp4,front,38,639,59.49876369275283,848,478,146.86592759349233,153.6360441121581,170.0072022201954,173.29827716523963,90.1500411146783,87.42125295144119,6.407900026523309
person_20.mp4,front,39,655,59.49876369275283,848,478,144.92440501452242,152.60166457985954,167.71625450495705,172.59661904218794,91.91246542356757,89.15367426470273,5.78963681178364
person_20.mp4,front,40,672,59.49876369275283,848,478,140.57084170775704,145.49994408950639,148.58143988453344,162.03423450531074,105.70033350556461,96.20716951197258,2.8477101299965057
person_20.mp4,front,41,689,59.49876369275283,848,478,139.17562028103035,144.01725062366904,153.9669978103932,162.4375282953445,103.99861366428098,99.22019700147342,1.4076704476657091
person_20.mp4,front,42,706,59.49876369275283,848,478,134.3186751095571,133.21350759508275,155.58250423418556,160.721073655162,104.85197717551826,98.03383447298705,9.74816369855344
person_20.mp4,front,43,723,59.49876369275283,848,478,128.2803393330718,129.80806853002716,149.24392015759906,151.68728231984275,104.62551038536738,98.35442693622814,6.3034149952575955
person_20.mp4,front,44,740,59.49876369275283,848,478,130.83348958816214,128.10260943599758,145.20290080832498,147.3562189991003,117.78332103239303,110.90909515871635,17.080969850165374
person_20.mp4,front,45,756,59.49876369275283,848,478,121.84750845641601,118.51107911048466,141.9727208193789,143.02749092082485,109.4630960685631,103.12685457165414,13.751504110537867
person_20.mp4,front,46,773,59.49876369275283,848,478,119.57099117851988,117.97271888773457,135.28123884962656,134.8844611800129,110.17394892068783,104.70098782293611,10.115172928723922
person_20.mp4,front,47,790,59.49876369275283,848,478,108.38047303551811,107.52219510505597,115.95559114176339,120.13827380447009,102.82671820096,99.03012146041607,2.56233023680061
person_20.mp4,front,48,807,59.49876369275283,848,478,103.31158469802799,103.19010813169677,105.18186904720504,108.94701203141967,100.87576705433634,97.995735361522,9.756096234607169
person_20.mp4,front,49,824,59.49876369275283,848,478,118.03646068621977,115.04208900146958,124.56280664038239,126.04424697493448,117.82229875410496,114.34546923056199,13.534945379293932
person_20.mp4,front,50,840,59.49876369275283,848,478,106.58327213040369,104.27232701659734,110.6433900720694,116.46339360749931,107.11762153765922,103.58925193836305,1.1377975193711298
person_20.mp4,front,51,857,59.49876369275283,848,478,112.01823929279557,110.89226064950293,119.71396777010314,122.17826588217648,114.58340422866654,112.11081941749714,10.910869554510812
person_20.mp4,front,52,874,59.49876369275283,848,478,102.01268905997779,102.75838529723237,106.73123149115021,112.51460167574767,106.56744901426941,106.02446305797724,1.8513386854850682
person_20.mp4,front,53,891,59.49876369275283,848,478,115.44322448639242,113.81454189795792,123.46006164938521,126.20007996876369,118.72641644253166,115.90608531391538,15.519729435829063
person_20.mp4,front,54,908,59.49876369275283,848,478,91.37846048396584,88.03258101325626,96.18979336782898,98.93125423030132,97.133984774322,94.06671819387695,8.639162634757614
person_20.mp4,front,55,924,59.49876369275283,848,478,101.71817069904527,97.3452215308883,102.32815199583273,101.35907365136141,106.54503686659471,102.9024354261668,4.958138448945904
person_20.mp4,front,56,941,59.49876369275283,848,478,105.76481763527417,99.03760087345451,112.38760893250286,113.13505987355822,110.50646280038916,105.44512661704208,6.188846667208917
person_20.mp4,front,57,958,59.49876369275283,848,478,91.02391029597996,85.75226576924781,93.50731610306418,94.06889798394215,97.2953441931639,93.84125768293914,11.3789684236756
person_20.mp4,front,58,975,59.49876369275283,848,478,83.42213160756013,80.28504820258387,84.09510745363089,84.18342003403971,91.10191581951194,90.01738253495976,19.64490198012981
person_20.mp4,front,59,992,59.49876369275283,848,478,82.19125665226036,79.84094820622107,78.05624017013582,77.41718150507525,89.70312117583055,90.05989752436209,26.14580647624804
person_20.mp4,front,60,1008,59.49876369275283,848,478,77.6250848318007,72.51090048655479,75.38420555498115,73.41894970755195,85.15073708823385,84.04254392593182,29.284375110831537
person_20.mp4,front,61,1025,59.49876369275283,848,478,73.71126051190997,70.5158265663617,71.37084563008369,68.19295016395715,82.58396768297911,81.28649373072977,33.95750766663713
person_20.mp4,front,62,1042,59.49876369275283,848,478,67.95694839110365,66.44541235307062,68.87191455082424,65.96390856019408,77.3740483571286,78.98601616891294,36.81770613761829
person_20.mp4,front,63,1059,59.49876369275283,848,478,68.03037112821124,66.89699774067991,66.41080646716927,64.02136017245424,77.41010705400753,79.31133530877293,39.148544269236034
person_20.mp4,front,64,1076,59.49876369275283,848,478,69.1098694373887,66.92595767644781,71.60460927720932,68.7295352991046,78.70799990139476,80.23482394372829,33.80697070395997
person_20.mp4,front,65,1092,59.49876369275283,848,478,64.96182880457637,64.23041558441632,63.565559723376715,60.80800953732522,75.52048115550967,77.6291218863002,42.0969334165981
person_20.mp4,front,66,1109,59.49876369275283,848,478,63.580532277742506,63.178792685940046,61.11778837438449,59.60336022410711,74.17667905084413,75.76939054140804,43.34918606664105
person_20.mp4,front,67,1126,59.49876369275283,848,478,62.15239318854724,62.23593456841148,59.24472843049375,58.31305275598848,73.1234876253589,74.63780931764256,44.270037143067135
person_20.mp4,front,68,1143,59.49876369275283,848,478,62.687490650064916,62.86056522013342,55.997127368460575,55.99325552538698,73.77790582028113,75.18074668781854,46.90285873165922
person_20.mp4,front,69,1160,59.49876369275283,848,478,62.7119578380697,62.43526684138253,54.878403198052084,55.4822993249067,73.42670890376857,73.80704802978818,47.83262576608626
person_20.mp4,front,70,1176,59.49876369275283,848,478,62.09069386870375,61.36205255396017,53.223317273654345,54.25900024969189,72.66468474198449,72.8074868774319,49.61576316214827
person_20.mp4,front,71,1193,59.49876369275283,848,478,62.69395165063021,63.02609211733559,53.958877220556275,55.025429764684056,72.08159210568768,74.1534882769814,48.65430633961511
person_20.mp4,front,72,1210,59.49876369275283,848,478,62.299993673279054,62.92495448749863,53.64714948588117,55.13838990753867,72.16003409573972,74.8090902081881,48.27084621230509
person_20.mp4,front,73,1227,59.49876369275283,848,478,61.59471281974688,60.67930757787872,52.495102079669266,53.70621847162793,72.15686535550019,73.4684635260059,49.81436964189407
person_20.mp4,front,74,1244,59.49876369275283,848,478,61.768026831904564,61.48586985670054,49.425226970903104,50.12798346806812,71.61545810262885,73.53134212582006,52.99048216173711
person_20.mp4,front,75,1261,59.49876369275283,848,478,60.16533787992654,60.55998714242079,50.28516268020053,51.28042007973448,70.47910741379951,72.97877209606409,51.72992940279391
person_20.mp4,front,76,1277,59.49876369275283,848,478,58.28135687216417,59.16684742967267,48.196900418964056,48.95711312576431,68.26520061462485,71.11921697163785,54.18821184154113
person_20.mp4,front,77,1294,59.49876369275283,848,478,58.757355890925055,59.979578099882595,48.50085672493072,49.207625549998276,68.41894469499945,71.87484056109606,53.80152667846807
person_20.mp4,front,78,1311,59.49876369275283,848,478,58.69399606968254,59.283684637400974,46.4320927899349,46.95854566186417,68.29347262159493,71.1203279071118,56.04841174253954
person_20.mp4,front,79,1328,59.49876369275283,848,478,57.39233655951796,57.83870404764939,47.98769977932052,48.62388534358521,67.23628277295086,69.87248306642988,54.231600007717105
person_20.mp4,front,80,1345,59.49876369275283,848,478,57.77548461825623,58.08594861887071,48.2181662980486,48.72048229705388,67.13306008284339,69.90275707233978,54.15880943576881
person_20.mp4,front,81,1361,59.49876369275283,848,478,58.38658751078306,58.59147699518486,48.6953203602842,48.88788616330054,67.42213119675895,70.04182976355396,54.09476885600064
person_20.mp4,front,82,1378,59.49876369275283,848,478,57.0881490014161,58.064640967980296,47.663922314770836,47.792318062221426,66.06938005083401,68.7224850771264,55.078572197878266
person_20.mp4,front,83,1395,59.49876369275283,848,478,55.50974245316608,57.71683298353321,48.104371662310776,48.30477179010103,64.5059159782056,68.35376980520178,54.86942827881626
person_20.mp4,front,84,1412,59.49876369275283,848,478,56.31080476852667,58.333845266757876,48.266499050047464,48.78437419220457,64.95387691710886,68.93787826717953,54.70247361596701
person_20.mp4,front,85,1429,59.49876369275283,848,478,57.87042940658724,60.04436302717802,49.95134284873302,50.55965534125726,65.69654104220929,70.13961011944949,53.03159074966881
person_20.mp4,front,86,1445,59.49876369275283,848,478,59.59864207751343,61.18224278263812,49.49758115598683,49.785656470058036,66.81766878262289,70.73022995580885,53.37002242312721
person_20.mp4,front,87,1462,59.49876369275283,848,478,60.93193719231076,61.915899670406674,50.81449725835563,51.228892969688644,68.12969051910154,71.36398582568484,52.248804584056344
person_20.mp4,front,88,1479,59.49876369275283,848,478,61.33704679531372,61.621786516947445,53.51340545480755,54.42989855510271,68.25080117220418,70.81537273699985,49.726298411242084
person_20.mp4,front,89,1496,59.49876369275283,848,478,67.16090374187787,65.99675119848186,54.98482381342631,56.143922392763514,72.60179748921851,74.09652747772519,48.51550972306646
person_20.mp4,front,90,1513,59.49876369275283,848,478,72.8737996217045,71.70928439190178,67.85378160509971,69.79232034324069,79.00339179219898,81.11862813908482,34.68586198373807
person_20.mp4,front,91,1529,59.49876369275283,848,478,72.93663104211946,75.1512077145094,66.83124170312563,64.98796310521286,78.01617061311077,83.30444021105318,39.32107445607027
person_20.mp4,front,92,1546,59.49876369275283,848,478,76.53237186810573,75.61881291317438,74.92469519859839,77.05761633805471,81.80911960603706,84.22104966902292,28.314505222984828
person_20.mp4,front,93,1563,59.49876369275283,848,478,80.81008400443802,77.4423069570608,70.40535258634253,71.66714206919538,86.06402263560157,84.87734424796271,34.51453647158141
person_20.mp4,front,94,1580,59.49876369275283,848,478,77.43624598020692,73.96071333605272,74.76418064141585,75.92733984200694,81.39250209538969,81.15678326406898,30.636103277631936
person_20.mp4,front,95,1597,59.49876369275283,848,478,77.90047116052133,74.78271998418543,75.55229241936037,76.07752546612443,81.66780266484133,81.72246438931109,30.966490562219235
person_20.mp4,front,96,1613,59.49876369275283,848,478,77.77648211221876,78.26842351281886,73.89226099807377,74.73824279868167,80.38453960699051,84.02907540286986,33.60102539781656
person_20.mp4,front,97,1630,59.49876369275283,848,478,78.24148216866315,78.60107201640011,76.93033827145861,77.15322573302396,80.24315574321427,83.33903589624062,31.18790278346797
person_20.mp4,front,98,1647,59.49876369275283,848,478,80.36186041547849,79.11481992828753,77.90953000456093,77.24317816666081,81.60770112670554,82.8440721985755,31.39390313985811
person_20.mp4,front,99,1664,59.49876369275283,848,478,79.32072754038468,79.32331884683511,80.43404455320483,81.79912031904807,80.08231020961823,81.93488430018469,29.25452911167039
person_20.mp4,front,100,1681,59.49876369275283,848,478,84.63343416426467,84.940165219946,81.30477939583417,82.26437343165553,83.62246906767484,85.49706055783022,29.951740405045584
person_20.mp4,front,101,1698,59.49876369275283,848,478,93.7875390140785,93.79980355729833,87.62140203423787,89.13494858613676,90.97258010608581,91.73357936905555,25.439911900276705
person_20.mp4,front,102,1714,59.49876369275283,848,478,100.1979387092767,97.72429003724942,95.7618217598092,97.92516285527027,93.75596560932252,91.69546118245107,21.267719456796275
person_20.mp4,front,103,1731,59.49876369275283,848,478,112.46753489699995,109.48325242897326,107.15100656544178,114.21271904180918,100.2842669038576,92.02725871794259,16.888419773327666
person_20.mp4,front,104,1748,59.49876369275283,848,478,111.74237270595351,107.44572628874833,106.94438529704013,112.9831483780211,98.77404727354079,89.62725611618342,18.05960091517251
person_20.mp4,front,105,1765,59.49876369275283,848,478,111.10801586303609,111.1154865440987,107.67918845988257,119.54366864938845,99.3236946393453,88.05486913460383,16.50201884069621
person_20.mp4,front,106,1782,59.49876369275283,848,478,108.73158102862978,128.76140222337176,113.43251893275828,145.16799576360594,91.16434450914282,75.8878900309774,21.17604672943733
person_20.mp4,front,107,1798,59.49876369275283,848,478,95.33488114845666,112.28861498556755,103.09667317198688,120.1023248411478,87.13004154508116,83.40622143647072,21.622674911559333
person_20.mp4,front,108,1815,59.49876369275283,848,478,108.82618040625128,142.075649114125,120.43639344370231,161.35850902020195,81.10987253240744,73.37192532167155,25.232930853482106
person_20.mp4,front,109,1832,59.49876369275283,848,478,112.49884970951798,145.18649191683622,125.98281082383834,165.34795527618712,78.0513740609227,72.19128076870889,26.60052143819156
person_20.mp4,front,110,1849,59.49876369275283,848,478,115.50382792271263,142.06280586454815,128.06749347322722,161.6448186408198,78.22871055981207,71.64762808172807,26.85021174800226
person_20.mp4,front,111,1866,59.49876369275283,848,478,122.09544757868511,142.38268074811057,138.0167418959259,165.97094084787972,80.87092484878906,72.83752829834297,21.32109367127534
person_20.mp4,front,112,1882,59.49876369275283,848,478,126.71556607539239,139.5566821270882,148.76239235624558,167.0436797399703,81.97615988137838,74.25297772723113,15.108911894331927
person_20.mp4,front,113,1899,59.49876369275283,848,478,136.29595200093064,144.3497134087349,158.25780641304047,172.95186907438529,77.81671898925211,72.09829194209438,18.609361220601635
person_20.mp4,front,114,1916,59.49876369275283,848,478,134.17135535624814,142.69659568426752,154.9943563290029,171.29828667830427,77.41629813262547,71.25074247631932,20.046901829458818
person_20.mp4,front,115,1933,59.49876369275283,848,478,135.82692513557274,143.5835355298236,158.2697376471947,171.58124951335648,76.7961083880885,71.7212139764472,20.145452727020064
person_20.mp4,front,116,1950,59.49876369275283,848,478,138.76724588365337,146.85347323180568,157.98670877017977,174.14763093475676,79.20313492848207,71.8852851258809,20.444601144712454
person_20.mp4,front,117,1966,59.49876369275283,848,478,137.51547866992806,147.07291879020215,154.27621720979147,173.57953028150845,82.20115116363374,73.41615128737538,19.787204232393847
person_20.mp4,front,118,1983,59.49876369275283,848,478,136.5154381255503,145.07024446110344,154.72369793350194,171.14291057724756,83.46725375391311,74.27628810036232,17.439899200742218
person_20.mp4,front,119,2000,59.49876369275283,848,478,137.4125430099493,143.52177029417535,162.13547141504776,170.9660616826512,81.54457893100167,74.94200267348715,13.693247097069335
person_20.mp4,front,120,2017,59.49876369275283,848,478,136.0732087843888,141.93008969271642,164.4927066811905,171.41492586403032,79.35114282992893,74.06858281865627,12.226208430712155
person_20.mp4,front,121,2034,59.49876369275283,848,478,137.30062669705205,141.6201659855826,166.12470826985546,171.4513964250978,81.8696052163951,75.60859931353438,8.654015272202944
person_20.mp4,front,122,2050,59.49876369275283,848,478,137.57744405380814,141.56742961995016,170.3721305472205,172.59967146093737,81.04471162931821,76.26328143850752,5.790707163707843
person_20.mp4,front,123,2067,59.49876369275283,848,478,134.71506430906948,141.81983862978234,168.41605830156593,173.3211979139405,78.56818146042608,75.06987610596576,7.550207790001549
person_20.mp4,front,124,2084,59.49876369275283,848,478,136.67782980381324,144.53523860648218,166.6489295282101,173.99803417592594,80.53915609701578,76.26193862129723,8.666531909426043
person_20.mp4,front,125,2101,59.49876369275283,848,478,138.750647335924,146.40815453594482,166.26036547042972,174.50485592042423,81.10335816582699,76.30140123933319,10.417288404129541
person_20.mp4,front,126,2118,59.49876369275283,848,478,139.56125268707802,146.46490055065237,165.5768949815832,173.7717397123937,82.18433598852604,77.85611869959276,10.723949043139484
person_20.mp4,front,127,2134,59.49876369275283,848,478,137.87197298875856,146.10350834382953,163.7605696551432,173.66794190796932,81.89339292314307,77.50129184735877,10.667812823234316
person_20.mp4,front,128,2151,59.49876369275283,848,478,138.03229067715435,146.1615803815247,165.5267574863509,173.88102183903905,83.06925951687137,77.91443346539535,8.744615793254429
person_20.mp4,front,129,2168,59.49876369275283,848,478,136.79401017073025,146.62243558592365,165.91725877430852,174.49161301921654,83.0198562943641,78.65572465222219,6.961352951480462
person_20.mp4,front,130,2185,59.49876369275283,848,478,138.25800696300885,146.19293359100405,169.82955261723123,174.6283222211227,82.93223697365042,79.51945186402519,4.636666923179584
person_20.mp4,front,131,2202,59.49876369275283,848,478,140.62649728712825,148.44192885891604,171.8031091234611,174.1637606178308,85.12532131269883,81.06780482549753,2.606984355075434
person_20.mp4,front,132,2219,59.49876369275283,848,478,141.7671621922314,149.99104110563744,175.8633787534175,173.11881479210496,85.77781363599631,83.13936444666022,2.225016906932335
person_20.mp4,front,133,2235,59.49876369275283,848,478,142.56008273969672,149.0831903351486,175.8550288302914,170.8871309977329,86.46076182596293,82.87008145127152,6.201941572557776
person_20.mp4,front,134,2252,59.49876369275283,848,478,145.4895635081971,151.75532442880979,171.41860250025812,171.21600796609974,86.40220913325751,87.01490870452359,7.582478999561444
person_20.mp4,front,135,2269,59.49876369275283,848,478,140.7006297415592,152.5609071335299,176.83924255076153,172.69637724391671,84.76336336158595,87.6252221385329,3.746752185977483
person_20.mp4,front,136,2286,59.49876369275283,848,478,140.60639951150824,151.90348835129993,173.53457352156605,169.5563753048164,85.42392723746316,86.57776529359433,8.833989902971666
person_20.mp4,front,137,2303,59.49876369275283,848,478,140.17075503238422,151.23694831751584,175.02195316070782,170.1889293013584,84.92507860802334,86.01058208398918,7.740730153811257
person_20.mp4,front,138,2319,59.49876369275283,848,478,140.8333876580541,150.53102867389072,175.1540436443408,170.98524302120245,85.79364201887678,85.7997677830129,7.461649904403848
person_20.mp4,front,139,2336,59.49876369275283,848,478,143.6101354062562,150.13443539560117,173.95856536749062,171.0843555280543,86.74032073594493,85.6896693394105,7.3359358487659865
person_20.mp4,front,140,2353,59.49876369275283,848,478,142.82637767110177,149.55294429636,174.33891327188599,171.079356656249,86.83557303679184,85.10873051411073,7.606247484553204
person_20.mp4,front,141,2370,59.49876369275283,848,478,144.27825247600856,149.44782322003493,173.3720050870478,169.5316603539042,87.68393234214439,85.3690606935363,8.867164399556708
person_20.mp4,front,142,2387,59.49876369275283,848,478,144.39989774855076,150.87707024906243,175.4539585458952,169.5635926928947,88.32110719467607,85.87063626849152,7.195410292041167
person_20.mp4,front,143,2403,59.49876369275283,848,478,144.48818095988727,151.22057899569805,177.27443996656484,168.22788948550064,88.69139779224574,84.5707233184435,5.7144659752744245
person_20.mp4,front,144,2420,59.49876369275283,848,478,143.79966260872874,149.73650406470583,177.5756250773069,170.69679257904167,88.41200858464796,83.5096148375347,3.8208427054252305
person_20.mp4,front,145,2437,59.49876369275283,848,478,143.97614757662342,148.9836183838699,177.4663271762535,171.01153091123348,88.2634574523721,82.90207439925926,4.022400203533201
person_20.mp4,front,146,2454,59.49876369275283,848,478,144.60221138645568,150.3585805827362,177.46906206374706,170.11538391158953,88.8906862616796,82.84285805749909,3.048253416693743
person_20.mp4,front,147,2471,59.49876369275283,848,478,145.36077135225534,152.26129422824468,172.50646270555058,171.04753497957464,89.18910106877317,82.86121810059936,3.046172015289027
person_20.mp4,front,148,2487,59.49876369275283,848,478,146.3467239009772,152.76104620140765,171.40318196131736,172.42803862030652,89.52891680596856,83.38426502932849,4.699991995625253
person_20.mp4,front,149,2504,59.49876369275283,848,478,146.35617988955147,153.08937589435317,168.6949978182535,172.91419723774533,89.56439442376768,82.71811493514862,7.120422590468242
person_20.mp4,front,150,2521,59.49876369275283,848,478,144.35869390507116,151.54974399928662,166.73449663490288,174.10043106052512,87.37398113919662,81.68830605113129,9.460513821688567
person_20.mp4,front,151,2538,59.49876369275283,848,478,142.9050708440383,150.32253634142563,165.3658701890894,174.15688457596946,86.46689068157075,79.0304718688266,11.154029763421411
person_20.mp4,front,152,2555,59.49876369275283,848,478,143.81372140318095,151.08039341054575,168.78458805074771,173.723273463974,86.8173830597892,79.77875858151224,8.530630483135157
person_20.mp4,front,153,2571,59.49876369275283,848,478,143.68118873370875,150.597939419681,166.22083805118746,174.18714898569672,87.0445021076318,79.7457901735245,10.904234082765143
person_20.mp4,front,154,2588,59.49876369275283,848,478,142.7941884783692,150.34826071785028,167.3294957995666,174.16412232744878,86.13154390395171,79.42856995608908,9.831329051465358
person_20.mp4,front,155,2605,59.49876369275283,848,478,142.84193701471216,150.21829828547948,164.9587134258912,174.12775666944995,85.99827770479982,79.5115061274241,11.467956031258478
person_20.mp4,front,156,2622,59.49876369275283,848,478,142.91070528711174,150.33917616494287,167.2551350244812,174.16896381641683,85.8999742378625,80.30036941877043,9.915153129134017
person_20.mp4,front,157,2639,59.49876369275283,848,478,144.25334876162182,151.71336064594152,167.97374878084918,173.88568008851834,86.64499045806566,80.36860995506008,9.768260565812582
person_20.mp4,front,158,2656,59.49876369275283,848,478,142.83060078045236,150.45621916760712,166.49968616454376,174.10056735806842,85.2821262324499,79.36726347385243,10.709616314468564
person_20.mp4,front,159,2672,59.49876369275283,848,478,142.97604335927974,150.93343742873728,166.2711592068192,174.0244157794382,85.35887401784777,79.22782973481344,10.861504472787086
person_20.mp4,front,160,2689,59.49876369275283,848,478,143.12214569742954,150.5338600811505,166.28314760257285,174.0265710479617,85.57360994309627,78.76597636306136,10.833693820993929
person_20.mp4,front,161,2706,59.49876369275283,848,478,144.62569030892328,151.29028438554647,166.83031923238974,173.9471928885849,86.80985314472213,79.27865390482675,10.235329436308975
person_20.mp4,front,162,2723,59.49876369275283,848,478,144.74191024237518,150.88380183230572,164.72012214360348,174.02040970273248,86.68043177429743,79.2834997092848,12.238791445837714
person_20.mp4,front,163,2740,59.49876369275283,848,478,145.7141617890279,152.62338917952533,172.05595513618672,173.37216406486723,87.99530886637983,82.57052284798394,5.9052558062622635
person_20.mp4,front,164,2756,59.49876369275283,848,478,145.78293403841295,151.38960217199138,172.95376318826203,173.69094907054648,87.62095169530423,82.31330755714515,5.693358606690593
person_20.mp4,front,165,2773,59.49876369275283,848,478,143.76296046449565,148.57286997964195,172.49605182121746,173.4065225966237,86.30663771223922,81.05809891687602,5.912672528105819
person_20.mp4,front,166,2790,59.49876369275283,848,478,142.71329101268643,146.30814385870985,177.18071256369151,173.0565026090555,85.76264846456915,80.55360228557609,2.580390517997655
person_20.mp4,front,167,2807,59.49876369275283,848,478,141.72587731441405,147.40678840836588,171.87374758189853,171.3675959202953,85.11406558413671,80.8358554012776,7.32179541600947
person_20.mp4,front,168,2824,59.49876369275283,848,478,142.3504549502811,145.4542568556097,177.4867821317824,172.9055342997568,85.35000708443185,80.9290124628629,1.9635346413990615
person_20.mp4,front,169,2840,59.49876369275283,848,478,140.68295404532915,141.05917457518734,170.3469960047655,168.7581996385122,84.07108794692674,77.54191378325342,8.902695940506534
person_20.mp4,front,170,2857,59.49876369275283,848,478,140.06449069421578,142.8747910456222,170.46594300855563,170.14189839466027,83.82948322800648,78.15370672936677,8.466639753507192
person_20.mp4,front,171,2874,59.49876369275283,848,478,140.9336116476235,143.34645714751267,168.52747235762556,169.5128605998075,83.89928722047927,77.91732935218302,10.769886738841533
person_20.mp4,front,172,2891,59.49876369275283,848,478,139.21880309735025,141.19145866653685,165.2021285276,168.14393641027337,82.78276309687311,75.69636283497276,13.556285931940275
person_20.mp4,front,173,2908,59.49876369275283,848,478,138.20423404520025,141.51654260899915,161.59865467931886,167.80630525716728,82.10606687812495,75.23876147021593,16.237280857082574
person_20.mp4,front,174,2924,59.49876369275283,848,478,138.79812200860653,143.79951564147638,162.5702359545196,169.62063326253656,82.33486293869643,75.52450443614133,15.7548603968993
person_20.mp4,front,175,2941,59.49876369275283,848,478,139.3652906623374,145.5953441289335,164.11167808673224,171.21661281246423,82.77958812870492,75.94595932472888,14.346497332628998
person_20.mp4,front,176,2958,59.49876369275283,848,478,139.4499812282679,146.29306457684203,164.2769991800052,171.18093248607178,82.89941046819251,76.35382389371017,14.319586635262274
person_20.mp4,front,177,2975,59.49876369275283,848,478,138.96750628747836,146.33251268719388,163.73810891074308,170.72874579624727,82.52673099349309,76.27315685542746,15.001119202422585
person_20.mp4,front,178,2992,59.49876369275283,848,478,140.78333130600862,147.5430828258933,165.899210966838,172.11564259168486,83.20045290456494,76.7308966898896,14.400460078342766
person_20.mp4,front,179,3008,59.49876369275283,848,478,144.37691295069658,148.3581341006474,165.69066754268346,172.5431212940966,86.74845583029314,76.85678060918744,13.878048073141052
person_20.mp4,front,180,3025,59.49876369275283,848,478,146.83635311821402,149.83846867515928,167.836669240973,173.14400349712884,88.39118844914813,77.40909435692159,11.868101349488144
person_20.mp4,front,181,3042,59.49876369275283,848,478,146.82060117020865,150.71357479701786,167.1223277064953,173.1615367157653,88.46904189437663,78.35718922900918,12.304177295472686
person_20.mp4,front,182,3059,59.49876369275283,848,478,147.03205993130808,151.30652676886203,168.1293415998,173.15951039907702,88.52799636730128,79.44930709479087,11.748009204762363
person_20.mp4,front,183,3076,59.49876369275283,848,478,145.98932953850135,151.28349957589742,165.61139361645638,172.20619791348707,87.56568261440498,79.35410457300499,14.753074788584488
person_20.mp4,front,184,3093,59.49876369275283,848,478,146.65365371183285,152.03031707846964,166.0908034219843,172.7438095587811,87.78155196185743,79.83495879333204,14.409747657944264
person_20.mp4,front,185,3109,59.49876369275283,848,478,149.20233568793415,153.16104260194834,167.81364805648,173.27011864950907,89.77790783950796,80.42685774983245,11.934976257931163
person_20.mp4,front,186,3126,59.49876369275283,848,478,146.82626686453457,151.78247450326413,163.1387542122287,173.45475805717925,88.33019519648336,78.6944853373057,14.890774285723523
person_20.mp4,front,187,3143,59.49876369275283,848,478,146.82687503606485,151.28482793151932,163.3944470136079,173.31170843807234,88.1227556160029,78.74850825750094,15.16975308783507
person_20.mp4,front,188,3160,59.49876369275283,848,478,146.149563653117,150.90903814514036,163.59841987096334,173.2331626658162,88.09128148889134,78.42673957959983,14.930033230479783
person_20.mp4,front,189,3177,59.49876369275283,848,478,146.3082862387396,151.30552805250397,164.42167211541084,173.19806814913932,88.19267583557017,78.70333078459532,14.583589981720799
person_20.mp4,front,190,3193,59.49876369275283,848,478,146.1599819783637,152.02673287979928,165.28052434478653,173.04016519666678,87.6818642625964,80.1388822309565,13.637221956832962
person_20.mp4,front,191,3210,59.49876369275283,848,478,145.56257599190724,150.97689151742455,168.46959971352618,172.195022795265,87.05552441162502,82.16521290049195,10.871275732390016
person_20.mp4,front,192,3227,59.49876369275283,848,478,145.34810964150824,150.01347569588432,167.85774718234606,172.0224394711304,86.85872827620219,81.77128391675839,11.34624491104607
person_20.mp4,front,193,3244,59.49876369275283,848,478,145.10285607865362,149.71211316916927,169.4828612635642,172.11646236604034,86.55994043207215,82.76836068306868,9.347394504624297
person_20.mp4,front,194,3261,59.49876369275283,848,478,146.41190345379485,149.3575379038927,170.60737246736198,171.38231129751816,86.45733466384215,83.00665728099177,9.552484834040552
person_20.mp4,front,195,3277,59.49876369275283,848,478,146.25357062866144,147.3093837007668,172.1378233381496,169.80092842057167,86.32030937774404,83.47476097932363,8.193045938224818
person_20.mp4,front,196,3294,59.49876369275283,848,478,146.32826755635975,147.9320599433949,172.15464315375328,169.8500309721448,86.50698280593551,85.1750992837612,7.4617705928591835
person_20.mp4,front,197,3311,59.49876369275283,848,478,144.77620513909534,146.28167682081738,172.0383076733797,170.23680411098195,85.18647928716716,83.23706696196717,7.594568587307705
person_20.mp4,front,198,3328,59.49876369275283,848,478,143.318649625804,145.9371677206921,171.91857809011148,169.3047562700806,84.56420200363667,83.33920883920086,8.213493861762915
person_20.mp4,front,199,3345,59.49876369275283,848,478,143.5131321638883,146.77907226137424,170.88994426900334,169.9582845380834,84.45292837783222,83.6431512078592,8.974503914896319
person_20.mp4,front,200,3361,59.49876369275283,848,478,143.31916810108245,146.9288923904939,170.91354237839167,170.48084348403225,84.45466952776985,83.57844171683509,8.603763126721354
person_20.mp4,front,201,3378,59.49876369275283,848,478,143.38418950277276,147.8874740435275,170.7461399080568,169.22983282312973,84.42118332192938,85.76118303371399,8.51254412447558
person_20.mp4,front,202,3395,59.49876369275283,848,478,143.06284821571785,147.0959795717264,171.51487539071132,169.47187669263408,84.08340887469609,84.90846830818504,7.712076034911508
person_20.mp4,front,203,3412,59.49876369275283,848,478,143.76133134019457,145.85746891626334,170.16580304774342,169.04294643765837,84.97964437386445,83.81433457638259,8.937934885383132
person_20.mp4,front,204,3429,59.49876369275283,848,478,142.88851788156612,145.10068592510444,165.77607212438622,167.11611186020585,85.46205188774167,83.51540058443736,11.826740871497911
person_20.mp4,front,205,3445,59.49876369275283,848,478,143.6069384276126,146.28433585563067,165.38888407767735,167.67201833104656,86.1281992147912,83.89944524931894,12.018436820776547
person_20.mp4,front,206,3462,59.49876369275283,848,478,144.38212282207047,147.90633613466542,165.24808424817638,167.8895147133606,86.69693763745973,85.35571191416211,12.415296474492992
person_20.mp4,front,207,3479,59.49876369275283,848,478,144.4855885142608,148.54941791763295,162.21393434446327,168.13233919266747,89.81637543395149,85.79539612417732,12.427125468209809
person_20.mp4,front,208,3496,59.49876369275283,848,478,143.5464660462308,149.8477747341825,159.50047442038021,167.8462904904356,88.616037757573,86.50822196968632,14.714053921405814
person_20.mp4,front,209,3513,59.49876369275283,848,478,144.49811371445867,149.3189161412851,158.77104551113538,167.53448214325596,90.72165262192246,86.25521356249419,14.646267386957229
person_20.mp4,front,210,3529,59.49876369275283,848,478,141.7128639146068,148.8661434892753,152.85386300079927,166.95398961981934,93.0054616378481,87.02572394635823,13.825402473117
person_20.mp4,front,211,3546,59.49876369275283,848,478,143.8348488696289,149.45447430102794,159.52126341724386,168.71363713716596,94.80941085198596,90.53692819374686,8.46550332360452
person_20.mp4,front,212,3563,59.49876369275283,848,478,132.11529321114122,141.35888621974075,137.43996426295263,159.08385458516017,99.05077900631763,89.31680791942458,10.774865315056905
person_20.mp4,front,213,3580,59.49876369275283,848,478,119.73455834628108,133.55212011194462,118.95917175026881,146.7747513632134,99.68179861444222,88.22764258365021,15.921727637231362
person_20.mp4,front,214,3597,59.49876369275283,848,478,118.9108735817454,117.83204546340878,115.92664624682772,126.05307572806643,108.02693047120334,99.44451939850535,6.736716413232096
person_20.mp4,front,215,3614,59.49876369275283,848,478,118.89751349437651,118.1346069474134,115.28797573414897,126.4287523407172,108.83317288556692,99.7801983576251,6.911214009043025
person_20.mp4,front,216,3630,59.49876369275283,848,478,113.34302610895816,114.10471065533459,109.71306300748188,113.29552073134977,108.18099967411429,107.30223070801568,6.8696549444790795
person_20.mp4,front,217,3647,59.49876369275283,848,478,101.71998839846222,101.78357796214578,101.95158918963946,109.01729271279669,97.46408126558715,96.43527195922742,12.080600336891262
person_20.mp4,front,218,3664,59.49876369275283,848,478,109.62434147718616,110.53669086355411,100.98405178552086,106.63212914278591,107.90163437384348,107.79000712045934,10.341593214876617
person_20.mp4,front,219,3681,59.49876369275283,848,478,107.2296491756917,107.43656426904684,99.33478257066696,103.57297030287621,106.53592126791253,105.96164407358835,11.36617141714323
person_20.mp4,front,220,3698,59.49876369275283,848,478,116.65396853925947,115.7575525562487,116.188857170826,117.46891173750039,115.3734897321784,113.63860386514278,3.1400467940111922
person_20.mp4,front,221,3714,59.49876369275283,848,478,109.80789967547366,109.32102807593678,109.35285393169563,108.86334711141657,109.70432121897426,108.80811367478893,2.140521743432421
person_20.mp4,front,222,3731,59.49876369275283,848,478,115.6557109521238,115.26657111550912,122.2444190660519,122.93428403202425,115.67387635278861,114.31127220077295,10.243936965796186
person_20.mp4,front,223,3748,59.49876369275283,848,478,113.54470216929622,111.99913297022938,118.53370020138749,119.11221423048958,113.72826827835405,111.9363049948176,7.142796924164047
person_20.mp4,front,224,3765,59.49876369275283,848,478,116.00517093531955,113.22999876251173,124.85544181858339,125.8965117275945,115.52078184359954,112.37788356911858,12.592698054739259
person_20.mp4,front,225,3782,59.49876369275283,848,478,113.77472919556273,112.28518982163013,131.7134259153113,131.3114392603826,114.97883231023518,113.77486567565099,20.270814665781625
person_20.mp4,front,226,3798,59.49876369275283,848,478,109.44201405405072,107.41310667179069,122.88437643421858,122.819778676747,111.23315303203331,109.27774855187657,12.55721143785631
person_20.mp4,front,227,3815,59.49876369275283,848,478,102.06529904574168,98.42937267110271,120.43867058924404,115.98387685555205,104.95695604869039,101.86330714596956,8.870222796764281
person_20.mp4,front,228,3832,59.49876369275283,848,478,87.94271386010931,85.63815431136493,97.68334725330698,98.03992858275664,92.5897061405875,91.21807218933535,9.907086649576037
person_20.mp4,front,229,3849,59.49876369275283,848,478,85.75680385702253,79.6344199936194,78.65701064816044,78.83119606958103,89.61333271795839,85.56979849167236,29.34195251329389
person_20.mp4,front,230,3866,59.49876369275283,848,478,78.4681559891327,73.6399190213386,70.22265468303408,70.08870409246036,83.1717143234534,80.42014652984254,37.08661176694895
person_20.mp4,front,231,3882,59.49876369275283,848,478,73.33819731634881,69.11391954979797,68.85276972595145,68.28294990142922,79.89705402666755,77.17951753332135,37.70259538374002
person_20.mp4,front,232,3899,59.49876369275283,848,478,67.47110310598637,66.29345105449146,65.30592627850653,63.83320026141877,74.52084776905659,74.83468560058618,41.711753473280126
person_20.mp4,front,233,3916,59.49876369275283,848,478,66.0600052343772,65.90434708175539,66.89962771454557,65.29098138985779,73.5178176721068,74.95478398957118,40.033903075364776
person_20.mp4,front,234,3933,59.49876369275283,848,478,61.01533114888302,62.543131183889436,63.153724560357155,60.77017366154454,68.89011976847638,72.67539285426587,43.82463232413264
person_20.mp4,front,235,3950,59.49876369275283,848,478,54.87694818317345,56.38198863571235,58.10841707517667,55.41980433968918,63.65018337137124,67.54511331565072,48.72224343625561
person_20.mp4,front,236,3966,59.49876369275283,848,478,53.87810551546696,53.82059290994395,56.53066205626946,52.594897700198004,62.69046339032527,65.4384016521469,50.504759735471026
person_20.mp4,front,237,3983,59.49876369275283,848,478,53.091606402923134,52.74511263857274,60.46251187327981,56.97862395945098,62.35598567544487,65.04129244164548,45.67939892040278
person_20.mp4,front,238,4000,59.49876369275283,848,478,51.95741499523128,52.17651992100284,57.66444823524378,54.84087859907726,61.47974590225825,64.45199324484112,47.49013185427683
person_20.mp4,front,239,4017,59.49876369275283,848,478,48.09512174018132,49.485977800330474,49.20628148908794,46.317563626937414,58.08319113909337,62.68128126848751,54.917492884809704
person_20.mp4,front,240,4034,59.49876369275283,848,478,49.09555568385206,51.03427914427157,48.83006460575793,46.33171158979758,59.07937727091277,63.900189439251804,55.17509087931423
person_20.mp4,front,241,4051,59.49876369275283,848,478,48.43132694706365,49.86513612222385,49.70490628748335,47.257705394339304,59.26891165850256,63.098475521192576,53.751080038799756
person_20.mp4,front,242,4067,59.49876369275283,848,478,48.19320355499068,49.33597921600631,48.73406321100264,47.95279123619063,59.3376214829562,62.11140055981226,54.88376502425973
person_20.mp4,front,243,4084,59.49876369275283,848,478,48.49181627631745,49.84619009810347,50.31800935628245,49.720634146909084,59.57735578851455,62.58597410749189,52.86251853229212
person_20.mp4,front,244,4101,59.49876369275283,848,478,48.06459108671549,49.00254425858391,47.899357437445744,48.44283122087347,59.228616994634386,60.81540791513447,55.62501194325833
person_20.mp4,front,245,4118,59.49876369275283,848,478,46.193318803492495,45.40956891815908,45.693661151212744,45.63644655066169,57.45604909205419,58.29838091095206,57.036007951945436
person_20.mp4,front,246,4135,59.49876369275283,848,478,47.23445265470098,47.66442349005333,47.567994011339074,47.68680540651459,58.444356763241984,60.18168662779462,55.530669573375114
person_20.mp4,front,247,4151,59.49876369275283,848,478,47.95846757239665,48.551099859251096,50.57080460146388,50.859597873155415,57.64908645144757,60.1650806547569,52.49827587607973
person_20.mp4,front,248,4168,59.49876369275283,848,478,47.33133306388525,48.99467649953106,50.98671151314796,51.09413761155938,57.675992365108,61.61051091723331,51.7591090295708
person_20.mp4,front,249,4185,59.49876369275283,848,478,48.331479089504825,49.926508819062626,52.18824256374232,52.15627164502728,58.28167521078334,62.3696509498764,50.7748374186593
person_20.mp4,front,250,4202,59.49876369275283,848,478,47.55535851724166,48.999367507503756,48.51265527109649,47.99789535877396,57.82331041905876,61.63731082418963,54.44202161728844
person_20.mp4,front,251,4219,59.49876369275283,848,478,49.3911152932937,51.10291881810204,49.86554205112747,49.51432253107236,59.17621289409109,62.57783075039202,53.13764572599679
person_20.mp4,front,252,4235,59.49876369275283,848,478,50.36221978550309,52.10281513133943,54.129976745503676,53.85761031318583,60.66836737732879,63.84454552262017,48.76708257997825
person_20.mp4,front,253,4252,59.49876369275283,848,478,49.19215135914225,51.68623247295126,51.366181557575175,50.42077622580135,59.12729355367444,63.13338493494063,52.01885164653952
person_20.mp4,front,254,4269,59.49876369275283,848,478,49.44971579493774,51.8366196886896,51.27970771844746,50.5732173467758,59.09897613650676,63.49938665024257,51.855160176070115
person_20.mp4,front,255,4286,59.49876369275283,848,478,49.49506805140972,51.55412622999337,54.088822087606076,53.73601670097101,59.34072765110149,63.50528917506256,48.80702833778604
person_20.mp4,front,256,4303,59.49876369275283,848,478,48.82959707218128,51.33804390166686,54.156987388941985,53.50207661545972,58.5056086970222,62.924327418620464,49.26946611939828
person_20.mp4,front,257,4319,59.49876369275283,848,478,51.249272344347794,53.12916024447223,55.6766702957914,54.55734433759888,60.42290114710345,64.9634818863251,47.814885813598316
person_20.mp4,front,258,4336,59.49876369275283,848,478,54.51934814864763,54.02152726411685,57.38275056583082,55.34848383331899,62.61946333682046,65.22092210374923,47.7021240187669
person_20.mp4,front,259,4353,59.49876369275283,848,478,52.70123980362278,53.19862317885531,56.15038912877788,53.638386664154496,60.536114343245416,64.83172636694702,48.734464601064865
person_20.mp4,front,260,4370,59.49876369275283,848,478,54.361107619258604,55.200855716348464,59.908762996880085,57.15139739557223,61.23475553774198,66.43762874308507,45.489167418996956
person_20.mp4,front,261,4387,59.49876369275283,848,478,55.56442990825999,55.51563457971974,61.64219308968415,59.55657202212533,61.74366525333929,66.30704287478873,44.13347224512356
person_20.mp4,front,262,4403,59.49876369275283,848,478,55.94478551307417,54.73700327308113,64.50001656362015,63.68701049083039,61.51625358029554,64.48412571445076,42.882265974828265
person_20.mp4,front,263,4420,59.49876369275283,848,478,59.540474129217316,57.19890299797371,67.56970792595207,66.31570476292013,62.543054039266615,63.87890745134898,42.772281373367065
person_20.mp4,front,264,4437,59.49876369275283,848,478,65.33982775833775,64.46143402360106,82.36196078682671,81.98450813910927,66.47144642592185,69.03593022769071,29.159802196897033
person_20.mp4,front,265,4454,59.49876369275283,848,478,66.74661974348331,65.86111119510134,78.18427439726028,77.69998553191401,68.25683314095919,69.68850789195233,33.816268239648124
person_20.mp4,front,266,4471,59.49876369275283,848,478,74.57040312513647,71.9386953686436,81.83088229452008,81.43666460338169,73.23729510542432,73.50661278069273,32.9027461909052
person_20.mp4,front,267,4487,59.49876369275283,848,478,81.29376274846173,77.83784903239982,88.35018347823893,87.9833696260313,77.85305196186629,77.32474181146053,29.084248463594406
person_20.mp4,front,268,4504,59.49876369275283,848,478,77.73193116571717,74.47662138908866,85.52176868648404,85.44193246584004,75.44859407017815,74.5447057867566,30.30396101253859
person_20.mp4,front,269,4521,59.49876369275283,848,478,91.10543037646795,83.5314333785746,94.6535459500159,92.74739192327709,84.14407464103324,81.24913998604842,25.737505295310655
person_20.mp4,front,270,4538,59.49876369275283,848,478,94.50005115769929,87.8232423402678,97.06333485361996,96.3201990978165,86.5303866518507,84.31290219545018,24.02957257936344
person_20.mp4,front,271,4555,59.49876369275283,848,478,93.60887194019735,87.56104173126653,88.36235270988124,88.805613543427,87.35484086266489,84.48789535366818,28.8270259717705
person_20.mp4,front,272,4572,59.49876369275283,848,478,99.32284210801171,94.01746035887605,92.68103547444247,93.15952878434891,91.62946777110704,89.40814885069366,25.55362363146678
person_20.mp4,front,273,4588,59.49876369275283,848,478,98.2813329334331,99.18863019223329,101.35294914681249,102.84953937033993,91.57403273873362,92.3909028381982,17.49944095349581
person_20.mp4,front,274,4605,59.49876369275283,848,478,116.82727913713013,111.68361575092977,121.03013560305739,120.49702045045639,104.92659528175126,101.62447054669367,3.852509079549592
person_20.mp4,front,275,4622,59.49876369275283,848,478,115.63832938083928,115.48263886316653,127.24455506961776,135.38802758294602,88.75519313793569,83.10997556359938,16.965406773166848
person_20.mp4,front,276,4639,59.49876369275283,848,478,130.25807567976784,118.34773460796042,145.14276740997659,140.7617843113834,93.76603460389366,88.94631320260697,9.478246735282962
person_20.mp4,front,277,4656,59.49876369275283,848,478,131.73951407665157,137.70435355575376,148.86773600291428,168.01108605225363,82.26992161599638,77.89180708844458,15.253065005911548
person_20.mp4,front,278,4672,59.49876369275283,848,478,128.69162253153593,132.97348420924658,142.92589488748106,158.26330441612197,82.07826922380382,79.55286047808241,18.02236535657961
person_20.mp4,front,279,4689,59.49876369275283,848,478,130.71523039693838,137.64502925953312,148.07894448183308,159.17436219496986,81.112522548958,79.99154522239373,18.249036788096447
person_20.mp4,front,280,4706,59.49876369275283,848,478,137.50633261045488,141.83931601590112,163.50146827933878,166.827264794759,82.7209842440455,82.49110570955634,10.617332032575986
person_20.mp4,front,281,4723,59.49876369275283,848,478,133.9192385485333,140.44096321830247,160.94132339044253,168.0139555509728,80.50527603986957,78.70513063835516,11.607313422175201
person_20.mp4,front,282,4740,59.49876369275283,848,478,139.7514093817414,143.72729626861417,171.67083154509163,172.8252175976432,81.65116526603254,80.85572967132815,6.307941898366716
person_20.mp4,front,283,4756,59.49876369275283,848,478,134.8016172407684,142.6717645766857,165.35759055829664,172.3544539876514,81.00856998718147,78.8344832703912,7.795846117350672
person_20.mp4,front,284,4773,59.49876369275283,848,478,143.02043521853014,146.35138883864943,173.30159490518477,174.33414991763686,84.28871542637367,82.80165614270494,3.468797309527245
person_20.mp4,front,285,4790,59.49876369275283,848,478,140.31710494136001,144.1231303224891,173.36324501688566,173.59793141462208,82.13413965920942,81.56125532101646,3.4331280323571085
person_20.mp4,front,286,4807,59.49876369275283,848,478,142.26325977086913,146.34791444533298,173.41461493679938,174.45159706670276,83.75828045397763,81.19785876387209,2.9168370888021244
person_20.mp4,front,287,4824,59.49876369275283,848,478,140.54943467583067,146.01907100287033,173.48118011272814,174.3727637823496,82.54800939142379,81.66618748484143,2.307055629199033
person_20.mp4,front,288,4840,59.49876369275283,848,478,135.08672948902267,144.05905078315214,168.99563743852886,174.37018385347835,80.40958665556954,79.89108496395865,3.069113493203224
person_20.mp4,front,289,4857,59.49876369275283,848,478,139.17272907882665,146.10903722148382,170.38680181556626,174.3350958281648,81.03977981923103,80.81612814156541,4.922203833252398
person_20.mp4,front,290,4874,59.49876369275283,848,478,138.2450018546322,146.88336467674412,168.6187422073981,174.35954602959646,81.80149843497942,80.58394612438573,4.963199660358572
person_20.mp4,front,291,4891,59.49876369275283,848,478,140.28890466550232,146.96125646646573,171.4287137910785,174.2768334823432,82.25139230524462,81.76021353578837,3.6440721732094943
person_20.mp4,front,292,4908,59.49876369275283,848,478,138.50494180582024,145.53241053485107,169.7612270683907,174.24393706326063,79.74034369130759,79.48037491550458,5.4603448212853305
person_20.mp4,front,293,4924,59.49876369275283,848,478,138.58687602662317,147.07747715883852,167.82652323995995,174.3478954025934,81.15281500676545,80.00057896754406,6.49924467107564
person_20.mp4,front,294,4941,59.49876369275283,848,478,141.27240887755283,146.69422068463325,169.7346837651656,173.55594797472608,82.77361362881311,81.30812107799919,5.750919510038989
person_20.mp4,front,295,4958,59.49876369275283,848,478,140.52289772927315,146.8437690218991,168.53396282417356,173.5445045672688,82.6691750800899,81.11653905515458,6.276111076284798
person_20.mp4,front,296,4975,59.49876369275283,848,478,140.28227525612337,146.7690747779033,168.62876982573394,173.05899763137765,84.3778245581677,82.59534989291198,5.166119725712266
person_20.mp4,front,297,4992,59.49876369275283,848,478,141.04847853550416,145.29353662233953,173.73170542371935,173.48043151999093,84.71992291709687,82.9860067083848,1.5084324838693537
person_20.mp4,front,298,5009,59.49876369275283,848,478,141.73250076196283,145.97000445809806,174.56897000871712,173.59986291991868,85.91331021608259,83.89490390052342,0.970876292359092
person_20.mp4,front,299,5025,59.49876369275283,848,478,141.19232845186377,145.3007899990207,175.21714444451183,173.00572810717856,85.91152752955142,84.40552374367924,1.1065739338193195
person_20.mp4,front,300,5042,59.49876369275283,848,478,139.2571421430293,144.44724361443576,172.67238221272785,169.88809488755248,83.91510876425036,83.06164860848793,5.63729161170111
person_20.mp4,front,301,5059,59.49876369275283,848,478,137.56507800027384,142.79616187252893,172.44294821108687,170.08286081152832,82.74663611695284,81.6298516093862,5.703656983943211
person_20.mp4,front,302,5076,59.49876369275283,848,478,140.56996682704545,144.73426580322246,172.40817115810447,170.32303599522803,84.48823000792298,81.81406165321228,7.088153429957729
person_20.mp4,front,303,5093,59.49876369275283,848,478,139.88359763193748,144.40044126693266,173.08853292822508,170.6868081745019,84.47386990211345,81.47474954071903,5.727578269291804
person_20.mp4,front,304,5109,59.49876369275283,848,478,138.3413006573475,142.70306564156033,167.9846503727871,166.29520727050462,80.95438580979898,78.2571635782328,14.48953552553509
person_20.mp4,front,305,5126,59.49876369275283,848,478,141.316961516061,144.06973675421744,167.33483150816835,167.07208194974802,83.60893440448942,79.02384072862974,14.383280347185213
person_20.mp4,front,306,5143,59.49876369275283,848,478,136.86206366605398,142.62234216114985,166.1125756571907,167.06488636556588,80.25693573362919,77.62176130512024,15.323176721902648
person_20.mp4,front,307,5160,59.49876369275283,848,478,134.94675712232325,141.40937169225572,161.83437521813616,166.08119171291276,79.16229600211581,74.67092179531355,18.343794641231835
person_20.mp4,front,308,5177,59.49876369275283,848,478,138.92151321225958,145.25218096709847,164.1544737910647,168.22326923906624,81.67534857734493,77.44887220321347,16.930738697792656
person_20.mp4,front,309,5193,59.49876369275283,848,478,139.26455776953858,145.43243595110175,162.84624355531332,167.36103140181254,81.65341835002359,77.86695644290202,18.15290851791052
person_20.mp4,front,310,5210,59.49876369275283,848,478,139.64385561607105,145.56316050269504,162.84858266063733,167.09832383750174,81.81435037044491,77.85938477543662,18.329726659328525
person_20.mp4,front,311,5227,59.49876369275283,848,478,139.51727936118,145.81019381089064,163.3075632662414,167.78133759134727,82.69071981855194,78.30563023171676,16.78101443865881
person_20.mp4,front,312,5244,59.49876369275283,848,478,140.1858693754469,145.79564642558006,164.57350864670573,168.1691378294568,83.04278391589493,78.67052569661709,15.897723521145565
person_20.mp4,front,313,5261,59.49876369275283,848,478,139.44230853885006,144.90656213506733,163.831188524769,167.77450378713945,82.60420369924245,77.86663324037775,16.58026863893759
person_20.mp4,front,314,5277,59.49876369275283,848,478,138.7592732459899,146.32775596875203,163.66434585694805,168.72589163477537,82.32879324806028,78.787578074171,16.19169830290931
person_20.mp4,front,315,5294,59.49876369275283,848,478,139.35662102011332,146.13261343426413,165.76935623967705,169.0023090348284,82.12518574958315,78.4925883080789,15.368458427023484
person_20.mp4,front,316,5311,59.49876369275283,848,478,139.88847056808146,145.67594462675942,167.62213608736167,168.94475831289134,82.71488321563866,77.70995866564056,14.244248589671205
person_20.mp4,front,317,5328,59.49876369275283,848,478,139.57197882683104,145.6308885095536,165.55171333985575,168.12223673701038,82.54771422179141,78.00522251071578,15.610800367292926
person_20.mp4,front,318,5345,59.49876369275283,848,478,139.71251621673468,145.8050133957084,165.60091103430534,168.29527037849985,82.65993569189754,78.3887023459152,15.327746117068292
person_20.mp4,front,319,5361,59.49876369275283,848,478,139.8125822994225,146.4864797461239,164.39857896162013,168.72426840972489,82.79924414628887,79.00369996165472,15.853956107109095
person_20.mp4,front,320,5378,59.49876369275283,848,478,139.09909429789357,145.34668441465217,162.7419803399617,168.7294396812794,82.4574525582731,77.9237979404861,17.0120268330625
person_20.mp4,front,321,5395,59.49876369275283,848,478,139.10730847984152,146.20400511016123,168.84619376092405,171.42023104152213,82.42825795859748,78.74867326102488,11.927017144450986
person_20.mp4,front,322,5412,59.49876369275283,848,478,139.21624959018112,148.4932213482935,166.630004386214,172.24408135007613,82.39663634817437,79.27070313604692,13.272588875744571
person_20.mp4,front,323,5429,59.49876369275283,848,478,139.127308358374,148.26868307663773,166.5459599534324,172.1449394292315,82.65051585616985,78.8624562548186,13.19314893618434
person_20.mp4,front,324,5445,59.49876369275283,848,478,136.89608132569813,147.64558801962298,165.35085574143946,171.93892292916968,82.11759356895315,78.53476172985681,12.977000919430022
person_20.mp4,front,325,5462,59.49876369275283,848,478,138.28562529092176,148.3204344618711,165.9624964693918,172.5422072692275,83.13041809509258,78.39855187200199,12.549218367500254
person_20.mp4,front,326,5479,59.49876369275283,848,478,138.51167022417192,148.68361939293868,165.5758715647586,173.03832808909837,83.04698530284544,77.24724983142023,12.660143008468264
person_20.mp4,front,327,5496,59.49876369275283,848,478,140.49904955281818,149.65985443390818,164.00878252796628,173.27887202752692,84.33333528664048,78.16740328592508,13.585821720688847
person_20.mp4,front,328,5513,59.49876369275283,848,478,143.99997660008808,152.32778483652643,166.04603753293594,173.10491680155525,87.34606667642787,79.79529983100929,11.950010579840352
person_20.mp4,front,329,5530,59.49876369275283,848,478,145.06825505849577,151.95486417301882,165.50778709402022,173.38494738650294,87.96293004183309,79.16205209881832,12.362931611722136
person_20.mp4,front,330,5546,59.49876369275283,848,478,146.0207670466446,153.40056898722645,164.6506792886053,173.4915821410265,87.77227693527493,80.52384262942361,13.969633174262572
person_20.mp4,front,331,5563,59.49876369275283,848,478,145.23287168431648,152.27180524275917,164.59098728533382,173.52046692186482,86.95207496249868,78.88893172595573,14.263375794130365
person_20.mp4,front,332,5580,59.49876369275283,848,478,145.73436353603947,151.91771865504163,163.74683433169272,173.53683152404722,86.79504267751939,78.94140247552811,15.893270159059083
person_20.mp4,front,333,5597,59.49876369275283,848,478,143.75307877835883,151.13855327282863,164.3358818254955,173.64540791511527,83.93777354165452,77.23565799940859,16.696447157961973
person_20.mp4,front,334,5614,59.49876369275283,848,478,142.45748574953464,149.8304015821378,163.31164918874296,173.27784708189444,82.4766098424764,75.61450115050555,18.00724108487414
person_20.mp4,front,335,5630,59.49876369275283,848,478,140.82517090693773,149.93611221904118,161.30132390491352,173.01616936524582,82.5531434903598,76.07458154304264,17.564064263623322
person_20.mp4,front,336,5647,59.49876369275283,848,478,141.79598296911055,149.76862008260088,160.80118774928306,172.87075311624398,84.34071513997428,76.06411344279248,17.14126914857452
person_20.mp4,front,337,5664,59.49876369275283,848,478,142.99945640135505,150.5705905937271,160.7002630394077,172.7343418942734,85.50986276383873,77.35819386277315,17.12495629477479
person_20.mp4,front,338,5681,59.49876369275283,848,478,143.91503703544663,150.69007670439441,160.67396450177944,172.7571542883753,86.62491211841476,77.39750437991304,17.03509724267591
person_20.mp4,front,339,5698,59.49876369275283,848,478,143.82481331240655,152.004108995037,160.69484911576777,172.89340680855005,86.97877310972004,79.10220303001263,16.598235636799092
person_20.mp4,front,340,5714,59.49876369275283,848,478,143.5247345507625,151.53950561981054,161.01261195391461,172.28867421200303,86.87347696679412,79.38568387400531,16.486632715049115
person_20.mp4,front,341,5731,59.49876369275283,848,478,143.45534110462737,151.6719266316328,161.2243327232112,172.32183917435415,86.55785004854582,79.81080084876231,16.3556426670056
person_20.mp4,front,342,5748,59.49876369275283,848,478,143.93377816432087,150.87229291044667,161.61772521779986,171.41160914387018,86.4454792030124,80.00522632448792,16.460487389700493
person_20.mp4,front,343,5765,59.49876369275283,848,478,144.60027162714636,151.27553190877222,162.08914796519625,171.5567997620149,86.61479960604248,80.04190895492671,16.592357831244065
person_20.mp4,front,344,5782,59.49876369275283,848,478,146.08355453669432,151.20070586032134,162.93655934020367,171.54921602900197,87.35805921405564,80.2447214065701,16.59032403555947
person_20.mp4,front,345,5798,59.49876369275283,848,478,146.34940570370966,150.81633984919492,163.90189414915474,171.1807104126595,86.50565597722307,80.03720279264361,17.0462959130644
person_20.mp4,front,346,5815,59.49876369275283,848,478,146.62715065577387,150.85197961292496,164.22868971511718,170.96613448013,86.38628795149594,80.16473442561863,17.300058587269
person_20.mp4,front,347,5832,59.49876369275283,848,478,145.45619060464824,149.1975073987534,164.68091298118765,170.1147081473254,85.03815929450718,79.43748228175853,17.379779205594012
person_20.mp4,front,348,5849,59.49876369275283,848,478,145.62123646934333,149.62052944856325,164.66476881708795,170.45103360005947,85.3396867909253,79.53804901120687,17.36448735392702
person_20.mp4,front,349,5866,59.49876369275283,848,478,145.58345434769657,149.53431718260558,164.58062387816548,170.54024685431892,85.3593947830535,79.54198659432276,17.295512058970075
person_20.mp4,front,350,5882,59.49876369275283,848,478,147.88158260564535,150.13465145759199,164.8437942783704,170.51816538761665,86.85216771178963,80.00112948103886,17.263779815238127
person_20.mp4,front,351,5899,59.49876369275283,848,478,147.75206557506186,150.84878490913567,164.3718313284862,170.93163261449973,87.05413343921444,80.28054238554614,17.193007853888144
person_20.mp4,front,352,5916,59.49876369275283,848,478,146.10128783611174,150.8130337475618,163.68259054307794,170.97384019389025,86.30292662922533,80.28520079856851,16.9757032625182
person_20.mp4,front,353,5933,59.49876369275283,848,478,146.54972919854774,151.36707421593493,164.46911981189461,170.46375907586122,86.84798387955713,81.1591570606529,16.600741487424205
person_20.mp4,front,354,5950,59.49876369275283,848,478,146.60917597400518,151.25902485925047,164.69039886517524,170.64648245918804,86.83877034548343,80.88277734562254,16.501410890076624
person_20.mp4,front,355,5967,59.49876369275283,848,478,147.58383008332666,151.0443079928341,165.44597463196138,169.76588146852413,86.83976740605135,80.461078403559,17.156961314588898
person_20.mp4,front,356,5983,59.49876369275283,848,478,148.2013334490409,150.76943965404834,166.79250018108675,169.5671573788684,86.89508407647774,80.24469822049515,16.817643505705842
person_20.mp4,front,357,6000,59.49876369275283,848,478,148.41459138841518,150.82170823281996,166.28658127709213,169.69134888118649,86.92233931192399,80.27802784775479,16.84472586016968
person_20.mp4,front,358,6017,59.49876369275283,848,478,148.12498461536396,151.05154665761964,164.87937344591631,169.84246718355058,86.46865528369597,80.25764856753194,17.681018863256053
person_20.mp4,front,359,6034,59.49876369275283,848,478,148.38824244839424,151.9883733171663,164.8338723111313,170.63974720374256,86.82855287166508,80.63432915184073,17.63189342306274
person_20.mp4,front,360,6051,59.49876369275283,848,478,148.08919667946876,151.82236777289594,164.0267855473078,170.55581155483378,86.50086732355774,80.70472045359008,18.024288979910793
person_20.mp4,front,361,6067,59.49876369275283,848,478,146.79700315044352,151.45546427545233,164.00286996787003,170.6411188603058,85.1246561362225,80.03037440004718,17.97832035662341
person_20.mp4,front,362,6084,59.49876369275283,848,478,144.98613782083365,150.18897685024493,163.9229107791737,170.11339445436315,83.91790426942053,79.65681402910263,17.915635643024203
person_20.mp4,front,363,6101,59.49876369275283,848,478,144.12788940243976,149.4809532175078,163.35724765803664,169.7632129588823,83.60748831948406,79.21126632878796,17.755332498420778
person_20.mp4,front,364,6118,59.49876369275283,848,478,143.0521582939583,148.98657610133128,163.0820081653797,169.6279460819003,82.77845535018064,79.15002451335265,17.647191147120957
person_20.mp4,front,365,6135,59.49876369275283,848,478,142.2152221336633,147.84873304077144,164.55471860948526,169.85408177997869,82.6561628486925,78.43755568505658,15.98485049503876
person_20.mp4,front,366,6151,59.49876369275283,848,478,140.3665133412234,147.47582645487228,163.77867544669948,169.88304472952254,82.05963609870838,77.86018881311966,15.773267883277747
person_20.mp4,front,367,6168,59.49876369275283,848,478,140.5396624145907,147.9496060059727,164.46441683839768,170.45932104856865,81.97449489332264,78.16122269957613,15.172200602894392
person_20.mp4,front,368,6185,59.49876369275283,848,478,141.04385788320022,148.4836091164075,166.24278016128622,172.7056529729163,82.47876778335971,78.79229891824123,12.690702113680393
person_20.mp4,front,369,6202,59.49876369275283,848,478,140.07894792982162,147.6755191062381,165.767454865997,173.50345683296894,81.98843268884366,77.2229902218412,13.163806053896634
person_20.mp4,front,370,6219,59.49876369275283,848,478,142.94007186303946,151.47383156620282,169.26140015338885,174.46344137667205,84.72351040379941,81.53935953047257,9.683312079812298
person_20.mp4,front,371,6235,59.49876369275283,848,478,146.67224752485808,153.40247417394133,173.79264015045058,174.73880414902686,89.2679478749775,85.66819879722199,4.93563886796035
person_20.mp4,front,372,6252,59.49876369275283,848,478,145.82982080333318,151.85639283144087,173.0947140124941,174.42882462171374,89.20383855994369,85.95376216044149,4.733979504560406
person_20.mp4,front,373,6269,59.49876369275283,848,478,146.1508603179937,153.53353074243827,172.76565781934715,174.0276754329161,89.68525330303031,88.84043737020593,4.339642677545265
person_20.mp4,front,374,6286,59.49876369275283,848,478,145.772363243966,150.73248722328046,174.38914830329472,173.9968030635928,89.88376626750826,88.20416679384526,1.5621243229914794
person_20.mp4,front,375,6303,59.49876369275283,848,478,144.35939405430275,148.56021202993747,170.90775985583937,171.0381917807998,88.97502768794989,87.20119838982501,5.262380520130711
person_20.mp4,front,376,6319,59.49876369275283,848,478,143.9248181780935,148.98531402112718,171.0095263489635,172.1993221622807,88.72135851331372,87.59846272984592,4.559397016223814
person_20.mp4,front,377,6336,59.49876369275283,848,478,147.08507685824762,152.419298131953,173.10901467837346,173.82000391103975,93.41156749449331,90.77860677484867,1.2569963176653518
person_20.mp4,front,378,6353,59.49876369275283,848,478,148.14690502741092,153.06240990706002,170.23181951425192,173.93500956213788,95.48993917519505,90.8563919298537,3.049601581963782
person_20.mp4,front,379,6370,59.49876369275283,848,478,148.36293746596218,154.90283281169476,168.33543170154977,175.07956735971626,98.44013788587226,92.17858136978859,1.507491755181102
person_20.mp4,front,380,6387,59.49876369275283,848,478,149.37898980396335,155.2987783595576,170.3131295369575,174.75724235556174,102.57283230204185,95.37351431932488,5.267679605718662
person_20.mp4,front,381,6403,59.49876369275283,848,478,137.3503181769121,145.00044606483976,158.06556683691858,171.80186797848577,106.00583251033379,96.95936838068955,7.93207909069689
person_20.mp4,front,382,6420,59.49876369275283,848,478,134.2704923191958,134.1235048187509,156.98820338681875,163.99553402261913,111.88789464551488,103.53112079210554,18.94253845888555
person_20.mp4,front,383,6437,59.49876369275283,848,478,138.45549638866947,141.04546775702013,159.5279599138669,171.15314802224967,112.14779159916554,101.51358452980429,16.387252585411574
person_20.mp4,front,384,6454,59.49876369275283,848,478,126.21698586741567,126.8664958059376,151.98988629843345,159.3479383373706,109.23687018785486,100.99530038911735,19.965677684338434
person_20.mp4,front,385,6471,59.49876369275283,848,478,130.78596558509068,127.41629928628491,154.96844262415976,155.78829071956847,118.19417240770346,112.14816303144408,28.331164952008844
person_20.mp4,front,386,6488,59.49876369275283,848,478,122.13770942113845,118.22569786864224,142.55873455129847,143.06890285719993,113.88468514934607,107.89208264341198,20.78133805024871
person_20.mp4,front,387,6504,59.49876369275283,848,478,112.64716772301436,107.59314059854506,137.37496389458119,135.72355742034182,106.06808965121685,99.50128195206464,15.892368424863653
person_20.mp4,front,388,6521,59.49876369275283,848,478,123.94862901452483,119.80495067072754,142.7452738436704,141.9940886107047,119.22656570349035,114.34795550108853,24.650655727964686
person_20.mp4,front,389,6538,59.49876369275283,848,478,118.32454070599725,113.04537361619688,141.7823442603458,140.19700930326417,114.32108368616875,109.83357336825657,23.816861015713304
person_20.mp4,front,390,6555,59.49876369275283,848,478,126.82003477091504,123.11980698267158,146.46611738394216,144.0123288503227,125.17627788300291,121.85335367463723,31.659937201247654
person_20.mp4,front,391,6572,59.49876369275283,848,478,122.51990166842737,117.62443367123662,144.686578209845,142.0543215762598,122.02977756952279,118.13828060538302,31.25704896486912
person_20.mp4,front,392,6588,59.49876369275283,848,478,117.29319763940892,111.64244770419806,142.11167794869158,139.06864520461613,117.46540025822293,113.32516835480688,28.35210324797599
person_20.mp4,front,393,6605,59.49876369275283,848,478,113.86389555767686,109.23254779989263,140.08471139797587,136.72563023554522,114.54477375517133,111.1584275346458,26.241558698682827
person_20.mp4,front,394,6622,59.49876369275283,848,478,105.55723455825523,100.86432580968834,124.00555693044687,122.82982588077486,107.37233004351346,104.5437268871346,12.92579692975581
person_20.mp4,front,395,6639,59.49876369275283,848,478,96.49657605727549,94.41304702465972,110.54654157490454,109.41457942755044,99.24102860485118,98.32059203685544,1.016083091217408
person_20.mp4,front,396,6656,59.49876369275283,848,478,83.86007364554895,81.76403412230214,92.77556748820103,91.80130861726963,88.39470454236607,87.75586206130512,15.367230499723913
person_20.mp4,front,397,6672,59.49876369275283,848,478,75.91337410563041,76.70247122440554,76.6995126327272,75.49106214472495,81.84166391030469,83.90326040674104,30.36047204468424
person_20.mp4,front,398,6689,59.49876369275283,848,478,72.95972851243073,73.60385762445074,72.4594089880868,70.47745352837124,79.55543771090241,81.90440188616407,34.271946267595105
person_20.mp4,front,399,6706,59.49876369275283,848,478,65.89868205336077,68.09601629664529,64.02851946865559,61.78421889168551,73.15061769958196,76.56236234627649,43.40910738277153
person_20.mp4,front,400,6723,59.49876369275283,848,478,60.56525387841677,62.38806126005091,63.30386026819699,61.11912656564887,68.41274638241187,72.08903652311089,43.18085389925256
person_20.mp4,front,401,6740,59.49876369275283,848,478,58.318330445295196,59.38778285168133,62.79886057074632,59.5498533681117,66.5348482707931,70.46521163500019,43.533856551577024
person_20.mp4,front,402,6756,59.49876369275283,848,478,54.092918427846946,56.050963953624574,57.23547331912712,53.30358846153974,61.05250285950956,66.02909130505277,50.99513163949797
person_20.mp4,front,403,6773,59.49876369275283,848,478,55.02974034188969,56.61525640596849,58.593978878884236,53.93749819544675,61.96155414586285,66.93410154399237,49.92305198636627
person_20.mp4,front,404,6790,59.49876369275283,848,478,51.09370014991866,53.90671644169773,54.50901093918631,49.64718315635501,59.536277861470346,65.23144073625448,53.093364014142885
person_20.mp4,front,405,6807,59.49876369275283,848,478,49.79098804448113,52.351640804660946,53.626797956230185,49.82327347371691,59.829776227130075,64.86646926935906,53.499168218161756
person_20.mp4,front,406,6824,59.49876369275283,848,478,50.281281978182626,53.022368508958245,55.051811971748876,51.84001711326219,61.16216699550489,65.6202261230227,51.5533983051908
person_20.mp4,front,407,6840,59.49876369275283,848,478,50.381495961624736,52.58605101996288,56.150666417361,52.69220650685195,61.484301240537455,66.00393708858608,50.62768205765915
person_20.mp4,front,408,6857,59.49876369275283,848,478,48.189927536665046,50.11540185186068,58.07584124084396,55.04237497994403,60.99384220697666,64.95756653131112,47.386386652017414
person_20.mp4,front,409,6874,59.49876369275283,848,478,46.69878421303816,48.86745889659309,56.50083655045561,53.744396019608025,60.37527491743614,64.17431844013655,48.01227641676403
person_20.mp4,front,410,6891,59.49876369275283,848,478,45.18476837625434,47.780988395003185,55.02857271419678,52.484916932251664,60.245117517493824,64.03309600525141,49.19620328166921
person_20.mp4,front,411,6908,59.49876369275283,848,478,46.611801560543725,49.13421129221157,56.26628582021724,53.81001440628,61.002421577157754,64.83691327825376,48.21212010522055
person_20.mp4,front,412,6925,59.49876369275283,848,478,46.98486288190308,49.41465035720933,55.64607585525464,53.62316947086421,61.007666697571544,65.07730652484992,48.571633548857484
person_20.mp4,front,413,6941,59.49876369275283,848,478,45.45194757617744,47.391300327130104,56.57712168835137,54.3714833524468,60.73674480104508,64.16000554843453,47.75042472257584
person_20.mp4,front,414,6958,59.49876369275283,848,478,45.041827363877466,46.78649496085517,55.75211480425525,53.06652071278601,59.7135382947083,63.12959309271786,48.82404743764832
person_20.mp4,front,415,6975,59.49876369275283,848,478,43.95211933313874,45.504332059109174,55.15788575127197,52.40453012139207,59.41189468959704,62.476361127169056,49.17208185925405
person_20.mp4,front,416,6992,59.49876369275283,848,478,44.798216397479706,46.35652831864679,53.40831207739207,50.8694447110368,59.23538169793635,62.48264381929114,50.65720217659363
person_20.mp4,front,417,7009,59.49876369275283,848,478,43.754017161766235,45.57610911603135,50.47727699633655,48.352776409905324,58.16329064996443,61.382192951758306,53.07552576401717
person_20.mp4,front,418,7025,59.49876369275283,848,478,43.7037082686355,45.32875196125169,50.475163273495994,47.86149246610084,58.5340964549831,61.51031398789792,53.16054089428218
person_20.mp4,front,419,7042,59.49876369275283,848,478,42.57921315119564,44.34010699329983,49.64632119894427,47.08603647194558,57.46668478092251,61.598299800486124,53.456460700178006
person_20.mp4,front,420,7059,59.49876369275283,848,478,43.811652136231324,46.11712628319958,50.48457014471741,48.641082778014905,59.41533329032018,63.39721766169994,52.27634080766831
person_20.mp4,front,421,7076,59.49876369275283,848,478,44.24555355203903,46.79968625838579,50.80317599153112,48.86837200201162,59.76940958264742,63.46957928646323,52.01029027259608
person_20.mp4,front,422,7093,59.49876369275283,848,478,42.81935285686181,44.88625135665169,49.92981655329268,47.04571773032533,57.73603581535733,61.192500431293695,53.48862723214026
person_20.mp4,front,423,7109,59.49876369275283,848,478,42.1856949955948,43.98689409720363,48.544060131372234,45.90190289615988,56.69540756200832,59.703897062211155,55.24970903092637
person_20.mp4,front,424,7126,59.49876369275283,848,478,42.429467729895045,44.06893846335007,50.50568663790946,48.09753723280652,57.45183380856309,59.952628543541394,53.29094403987916
person_20.mp4,front,425,7143,59.49876369275283,848,478,43.51211080213562,44.79776168438742,53.01621189751289,51.79472450113198,60.39888525259459,59.8329190987722,50.260165379809365
person_20.mp4,front,426,7160,59.49876369275283,848,478,43.75692218886827,44.83511010746963,53.22147769619856,51.87224691796882,59.274885080676164,60.067176105379176,50.07086663551831
person_20.mp4,front,427,7177,59.49876369275283,848,478,43.761871539485774,45.560597000500685,52.33796351863938,50.36881598708962,58.670111928048144,59.05737761789684,51.38425936807579
person_20.mp4,front,428,7193,59.49876369275283,848,478,44.16589986485284,46.08219439486782,53.00556337562345,50.810291843409544,57.91936157343868,59.33788283288395,51.20959878712959
person_20.mp4,front,429,7210,59.49876369275283,848,478,45.06784369257436,46.96127587929203,53.24739254695192,51.197814170295146,57.402578933591954,59.91261289850257,51.6026761466755
person_20.mp4,front,430,7227,59.49876369275283,848,478,46.32388337982041,47.79240475559156,55.191076127322866,52.86590870398455,57.49807193124003,60.45792059860875,50.49046583154346
person_20.mp4,front,431,7244,59.49876369275283,848,478,48.9879189568669,49.648034974884574,58.61488610270586,55.932059083974266,58.236286597608284,61.49056558655876,48.44975636595263
person_20.mp4,front,432,7261,59.49876369275283,848,478,52.65916363975525,51.97756480666232,62.53349885491019,59.502773904831066,58.41702736250504,61.79432919287445,47.725795075665076
person_20.mp4,front,433,7277,59.49876369275283,848,478,54.41033320204187,53.63060895830631,66.36115723138262,64.29092496583819,58.471091323957616,61.29763931491843,45.704051582476716
person_20.mp4,front,434,7294,59.49876369275283,848,478,57.70847912292829,56.02626850666218,73.32808350814835,72.75147413028829,60.2207919291062,61.98922764075517,41.30108086608579
person_20.mp4,front,435,7311,59.49876369275283,848,478,57.26553370458721,53.671189876270546,70.07180882466557,69.33527532433361,55.972439151099096,55.55019238867546,42.55301061597336
person_20.mp4,front,436,7328,59.49876369275283,848,478,57.41512207354701,54.5090722813084,70.45061335138648,69.95557625482272,55.60647094556923,56.36210675291264,42.13494067090537
person_20.mp4,front,437,7345,59.49876369275283,848,478,58.2831017767807,56.2289633884715,71.28722609044836,69.86568224272999,55.85127467322234,58.525380831157804,42.28122486869078
person_20.mp4,front,438,7361,59.49876369275283,848,478,62.05342417180519,61.92158421603306,74.00825173416742,73.75034853576484,59.05592637502215,62.472152328860695,41.990492888037515
person_20.mp4,front,439,7378,59.49876369275283,848,478,68.32031036449195,69.00244774346898,78.26352571173923,79.40520873049681,62.73420465742541,65.87953124525389,41.160000475778226
person_20.mp4,front,440,7395,59.49876369275283,848,478,75.15738692170869,77.65158478679413,81.99924360494268,88.17562743290866,66.47089946078341,67.2872458229512,40.157950514739426
person_20.mp4,front,441,7412,59.49876369275283,848,478,91.21466903260034,97.6351506052819,98.65055319761764,111.8560420036055,72.04570344645606,70.49003870785414,35.79373402816242
person_20.mp4,front,442,7429,59.49876369275283,848,478,90.68470349730084,96.0662895348656,101.29464907913393,112.64477310155804,72.39812457205694,71.5059586322062,32.734469286950755
person_20.mp4,front,443,7446,59.49876369275283,848,478,93.50196447989119,105.5992053510757,107.36951769779432,124.4875603595231,68.44733451387752,68.05326425741414,34.114025182503674
person_20.mp4,front,444,7462,59.49876369275283,848,478,109.17741319150961,133.49409528132625,124.01337919707798,155.37798611083204,71.04729713252642,68.98572318574283,32.34895759847326
person_20.mp4,front,445,7479,59.49876369275283,848,478,114.07159734194917,140.23130229194922,131.92726643512455,165.54684218504366,71.04591340154776,68.4038864050551,30.179569859378873
person_20.mp4,front,446,7496,59.49876369275283,848,478,112.47982401142738,138.0302407071141,134.7471898999951,166.61250318048326,70.0163305413511,67.61682912547214,27.687697486849263
person_20.mp4,front,447,7513,59.49876369275283,848,478,124.94419275796756,142.9758473469672,147.34056757942923,171.61194728614325,70.99774870075089,67.59361859055639,26.91658283085189
person_20.mp4,front,448,7530,59.49876369275283,848,478,128.2821464458583,144.45006769726405,149.896578280247,173.12320945558065,70.3022145964629,66.50417937339662,27.06584912401747
person_20.mp4,front,449,7546,59.49876369275283,848,478,131.13545450092792,143.94775266814202,155.62179856807205,173.8749177932371,70.22492734185337,66.56370948438015,25.36949077881508
person_20.mp4,front,450,7563,59.49876369275283,848,478,131.0853217860675,143.55619107297719,153.54525164025762,173.39607635307362,69.58393309637151,65.5444679827869,26.468197004164747
person_20.mp4,front,451,7580,59.49876369275283,848,478,127.8246204747797,141.20544332483016,149.38413374491816,170.61021624983897,70.83341110684599,66.59954446152304,25.934377430864515
person_20.mp4,front,452,7597,59.49876369275283,848,478,127.2853314783294,141.07044450910183,148.68894500239188,170.20346589801034,71.68096501199953,67.41048828693236,24.842143720859987
person_20.mp4,front,453,7614,59.49876369275283,848,478,129.26971669340958,143.23757157327512,149.6938035857545,172.0079957540565,72.98946813641646,68.15181315564249,24.27135744572367
person_20.mp4,front,454,7630,59.49876369275283,848,478,127.52771429450516,142.52729332795153,151.64505922956283,172.9075964098686,69.90676216505226,66.11868686025639,23.751024665933315
person_20.mp4,front,455,7647,59.49876369275283,848,478,127.94633548122815,143.0532689774561,153.02238467172916,173.25545312939653,71.84297736656286,67.1858855183414,21.620007305378355
person_20.mp4,front,456,7664,59.49876369275283,848,478,126.31118445936985,142.07520744934132,151.28978271091648,172.50798255381974,71.27515339157857,66.96681304075102,21.818836947353798
person_20.mp4,front,457,7681,59.49876369275283,848,478,128.0736332692534,142.01654751430942,153.1081411724742,171.83955462996883,73.00949531770543,68.01191592312789,20.312417311090197
person_20.mp4,front,458,7698,59.49876369275283,848,478,129.38605693568573,142.29130986228603,153.34856058664238,170.9662458350788,75.67164552377552,69.92512024805623,19.265814110712594
person_20.mp4,front,459,7714,59.49876369275283,848,478,129.30452370732812,143.00693022577252,153.36417730988356,171.74818656008665,76.29254152915821,70.69256515008506,18.57504593848704
person_20.mp4,front,460,7731,59.49876369275283,848,478,129.6912060026397,141.1412040156995,155.18218104892478,170.18719281671207,76.53822425931547,70.8838172497545,17.573795033544048
person_20.mp4,front,461,7748,59.49876369275283,848,478,131.80602105872265,141.64560232197462,159.1007136865486,170.85542539647412,77.90217097600112,71.81556649127312,15.443921855590569
person_20.mp4,front,462,7765,59.49876369275283,848,478,137.69723311368844,141.6670829807001,174.3958392269856,174.332057427617,81.3251961867845,72.82590050643718,3.89428329391536
person_20.mp4,front,463,7782,59.49876369275283,848,478,134.0927282676796,142.36893802192046,165.4855928925044,173.18279683492767,79.33112302897207,73.02762900989372,9.18008435878431
person_20.mp4,front,464,7798,59.49876369275283,848,478,134.3147256542083,142.30798126436346,163.97373841168016,172.50444687789278,79.8327994151087,73.23764690953539,10.445817895797097
person_20.mp4,front,465,7815,59.49876369275283,848,478,135.00860466112053,142.16721917177432,168.72097492498767,174.00800054035506,80.09664825220244,73.19065606036145,6.379302278056333
person_20.mp4,front,466,7832,59.49876369275283,848,478,137.68714693956454,142.46811391322152,170.65939311896773,173.16233297604893,80.76510056450813,73.59692081913036,7.349696918420674
person_20.mp4,front,467,7849,59.49876369275283,848,478,136.44918655396037,143.0128252320563,168.4240308463961,172.16897583733922,80.05759443902171,75.0644905282264,8.973472740769662
person_20.mp4,front,468,7866,59.49876369275283,848,478,136.74549957705085,143.9085809080885,167.8223047843049,172.2295558376197,80.79490364231265,76.73364835907982,8.852770056659024
person_20.mp4,front,469,7883,59.49876369275283,848,478,138.09843916080115,145.64774642010062,170.28057092067272,173.057843839306,82.24455681848472,78.59412459349889,6.960433527278986
person_20.mp4,front,470,7899,59.49876369275283,848,478,138.6863379417229,146.91224571124687,171.19874065410409,173.32254726026977,82.82748811001959,80.7076578873692,6.043991450216406
person_20.mp4,front,471,7916,59.49876369275283,848,478,138.53358364723456,146.43338210045573,170.49115099685866,172.8148938264136,83.10931954154631,81.02278034563957,6.6137756573596915
person_20.mp4,front,472,7933,59.49876369275283,848,478,140.15987624426782,147.9955912590196,175.30450783636758,173.32540943947114,84.61348642381982,83.62605068931789,3.6571273342822073
person_20.mp4,front,473,7950,59.49876369275283,848,478,140.08738666444353,148.27892907118445,172.62608023405068,171.9885658532003,85.02838616403456,84.8649541868497,5.4626606990513356
person_20.mp4,front,474,7967,59.49876369275283,848,478,140.76572420680114,147.1439037003955,177.49530850190263,173.3945833117487,85.25470353280731,84.21489800153118,2.47575417559995
person_20.mp4,front,475,7983,59.49876369275283,848,478,141.52510870729904,145.6551085754143,177.5089150299085,172.88785502468969,85.6949422959154,83.56433125423736,2.214415727605301
person_20.mp4,front,476,8000,59.49876369275283,848,478,140.48428645518376,144.5035768058217,176.59995865039676,171.99445397656058,85.30611269492412,82.7451984294102,3.720043689462888
person_20.mp4,front,477,8017,59.49876369275283,848,478,139.9147952596484,146.67485500240988,172.06133825260713,172.02886937724986,85.13118920335927,83.75089595375735,6.804763218552754
person_20.mp4,front,478,8034,59.49876369275283,848,478,140.05487504464256,148.232342008074,171.65665825846517,172.60204620530226,85.12623093468088,83.50215337273855,7.8384739443336064
person_20.mp4,front,479,8051,59.49876369275283,848,478,143.62006027681255,150.0690926831532,171.90190704937302,173.24730912608874,87.6456253344706,83.93447552059412,7.834682030158699
person_20.mp4,front,480,8067,59.49876369275283,848,478,144.51420098165022,149.26463774444585,174.62181442889317,173.22528304689746,87.50310604331287,83.33848602334729,7.325718623210395
person_20.mp4,front,481,8084,59.49876369275283,848,478,146.03081604712656,150.13662928919965,176.7196212540558,173.71293764038177,89.12040821361752,83.07536977852759,5.834165273255946
person_20.mp4,front,482,8101,59.49876369275283,848,478,144.97401593603038,148.69658467077466,174.20444698020214,172.32770113113335,88.29559862171563,80.35630967469955,9.385870732498503
person_20.mp4,front,483,8118,59.49876369275283,848,478,144.90599408285163,149.86014178696752,171.78294443469377,172.46343475228775,88.6461896302057,80.27800695564505,11.379717565071445
person_20.mp4,front,484,8135,59.49876369275283,848,478,144.69410812891954,150.73845459024218,166.82628095804907,172.94706136678323,89.13150675933797,80.76281968372247,13.56424037977975
person_20.mp4,front,485,8151,59.49876369275283,848,478,146.13143890281074,151.06445786235867,171.9831726724011,173.60625534007062,90.01782084325778,80.51671137977694,10.744722894849177
person_20.mp4,front,486,8168,59.49876369275283,848,478,145.52910746281643,150.49342984530847,173.4929472987658,173.70365744724825,89.54821264592127,80.0228088354897,9.613646479475742
person_20.mp4,front,487,8185,59.49876369275283,848,478,144.9546041264448,150.5225870188308,172.81444045580824,173.54727301092822,89.28858583371786,79.68399387035402,10.425024326926149
person_20.mp4,front,488,8202,59.49876369275283,848,478,145.25643034549398,150.3836598698558,175.7218955386224,173.68096530648157,89.02030755637527,79.71716918815108,8.525167315744298
person_20.mp4,front,489,8219,59.49876369275283,848,478,146.36768641227218,150.0444728218242,176.7743443772514,173.66307412863634,89.54415008103034,79.43510160330558,7.9515870791396885
person_20.mp4,front,490,8235,59.49876369275283,848,478,145.27532217179473,149.90838565474291,176.71296495813627,173.4597943153628,88.93404506767882,79.63005623864801,6.490899832924093
person_20.mp4,front,491,8252,59.49876369275283,848,478,143.59138700965704,150.1706592890116,178.67146906362575,172.45337177965047,87.66547665841505,80.84840597660029,3.7176882797481934
person_20.mp4,front,492,8269,59.49876369275283,848,478,143.18498523084781,149.43399859364254,177.128062192271,172.89963840058178,87.29701893761218,80.27515161794277,4.77087859174713
person_20.mp4,front,493,8286,59.49876369275283,848,478,140.91299938867792,148.1847352066252,174.36259355086113,173.22074554422684,85.08318089359695,79.28541138643934,6.58543675910365
person_20.mp4,front,494,8303,59.49876369275283,848,478,141.48301868635372,148.14315020683577,175.5379046367815,173.2820552682771,85.61685414373106,79.36717797548916,6.192794955914327
person_20.mp4,front,495,8320,59.49876369275283,848,478,139.84275720923404,147.3525767249481,173.62431109371727,173.40306630781672,84.66393940006826,79.3432857872239,7.166127989671599
person_20.mp4,front,496,8336,59.49876369275283,848,478,140.65248361451296,148.41877743839947,170.9363931556249,173.35614040114515,84.92209507556976,79.67999476800317,8.89834733148604
person_20.mp4,front,497,8353,59.49876369275283,848,478,141.11839207102935,148.34558243099724,170.54062170121924,173.35157257697205,85.03251983022264,79.82447024192483,9.709905339550923
person_20.mp4,front,498,8370,59.49876369275283,848,478,141.10579099436828,147.86948850362074,169.70023178836735,172.83372859721808,84.93347048700576,79.58031134897877,11.086584915753123
person_20.mp4,front,499,8387,59.49876369275283,848,478,141.91008096513855,148.14645374786474,170.4191122951211,172.87228635399208,84.80099009034625,79.28116580812727,11.33434729372119
person_20.mp4,front,500,8404,59.49876369275283,848,478,141.55577089508603,148.1146841621979,174.5037362768148,173.31554937935402,84.89443412765678,79.27840743245474,7.919536369334528
person_20.mp4,front,501,8420,59.49876369275283,848,478,142.0328540483579,147.81284569141815,173.39371960394544,173.23805295259623,84.96772486926861,79.43992361538152,8.782132303129602
person_20.mp4,front,502,8437,59.49876369275283,848,478,141.51515157819205,147.267299594315,172.59524010070862,173.05208409950725,84.47101165468008,79.38010477779305,9.320895542056116
person_20.mp4,front,503,8454,59.49876369275283,848,478,141.1273618896761,147.0599630347475,172.79784009446556,173.01782179290518,84.30959881163258,79.3099313399526,9.095472726061516
person_20.mp4,front,504,8471,59.49876369275283,848,478,140.70388852381262,147.0958165877419,169.73712367238454,172.47859493651023,83.59944002844836,79.1642998903114,11.519298910227235
person_20.mp4,front,505,8488,59.49876369275283,848,478,141.96455288476224,147.49414333970833,178.51419740562767,173.06980799808557,84.43114036468656,79.72933647144077,4.722154786545089
person_20.mp4,front,506,8504,59.49876369275283,848,478,140.50760759465058,147.04632637385257,175.993730383462,173.14727279928266,83.46859677843815,79.3278564832657,6.884687215270121
person_20.mp4,front,507,8521,59.49876369275283,848,478,140.48734081527982,146.05543173614666,177.42107428128458,173.08226727850953,83.64108775404091,79.04484354020119,5.627347665928696
person_20.mp4,front,508,8538,59.49876369275283,848,478,139.26991115546238,145.38505463108143,178.2583293424434,173.0448323139365,83.55135962049536,79.01573247612548,5.078344009413068
person_20.mp4,front,509,8555,59.49876369275283,848,478,138.71227983616603,145.07838870311522,178.87769686991285,173.0900423522965,83.44876396102987,78.77523098696936,3.9960941581564366
person_20.mp4,front,510,8572,59.49876369275283,848,478,137.390113483267,144.18704371146075,171.32843363455214,171.3656760296442,82.29563315324341,78.22245090194308,10.20151989751262
person_20.mp4,front,511,8588,59.49876369275283,848,478,137.4575757444874,143.4491320174576,165.47469711388544,170.0973412837808,81.80351423841411,76.38727045158899,14.700418707170986
person_20.mp4,front,512,8605,59.49876369275283,848,478,137.39154064011277,143.80577398702675,167.40010384979942,170.8050748192384,81.41586705409125,76.77537239511402,13.463229005748923
person_20.mp4,front,513,8622,59.49876369275283,848,478,136.84576575574502,144.9927803191402,162.89509388545397,170.43876794808457,81.12166290643742,77.04459685076664,16.31900088673167
person_20.mp4,front,514,8639,59.49876369275283,848,478,137.3453867523325,145.84205734196672,161.97264580965214,169.56442144477495,81.36991330601896,77.85594740562063,17.813631846624887
person_20.mp4,front,515,8656,59.49876369275283,848,478,136.9245616902333,145.43844533047346,161.7448950526153,169.48983835003435,80.5382772007909,76.66880428286102,18.338906646144004
person_20.mp4,front,516,8672,59.49876369275283,848,478,139.59352284832386,146.89438809061193,162.90211985538377,170.01837309200798,81.70290285564022,77.59424848196188,18.372254888142734
person_20.mp4,front,517,8689,59.49876369275283,848,478,138.5551599618774,146.62837460028464,163.07248405700784,170.53651379142616,80.71799355289228,76.68576773415342,17.777614750166453
person_20.mp4,front,518,8706,59.49876369275283,848,478,138.32192752882364,146.76256918005436,162.02330427066607,170.1295158268841,80.92975949678352,77.17124153392353,18.21330998372816
person_20.mp4,front,519,8723,59.49876369275283,848,478,138.76476211547748,146.79792814754617,161.80112448364656,169.96198374990485,81.32031223196472,77.41829053966417,18.284644066630868
person_20.mp4,front,520,8740,59.49876369275283,848,478,140.59220709861546,148.89497371557906,163.60859483981127,169.32295798269007,82.36999124056673,79.67261478475619,17.87746797512841
person_20.mp4,front,521,8756,59.49876369275283,848,478,142.01781599017505,149.41549919864607,164.76779213091513,169.0388351374615,83.31411368553219,80.9661216225908,17.66522418695124
person_20.mp4,front,522,8773,59.49876369275283,848,478,142.83519261218518,149.63902197363447,166.01137174680835,169.0070550091372,83.79954339369056,81.79936775211158,17.006638689795636
person_20.mp4,front,523,8790,59.49876369275283,848,478,142.67724158979715,148.5948007577566,166.26390059925305,168.37084972780835,83.88006182620408,81.9111468715649,16.358926926638922
person_20.mp4,front,524,8807,59.49876369275283,848,478,140.96696982852467,146.23725510527842,166.56902964739908,166.97735517870188,82.16131768889652,80.59772081513096,16.802955459035015
person_20.mp4,front,525,8824,59.49876369275283,848,478,141.5559700915265,146.0723406097191,168.64826060307294,167.26224057134783,82.52663126602161,80.25819272959696,15.742031005060001
person_20.mp4,front,526,8841,59.49876369275283,848,478,141.66082154687868,145.96194521320956,168.8233928384268,167.58966459849293,82.63208319635288,80.26084368798774,15.059335533149774
person_20.mp4,front,527,8857,59.49876369275283,848,478,141.54405166168613,145.60773452380877,168.55602432595904,167.88881726443847,82.93206653648919,79.91441792376808,14.860841111139376
person_20.mp4,front,528,8874,59.49876369275283,848,478,142.3457364473253,146.38788615902934,169.69413954337458,168.53205957880928,82.64631809763497,80.30719577384386,14.06466549533432
person_20.mp4,front,529,8891,59.49876369275283,848,478,142.5113907775449,146.3303208734403,169.89594274725042,169.14182012022025,82.7252783670675,80.40061433700781,13.569318494219125
person_20.mp4,front,530,8908,59.49876369275283,848,478,142.4611162085269,146.08491251182383,169.8143567778543,169.20450739824742,82.64564010860688,80.12308290779292,13.581638273829677
person_20.mp4,front,531,8925,59.49876369275283,848,478,141.70880995456696,146.40001685102672,168.15636887819272,170.56690907758912,83.76139106202304,80.25059818377358,12.352259940532191
person_20.mp4,front,532,8941,59.49876369275283,848,478,141.24149668370066,146.49515920083363,167.84315007174519,171.85558772768755,84.17844526615377,80.19691841919285,10.72561053544313
person_20.mp4,front,533,8958,59.49876369275283,848,478,141.48254291616112,147.80750551385032,168.08508585112006,172.07761064452805,83.97089757672408,80.84658781125289,10.897986070608882
person_20.mp4,front,534,8975,59.49876369275283,848,478,141.14529423556627,148.36077125593945,167.86231222359154,172.65037555742254,83.69481572951845,80.8569591363446,10.56180228635424
person_20.mp4,front,535,8992,59.49876369275283,848,478,139.8547319294191,148.11946713300168,166.04425886701807,172.1652345169222,83.32419197381435,80.99143724369605,11.474509198373172
person_20.mp4,front,536,9009,59.49876369275283,848,478,140.0575384243765,148.4291671096466,166.13785450307097,172.04000130586863,83.53042288052707,81.33183140006497,11.504123432882857
person_20.mp4,front,537,9025,59.49876369275283,848,478,141.20758636727578,149.26393701930687,169.87825661464052,172.4391694563737,84.06315241428752,83.04736209108557,8.36209953297622
person_20.mp4,front,538,9042,59.49876369275283,848,478,142.7761563541035,149.24482026797648,169.1254751153196,172.39783595408866,85.73911340862645,83.64620682395353,8.458970753362252
person_20.mp4,front,539,9059,59.49876369275283,848,478,141.24219964006832,147.5432602081739,168.8333182997647,171.7232421975064,84.60288334512266,82.73523353446348,8.497765974429717
person_20.mp4,front,540,9076,59.49876369275283,848,478,141.79372504347248,148.05559841796253,172.63764204572584,172.58466111771784,84.58745640700847,85.12044181538766,4.359461955245718
person_20.mp4,front,541,9093,59.49876369275283,848,478,141.63132752792347,147.15475373966297,172.8544199991,171.47578013219774,84.71069394377632,86.59661330166044,3.9218795449726547
person_20.mp4,front,542,9109,59.49876369275283,848,478,142.91192582479826,148.12738369704167,172.48193211644394,170.8256880635725,85.83520843168878,88.41674285930934,4.0693749250615525
person_20.mp4,front,543,9126,59.49876369275283,848,478,143.38833917486167,148.07248121556717,174.7470280381514,171.80625444231848,86.3649038180755,89.77010022256923,1.2563538710382334
person_20.mp4,front,544,9143,59.49876369275283,848,478,143.50117376976885,146.79558264550067,175.05192125444654,173.25561457849278,86.26497725701748,88.71596366670798,0.7214073702347835
person_20.mp4,front,545,9160,59.49876369275283,848,478,144.63100606786014,146.99007786750377,173.79671682519674,172.8411177307557,87.2875381706772,87.93986176793969,1.9196027132095852
person_20.mp4,front,546,9177,59.49876369275283,848,478,147.1920941681379,145.54511861467276,173.610266848579,171.7899656410036,88.79970429141879,86.87642560632801,3.5703592677934415
person_20.mp4,front,547,9193,59.49876369275283,848,478,150.46892116678623,147.4999923606618,173.88480706546,173.16233764463337,91.01439715221329,88.62687044385673,2.388925089379073
person_20.mp4,front,548,9210,59.49876369275283,848,478,150.8252649854451,146.7548027981433,169.75501042977194,171.4536222605517,95.6880798551262,89.70052476500729,2.980563250816346
person_20.mp4,front,549,9227,59.49876369275283,848,478,143.88359033921157,141.74914576340834,162.9132758640526,170.16480456253626,97.95174740506701,90.37108710774885,0.5262840596458612
person_20.mp4,front,550,9244,59.49876369275283,848,478,141.5610499637654,142.49977094228558,158.70416779399855,169.52633912200704,99.66171900233486,90.22726071467291,1.0626223470236276
person_20.mp4,front,551,9261,59.49876369275283,848,478,139.70692261232983,138.8853495795436,160.27931994244878,166.0783510032711,99.5696369069295,93.76694237404739,3.188983728286594
person_20.mp4,front,552,9278,59.49876369275283,848,478,132.27366215166035,137.72572458191283,147.0683696278483,163.0889361985198,104.24879032535752,93.85126776728983,1.8962570359708795
person_20.mp4,front,553,9294,59.49876369275283,848,478,131.53148161023637,136.61420643906166,149.945640190113,162.93983436850604,109.26552844308218,101.6207657975966,11.300914558276514
person_20.mp4,front,554,9311,59.49876369275283,848,478,125.08157732902625,125.09508080917183,138.84129474514435,147.54504674365694,110.29331814501013,102.2822836961693,9.5511323205325
person_20.mp4,front,555,9328,59.49876369275283,848,478,124.53910160471881,123.09972502263236,131.85469722890517,138.98417841387447,113.54009530381555,105.27711136044456,7.234593382301442
person_20.mp4,front,556,9345,59.49876369275283,848,478,124.6373910574827,121.5294111546522,142.48493182583934,142.72393696631514,117.83905563105093,114.23884209381488,23.107572685047018
person_20.mp4,front,557,9362,59.49876369275283,848,478,125.12552585844368,122.18639475546105,142.91561354403223,145.67461851122388,117.02234584139536,111.1901561437582,21.19139309707976
person_20.mp4,front,558,9378,59.49876369275283,848,478,136.00587953450722,131.94807301087792,158.30182243296403,157.19123251575968,126.59878246064333,123.26612683295895,35.53277108338148
person_20.mp4,front,559,9395,59.49876369275283,848,478,139.04199388183167,135.0658842044803,160.15472033715352,160.62612836675544,129.98642340270305,125.14381685420358,37.59673339583198
person_20.mp4,front,560,9412,59.49876369275283,848,478,126.50432046902922,121.33464623247777,146.39686363951188,146.15424686546845,120.22989463173418,114.70070980225341,26.769684173267986
person_20.mp4,front,561,9429,59.49876369275283,848,478,132.99499520087764,129.43853599769207,157.75955686008606,156.26581361456954,128.27970088837122,124.59215459977621,38.74792608852058
person_20.mp4,front,562,9446,59.49876369275283,848,478,141.2383286845192,135.93187755430793,162.2443537148369,160.04091470500603,137.33954242791023,133.49769231040128,44.95946079561078
person_20.mp4,front,563,9462,59.49876369275283,848,478,133.71628780329698,126.42275572112844,156.93006165868692,155.73625512081585,130.81869630112723,124.90151321988141,40.84500878399552
person_20.mp4,front,564,9479,59.49876369275283,848,478,116.72099500540939,109.85892978732518,139.08432995053573,141.25921836613657,115.18078538229426,109.79481979001844,25.378358433709344
person_20.mp4,front,565,9496,59.49876369275283,848,478,104.54338286657429,99.87713075195951,115.50355432664398,116.93001062273149,105.95976264198363,102.26635521720034,4.574222209107969
person_20.mp4,front,566,9513,59.49876369275283,848,478,102.49764832723861,96.50859917601781,116.57061539539477,116.13738329034621,104.55381322809585,100.38257409308872,6.054731557428387
person_20.mp4,front,567,9530,59.49876369275283,848,478,82.89102937148544,78.45669825401751,95.15486091651586,94.49537680859713,87.43086752293092,84.65331400623403,14.21143407400213
person_20.mp4,front,568,9546,59.49876369275283,848,478,87.42657178811076,82.98192178995723,95.20243948832662,93.58295030802023,90.70567804302455,88.40364714618315,15.614091197285823
person_20.mp4,front,569,9563,59.49876369275283,848,478,75.26296873887085,73.45117078433184,82.26753939678873,81.38687175683947,81.18199023897769,81.12362018328562,25.852176549404565
person_20.mp4,front,570,9580,59.49876369275283,848,478,68.5149179882592,67.86472956920542,70.50541459152055,69.23591440993779,76.11540067509623,76.70775293368857,37.07542527483235
person_20.mp4,front,571,9597,59.49876369275283,848,478,62.55151815924788,60.72671135034317,66.91924711400885,63.836754246903624,71.00407628102673,71.48348446150354,40.097875837121634
person_20.mp4,front,572,9614,59.49876369275283,848,478,61.452578265768686,60.26550880643814,66.01282355015991,63.15032671704156,70.27109756308312,71.32766368266951,40.3638868510101
person_20.mp4,front,573,9630,59.49876369275283,848,478,58.21879430217396,60.31691462765359,60.6258599390731,56.54714544300518,67.0616274171159,71.99944203932945,46.33971653354258
person_20.mp4,front,574,9647,59.49876369275283,848,478,57.033825693597095,58.45702494715652,60.01008764139201,56.056566371645175,67.10709326784001,71.1376325319039,46.152400805215585
person_20.mp4,front,575,9664,59.49876369275283,848,478,53.50079410230255,56.56176921597942,56.809221219055246,53.28560440379532,64.20299412714394,69.79373225007964,48.04270778331061
person_20.mp4,front,576,9681,59.49876369275283,848,478,55.43561112669448,55.980102081540366,58.76848425049418,55.38664679347611,65.68308506784906,68.01630456696391,46.965120988666435
person_20.mp4,front,577,9698,59.49876369275283,848,478,53.113435037882795,54.61622706506632,55.79841645214634,54.75538177652812,63.86685129181504,66.16361167244031,49.776488304021456
person_20.mp4,front,578,9714,59.49876369275283,848,478,50.64465772666714,51.77644900019068,53.21673908865612,51.22585285502308,61.75177649075913,63.782117077027515,52.35675860609011
person_20.mp4,front,579,9731,59.49876369275283,848,478,50.97672158062942,51.63681496841021,56.05555565725789,54.274427271460446,62.493302386433534,64.44222406634385,49.050263619825756
person_20.mp4,front,580,9748,59.49876369275283,848,478,49.898994673882015,51.60195903473192,55.71793822462755,54.43988303230462,61.270360299337476,65.30401573775987,48.246884553728556
person_20.mp4,front,581,9765,59.49876369275283,848,478,51.334142376291496,52.79298875672557,57.24527779040361,56.07673439174037,62.819366184582066,66.30023479219504,47.25481900477436
person_20.mp4,front,582,9782,59.49876369275283,848,478,50.15577579672961,52.1372015980668,53.50240802457632,51.97011928138921,61.1938775869591,64.66449328109677,51.93942953862863
person_20.mp4,front,583,9799,59.49876369275283,848,478,47.983541216202276,48.93286079223633,54.49901114796922,53.20614579692357,60.13732630831048,62.57591248389547,49.62590468939687
person_20.mp4,front,584,9815,59.49876369275283,848,478,48.15098621342325,48.48073005004245,53.75892786368726,51.89421115298995,59.920235344746,61.64534626545828,50.26704001362853
person_20.mp4,front,585,9832,59.49876369275283,848,478,49.423752159222744,49.738609032440685,53.98276636728549,52.09135552382738,61.325788782757954,62.99743784249881,50.025203821305944
person_20.mp4,front,586,9849,59.49876369275283,848,478,48.918842992142224,49.80981788326387,50.70666708521029,48.011854187811764,61.308135556673356,63.964380755198036,54.03785526937394
person_20.mp4,front,587,9866,59.49876369275283,848,478,49.214945517052804,49.09968736641336,51.628859222251855,48.898091901487284,62.08235855756136,63.27943017021354,52.96110754722641
person_20.mp4,front,588,9883,59.49876369275283,848,478,48.27355454263972,47.741353479500496,52.11323859414204,49.48661715363654,60.95037974311573,62.77177794629912,51.82914048678793
person_20.mp4,front,589,9899,59.49876369275283,848,478,47.76343628058477,48.65231056420623,52.41998756605947,50.21114083646228,60.54646122244827,63.73572108830181,51.24574574727709
person_20.mp4,front,590,9916,59.49876369275283,848,478,48.3342315585449,49.28708641602184,54.34937862533384,52.11654955752497,62.09382559186609,65.19105179132727,49.1189559440784
person_20.mp4,front,591,9933,59.49876369275283,848,478,49.214284542008706,50.860861963964446,55.38263952750529,53.425497195674104,62.58729132170898,66.32529293930668,48.23068832642942
person_20.mp4,front,592,9950,59.49876369275283,848,478,49.674360919247114,50.661752920030274,55.55786118146311,52.89764398784824,62.907563092168836,66.12021308695945,48.57913864121743
person_20.mp4,front,593,9967,59.49876369275283,848,478,47.93957004771207,49.22072888766955,55.16775548377274,53.31426643672227,61.095461573913,64.64083210376685,48.603520773760714
person_20.mp4,front,594,9983,59.49876369275283,848,478,47.91272326336954,50.45197080233021,56.032767273653505,54.84270074470742,60.40248519897773,64.61560023726247,48.313054059383745
person_20.mp4,front,595,10000,59.49876369275283,848,478,49.72037394151482,51.081941627707565,57.00217006171149,55.94430939672332,61.584842826957484,64.29110140242446,48.1897858386845
person_20.mp4,front,596,10017,59.49876369275283,848,478,52.330900650276085,51.91239563521067,59.35660224032432,58.767650385047254,62.8862464767247,65.1413667703931,45.834097796253204
person_20.mp4,front,597,10034,59.49876369275283,848,478,54.842520751776945,54.44224666389645,63.57356595201608,64.18337328094007,64.79479330359482,66.91900441686427,41.46713596270656
person_20.mp4,front,598,10051,59.49876369275283,848,478,55.57666233376371,55.0435051192922,67.26318346506986,68.01071298383046,65.12852884491487,67.08908276016957,38.1632790414261
person_20.mp4,front,599,10067,59.49876369275283,848,478,57.4063263066889,55.6572409480474,67.59199176018494,67.29265736650085,65.88950802064446,66.84702069907905,39.11954706549304
person_20.mp4,front,600,10084,59.49876369275283,848,478,61.51439585788426,59.57065987691668,71.55010124760688,71.62236703794905,68.31228306291528,69.04509386163186,35.84575508666241
person_20.mp4,front,601,10101,59.49876369275283,848,478,60.671935932894684,59.660953414206034,72.5999982174953,70.4693259181384,65.67943525156117,68.01372282448293,36.93940323079167
person_20.mp4,front,602,10118,59.49876369275283,848,478,63.35788441978364,62.80656718995386,74.27896931955786,72.7268690215025,66.21807662102354,68.4445998622723,37.65646659573773
person_20.mp4,front,603,10135,59.49876369275283,848,478,65.63022534415748,63.9556440727533,74.44316706646799,72.97793346736354,67.40538687886146,70.27136174394458,38.06694410265586
person_20.mp4,front,604,10151,59.49876369275283,848,478,67.63015375802581,66.2176091170212,78.16192958723266,77.42121431200648,66.23129481139502,68.17404646001953,37.78328627814011
person_20.mp4,front,605,10168,59.49876369275283,848,478,67.17797256710453,66.3470503247596,76.08182463237024,76.2829623315052,65.32837548031807,67.20369480447862,39.057375694066764
person_20.mp4,front,606,10185,59.49876369275283,848,478,73.34224327330536,76.3613885727677,79.11583034168467,87.6038099500573,67.71575917737104,67.62815246474881,39.25484033436453
person_20.mp4,front,607,10202,59.49876369275283,848,478,72.82734056110908,82.17411443679033,80.50721972306307,94.49416762800458,66.72049692331028,68.16986268831808,37.09544720271285
person_20.mp4,front,608,10219,59.49876369275283,848,478,82.74300027508997,91.13106364087307,83.75139093518007,103.76928905201957,74.62830211396351,68.94006826452376,36.390708892659354
person_20.mp4,front,609,10236,59.49876369275283,848,478,87.04409798730933,101.59289124593157,91.44350464685007,118.41295251110483,74.62020573453782,68.16816732642775,34.51205945551926
person_20.mp4,front,610,10252,59.49876369275283,848,478,88.39594687732281,95.7620606919468,95.3023087124668,111.34964289595395,72.34221461651362,67.86799632019869,34.80536655425532
person_20.mp4,front,611,10269,59.49876369275283,848,478,103.65474494107139,123.46789855305362,111.7844025682733,140.5640580867155,76.05982178965425,71.24707307806757,32.349493339442255
person_20.mp4,front,612,10286,59.49876369275283,848,478,103.02699838900112,119.92855189485371,113.92056271991852,138.99810528302143,73.50578038240012,68.60969919718,31.61751293740909
person_20.mp4,front,613,10303,59.49876369275283,848,478,117.97612810411219,132.05635889666266,132.6865284190779,152.6447995721345,74.63998790240153,70.74968315078988,28.5569625451422
person_20.mp4,front,614,10320,59.49876369275283,848,478,111.29493038535573,132.34256537657777,124.74891470948995,153.52649262266618,73.46508529191415,68.9027598727773,29.537371300603528
person_20.mp4,front,615,10336,59.49876369275283,848,478,115.56201131079457,134.81366384031236,130.888460673442,155.89727822771997,71.31856937753983,68.55075203873629,29.895065181310542
person_20.mp4,front,616,10353,59.49876369275283,848,478,119.00093263045291,138.18955056390496,135.19200726366284,159.78595848399678,71.89780449841193,69.54795197922718,28.93127523072999
person_20.mp4,front,617,10370,59.49876369275283,848,478,125.29876571355868,141.12069794934803,141.6935733184909,164.15911887380318,72.91698343347998,69.61338089453615,27.90071237657532
person_20.mp4,front,618,10387,59.49876369275283,848,478,123.4789613107638,144.19455762843995,138.51745221309133,169.22236338795753,74.01066556512527,68.59676937100933,27.94771446176978
person_20.mp4,front,619,10404,59.49876369275283,848,478,127.36629612818284,142.68467154379508,143.42102116904584,168.69359219714127,75.90401690230695,68.67568307881928,25.506458346462797
person_20.mp4,front,620,10420,59.49876369275283,848,478,126.98846786392515,141.11934395170587,143.80579690241083,165.85113771793527,73.6462186477831,68.3437730493767,26.436995043808054
person_20.mp4,front,621,10437,59.49876369275283,848,478,125.27934105376326,137.7146871929529,143.45169106717472,161.71390567297342,71.7804811993064,68.13371810192211,26.735910644792096
person_20.mp4,front,622,10454,59.49876369275283,848,478,126.74515257702963,137.67286193976966,147.2397154866358,162.35975377888406,72.95917807521721,69.94967074287896,23.483115365333532
person_20.mp4,front,623,10471,59.49876369275283,848,478,127.68682199608521,137.1765239777415,151.382069684606,163.80639977250104,72.3935805535506,69.59317099603916,21.422397968422672
person_20.mp4,front,624,10488,59.49876369275283,848,478,133.01965394873446,138.9744605579256,157.9525521086907,166.20535714398062,76.94577046554504,73.07868715376274,15.714881133933195
person_20.mp4,front,625,10504,59.49876369275283,848,478,132.33653198157435,138.22679639279295,163.72736560421126,168.23389127677754,76.6716393684871,74.24374926889922,10.500469625257956
person_20.mp4,front,626,10521,59.49876369275283,848,478,131.84266576102925,139.41973563589983,159.39038420265484,167.59934022521165,76.40062906412868,73.19068839831358,14.119786832345426
person_20.mp4,front,627,10538,59.49876369275283,848,478,137.35240939727547,142.15156820988403,164.77986895759537,170.35809685180072,80.42503853593958,75.97739004173914,10.14544602620256
person_20.mp4,front,628,10555,59.49876369275283,848,478,138.29418736647244,144.03151679566068,166.11866342351794,171.75065126807965,82.36405124794373,77.82186751969279,8.197331407936636
person_20.mp4,front,629,10572,59.49876369275283,848,478,137.86264304499426,141.71451061039727,171.3608669675165,172.25994613360518,82.19102450500374,79.11664240626095,4.008741331834187
person_20.mp4,front,630,10588,59.49876369275283,848,478,136.85192588918704,141.92795954279242,173.76974206454062,172.9583014837294,81.60643924226977,78.77369831997616,2.185570735525566
person_20.mp4,front,631,10605,59.49876369275283,848,478,136.8520938724555,140.73812870859638,175.9114840751343,172.77585597320973,82.04857514787732,78.94892082091157,1.4519821079980262
person_20.mp4,front,632,10622,59.49876369275283,848,478,136.8572511034622,142.11446648302012,172.8022013288586,172.1828007325854,81.97728555767617,79.79526916237322,3.5593993607693633
person_20.mp4,front,633,10639,59.49876369275283,848,478,134.39589668683888,141.71019587091692,170.24268759079706,171.8164639392317,80.89446626051264,79.24365970076397,4.460780377005289
person_20.mp4,front,634,10656,59.49876369275283,848,478,134.72651910350532,140.97315799610735,177.66075007368295,173.34667912320043,82.37538999121215,80.20214437805781,5.360421638763345
person_20.mp4,front,635,10672,59.49876369275283,848,478,138.42549868826748,141.97537999342086,176.13870789631358,173.4219743934125,84.30391352056616,81.22817434653628,5.6465733646001315
person_20.mp4,front,636,10689,59.49876369275283,848,478,141.28069811032432,143.60646184244032,174.49960913626106,173.33549733504145,86.21420925227689,83.21821047959612,6.392036877697362
person_20.mp4,front,637,10706,59.49876369275283,848,478,138.14672855515846,143.8397624491031,174.95991910914526,173.51965859013265,83.94265411999585,83.56698037853313,6.0919795497797065
person_20.mp4,front,638,10723,59.49876369275283,848,478,139.8282850218453,144.67941788506738,178.55278003211748,173.19240441620985,84.13186060152451,84.11264372447228,2.1855791966962803
person_20.mp4,front,639,10740,59.49876369275283,848,478,140.09504056861996,145.20615926227126,178.7362776676138,173.06187747291645,84.66794291436808,84.37626971607285,1.9872159598758445
person_20.mp4,front,640,10757,59.49876369275283,848,478,140.52320981019074,144.75814930467865,177.9039728408034,173.34669192300947,84.55431926306103,83.32289014920842,2.0912099773715633
person_20.mp4,front,641,10773,59.49876369275283,848,478,140.43892657751834,144.50753683969845,176.93349516837168,173.30569690626513,84.4349619346189,83.12876205437263,2.3775917062215544
person_20.mp4,front,642,10790,59.49876369275283,848,478,140.55046404068278,145.50925388661614,173.11936215071466,172.62996227265964,84.89771379222734,83.59145255097732,4.836142293506073
person_20.mp4,front,643,10807,59.49876369275283,848,478,141.17730090407193,146.5115100287439,171.77584885680972,172.71753107404527,85.19236866040472,83.65865584286983,5.883054586503099
person_20.mp4,front,644,10824,59.49876369275283,848,478,140.27642193854447,146.84959535488645,170.67809742505605,172.96949399795477,85.38458781640048,83.10095445357693,6.187054777361892
person_20.mp4,front,645,10841,59.49876369275283,848,478,139.7336978567882,145.90778938554456,171.35498323375916,172.7868892146901,84.70795099348831,82.63480795305107,5.635151599552075
person_20.mp4,front,646,10857,59.49876369275283,848,478,141.84399949040034,148.76658812511585,170.743530766883,173.26440185105497,85.83072539657995,82.78271138966642,7.561429153216634
person_20.mp4,front,647,10874,59.49876369275283,848,478,142.05717558123723,148.04400978489082,170.93021114470045,173.19603121543457,85.91864656079997,82.64910728332175,6.988022151395703
person_20.mp4,front,648,10891,59.49876369275283,848,478,142.4890504769763,147.71361118915215,170.8437170132372,172.695219253105,86.18865390723167,82.5635346126002,7.573501334675071
person_20.mp4,front,649,10908,59.49876369275283,848,478,143.541957676862,146.47116512516575,171.34027871026623,171.99658277992646,86.67464021810196,82.0285711021714,7.856200134645035
person_20.mp4,front,650,10925,59.49876369275283,848,478,143.6783688838521,146.80319874088553,169.04574585720923,169.83937996368104,86.45299070327313,82.6962337845934,11.271735702716892
person_20.mp4,front,651,10941,59.49876369275283,848,478,142.4229816116923,146.2816490595796,169.34568520891372,168.79310444031742,85.57566352082866,82.50086704554687,11.696705289579098
person_20.mp4,front,652,10958,59.49876369275283,848,478,142.61066082781733,145.79317332967358,169.35312857718324,168.420629059589,85.16100256402358,82.31239693691147,12.442282633244005
person_20.mp4,front,653,10975,59.49876369275283,848,478,140.01546100634064,143.18669092954386,169.31443259115753,169.46386898101437,82.80821613570892,79.10236987785514,11.622557221224913
person_20.mp4,front,654,10992,59.49876369275283,848,478,140.04443933783864,144.26149050370535,164.29553997451362,167.91461511468475,83.21141348551822,79.5758930258165,15.55781566095105
person_20.mp4,front,655,11009,59.49876369275283,848,478,139.881454922424,144.22840313580303,164.45134832822183,167.80067925205003,83.26694002052486,79.26822321368185,15.45497216360814
person_20.mp4,front,656,11025,59.49876369275283,848,478,136.65583375872117,142.688080908344,162.3390680712689,167.92191005153782,79.9359810303831,76.25821384081937,17.420800311486506
person_20.mp4,front,657,11042,59.49876369275283,848,478,137.20072142660428,142.39014823098393,162.3398515186002,167.72811373821733,80.5167221188306,75.44514529510568,17.713326119677514
person_20.mp4,front,658,11059,59.49876369275283,848,478,138.19807459233792,144.23647984838186,162.4684437283085,168.80407454390456,80.89047649064096,75.82876799800941,17.89128492388564
person_20.mp4,front,659,11076,59.49876369275283,848,478,136.29597193952108,143.65988013030895,162.16289884593198,169.27822548899934,79.732029443714,75.67222259547752,17.603766516154522
person_20.mp4,front,660,11093,59.49876369275283,848,478,136.6963545912744,144.68423730005628,163.28654256879472,170.73509558253843,80.20565878340055,75.6427072928585,16.829874038655195
person_20.mp4,front,661,11109,59.49876369275283,848,478,136.8703065939177,144.725963860065,163.0960091020674,170.99433089652243,80.628302676273,75.5144649193741,16.92834634506718
person_20.mp4,front,662,11126,59.49876369275283,848,478,137.11135673139484,145.48671708954595,163.5790711633411,171.81892088201775,80.86128064538833,75.78975690120197,16.386468714657738
person_20.mp4,front,663,11143,59.49876369275283,848,478,137.18952284932143,146.06152865617358,163.5626789754723,171.92781623128766,80.96195848614336,75.91872974895938,16.28469906222554
person_20.mp4,front,664,11160,59.49876369275283,848,478,137.57623203502217,146.93428565501452,163.52947160709473,172.20448939170225,81.20401004262398,76.50311188077758,16.20330937160445
person_20.mp4,front,665,11177,59.49876369275283,848,478,137.00985306725434,146.14462346966292,162.01557349082023,171.6852551227967,80.98540635961925,76.32782648865317,17.045185254954447
person_20.mp4,front,666,11194,59.49876369275283,848,478,137.7040816266548,146.3975250061832,162.95545696391397,171.50152317440566,81.16755372542572,76.45689390347765,16.644083370741335
person_20.mp4,front,667,11210,59.49876369275283,848,478,137.2590116854187,144.6660062842878,162.9646494576215,170.74757799167276,81.00484369562436,75.55155498538342,16.39962248363936
person_20.mp4,front,668,11227,59.49876369275283,848,478,137.45064370401525,145.8117520906088,163.11230118502144,170.2793842129426,81.09964254646448,76.96825230770952,16.086085261598143
person_20.mp4,front,669,11244,59.49876369275283,848,478,137.06933619440068,145.47999919855891,162.36869013827868,169.77380219686898,80.76131751883635,76.8883791686637,16.7541179813683
person_20.mp4,front,670,11261,59.49876369275283,848,478,137.08921151358032,145.6171121956383,163.8395229425508,170.25958005770804,80.80607934049031,77.13687625375036,15.617160552394608
person_20.mp4,front,671,11278,59.49876369275283,848,478,134.3985758009483,145.03443942137827,162.31929727732955,170.06267962712818,79.71474666605879,76.89880652669297,15.552322966913971
person_20.mp4,front,672,11294,59.49876369275283,848,478,135.65469979388382,145.45190273229375,162.79614768542962,169.7083651013454,80.37941956553865,77.72942076290902,15.785471195109208
person_20.mp4,front,673,11311,59.49876369275283,848,478,135.59858159916044,144.78898448271738,162.13402436452606,168.5916561656357,80.49037567776391,77.59401153830467,16.71242230091204
person_20.mp4,front,674,11328,59.49876369275283,848,478,136.09739791883425,144.42218641836197,163.14259650107002,168.63395037155277,79.81348790554435,77.15080662248049,16.59845841674661
person_20.mp4,front,675,11345,59.49876369275283,848,478,137.8077141493441,144.25256665402964,164.73735790872715,167.5383952720277,79.71234678141778,76.98213886463326,17.547085373694248
person_20.mp4,front,676,11362,59.49876369275283,848,478,137.50407051838303,143.6645501539136,164.7684274319169,167.61961500311133,79.0516599296149,75.65417793857092,17.815731079544733
person_20.mp4,front,677,11378,59.49876369275283,848,478,137.34746947228123,142.70478834234558,162.98493373954875,167.48794028164525,79.14796307695293,74.51159512957034,18.842777409296144
person_20.mp4,front,678,11395,59.49876369275283,848,478,139.15310454159197,143.44786551815355,164.40309121090465,167.97002394183448,79.87575708803905,74.95451200047509,18.698317972743016
person_20.mp4,front,679,11412,59.49876369275283,848,478,140.5409748968425,144.1707213611403,163.85863331953988,168.04769980641794,81.15131507717265,75.42469266704781,18.519764487986663
person_20.mp4,front,680,11429,59.49876369275283,848,478,139.16811476138648,143.79159722625596,163.56194489282558,168.12421974389864,80.62990424020659,75.41371033005031,18.125893944358335
person_20.mp4,front,681,11446,59.49876369275283,848,478,138.81826130682325,143.84091613780078,162.72159074559963,167.99948953469595,80.60706681764019,75.61958233593118,18.46642220476118
person_20.mp4,front,682,11462,59.49876369275283,848,478,138.5651122476403,144.47048519395565,163.24196427732613,167.9238205850137,80.58150819117974,76.56533067836075,18.005749575603087
person_20.mp4,front,683,11479,59.49876369275283,848,478,139.3217601533958,145.14775933006806,163.88436887154276,167.2942828091883,81.01585900339359,77.67707513017268,17.838896271270535
person_20.mp4,front,684,11496,59.49876369275283,848,478,139.95213230678712,145.93883312441108,164.442510316266,167.61056994788748,81.12687848581358,78.58033718784944,17.285600492974144
person_20.mp4,front,685,11513,59.49876369275283,848,478,141.4159914600886,146.5139252300555,164.21296300750984,166.7560006232094,82.654061805348,80.15124380087337,17.300139748831477
person_20.mp4,front,686,11530,59.49876369275283,848,478,143.62733544655484,147.73039200419217,165.31361236678907,168.34544699879604,84.2441775208787,81.20164389988791,15.818854278561995
person_20.mp4,front,687,11546,59.49876369275283,848,478,145.3656754663781,149.0652969849377,167.0245359876699,168.52484965426785,85.75920579296765,83.56009986679399,14.74968931010104
person_20.mp4,front,688,11563,59.49876369275283,848,478,145.16099255505938,148.1756384704463,167.522282200318,167.91953584372698,85.95279195630242,84.89129489665234,13.781885095578756
person_20.mp4,front,689,11580,59.49876369275283,848,478,144.46346821430123,146.21053580050798,168.87255611925912,167.63125546044165,85.36997093723612,83.53652524710323,12.86397965485486
person_20.mp4,front,690,11597,59.49876369275283,848,478,147.2218181635941,146.85097334258867,171.01839536668004,166.73486929044967,86.49287620944858,84.8113408796139,12.762639538579577
person_20.mp4,front,691,11614,59.49876369275283,848,478,146.951063456371,145.14190276398742,171.91190126878786,166.48321355482798,86.44356074110428,84.2725449528272,11.747807737936657
person_20.mp4,front,692,11630,59.49876369275283,848,478,143.8507499339052,144.37468993795608,169.9408069817191,167.09803613170507,85.23501960286472,83.81102353416053,11.120890312356186
person_20.mp4,front,693,11647,59.49876369275283,848,478,143.1255532400856,144.9906602097095,166.23004185624498,166.91465116720167,84.48388233665555,82.9076343119208,13.361393741128694
person_20.mp4,front,694,11664,59.49876369275283,848,478,144.06317474749412,143.59289592958336,166.59559597819919,168.094968342689,85.36996568128438,82.35120881869287,12.005327171617754
person_20.mp4,front,695,11681,59.49876369275283,848,478,143.9842790000541,143.50913541886393,167.00873515584942,167.68731565895484,85.17758751973382,82.12286794135207,12.321364102560322
person_20.mp4,front,696,11698,59.49876369275283,848,478,144.5414368444156,145.6994326466194,169.7225498573321,169.29294946582905,85.84316424608745,84.06668910299895,9.478640082168193
person_20.mp4,front,697,11715,59.49876369275283,848,478,146.15328498556627,146.71875173932142,170.83133715493545,169.3090367752101,86.03128533150328,84.70403145284877,9.722570865768004
person_20.mp4,front,698,11731,59.49876369275283,848,478,146.27276264388487,147.335185175477,170.94714323043576,169.14424661258306,85.97584221963405,85.88836989843166,9.320026828261842
person_20.mp4,front,699,11748,59.49876369275283,848,478,145.7283217382578,146.21006365547333,174.14397637169475,170.01874551730387,85.33464154504013,86.08532583471533,5.862877808001598
person_20.mp4,front,700,11765,59.49876369275283,848,478,146.36679662702412,146.66567405170142,175.38875701440566,171.61449404109894,86.19143041622434,87.96592378663276,3.2711707086778863
person_20.mp4,front,701,11782,59.49876369275283,848,478,144.6600649736874,144.78338232634812,174.08425619292606,170.56141770704227,85.61191323049535,86.63543498981213,4.1937919093896525
person_20.mp4,front,702,11799,59.49876369275283,848,478,143.79825672170855,145.1002516456858,175.6347273995735,172.39308978696042,86.25419993521328,87.98389309906132,0.8717579947737439
person_20.mp4,front,703,11815,59.49876369275283,848,478,141.71089454059793,144.13476077272978,175.6627735543247,173.19240454960905,85.44218327906106,88.15678513795126,2.1630462100923107
person_20.mp4,front,704,11832,59.49876369275283,848,478,139.74021360536028,144.0509625636796,175.38246638364498,173.88110866846873,84.89817242332687,88.42959851578514,4.954510926464495
person_20.mp4,front,705,11849,59.49876369275283,848,478,139.84750469708837,144.4993733798347,175.14155648502035,173.45377111145964,85.09194206663233,88.96784543703461,3.8298256783786755
person_20.mp4,front,706,11866,59.49876369275283,848,478,140.38437850308907,145.75346355540898,174.28399928440047,172.5951542544621,85.56716834117707,89.46558208589192,1.367757288441019
person_20.mp4,front,707,11883,59.49876369275283,848,478,139.7472101529162,144.31520055983836,173.18262414122879,171.4071255440357,84.82675914417447,87.61793833866486,0.8837393382172222
person_20.mp4,front,708,11899,59.49876369275283,848,478,142.3621387695316,146.79124439473603,170.2495664981203,172.20988837454675,89.50138981922083,87.9473878421646,1.7789547708957332
person_20.mp4,front,709,11916,59.49876369275283,848,478,140.73636704094778,150.73404634971925,158.88774473795303,170.90770961396728,90.43977301859452,88.87313883210399,9.395149032933983
person_20.mp4,front,710,11933,59.49876369275283,848,478,142.9222700119511,155.2255718118982,158.58421240219783,174.07823940390048,97.69490921393364,93.81242001507667,4.823507715469974
person_20.mp4,front,711,11950,59.49876369275283,848,478,129.89890873201009,147.76130625609642,129.87548838773162,161.1323633464651,101.59659060342456,91.05986288397966,13.198511237791905
person_20.mp4,front,712,11967,59.49876369275283,848,478,129.130895696173,146.64268532824067,131.5712576314474,158.41340042933436,99.43049602827848,91.74575391064307,14.881237953614567
person_20.mp4,front,713,11983,59.49876369275283,848,478,121.26978770266192,136.33732251985106,119.01130853140872,146.41956169816393,102.03693891626965,91.63520706737492,15.562258499346642
person_20.mp4,front,714,12000,59.49876369275283,848,478,116.62695692493448,121.20907595757899,116.5612308790453,129.52096223064518,100.5971063645648,92.39024466677111,14.50333441003016
person_20.mp4,front,715,12017,59.49876369275283,848,478,109.17661693607484,110.09842753956711,109.04359659779129,114.53990651025579,100.50544530789732,95.5683174574033,13.367201661473427
person_20.mp4,front,716,12034,59.49876369275283,848,478,105.27222396434543,106.90874015157642,102.11397067627946,113.33409751028593,96.11107553824331,89.67808519559145,19.57577494717128
person_20.mp4,front,717,12051,59.49876369275283,848,478,98.50353072534595,99.00529154687877,95.9043584479011,102.19329827208189,92.15358250589766,89.79925717561852,22.13303122844086
person_20.mp4,front,718,12067,59.49876369275283,848,478,95.50689121685798,96.57785119326293,93.66171864263866,95.84999967848341,93.20356293313588,93.44993968112334,19.923776442231098
person_20.mp4,front,719,12084,59.49876369275283,848,478,87.80812307577361,87.82891438991204,88.09648376085651,89.76856885306066,86.6716383551689,86.84299607563358,24.146418548358497
person_20.mp4,front,720,12101,59.49876369275283,848,478,97.29452176877587,97.97015053072357,92.83238919606688,97.02937045348904,95.24833764525597,94.31812930738501,20.98636385717251
person_20.mp4,front,721,12118,59.49876369275283,848,478,85.95357381714932,87.8384138444598,87.81719367092984,90.61204961981831,86.45203714592385,87.85380554390349,23.713892810336375
person_20.mp4,front,722,12135,59.49876369275283,848,478,101.15194562989407,103.46769961887756,94.977518494777,101.12823250303514,101.37148206049372,102.23631515642131,15.794717058615639
person_20.mp4,front,723,12152,59.49876369275283,848,478,73.41284878313567,74.17582464090253,77.1442136918022,80.21337778854398,76.31721015768302,76.92972531811823,32.295753538526526
person_20.mp4,front,724,12168,59.49876369275283,848,478,70.37777010395617,71.11604511779544,72.84428664278778,76.43596076482959,72.559493754137,72.87151930479021,37.93498047702912
person_20.mp4,front,725,12185,59.49876369275283,848,478,68.2327833482582,68.54500701671786,68.69106961170422,71.58677358674933,70.12812890371977,70.33121352511425,42.509299193969156
person_20.mp4,front,726,12202,59.49876369275283,848,478,67.28890896769637,68.23809674281206,70.89980300955759,71.99193643798579,71.06440231980898,72.29026152428925,38.26401173443592
person_20.mp4,front,727,12219,59.49876369275283,848,478,59.99300968465857,61.56184778538966,64.63461344954572,64.34506144928015,64.85842125442424,67.09561984740905,43.55388556124602
person_20.mp4,front,728,12236,59.49876369275283,848,478,58.19932406918847,56.8228146718728,59.20026862283415,57.13789172532045,63.70647542969776,62.99692370336801,49.5698899276065
person_20.mp4,front,729,12252,59.49876369275283,848,478,59.47251498995476,61.07819814363376,64.39110193910138,61.814290060180944,66.54287082949101,69.6960922182148,42.67929361834233
person_20.mp4,front,730,12269,59.49876369275283,848,478,53.27679636021735,56.36085939225611,55.445297108944125,51.35444124318157,59.37983799862669,65.71516504138648,53.45298162804769
person_20.mp4,front,731,12286,59.49876369275283,848,478,51.731061011697925,54.619987251320836,62.247625062106415,59.432426794165565,59.51484356817372,62.96713940880865,45.789389460853975
person_20.mp4,front,732,12303,59.49876369275283,848,478,53.96101584744274,56.22232762876496,58.900504634261665,56.15302037092978,63.46849487025087,66.07763296256876,47.52000887664406
person_20.mp4,front,733,12320,59.49876369275283,848,478,55.98052685477108,56.814175006693496,57.524183393060945,54.4252390370391,64.39556178837124,66.78674390411999,49.33995135208113
person_20.mp4,front,734,12336,59.49876369275283,848,478,54.60273193580311,57.332445382906705,57.24417876748574,52.512764452399836,65.41632578703278,69.18834293014834,47.92578976539565
person_20.mp4,front,735,12353,59.49876369275283,848,478,53.72292282104732,57.14642864661291,54.63065592708806,52.090081443808884,64.70275906155102,69.21324624134505,49.605601678385256
person_20.mp4,front,736,12370,59.49876369275283,848,478,54.88683735730477,52.7761330564183,50.63862763966924,47.25819129682939,68.31290160361664,65.66875596995709,53.62845665372763
person_20.mp4,front,737,12387,59.49876369275283,848,478,52.889570449849245,51.97606072013879,47.95182632010764,44.89163127039036,66.00871823971987,65.57916320308063,55.63215303541087
person_20.mp4,front,738,12404,59.49876369275283,848,478,52.1089943095541,54.32613480175602,43.57487326169629,41.15738169206047,63.566447566567966,66.96461084685471,59.52467471870944
person_20.mp4,front,739,12420,59.49876369275283,848,478,49.33021515993989,50.750020627535775,42.06329900440334,38.985990708239946,61.423465778616894,64.19422695332017,60.59957639100391
person_20.mp4,front,740,12437,59.49876369275283,848,478,48.634044852653375,51.08115262417286,42.269391658687326,39.65610734498548,61.145916708712384,65.51035874946504,59.66405713293537
person_20.mp4,front,741,12454,59.49876369275283,848,478,50.217974654687545,52.84202893259666,44.767802296106396,42.321784600859814,63.57571414836075,68.30918409922188,56.4599947027925
person_20.mp4,front,742,12471,59.49876369275283,848,478,51.6548893253447,53.94335496895402,44.73378676968642,42.652432073960995,64.92749967338598,69.66749391855423,56.23631840517996
person_20.mp4,front,743,12488,59.49876369275283,848,478,52.312085685136466,54.07201067215195,42.44429161288858,41.07649282718108,66.37753895386899,69.4047850714301,58.9726075660583
person_20.mp4,front,744,12504,59.49876369275283,848,478,47.00320089107036,47.83840634380265,39.07162232098913,36.15424874622329,60.94236880471911,63.422182692315204,62.511867814681594
person_20.mp4,front,745,12521,59.49876369275283,848,478,44.58083016193544,46.32219698447765,38.09026065569611,35.699198388736775,59.267697671129206,61.64249679319212,62.663621633055925
person_20.mp4,front,746,12538,59.49876369275283,848,478,45.64068285292223,48.12001479304359,37.53792820222144,35.34106324891978,59.61443208893102,62.62379559338247,63.35158562755856
person_20.mp4,front,747,12555,59.49876369275283,848,478,45.17784307471063,47.828447166041926,39.188779187993205,36.48830186065453,59.48387864691254,62.68462863252261,61.892208069328305
person_20.mp4,front,748,12572,59.49876369275283,848,478,45.30803353847596,47.754503331729694,40.145014440273606,37.743891725331494,59.77807042888006,63.038870618186905,60.723712363776514
person_20.mp4,front,749,12588,59.49876369275283,848,478,44.07063438458014,46.05449812852497,39.547738620720914,36.881932385749394,59.02606003536515,61.49321018804456,61.66033245956179
person_20.mp4,front,750,12605,59.49876369275283,848,478,43.9628526987347,45.87635493828716,39.19406291786569,36.30169267274154,58.601263628657335,61.08211979452656,62.088106773338346
person_20.mp4,front,751,12622,59.49876369275283,848,478,44.01072297491399,45.785462526480394,39.949692357085304,37.07155349849667,58.32590722157234,61.19055826090072,61.261961087776236
person_20.mp4,front,752,12639,59.49876369275283,848,478,42.56883406930806,44.142172339585876,38.22449471366678,35.242395968648445,57.13051053782982,59.58112848421804,62.882140492050546
person_20.mp4,front,753,12656,59.49876369275283,848,478,40.61679372209216,43.54686978659901,37.38555908582918,34.71561969246825,55.34701193958753,58.445935033200435,63.12485963782965
person_20.mp4,front,754,12673,59.49876369275283,848,478,41.96457356144933,44.960491388998506,38.97345219641612,36.677270976416544,56.39951733306592,59.866234522256455,61.574324450178445
person_20.mp4,front,755,12689,59.49876369275283,848,478,43.042173163366414,46.06155515401264,39.5755348030551,37.302149489487384,57.50119154444663,61.13115291343303,60.958726020417124
person_20.mp4,front,756,12706,59.49876369275283,848,478,44.59168255887913,47.21941307959124,41.67941604613084,39.496828725036345,59.21408385208473,62.639192696516496,58.83095573535474
person_20.mp4,front,757,12723,59.49876369275283,848,478,43.4674339909084,46.46862728893434,40.43166412689251,38.087967954934165,58.24412941436413,61.7802457587645,60.27496059030649
person_20.mp4,front,758,12740,59.49876369275283,848,478,46.41534768095274,48.701300084367006,46.94345100616541,43.963737685974564,61.61503190261795,64.75279208330429,54.1705675366041
person_20.mp4,front,759,12757,59.49876369275283,848,478,46.65440278163701,48.92661173410648,46.4951850864445,43.54603839985605,61.90107532675433,65.35178648006521,54.77109434307023
person_20.mp4,front,760,12773,59.49876369275283,848,478,46.404467952965895,47.629269675904794,46.7707249589319,44.626624740631975,60.45992607847178,62.678593741402466,55.568460894385716
person_20.mp4,front,761,12790,59.49876369275283,848,478,49.433914179428186,50.6984935925435,50.975200368294146,47.54263509102515,62.193695113461025,66.04036300969697,51.774369511934864
person_20.mp4,front,762,12807,59.49876369275283,848,478,51.45186318213288,51.52643249597491,51.41307490878159,48.52733220566626,62.195532618250105,65.25443982628366,52.85267466377984
person_20.mp4,front,763,12824,59.49876369275283,848,478,50.58969578048752,50.73361718128826,51.78414405959304,49.51517893835191,59.82965177242025,62.54373117212389,53.59912799058793
person_20.mp4,front,764,12841,59.49876369275283,848,478,51.27990373081552,51.65575462761641,52.54824325925021,49.599189770548044,59.789263991854625,63.24459693832941,53.65972844773658
person_20.mp4,front,765,12857,59.49876369275283,848,478,52.35387324466631,52.698768622646064,54.78933376101087,51.736917034095605,60.388948776103305,64.25461485124747,51.93331821993601
person_20.mp4,front,766,12874,59.49876369275283,848,478,55.90858913674376,56.34459004183862,63.121449768157866,60.76775597418118,63.63649635986603,67.90028031649449,43.47856364269145
person_20.mp4,front,767,12891,59.49876369275283,848,478,56.82157099541093,57.44115312781248,61.711196869237085,59.45053977796291,63.49616451333212,67.55405178003355,46.24899852096364
person_20.mp4,front,768,12908,59.49876369275283,848,478,57.50429723921861,57.33107429115322,63.212852960705135,60.79274979038999,62.74242405576065,66.66580819478946,46.18491501119499
person_20.mp4,front,769,12925,59.49876369275283,848,478,55.62240387144967,55.664392047021025,64.5417192708605,62.638251779051,58.94069022357848,62.449903003405936,46.99184278000887
person_20.mp4,front,770,12941,59.49876369275283,848,478,58.46305633878254,59.40475713314724,66.01866087441954,65.70737494972705,60.85325038631069,64.3892401524794,45.28894015124011
person_20.mp4,front,771,12958,59.49876369275283,848,478,57.649365649925166,59.11473024207856,67.352136005408,67.42999245271464,58.57481201901369,61.6558157645369,45.77627259456154
person_20.mp4,front,772,12975,59.49876369275283,848,478,57.41757251347947,57.08111801507487,70.47506343753392,69.49951527114986,56.771019449024166,59.21923664656872,44.53216081496684
person_20.mp4,front,773,12992,59.49876369275283,848,478,59.760029546896526,59.78121356524925,73.74141069324537,73.71733132555275,57.307265907974724,59.59765996198519,43.24489947650437
person_20.mp4,front,774,13009,59.49876369275283,848,478,63.073908743072614,65.90298400774411,76.31976124132862,79.65875824444556,58.59950215737875,60.81213516746618,42.38805280449283
person_20.mp4,front,775,13025,59.49876369275283,848,478,68.45004594442148,71.97712180493708,81.28304450675758,86.42761857123267,61.84444758598079,63.94286441049887,39.74525422694423
person_20.mp4,front,776,13042,59.49876369275283,848,478,85.49874716188009,94.12353227899901,99.64821422419037,113.96561856636073,70.13099277874136,70.11542757771764,31.739821789702155
person_20.mp4,front,777,13059,59.49876369275283,848,478,84.36823660726678,93.87208486393955,102.55003384580849,116.37629896172984,67.29849358785462,67.28677915367042,31.53918214491793
person_20.mp4,front,778,13076,59.49876369275283,848,478,93.6958925174843,119.6766338003118,114.28338323733342,144.87545217602326,67.80140514131493,68.02693848936117,30.31686581507883
person_20.mp4,front,779,13093,59.49876369275283,848,478,116.33394708390833,142.60728672487787,137.39248144164205,170.1166767597608,73.50725828758553,70.98956159193952,26.162126378260425
person_20.mp4,front,780,13110,59.49876369275283,848,478,129.4783311278179,149.31466869752566,148.9042354446397,175.59277901728808,77.26935905943043,74.09541111326277,23.7396795409774
person_20.mp4,front,781,13126,59.49876369275283,848,478,130.01472085074838,150.53325551029852,149.2842273756218,176.5431565781679,76.15051060288125,72.90316700525922,24.338452996613835
person_20.mp4,front,782,13143,59.49876369275283,848,478,127.13979712796342,147.99053697894516,147.4464069598755,175.2402146547184,74.7380302295337,71.73623771057171,24.428067100598465
person_20.mp4,front,783,13160,59.49876369275283,848,478,131.31227532170618,145.78195023814916,155.04199966374213,174.68225434048284,75.07990102654298,72.15546092098961,21.12515760127436
person_20.mp4,front,784,13177,59.49876369275283,848,478,136.897264286112,147.70034977228377,160.62989902095953,175.7553777315983,75.98099639969026,72.6968482030893,20.321227423578122
person_20.mp4,front,785,13194,59.49876369275283,848,478,130.44763547352565,146.73054605432358,153.3957080984732,175.1333826501074,72.05673294533388,68.7329145375694,23.66736750758464
person_20.mp4,front,786,13210,59.49876369275283,848,478,130.7339116201654,145.96384499630054,156.1611030804722,175.41339584897267,72.25820073172302,68.82662949568204,22.045757410824923
person_20.mp4,front,787,13227,59.49876369275283,848,478,125.87270849827621,142.50903410760054,154.1492990871848,173.86220006702345,70.82447778954548,67.99363829849047,21.219605022348862
person_20.mp4,front,788,13244,59.49876369275283,848,478,127.06735416976237,143.60285807725026,153.7537805726479,173.4637958040526,72.1989907441475,69.2253501527469,21.135128273976186
person_20.mp4,front,789,13261,59.49876369275283,848,478,133.5172391383709,142.8176653308458,158.3255987287293,170.52778580342303,75.7801813864433,72.03947365241638,19.577074040535454
person_20.mp4,front,790,13278,59.49876369275283,848,478,129.0743934808956,139.23484725486858,155.9620989450835,166.93085097911865,74.4753530172224,71.54036083278801,19.068162886923886
person_20.mp4,front,791,13294,59.49876369275283,848,478,129.95350679718743,140.77633629012783,155.9034132592792,168.26338949828536,75.52550547491637,72.35763134880163,18.4496660975288
person_20.mp4,front,792,13311,59.49876369275283,848,478,132.36000289949854,143.50341138334497,156.20937754055004,170.1063090175406,77.10081396213302,74.06412237068137,18.444400842700677
person_20.mp4,front,793,13328,59.49876369275283,848,478,140.60490390574313,144.13570610551585,164.2711053199156,170.8681599683884,80.54437240779231,76.25080859975905,15.088923257080701
person_20.mp4,front,794,13345,59.49876369275283,848,478,137.99233104335497,144.1990038869754,163.5236331856318,171.36155472569786,80.41941514295053,76.91094199497931,13.154239774079054
person_20.mp4,front,795,13362,59.49876369275283,848,478,138.1612737349913,142.39484910728376,164.67389406836713,171.0321727009994,80.50919450608346,75.09729038996788,11.783604228373122
person_20.mp4,front,796,13378,59.49876369275283,848,478,138.58701287054356,145.3358062178272,160.8677593985004,170.8954004626073,81.56245031250036,75.74046190743451,15.040730877175609
person_20.mp4,front,797,13395,59.49876369275283,848,478,140.73336872196302,144.21471319551827,164.82841731252094,169.57536557208434,82.72082921282777,77.21348996990788,13.588051018660442
person_20.mp4,front,798,13412,59.49876369275283,848,478,144.93559328960808,145.0632042164001,166.99888351063632,169.01479143557603,85.05043622921615,77.41958117571431,13.528027833864344
person_20.mp4,front,799,13429,59.49876369275283,848,478,145.42000314226223,144.94425847903372,167.0730288823059,167.50914437143794,85.14536479457259,77.70010314704467,14.260748380763989
person_20.mp4,front,800,13446,59.49876369275283,848,478,145.14974760426855,144.9909932763572,167.65989432420827,166.60510917940871,84.25901691543065,77.91129254131683,14.992207010438925
person_20.mp4,front,801,13462,59.49876369275283,848,478,145.66261196159385,150.5233860493104,169.32226764082333,167.0768157312495,86.0246326332517,84.28678555992735,13.007550085390674
person_20.mp4,front,802,13479,59.49876369275283,848,478,141.70179956923752,147.83686160875374,169.94890965815424,167.8293997544602,84.50388415040815,83.25103803235798,10.681942805087173
person_20.mp4,front,803,13496,59.49876369275283,848,478,142.865888612587,147.4057608085633,170.2541528688073,167.19837249129785,85.6412922573115,83.37768200256463,10.68655563603303
person_20.mp4,front,804,13513,59.49876369275283,848,478,143.5277768012943,148.01484644127677,176.0254012891447,167.941653126511,85.11580771235892,84.97408709359809,7.993487610589329
person_20.mp4,front,805,13530,59.49876369275283,848,478,143.3414121932111,147.66951396777492,176.3966395747213,168.93627480454015,85.58696363501353,84.97303993039813,7.041064976230392
person_20.mp4,front,806,13546,59.49876369275283,848,478,143.32961132140056,146.73230364318826,175.20494566719398,168.41082219258212,85.14427089572563,84.20088532303632,8.112838358161339
person_20.mp4,front,807,13563,59.49876369275283,848,478,141.48073477814376,146.04142425648575,173.23805111975753,167.66308197089327,83.82180862307946,83.73980484586636,9.540657957311454
person_20.mp4,front,808,13580,59.49876369275283,848,478,141.08151606951273,145.4509053502432,173.0296178925239,167.8635128812993,83.75979961721936,82.88353370106985,9.490943714056193
person_20.mp4,front,809,13597,59.49876369275283,848,478,144.4236209118033,145.7073749783763,173.57683041550288,165.1504503424907,84.68347807031022,82.35051316157724,12.722151050530783
person_20.mp4,front,810,13614,59.49876369275283,848,478,145.1926688086573,146.7639282629345,172.78146147507815,166.49973939683179,85.30143663776637,82.16648026244962,13.150936500497801
person_20.mp4,front,811,13631,59.49876369275283,848,478,143.03729260338878,145.46370811434593,170.42728179293866,165.98054813839792,84.55182122772314,80.48563715756055,13.615731166666949
person_20.mp4,front,812,13647,59.49876369275283,848,478,142.15128697826339,144.32037700292145,169.77903138616765,165.10086507533563,84.00545193253352,78.9776935850694,14.69041087287297
person_20.mp4,front,813,13664,59.49876369275283,848,478,141.52631068773334,145.5952044915141,167.82022275641353,166.55631600682497,83.84283273295152,79.07559930496119,15.71133917568437
person_20.mp4,front,814,13681,59.49876369275283,848,478,140.2126690904136,145.1635393415705,167.99459760012064,167.77979200105702,82.58265377924897,77.50929759910325,15.391966152207658
person_20.mp4,front,815,13698,59.49876369275283,848,478,140.67269281602842,146.0312523804607,168.7946459333803,167.6911861437228,83.14148686949954,78.33937754838203,14.868889758882787
person_20.mp4,front,816,13715,59.49876369275283,848,478,140.83688302741538,146.34613850607204,168.34427460699865,169.81097148018333,81.6678797367098,75.7577079825513,16.275731035022655
person_20.mp4,front,817,13731,59.49876369275283,848,478,137.45227137218527,146.49619047693918,163.72328180779505,171.3048958045018,79.08549577992413,72.6900698433409,19.761516093349087
person_20.mp4,front,818,13748,59.49876369275283,848,478,136.14404164741634,145.81128894361697,164.20290299378075,170.53992208909986,78.89412653259251,73.33578763662261,19.348913821655223
person_20.mp4,front,819,13765,59.49876369275283,848,478,136.80064668648964,145.65798494058535,163.9077087905112,170.08551239688427,79.50232368523385,73.40460784873159,19.500630395196644
person_20.mp4,front,820,13782,59.49876369275283,848,478,135.42405390500622,146.27101962879271,162.9403201527817,170.91974855930576,78.35342581123062,72.60128090874062,20.17893370028778
person_20.mp4,front,821,13799,59.49876369275283,848,478,135.35463077112513,145.92306644422007,161.81483155267574,170.71755413775026,78.5509299333897,72.03653142481079,20.38410951556344
person_20.mp4,front,822,13815,59.49876369275283,848,478,133.70751619555372,144.87209099669508,161.0741600081864,170.77849723832273,76.99755668121752,70.82696528568141,20.655201699625724
person_20.mp4,front,823,13832,59.49876369275283,848,478,132.52333969595102,144.56197102476406,160.80733692903584,170.62323065785895,75.79925781190938,70.48108117106885,20.718376600903888
person_20.mp4,front,824,13849,59.49876369275283,848,478,132.6593113326859,146.4443257501744,161.44078430967312,170.61461464972678,75.31954568615298,72.85285776166282,20.268266597086658
person_20.mp4,front,825,13866,59.49876369275283,848,478,132.1233994073916,145.47570874630807,160.99910070081347,171.0903383926142,74.93333172306781,71.13750399388164,20.79768265218292
person_20.mp4,front,826,13883,59.49876369275283,848,478,133.47750309330672,146.55203950385442,161.7498024255664,171.4820962987794,75.76672094819114,71.99636470721572,20.540987770069236
person_20.mp4,front,827,13899,59.49876369275283,848,478,133.92282656106363,146.2924332459582,162.30288855724433,170.97301743159514,76.34161679422093,72.57705096554751,20.22111571759251
person_20.mp4,front,828,13916,59.49876369275283,848,478,132.94676607615597,145.13624682109335,162.57258229083473,170.86386383861276,75.99430060250228,72.15280645367748,19.97094313193827
person_20.mp4,front,829,13933,59.49876369275283,848,478,133.6164151521949,145.89386991768208,163.32818766246123,171.16150017394895,76.24242298345222,72.61621655164808,19.804874140290607
person_20.mp4,front,830,13950,59.49876369275283,848,478,133.6269763737751,145.92044019363348,163.4753726514555,170.80506193505914,76.03665497373618,72.68196986582134,19.670116104111933
person_20.mp4,front,831,13967,59.49876369275283,848,478,133.96223396967036,146.05039005859712,162.70977250244627,170.70960355956746,76.09906206667767,72.92674989320258,20.10483890069556
person_20.mp4,front,832,13983,59.49876369275283,848,478,134.15425847191656,146.0590563799544,162.59158352052899,170.66011730985278,76.13303838491846,73.11458210339994,20.188414932974403
person_20.mp4,front,833,14000,59.49876369275283,848,478,134.30750896392985,146.2271080252842,162.87372065097426,170.64535209901726,76.1784246831627,73.42279411328062,20.040713688174893
person_20.mp4,front,834,14017,59.49876369275283,848,478,133.48415549636186,145.78124038243797,162.61025328159144,171.01240870489605,75.4693624900055,72.54715474111647,20.23547182953193
person_20.mp4,front,835,14034,59.49876369275283,848,478,134.962216844287,146.29909161027038,163.74861824158614,171.03098302572968,75.89268628911266,72.90189446600105,20.130560538104717
person_20.mp4,front,836,14051,59.49876369275283,848,478,135.1806625083643,146.28252661250508,163.90844858126817,170.896455704105,76.0321835834488,73.06072738662746,20.040391839728308
person_20.mp4,front,837,14068,59.49876369275283,848,478,135.47485270730735,146.74900428084447,163.4076183453084,171.04695731282618,76.21477688802663,73.05485561399176,20.365822741603193
person_20.mp4,front,838,14084,59.49876369275283,848,478,134.04733049259252,146.25325491495144,162.34692646591955,170.70722250116623,75.29591017518344,72.6937641200578,20.721369361563124
