video,view,frame,timestamp_ms,fps,frame_width,frame_height,left_knee_angle_deg,right_knee_angle_deg,left_hip_angle_deg,right_hip_angle_deg,left_ankle_angle_deg,right_ankle_angle_deg,trunk_angle_deg
person_15.mp4,front,0,0,59.92093227565179,848,478,137.30143716430072,142.2638922582287,165.93752026074645,167.93584336206692,76.31339450886571,78.98822964618051,12.992626142977224
person_15.mp4,front,1,17,59.92093227565179,848,478,137.03007431586457,142.66092477590632,165.66045516673,169.18674752708284,76.41782892037864,77.86045292966483,13.98584697348156
person_15.mp4,front,2,33,59.92093227565179,848,478,135.91778049327732,142.22005242325693,165.2894874147669,169.73438030153278,76.07891864993962,76.21889470044104,14.723480139513311
person_15.mp4,front,3,50,59.92093227565179,848,478,136.98633795328357,144.0017075835403,164.44789622797774,170.21120786934858,76.3673593317169,76.43969699987228,15.973889154049424
person_15.mp4,front,4,67,59.92093227565179,848,478,137.69700175462222,144.5532538957632,164.93503698533908,170.30801370549926,76.36895504309445,75.78629334292106,16.234782495232547
person_15.mp4,front,5,83,59.92093227565179,848,478,136.90744524311634,143.66905514894927,165.0076260515326,170.71447897725577,75.94191854958301,75.22536420347967,15.927483700058081
person_15.mp4,front,6,100,59.92093227565179,848,478,137.51810989723717,144.37571549666933,165.36726737981448,170.79141173161725,76.03086995777691,75.62717178612051,15.794984318470709
person_15.mp4,front,7,117,59.92093227565179,848,478,137.50599669891542,144.43586339867272,165.25415757134718,170.69810831499686,75.98267448175865,75.72468260770778,15.921701055531493
person_15.mp4,front,8,134,59.92093227565179,848,478,137.47162556583518,144.3752369160591,165.16325263791902,170.78790324049504,76.03082858178789,75.91296764242124,15.780240661204765
person_15.mp4,front,9,150,59.92093227565179,848,478,137.38413985868246,144.38749219308377,164.266310398522,170.77341125428163,76.02138268163776,75.31989442303072,16.676495793098052
person_15.mp4,front,10,167,59.92093227565179,848,478,137.22182581526894,144.53345766538183,164.15984614823236,170.60181270159472,76.03866831546539,75.548180824556,16.567901453686652
person_15.mp4,front,11,184,59.92093227565179,848,478,136.16004119525113,144.37709033420018,164.53298741201488,170.59906291972024,75.56014688358214,75.39416684284453,15.879740834731138
person_15.mp4,front,12,200,59.92093227565179,848,478,136.47407137939283,144.3479598690389,164.672078978258,170.61074778846947,75.80315825206688,75.39501999968418,15.781243210741774
person_15.mp4,front,13,217,59.92093227565179,848,478,136.51280247525074,144.39589638036745,164.6432133971687,170.69186044251356,75.84761793888788,75.57435447025271,15.686511956784038
person_15.mp4,front,14,234,59.92093227565179,848,478,136.04553789889567,144.36891607731096,164.78104929388792,170.70359826430115,75.8969465682647,75.71868520550777,15.444593945396662
person_15.mp4,front,15,250,59.92093227565179,848,478,135.81805783928684,144.2569204936959,163.9632603319067,170.73603385189313,75.73452285288077,75.70996092556129,15.892463637428978
person_15.mp4,front,16,267,59.92093227565179,848,478,136.37639130448278,144.40339728424325,163.62771265614575,170.598171798432,76.04732713468677,75.68187473188684,16.15213181420795
person_15.mp4,front,17,284,59.92093227565179,848,478,137.14293727655468,144.7878825577659,164.57894570391,170.8129184951335,76.71527543429002,76.47979634355117,15.618303531249502
person_15.mp4,front,18,300,59.92093227565179,848,478,137.4649225582854,145.42650093164585,164.61409710046968,170.69302596207544,76.90691780903008,77.08158243434322,15.541818155634413
person_15.mp4,front,19,317,59.92093227565179,848,478,136.84214449540627,144.91223004329015,164.8889644964309,171.48645023271078,76.66911868110516,76.9939405449075,14.512903839726826
person_15.mp4,front,20,334,59.92093227565179,848,478,137.2330111266854,145.23275030446007,164.509263280582,171.76195133184078,76.92552257270091,76.63009738421286,15.071946497176219
person_15.mp4,front,21,350,59.92093227565179,848,478,138.37671179547286,145.92436749560923,165.23908559621367,171.40912527687652,77.37132396407833,77.27875123057429,14.991135176887344
person_15.mp4,front,22,367,59.92093227565179,848,478,138.92516639682523,146.16826152632692,165.34950141297338,171.3492298540054,77.8047306570477,77.6591777078964,14.970481407903838
person_15.mp4,front,23,384,59.92093227565179,848,478,138.33477999528228,145.17356699255606,165.5116404895196,170.9611895385742,77.55626369791253,77.36075281392694,14.557519434320682
person_15.mp4,front,24,401,59.92093227565179,848,478,138.30461420668274,145.02959657785277,165.64225017880455,170.89288480866495,77.69966049553155,77.48932597728975,14.420624217153982
person_15.mp4,front,25,417,59.92093227565179,848,478,138.23734489580312,144.95957111362233,165.18187447697574,170.85234598649757,77.62646229405168,77.461246469145,14.625508443863243
person_15.mp4,front,26,434,59.92093227565179,848,478,138.2482822715454,145.02465512029633,165.15218505153314,170.78852303667094,77.62065667151484,77.49585417114027,14.71514455036528
person_15.mp4,front,27,451,59.92093227565179,848,478,137.28155577157534,143.5859370162878,165.4728563443815,170.3802351660583,77.17155610231526,76.81634120409696,13.95431517416584
person_15.mp4,front,28,467,59.92093227565179,848,478,137.30264465389774,143.57672172743878,165.3912305172183,170.39735711630124,77.31144826002003,76.8610429772132,13.971493045573874
person_15.mp4,front,29,484,59.92093227565179,848,478,137.08467850190016,143.45809005340232,165.52877019040872,170.37349396073893,77.2165765874824,76.85721756724317,13.799896373486906
person_15.mp4,front,30,501,59.92093227565179,848,478,136.7873469439534,143.2081689321779,165.16896063911815,170.47015378979032,77.20152469247279,76.88474150262306,13.794207123620485
person_15.mp4,front,31,517,59.92093227565179,848,478,136.69819837009808,143.49414288784362,165.26959621300836,170.4576755787698,77.5759290774155,77.54859753067848,13.468641647273424
person_15.mp4,front,32,534,59.92093227565179,848,478,136.48451789641143,142.91155846602913,165.21007796007504,169.88307131523592,77.36137060860156,77.24383474698045,13.519593356075815
person_15.mp4,front,33,551,59.92093227565179,848,478,136.3416979103226,142.631500706074,165.23073303765037,170.1450361729358,77.36966185302406,77.27826645161709,13.400177753201357
person_15.mp4,front,34,567,59.92093227565179,848,478,136.11375408943553,142.6858954171111,164.90000152987247,169.66776628829754,77.24624490779838,77.29597820497268,13.905105766103365
person_15.mp4,front,35,584,59.92093227565179,848,478,135.02676640535213,142.2434007507512,164.34178989655578,169.7131417426035,76.82292282348962,77.05752648011662,13.83941461454143
person_15.mp4,front,36,601,59.92093227565179,848,478,135.0213832099003,142.5526653833991,165.49350474247,170.02972681741812,76.74735753009233,77.40802957301227,13.06945198331531
person_15.mp4,front,37,617,59.92093227565179,848,478,134.8580457955292,142.49280495444714,165.0669498292201,170.08465747146778,76.70992286916882,77.49350232861073,13.209306093204763
person_15.mp4,front,38,634,59.92093227565179,848,478,134.39392823228604,141.63773387493464,164.30502383437522,170.1884185094694,76.43498060967936,76.68116501840463,13.552190942576159
person_15.mp4,front,39,651,59.92093227565179,848,478,134.93931693986187,141.994787352323,164.59937287614557,170.2918929900333,76.67310190014466,76.84686696039232,13.5757548038388
person_15.mp4,front,40,668,59.92093227565179,848,478,134.96987925416462,142.08708440014982,165.8157270434057,169.94387133652413,76.62784814528958,77.14337962375022,12.822346124305318
person_15.mp4,front,41,684,59.92093227565179,848,478,134.95217210879105,142.0191685824496,165.61050632327985,170.22782234608982,76.53447208586726,77.21435626243631,12.75007862587305
person_15.mp4,front,42,701,59.92093227565179,848,478,135.05925942803884,142.38761955229285,165.73610386853488,170.7040137719769,76.55864773690554,77.32780634470795,12.537854254742598
person_15.mp4,front,43,718,59.92093227565179,848,478,135.8297750767803,142.58363808390956,165.69037093493313,170.36173438622697,76.74664368008422,77.36934532174844,13.023726043927164
person_15.mp4,front,44,734,59.92093227565179,848,478,135.87447863526944,142.68681928138554,165.73217266482817,170.36961703115398,76.99846551461405,77.56066570373096,12.95703428044477
person_15.mp4,front,45,751,59.92093227565179,848,478,135.4771965873246,141.88838421648367,165.7573920015497,169.75023768371116,76.43768812905962,77.04732399922584,12.986098376368517
person_15.mp4,front,46,768,59.92093227565179,848,478,136.35508773221676,142.22991071988852,166.19866735830084,169.83835721705066,76.85378339244302,77.61459170297698,12.965120861632533
person_15.mp4,front,47,784,59.92093227565179,848,478,136.52373831279567,142.34375984506917,166.14765883848855,169.58638506986205,76.73762318752611,77.6360742224935,12.991491719911915
person_15.mp4,front,48,801,59.92093227565179,848,478,136.25376310586705,142.43879293771215,164.6117616991442,170.00321239700892,77.25324897805457,77.7302056776723,13.618679890652201
person_15.mp4,front,49,818,59.92093227565179,848,478,135.53174331507773,142.2367617360148,164.36826272181625,169.70188449080268,76.50911754371332,77.35713767574934,13.944294533016409
person_15.mp4,front,50,834,59.92093227565179,848,478,135.53534242518563,142.37944573215887,164.07523408628643,169.68163438347418,76.64250053885553,77.18386735144516,14.390049970770365
person_15.mp4,front,51,851,59.92093227565179,848,478,137.13413729801218,142.8508581339526,164.97256037254922,169.77071613135908,77.22562259167485,77.25590238552458,14.378719235589875
person_15.mp4,front,52,868,59.92093227565179,848,478,136.65648807383576,142.38296520901864,164.63725415428738,169.68989965879663,76.98319944615723,76.86972447060324,14.595859174045644
person_15.mp4,front,53,884,59.92093227565179,848,478,136.5118670944861,142.4142617380719,164.61046263596023,169.87435243782224,76.96181409259721,76.8873409437036,14.495234009656585
person_15.mp4,front,54,901,59.92093227565179,848,478,136.65710021765713,142.50209864361227,164.70149166525457,169.91234813015677,77.06287248342348,76.91892584939956,14.50550013715213
person_15.mp4,front,55,918,59.92093227565179,848,478,136.44838150326513,142.39418135934443,164.2744068230775,169.44665003478553,76.67422317677833,76.62980318855924,15.057312231024811
person_15.mp4,front,56,935,59.92093227565179,848,478,134.82687894258808,141.3803785251522,163.17252031851933,169.44552334897824,76.08438411492858,75.68538479982303,15.351721201875863
person_15.mp4,front,57,951,59.92093227565179,848,478,135.71083932946956,141.92938328143967,163.90952342421275,170.05808516936634,76.60565774480999,76.37958379776381,14.808584342057324
person_15.mp4,front,58,968,59.92093227565179,848,478,135.69078261561305,141.69919042931681,163.68085687854898,169.54966520996663,76.25949457189253,75.77939364429204,15.21225565861468
person_15.mp4,front,59,985,59.92093227565179,848,478,135.62950556117838,141.9035106235449,163.53463698321372,169.6369841956279,76.41096918178198,76.14596088136796,15.208303069692887
person_15.mp4,front,60,1001,59.92093227565179,848,478,135.7696811485347,142.12514127399828,163.4888321808693,169.6440195929568,76.58961835432447,76.22320496561636,15.246614567592172
person_15.mp4,front,61,1018,59.92093227565179,848,478,136.38616398757978,143.31842275131226,163.79359506641097,169.2707091243891,76.74007682199495,77.25062202886708,15.013247985066279
person_15.mp4,front,62,1035,59.92093227565179,848,478,135.61276113454593,142.83443245242924,163.74251117375326,168.89151223775067,76.15600254868531,77.20212015997367,15.08217870448135
person_15.mp4,front,63,1051,59.92093227565179,848,478,135.4113225905561,142.58274204973745,163.2984844552464,168.83478937870134,76.14560137459527,77.08698437935124,15.30350046702466
person_15.mp4,front,64,1068,59.92093227565179,848,478,134.69261590547632,141.6449925154077,162.47513081003095,168.49113511400353,75.64684568098711,75.87284753681752,16.06917464580381
person_15.mp4,front,65,1085,59.92093227565179,848,478,134.26725107339678,141.3390467522647,162.37410511786106,168.4304911689881,75.40821248099272,75.49151057710017,16.286554762292948
person_15.mp4,front,66,1101,59.92093227565179,848,478,134.31850051932875,141.48079527707085,162.2479847499373,168.45598431523132,75.53412302503939,75.63616847745907,16.306974661491292
person_15.mp4,front,67,1118,59.92093227565179,848,478,133.92080407100693,141.11408069333947,162.41272064845995,168.26431006230004,74.73193662233112,74.97053939452039,16.607837556626905
person_15.mp4,front,68,1135,59.92093227565179,848,478,134.12814389858457,141.5678813970725,161.4561193296636,168.2311012904581,75.12746831887921,74.79522622866968,17.373661169077472
person_15.mp4,front,69,1152,59.92093227565179,848,478,133.94037814116092,141.43393803668295,161.80706334771776,168.9273266669398,74.59074662265695,73.88611056861858,17.10248610631258
person_15.mp4,front,70,1168,59.92093227565179,848,478,133.07119581132974,140.90557922107277,161.42820520343275,169.52232160378236,73.46347892586819,72.71168173182474,17.29402981779229
person_15.mp4,front,71,1185,59.92093227565179,848,478,132.03869316221682,141.08766074697016,161.6048826137198,169.43667407744377,72.90582010287439,73.21901444815423,17.102097697679028
person_15.mp4,front,72,1202,59.92093227565179,848,478,131.3953907138163,140.71683117427304,160.44076388934775,169.4672177427959,72.6088704911132,72.68906034092907,17.563945200207304
person_15.mp4,front,73,1218,59.92093227565179,848,478,131.00294262352082,140.05292376757882,160.60503409847354,168.58164135623693,72.38791961441626,72.78292132271919,17.380828353451747
person_15.mp4,front,74,1235,59.92093227565179,848,478,131.19589230511022,140.07247372427614,159.72771913844878,168.3058547034137,72.34890687063906,72.0561512514465,18.268780865280995
person_15.mp4,front,75,1252,59.92093227565179,848,478,128.2320736264646,140.22034399995863,157.64055857091947,167.7755773484592,71.47931014242883,72.37949185925957,18.377435765714175
person_15.mp4,front,76,1268,59.92093227565179,848,478,126.45909582186977,139.10111554900686,155.47684294471676,166.55148034490793,70.78286988339084,71.89359931264661,19.55822888137451
person_15.mp4,front,77,1285,59.92093227565179,848,478,122.64000830754557,137.1959082510216,152.218155936007,166.038108417805,69.41632543937101,70.78796852558936,20.22702448898298
person_15.mp4,front,78,1302,59.92093227565179,848,478,122.54503931527026,135.72719909214067,152.34397680763138,164.71294471422638,69.5764267305172,70.68233937604373,19.90304100736683
person_15.mp4,front,79,1318,59.92093227565179,848,478,123.03547316698385,134.9644112083175,152.8738758285914,164.22568305598026,69.45247230620105,69.71752605396387,19.59331332274998
person_15.mp4,front,80,1335,59.92093227565179,848,478,122.32948956213089,133.88024346386132,152.28772576749574,161.72766503992014,69.17942458920157,70.62291177242567,19.80968734503444
person_15.mp4,front,81,1352,59.92093227565179,848,478,123.01105189845944,133.4435684242243,151.46210014942415,160.04373753366457,69.98915461641084,71.66817125468818,19.902725588067256
person_15.mp4,front,82,1368,59.92093227565179,848,478,123.33067540893084,130.73888462001864,151.72556429131387,157.08486489967547,70.02202998675457,72.37575982172797,20.08009915711128
person_15.mp4,front,83,1385,59.92093227565179,848,478,122.88446950162566,129.47403006729917,149.50247790241883,154.05334093873228,70.58162106024496,73.25290322426271,21.487051381706113
person_15.mp4,front,84,1402,59.92093227565179,848,478,122.43983827978423,128.9222571801763,149.0946710532442,153.8949722019855,70.82351730289379,72.92296251978365,21.50621138366675
person_15.mp4,front,85,1419,59.92093227565179,848,478,119.62370501771397,126.80367495066034,145.1293993891106,149.60120550322398,70.76778249501237,73.68953423857363,22.468534767421463
person_15.mp4,front,86,1435,59.92093227565179,848,478,111.20396884719618,122.92385431934984,136.29515387083282,145.96331660247344,69.88097829868151,72.88013779586278,23.79889121657505
person_15.mp4,front,87,1452,59.92093227565179,848,478,114.14759590886023,121.86869764317584,133.25108545206115,139.83800104561212,72.47547461479952,74.93001213513143,26.286507063078584
person_15.mp4,front,88,1469,59.92093227565179,848,478,110.6229300971097,116.24551400515003,130.48243651137054,136.32791510473612,71.45805682527269,73.09630624756896,26.766575107303144
person_15.mp4,front,89,1485,59.92093227565179,848,478,105.10405961554655,110.88900224981549,123.11096416552398,130.7381282156391,71.63983703984384,72.21368415469333,27.79056920618853
person_15.mp4,front,90,1502,59.92093227565179,848,478,105.1470063711732,107.79096567998823,122.36813927110818,126.3751555981763,71.3396622380777,72.14137512494781,28.705286374693312
person_15.mp4,front,91,1519,59.92093227565179,848,478,102.20735426765545,102.83774790496346,119.16115321971806,121.15961843523529,71.61394868016512,72.48753555095782,28.365403790449406
person_15.mp4,front,92,1535,59.92093227565179,848,478,97.95244163854818,97.08764678991437,113.00053936099457,113.71136792596194,71.21646009315761,72.0201279785953,29.564729047928658
person_15.mp4,front,93,1552,59.92093227565179,848,478,98.41262983845166,93.30599554143032,115.05093032297141,111.64105314151601,71.02217901285765,71.64507202749024,28.8636025071187
person_15.mp4,front,94,1569,59.92093227565179,848,478,85.97399042353216,80.7700042516482,104.60022155481583,100.30818327622384,66.63489571062071,66.98481588929552,31.10216020366078
person_15.mp4,front,95,1585,59.92093227565179,848,478,79.11634342545054,75.57523100464245,98.96423197515232,95.67701548670938,64.15363808647506,65.10581732584986,32.40652244396728
person_15.mp4,front,96,1602,59.92093227565179,848,478,72.36658688871952,70.48324999908696,90.77156998122642,89.44048823129877,62.81926011943475,64.50277496038471,34.80966486910728
person_15.mp4,front,97,1619,59.92093227565179,848,478,69.96790991114761,69.2771846076475,85.50125686809474,85.46657138800359,63.240198478434316,65.05071315298952,37.042456326752585
person_15.mp4,front,98,1635,59.92093227565179,848,478,69.78219281639396,69.11995056918556,84.87096069482358,85.51540428568798,64.48450988820298,66.32676492678995,36.15024240334894
person_15.mp4,front,99,1652,59.92093227565179,848,478,68.09063531633177,67.21680973981569,83.25380089569651,83.79871028095525,63.45060560969377,65.23882520232065,37.08210137398265
person_15.mp4,front,100,1669,59.92093227565179,848,478,68.67546177145557,67.03427517705838,81.4294583285298,82.71547408340713,65.31818955703542,66.57188449306135,37.30229291591996
person_15.mp4,front,101,1686,59.92093227565179,848,478,67.84787037264722,66.1399961520299,79.10286173770386,80.54781644652557,65.91415642676023,67.36699341748815,37.55144618459352
person_15.mp4,front,102,1702,59.92093227565179,848,478,65.03489567907411,62.96839422286157,74.53219518988374,77.27763997786698,65.64913557073639,66.66636812930476,39.52330447690159
person_15.mp4,front,103,1719,59.92093227565179,848,478,65.31223954293003,63.5799156473767,75.0473810716861,77.41401228420915,67.19579728607427,67.86072266978232,38.13123274087887
person_15.mp4,front,104,1736,59.92093227565179,848,478,64.70074418965359,62.884079087708656,78.11158616117223,81.92950382864011,68.67037659556244,69.51168667211134,32.7540149574836
person_15.mp4,front,105,1752,59.92093227565179,848,478,63.11430816426116,60.42612059262039,75.90230749206357,79.33702971856006,67.4770049903182,67.96058019674803,34.44155653108965
person_15.mp4,front,106,1769,59.92093227565179,848,478,59.65536914236171,57.02834587596724,69.51582510644846,71.74795920547946,64.86055869164227,65.58818330334836,40.70154975678632
person_15.mp4,front,107,1786,59.92093227565179,848,478,60.592645156105995,58.1004827607535,70.71087105687461,71.58109334685017,66.39252659589219,67.34976734295513,39.596408459174086
person_15.mp4,front,108,1802,59.92093227565179,848,478,58.31801130618936,55.93681052405715,70.37110226252892,71.03469677256315,64.69231157007447,66.07677891438625,39.888173506600495
person_15.mp4,front,109,1819,59.92093227565179,848,478,59.411377784560074,57.97734200279208,70.1394686188356,71.78112017848771,66.08712332481277,68.14380570369212,39.317221380486814
person_15.mp4,front,110,1836,59.92093227565179,848,478,56.986268338824374,55.592245204392974,69.58008472200498,69.97960698601639,64.29520787852941,66.74801975366779,39.67515357862478
person_15.mp4,front,111,1852,59.92093227565179,848,478,51.494096426774696,51.15589171877179,62.36159623207473,62.961060768373216,60.31092438707379,62.93786657584069,45.22553029474243
person_15.mp4,front,112,1869,59.92093227565179,848,478,50.67961685423127,49.91057550446147,63.38897496446168,63.364256744394496,59.095488818174815,62.035700087014455,44.61382986514648
person_15.mp4,front,113,1886,59.92093227565179,848,478,49.385348600800015,48.745143047803055,64.26885737976967,63.84379235603417,57.064910585472084,61.05046047157713,43.702012163755946
person_15.mp4,front,114,1903,59.92093227565179,848,478,48.47720348265487,48.062874921926806,63.47585665460549,63.20984777580945,59.14398793454589,59.260835350509716,44.38936936764495
person_15.mp4,front,115,1919,59.92093227565179,848,478,47.905663163869775,48.10777949616772,61.38933015401579,61.41139549410758,59.02328034510693,59.79551504249164,46.35506479592975
person_15.mp4,front,116,1936,59.92093227565179,848,478,45.72772142119066,46.37600483106195,60.12019629425588,60.01035189423282,56.42909033901226,59.25646738067283,47.64294280400925
person_15.mp4,front,117,1953,59.92093227565179,848,478,44.40435055124444,45.5127413536628,60.33108331384866,60.38019065240721,56.014743725734114,58.75017366870943,46.99519641000606
person_15.mp4,front,118,1969,59.92093227565179,848,478,44.62055059147851,45.436737779134255,60.87565840715961,62.395484731821234,56.368782750070906,59.35784099194232,45.5546918917233
person_15.mp4,front,119,1986,59.92093227565179,848,478,42.8598258097377,44.01164350558944,59.49563970035491,60.391609658968754,56.25193110883367,59.019396218944586,46.343210769392
person_15.mp4,front,120,2003,59.92093227565179,848,478,43.928021825423095,44.771222414207884,62.560050515155325,64.07379184881397,57.570238546988364,59.67210917945761,43.13435334143793
person_15.mp4,front,121,2019,59.92093227565179,848,478,42.56860856137766,43.89784606033764,61.75969697259545,63.016068537261205,57.456646182973614,59.844254512410686,43.40353649435559
person_15.mp4,front,122,2036,59.92093227565179,848,478,43.13251902676658,44.898992038426144,66.51289011890923,67.680383932683,58.08796668632305,60.991721512172944,39.09612618550676
person_15.mp4,front,123,2053,59.92093227565179,848,478,43.00349927860557,44.55687362623158,65.83240621476558,66.97534786717728,57.41479505298979,60.33106875937674,39.56766186944266
person_15.mp4,front,124,2069,59.92093227565179,848,478,42.98206860562614,45.11575137998601,66.43719807453823,67.35045240625116,57.72949902582344,60.91695687290422,39.00653229629742
person_15.mp4,front,125,2086,59.92093227565179,848,478,41.94320812154,44.11484177351407,63.43938146885146,65.52926982003942,58.0383938502888,60.68933371422183,41.44790920282923
person_15.mp4,front,126,2103,59.92093227565179,848,478,41.60374423560398,43.831697821077725,63.07912156507076,64.59622015201874,57.092834795190214,59.71695182353469,41.95149459990768
person_15.mp4,front,127,2119,59.92093227565179,848,478,41.268811365247586,43.68482154006607,63.74261458134526,64.7889492780947,56.139399582339124,59.577934264939906,41.23018203281955
person_15.mp4,front,128,2136,59.92093227565179,848,478,41.157471199667796,43.469597389972606,63.34356223595369,64.25994637005384,55.99293201598766,59.79532234856549,41.450054737590065
person_15.mp4,front,129,2153,59.92093227565179,848,478,41.04936391724183,43.20886718429868,62.62009602995478,64.06255358945106,57.35522886764584,60.9780305351687,41.881030419091275
person_15.mp4,front,130,2170,59.92093227565179,848,478,41.18436656120616,44.121984513016656,65.84208113481124,67.70422592147365,57.80319686774226,63.17280468748974,38.34033134641552
person_15.mp4,front,131,2186,59.92093227565179,848,478,41.71743914149743,44.11504501888583,68.14778361364759,69.74195107785519,59.61769744272182,64.07349643585478,36.07689892589297
person_15.mp4,front,132,2203,59.92093227565179,848,478,43.175625598484,45.0788232650184,69.02708119138366,70.14737857048536,62.600940998973094,69.07654884193867,35.091942199698686
person_15.mp4,front,133,2220,59.92093227565179,848,478,44.06598995875664,45.435183734585564,77.76313066697409,79.06184138753837,64.35466437462496,67.98882228632104,26.166898717785283
person_15.mp4,front,134,2236,59.92093227565179,848,478,43.75932091568271,44.808623061732256,75.42659328270368,76.56502521386838,63.59540531374903,66.03050084013908,28.479980886689575
person_15.mp4,front,135,2253,59.92093227565179,848,478,43.67858016568809,44.486450715840306,78.40090049405076,79.36980470771778,63.78979262101118,65.25747905386967,25.444354496300825
person_15.mp4,front,136,2270,59.92093227565179,848,478,44.71694038243583,45.702410861075265,85.71130812148077,86.59878164669497,65.75671897551007,68.40428855544414,18.82249070149763
person_15.mp4,front,137,2286,59.92093227565179,848,478,43.894753279134406,44.8783190501137,82.82239141191137,83.17044429549884,64.46889179311593,67.23231268818432,22.01537402866022
person_15.mp4,front,138,2303,59.92093227565179,848,478,44.1940045233455,45.72533730727454,83.84387587947697,83.98199159297967,65.41412091907644,69.35738964985705,21.9882995877111
person_15.mp4,front,139,2320,59.92093227565179,848,478,43.82577146260185,45.38453545341218,84.1514304227257,84.32050992908701,64.33050675538651,68.0920409242155,21.96743990460142
person_15.mp4,front,140,2336,59.92093227565179,848,478,43.37205314075201,44.715241544055374,81.66124448381582,80.98685363126032,62.015456594252385,65.46796965306956,24.439041427008487
person_15.mp4,front,141,2353,59.92093227565179,848,478,43.57828594540848,45.0128647582226,79.37664661049061,78.86289347043764,63.14835116994193,67.00187295964513,26.860042483493828
person_15.mp4,front,142,2370,59.92093227565179,848,478,43.95857896688671,45.0613431889742,78.91687086455082,77.95552023020812,63.848437425514454,67.23775852170405,27.808123206896223
person_15.mp4,front,143,2386,59.92093227565179,848,478,44.175206683311345,45.401062425704225,79.68908036914861,78.51051649628117,63.83456162381264,67.35135025583415,27.281772110729534
person_15.mp4,front,144,2403,59.92093227565179,848,478,44.41082270973691,45.458911351096255,82.45572075135757,80.26426371483254,64.12273327217461,67.38636743348295,25.244837374925172
person_15.mp4,front,145,2420,59.92093227565179,848,478,45.113232415759164,46.31921463621699,88.51246224092442,85.97091657102139,65.27393786790287,68.77690752880194,19.654989977118525
person_15.mp4,front,146,2437,59.92093227565179,848,478,46.244268656192126,46.841869283864774,90.1897158525052,87.37832339399101,66.54614950918655,69.65447539481445,18.895839017959034
person_15.mp4,front,147,2453,59.92093227565179,848,478,46.930447364256814,47.16034558867815,90.91641170297271,87.911936374962,67.18289700340436,70.05731323869875,18.79929166151842
person_15.mp4,front,148,2470,59.92093227565179,848,478,46.548386285081165,46.81992543953531,89.38710075432884,86.21322971146361,66.30051220437092,69.01644280242347,20.710813707161996
person_15.mp4,front,149,2487,59.92093227565179,848,478,46.43416202716596,47.00081056558551,89.85995736226027,86.62067183900703,65.81531988046248,68.72076038823785,20.536696354581554
person_15.mp4,front,150,2503,59.92093227565179,848,478,46.27918314226376,46.69966644016092,90.43527198167804,86.87614283892567,64.86740884817694,67.84083814839529,20.105889212900724
person_15.mp4,front,151,2520,59.92093227565179,848,478,47.31954679803113,46.771396444574115,91.33318224184738,87.35725134500191,64.98095025542175,67.85804876383345,19.93663636314364
person_15.mp4,front,152,2537,59.92093227565179,848,478,48.34582556012188,47.24819859142418,92.22827629850516,87.5994875686078,64.87486547525286,67.78332034095244,20.084432181376858
person_15.mp4,front,153,2553,59.92093227565179,848,478,49.79359501196391,48.492739672990425,95.16531006414682,90.85421369273963,64.68012382232132,67.8364907554301,17.948576673616728
person_15.mp4,front,154,2570,59.92093227565179,848,478,49.92316583345603,49.01559185424436,93.68168089345487,90.39283485496426,63.76136767783409,67.20284572994186,19.38569711487102
person_15.mp4,front,155,2587,59.92093227565179,848,478,50.08259496142434,49.33419966952737,93.15452174535886,90.54045696652067,63.021437208964585,66.27038076220445,20.107673181968092
person_15.mp4,front,156,2603,59.92093227565179,848,478,50.63857380853166,49.156482141071166,92.16120161387762,89.58807022895738,64.13108590044914,64.67732486139117,21.453250885990883
person_15.mp4,front,157,2620,59.92093227565179,848,478,49.90049383400767,49.03738657929973,91.08007654744917,89.11246286830921,60.18461549252924,62.10843301489192,22.27714358360148
person_15.mp4,front,158,2637,59.92093227565179,848,478,49.903936636981015,48.68108234150462,90.85203195436168,88.63245220745074,59.47493251817849,60.593083157195935,22.896817932583613
person_15.mp4,front,159,2653,59.92093227565179,848,478,50.358124266342436,49.33649606309378,92.42847295095737,90.00785523843075,59.10369397514383,60.893753724398906,21.96175574925107
person_15.mp4,front,160,2670,59.92093227565179,848,478,51.33102748039167,50.09479356699559,93.46884107839841,90.80354837468128,58.740427291231875,60.76575318739215,21.665433154012668
person_15.mp4,front,161,2687,59.92093227565179,848,478,51.67992003855186,50.42065653458755,90.75265548235834,88.4871808318454,57.03933096458979,59.942760725665686,23.927359005219007
person_15.mp4,front,162,2704,59.92093227565179,848,478,52.27871926745985,50.77531074479144,89.95438220915851,87.06059276607337,56.595496416603616,59.56545331381291,25.437407074972796
person_15.mp4,front,163,2720,59.92093227565179,848,478,53.06939078941018,51.729669135086496,89.16784460613171,85.68806921201107,56.69563237195273,59.56628967354522,26.997549151710988
person_15.mp4,front,164,2737,59.92093227565179,848,478,54.00619569629207,52.83640341733226,90.02976579957374,85.99726655450658,56.109235344484276,60.63032858628913,27.28432393564537
person_15.mp4,front,165,2754,59.92093227565179,848,478,54.965678374231,53.54382557398742,89.72288810104422,85.59234918131422,55.49053159590957,60.235031211090785,27.866160123524086
person_15.mp4,front,166,2770,59.92093227565179,848,478,55.18544258667038,53.4619429427009,89.869082442679,84.89486856602143,56.14376185276908,59.94016486347814,28.21732854788783
person_15.mp4,front,167,2787,59.92093227565179,848,478,56.15480956474022,54.915729752338684,91.32895918205195,86.0813606905985,56.41376704562887,61.072092016605744,27.19848884746067
person_15.mp4,front,168,2804,59.92093227565179,848,478,57.184178808765175,56.291319830453105,91.62252009359523,87.10125908548243,57.05130759703162,61.50163099627761,26.555976344012585
person_15.mp4,front,169,2820,59.92093227565179,848,478,58.20576677642355,57.34442644997717,91.26858157287634,88.19037158027716,57.792456252872704,61.77291914488656,26.576989943137214
person_15.mp4,front,170,2837,59.92093227565179,848,478,59.1727414810681,58.23032715404485,92.32207341539244,89.59214850387443,58.50784115065753,61.83112283638276,25.848844118337155
person_15.mp4,front,171,2854,59.92093227565179,848,478,64.15562803416195,61.379925228153866,98.78569237447735,95.2324329479208,62.86373417123548,65.05321231313096,21.76276327285763
person_15.mp4,front,172,2870,59.92093227565179,848,478,64.27903375822305,62.05790152030918,101.63997943604866,98.90169867176726,62.778720749152875,65.0856173537434,18.805811847705385
person_15.mp4,front,173,2887,59.92093227565179,848,478,65.91352774330034,63.956093460840506,105.05377190985452,102.22415600252435,63.890298462603205,66.28638427581068,16.462317049286135
person_15.mp4,front,174,2904,59.92093227565179,848,478,67.19705447724102,65.76494494434947,107.520233806541,104.90187061799757,64.04298171320949,66.07309359287298,15.013946488285049
person_15.mp4,front,175,2921,59.92093227565179,848,478,69.45712290279864,67.48129991902226,109.23749058661754,106.32866997180058,65.36376450557808,67.56688118615922,14.318727023862614
person_15.mp4,front,176,2937,59.92093227565179,848,478,73.21429363838409,70.05312561743526,113.50865004216071,108.9280257170667,66.06659854968572,68.28426348728064,13.117317582302693
person_15.mp4,front,177,2954,59.92093227565179,848,478,73.91422426026857,70.82856031847363,114.33052111813075,109.54197557033035,65.48600591708572,67.80786664330104,13.52463653624669
person_15.mp4,front,178,2971,59.92093227565179,848,478,76.64114673595304,72.38325193138988,117.51856221073051,111.37257407394247,65.27271734940591,68.04047193929807,13.62045636419146
person_15.mp4,front,179,2987,59.92093227565179,848,478,79.20843689918568,74.42064329645034,120.02743815830263,113.53840154046422,65.81598212669157,68.8744987757633,13.508310589907811
person_15.mp4,front,180,3004,59.92093227565179,848,478,78.2264084442931,74.40766403667337,118.51547629274029,112.86952892446966,65.59412597244871,68.74706218951731,13.899386389401743
person_15.mp4,front,181,3021,59.92093227565179,848,478,82.65698315617016,77.6127443642895,121.67290638191251,114.93145705649793,66.03758508549008,69.20004328647848,14.341322591458018
person_15.mp4,front,182,3037,59.92093227565179,848,478,86.7893298728911,79.70367218262056,124.59381484787097,115.46841991570317,65.80773668334307,69.29067127855414,15.701761650791815
person_15.mp4,front,183,3054,59.92093227565179,848,478,90.61523317594022,85.14591395737162,125.71451677877533,117.59249341351499,67.12728983990286,71.21786806130493,16.98705485328494
person_15.mp4,front,184,3071,59.92093227565179,848,478,89.44460377449747,88.27033843828698,123.0721795608776,118.7941818791107,67.68853476918154,72.09378517352772,17.746765998533547
person_15.mp4,front,185,3087,59.92093227565179,848,478,99.33070327292731,98.6211599299436,129.6004623343012,126.12034602979588,69.42902289991255,74.57439976670842,19.15046115241322
person_15.mp4,front,186,3104,59.92093227565179,848,478,107.09270655283083,110.55374346357748,133.71819810557773,135.56917835532855,70.80968682572657,75.40516052952164,21.059176988285728
person_15.mp4,front,187,3121,59.92093227565179,848,478,105.92327126521815,112.77161747904012,133.17894071763365,137.68889552255487,69.42290166058596,74.3813029595491,22.033264198358612
person_15.mp4,front,188,3137,59.92093227565179,848,478,116.44850515175307,119.77743896425658,142.8418365161791,142.07167282567735,71.02797607386289,76.78295227120431,21.79574000794221
person_15.mp4,front,189,3154,59.92093227565179,848,478,116.8054779432791,119.24844116088826,144.22408972575352,142.76915740846061,69.82644256306583,76.08956140273698,21.7070733787259
person_15.mp4,front,190,3171,59.92093227565179,848,478,125.08951735920078,125.14015491875288,151.8953663222704,148.379380951731,70.8415657278704,76.53432488502533,21.58480102658009
person_15.mp4,front,191,3188,59.92093227565179,848,478,126.61184135788875,127.24002202476788,152.88897560357137,150.8950387926284,70.92345704655087,75.74255022922019,21.458938493529953
person_15.mp4,front,192,3204,59.92093227565179,848,478,125.62090776569907,129.49932597886627,152.2473097178818,154.31250839823878,70.51102319280592,74.88312593807467,21.24020346073346
person_15.mp4,front,193,3221,59.92093227565179,848,478,126.98614584884886,129.65134105152737,152.1578820428187,153.7564648622982,71.37575701238946,75.68729176052807,21.419816671390006
person_15.mp4,front,194,3238,59.92093227565179,848,478,128.94517816233062,133.674799713471,152.44807262901998,157.10220811717957,72.30442771170912,75.82894763762613,21.446388052646938
person_15.mp4,front,195,3254,59.92093227565179,848,478,131.9848627890883,135.7796482645715,155.80207138357324,158.15048398855689,72.76138270816169,76.38130557459759,20.985125533536955
person_15.mp4,front,196,3271,59.92093227565179,848,478,131.5137847339566,139.22140086145322,155.82713075671202,161.87623075946075,72.50420879236763,75.55623281260208,20.655241238569904
person_15.mp4,front,197,3288,59.92093227565179,848,478,133.1759960116825,138.67436567789701,157.54222238204065,162.170453992546,72.74810245489918,74.77966618465285,20.53693443782703
person_15.mp4,front,198,3304,59.92093227565179,848,478,132.7434103915521,138.43854530077732,157.13427400233337,161.6871453308511,72.86869467376046,75.27498362608154,20.28466938768133
person_15.mp4,front,199,3321,59.92093227565179,848,478,134.37739879081718,139.82159395698108,159.29350251976612,162.92261087489865,72.30189989912488,75.25108143600255,20.282301358740636
person_15.mp4,front,200,3338,59.92093227565179,848,478,131.7477956316619,138.13375256645668,156.9035751980653,162.0128242722281,72.07958709910869,74.86364500609079,19.936901536148767
person_15.mp4,front,201,3354,59.92093227565179,848,478,134.22685590615117,139.0378653957981,159.16891088126073,161.30276623214556,72.5059749031035,76.73511881985985,19.927560288886234
person_15.mp4,front,202,3371,59.92093227565179,848,478,135.59905816964357,139.40307601074105,160.76049277216066,162.73197082395745,72.97420345246273,76.5378693338817,18.89592901215335
person_15.mp4,front,203,3388,59.92093227565179,848,478,138.70830152022538,140.47275125206946,162.94196453008507,162.41427168111565,73.186171973445,76.8833286059596,19.34409507829188
person_15.mp4,front,204,3404,59.92093227565179,848,478,139.0859515920194,141.43620343425394,163.5138116540865,163.8464473656867,74.02492630154134,77.12591611483393,18.93676351201864
person_15.mp4,front,205,3421,59.92093227565179,848,478,142.4976193528945,142.66124488949188,165.83281854285477,164.3798161654471,74.77697543746345,77.31767798773386,19.12538474301533
person_15.mp4,front,206,3438,59.92093227565179,848,478,138.7793677105254,140.69368666537892,164.46356509501715,163.63122709023068,73.12450561113963,76.44356973159732,18.882015579698884
person_15.mp4,front,207,3455,59.92093227565179,848,478,138.977018453517,141.05378323178326,165.46124859914985,164.56038516353982,72.65613723606245,76.06036297035763,18.856059886021296
person_15.mp4,front,208,3471,59.92093227565179,848,478,136.9109481619873,141.54145549795376,163.19300348518482,166.1565246989107,72.56309582361254,75.00967850370041,18.854671564103302
person_15.mp4,front,209,3488,59.92093227565179,848,478,141.24013129051528,142.4894600029305,165.50486821768942,165.57828903344785,74.14527274738893,76.5779745614067,18.84639051569776
person_15.mp4,front,210,3505,59.92093227565179,848,478,139.21881329379,142.03847759455502,164.1967752293147,165.77203085745995,73.5885080844792,75.85021085318478,18.840320112454197
person_15.mp4,front,211,3521,59.92093227565179,848,478,139.58972194282617,142.844231030306,164.07097792557047,166.2854773815546,73.95855587576307,76.17777702239513,18.820436138695737
person_15.mp4,front,212,3538,59.92093227565179,848,478,139.04573557134364,143.251877795332,163.37140721853282,167.24819246556592,73.98358929153484,75.59758400659138,18.8714681590926
person_15.mp4,front,213,3555,59.92093227565179,848,478,138.82753110833045,143.57363587806012,162.93120710335018,166.9559631158379,74.41705400208578,76.23828068423457,18.91664618527143
person_15.mp4,front,214,3571,59.92093227565179,848,478,138.4240946744677,143.31352147686812,162.40613201555277,167.07644124783474,74.4659107505032,75.84156659486608,18.95186739493933
person_15.mp4,front,215,3588,59.92093227565179,848,478,140.30848636643742,141.71773130389508,163.60834283550184,165.95015697884986,74.95852718170329,74.71898440825944,18.87536069842674
person_15.mp4,front,216,3605,59.92093227565179,848,478,139.576968883064,141.8874135921532,163.57324008786722,165.31353723522335,74.56004776144408,75.18909135888276,18.68882760941491
person_15.mp4,front,217,3621,59.92093227565179,848,478,139.0802621899788,141.1663210071581,163.27142518533384,164.7179292378651,74.05736148262226,74.80397802242855,18.778381402106053
person_15.mp4,front,218,3638,59.92093227565179,848,478,140.1796330326302,141.47990842867756,162.96862418928836,164.9080270997102,75.19503513292513,75.35791363424886,18.67508412321946
person_15.mp4,front,219,3655,59.92093227565179,848,478,139.9220362004954,142.12633394170092,162.56423470880614,164.74225684977213,75.12468479411213,76.52651389436143,18.59191906754878
person_15.mp4,front,220,3672,59.92093227565179,848,478,139.35324550986977,142.61702176659642,162.4039272562551,164.6692275836717,75.01654003464466,77.44908184521,18.471660604699462
person_15.mp4,front,221,3688,59.92093227565179,848,478,139.30358267311803,143.34880304590436,162.50895360333172,164.46059786735935,75.09641849815526,78.51690094150582,18.387220211366035
person_15.mp4,front,222,3705,59.92093227565179,848,478,139.38283972154127,143.99894562433138,162.61131859100053,163.97707295215307,75.52982240125218,79.79040960933796,18.276648293805394
person_15.mp4,front,223,3722,59.92093227565179,848,478,138.6331234870867,142.08287225742006,161.98672309407365,162.57803666283598,75.38258877055219,79.05522385651848,18.23066151271223
person_15.mp4,front,224,3738,59.92093227565179,848,478,138.92565588182848,141.87947106045354,162.085725777274,162.28422624448024,76.07198747960489,79.25995410161865,18.09636160267903
person_15.mp4,front,225,3755,59.92093227565179,848,478,137.92257039996952,140.30743141539256,161.1948019653465,160.24954583514852,75.95880793900653,79.23464920847256,18.661875776077178
person_15.mp4,front,226,3772,59.92093227565179,848,478,134.83410991221987,137.6976537640548,158.72469322374937,157.90149390638672,75.49607691010833,78.71040117413563,19.100557006485992
person_15.mp4,front,227,3788,59.92093227565179,848,478,131.50347252257083,136.14415480341054,156.1395288798312,156.85032144255052,74.4457862017911,77.78642663857163,19.546991700107206
person_15.mp4,front,228,3805,59.92093227565179,848,478,125.7973196971518,132.09894726859662,152.53823565878199,154.3668153811393,73.45562984021133,75.7535263532545,19.900090943680908
person_15.mp4,front,229,3822,59.92093227565179,848,478,120.9938696034952,127.36772571451581,147.92120449273114,150.30471987102928,72.323996044608,75.0483687476168,20.785513782855574
person_15.mp4,front,230,3838,59.92093227565179,848,478,119.28883231558781,124.13838408727497,145.84495984030548,147.2667090147378,71.8301209785423,74.68794660574554,21.651338754360424
person_15.mp4,front,231,3855,59.92093227565179,848,478,117.83881312328002,122.45786222363883,140.97472607177374,144.65997446885322,73.44706832769805,75.94184372091605,22.136914453301447
person_15.mp4,front,232,3872,59.92093227565179,848,478,108.6456587803692,115.4336373320768,130.47319494270585,139.07787412990348,74.34205299790818,75.65235369123859,22.418581258373603
person_15.mp4,front,233,3888,59.92093227565179,848,478,105.38069279190775,108.32201095157465,127.493738263727,132.45795212929542,73.34271144267014,75.02396419995401,22.73224760885731
person_15.mp4,front,234,3905,59.92093227565179,848,478,98.74042535275231,105.35808433280349,122.93922956668035,131.2804860428512,71.1753465306146,73.27908814840812,23.064693744678184
person_15.mp4,front,235,3922,59.92093227565179,848,478,93.67232294671074,94.5380332680688,119.76202708872148,120.78941242906363,70.4836249559838,73.11223182948606,22.914121631035062
person_15.mp4,front,236,3939,59.92093227565179,848,478,91.60046156738778,85.30645530422875,120.21890983000469,112.8176235235667,69.06470064224015,72.36629244905048,22.595305048229328
person_15.mp4,front,237,3955,59.92093227565179,848,478,84.40631914947441,79.80080431386862,117.17675908343146,110.96072182065942,68.46584990813423,71.95122666768752,19.05346798973455
person_15.mp4,front,238,3972,59.92093227565179,848,478,80.40143739687451,76.69945069367536,115.44836311309702,110.40450533241963,67.31572858048794,71.24286332775824,18.341207060991426
person_15.mp4,front,239,3989,59.92093227565179,848,478,78.18718719341611,75.72018195740584,112.35218228375058,108.85289145480927,69.08080105080136,73.14919818616197,16.931677701561792
person_15.mp4,front,240,4005,59.92093227565179,848,478,76.60477681578486,74.07784298917315,111.40285155677364,108.22410171318029,67.68242685042007,71.6371906956107,16.94066763135278
person_15.mp4,front,241,4022,59.92093227565179,848,478,71.73724001013056,69.49611013517888,109.50426639958125,106.0502510699593,66.56999006560434,70.71990372092468,16.20221171091305
person_15.mp4,front,242,4039,59.92093227565179,848,478,75.15483263110616,72.27061025142882,112.05600407213402,109.10294805773161,68.5384725989296,72.3184062840714,14.523201827774976
person_15.mp4,front,243,4055,59.92093227565179,848,478,68.43525232725261,66.30923043894157,108.36938394440729,104.75557796894259,65.32735892162911,69.25219129238918,15.34702209169921
person_15.mp4,front,244,4072,59.92093227565179,848,478,67.1298655148309,64.33069450566305,105.23184970316878,101.48652153011403,65.69215139828111,69.83883655919183,16.976131762837966
person_15.mp4,front,245,4089,59.92093227565179,848,478,64.80054730292284,61.383025771890416,101.61911712267573,97.44975584401718,65.79363165951334,69.87202104738797,18.050157109071215
person_15.mp4,front,246,4105,59.92093227565179,848,478,63.98671884987171,60.81635287039314,101.05752210593683,97.06948311286776,65.20788246929632,69.52580840038115,18.57205391410219
person_15.mp4,front,247,4122,59.92093227565179,848,478,59.81814204738076,58.03773164902188,95.33208629389752,92.10855630918128,63.847277498553495,67.88567884065334,21.24214568468243
person_15.mp4,front,248,4139,59.92093227565179,848,478,60.17565772606506,57.45666133690543,95.67042271260745,91.09799680602578,63.468313872044156,67.16588115309513,21.94583693797342
person_15.mp4,front,249,4155,59.92093227565179,848,478,60.938698930991066,58.44549158376878,96.25510839608569,92.4788688193382,64.9769641695054,68.72727591372043,20.545618991552466
person_15.mp4,front,250,4172,59.92093227565179,848,478,58.88916690157555,56.19826535537241,92.07557722624428,88.63454670870566,64.2446908677069,67.23136015669026,22.775129899632383
person_15.mp4,front,251,4189,59.92093227565179,848,478,57.25115176619368,55.91408265316657,85.92988116033564,84.12819120804113,63.37861813887175,66.73744577149874,27.038705488134365
person_15.mp4,front,252,4206,59.92093227565179,848,478,53.53597940596496,52.87127389424934,75.8915425690926,74.33443149397607,60.653180423591486,63.97604926458381,35.294328170360366
person_15.mp4,front,253,4222,59.92093227565179,848,478,52.86543880710924,52.69139460593176,74.05860622677432,72.80193048935274,60.509163205112316,63.68661785025533,37.438474334951266
person_15.mp4,front,254,4239,59.92093227565179,848,478,53.66557182488562,53.689558464334745,75.9276558111628,74.77598259285287,63.17263541501047,65.34392858533282,33.85064061699037
person_15.mp4,front,255,4256,59.92093227565179,848,478,51.76376849934375,51.1749792846824,75.72126502686763,74.16920533032965,61.842185835094895,63.34648610008699,33.327104602451556
person_15.mp4,front,256,4272,59.92093227565179,848,478,51.57706591063872,50.98540762322657,76.82887491783654,75.27938780984479,62.54818519197003,63.82561884599169,31.91706157054985
person_15.mp4,front,257,4289,59.92093227565179,848,478,49.80136955901682,49.460974325902214,71.55236300806679,70.70624318868194,61.18994477434318,62.72658159724983,36.62961728505145
person_15.mp4,front,258,4306,59.92093227565179,848,478,46.3777539357184,47.076536015257645,65.31206376227668,65.19066982747466,58.33676675805435,60.56148191708185,41.68104592828905
person_15.mp4,front,259,4322,59.92093227565179,848,478,44.10652508884492,44.88519634927244,62.08980504356306,62.32518442494748,56.37147554253218,58.3794831310344,43.932914434193464
person_15.mp4,front,260,4339,59.92093227565179,848,478,44.419627749522974,45.36386216887076,61.61064923713528,61.1289180892292,55.962599624864495,58.8501960815337,45.09537510839697
person_15.mp4,front,261,4356,59.92093227565179,848,478,43.19991096308581,43.863842083236214,58.2612752511427,57.43274197317702,55.603045928599606,57.66568714019083,48.5874631728231
person_15.mp4,front,262,4372,59.92093227565179,848,478,41.85868104634016,42.184809926162394,57.080207260776184,56.16578793971557,54.66035844117694,56.82414873962556,49.185324087205885
person_15.mp4,front,263,4389,59.92093227565179,848,478,41.963928651976545,42.29403480443753,57.731826262565974,56.48790703183988,55.287748301494844,57.27653916764558,49.036403965523014
person_15.mp4,front,264,4406,59.92093227565179,848,478,40.62187660561615,40.45447919381355,54.25414791478972,52.811315674361616,53.543472837812885,55.031982969605835,51.711130920848504
person_15.mp4,front,265,4422,59.92093227565179,848,478,40.94593722943521,41.37369351824781,55.06380403768411,54.12625933259103,54.00004296775358,55.93466693394639,50.77490134422482
person_15.mp4,front,266,4439,59.92093227565179,848,478,39.57984345905191,40.192773371788505,52.105712048667726,51.0534919254487,53.01064610913747,55.08642658552405,53.26191182834464
person_15.mp4,front,267,4456,59.92093227565179,848,478,39.78728396079274,40.31403093713957,53.503915640231256,52.468022644111194,53.97777614047957,55.68910179941976,51.97842759335779
person_15.mp4,front,268,4473,59.92093227565179,848,478,39.10031743603358,39.285176212277,51.181333586986334,49.45447173326736,52.649545945523634,54.111510395701494,54.09600740287631
person_15.mp4,front,269,4489,59.92093227565179,848,478,39.37837752625745,40.036405679070285,51.32806558464931,50.61901061333379,52.58375899028519,54.81477068378419,53.65724678265578
person_15.mp4,front,270,4506,59.92093227565179,848,478,39.26364464484274,39.97079123491383,52.81342491098867,52.016532409615515,53.637849102192085,55.41449261125614,52.164149743796244
person_15.mp4,front,271,4523,59.92093227565179,848,478,38.66018527641499,39.78131348886377,53.3268393343932,52.72538879107346,53.29871535613543,55.79980206882314,51.37754689569736
person_15.mp4,front,272,4539,59.92093227565179,848,478,38.95039861416951,39.84311516955964,53.277969957307555,53.1577266601078,53.9838085548438,56.138756436669695,51.15562485939184
person_15.mp4,front,273,4556,59.92093227565179,848,478,39.10789133109957,40.0642467634103,51.78372826898867,51.61953781061699,53.9163830318511,56.42612465453306,52.78378937723961
person_15.mp4,front,274,4573,59.92093227565179,848,478,39.204526581774836,39.80132150531478,52.71074049708775,52.65613009803191,55.20287947444095,57.379100848998895,51.87533618191988
person_15.mp4,front,275,4589,59.92093227565179,848,478,38.43552014493908,39.58430676493316,51.04809759176929,51.19472947897337,53.536994985348436,56.33322150590984,53.14726497051975
person_15.mp4,front,276,4606,59.92093227565179,848,478,38.03784300817263,39.06373580480257,50.96587964653189,50.99693978542368,53.07013341705101,55.55180414981438,53.09935061877574
person_15.mp4,front,277,4623,59.92093227565179,848,478,38.282086345471626,39.22280860026516,52.21739164369523,52.12712106462805,53.35614306000064,55.822984731862626,51.905826043340696
person_15.mp4,front,278,4639,59.92093227565179,848,478,38.495739426782855,39.51023235376185,52.80136683806425,52.64663602406284,53.76287273010142,56.297698495275796,51.32304893772847
person_15.mp4,front,279,4656,59.92093227565179,848,478,39.1796698880351,41.09066873902509,57.5680633716955,57.78558478530771,54.93532390791068,58.97523975122816,46.696050184152114
person_15.mp4,front,280,4673,59.92093227565179,848,478,39.62293297542468,42.305523763159044,59.49445759915494,60.242076281971144,55.770498284448045,61.322324063215184,44.771559547958624
person_15.mp4,front,281,4690,59.92093227565179,848,478,39.525917447452436,41.9865301347701,58.079037933231916,59.43527025934187,55.64597189677277,60.64948490359547,45.86191446483811
person_15.mp4,front,282,4706,59.92093227565179,848,478,39.75650813397867,42.10922176517569,58.45245929794876,58.99024249043218,56.54595666005827,61.336016979780304,46.005776975576715
person_15.mp4,front,283,4723,59.92093227565179,848,478,39.59082348981653,41.628113024590796,56.77378943408134,57.882745201885115,57.104123388560545,60.763658190298564,47.40625229974155
person_15.mp4,front,284,4740,59.92093227565179,848,478,40.08319490840122,41.56870924052476,57.72956205858596,58.006153693547944,58.04519071441589,60.96121004876515,47.01650873422839
person_15.mp4,front,285,4756,59.92093227565179,848,478,39.63446746337889,41.108833328164394,55.516116673165726,55.43735038366131,57.230945530710336,60.030410218903306,49.522161855076675
person_15.mp4,front,286,4773,59.92093227565179,848,478,39.21229205388148,40.98346716830307,56.61395374694589,56.48692583887335,56.907892866332126,59.42863707144018,48.5205224495931
person_15.mp4,front,287,4790,59.92093227565179,848,478,39.600189294761954,41.31809611342632,58.8124588639382,58.88882432819867,58.056215411332175,61.06992919316496,46.6776070445565
person_15.mp4,front,288,4806,59.92093227565179,848,478,39.76635609089028,41.46217806172045,60.89656322346016,61.013705359980946,57.686340599492056,60.7400563286262,44.903787090885075
person_15.mp4,front,289,4823,59.92093227565179,848,478,39.91259773972784,41.616966593788646,64.98357453434018,65.031872887324,57.863245006518845,60.68222804190781,40.85233620696747
person_15.mp4,front,290,4840,59.92093227565179,848,478,40.83093995520607,42.31053804702618,69.09771729293317,69.64320380996479,58.78811824741431,61.5570783147089,36.991223133461844
person_15.mp4,front,291,4856,59.92093227565179,848,478,41.73725196708026,43.02211066671816,70.0053943017742,69.95508228121412,59.14134054428752,61.66855684122584,36.90254073164879
person_15.mp4,front,292,4873,59.92093227565179,848,478,43.92429737409845,44.90884685369738,75.27774214660427,74.6894555816967,60.986128154895866,63.20517180715012,33.236693272400515
person_15.mp4,front,293,4890,59.92093227565179,848,478,44.19119830877332,45.83475638883114,73.0501397405255,73.32744725124836,59.97055296517254,62.56535019113023,35.75971487391053
person_15.mp4,front,294,4906,59.92093227565179,848,478,45.20646843560527,46.99023256195805,71.82506272311434,72.74292102549886,59.2457355863021,61.895985436375554,37.497674373873565
person_15.mp4,front,295,4923,59.92093227565179,848,478,45.540543560835715,47.06769707173377,74.06010365826528,75.12077569514281,58.7653668199204,61.234752583454224,35.61326309515829
person_15.mp4,front,296,4940,59.92093227565179,848,478,47.174824863844044,48.75077063933889,80.87093212228262,82.84968186185395,59.59445891124886,62.55201151447557,29.208165763213373
person_15.mp4,front,297,4957,59.92093227565179,848,478,47.67547896871233,49.00150930934677,82.16860822001436,83.55969119181636,58.952110397479906,61.85794029330115,28.654734901836584
person_15.mp4,front,298,4973,59.92093227565179,848,478,49.60134726798708,49.86053092378382,86.632841688823,87.2593055459475,59.31684980943702,62.165972963778906,25.59404500386491
person_15.mp4,front,299,4990,59.92093227565179,848,478,49.64240712653228,49.71271192566444,86.29219658283678,86.35034800609509,59.244625137689134,61.00288032211776,26.362549970912355
person_15.mp4,front,300,5007,59.92093227565179,848,478,50.21047029016213,50.75878833465877,87.95331852772243,87.22920494011908,57.842614317271504,60.33585114271454,25.357601578251458
person_15.mp4,front,301,5023,59.92093227565179,848,478,52.012941366045865,51.351540799231145,92.55805464163655,89.23360561984971,58.18870425482694,60.49021851531464,22.78484738336949
person_15.mp4,front,302,5040,59.92093227565179,848,478,51.91928054591567,51.785624430800254,90.74088785158496,86.74550721048219,56.160850458944125,59.33723106976079,25.10696636119567
person_15.mp4,front,303,5057,59.92093227565179,848,478,53.5274722204358,52.991061561645765,90.27949318337055,86.6398042702107,55.737833488510255,59.535796266586324,25.678658629664234
person_15.mp4,front,304,5073,59.92093227565179,848,478,54.282816917158215,53.91853872926284,92.31174947646929,88.38832357731711,56.7386399244984,60.465185743795104,24.029568428999923
person_15.mp4,front,305,5090,59.92093227565179,848,478,55.26675057720956,54.146199042908535,95.60000680566493,90.40180954330275,57.01859622479302,60.578605653135135,21.943776172652434
person_15.mp4,front,306,5107,59.92093227565179,848,478,55.659676389504135,54.477367021045524,95.57983688979729,91.07924382449106,57.166823788619375,60.31552066312281,21.884903887781512
person_15.mp4,front,307,5123,59.92093227565179,848,478,58.79186837131607,56.659653096273146,101.76499135168135,96.61350428863712,58.307409921197255,61.76638044312202,17.765289175078145
person_15.mp4,front,308,5140,59.92093227565179,848,478,59.55203165112388,57.64628606892926,100.76565168152304,95.96695879007682,58.08121619957194,61.826308521936355,19.043958672208593
person_15.mp4,front,309,5157,59.92093227565179,848,478,62.51589970291159,59.1688114610765,105.51355644228549,99.68436875317894,59.513305214835746,62.896780183673265,15.912351286245547
person_15.mp4,front,310,5173,59.92093227565179,848,478,63.031252686746065,60.629552359458444,105.4687569262781,100.37825606391016,59.714079018407396,63.3368287064247,15.978123851590341
person_15.mp4,front,311,5190,59.92093227565179,848,478,65.79200846208991,63.01902219235195,107.49836646325099,102.35398516649506,60.93415730320424,65.27904892263065,15.294876032238976
person_15.mp4,front,312,5207,59.92093227565179,848,478,67.01208745943778,65.00212799550856,108.6138576346062,105.12354340618958,61.69470410616854,64.05854408413755,14.479957629003133
person_15.mp4,front,313,5224,59.92093227565179,848,478,71.0369129258076,67.32474505871286,113.716788293469,109.02711378773887,64.10447509564548,65.0861817237141,11.758474473141048
person_15.mp4,front,314,5240,59.92093227565179,848,478,71.10980378699513,67.86593909141418,114.21876016316493,110.49459133614809,64.59445316653274,65.1814281781256,11.103407428344768
person_15.mp4,front,315,5257,59.92093227565179,848,478,74.18811025242019,69.8455369048356,116.92583624478898,112.44356326641541,64.8024323397167,65.33624135994579,11.147722450279725
person_15.mp4,front,316,5274,59.92093227565179,848,478,79.20700105690834,74.79993544549669,119.93118937997248,115.91675116846874,65.14059769384359,66.32047686150858,12.33331907739648
person_15.mp4,front,317,5290,59.92093227565179,848,478,81.9442151673273,79.04552442109075,121.7075630646235,118.54255409125767,66.26221850973296,67.71182593336258,12.51934463751594
person_15.mp4,front,318,5307,59.92093227565179,848,478,83.05029272523538,82.46456255348951,120.13544826298492,119.52523632934839,67.47333827262489,68.64523602730307,13.934462415228266
person_15.mp4,front,319,5324,59.92093227565179,848,478,84.20403224809908,87.1988653423843,120.51665437666624,124.45188719200536,67.16404524373732,68.44293796996651,14.313464846827259
person_15.mp4,front,320,5340,59.92093227565179,848,478,94.19451929421223,92.44483100986184,126.02630523357118,126.05346931957673,70.97966625531805,70.48308874905565,15.218527261245463
person_15.mp4,front,321,5357,59.92093227565179,848,478,99.3911250774815,99.23474328710138,130.65324573478588,130.2781623371021,69.05893196273637,70.81801310102811,18.365232331190136
person_15.mp4,front,322,5374,59.92093227565179,848,478,100.45835943528137,103.29812385592457,129.99158892126826,132.5159866216688,69.64942059532278,71.63994913187788,19.716024264149365
person_15.mp4,front,323,5390,59.92093227565179,848,478,103.55041428400851,106.55486538700022,132.3518946703321,134.7204314799261,69.60337056542659,72.11681018343019,20.796258375795276
person_15.mp4,front,324,5407,59.92093227565179,848,478,108.24167001574143,107.74482293652535,137.5283540143553,135.3151598668012,67.7056486935905,71.42310231110746,21.820817665873847
person_15.mp4,front,325,5424,59.92093227565179,848,478,111.7979401938308,110.78956453818597,139.8037052731536,137.50623114451076,68.79976854212948,72.7258785672364,21.988408028295915
person_15.mp4,front,326,5441,59.92093227565179,848,478,118.75176542502801,118.8064849985173,147.15909244599942,145.00740009729964,68.83713281884914,73.1984560107884,21.701034845810437
person_15.mp4,front,327,5457,59.92093227565179,848,478,121.25168262157736,122.48119743013966,149.94612566384288,148.54974547307955,69.30796628897677,73.33671997558272,21.3097442669967
person_15.mp4,front,328,5474,59.92093227565179,848,478,123.67766926106793,122.05632525975736,150.9800157452683,147.6304612313842,70.04309438077736,73.23662722957796,21.218304300305142
person_15.mp4,front,329,5491,59.92093227565179,848,478,125.05471811923493,125.40477763284109,152.16425434321403,150.8181522157656,70.14768347343356,73.56930100087786,21.073403000850586
person_15.mp4,front,330,5507,59.92093227565179,848,478,124.6524398597695,126.6899045258515,151.6250817238595,152.5964297654178,69.56416338421319,72.29568390676283,21.269132323001603
person_15.mp4,front,331,5524,59.92093227565179,848,478,128.58257681008212,132.98594384239888,153.27584818742622,157.61774025474685,71.81574716739777,72.70262244985616,21.107722023425644
person_15.mp4,front,332,5541,59.92093227565179,848,478,130.47004308170398,136.1274810226068,153.46805684869835,159.82015618730168,73.40519352192045,73.56121075892419,20.80718532579769
person_15.mp4,front,333,5557,59.92093227565179,848,478,129.2028965456695,138.20636849549962,153.41599114732955,163.36337481399949,72.17449615575599,71.74452464834337,20.773838215202304
person_15.mp4,front,334,5574,59.92093227565179,848,478,130.69419023783402,140.70818633194466,154.50246827104604,165.18461864312468,72.91380942333983,72.84456360180671,20.694597737134707
person_15.mp4,front,335,5591,59.92093227565179,848,478,128.88191014163456,140.45015960240568,154.35208433173202,166.24373798821483,71.55761297369527,71.79723806008508,20.596986403490654
person_15.mp4,front,336,5607,59.92093227565179,848,478,130.22052838652087,141.7663018504003,155.79183218010743,167.52858639402618,71.82610810956196,71.97257257463924,20.46149417975297
person_15.mp4,front,337,5624,59.92093227565179,848,478,127.62796239751329,139.92356670539996,153.1494902796006,166.86126683284746,71.23059382288042,71.4183092949656,20.73419871734774
person_15.mp4,front,338,5641,59.92093227565179,848,478,128.96889381673665,142.12899383643608,153.29291015094714,167.87493631119926,72.1543976177448,72.33864273863598,20.71070985513889
person_15.mp4,front,339,5657,59.92093227565179,848,478,133.0119082179459,143.2116870209592,156.03276421040823,168.45080579751115,73.43801287451271,72.65885987802407,20.74183152555702
person_15.mp4,front,340,5674,59.92093227565179,848,478,131.78434370620033,141.6772077626704,155.6592568162281,167.41176944855536,72.97355839721828,72.62049036029006,20.592069394169012
person_15.mp4,front,341,5691,59.92093227565179,848,478,130.7969673394938,141.37303980598145,155.01451254031323,167.9380446483924,72.1973571611265,72.03686638069384,20.826238144263677
person_15.mp4,front,342,5708,59.92093227565179,848,478,131.5153818407071,140.3531804084279,155.82763942048732,167.16222042192754,72.06450110734774,71.92443974721941,20.900829531615212
person_15.mp4,front,343,5724,59.92093227565179,848,478,129.31590531932932,139.5457557412311,153.89912903580955,166.62587821883386,71.75646391960115,71.71277041362725,20.83888162025902
person_15.mp4,front,344,5741,59.92093227565179,848,478,127.93273275664014,140.5691220797153,152.4654192173134,168.24450984141103,71.04775324416946,71.23837974076653,21.298266926998497
person_15.mp4,front,345,5758,59.92093227565179,848,478,128.25039136759398,140.6266928496808,152.76203492248226,168.29861840950977,70.94698543646368,71.50087167467122,21.37093658908595
person_15.mp4,front,346,5774,59.92093227565179,848,478,128.28360718954806,140.80045969453928,152.650762078222,168.5754329137017,71.14241140877326,71.86913047414644,21.282106243713635
person_15.mp4,front,347,5791,59.92093227565179,848,478,129.77001264765127,140.92865933414808,153.69654682524146,168.34804831035981,71.76090220026978,71.9873782872865,21.203262464453605
person_15.mp4,front,348,5808,59.92093227565179,848,478,129.04541753006075,139.1501759334152,153.9690561027149,167.0830733685489,71.12121328200332,71.4558714438194,21.08434387404752
person_15.mp4,front,349,5824,59.92093227565179,848,478,128.49754040046344,139.12040708001666,153.39818649446357,167.08690887778363,71.24721713369695,71.2834086578992,21.151225870635738
person_15.mp4,front,350,5841,59.92093227565179,848,478,129.43053367602113,140.41237300087602,153.82613936189983,167.80684693629618,71.72123953783851,72.07342328922891,21.16696794608498
person_15.mp4,front,351,5858,59.92093227565179,848,478,129.89678440194825,141.2640690880143,153.3851131509045,168.19266196531265,72.01857324757522,71.63774969049433,21.819216158288267
person_15.mp4,front,352,5874,59.92093227565179,848,478,134.2774285427849,142.3278035322323,156.09067240942377,168.2122636868404,73.68522760847043,72.43060619823078,21.79625777937302
person_15.mp4,front,353,5891,59.92093227565179,848,478,132.62537580794557,141.53358167688023,154.96664664994603,167.579778918788,73.15063170181766,72.358044539844,21.831027952083858
person_15.mp4,front,354,5908,59.92093227565179,848,478,132.0895957268043,141.0043279425413,154.50072894427538,167.1830112235505,72.90357355816919,72.38802818176416,21.76300821688739
person_15.mp4,front,355,5924,59.92093227565179,848,478,131.40035642973072,140.74194321857416,154.03294492784025,167.0003382290368,72.73660688891157,72.1538531538203,21.93400808520824
person_15.mp4,front,356,5941,59.92093227565179,848,478,131.12284561214452,140.2693847281044,153.93135224990309,166.4221437945507,72.61480448413923,72.20028984119598,21.967497146277132
person_15.mp4,front,357,5958,59.92093227565179,848,478,131.25391751894207,139.83144116858114,153.6484101528592,165.99483560953902,72.70452404329806,72.25917291618026,22.011183794789435
person_15.mp4,front,358,5975,59.92093227565179,848,478,132.68692423933157,140.2748950503381,153.82415759654464,165.6827572185217,73.80173718406449,72.40436595010583,22.068935560068397
person_15.mp4,front,359,5991,59.92093227565179,848,478,131.73365625075718,140.89858948827853,152.9111653770709,165.36094012969804,73.7482890149514,72.50032663648857,22.602050121369224
person_15.mp4,front,360,6008,59.92093227565179,848,478,131.2874202537983,139.9878640299452,152.56011350358034,164.1297074597648,73.75809880772395,72.43386243541505,22.623139577832298
person_15.mp4,front,361,6025,59.92093227565179,848,478,132.64171919379174,138.00464531717515,153.40369382472025,161.04464508743456,75.34934545790743,73.778857959281,21.742207047855768
person_15.mp4,front,362,6041,59.92093227565179,848,478,132.60654178528557,134.5734202754278,152.93637979818612,157.4018096580993,75.85560178821972,74.29352645192752,21.753466561123112
person_15.mp4,front,363,6058,59.92093227565179,848,478,132.36877017733454,133.33734232089756,153.02537823663897,155.94129277418642,76.02836824093067,74.61429679937977,21.400261781876047
person_15.mp4,front,364,6075,59.92093227565179,848,478,129.93779999908085,128.77346368735755,149.4183905118674,151.27623760009348,77.01871775525092,75.38986042212497,21.3957709103114
person_15.mp4,front,365,6091,59.92093227565179,848,478,124.6326630513827,125.39565413759041,144.9211110778879,148.02008567720904,76.06627627600969,75.23716857907908,21.599680796301893
person_15.mp4,front,366,6108,59.92093227565179,848,478,121.94533793507334,125.69979554752462,142.60604893118992,146.46690720709537,76.03135677417939,76.53196176132106,21.63373697491195
person_15.mp4,front,367,6125,59.92093227565179,848,478,118.75712108672427,124.6945988721946,137.52124520460288,144.58364031786385,77.51072788371415,77.12252424127308,21.698744591058563
person_15.mp4,front,368,6141,59.92093227565179,848,478,116.45614890090073,121.86647729199511,136.95720343778441,141.97711982392187,76.49030308313631,76.47236560434926,21.756655380256923
person_15.mp4,front,369,6158,59.92093227565179,848,478,114.87419415342828,120.2521050081792,135.6814346212761,139.92462581854662,76.26120849487356,76.5278713822958,21.82017824197488
person_15.mp4,front,370,6175,59.92093227565179,848,478,113.14535514716128,118.37154420114975,134.4567128347636,138.45761468590186,75.64142829612807,76.3080783025892,22.068523288757202
person_15.mp4,front,371,6191,59.92093227565179,848,478,110.93581628394007,115.93288460865045,133.08915798084942,136.81023286451747,75.31402409200881,76.21315458749987,21.645541774976003
person_15.mp4,front,372,6208,59.92093227565179,848,478,101.81381115207174,100.79100906043679,128.20799052314126,124.74933104345172,71.19524986389047,73.22666107668084,21.684163822886617
person_15.mp4,front,373,6225,59.92093227565179,848,478,93.55199377105747,90.68553972973845,122.68697302097354,117.89734435327271,71.06645786518,73.05214626677972,19.077891987771196
person_15.mp4,front,374,6242,59.92093227565179,848,478,92.36458402322388,88.7700060427404,117.05762369093178,112.73677730165889,73.90556332260276,74.95749006340576,19.73747299360219
person_15.mp4,front,375,6258,59.92093227565179,848,478,89.18834082959154,86.26179099440293,116.67971380962234,111.89727986245558,72.04122192299079,73.77686368498203,19.565421698616838
person_15.mp4,front,376,6275,59.92093227565179,848,478,85.30904707376462,83.24985222896476,114.07276658123347,110.16383730820495,70.4796940665186,72.58942727763026,19.88499397193218
person_15.mp4,front,377,6292,59.92093227565179,848,478,83.50958944485909,83.37115769849262,115.77833205396894,112.69274076860955,71.29353724806214,74.48819585940143,16.55896852380296
person_15.mp4,front,378,6308,59.92093227565179,848,478,80.99738010160142,79.61631337709618,113.91981047859142,110.90240127987128,71.26392106325214,72.9410732649959,15.457417101381804
person_15.mp4,front,379,6325,59.92093227565179,848,478,80.58889828633627,78.5146672041768,112.89560543934668,111.00484881441018,72.92393972602518,74.23340927842462,13.697326607585982
person_15.mp4,front,380,6342,59.92093227565179,848,478,78.58551103999955,75.66769804646704,110.94305068348949,107.97868031408414,73.7359459745405,74.87512643974152,13.559101427533168
person_15.mp4,front,381,6358,59.92093227565179,848,478,75.11780018271959,72.4690452660105,108.2534983957655,106.27966364577522,71.4862854219121,72.90954031236636,14.7370985978123
person_15.mp4,front,382,6375,59.92093227565179,848,478,76.20122248320195,72.45490984188477,108.25504269900426,105.97256624812552,73.18497402406524,74.54174812707785,13.706886420821904
person_15.mp4,front,383,6392,59.92093227565179,848,478,70.26371996535467,67.63461312968505,98.20726474372351,100.75653467717272,69.20886274148127,71.63825564166362,19.61398046328761
person_15.mp4,front,384,6408,59.92093227565179,848,478,70.1889931851832,67.00879398285892,97.29542467317857,99.35254257052867,69.55185611662266,71.7163885821492,20.148719718911657
person_15.mp4,front,385,6425,59.92093227565179,848,478,71.26020462863157,66.8743675427786,102.64113798884893,102.0905809517358,73.74230812413015,74.80362179169214,13.38558789455222
person_15.mp4,front,386,6442,59.92093227565179,848,478,66.38913357464051,62.83714923038206,101.29515151951732,99.92618447979099,70.99003868698698,72.55885405844131,13.65946083494219
person_15.mp4,front,387,6459,59.92093227565179,848,478,62.271549313703694,59.09747599860179,97.92781075090016,97.71607772412086,68.92276070960034,70.36598721423478,14.744595768225189
person_15.mp4,front,388,6475,59.92093227565179,848,478,60.6967124748577,58.4359536835488,83.97645037965765,84.92985050604639,67.61600291662414,69.39604330805112,27.037189017069494
person_15.mp4,front,389,6492,59.92093227565179,848,478,59.242860834888916,57.47348084930355,72.06873146485961,73.61211564713555,65.28220287498674,67.28082356315963,37.7563486924254
person_15.mp4,front,390,6509,59.92093227565179,848,478,56.94650391771606,54.77316212479095,72.3282599556826,72.9568176645483,64.4324809909376,66.55233964611848,36.92851923760836
person_15.mp4,front,391,6525,59.92093227565179,848,478,56.18519048216142,53.90693191255684,71.73618349204378,72.30822147378983,63.803962617204185,65.8549944636979,36.8729248349995
person_15.mp4,front,392,6542,59.92093227565179,848,478,52.702303644308785,52.108791917524506,63.876070675765995,64.89148414557555,60.75559113210429,63.682884943618895,43.69758467546994
person_15.mp4,front,393,6559,59.92093227565179,848,478,53.040482322878916,52.2834049053696,67.69634532315496,68.97926969938061,61.84228709335746,64.35901765762692,39.06090671187231
person_15.mp4,front,394,6575,59.92093227565179,848,478,49.01233499308882,49.57142828771875,59.16087781121442,60.89049690090984,58.36515592734948,61.19077161670398,46.668227293933114
person_15.mp4,front,395,6592,59.92093227565179,848,478,50.214118052175515,50.48744748713717,62.23432756659708,63.578158488102176,59.83036631602583,61.903760556775815,43.59388228217927
person_15.mp4,front,396,6609,59.92093227565179,848,478,46.05001277535206,47.10370996420889,56.603002982656356,57.90490293284617,56.50548572831195,58.824288327643885,48.25314801109392
person_15.mp4,front,397,6625,59.92093227565179,848,478,45.68802053129408,46.22650406545498,57.772424242331496,58.87663168699564,56.45198608304939,58.40096740609543,47.1286632879201
person_15.mp4,front,398,6642,59.92093227565179,848,478,44.9275178089608,45.78869816336532,58.843572051276844,59.74036144517641,56.30964339001853,58.559622706076134,45.99060884279744
person_15.mp4,front,399,6659,59.92093227565179,848,478,45.26191095232126,44.751162924319196,60.181631783037645,60.77120460944046,57.96773533597893,59.932606527963834,45.61054613453167
person_15.mp4,front,400,6675,59.92093227565179,848,478,43.94802700860744,43.88856876492057,58.212608499043675,59.19841945642013,56.33043937596248,58.82205251007805,47.82031847563286
person_15.mp4,front,401,6692,59.92093227565179,848,478,42.985507062302545,42.998782098034596,56.97195810907425,57.94501628904406,55.57595092073828,58.22803028835841,49.20213785200149
person_15.mp4,front,402,6709,59.92093227565179,848,478,42.84493426376805,43.38879831958403,57.09522561482029,57.90453496039438,55.16979215643046,58.32844930842126,48.83665933943312
person_15.mp4,front,403,6726,59.92093227565179,848,478,42.132139745473864,43.08183656912089,55.86667234060678,56.75734244139542,54.83658285009081,58.97893831176107,49.73891821219138
person_15.mp4,front,404,6742,59.92093227565179,848,478,39.085100966719224,41.09828373983061,54.04410676660555,54.98763556669352,52.74050095672444,58.02325320006646,50.4633195670349
person_15.mp4,front,405,6759,59.92093227565179,848,478,38.76900958035804,40.57512665525947,54.632646970363965,55.914281016519205,52.381601148620675,58.472096746086685,49.672476302857156
person_15.mp4,front,406,6776,59.92093227565179,848,478,38.6509395072515,39.573037338624346,55.58134665876051,56.15696769259336,53.000301530735186,57.06569395443943,48.63142782737505
person_15.mp4,front,407,6792,59.92093227565179,848,478,38.711359004259315,39.22063076379817,55.871278966039846,56.179311320661014,54.94195796168958,58.4673537919956,48.507063490457405
person_15.mp4,front,408,6809,59.92093227565179,848,478,37.571641687866055,38.39851986526923,51.7870032819117,52.2597609088208,53.822074040751446,57.94168533410211,52.16124130815213
person_15.mp4,front,409,6826,59.92093227565179,848,478,37.025628530942285,36.94935238507704,53.01739120595624,53.13636957876556,54.77803214707916,55.29899443163864,50.538129714455685
person_15.mp4,front,410,6842,59.92093227565179,848,478,37.09090883082987,36.8743971464752,52.19849805506978,51.86761641098933,54.4516699449881,55.1811202438271,51.5573258522154
person_15.mp4,front,411,6859,59.92093227565179,848,478,36.78357617453302,36.56579920428321,53.20716922382239,53.217493014801285,55.37085013286043,57.87027341803002,50.56352052209221
person_15.mp4,front,412,6876,59.92093227565179,848,478,36.83033411079451,36.555215323400134,52.71878881245477,52.738150747723495,54.729832871503994,57.81188304053794,51.12930515638428
person_15.mp4,front,413,6892,59.92093227565179,848,478,36.5067842964398,37.198117274172226,51.52048482588904,51.941847792867044,55.077441596979774,59.28053677682451,52.436799710297585
person_15.mp4,front,414,6909,59.92093227565179,848,478,36.8759271568595,37.22687095496819,51.163585595850705,51.50557561534226,55.07099475116581,59.126345024585014,52.95436012585197
person_15.mp4,front,415,6926,59.92093227565179,848,478,36.809689605346726,36.98523276681703,51.9463403449398,52.18288065321645,55.19810988515518,59.152011120421584,52.27678100499911
person_15.mp4,front,416,6942,59.92093227565179,848,478,37.024882441470815,37.213461356625096,51.36445087239052,51.56405179370064,54.395920743445735,57.98737321047004,52.999902074072615
person_15.mp4,front,417,6959,59.92093227565179,848,478,37.283426005230986,37.51845630638902,52.52451260299303,51.93319977734392,55.4104080555012,58.796514185551004,52.35740191808105
person_15.mp4,front,418,6976,59.92093227565179,848,478,36.85511445853474,37.274109678388726,53.56090710051263,52.65719518350033,55.364825352404324,58.61817853937529,51.562047317486666
person_15.mp4,front,419,6993,59.92093227565179,848,478,37.17387540848075,37.42192582284799,56.19938163525707,55.581695724934576,55.0782561219474,58.39550183341353,48.818430871318974
person_15.mp4,front,420,7009,59.92093227565179,848,478,36.70176465933184,37.284688331327004,53.91227674423652,53.859864479417844,54.44396613211583,57.93782469750225,50.73422104784514
person_15.mp4,front,421,7026,59.92093227565179,848,478,36.10752743240318,36.97396827324266,53.87355757467023,54.13191454664017,54.046972031471604,57.921098074473896,50.44103197221899
person_15.mp4,front,422,7043,59.92093227565179,848,478,36.55334724792337,37.171683848251206,53.32093577888825,53.697894598918865,52.731969481093756,55.869028300876906,50.89142510213411
person_15.mp4,front,423,7059,59.92093227565179,848,478,36.30840696690474,37.01496976962537,53.74288654891731,54.6428403830641,52.05369575232018,55.2743343857879,50.582925977935645
person_15.mp4,front,424,7076,59.92093227565179,848,478,37.17444439311449,37.540468835706946,53.483447683968194,54.75798142211677,52.25802760912584,55.136626976113895,51.19493434394144
person_15.mp4,front,425,7093,59.92093227565179,848,478,38.36250666190547,38.676078021385685,54.763848623744266,55.815522862714786,52.67074301776778,55.55097557983963,50.780064204706434
person_15.mp4,front,426,7109,59.92093227565179,848,478,38.88152243951794,39.34704923073881,54.285446129172406,55.79900049417922,51.90438741327094,54.54201580654609,51.697235425646575
person_15.mp4,front,427,7126,59.92093227565179,848,478,39.29877549966361,39.942185123501346,54.54340015974263,56.33045928733394,51.03637161969353,52.751841697472834,51.91307406780151
person_15.mp4,front,428,7143,59.92093227565179,848,478,40.77815931614156,41.24028249570778,57.965810496224876,58.89006568745271,51.38726948320178,52.72840168001367,49.9939712200791
person_15.mp4,front,429,7159,59.92093227565179,848,478,41.720861839925014,42.25330002152124,61.49748954213146,61.58116079240845,51.981972473368955,52.77078069122182,47.74580938308811
person_15.mp4,front,430,7176,59.92093227565179,848,478,42.542365213511,43.19621563233968,64.1727742115983,64.20935585682486,52.36444653326239,52.973680362568736,45.68559107533886
person_15.mp4,front,431,7193,59.92093227565179,848,478,45.083735955725885,45.71450751790463,72.43646174474556,71.9850574951252,54.86458133766987,56.07129738830615,39.08630329535418
person_15.mp4,front,432,7210,59.92093227565179,848,478,46.333588031075955,46.68902691426835,71.67142391029925,71.94861706389622,55.72742207735309,55.256922812322856,40.06062104310602
person_15.mp4,front,433,7226,59.92093227565179,848,478,46.895531172172255,47.19222333464058,70.28884279153743,69.9066334388811,53.66014849333989,55.25738115825086,42.2916851957237
person_15.mp4,front,434,7243,59.92093227565179,848,478,48.13039762107995,48.15398395272588,71.0260062628819,70.89610465072793,53.18233646438999,55.493052847303275,42.18029764624861
person_15.mp4,front,435,7260,59.92093227565179,848,478,49.25259269812597,49.13410453815064,71.91329102022804,71.41421942146133,52.90035243825091,55.37225246751472,42.21538980256324
person_15.mp4,front,436,7276,59.92093227565179,848,478,49.69626027222664,50.29895411762374,72.72381668225029,72.77091325887729,52.94845316947886,54.53336607183511,41.34773348827529
person_15.mp4,front,437,7293,59.92093227565179,848,478,51.89626241786787,51.91347646350173,78.67377215587021,77.30346090381961,53.60008541923613,56.30481779141863,36.60544008839201
person_15.mp4,front,438,7310,59.92093227565179,848,478,52.98051048880982,52.64929587504326,81.8028367448608,79.05158765846359,54.35911758508139,57.18154056007552,34.56649856766804
person_15.mp4,front,439,7326,59.92093227565179,848,478,55.26243314825564,54.04714235413144,88.62619105669805,84.67326123278858,55.592348340846684,57.381446357886325,29.68905106288854
person_15.mp4,front,440,7343,59.92093227565179,848,478,58.68430419322401,56.58698355022347,93.9917124000805,89.99284587893352,57.03926484939287,59.115268190409,25.840193590161167
person_15.mp4,front,441,7360,59.92093227565179,848,478,59.183555198369355,57.05823544298973,93.63192161918664,90.0141001664748,56.925172106671916,59.42152200399453,26.418671615240083
person_15.mp4,front,442,7376,59.92093227565179,848,478,61.50410369764908,58.84966956271552,98.28593829021257,94.79129655461038,58.201393184062404,60.69657267192983,22.49505317602115
person_15.mp4,front,443,7393,59.92093227565179,848,478,64.52460071451537,61.79263437091969,103.07352705404091,100.11238741584914,59.87865921210667,62.1367249399872,19.066298201118308
person_15.mp4,front,444,7410,59.92093227565179,848,478,66.65253807662792,63.5597313401558,104.08413193882444,100.52924210371896,59.705111933134965,61.25781983889641,20.471845199432256
person_15.mp4,front,445,7426,59.92093227565179,848,478,70.03243112013187,66.1525663074156,109.63394528831736,104.92108347985103,61.60990422572604,63.26990826030672,17.180507088769424
person_15.mp4,front,446,7443,59.92093227565179,848,478,75.810536355846,70.74020028451706,116.67338183158351,110.08844357990407,63.93934260489037,65.37943926429264,14.139261747461346
person_15.mp4,front,447,7460,59.92093227565179,848,478,75.78939371730125,72.04789444725898,116.08264775061365,111.73715790580047,63.786781337459225,65.74045350447408,14.373411938442711
person_15.mp4,front,448,7477,59.92093227565179,848,478,76.31630012302071,72.60525650995784,117.74050469115772,112.98194629442155,63.47796686064152,65.57835977441543,13.689826902354934
person_15.mp4,front,449,7493,59.92093227565179,848,478,82.22404201057635,79.67274793196606,121.25060419842177,117.54435447975445,64.55742272929825,67.40962005917058,15.162708760830055
person_15.mp4,front,450,7510,59.92093227565179,848,478,82.78464859883111,82.28801418711446,120.82905690048459,119.37381330515116,64.66102700567025,67.75498629580258,15.879690320837007
person_15.mp4,front,451,7527,59.92093227565179,848,478,92.75988425309804,94.82658337477936,126.76802883290758,129.2039211949984,67.05414522452685,70.33676758871566,17.121357275398
person_15.mp4,front,452,7543,59.92093227565179,848,478,98.75985063496957,95.25419728603171,132.25821585043053,129.9902385636071,67.01678573064225,70.49318989750984,17.18218983137003
person_15.mp4,front,453,7560,59.92093227565179,848,478,100.7517421664453,100.62755510651475,133.93197090642127,134.62309097525588,67.37232313637504,70.70826578800134,17.398764582444183
person_15.mp4,front,454,7577,59.92093227565179,848,478,108.8578275083898,105.22069482120283,140.7055207748017,136.69923578171372,67.79570233328114,71.59416032722528,18.584894931192764
person_15.mp4,front,455,7593,59.92093227565179,848,478,109.52401592449492,112.46438411385834,140.4789464873925,143.52221154847757,69.12483170131729,72.72769785694666,18.166706908195046
person_15.mp4,front,456,7610,59.92093227565179,848,478,113.4640348740089,113.4604841992488,144.47130223973483,144.8910276008436,69.40577036031286,72.77102382141125,17.666695417236774
person_15.mp4,front,457,7627,59.92093227565179,848,478,118.90541772088733,119.26108366241024,149.30103928164797,150.53986360212184,70.51554153224974,72.85283191028968,17.094681924941217
person_15.mp4,front,458,7643,59.92093227565179,848,478,123.39403400923646,125.12107625463071,153.12929590495733,155.18689677684762,70.51015404908742,72.14113545324956,17.406857160770766
person_15.mp4,front,459,7660,59.92093227565179,848,478,126.78616511842442,129.54661028920796,153.94723698331268,156.95199776821372,72.86683109837321,73.69995396002528,17.25158462267201
person_15.mp4,front,460,7677,59.92093227565179,848,478,129.63863281436048,133.44495980345343,156.19228362216288,160.0103547887932,72.70424661859606,73.69432206668559,17.159881831697124
person_15.mp4,front,461,7693,59.92093227565179,848,478,129.89313633529076,135.33067664198592,156.54673946007946,161.4814576881814,73.22153170935185,73.72690549568563,16.884998826125063
person_15.mp4,front,462,7710,59.92093227565179,848,478,131.75938403910013,136.68130195836792,157.247871722711,162.20013705381257,74.28536415600541,74.37120245515642,16.96939594337222
person_15.mp4,front,463,7727,59.92093227565179,848,478,132.71758867686506,137.80506393651004,157.41712549209336,163.80788532335563,75.91471790578923,74.60269334155356,16.408413197025034
person_15.mp4,front,464,7744,59.92093227565179,848,478,133.9356171923319,138.78258641960812,159.69777312966906,164.13505621411508,75.12767591739453,75.05916760698643,16.406685268944635
person_15.mp4,front,465,7760,59.92093227565179,848,478,137.83953695986705,141.5240882881683,162.12295652164386,164.9151227165884,76.39266104652424,76.9286466011728,16.352837277576075
person_15.mp4,front,466,7777,59.92093227565179,848,478,134.87068326162526,140.4455327909262,161.08934894983605,166.02047629589492,74.5364503495724,74.87506451056612,16.37530430063831
person_15.mp4,front,467,7794,59.92093227565179,848,478,136.46778913400883,142.33709547981871,161.0334650710984,166.85767261051367,75.89091157927226,75.8303125673737,16.533467556714218
person_15.mp4,front,468,7810,59.92093227565179,848,478,138.7223033193004,142.63473076121696,163.85073716942782,167.04645317658674,76.03899243156042,76.69470072821068,15.886526277369473
person_15.mp4,front,469,7827,59.92093227565179,848,478,137.73755081338786,140.713635911596,163.72696732531617,165.812686314354,75.35009934659769,75.95093363240704,16.050330214213243
person_15.mp4,front,470,7844,59.92093227565179,848,478,135.77931991296742,142.0566297797901,162.8935650781366,168.03380027021737,74.70381921678208,75.51171633200987,16.14079449120712
person_15.mp4,front,471,7860,59.92093227565179,848,478,138.01352507414083,140.88814138260653,164.15591850640254,166.1526346473981,75.7037577762148,76.26792334806073,16.08577124708551
person_15.mp4,front,472,7877,59.92093227565179,848,478,137.5123247312652,141.76662986972468,163.30151001425762,166.96321722462423,75.87350092080605,76.1736596562995,16.17899500468815
person_15.mp4,front,473,7894,59.92093227565179,848,478,138.35309532104043,141.78370555074338,163.74718377193608,166.18084730588942,76.48778737433963,76.98414235974302,16.168968199126148
person_15.mp4,front,474,7910,59.92093227565179,848,478,138.62741760917504,141.887531969762,163.9670247720316,166.15500900718723,76.54429509630049,76.97447910865586,16.199635036202928
person_15.mp4,front,475,7927,59.92093227565179,848,478,138.6984322771928,142.56410486302156,163.81096919586832,166.55608185700308,76.45288373257674,76.88594555366888,16.383670840029282
person_15.mp4,front,476,7944,59.92093227565179,848,478,138.2894190628266,141.84391731805474,163.39082078139649,166.0370623357804,76.48077666492796,76.57191714857566,16.492848074776628
person_15.mp4,front,477,7960,59.92093227565179,848,478,138.68056501537504,140.72992058461668,164.01409864933677,165.16613568884904,76.46763141162987,76.720761503869,16.281189282849276
person_15.mp4,front,478,7977,59.92093227565179,848,478,138.91456238408054,140.8502731920259,163.93814613260037,165.04192697617867,76.72061763143357,76.88731648203847,16.359442334196984
person_15.mp4,front,479,7994,59.92093227565179,848,478,140.24851485332636,141.3720984178828,164.4308252204257,165.0175666195234,77.39521579941409,76.97359309908579,16.33601642737792
person_15.mp4,front,480,8011,59.92093227565179,848,478,139.8663471596366,142.34385760777218,163.6590664486459,165.99364328655858,76.92465812362764,76.02450998711984,17.36357494444317
person_15.mp4,front,481,8027,59.92093227565179,848,478,138.20481841154867,141.72851544431808,162.5053096776107,165.19712399011243,76.3347728434739,76.25718732963415,17.387042083954977
person_15.mp4,front,482,8044,59.92093227565179,848,478,135.80534738169715,140.68037814543263,158.8243106801006,166.89448319378596,74.76409455363869,73.13864576534709,19.343641717456165
person_15.mp4,front,483,8061,59.92093227565179,848,478,136.9102078943887,141.67842697222662,157.7397981510131,165.71099373899463,76.1383700853352,74.4962391273458,19.809969897200485
person_15.mp4,front,484,8077,59.92093227565179,848,478,136.21357438649346,142.13534834743976,156.5039122385469,165.48551171335978,75.67924000674383,74.48455859739798,20.62611422637517
person_15.mp4,front,485,8094,59.92093227565179,848,478,135.6880086482193,141.89240602117547,156.2490268675805,164.66304996071196,75.45634761216449,74.61903537593587,20.881653170508187
person_15.mp4,front,486,8111,59.92093227565179,848,478,134.02337702605723,141.48670896188258,156.02067862407463,164.83855631642882,74.6005350914001,74.49241086078221,20.807283971972137
person_15.mp4,front,487,8127,59.92093227565179,848,478,132.5738416219439,140.94725055775,155.71901294319855,164.78269061438652,73.5815194862015,74.15563858272782,20.894873515189186
person_15.mp4,front,488,8144,59.92093227565179,848,478,130.76788932826113,140.4725042903436,154.6344903403009,164.4762504872231,72.84241748081877,73.98816116992285,20.845117535665782
person_15.mp4,front,489,8161,59.92093227565179,848,478,130.54151534842603,140.38271943622,153.18748498642336,163.92528187956398,72.88007275098745,74.50792293131433,21.11966775411476
person_15.mp4,front,490,8177,59.92093227565179,848,478,130.58161710174394,139.52392555069798,152.9808424143085,163.06995861566642,72.85408301289107,74.25831663283354,21.075553739611692
person_15.mp4,front,491,8194,59.92093227565179,848,478,131.25620416420287,138.0951863165049,153.1013704474369,159.7802296046981,73.38293057937081,76.03459620781739,20.992834764510537
person_15.mp4,front,492,8211,59.92093227565179,848,478,131.03682609171653,136.58183602791425,150.3567186567714,158.43606472799934,73.88755233664794,75.68045411966804,21.895486354113675
person_15.mp4,front,493,8228,59.92093227565179,848,478,132.02700226585648,137.91524916236915,150.86792438365757,157.98682312500895,74.67616365578944,76.90545509528506,21.703805842541254
person_15.mp4,front,494,8244,59.92093227565179,848,478,129.602994825816,135.87719076315062,149.0593921882759,156.59765361475877,73.89597948739447,76.29440110175251,22.078543739559134
person_15.mp4,front,495,8261,59.92093227565179,848,478,129.6200661333186,134.83843600642334,147.3367417549619,154.91168224209116,73.90789523081092,75.8733822063211,23.518590620756907
person_15.mp4,front,496,8278,59.92093227565179,848,478,128.26770140590932,134.0982860329196,145.67104853367195,154.37258716780565,73.745517942446,75.59560845342486,23.89265124323097
person_15.mp4,front,497,8294,59.92093227565179,848,478,127.0920655256154,133.17285893725247,142.6311983237271,152.0415888030195,73.83912106741731,75.83250402742004,25.472949154581215
person_15.mp4,front,498,8311,59.92093227565179,848,478,125.68936459257601,130.78126593278068,140.53490591305314,147.8698974933381,74.10909174009373,76.37531414507514,26.588985457604156
person_15.mp4,front,499,8328,59.92093227565179,848,478,121.91906755241743,126.5544336549489,133.96688336505454,140.6697896656463,74.96043817219109,76.82064819775282,27.998599851860945
person_15.mp4,front,500,8344,59.92093227565179,848,478,120.20985635183904,124.29261030972755,134.01338489124205,139.48188167827465,73.69603191336155,75.2887241787625,28.282681547487428
person_15.mp4,front,501,8361,59.92093227565179,848,478,118.1846037926622,120.3578841599384,128.44598058320395,131.2012647506225,76.13202412813287,76.93460493955799,29.862014889767558
person_15.mp4,front,502,8378,59.92093227565179,848,478,116.90360671233648,116.48698839870988,126.54527542778301,126.55691949171737,75.84518581456827,75.83439042257227,31.153531836984754
person_15.mp4,front,503,8394,59.92093227565179,848,478,116.30558929392262,117.171513016948,126.79869429876217,127.40832086900966,75.72819847588748,76.3138353049274,30.784161664293205
person_15.mp4,front,504,8411,59.92093227565179,848,478,110.03896502833294,104.65845521217662,113.22614573276941,109.49416087350887,75.82175411389942,74.4269468947124,36.89277746757046
person_15.mp4,front,505,8428,59.92093227565179,848,478,105.4360831907421,105.27267733752511,111.92284169525554,112.56648929715091,74.37441035326692,74.41958165536381,35.660299029297136
person_15.mp4,front,506,8444,59.92093227565179,848,478,93.75234585802279,87.49397097761687,99.15035719962127,95.860398868395,71.09472167276215,69.70298256400935,39.023428842430945
person_15.mp4,front,507,8461,59.92093227565179,848,478,92.42458985132544,86.46058283616392,97.49371735716595,94.13354935717356,71.65860462889295,70.18031885496127,39.253124972874474
person_15.mp4,front,508,8478,59.92093227565179,848,478,86.22607924311234,80.65127233116216,89.56685459545353,88.14239700487656,70.09748329288243,68.7269702838259,41.63372242197549
person_15.mp4,front,509,8495,59.92093227565179,848,478,74.02699088931178,73.72411866888586,82.46260414144601,83.9014063999673,64.84967723363059,65.9119936749367,41.767267247512684
person_15.mp4,front,510,8511,59.92093227565179,848,478,71.31962346534684,71.37957478376758,80.18575801355628,81.36773620321071,64.5497793689374,65.99508176306927,41.49454487812265
person_15.mp4,front,511,8528,59.92093227565179,848,478,72.68096217454519,71.60146155375156,78.98904352909737,79.0119621170582,65.72509471890403,67.51429589729032,43.45518145355703
person_15.mp4,front,512,8545,59.92093227565179,848,478,66.94413422129257,65.94747881536979,74.66221200417101,74.58055880647622,63.354507518211754,65.70710594297009,44.55789981081611
person_15.mp4,front,513,8561,59.92093227565179,848,478,68.89075960347922,65.87563110393234,71.80833914993879,71.69379852563007,65.89362604682599,66.82473613352776,45.988950086307995
person_15.mp4,front,514,8578,59.92093227565179,848,478,68.0266808138956,64.72515345502144,68.24743889942785,68.05630519161794,66.13777806969021,66.48641922759872,47.810072646418085
person_15.mp4,front,515,8595,59.92093227565179,848,478,64.19728250831497,60.613149399797315,65.44413161529054,64.8106581519599,63.69101835113211,64.2283033638448,49.96090087575131
person_15.mp4,front,516,8611,59.92093227565179,848,478,63.003071085198265,59.38033911587034,65.29023053764699,64.58589493951894,63.366187857983086,63.66235108557177,49.43951811328072
person_15.mp4,front,517,8628,59.92093227565179,848,478,60.820524330204634,56.961931526085316,63.26866282441037,62.41704944656317,62.16079953781474,62.390495296591354,50.509835804394314
person_15.mp4,front,518,8645,59.92093227565179,848,478,59.82051037094056,56.145661561016986,63.12864386416138,62.004924329828484,61.750645371526936,62.31995013658285,50.46108722222105
person_15.mp4,front,519,8661,59.92093227565179,848,478,56.87940579427288,53.196848428962845,60.86571767907647,59.43445969375619,59.539800195547734,60.846755751811166,52.38010329870707
person_15.mp4,front,520,8678,59.92093227565179,848,478,56.17411673704982,52.63695077117266,60.335245855776364,59.052516493452046,59.01021844219584,60.74712222648789,52.829953412200496
person_15.mp4,front,521,8695,59.92093227565179,848,478,56.079280925538164,52.48661837688122,59.62900016914607,58.504198447166516,58.924621542169234,60.856277771610955,53.537491546050916
person_15.mp4,front,522,8711,59.92093227565179,848,478,54.421714675274636,51.213277204852005,56.91850717694138,56.38303274563713,58.43187722995541,60.24691440153755,54.90152356291113
person_15.mp4,front,523,8728,59.92093227565179,848,478,52.92368027368458,50.21058492096875,55.36241855374298,55.277764907653435,58.22943887661611,60.06043059245193,54.96643680129673
person_15.mp4,front,524,8745,59.92093227565179,848,478,52.76187012135422,50.22225896646985,54.25531250329897,54.716437830102436,58.20834477592028,60.184516884806285,55.37860754877999
person_15.mp4,front,525,8762,59.92093227565179,848,478,51.85374883005686,49.77289745536753,53.7606281183388,54.581440712000045,58.25298347888871,60.433983683811995,55.133895787400505
person_15.mp4,front,526,8778,59.92093227565179,848,478,50.655604246470226,47.855538100698425,53.18459301172713,53.38662378510543,57.11533928263232,59.367216799710874,55.42014891439176
person_15.mp4,front,527,8795,59.92093227565179,848,478,50.16500133339435,47.68341082238996,52.16565676536063,52.582841796851554,57.32755411238886,59.50350113091879,55.77505464373785
person_15.mp4,front,528,8812,59.92093227565179,848,478,48.37420192345666,46.25961369313826,51.05175693710683,51.45660025369923,56.61111428392071,58.627156646524725,55.826520991331954
person_15.mp4,front,529,8828,59.92093227565179,848,478,48.06916862720656,46.08718937452329,50.90030203535449,51.21500370158258,56.312283987028174,58.2008849943913,55.90442312200954
person_15.mp4,front,530,8845,59.92093227565179,848,478,47.63386663056967,45.55174055207969,49.79235357762818,50.063908488218516,55.711215251011296,57.55342344814904,56.69685572763622
person_15.mp4,front,531,8862,59.92093227565179,848,478,47.23635362266172,45.68930488639995,49.732139836177055,50.13494420009343,55.66923256262968,56.92227420991567,56.44890275289751
person_15.mp4,front,532,8878,59.92093227565179,848,478,45.53669876883314,44.206310520166504,47.682458461100296,48.13672474661962,55.90216300203466,56.485370693323524,57.3156705051596
person_15.mp4,front,533,8895,59.92093227565179,848,478,45.30301364079873,44.487415318657135,47.37720071451635,47.633852039219924,54.9825493859108,58.064491169524324,57.8189936745797
person_15.mp4,front,534,8912,59.92093227565179,848,478,45.58086001849716,44.26929524319201,48.39104332228484,48.5856659532361,57.5175781230585,59.947738828387656,57.11416416830962
person_15.mp4,front,535,8928,59.92093227565179,848,478,44.854707723544976,44.08571629531659,48.353310488199426,48.293980987080715,56.946194542195684,60.88929891781587,57.13375683457113
person_15.mp4,front,536,8945,59.92093227565179,848,478,44.97222444491602,43.38530104746805,48.37051971192472,48.21145158331643,58.486526131566,61.21684004683189,57.027928241171175
person_15.mp4,front,537,8962,59.92093227565179,848,478,43.47395283367772,42.330754231350944,47.677740813523585,48.008968878399685,57.24245930126619,60.40372408354488,56.998104602054916
person_15.mp4,front,538,8978,59.92093227565179,848,478,40.98866079692209,40.02045627118872,46.30556500839683,46.78823858027587,56.82773349146594,58.54690334445905,57.39164397452643
person_15.mp4,front,539,8995,59.92093227565179,848,478,39.034950232907846,38.34553258592546,45.623207085322264,46.44343614853205,56.79429239292945,57.94340748525395,57.56723851930432
person_15.mp4,front,540,9012,59.92093227565179,848,478,37.78268700011119,37.84056974521703,44.885600669514275,46.111077267934135,55.435831558097746,57.28205269152247,57.65663308230009
person_15.mp4,front,541,9029,59.92093227565179,848,478,37.84516020602996,37.63248259023414,44.580800684266464,45.21493431310545,55.794192305920575,58.11253930569712,58.199135904792485
person_15.mp4,front,542,9045,59.92093227565179,848,478,36.403406358598104,36.59817149431856,42.641945227370464,43.55009420116195,55.59256302472437,56.85455695336355,59.197923997241176
person_15.mp4,front,543,9062,59.92093227565179,848,478,35.63885907723285,35.87988326597301,42.004096164229495,42.90277527745403,55.170279014921924,55.11413106084254,59.49207948414027
person_15.mp4,front,544,9079,59.92093227565179,848,478,36.348274861636305,35.95414711733006,42.0184793915655,43.0291559302544,56.28701963936454,57.2077646631682,59.4485277864607
person_15.mp4,front,545,9095,59.92093227565179,848,478,36.0542785639289,35.92744352243587,41.57213328774705,42.61805685695602,56.60952948910123,56.76608296082932,59.581049575540796
person_15.mp4,front,546,9112,59.92093227565179,848,478,35.56034156293882,35.700035047695046,41.25777802108269,42.16072706705659,56.5782902729511,57.44561924953173,59.75987398871232
person_15.mp4,front,547,9129,59.92093227565179,848,478,36.070051523548116,36.176684816139336,41.50415612663422,42.33094614685596,58.28367376535479,58.632955884189144,59.848716722571226
person_15.mp4,front,548,9145,59.92093227565179,848,478,35.955664250800524,36.12248053614655,41.0186711606029,41.60129275523117,57.916883738750286,57.968954029541294,60.410488153767915
person_15.mp4,front,549,9162,59.92093227565179,848,478,36.21370572879528,36.57683559689463,41.377500230059766,42.15527265572101,58.23867498143941,59.373066209484634,60.011562795832646
person_15.mp4,front,550,9179,59.92093227565179,848,478,36.20751770037759,36.604725473323164,41.51786932802442,42.52091465454885,58.667051340660606,60.07156659354297,59.757676557968786
person_15.mp4,front,551,9195,59.92093227565179,848,478,36.70106194341125,37.41081387320466,41.92087850019459,42.7068101205875,59.27176473485064,61.188743749672696,59.91214655013833
person_15.mp4,front,552,9212,59.92093227565179,848,478,36.72234297885093,37.12215952194098,42.250225509551015,42.816436264478874,58.64485456123707,60.83909837637407,59.58247517128196
person_15.mp4,front,553,9229,59.92093227565179,848,478,37.471454894561035,37.6810156232374,42.914888781280325,43.161149417723266,59.60055603198856,61.60890536763595,59.50181714263707
person_15.mp4,front,554,9246,59.92093227565179,848,478,37.25963454663332,37.656534860186106,43.700286059962544,44.11180139991011,58.83807604916306,62.47522212530176,58.46809410875362
person_15.mp4,front,555,9262,59.92093227565179,848,478,36.03538194364711,37.269993111839995,43.257768298413886,43.82397219456841,57.53668176390453,61.04404987498631,58.60300722388575
person_15.mp4,front,556,9279,59.92093227565179,848,478,36.31122568627937,37.27481062140609,43.71412029039066,44.21010571811101,58.799337425813455,61.64491314462997,58.30202240841518
person_15.mp4,front,557,9296,59.92093227565179,848,478,36.828474112818476,37.50524790501848,45.65216658561146,45.877230675693575,59.827220604366936,62.88934287024611,56.75022124041571
person_15.mp4,front,558,9312,59.92093227565179,848,478,38.46654701666374,38.53104332693172,47.50837743303362,47.77983616894939,61.25031832879276,64.33923191737516,55.403935763721535
person_15.mp4,front,559,9329,59.92093227565179,848,478,38.647901508463534,38.7196393583494,48.030470451901024,48.35951610527145,61.909875105773246,65.17299917138439,55.166851729196615
person_15.mp4,front,560,9346,59.92093227565179,848,478,38.0440628996208,38.22251209530041,47.467979655981544,47.80362987828696,60.41987658752892,63.39749393652436,55.58317026035768
person_15.mp4,front,561,9362,59.92093227565179,848,478,37.7603698844997,37.95427240100927,47.646177548576816,47.84596744838152,59.9971993356775,63.43927662877155,55.407033890297654
person_15.mp4,front,562,9379,59.92093227565179,848,478,37.972614589934565,38.43569326355194,48.16173150111989,48.424513607994676,59.78973398271413,63.1445892734126,55.29022305561107
person_15.mp4,front,563,9396,59.92093227565179,848,478,38.68160545259671,39.49928468654142,49.306209119941,49.41494856939814,59.84711192041644,62.86199516182168,54.88908770846326
person_15.mp4,front,564,9412,59.92093227565179,848,478,40.71493699604407,41.474648889677276,52.139706917746864,52.285537224124745,60.056353733730745,63.27134403376132,53.14175821712458
person_15.mp4,front,565,9429,59.92093227565179,848,478,42.648919731651084,42.91663222819525,53.875500913206054,53.6163307447526,60.09519324192495,63.23882405420887,52.86339444260715
person_15.mp4,front,566,9446,59.92093227565179,848,478,44.343284053916975,44.11143314230425,55.99228801834766,55.28738787331718,59.71743066319424,62.92316209630894,52.110680904186665
person_15.mp4,front,567,9462,59.92093227565179,848,478,45.12176292175148,44.58869648988409,56.01042157101412,55.18454266077679,58.98378901796594,62.16793049787674,52.83507771295759
person_15.mp4,front,568,9479,59.92093227565179,848,478,45.08387734025831,45.201009180975994,57.28452500370809,56.708080298261365,58.25459184272387,59.85459177890741,51.841091584036214
person_15.mp4,front,569,9496,59.92093227565179,848,478,45.00713809606858,45.15877415491422,58.48733318782019,57.915645893044534,57.09011336921626,59.30234713103783,51.5284962327199
person_15.mp4,front,570,9513,59.92093227565179,848,478,45.36948074387072,45.5067636037678,59.38879272876411,58.52070445895144,56.80658770316973,59.07063238053606,51.42880411088876
person_15.mp4,front,571,9529,59.92093227565179,848,478,48.463397438268856,47.27646146783359,62.18300240936353,60.14472584797521,57.66189809870257,59.62568685233141,50.951056770039884
person_15.mp4,front,572,9546,59.92093227565179,848,478,49.41208321622012,47.94232237424057,63.28286126034211,61.67827633803104,57.824730068243994,58.97166526547247,49.966056950600716
person_15.mp4,front,573,9563,59.92093227565179,848,478,51.64956438794324,50.080631387779,65.26186994959734,62.94196160745326,58.556471551388334,60.00672367755906,49.65058141918183
person_15.mp4,front,574,9579,59.92093227565179,848,478,53.33290548963302,51.398202937161486,68.70627307273065,66.21199561195245,59.46534805908049,60.7587111136641,47.39769478541602
person_15.mp4,front,575,9596,59.92093227565179,848,478,52.91267537667647,51.28751504029427,68.31326234454923,66.16515639151694,59.11413269522231,59.14808217988899,47.285429320631025
person_15.mp4,front,576,9613,59.92093227565179,848,478,52.31759508284632,51.53312059964629,69.24497725311275,67.21331261259789,57.801893302760696,58.942430348654376,46.222949848067906
person_15.mp4,front,577,9629,59.92093227565179,848,478,53.067311487879884,52.62694582996693,69.82565612751728,67.83006918976021,55.61254353115047,58.66157851394758,45.44590280148552
person_15.mp4,front,578,9646,59.92093227565179,848,478,54.065827030779836,52.09590673258814,69.65778622643246,67.16292894839641,56.417358674777645,58.78984087050635,45.967606818299075
person_15.mp4,front,579,9663,59.92093227565179,848,478,54.19215411173895,52.763368699291185,70.61700195424893,67.94649648161071,55.78410105980485,59.654934017154055,45.618011268019835
person_15.mp4,front,580,9679,59.92093227565179,848,478,54.99768136878906,53.90756794471201,75.57327043904158,72.83590546264723,56.41845590083188,60.22002442041265,41.31496564932808
person_15.mp4,front,581,9696,59.92093227565179,848,478,56.83717797110538,55.63827167377331,83.91819500345615,80.7542683672961,57.30631319994314,60.335716654001814,34.40451112114673
person_15.mp4,front,582,9713,59.92093227565179,848,478,57.17936334412263,56.32246952610926,83.88259639232875,80.9758890806349,57.46113445015733,60.32106245982611,34.83717207250786
person_15.mp4,front,583,9729,59.92093227565179,848,478,58.02149898213227,57.36964851518995,85.93201548440196,83.2898114460139,56.68245258032424,59.076563100491136,33.33073086420208
person_15.mp4,front,584,9746,59.92093227565179,848,478,60.47473574891501,59.98593877709504,94.63131422743902,91.87426160069309,57.896994787033364,60.44327769820237,26.024465953377735
person_15.mp4,front,585,9763,59.92093227565179,848,478,61.863251050395,61.66483109901222,96.99539394399865,95.34589656121483,57.97123120242812,61.26322798802643,23.85754104354917
person_15.mp4,front,586,9780,59.92093227565179,848,478,63.55015835409738,62.98106915222962,98.06710493467351,96.5320871165426,58.44371435610157,61.40972807847327,23.267331194106013
person_15.mp4,front,587,9796,59.92093227565179,848,478,69.67602566062469,67.14905996881218,111.69247746283644,108.04212677069046,62.075366281097935,63.39854415380161,14.30256901160898
person_15.mp4,front,588,9813,59.92093227565179,848,478,73.4463633746753,70.87026534326613,116.06863985785088,112.49424139051251,63.71171505788588,65.26040132941604,13.220101577874221
person_15.mp4,front,589,9830,59.92093227565179,848,478,74.744518744895,70.65861322054386,119.82811505833305,114.95024047388685,64.72503977637928,66.6364532474756,9.737534211044004
person_15.mp4,front,590,9846,59.92093227565179,848,478,77.0026297298286,74.75380636042988,119.15270311320693,115.2755646328184,65.68441077152559,68.01032549487878,11.646726210016526
person_15.mp4,front,591,9863,59.92093227565179,848,478,80.59198857515433,77.60728196606374,122.61843154620824,118.1336287801649,65.91888829127706,68.12480489090696,11.478758048675067
person_15.mp4,front,592,9880,59.92093227565179,848,478,89.00403308812258,87.51051731981013,125.69186454009011,122.96249971880589,66.70809016194805,69.21039100359926,15.49534649994885
person_15.mp4,front,593,9896,59.92093227565179,848,478,98.1830107906895,99.09102245280296,130.67941628176422,130.88416120223687,67.47570362141317,70.07590279480793,18.333651637081385
person_15.mp4,front,594,9913,59.92093227565179,848,478,100.53223582594451,100.7256276638643,133.99200729813606,131.61796515379334,66.95737190136711,69.8061930289737,18.82006801017486
person_15.mp4,front,595,9930,59.92093227565179,848,478,106.65190503392404,106.12468770367923,139.14134296090282,135.51857664552767,66.59271244537571,70.18548843156385,19.88352974406561
person_15.mp4,front,596,9946,59.92093227565179,848,478,110.92398812057655,110.26163295313357,142.81847974013414,139.0056455422953,67.86633219166663,71.40151486221447,19.317353017605704
person_15.mp4,front,597,9963,59.92093227565179,848,478,113.19456118389164,111.67592142128541,146.6631756259054,141.8905669798667,67.21525845378295,71.29852047937085,18.389075794325255
person_15.mp4,front,598,9980,59.92093227565179,848,478,114.2105238329505,116.07277098954478,147.65684637404507,146.95444598413198,66.97532840455301,70.88105793411533,18.57748991725491
person_15.mp4,front,599,9997,59.92093227565179,848,478,120.32929302165662,123.36148366690094,151.63525554445496,153.09945525422546,67.62105681808431,70.84937513530059,19.383679341825594
person_15.mp4,front,600,10013,59.92093227565179,848,478,124.2344248232022,128.382220032643,152.29813036237567,155.77442996679235,69.56777282514483,71.95434807339112,19.69325107751589
person_15.mp4,front,601,10030,59.92093227565179,848,478,124.33355715493606,127.35123498930244,153.22746488647095,155.19077654511224,68.4223958589281,70.93851997862416,19.892710365247027
person_15.mp4,front,602,10047,59.92093227565179,848,478,125.36234095252891,132.08924323723625,153.63315909385054,159.26030842427943,69.09203066256076,70.90922167035417,19.979632799069545
person_15.mp4,front,603,10063,59.92093227565179,848,478,128.1739455679872,134.41374097368288,154.84104318547574,159.6175386396474,70.83940084823779,73.09360998331303,19.673225167151696
person_15.mp4,front,604,10080,59.92093227565179,848,478,132.18539894763907,138.00366452946395,158.9562480765722,162.10486610603724,72.30851751519202,74.54695815425444,18.441820601932832
person_15.mp4,front,605,10097,59.92093227565179,848,478,135.16504247742674,139.2740924901033,161.1129866870818,162.3322020570815,73.54270466239294,75.77636599437429,17.925568937957816
person_15.mp4,front,606,10113,59.92093227565179,848,478,134.9352003126387,140.03521622570617,161.11413965307608,163.75101904928107,73.57200578703942,75.39510498752712,17.520038063802225
person_15.mp4,front,607,10130,59.92093227565179,848,478,135.14140164161148,139.39895887704918,161.71688067451967,163.42350154777205,73.06074964030556,74.99031281000697,17.563636547611022
person_15.mp4,front,608,10147,59.92093227565179,848,478,131.67555016498122,139.07362301007257,158.90597196952493,163.78005801648203,72.33802931157946,74.52097563327328,17.57240157820821
person_15.mp4,front,609,10163,59.92093227565179,848,478,132.54681314026246,141.10128198891513,158.73077140665004,165.02888744891692,73.56407036593947,75.19588031241344,17.496128201028903
person_15.mp4,front,610,10180,59.92093227565179,848,478,133.0044268874561,138.2408500507669,160.2883164651166,162.1816456344736,72.39441209882065,74.99434081061467,17.427054484519527
person_15.mp4,front,611,10197,59.92093227565179,848,478,131.13764587320912,139.28164237990813,158.8560540723997,164.06187649424228,72.02137631942094,74.56614327186125,17.534548360979848
person_15.mp4,front,612,10213,59.92093227565179,848,478,132.97226258066706,141.13682044836523,159.45341653026912,165.19040085950874,73.1722432306124,74.79211453651541,17.568141415703863
person_15.mp4,front,613,10230,59.92093227565179,848,478,130.58232860120378,140.6900657972756,158.45526151886156,166.8593232158985,72.0292013645364,73.13430797213655,17.594609750140712
person_15.mp4,front,614,10247,59.92093227565179,848,478,133.73827166175977,140.26558939908463,161.05284075669027,165.43798847626357,73.25366084222516,74.2996846031439,17.188437826683828
person_15.mp4,front,615,10264,59.92093227565179,848,478,132.24263897355726,139.56218730061815,161.15098302266932,166.14077053662774,72.51174363432817,74.2617951565939,16.266553463840147
person_15.mp4,front,616,10280,59.92093227565179,848,478,133.132963808216,139.58753433285338,161.95236874018778,166.4826206991906,72.58284418804934,74.03854568530811,16.51198919189632
person_15.mp4,front,617,10297,59.92093227565179,848,478,135.6572074007173,140.4328866111371,163.17977911108616,166.61464335917768,73.38939455824821,74.68237174937217,16.638672863861412
person_15.mp4,front,618,10314,59.92093227565179,848,478,133.2847474338025,139.24574968737238,161.72337361295243,165.63473479058297,72.6163568907906,74.66283510777585,16.69899407263282
person_15.mp4,front,619,10330,59.92093227565179,848,478,132.25648529782697,139.65012229851794,160.80121538140995,166.13566649943246,72.44452369401333,74.63179850447622,16.852312033318597
person_15.mp4,front,620,10347,59.92093227565179,848,478,135.60032042721392,140.98028303638466,162.66377066234315,166.60469844148503,73.75525963290173,75.31116624876817,16.83816848231524
person_15.mp4,front,621,10364,59.92093227565179,848,478,132.86049914772465,140.131145154583,160.64144700299548,167.05788523326535,72.75510266518815,74.24534201356296,17.20728141606918
person_15.mp4,front,622,10380,59.92093227565179,848,478,131.97760891402237,139.67534905843593,160.2978153157064,166.54456685862996,72.28824929331738,74.28621077745498,17.270716075880433
person_15.mp4,front,623,10397,59.92093227565179,848,478,131.29164883007718,139.9515465248444,158.86428591310215,167.10278868580048,72.05329614767672,73.50082719388122,18.083278935849698
person_15.mp4,front,624,10414,59.92093227565179,848,478,131.49319707275075,140.1657375376668,159.12130040894462,167.40837070807845,71.8251765407365,73.20392526469054,18.286743470173544
person_15.mp4,front,625,10430,59.92093227565179,848,478,131.26959345469044,139.64254313704743,159.97941335913904,167.14301755815072,71.43722350385362,73.24477252444963,18.280380288118856
person_15.mp4,front,626,10447,59.92093227565179,848,478,132.17994070523886,140.35690625870177,161.6577914328748,168.74356940173223,71.35420830146361,72.86202583850965,17.850267105398753
person_15.mp4,front,627,10464,59.92093227565179,848,478,135.94532666136118,140.48396904363247,164.4338822342221,168.20351675485088,72.76895673517213,73.35101361696796,17.3744653008772
person_15.mp4,front,628,10480,59.92093227565179,848,478,134.64318993343423,141.01422095474342,163.87970224696994,169.69175011636824,72.34387523251955,73.05358322335859,17.22098285581306
person_15.mp4,front,629,10497,59.92093227565179,848,478,133.6826777497596,140.95357778080307,161.89413330389843,168.81632945354934,72.18201418819949,73.40282618871629,17.844303111801825
person_15.mp4,front,630,10514,59.92093227565179,848,478,132.69236470728632,140.27126946440214,160.66270795728454,169.1182395661647,72.00592881359697,72.48828903888518,18.233184511445312
person_15.mp4,front,631,10531,59.92093227565179,848,478,135.24022328212214,139.31364855281055,163.40973130693283,168.62737929259794,73.0755953546187,71.0947474670577,17.88787819699134
person_15.mp4,front,632,10547,59.92093227565179,848,478,134.10536372901322,139.8847221371712,162.6123346346657,168.6268365881399,72.62964021649044,72.15139946672336,17.857315020679604
person_15.mp4,front,633,10564,59.92093227565179,848,478,134.4044207065157,140.8259834552527,161.75615279716527,168.1672235615511,73.0764126012708,72.99394541583146,18.45148340560852
person_15.mp4,front,634,10581,59.92093227565179,848,478,135.53702169750196,141.58532365516052,162.51358553864515,168.40729062745402,73.47782980077454,73.54715521458554,18.374328028466515
person_15.mp4,front,635,10597,59.92093227565179,848,478,135.09736158233713,142.03075853660653,163.06482320678396,168.8913296387402,73.29795275853434,73.808047592773,17.878966700535813
person_15.mp4,front,636,10614,59.92093227565179,848,478,134.52378481042987,141.70995692871315,162.4275360185947,168.60468071605354,73.15408241027154,73.72657052186796,18.002641775731146
person_15.mp4,front,637,10631,59.92093227565179,848,478,133.97839935787252,141.3734288366072,162.32917035228434,168.90021645860494,72.96271216128697,73.22675864720466,17.875792945694407
person_15.mp4,front,638,10647,59.92093227565179,848,478,134.86626201383328,142.650172228463,162.2846514615958,169.251650759802,73.28109738043537,73.93839354115279,18.215418200205086
person_15.mp4,front,639,10664,59.92093227565179,848,478,134.54973251638836,142.63738945947216,161.99806808714936,168.83065312519741,73.15429941179775,74.36664179566772,18.36208275599797
person_15.mp4,front,640,10681,59.92093227565179,848,478,134.13677891885231,142.8280611086449,162.41000717190082,168.7025164587789,73.06340097946153,74.27792108826269,17.953684943172302
person_15.mp4,front,641,10697,59.92093227565179,848,478,134.38824167608303,142.5746244643992,161.69793875806045,168.46103803090637,73.46714276400068,73.93874302574591,18.06263116411259
person_15.mp4,front,642,10714,59.92093227565179,848,478,131.5909793238472,142.58079816863983,159.23965717253242,168.25057941684793,73.13682320576565,73.9076235910468,18.282815509209165
person_15.mp4,front,643,10731,59.92093227565179,848,478,131.94898714912767,142.8319416626484,159.0748674320089,167.46662028356693,73.92864946607095,74.4872702583515,18.113969179365156
person_15.mp4,front,644,10747,59.92093227565179,848,478,132.35957564953725,142.5302778830028,159.25251912928817,166.15371566272532,74.87690795118547,75.56955604145554,17.58287897382156
person_15.mp4,front,645,10764,59.92093227565179,848,478,133.26548952246216,142.43608188178086,159.55673272721967,165.18266193090165,75.56745050363926,76.15327341030991,17.258093117509855
person_15.mp4,front,646,10781,59.92093227565179,848,478,131.66607026718714,139.13120984880115,158.025192721153,162.44653817421428,75.28518218306986,75.88538470143769,17.419488169905183
person_15.mp4,front,647,10798,59.92093227565179,848,478,131.4246377180903,137.83697562892752,158.06797907366746,159.7862684906527,75.3543216786189,77.07335205899966,17.420212222423753
person_15.mp4,front,648,10814,59.92093227565179,848,478,132.6765338985918,139.66478884053774,157.89581144976827,159.1354962087617,76.05772303418316,78.28150589070009,17.951313012647958
person_15.mp4,front,649,10831,59.92093227565179,848,478,130.67487399605426,135.02399870540228,154.83725252511152,154.7017115865299,75.242173900309,77.33846088025712,19.346627251345037
person_15.mp4,front,650,10848,59.92093227565179,848,478,127.66327122625515,132.08364694606362,152.6859294737256,152.10802591008502,74.6383547936576,77.14139183934367,19.307336301338427
person_15.mp4,front,651,10864,59.92093227565179,848,478,126.96882744534919,131.74887030693841,150.04778861896642,150.09472825689122,75.90610702697072,78.20543071161651,19.431794022984292
person_15.mp4,front,652,10881,59.92093227565179,848,478,127.19056330219222,131.13330713470776,147.51816423757174,147.512290166689,77.44390203168425,79.13120859351291,20.51678130148008
person_15.mp4,front,653,10898,59.92093227565179,848,478,125.58552073147371,130.20249016172625,143.98983817965626,145.96318139249567,77.03556567421948,78.26799634545068,22.152664861469624
person_15.mp4,front,654,10914,59.92093227565179,848,478,124.10387039629498,128.73165660754066,142.0128385173827,144.14701436748882,77.5931692208633,78.98091520300291,22.52510830448036
person_15.mp4,front,655,10931,59.92093227565179,848,478,120.24901901127808,126.16588512628148,133.96674400888466,138.97193053470974,77.67278816291224,79.02522276122254,25.643232067863924
person_15.mp4,front,656,10948,59.92093227565179,848,478,118.05113877160987,121.48379074870674,132.16418854778905,135.11453669264156,76.4797053975746,77.30380841781599,27.380192498129215
person_15.mp4,front,657,10964,59.92093227565179,848,478,110.21653463731715,111.90354939821628,117.34964033037048,120.2492705057332,76.0434234250036,75.98331220423353,34.567184673430255
person_15.mp4,front,658,10981,59.92093227565179,848,478,106.10550973083618,105.95979313123236,113.71161045025235,114.22515607286567,74.64523117282657,74.75259582454936,35.53200595328365
person_15.mp4,front,659,10998,59.92093227565179,848,478,101.72343782850656,95.90171953025094,101.6962596071133,98.66360664214066,73.54720224070167,71.91309341348034,42.815262399006954
person_15.mp4,front,660,11015,59.92093227565179,848,478,100.7967234921986,92.81607896652584,100.79639541580197,95.54347233034233,74.7156309238303,72.27538793113757,42.49392234708121
person_15.mp4,front,661,11031,59.92093227565179,848,478,96.31424662243055,86.03525905423287,92.97154656745795,86.0840043998982,73.88560910518474,71.3211372186792,45.89898278637711
person_15.mp4,front,662,11048,59.92093227565179,848,478,95.99237468650088,84.0848811296888,84.86645390263703,78.12374583857353,75.30086195021683,72.21485032509823,51.60573813691867
person_15.mp4,front,663,11065,59.92093227565179,848,478,94.28449326924154,81.98907746679359,83.0137246128866,76.00631836787414,74.91070746864105,71.79403543000409,52.08894707770697
person_15.mp4,front,664,11081,59.92093227565179,848,478,88.25347431960519,79.28285546608072,77.59300524180365,72.72502044053707,72.90044671215807,71.3329438894066,53.8220918648152
person_15.mp4,front,665,11098,59.92093227565179,848,478,83.44193449846082,75.19273008653808,71.0409775634521,67.78037803191631,73.01262158529137,71.35182206944768,54.67796108936038
person_15.mp4,front,666,11115,59.92093227565179,848,478,78.33422390625739,71.38704402422916,69.16655888769063,66.83838860434848,71.13106329898592,70.90645633080796,53.62949875250251
person_15.mp4,front,667,11131,59.92093227565179,848,478,74.51297975008205,68.56769483328137,67.41234836213292,65.42490493095086,69.14682962297093,69.73329210490542,53.92797383516017
person_15.mp4,front,668,11148,59.92093227565179,848,478,72.06926624818459,65.16595601232764,64.33903608893927,61.93623357230267,67.85839851341248,68.4444424651028,55.91806024351502
person_15.mp4,front,669,11165,59.92093227565179,848,478,67.75293543152269,61.77033069050433,60.168046879129314,58.62986074208306,66.59619562978578,67.01311068858523,56.38729408460202
person_15.mp4,front,670,11181,59.92093227565179,848,478,66.83647605566955,61.342511825870304,59.42723426440661,58.39982213288219,66.3632734624799,66.54746482566895,56.04548855135554
person_15.mp4,front,671,11198,59.92093227565179,848,478,60.98189761725938,57.14987084543265,57.409259314059966,57.522342052007,63.636074861237006,64.87034419871193,56.068814382857546
person_15.mp4,front,672,11215,59.92093227565179,848,478,60.62009304038858,56.712827744582235,57.95802793442707,58.325805891789216,63.495541598840305,64.93059966514845,55.54624196708585
person_15.mp4,front,673,11231,59.92093227565179,848,478,59.457700677169946,55.37303908669265,58.59632960836782,58.54609408574423,62.04530657204801,63.19963951565879,55.45460498094755
person_15.mp4,front,674,11248,59.92093227565179,848,478,56.138305079964454,53.157703016791864,56.394652100114,56.998533571280156,60.54574462119744,61.63655009044723,56.2883023281672
person_15.mp4,front,675,11265,59.92093227565179,848,478,55.795893540318076,52.0199022958662,55.89347708195239,55.98575660358675,60.58126851926138,61.57098319598053,56.63827259221403
person_15.mp4,front,676,11282,59.92093227565179,848,478,55.1334517150198,50.89378860748733,55.85887251827128,55.41976677698318,60.81319720498525,62.23479560491962,56.05049110354599
person_15.mp4,front,677,11298,59.92093227565179,848,478,52.93900521257369,49.560596949153606,53.22100825441792,53.67742156842988,60.184990494124634,61.777656640502805,56.63172022293167
person_15.mp4,front,678,11315,59.92093227565179,848,478,51.402600473961456,48.64724360159045,51.52623266436845,52.334962966225824,58.01889602270968,59.85106076675021,58.04852929771358
person_15.mp4,front,679,11332,59.92093227565179,848,478,52.12769683753674,48.62501255847443,51.950829849724606,52.39763518862255,59.22035067375023,59.739076722063785,58.101856868498594
person_15.mp4,front,680,11348,59.92093227565179,848,478,51.98379873624521,48.96680190465004,51.895284659685466,52.458135451377395,61.26652761935876,63.3135746222677,58.30760046644084
person_15.mp4,front,681,11365,59.92093227565179,848,478,50.345556735171975,48.12380915094333,51.35385090441808,52.44381873809847,61.162376483991245,63.44297046230189,58.45265986760656
person_15.mp4,front,682,11382,59.92093227565179,848,478,48.1971400469,46.62007758452107,50.26747339001915,51.57180702381664,62.03950235931924,63.39493843639122,58.035342629106765
person_15.mp4,front,683,11398,59.92093227565179,848,478,50.08760355167563,47.41733665805541,51.15174208817226,51.40735908974992,63.74428371945631,63.83180722658159,57.39471090232379
person_15.mp4,front,684,11415,59.92093227565179,848,478,48.67097656040113,46.30434154465761,49.78986392532304,50.18394910517743,61.78545311783262,62.15606706527769,57.47554486360899
person_15.mp4,front,685,11432,59.92093227565179,848,478,48.57346940407537,46.502770503059324,49.61978212099126,49.46004187985918,61.46051828197259,62.431836523038534,57.46246187278363
person_15.mp4,front,686,11448,59.92093227565179,848,478,47.442545254025084,45.55106820303318,49.0315035806592,49.2106074741907,60.34685987133795,61.356937328407156,57.5209125484329
person_15.mp4,front,687,11465,59.92093227565179,848,478,47.058472165514665,44.77563722551834,49.92497415715373,49.733338673077874,60.93571700306404,61.01182655782746,56.53739530475482
person_15.mp4,front,688,11482,59.92093227565179,848,478,46.69050130836431,44.2419681961776,50.794726827995305,50.46528884257795,63.19743306420045,65.51375699179994,55.40935203541612
person_15.mp4,front,689,11498,59.92093227565179,848,478,44.69446990844972,43.08295392543237,49.73108419006093,50.039728576182036,63.59158328777752,65.65143149445122,55.768099562432816
person_15.mp4,front,690,11515,59.92093227565179,848,478,44.04312173876912,42.42963210421415,50.28747779040739,49.874221119261684,63.97181700882908,65.8555481503486,55.28428816483053
person_15.mp4,front,691,11532,59.92093227565179,848,478,43.238001999094855,41.83251473976129,50.91362285686881,50.73784672224752,65.65140808092916,68.63153340894227,55.14250063436608
person_15.mp4,front,692,11549,59.92093227565179,848,478,42.82807842963322,41.84277078980666,51.5614954465259,51.44972076394456,65.19263876066722,67.89403112612912,54.09447525313921
person_15.mp4,front,693,11565,59.92093227565179,848,478,42.54684497490706,41.3841209335002,50.653181550831384,50.86936328173165,66.00147211099592,69.87731262220221,54.901189498785776
person_15.mp4,front,694,11582,59.92093227565179,848,478,41.62607380468302,40.62766178881315,49.64621613209057,49.59934281451138,65.07860541051006,68.81375137375932,55.52340011601
person_15.mp4,front,695,11599,59.92093227565179,848,478,41.417904796933755,40.289667923406185,49.07814866549466,49.37816947632351,65.39566939849468,68.2659543566869,55.73678948903276
person_15.mp4,front,696,11615,59.92093227565179,848,478,41.28746922484821,40.239501289983515,49.51663140979242,49.79417919827948,67.02742906278598,69.5605456396276,55.243952704110754
person_15.mp4,front,697,11632,59.92093227565179,848,478,41.27298720321285,40.61996684745267,49.8689753373377,50.20285917803471,67.27631672032832,69.80838252410759,54.973883369058
person_15.mp4,front,698,11649,59.92093227565179,848,478,41.24333384162166,40.48467156993007,50.15074092752958,50.511045720073604,67.57064934126116,70.05674469675652,54.59034552337087
person_15.mp4,front,699,11665,59.92093227565179,848,478,41.336521309497634,40.624094198352005,50.59701028545448,50.57461045286965,67.85566463771582,69.7590858392361,54.42268547440785
person_15.mp4,front,700,11682,59.92093227565179,848,478,41.664025485683325,41.0105918033588,51.69204896435649,51.80558846658097,70.19206338539954,73.61304108953927,53.60374810805039
person_15.mp4,front,701,11699,59.92093227565179,848,478,41.4177290640958,40.73730027049415,51.50797384123512,51.54398095166249,69.78874373328816,72.86798746717227,53.83144115339065
person_15.mp4,front,702,11715,59.92093227565179,848,478,41.665196798537494,40.97517613796884,52.33992618098018,52.3761138476754,69.19728048429734,72.28932576469721,53.18750052839335
person_15.mp4,front,703,11732,59.92093227565179,848,478,41.72526024606272,40.95419484785162,52.45598753501304,52.075054246382834,69.75796822329526,72.45968679428327,53.30566109003061
person_15.mp4,front,704,11749,59.92093227565179,848,478,41.98291210861454,41.19779358103384,52.78605089661937,52.415177579381144,69.71331209601725,73.91649321783378,53.26132962346468
person_15.mp4,front,705,11766,59.92093227565179,848,478,41.966214638828525,41.145344631448,53.05483539319884,52.488881887880694,69.34543034586447,73.30274419562895,53.283312002981866
person_15.mp4,front,706,11782,59.92093227565179,848,478,41.983240571043524,41.01154700726247,53.061022081561624,52.379208212450045,68.5094310108833,72.60120342140904,53.54360586520702
person_15.mp4,front,707,11799,59.92093227565179,848,478,42.041425479984625,41.2646487916884,53.42751137816395,52.59339424089882,68.0003747883027,72.14537670767612,53.56040339350498
person_15.mp4,front,708,11816,59.92093227565179,848,478,42.031206488026605,41.232910029680504,53.450811636780585,52.63528510542541,67.13389803459972,71.05905302854157,53.65572105384539
person_15.mp4,front,709,11832,59.92093227565179,848,478,42.07907663200193,41.4410523208603,53.36660892630734,52.627160008332915,66.36277854431394,70.29213527995545,53.70699098166974
person_15.mp4,front,710,11849,59.92093227565179,848,478,42.47165518831491,41.75472234279077,54.04713534891003,52.98374530179453,65.90373888993628,69.55131108082779,53.46736480023793
person_15.mp4,front,711,11866,59.92093227565179,848,478,42.7798087021883,42.05831961547747,54.43793417447595,53.40612011664648,64.58802605678562,68.36019327199595,53.71715002406175
person_15.mp4,front,712,11882,59.92093227565179,848,478,43.21959716967781,42.111330253161334,55.11503882928129,54.09633021212607,63.440971028911925,68.00015665024357,53.78919947318635
person_15.mp4,front,713,11899,59.92093227565179,848,478,43.946447935187905,42.948984894198034,55.84947039031854,54.80557401821381,63.71666738660066,69.38985012023787,53.70081729091983
person_15.mp4,front,714,11916,59.92093227565179,848,478,45.34599769680542,44.088361597431366,57.268194967089634,55.832693512464395,63.77411724530774,69.7566378473602,53.48443297872192
person_15.mp4,front,715,11932,59.92093227565179,848,478,46.51840009867211,44.781335387085846,58.33781243027769,56.430960768868765,62.812850993731715,65.96150371404416,53.414952400587325
person_15.mp4,front,716,11949,59.92093227565179,848,478,47.60407307920821,45.969350973226234,59.624561562872636,57.14156286251487,60.68020142603975,63.804750171072,53.16779447177686
person_15.mp4,front,717,11966,59.92093227565179,848,478,48.33252408358449,46.75634413998202,60.945722068492536,58.33138901014005,60.09661103994727,63.17752297049583,52.418214444025
person_15.mp4,front,718,11982,59.92093227565179,848,478,49.33934702590471,47.67892469678042,62.202456942201415,59.60215331021125,60.16338814872453,63.56040236255376,51.99014564783163
person_15.mp4,front,719,11999,59.92093227565179,848,478,49.178409403651486,47.83673763316926,62.29376312057815,59.904196410796644,58.16758695053827,61.522518485747376,51.8742997343392
person_15.mp4,front,720,12016,59.92093227565179,848,478,49.86631354718745,48.15228482147137,63.13945253903234,60.19449162827514,58.53442403091792,61.18162530656237,51.65740528984389
person_15.mp4,front,721,12033,59.92093227565179,848,478,49.76684245397248,48.44243735898728,64.54556032569853,61.82550286176801,57.34247935657227,59.458653941754136,50.54077699879287
person_15.mp4,front,722,12049,59.92093227565179,848,478,49.6384239926946,48.34656226082945,64.69540168793671,62.44680830283556,56.96435028982496,59.09599185475414,50.22226898031888
person_15.mp4,front,723,12066,59.92093227565179,848,478,50.15935533714327,49.02458928411309,65.59560351569422,63.075157949092265,55.85328421440423,59.587759726446045,50.00250193959111
person_15.mp4,front,724,12083,59.92093227565179,848,478,50.6775097147935,49.01390374340021,63.579736471221196,61.35867274154677,54.90352529818058,57.85778304168214,52.05768968745981
person_15.mp4,front,725,12099,59.92093227565179,848,478,51.33581052258375,49.545567987740746,64.64522646745326,61.74948583843498,54.72119668416304,57.11352300106534,51.57048623650632
person_15.mp4,front,726,12116,59.92093227565179,848,478,52.694279812944345,50.28677775890049,66.10146507670983,63.07254868784303,54.504393433289565,57.17394878295804,51.16481768600604
person_15.mp4,front,727,12133,59.92093227565179,848,478,55.41294707347349,52.401100853840134,71.84062343622124,67.76930661355918,56.040897983927955,56.839801525720105,47.72614891946925
person_15.mp4,front,728,12149,59.92093227565179,848,478,58.355804664488275,55.03629175613107,78.80041366884011,74.00765133250877,58.008148199396004,58.110362774860945,42.703272663804164
person_15.mp4,front,729,12166,59.92093227565179,848,478,61.34066695287537,58.193351753803746,86.61908342739558,81.36120569689686,59.87867002855726,60.17212138214139,36.783219707163546
person_15.mp4,front,730,12183,59.92093227565179,848,478,63.547597030787365,60.33163233185044,92.49255930033151,86.96915297361882,61.03374772367945,61.833829472245355,32.11232720443073
person_15.mp4,front,731,12199,59.92093227565179,848,478,67.19532802918066,64.38235229474316,98.44894829901887,93.17255449976815,62.38865147942649,63.454736415153654,28.256955523176785
person_15.mp4,front,732,12216,59.92093227565179,848,478,69.35829017457425,68.15072625747446,101.63603089093058,98.17252256493066,62.97915528467405,64.64667581173013,25.97750667363686
person_15.mp4,front,733,12233,59.92093227565179,848,478,71.7609543809131,70.47699255587257,102.41982229189584,99.31531309957431,64.14519701319105,65.29814238201585,26.294195061409035
person_15.mp4,front,734,12249,59.92093227565179,848,478,73.22149033150335,72.68660000160192,104.08714941528623,102.78231503361941,64.52708142242925,65.62630402381944,24.742739182672803
person_15.mp4,front,735,12266,59.92093227565179,848,478,74.13365023847189,73.1314143267862,108.26986753330108,106.46765886297482,63.90634594835657,65.43302830192978,21.6108273134713
person_15.mp4,front,736,12283,59.92093227565179,848,478,74.11482704032312,74.58371969883399,113.50367798086721,111.90881953317506,65.9979244608855,66.41506144701754,16.236179900297564
person_15.mp4,front,737,12300,59.92093227565179,848,478,79.77280329734181,78.26620860123383,120.56958642416551,117.76707954052036,66.49736849724371,68.16879872666547,13.023451922390928
person_15.mp4,front,738,12316,59.92093227565179,848,478,86.16263662785593,83.49429245975226,124.86128663986189,120.75198242287817,66.68342517821927,68.84027929752567,14.733680921777482
person_15.mp4,front,739,12333,59.92093227565179,848,478,92.59257052129279,91.5491078015951,130.60696211291514,126.70514243343806,65.85000996854743,68.0701141541234,16.282667073181567
person_15.mp4,front,740,12350,59.92093227565179,848,478,98.6351293790142,99.23215649221413,131.17994680349665,128.98905006455368,66.26550368602535,68.65810409223208,20.4196936015718
person_15.mp4,front,741,12366,59.92093227565179,848,478,105.51410632684458,109.99120697898654,138.13554705262962,139.6853055886707,67.30914491723348,69.84054687548657,19.109042907812913
person_15.mp4,front,742,12383,59.92093227565179,848,478,108.8419915264606,116.09574045944166,141.16422504957012,146.6424419307602,69.05594822326589,70.48438284491377,17.826381396824065
person_15.mp4,front,743,12400,59.92093227565179,848,478,112.12465668291213,116.68902192660379,145.5840668740753,149.23025115117778,69.58084848952339,71.37641201195378,15.674702853326174
person_15.mp4,front,744,12416,59.92093227565179,848,478,117.22948460067047,117.70974819076257,151.13782666134364,149.2747841484379,69.80963673172698,71.58730238107538,15.329907044806113
person_15.mp4,front,745,12433,59.92093227565179,848,478,122.46085312077972,123.22107606846912,154.29081034951994,152.7929943042293,70.15102866632073,72.25340417307864,16.4493398993904
person_15.mp4,front,746,12450,59.92093227565179,848,478,124.60933410539452,125.52492328100875,155.5232434027483,154.63295259651355,70.8728862749056,72.3274256431651,16.76054327695923
person_15.mp4,front,747,12466,59.92093227565179,848,478,126.04988624961761,127.40377721214257,157.38107816767788,157.84574218841595,70.20036376990609,71.21440990880272,16.31080864113673
person_15.mp4,front,748,12483,59.92093227565179,848,478,130.34958922664208,131.98277619613054,160.31364789037113,162.64649023555748,71.77540167742777,71.97385454879627,14.893251692785352
person_15.mp4,front,749,12500,59.92093227565179,848,478,136.49655865497863,137.01627100699483,167.81129824107904,166.8919874331742,71.82762528690459,71.91548266475233,13.588949577192475
person_15.mp4,front,750,12516,59.92093227565179,848,478,138.69048380888327,138.63521752236653,169.81955214614126,168.16272912328077,72.12546392063534,72.12987812367886,12.819642474290566
person_15.mp4,front,751,12533,59.92093227565179,848,478,142.09065172152748,142.40622447103976,169.55706338388893,169.32909681483213,73.91695631806093,72.50489641945279,14.683526323493032
person_15.mp4,front,752,12550,59.92093227565179,848,478,140.06637932521633,142.47903745985823,168.83921112202384,169.8066043497206,72.9435847830209,72.02586152686081,14.408503474099298
person_15.mp4,front,753,12567,59.92093227565179,848,478,140.819277808693,144.01697198866944,169.28586294206087,170.49936801611085,73.79839420545258,73.00475145836151,14.1626165728677
person_15.mp4,front,754,12583,59.92093227565179,848,478,144.8176431821869,142.9488944259324,172.3218913393393,169.10399837042766,75.61012994411406,74.76812714419857,12.915934767659104
person_15.mp4,front,755,12600,59.92093227565179,848,478,144.45261238851054,143.87425611991316,172.93361901869272,170.87169643346058,76.13065795768225,74.96122784420061,11.159835801588866
person_15.mp4,front,756,12617,59.92093227565179,848,478,145.5140694992604,144.1487900244319,173.7360880163952,171.09133291343045,76.29680650906771,75.31369344238962,10.757941644826797
person_15.mp4,front,757,12633,59.92093227565179,848,478,145.22412049938268,144.17683407651566,174.011587314847,171.3087118762062,76.03363544032344,75.2797795802287,10.637026359182578
person_15.mp4,front,758,12650,59.92093227565179,848,478,145.8374765708743,145.02884678130147,174.3561828387427,172.4356066320517,76.71063401921617,75.8491412030048,9.07584209575873
person_15.mp4,front,759,12667,59.92093227565179,848,478,143.74397560123265,144.74684654128095,174.39113430575242,172.77138582440006,75.72397360404757,75.74248042467043,9.260667558980446
person_15.mp4,front,760,12683,59.92093227565179,848,478,142.27481058648397,145.03362191067174,174.16648267906686,173.3415429548692,74.54788248847386,75.01076887760333,9.620478708209985
person_15.mp4,front,761,12700,59.92093227565179,848,478,142.83423592756344,145.79867773690827,174.18191831660363,173.5238245914533,74.0354993567128,74.61186432210995,9.933276272631185
person_15.mp4,front,762,12717,59.92093227565179,848,478,146.239759773818,148.3553915883985,174.65016752791018,172.87879683045244,76.28860206414538,76.49718409369714,8.268064988597075
person_15.mp4,front,763,12733,59.92093227565179,848,478,143.93784584907408,146.6082606643826,174.7147834851803,173.58116723410686,75.16907292470997,76.55143425702708,8.344706427819824
person_15.mp4,front,764,12750,59.92093227565179,848,478,141.46081000036173,145.08715965868655,173.85384514830372,173.6292680687749,74.77244831511821,74.8039232754904,8.669182247357206
person_15.mp4,front,765,12767,59.92093227565179,848,478,139.21175491032324,142.97268842559373,173.03905277518567,173.49676447080202,74.25517785065169,75.0878685018336,9.418173105575049
person_15.mp4,front,766,12784,59.92093227565179,848,478,139.9774248108118,143.81492303277895,173.23855853556387,173.30961113412846,74.56772199666612,75.96466784066233,9.753936551749263
person_15.mp4,front,767,12800,59.92093227565179,848,478,139.00767176408107,142.7220329655846,172.00338165672116,172.7568165650251,74.32383576086609,75.70152045366343,10.51866176244376
person_15.mp4,front,768,12817,59.92093227565179,848,478,140.08385063189615,142.7769940312535,172.4845862216818,172.68003057077323,74.74828919925388,75.98851452086093,10.614007534341408
person_15.mp4,front,769,12834,59.92093227565179,848,478,139.88310522291428,143.1067329311639,171.76708687401697,172.49622197354037,74.81265473193598,76.20457494864395,11.11201913618356
person_15.mp4,front,770,12850,59.92093227565179,848,478,140.3118577783568,142.98020305910663,172.04899789162585,172.2398533981516,74.86855290395053,76.33781452828659,11.229540727414948
person_15.mp4,front,771,12867,59.92093227565179,848,478,139.19524332316135,142.00446581484084,171.84136861700568,172.0253177018009,74.36166638941621,75.70764227557595,11.027462592490167
person_15.mp4,front,772,12884,59.92093227565179,848,478,138.68278514582974,142.53021455985325,170.3917769056348,171.48055159253357,74.37719122199017,75.53413079700125,12.341670056870344
