video,view,frame,timestamp_ms,fps,frame_width,frame_height,left_knee_angle_deg,right_knee_angle_deg,left_hip_angle_deg,right_hip_angle_deg,left_ankle_angle_deg,right_ankle_angle_deg,trunk_angle_deg
person_11.mp4,front,0,0,59.92000209144859,848,478,148.71904580810994,148.1603682316808,164.2816253586874,166.2908575936825,87.71841968704206,85.85976571250988,19.983761021215685
person_11.mp4,front,1,17,59.92000209144859,848,478,150.03643629043765,148.44161629957304,165.39566698892548,167.8176480443674,87.27445424569714,84.66675506539744,20.124111451898333
person_11.mp4,front,2,33,59.92000209144859,848,478,148.1866680379762,147.4525134377271,164.9861362229172,167.562188355762,85.20597896038399,83.43887896787392,20.62822877786414
person_11.mp4,front,3,50,59.92000209144859,848,478,148.60441348488536,148.1636053129294,164.83525982821436,168.61759668543942,85.42543334240136,83.13682596682251,20.847721274064774
person_11.mp4,front,4,67,59.92000209144859,848,478,148.0952970187824,148.1096157867607,164.7851660662412,168.40759509710173,84.89560677646014,83.28780770107221,20.854459119158943
person_11.mp4,front,5,83,59.92000209144859,848,478,148.97336631142252,148.0034179450043,164.9930843361778,168.02717744227834,85.626819364716,82.97819231648138,21.066981203677287
person_11.mp4,front,6,100,59.92000209144859,848,478,148.22287987895137,147.87236288704503,164.61155095462323,167.3808758513981,84.81120013983326,83.12388214157926,21.572344838570622
person_11.mp4,front,7,117,59.92000209144859,848,478,148.6274544752081,148.13736449814257,164.5204013251661,167.1020795444507,85.1977805092887,83.6507919582447,21.798138209681767
person_11.mp4,front,8,134,59.92000209144859,848,478,147.9580355288882,147.60242038542447,164.42907669447547,167.09195983348977,84.48741677476748,83.21263808595785,21.747324579262486
person_11.mp4,front,9,150,59.92000209144859,848,478,147.96992421952902,147.73232454513334,164.14019159991736,166.9707332879638,84.83034718111927,83.55918102745996,21.91150675034972
person_11.mp4,front,10,167,59.92000209144859,848,478,148.134854271846,147.52057701635064,164.1893448913844,166.9471122978148,85.05337047519528,83.31789089419802,21.83043087811061
person_11.mp4,front,11,184,59.92000209144859,848,478,148.13501908747983,147.27870658906843,164.09242310937964,167.2717651704856,85.11308995062184,82.88355507998524,21.880961232782862
person_11.mp4,front,12,200,59.92000209144859,848,478,148.00730650857824,147.62019704997877,163.9013608151155,167.3091190406279,84.88242929058212,83.35343780680203,21.92897293938276
person_11.mp4,front,13,217,59.92000209144859,848,478,148.1056229230658,148.06154877056676,164.2547812344245,167.79766262889922,84.98649244663018,83.70795656417381,21.583943532838
person_11.mp4,front,14,234,59.92000209144859,848,478,148.06273161816745,147.96591293008515,164.31285195303346,167.53013468106073,85.00208403642107,83.85734177519953,21.48978226215877
person_11.mp4,front,15,250,59.92000209144859,848,478,148.14758349944447,148.2635822721419,164.37268327012384,167.69175463728595,85.06185893488228,84.04376891138004,21.439672743156247
person_11.mp4,front,16,267,59.92000209144859,848,478,148.42744837000515,149.21910127427023,164.6016339390489,167.94828840804493,85.09881152206815,84.87734930339404,21.118845719438752
person_11.mp4,front,17,284,59.92000209144859,848,478,148.3862659551906,149.10168430458032,164.62109686294494,167.9654561383193,85.07421984054245,84.84073491919014,21.072636490808605
person_11.mp4,front,18,300,59.92000209144859,848,478,148.0450322581557,148.842710300698,164.56589838377593,167.9072716138488,84.86446010622056,84.85040224775975,20.93231483309853
person_11.mp4,front,19,317,59.92000209144859,848,478,148.3022701108957,148.94207819182742,164.91643351585233,167.7164704023157,85.04555966565285,85.19162311517239,20.83033262514737
person_11.mp4,front,20,334,59.92000209144859,848,478,148.16707538959713,148.9838175302758,165.00236324591967,167.50758496846947,85.08710584849673,85.8011781824861,20.558815220858175
person_11.mp4,front,21,350,59.92000209144859,848,478,148.0881927097154,148.77745445497118,165.03079086581099,167.52513127890987,85.13818247419314,85.72096752634154,20.566838987866113
person_11.mp4,front,22,367,59.92000209144859,848,478,148.3712006233747,148.74098259353977,165.04464113272542,167.5175283319631,85.26398315265567,85.70392480553129,20.64077140920051
person_11.mp4,front,23,384,59.92000209144859,848,478,148.4783988201693,148.85894552950973,165.30812140194416,167.60387599120241,85.27258003640097,85.7321088104994,20.537580107463313
person_11.mp4,front,24,401,59.92000209144859,848,478,148.8186140379971,148.30509982108515,165.97290837803243,166.52764723915794,85.53315137677106,85.94774409476922,20.428566523212734
person_11.mp4,front,25,417,59.92000209144859,848,478,148.77783528988795,148.3193102264035,165.9338715924923,166.5022865223476,85.52467456280395,85.88401269299194,20.419151731435736
person_11.mp4,front,26,434,59.92000209144859,848,478,147.93597332305362,146.98567610898357,165.65269236236995,166.46000441238135,84.56787003480053,84.5142135084049,20.691888489080696
person_11.mp4,front,27,451,59.92000209144859,848,478,148.0603781287012,147.24895792532303,165.6668985654067,166.55642954759296,84.92933700776136,84.65758502953682,20.639632034072456
person_11.mp4,front,28,467,59.92000209144859,848,478,148.15762301366178,147.45372114433818,165.75132975879788,166.4845160379273,84.97188510861089,84.91366991716525,20.635857137494877
person_11.mp4,front,29,484,59.92000209144859,848,478,148.44441772454084,147.6513013469179,165.66887885357002,166.55111956286237,85.17888657243672,85.05699486709447,20.605777345265196
person_11.mp4,front,30,501,59.92000209144859,848,478,148.41798870414033,147.43931029751124,165.50933972522492,166.8708809800046,85.18953958538434,84.63336875122879,20.68079388812482
person_11.mp4,front,31,517,59.92000209144859,848,478,148.7094269583159,147.61538460781784,165.69309839436346,166.73206476326988,85.41260746127416,84.65859091696782,20.79554562624556
person_11.mp4,front,32,534,59.92000209144859,848,478,147.30461351501745,147.15951052871577,165.1038240322587,166.53811963383987,84.40262729716531,84.20560065385139,20.885748617427183
person_11.mp4,front,33,551,59.92000209144859,848,478,147.9524463855529,147.6913723924528,165.08437079006885,167.12359050041997,84.97006741906698,84.70181954592906,20.778010225974324
person_11.mp4,front,34,567,59.92000209144859,848,478,148.25541118932773,147.85839292989638,165.2220321030257,167.70943633696308,85.1605959619787,84.86589772373215,20.43102905915679
person_11.mp4,front,35,584,59.92000209144859,848,478,148.60860952583653,148.21902280746755,165.30900625239653,167.86175813948657,85.46318136549871,85.10298793337448,20.452507362040603
person_11.mp4,front,36,601,59.92000209144859,848,478,149.01334773313746,148.3026620009779,165.42585739174245,168.06686868347873,85.69038136490883,85.30619458655508,20.278986825851064
person_11.mp4,front,37,617,59.92000209144859,848,478,148.42607849732374,148.0567905822139,165.27106436215718,167.9466149018701,85.14893770756532,84.99927290345333,20.414122840810155
person_11.mp4,front,38,634,59.92000209144859,848,478,148.42416830840008,148.07198448428053,165.27111417504494,167.93634284089802,85.11351788553642,85.03250227549287,20.43065420474526
person_11.mp4,front,39,651,59.92000209144859,848,478,148.31785653908508,148.05700331770583,165.28398626950772,167.51055109223202,85.04201994061262,84.97081528218345,20.688508780695134
person_11.mp4,front,40,668,59.92000209144859,848,478,148.37767169695113,148.180590863909,165.27502492897972,167.5063433921101,85.10838497262431,85.12631135339093,20.69500498731774
person_11.mp4,front,41,684,59.92000209144859,848,478,148.5301520592968,148.21587477048976,165.2553934859216,167.52598784900556,85.23126195476695,85.14888934190554,20.70037879223818
person_11.mp4,front,42,701,59.92000209144859,848,478,148.31103410815723,148.15288375029579,165.2939457013917,167.5241365486711,84.9315182448665,85.03735344136794,20.70465104012687
person_11.mp4,front,43,718,59.92000209144859,848,478,148.4791248338606,148.21110997367265,165.35736771513652,167.72026150434877,85.00222425693602,84.79485113309848,20.782246422369653
person_11.mp4,front,44,734,59.92000209144859,848,478,148.71910420827953,148.72553095859513,165.5074386039006,167.06494085578979,85.16432542642794,85.9115628851868,20.757562876555014
person_11.mp4,front,45,751,59.92000209144859,848,478,148.77117896277096,148.78899684266713,165.61829432562484,167.22507010952964,85.21920684301148,85.90628277601775,20.675187562362172
person_11.mp4,front,46,768,59.92000209144859,848,478,148.86134893566935,148.67635883017303,165.64288649881996,167.4929678985273,85.26708985221305,85.60793953325528,20.682601949256316
person_11.mp4,front,47,784,59.92000209144859,848,478,149.72834941686676,148.86611055118712,165.9766945069226,167.58040667963786,85.91622494557686,85.7331264470383,20.712794938405843
person_11.mp4,front,48,801,59.92000209144859,848,478,150.11116405863604,149.28994220930315,166.25216805365574,167.44812112621892,86.4706480485162,86.30232631694162,20.520428531166488
person_11.mp4,front,49,818,59.92000209144859,848,478,150.86717279331367,149.48168333255208,166.52485027429773,167.39418986954672,87.05774965549487,86.56649022075916,20.538314565302436
person_11.mp4,front,50,834,59.92000209144859,848,478,150.9996582964369,149.28639081927048,166.48425680824735,167.49832853743973,87.13750732666914,86.60891695953048,20.535724497017675
person_11.mp4,front,51,851,59.92000209144859,848,478,151.52782233692943,149.57080267892363,166.76224900283447,167.5226580201865,87.44071689348687,86.95459978828846,20.50142149884247
person_11.mp4,front,52,868,59.92000209144859,848,478,149.82123057825612,146.48931553183775,166.60858682791786,167.26039525091724,86.02563710618465,84.18831309931414,20.764569397157864
person_11.mp4,front,53,885,59.92000209144859,848,478,148.7252423607551,146.4445946579503,166.32104352946538,167.0628380625427,85.16946517917339,83.91290998621965,20.962914424613622
person_11.mp4,front,54,901,59.92000209144859,848,478,148.8048588298804,146.74457251635073,166.46668664846834,166.85444278759027,85.1386607083611,84.53953505454437,20.850762968373132
person_11.mp4,front,55,918,59.92000209144859,848,478,148.79237731555097,146.7246168416706,166.37410924552043,166.90491893743106,85.3263539010614,84.438370448454,20.8330840575304
person_11.mp4,front,56,935,59.92000209144859,848,478,148.04797213601717,146.59334797776583,166.00118660534866,167.11937591588713,85.20128265437982,84.31953050007215,20.69700874225319
person_11.mp4,front,57,951,59.92000209144859,848,478,147.9868978630999,146.29182548173696,166.14213007602726,167.16555570735508,84.9984273313584,84.04365311660817,20.714330120338843
person_11.mp4,front,58,968,59.92000209144859,848,478,148.19669699010404,146.2935390186291,166.10130251447654,167.04512763652582,85.11742626091299,84.03068702828143,20.85638183619801
person_11.mp4,front,59,985,59.92000209144859,848,478,148.3411759313181,146.22235701749094,166.1731954629661,166.97762056068242,85.20995785539822,84.10107177703019,20.797760550438287
person_11.mp4,front,60,1001,59.92000209144859,848,478,147.86546396395505,146.16009651196106,165.78307607179036,166.99474444898527,84.99773367294587,84.06947756546406,20.840793563763704
person_11.mp4,front,61,1018,59.92000209144859,848,478,147.13643830945438,145.6157638487212,164.84573552439517,167.23847552312284,84.67240260950014,83.2102211526315,21.0987836882047
person_11.mp4,front,62,1035,59.92000209144859,848,478,145.1545998368296,145.09519393798865,164.61361077454734,166.9324183834277,83.32903801256414,82.93819101151541,21.09492731924232
person_11.mp4,front,63,1051,59.92000209144859,848,478,143.4711440727911,144.41972418918695,163.05341607137342,167.04411008962904,82.67792666083379,81.97263930761703,21.425449885988254
person_11.mp4,front,64,1068,59.92000209144859,848,478,142.1728053761532,144.35327916916717,162.18671063173934,166.7854165209699,82.04285899595092,81.96835954112143,21.446486357743467
person_11.mp4,front,65,1085,59.92000209144859,848,478,142.5305567490735,144.66864784911508,161.9368653354211,167.2317155548247,82.04041471641102,82.08700295105825,21.647438016914826
person_11.mp4,front,66,1101,59.92000209144859,848,478,141.63044681006164,143.4048257211684,161.31504461182902,167.76104733712012,81.73433963800686,80.6648568989948,21.72551930016099
person_11.mp4,front,67,1118,59.92000209144859,848,478,141.53413158938665,144.49415160369256,160.9717125607199,168.1190758855265,81.93844066544403,81.62504816642264,21.776355935563004
person_11.mp4,front,68,1135,59.92000209144859,848,478,141.8605636725974,145.33388848557618,161.25771051095808,168.54597384569476,82.08865479500933,82.16105114476382,21.562114478334543
person_11.mp4,front,69,1152,59.92000209144859,848,478,142.2454538247145,145.67369524934284,161.25788489419642,168.62896276820334,82.39717017193963,82.51134669109533,21.591513163317344
person_11.mp4,front,70,1168,59.92000209144859,848,478,140.19201476797463,144.16300053190866,160.93487929385444,168.85261311244457,80.72328277040523,80.51610365113254,21.705145840108003
person_11.mp4,front,71,1185,59.92000209144859,848,478,139.95480713727738,144.32028270462416,161.0088705211994,168.39606869062285,80.85515478160818,81.14707687763357,21.73609510432342
person_11.mp4,front,72,1202,59.92000209144859,848,478,136.76523857779645,142.93460136885187,160.6321470372722,168.21313074475796,78.32390440971893,79.77358393804992,22.01420388588438
person_11.mp4,front,73,1218,59.92000209144859,848,478,136.93823967802362,143.20214424641293,160.58703042626414,168.15242568510797,78.7200403949979,79.98308920434955,22.0181128064568
person_11.mp4,front,74,1235,59.92000209144859,848,478,136.72357740057444,142.9602994642567,160.55285370427808,168.30744212378983,78.86638851828317,79.88527886542983,21.88240862083121
person_11.mp4,front,75,1252,59.92000209144859,848,478,134.1641379784434,141.443692041279,159.29249097742442,168.38635919589362,77.76009134045594,78.45121694455479,21.8018804068256
person_11.mp4,front,76,1268,59.92000209144859,848,478,133.35918434436658,140.9861745592602,158.836049676072,168.82674046022225,77.39004217801359,77.63203687686202,21.76640015925792
person_11.mp4,front,77,1285,59.92000209144859,848,478,130.70481138958306,141.4514646342967,157.6935665593403,168.87407978128408,76.5313049469853,78.22020212919183,21.1790522995815
person_11.mp4,front,78,1302,59.92000209144859,848,478,128.98885118514198,138.7235720714352,157.65757285932958,167.05476931933222,76.14221180079501,77.64227939044072,21.048939591460776
person_11.mp4,front,79,1318,59.92000209144859,848,478,129.68284905276084,137.73111137848696,158.8082104567662,166.86577800206868,76.39017739248551,77.76354776828948,19.963312883410794
person_11.mp4,front,80,1335,59.92000209144859,848,478,126.6407413388466,133.7086782439816,157.73701359705802,164.47923627549338,76.01290684784001,76.40108274706324,19.582706993974732
person_11.mp4,front,81,1352,59.92000209144859,848,478,124.49006296003797,130.67674504872895,159.9931747241925,163.5720050752354,74.59507891604859,78.21625470376895,16.16089745279481
person_11.mp4,front,82,1368,59.92000209144859,848,478,123.67374210163051,128.69954923075247,159.62845982107592,162.64651692880716,75.14745456539067,76.93814375648918,15.983981375025524
person_11.mp4,front,83,1385,59.92000209144859,848,478,121.53306688021516,127.3440860216555,157.9581327352819,160.92971588179853,74.15573248615324,75.97530723425513,17.10014772782244
person_11.mp4,front,84,1402,59.92000209144859,848,478,118.13129212422987,125.91019695368132,158.37595048600045,160.95878336746563,71.80309612127905,76.83515225960944,14.962691769139743
person_11.mp4,front,85,1419,59.92000209144859,848,478,118.97124986776387,125.94544733681737,159.34865107479126,161.1354451438428,73.79307141427695,77.44453019182487,14.51406616514604
person_11.mp4,front,86,1435,59.92000209144859,848,478,119.74919357893313,126.66598966382749,163.37871326536398,164.7012043989285,77.80357002095566,79.70580142363531,9.63907733003347
person_11.mp4,front,87,1452,59.92000209144859,848,478,120.95295294941735,129.52740547590076,165.43450056353743,167.53138988460043,79.3008069349418,82.57043656529295,5.694089038315096
person_11.mp4,front,88,1469,59.92000209144859,848,478,118.45923757336622,126.53400504082661,168.71088854425244,169.3211224694566,79.78183182762362,83.75905700749244,0.9304352014306433
person_11.mp4,front,89,1485,59.92000209144859,848,478,117.50709716726693,125.24500507343714,166.88717783831942,168.3983210288856,79.03410289225495,82.70208819210274,0.8229619016220041
person_11.mp4,front,90,1502,59.92000209144859,848,478,119.3326734127092,125.74108664384703,172.71101331038855,172.15462122843198,82.49960419194944,86.24093785953093,8.31420367056117
person_11.mp4,front,91,1519,59.92000209144859,848,478,116.04198669847555,121.97545744016922,174.15750886495948,172.85071838527242,79.38418377453804,83.91476489391502,11.715242469343316
person_11.mp4,front,92,1535,59.92000209144859,848,478,116.21531519816095,122.46967274770805,173.14999385147925,172.49488529295814,80.18922556293246,84.2553703601402,9.967132285546134
person_11.mp4,front,93,1552,59.92000209144859,848,478,115.43615651232959,120.91442480857265,173.69758813447382,172.82343855699307,80.64409501950217,84.59253553235162,12.632881749827813
person_11.mp4,front,94,1569,59.92000209144859,848,478,118.51328744595797,118.12968463390173,172.53651703233592,173.07464306228698,83.16279846085192,85.34679062030031,18.117953418803744
person_11.mp4,front,95,1585,59.92000209144859,848,478,118.08276735151203,115.75462192092967,169.47365455828833,173.107814633841,83.12394417050879,84.77004570374086,22.643771217935203
person_11.mp4,front,96,1602,59.92000209144859,848,478,117.69968666266652,114.84606718744485,170.0558819778603,173.09521485417196,83.74207284263532,85.456286722694,23.070385502175657
person_11.mp4,front,97,1619,59.92000209144859,848,478,113.37030979961379,109.65095540968466,170.7203685623541,173.19995136235664,83.51744166261705,83.26222184918036,26.726845017434936
person_11.mp4,front,98,1636,59.92000209144859,848,478,111.4290130402653,109.16607397210464,172.75741217887375,171.7749045415066,82.52295690819734,83.00313226547618,23.822308849308197
person_11.mp4,front,99,1652,59.92000209144859,848,478,113.70188940569112,111.33304637085318,171.3913747000142,166.99929970535905,84.48602486524328,83.623645402403,16.981937679812944
person_11.mp4,front,100,1669,59.92000209144859,848,478,112.14256303703704,105.43329367136532,172.77147580520446,168.10523159365243,87.32138228187978,84.57101674852967,24.775900906169408
person_11.mp4,front,101,1686,59.92000209144859,848,478,105.40236273573609,95.38661367390658,164.83364001720346,153.96366029714852,86.12475098566311,81.96632466427361,19.337721026561738
person_11.mp4,front,102,1702,59.92000209144859,848,478,106.39016556111842,101.1852731703567,141.75603056319832,135.52143622083344,83.8574796134734,81.83493752206957,6.503343344886819
person_11.mp4,front,103,1719,59.92000209144859,848,478,100.21973255098347,96.46347490331897,133.16887550697436,128.59853194093367,85.14433569981908,82.15634246983028,6.413370168476115
person_11.mp4,front,104,1736,59.92000209144859,848,478,90.05378277767227,84.90961290045425,99.46874252147968,95.81349274349455,76.72150297546665,74.21869562730406,34.62446303600728
person_11.mp4,front,105,1752,59.92000209144859,848,478,84.17463554416396,84.95151201014134,75.1596495603445,77.50681450547262,71.47073788354146,71.71554999400362,56.231963467136424
person_11.mp4,front,106,1769,59.92000209144859,848,478,78.04236727911457,79.3565323145044,69.09844938505302,72.08560466809082,69.83093965233034,69.91621985237528,56.545939810149406
person_11.mp4,front,107,1786,59.92000209144859,848,478,79.06373334285662,79.07132399167033,64.58259621143209,67.33006103736018,71.43220058596441,70.86400714614393,59.62189592733012
person_11.mp4,front,108,1802,59.92000209144859,848,478,78.38777450211474,78.83160333083339,63.10424080697515,66.26575123284702,71.66351107626866,71.16548318932777,59.82536909904805
person_11.mp4,front,109,1819,59.92000209144859,848,478,78.63771048128137,77.2946993508287,59.34594981413056,61.852203731525506,73.17023534615886,71.78733511052289,61.35374460497924
person_11.mp4,front,110,1836,59.92000209144859,848,478,77.49004120202436,76.80065803042797,58.777291520527235,61.01337439217341,72.45592843252608,71.77526550162011,62.13797306181267
person_11.mp4,front,111,1852,59.92000209144859,848,478,74.1945123988495,73.21059150411618,57.52756113104577,58.776529479776954,71.67993113244053,71.19554514000403,61.65835121120896
person_11.mp4,front,112,1869,59.92000209144859,848,478,72.94688879048137,72.60492922748917,53.347165089539544,54.204468049567616,73.30500151424587,73.59505442519718,63.24534399114551
person_11.mp4,front,113,1886,59.92000209144859,848,478,73.1826853724063,72.9244091846354,54.14844811745243,54.81872535504874,72.2323977581017,72.58100287075919,63.833877805055245
person_11.mp4,front,114,1903,59.92000209144859,848,478,78.6478287761538,79.17981580665257,51.75075202761317,53.198336938462226,79.60066611863483,80.2256623985148,63.62481403365121
person_11.mp4,front,115,1919,59.92000209144859,848,478,74.6277731624894,75.78563452777985,50.27641358303426,52.399797403786245,77.55973926292874,77.66808573033374,62.60981920214949
person_11.mp4,front,116,1936,59.92000209144859,848,478,73.28371928556656,74.01970761763438,48.173930336492134,50.30806247515512,77.77950878166392,77.5117783133229,63.92345566851172
person_11.mp4,front,117,1953,59.92000209144859,848,478,73.7708221019196,74.42199092790136,49.170462503222225,51.83882798480967,78.70626983898843,78.10555472054286,61.850994757218935
person_11.mp4,front,118,1969,59.92000209144859,848,478,69.48806735825815,71.08180586244306,46.62982332263149,48.302449900673345,76.30595083966834,77.04197598492541,63.92923273060525
person_11.mp4,front,119,1986,59.92000209144859,848,478,65.17008936555558,66.90106011503978,45.828409114407265,47.57063431810226,73.36805544777702,74.11654173589106,63.99541587028537
person_11.mp4,front,120,2003,59.92000209144859,848,478,65.9218657817126,67.87939841251979,44.80336789683098,46.139190471293404,75.25361363027581,76.37137808512774,64.54141350283165
person_11.mp4,front,121,2019,59.92000209144859,848,478,58.177811437665355,59.853787968461766,43.03749023829478,43.891402598836706,68.95516758622112,69.86073200606356,65.43207867094571
person_11.mp4,front,122,2036,59.92000209144859,848,478,58.79199423966859,60.122247353846355,42.49735735974608,43.10630671889418,69.95529573157485,70.44112493969772,65.62180483791224
person_11.mp4,front,123,2053,59.92000209144859,848,478,59.776949561428594,60.40222529707081,42.824597591902325,43.77063622926907,71.5576767575731,71.42033643703671,64.05168207968363
person_11.mp4,front,124,2069,59.92000209144859,848,478,57.405401215963224,58.353192842776124,41.81960903428471,42.834313781131165,69.66463540792053,69.82848852354755,64.06247793100968
person_11.mp4,front,125,2086,59.92000209144859,848,478,57.04849269201237,58.60148128863773,40.56148116630177,41.62939508506289,70.17020991751767,71.05724747172167,64.69800061065675
person_11.mp4,front,126,2103,59.92000209144859,848,478,59.079394411209535,61.09023264037033,40.676033322903,41.61205580578812,72.75335798028397,74.22825437948755,64.65876340326857
person_11.mp4,front,127,2119,59.92000209144859,848,478,57.49188793747641,60.01709832580051,39.869914917527076,41.03597573688985,72.05103808644817,73.61218884523808,64.95391454213822
person_11.mp4,front,128,2136,59.92000209144859,848,478,54.39341439795632,57.2380329231554,38.72039868521422,40.11789633702635,69.3001477112391,70.8858435226351,65.00707693150035
person_11.mp4,front,129,2153,59.92000209144859,848,478,55.169023259165044,57.748007145265085,38.96953150277028,40.29083025903915,70.02795871133577,71.10840137019025,64.89574802629666
person_11.mp4,front,130,2170,59.92000209144859,848,478,56.665781848462586,60.03867830358114,38.565915471981924,40.65497108102946,71.75967841166008,73.60225377491714,64.43604659600997
person_11.mp4,front,131,2186,59.92000209144859,848,478,56.0731790482063,57.91036505798037,38.632153992870265,40.24524402342355,71.34340739245332,71.62636787496645,65.02163144644895
person_11.mp4,front,132,2203,59.92000209144859,848,478,55.766963495313504,58.15345440309652,37.81698622459437,40.48380420755853,71.0697889136969,71.32366491252809,64.60681149914927
person_11.mp4,front,133,2220,59.92000209144859,848,478,56.40174883006102,59.546653445282494,38.000298535276855,40.66952466409496,71.84217293728109,72.73173576817653,64.45524531030304
person_11.mp4,front,134,2236,59.92000209144859,848,478,56.177364475674615,59.308519395950924,37.97578155862331,40.70394569730839,71.83840712810651,72.88673549821668,64.40332973714415
person_11.mp4,front,135,2253,59.92000209144859,848,478,56.80161524129915,60.16981300244692,37.577805242012616,40.363056682691,72.40756761569281,73.68523434897948,64.65129667425967
person_11.mp4,front,136,2270,59.92000209144859,848,478,58.00903522214072,62.26331411036211,37.86999983031727,40.460073258028274,73.68011249557816,75.75658156729047,64.2291973513336
person_11.mp4,front,137,2286,59.92000209144859,848,478,58.46265879600946,61.71090961262901,38.129029882241504,40.7259107581019,73.5602647342182,74.88006437298705,64.16505559805215
person_11.mp4,front,138,2303,59.92000209144859,848,478,56.913793337103044,59.77227022774886,38.20877028812919,40.699777255734254,72.33270304078411,73.14978842822019,64.22323802721982
person_11.mp4,front,139,2320,59.92000209144859,848,478,60.59165908973821,63.530776535096905,39.169271699397584,41.727622833875984,75.33520896383796,76.29295319874375,63.57636872248427
person_11.mp4,front,140,2336,59.92000209144859,848,478,57.6403878206974,60.473876715448235,38.956965883980814,41.48950601042808,73.04105030244949,73.71589555208836,63.71984248547909
person_11.mp4,front,141,2353,59.92000209144859,848,478,59.06975300506893,61.90280734850807,39.24842657165339,41.83435037971774,74.25734572082318,75.13836813471676,63.662633564136385
person_11.mp4,front,142,2370,59.92000209144859,848,478,59.35903234373729,61.39022323075788,38.78984487992757,41.52285599059652,74.61809154150188,74.52692399782924,64.20982577673138
person_11.mp4,front,143,2387,59.92000209144859,848,478,57.67227714962394,60.640599445094324,39.368303264677394,42.08659215430598,73.45206913879198,74.31146142558316,63.859839763255856
person_11.mp4,front,144,2403,59.92000209144859,848,478,56.9486844261342,58.68311990177064,40.802636855855695,43.473533565311286,72.28214022833646,72.09724359706902,62.99278437858233
person_11.mp4,front,145,2420,59.92000209144859,848,478,57.339359498393584,59.01705608351573,42.54576728137155,45.32788317565153,72.2129257710392,71.40780470378809,62.1269873276034
person_11.mp4,front,146,2437,59.92000209144859,848,478,56.1774914281283,58.88833892419958,43.86409472702986,46.861725892324685,70.4013278927028,70.16634494333464,61.69746820197186
person_11.mp4,front,147,2453,59.92000209144859,848,478,56.47686503045628,59.831383466576966,44.30622457040186,47.99355998531392,68.9696986329239,69.13501392414784,62.0263627334291
person_11.mp4,front,148,2470,59.92000209144859,848,478,55.00554549951798,57.74400813291895,46.65409820027504,50.35936862962137,65.15478158906168,64.83537433533985,61.38445761332122
person_11.mp4,front,149,2487,59.92000209144859,848,478,56.724260195593736,59.145809717444926,50.606559988839244,55.125692227928134,65.6105852977882,65.09567170187152,58.03541398458571
person_11.mp4,front,150,2503,59.92000209144859,848,478,59.1986790154686,61.10670528027813,56.61472739257052,60.814135962895115,65.97918718632758,65.362875178267,53.42575642979258
person_11.mp4,front,151,2520,59.92000209144859,848,478,64.33956534064397,64.6420327972444,68.17936908637718,71.23992328229646,69.11503508802052,68.12752306223985,44.53542622327295
person_11.mp4,front,152,2537,59.92000209144859,848,478,66.97887217357633,66.09727148256853,79.7965512031631,81.05835177923736,70.674644052672,69.5858356252278,35.5733956070063
person_11.mp4,front,153,2553,59.92000209144859,848,478,78.87023971304754,72.81303847635814,110.8241167299882,106.38992594264063,77.21159352944235,74.81519931190468,15.261536727675013
person_11.mp4,front,154,2570,59.92000209144859,848,478,84.30522308328491,78.60597811183906,133.450770747172,127.086975533343,78.28514789206262,77.43991245739039,1.9591253613764859
person_11.mp4,front,155,2587,59.92000209144859,848,478,97.12232062976733,86.93737789240991,160.67267045496217,151.66243340909213,84.90294082314,82.40839283975617,22.559848251174728
person_11.mp4,front,156,2603,59.92000209144859,848,478,101.94519016127437,89.81851113271024,165.24346603199484,153.18432658176505,85.22233801524845,83.33469550016656,22.47579167190038
person_11.mp4,front,157,2620,59.92000209144859,848,478,106.18225554709797,89.04014655815476,169.14743673249518,152.78394790620686,85.61980929105633,83.53733914669763,23.59729338097993
person_11.mp4,front,158,2637,59.92000209144859,848,478,100.54885371547019,88.36570544388361,170.0063376722092,159.21628310286312,81.14405221646385,80.36238533047953,26.68939869329681
person_11.mp4,front,159,2654,59.92000209144859,848,478,103.53068816546059,96.11710816361446,169.96247729802053,162.6358706673974,81.57596035612514,82.35366238704096,22.305572054299454
person_11.mp4,front,160,2670,59.92000209144859,848,478,104.57826023086456,99.529520253336,166.6979425000708,159.9399813915764,77.80772101619516,80.42456802478382,14.199275138669742
person_11.mp4,front,161,2687,59.92000209144859,848,478,105.081476393258,107.13455272918488,167.93327020896177,166.36588160828245,78.76882347893076,83.09138281811913,14.283283486329632
person_11.mp4,front,162,2704,59.92000209144859,848,478,108.23354581512717,110.290898739219,170.55916944855386,169.51160605712423,78.95216139760592,83.58724791875174,16.08738715498336
person_11.mp4,front,163,2720,59.92000209144859,848,478,110.93097873374866,114.41463294669697,168.88077829143324,166.29286248239225,77.09909714968526,81.86963642145054,6.895060835229604
person_11.mp4,front,164,2737,59.92000209144859,848,478,112.02202846702156,114.84835209088509,163.0948551078756,159.36376398175486,72.11934370835709,76.82960448984674,3.5980507276837153
person_11.mp4,front,165,2754,59.92000209144859,848,478,114.78927783692609,115.747243354345,169.47984002845718,163.00261790245625,73.00853774995564,76.9250311227785,0.9492478902432933
person_11.mp4,front,166,2770,59.92000209144859,848,478,115.8829994269731,116.46235852764043,167.22564621427222,162.99595157956423,71.25305121884034,74.42831717938033,4.971150200478407
person_11.mp4,front,167,2787,59.92000209144859,848,478,121.27876128852007,117.90467905239744,170.63943518817442,161.75016421929573,74.1500067101482,77.3258867498902,4.785501456713521
person_11.mp4,front,168,2804,59.92000209144859,848,478,126.69424452792863,127.01904178696995,169.7335810537699,165.60393689698697,76.33494642280044,79.23678816223557,7.975613573292577
person_11.mp4,front,169,2820,59.92000209144859,848,478,124.398053952474,129.52959475607116,166.0085080912702,165.8557498842397,72.76771918625474,75.59462972441098,12.814509797717234
person_11.mp4,front,170,2837,59.92000209144859,848,478,125.79184029894938,133.66947077327043,164.97052728735926,168.26391208389325,73.55612579652227,75.90543519238119,14.3482492353696
person_11.mp4,front,171,2854,59.92000209144859,848,478,129.23557327064947,138.64133906301993,164.2831757478485,170.83820596098252,73.97645265035858,76.44998874454258,16.226923298431743
person_11.mp4,front,172,2870,59.92000209144859,848,478,128.52717700281025,133.17701470915532,166.50648663188198,166.6274413414331,73.11656245999217,76.56856295182547,15.494836014345834
person_11.mp4,front,173,2887,59.92000209144859,848,478,128.01743680363836,137.37421136690776,164.10010043496902,169.98242430757153,72.11943523457425,74.22967918046089,17.92081895720484
person_11.mp4,front,174,2904,59.92000209144859,848,478,129.29888735024957,138.2295626605853,163.11794536964592,169.9355740894707,72.11479642979711,74.3499395125896,19.66238127079817
person_11.mp4,front,175,2921,59.92000209144859,848,478,130.8294032363584,138.82570814592853,163.67975863553963,169.72498427049734,73.50778578646037,75.69630094760386,19.37607345250456
person_11.mp4,front,176,2937,59.92000209144859,848,478,136.62951869479977,140.84147197714083,166.86752219922883,169.97344379294046,74.55557623484394,76.91250813244058,19.762480314000438
person_11.mp4,front,177,2954,59.92000209144859,848,478,133.23255604319797,141.13258284786224,164.28193428371662,171.77746436000567,73.5715805193448,76.21501547943906,19.91456691523464
person_11.mp4,front,178,2971,59.92000209144859,848,478,134.80666738435374,141.637972857774,164.28743138404025,171.41393525090677,74.61912412699644,76.9432736789129,20.058821511160136
person_11.mp4,front,179,2987,59.92000209144859,848,478,137.04985378855017,143.4605037427327,163.71364312375349,171.46161214102156,76.85354531530088,77.80974588271074,20.655455145344497
person_11.mp4,front,180,3004,59.92000209144859,848,478,137.33826070525473,144.04087146780088,163.17286396374757,171.7952833426429,77.31759910306674,77.79301171726874,20.70303256160311
person_11.mp4,front,181,3021,59.92000209144859,848,478,140.36840658748736,142.78377841163834,167.51395829528883,169.89635876862238,76.7314322206631,77.53995521449166,20.839726836276313
person_11.mp4,front,182,3037,59.92000209144859,848,478,135.81339272725674,143.97404066801298,161.62907377368253,170.77915725717946,76.45166940701333,77.4537826800053,21.97358128439795
person_11.mp4,front,183,3054,59.92000209144859,848,478,134.30020765985853,143.35932989432607,159.34792170238302,170.76678696253973,74.94477006678615,77.32176245502227,22.256502859790817
person_11.mp4,front,184,3071,59.92000209144859,848,478,134.88085001361702,143.97600618352388,158.09720635777853,170.75567063880158,74.07642954587,77.92910007273062,22.586060808918564
person_11.mp4,front,185,3087,59.92000209144859,848,478,133.44368785542915,142.74354504158453,156.4330732785352,170.17667258662445,72.85660751868616,76.7144382692784,23.17721833051808
person_11.mp4,front,186,3104,59.92000209144859,848,478,133.58874465054686,142.96488540256317,156.00418904776268,170.7894272373088,73.79038323236335,76.61349324172828,23.08824636564894
person_11.mp4,front,187,3121,59.92000209144859,848,478,135.4298495728957,143.4498122320817,155.87071272213657,170.57029902597407,75.93666172969574,77.56230690876828,22.862267850388246
person_11.mp4,front,188,3138,59.92000209144859,848,478,138.34803238560556,144.27268962863596,157.18035212523543,170.36972730363993,78.59261454859148,78.77837338849616,22.55128554074452
person_11.mp4,front,189,3154,59.92000209144859,848,478,140.34198942148484,145.90109961428715,157.68781115300516,171.09153472579013,80.82287868725824,79.74662209478963,22.269593835842407
person_11.mp4,front,190,3171,59.92000209144859,848,478,141.96101973681988,143.68200047206167,159.41257860479806,169.47845039132477,81.4743584647032,79.56651119872646,21.97053919077407
person_11.mp4,front,191,3188,59.92000209144859,848,478,141.58554592240304,144.53508365348162,158.79959287094357,170.52066393273924,81.55111018349143,79.39649608395867,21.926774882324885
person_11.mp4,front,192,3204,59.92000209144859,848,478,141.94353292886885,144.43761541547912,159.7648775930451,170.94049075444136,81.70067905864278,80.22511939835894,21.162297545072278
person_11.mp4,front,193,3221,59.92000209144859,848,478,141.60699062047217,145.1324700844861,159.54503923260228,171.35591417525228,81.61157807589437,80.35241304488562,21.206764593378
person_11.mp4,front,194,3238,59.92000209144859,848,478,143.70274732797074,146.12773952783218,161.2216822115302,171.19746570179765,83.19154258623975,81.92717937745178,20.72530911392091
person_11.mp4,front,195,3254,59.92000209144859,848,478,144.73906704588603,146.65999720735678,161.29464539370142,171.57195773186317,83.96864962666322,82.1380088202409,20.582357726895523
person_11.mp4,front,196,3271,59.92000209144859,848,478,145.8540594886812,146.62349849480677,163.02990519508893,171.361372403482,84.36774041827513,82.4644235350022,20.49252677423372
person_11.mp4,front,197,3288,59.92000209144859,848,478,145.61090960935033,145.7981617759355,162.82547837360855,171.71061735104914,83.81959249206984,81.24479888134664,20.485541935271026
person_11.mp4,front,198,3304,59.92000209144859,848,478,146.00819567216612,146.29671734921166,163.2423936984122,171.77784156977447,84.22490153121038,81.8515797716755,20.34394666682801
person_11.mp4,front,199,3321,59.92000209144859,848,478,146.0301995193509,146.55482368537037,162.49293555521433,171.97000261835421,84.1117981119888,81.7546341877335,20.482480178957093
person_11.mp4,front,200,3338,59.92000209144859,848,478,145.92694731175877,146.38267895238036,163.45393761402434,171.51197236701495,83.63678166893914,81.59537623078197,20.483470245961634
person_11.mp4,front,201,3354,59.92000209144859,848,478,147.1147569470137,146.93230784585492,163.23017534406839,171.17437885741592,84.81244303914187,82.09826707972206,20.460255836416636
person_11.mp4,front,202,3371,59.92000209144859,848,478,147.960531982296,147.40650089638896,163.55331970683045,171.2023982345783,85.4149315136873,82.5717957095306,20.69021962117456
person_11.mp4,front,203,3388,59.92000209144859,848,478,148.61699565619546,148.00692332229437,163.3291909894703,171.52472169255427,85.78988307685829,82.58209749451449,20.717125100791066
person_11.mp4,front,204,3405,59.92000209144859,848,478,147.9288137302362,148.0402644869914,163.04133524157243,171.36605371842924,85.42937507975005,82.55344808453802,20.912261806689248
person_11.mp4,front,205,3421,59.92000209144859,848,478,147.7843756146899,147.492070650064,162.84223309078607,171.37022257362244,85.26492618042164,82.088181652719,21.081953708337217
person_11.mp4,front,206,3438,59.92000209144859,848,478,147.2990493720809,147.2572042432754,162.6196154938472,171.21768574921052,85.284647437945,82.06978423475665,21.10748231034201
person_11.mp4,front,207,3455,59.92000209144859,848,478,146.9919390036798,147.4298143385859,162.1472415089916,171.50175677716769,84.91306060758727,81.95393480813924,21.137677876557973
person_11.mp4,front,208,3471,59.92000209144859,848,478,147.29464004561507,147.92052765177374,162.7513642402743,171.7653799031744,85.20228218130605,82.21317980913784,20.945429460720174
person_11.mp4,front,209,3488,59.92000209144859,848,478,147.47024189168422,147.97249412769926,162.7194382528633,171.61791613611993,85.09758056376452,81.85152600195367,20.960258144700443
person_11.mp4,front,210,3505,59.92000209144859,848,478,147.78178959862316,148.19612409868196,162.99391854561088,171.5629993044469,85.47132215334688,82.11878527611155,20.86097777602434
person_11.mp4,front,211,3521,59.92000209144859,848,478,147.50777652131185,148.50130466913453,162.94139455825274,172.0328040530001,85.31027511674606,81.82043437238731,21.079135729811153
person_11.mp4,front,212,3538,59.92000209144859,848,478,148.1809394631868,149.27645482077943,163.40104564855093,172.08397900785275,85.63263338100575,82.3115287746855,21.238298796176267
person_11.mp4,front,213,3555,59.92000209144859,848,478,148.40263224546229,149.33829516169766,163.19700749665074,172.23903682770518,85.65409274642093,81.85390145319934,21.263030570449214
person_11.mp4,front,214,3571,59.92000209144859,848,478,148.12328494089508,149.18020418706095,163.06593906492202,171.92589496501068,85.62772113805254,82.07346146874056,21.32885005432984
person_11.mp4,front,215,3588,59.92000209144859,848,478,148.42501153036437,149.2806941644609,163.09907581961653,171.71853187462187,85.63105780775787,82.15281688166868,21.55523359364437
person_11.mp4,front,216,3605,59.92000209144859,848,478,148.61236350575896,150.145814200335,163.12704526961727,171.47458689854014,86.05880339767216,83.00533704403364,21.474300160997895
person_11.mp4,front,217,3621,59.92000209144859,848,478,148.0085820676319,149.0833687555142,162.46543404990692,171.43594307304528,85.83109740640548,82.48245729248521,21.69965148174212
person_11.mp4,front,218,3638,59.92000209144859,848,478,148.366741010509,149.73887233962,162.3991069924017,171.1480787450708,86.0473263686579,82.90115076867399,21.764641980524775
person_11.mp4,front,219,3655,59.92000209144859,848,478,148.30147251151976,149.8119668106343,162.3684005265021,170.9601493762445,86.21268959041069,82.9624410079913,21.851541092016372
person_11.mp4,front,220,3672,59.92000209144859,848,478,148.809042234511,150.96505107235464,162.63861511871076,170.3196117481089,86.84828805897251,84.81573633189876,21.64337167724811
person_11.mp4,front,221,3688,59.92000209144859,848,478,149.20571658452212,150.85965261618017,162.79031258996443,170.50144317576715,87.16801438138664,84.85638567329875,21.527804170297728
person_11.mp4,front,222,3705,59.92000209144859,848,478,149.53059931887688,150.8590351388812,162.93540261248145,170.45700015094593,87.22655511850014,84.68180695592157,21.604361016708584
person_11.mp4,front,223,3722,59.92000209144859,848,478,149.7452406224272,151.15175357882532,163.44971118394184,170.49775219248528,87.30730193631088,85.04900534079044,21.39484559003917
person_11.mp4,front,224,3738,59.92000209144859,848,478,149.75169893827695,151.07585545418354,163.41683799176838,170.77715418588838,87.2817622970555,85.05352526694575,21.373253177817176
person_11.mp4,front,225,3755,59.92000209144859,848,478,149.90315398889544,151.04381941046893,163.609517658962,170.98686710271522,87.3912552358996,85.07590207501815,21.147359471608773
person_11.mp4,front,226,3772,59.92000209144859,848,478,151.73947954102937,151.5538830742229,164.64585347310643,171.19192384947178,88.08944698192123,85.07366677540811,21.165187368969292
person_11.mp4,front,227,3788,59.92000209144859,848,478,151.721338145204,151.89674551593333,164.6987335752234,170.93492477408833,88.03276174458146,85.6484317933338,21.11844884452053
person_11.mp4,front,228,3805,59.92000209144859,848,478,151.43311313900267,151.67397601849473,164.43954244339022,170.9541004694647,87.95888339906726,85.55981398146956,21.12589992893189
person_11.mp4,front,229,3822,59.92000209144859,848,478,151.86329583638388,151.6979801154014,164.56177520410196,170.936508395592,88.20673446627303,85.5733528543551,21.21021479022529
person_11.mp4,front,230,3838,59.92000209144859,848,478,150.73870509734502,151.24190964552395,163.82220286076034,170.7264476650187,87.77481991440943,85.19663659588285,21.224440510451295
person_11.mp4,front,231,3855,59.92000209144859,848,478,151.35572189178663,151.18395662055698,163.79739791221746,170.69553557569182,87.9316863513552,85.1147794947013,21.387468711458148
person_11.mp4,front,232,3872,59.92000209144859,848,478,149.90252845901347,150.7972680008988,162.98381604444717,170.64934903517982,87.24134241951953,84.58809548533958,21.41328350434455
person_11.mp4,front,233,3889,59.92000209144859,848,478,150.20003383538838,150.80026370825382,163.17819928136333,170.81653150182436,87.27304361749336,84.64121274525966,21.31170894774474
person_11.mp4,front,234,3905,59.92000209144859,848,478,149.9078746451927,150.08083152891072,163.1892132005005,170.69057766771547,86.66608857278685,83.8063768139028,21.521373756293368
person_11.mp4,front,235,3922,59.92000209144859,848,478,150.9460788313892,150.48550453064684,163.99585013256862,170.86535459651543,87.14350208614749,84.1303541372683,21.334161088533776
person_11.mp4,front,236,3939,59.92000209144859,848,478,152.05315888261353,150.67741211176676,164.9706960933165,170.86986740597686,87.645080976218,84.40991619334328,21.285724383499275
person_11.mp4,front,237,3955,59.92000209144859,848,478,152.558545860414,151.38939202761665,165.49390523493153,171.07865426699883,88.1022187772969,84.97700702126791,21.06773805117203
person_11.mp4,front,238,3972,59.92000209144859,848,478,152.29087430610005,151.59795300915064,165.92744127698788,171.07233286715888,87.89821715424594,85.25646499111373,20.89308432899162
person_11.mp4,front,239,3989,59.92000209144859,848,478,150.72254766136408,151.3546142520628,166.0029656622927,171.10679969539413,86.87981606033794,85.10716739042782,20.870184770348278
person_11.mp4,front,240,4005,59.92000209144859,848,478,150.47126805515822,150.97482624995615,165.81410150337177,170.7851495039627,86.56090668716095,84.69594088804251,21.077973544080688
person_11.mp4,front,241,4022,59.92000209144859,848,478,150.29910601137598,150.18568172092105,165.35115324959094,170.68737887176016,86.30651912097596,83.81566940223935,21.266735028292455
person_11.mp4,front,242,4039,59.92000209144859,848,478,149.78901811405024,149.76405068111438,165.33174180501422,170.16708991852437,85.70824579176873,83.53404166170529,21.442905120668623
person_11.mp4,front,243,4055,59.92000209144859,848,478,145.66751273713703,147.56791018255393,163.1069538625134,169.19716744787564,83.83798568701788,82.24623242590413,21.52811937921135
person_11.mp4,front,244,4072,59.92000209144859,848,478,145.11524375279336,147.13353666332688,162.93962183848302,169.22738508640728,83.49315858225981,82.14635714680259,21.579797574607152
person_11.mp4,front,245,4089,59.92000209144859,848,478,143.18674281833927,145.55472094597724,163.03920002117644,169.25508603543724,81.83000695918774,80.90312482351041,21.678338921172834
person_11.mp4,front,246,4105,59.92000209144859,848,478,142.6425544215181,144.90232747022384,163.9736420219263,169.0771658701718,81.7573923369449,80.4497548198626,21.064266760014437
person_11.mp4,front,247,4122,59.92000209144859,848,478,142.75485014015635,144.92885227133468,164.13998864178726,168.7698991674545,81.80360189761448,80.76435123380652,20.94589355547822
person_11.mp4,front,248,4139,59.92000209144859,848,478,139.84829838888973,143.58452222271453,165.59736129746156,168.01708344290302,77.56110502535674,79.55200405754076,21.32495578883259
person_11.mp4,front,249,4156,59.92000209144859,848,478,139.189764912943,142.40579192808005,165.31444602631606,167.8588943225283,76.99525446190728,78.45083814645726,21.57513855623339
person_11.mp4,front,250,4172,59.92000209144859,848,478,140.78985338392877,141.2301358587882,165.00375108790297,167.1160089022621,78.3137195147374,77.67959671594514,21.660573752988917
person_11.mp4,front,251,4189,59.92000209144859,848,478,140.33874126381332,141.0887930947083,164.706688312346,166.84406330307226,78.07408511525135,77.74722836500054,21.814379029678804
person_11.mp4,front,252,4206,59.92000209144859,848,478,139.48911134295676,141.04046112597683,164.42102609665753,166.63461429296873,77.82346939510049,77.87789627163956,21.911410788992097
person_11.mp4,front,253,4222,59.92000209144859,848,478,135.98167524651473,139.80483355282607,164.16654065205185,166.1535579424268,75.47463630611159,77.16513112143724,22.202010778514225
person_11.mp4,front,254,4239,59.92000209144859,848,478,136.98472367971166,140.02078189955282,164.36882598040046,165.99843930765323,75.91895479644157,77.34258520490005,22.358813725920534
person_11.mp4,front,255,4256,59.92000209144859,848,478,136.6827075691124,139.82114610740078,164.92035707525585,165.78366643370657,75.56332231457417,77.23682453816566,22.40045623271008
person_11.mp4,front,256,4272,59.92000209144859,848,478,134.3698384385789,137.71348737029052,162.7790824363699,165.12081928307518,75.01919324704656,76.4695988463047,22.20135350446735
person_11.mp4,front,257,4289,59.92000209144859,848,478,127.54476285786558,132.98291802213384,158.29638741641156,162.3758021366315,72.17281688588128,76.11131869541367,21.64236189576427
person_11.mp4,front,258,4306,59.92000209144859,848,478,127.26725501389639,132.40382532090896,157.88587318997563,161.76059914031077,72.72765392452487,76.49059682655377,21.412152474532594
person_11.mp4,front,259,4322,59.92000209144859,848,478,125.18652469550858,130.71338013702064,156.15589296985723,160.8528728454606,72.42859553625624,75.74251651511875,21.363997792155722
person_11.mp4,front,260,4339,59.92000209144859,848,478,122.84538769489079,129.39141249603603,153.8285391919123,160.4085240212203,74.29407731226867,76.92889523581351,20.292607308143694
person_11.mp4,front,261,4356,59.92000209144859,848,478,122.84771473785975,126.4194941615007,156.8234108169392,160.36318242215327,75.62205234571476,77.62337584184122,16.48456890779143
person_11.mp4,front,262,4372,59.92000209144859,848,478,122.72957027185812,125.28838996316853,159.62362673052357,160.89714735636588,76.65731935744549,79.73614656411094,13.066208052655496
person_11.mp4,front,263,4389,59.92000209144859,848,478,120.67105914110672,124.38773135990564,158.3611508527637,160.012836041888,78.52187818436484,81.62401664376249,11.307869154127578
person_11.mp4,front,264,4406,59.92000209144859,848,478,119.35315761432008,119.25145903506643,162.13889955801517,159.27986374498914,79.32630586245827,82.77810828903463,5.968877935749623
person_11.mp4,front,265,4423,59.92000209144859,848,478,122.44461441706649,125.63867473566721,167.4261911273912,165.840339708441,82.48546901732855,87.40124303858322,1.5451167272604611
person_11.mp4,front,266,4439,59.92000209144859,848,478,121.4161048501503,123.71909873463417,167.65767783121797,167.835553730364,84.79037148379979,89.10287623526553,2.901449058878249
person_11.mp4,front,267,4456,59.92000209144859,848,478,122.72844351024521,121.57576641634671,170.01695705276111,165.71185833734057,84.30834178304788,89.0262922414248,3.8404923442665475
person_11.mp4,front,268,4473,59.92000209144859,848,478,117.01178981953213,120.01103454200869,169.39926001452906,168.0829822642662,82.28334612413896,87.4309728742252,6.6566842565014035
person_11.mp4,front,269,4489,59.92000209144859,848,478,111.91253362761691,109.92591404662264,166.82917539778563,161.7354968052393,82.03867906895611,84.76640470309724,7.859041010157312
person_11.mp4,front,270,4506,59.92000209144859,848,478,106.67624240109929,98.53519419789839,167.90721009745778,155.97098611978026,80.141549028012,81.3551682068799,11.385840859681917
person_11.mp4,front,271,4523,59.92000209144859,848,478,105.0328944056308,97.86977030159427,161.18150303458503,149.31739348273328,83.77188973417661,84.04888220540037,8.006789122210577
person_11.mp4,front,272,4539,59.92000209144859,848,478,100.95652732241875,91.02252799939916,161.45170342461432,147.2230851672195,83.07024045120619,82.63309453299439,11.576152297583445
person_11.mp4,front,273,4556,59.92000209144859,848,478,94.8750145888669,85.98657754205638,150.3707178499741,137.82606604160796,78.29354490382342,77.6138209358024,4.62243398542057
person_11.mp4,front,274,4573,59.92000209144859,848,478,88.81097495563507,80.23419385055655,139.05318567957733,129.02693459251984,77.7617983896391,75.66770482907134,1.7702716833540286
person_11.mp4,front,275,4589,59.92000209144859,848,478,90.5417389902194,82.57443687570722,148.6735686273239,140.58228991180496,79.12179454567608,77.1283223060081,10.516968734013432
person_11.mp4,front,276,4606,59.92000209144859,848,478,86.10749575975504,76.52403933874803,145.03781643373142,131.7577118303409,76.65670772642835,74.24691621013086,8.730521238004643
person_11.mp4,front,277,4623,59.92000209144859,848,478,69.90344704597472,68.2719250241983,98.58845877582581,96.88059628298748,67.47987285048045,67.32343977170638,24.503953078293186
person_11.mp4,front,278,4640,59.92000209144859,848,478,75.91454340297592,73.15338122050966,108.00270979858853,104.22323609949775,73.49624378416,72.36882965763134,17.258184511240792
person_11.mp4,front,279,4656,59.92000209144859,848,478,64.92209599099924,65.4089451307723,82.74037901922205,84.2022910140923,67.05219091104463,68.18133457841675,33.8995393882418
person_11.mp4,front,280,4673,59.92000209144859,848,478,59.79931357263915,60.7110073293756,57.98658137443992,60.72520183924021,61.95859918455406,63.50305931783057,55.822053221983325
person_11.mp4,front,281,4690,59.92000209144859,848,478,56.62832000579696,59.83905500808462,54.18989590568755,57.838789740823266,59.82108880221197,62.34153755909692,58.60238433239214
person_11.mp4,front,282,4706,59.92000209144859,848,478,55.211997954461374,59.237444762391625,49.788600985292305,53.36235405893658,59.64936834788496,62.594888647378724,61.6137415316487
person_11.mp4,front,283,4723,59.92000209144859,848,478,61.837367376474766,65.7747090439038,49.189616659908914,51.82809450118921,68.12374176211537,71.12652993137942,61.8730488891185
person_11.mp4,front,284,4740,59.92000209144859,848,478,61.93331392921377,66.3455299447206,48.376659031334086,50.71379946759153,69.75741749027083,72.78472144727051,61.94955679094067
person_11.mp4,front,285,4756,59.92000209144859,848,478,60.16183283553985,64.41301341992838,46.959313182843644,49.443403514375376,68.98704083246207,71.97167658553099,61.9831907504071
person_11.mp4,front,286,4773,59.92000209144859,848,478,63.434199119295315,68.62804787730626,44.20982818149537,46.245549720742986,73.20938762229166,77.26245311868831,63.806823316305916
person_11.mp4,front,287,4790,59.92000209144859,848,478,64.14623118846472,70.3602227934732,44.33694243183892,46.163877674556055,73.95908560084062,78.32305143729486,63.44086624807215
person_11.mp4,front,288,4806,59.92000209144859,848,478,62.86994739107798,68.04150876633886,43.99599443639454,46.21481819125112,74.12957275757189,77.76063414843172,62.66219509006262
person_11.mp4,front,289,4823,59.92000209144859,848,478,62.413981048521514,68.62916539150122,43.18279552305004,45.160998501501524,74.71518172040768,79.02000263377252,62.099183876817676
person_11.mp4,front,290,4840,59.92000209144859,848,478,60.68473433168501,66.33909398000145,42.184448765806124,44.72775082738762,73.46166810184683,77.3851910861461,62.34123273485722
person_11.mp4,front,291,4856,59.92000209144859,848,478,59.20662894629347,65.05289829071508,41.898771015596274,43.958698635065176,72.98360128324543,76.76547665997329,62.328843414907034
person_11.mp4,front,292,4873,59.92000209144859,848,478,56.66945581925882,63.09773336656834,41.15798804771756,42.44229083314499,71.16676147262224,74.95133425862424,62.672319983796406
person_11.mp4,front,293,4890,59.92000209144859,848,478,57.35809927568515,63.651129208929895,39.95072699141486,41.57803173549929,71.89732281748546,75.69526430313975,62.974102550045636
person_11.mp4,front,294,4907,59.92000209144859,848,478,58.34386921362365,64.58879465486473,40.611269728543526,41.67900106296559,73.28742218219465,76.83550700378669,62.844508837744435
person_11.mp4,front,295,4923,59.92000209144859,848,478,55.084856808452464,62.134065598956916,39.4966365863376,40.37004748476301,69.90693773498899,73.56476202157857,63.28906907244995
person_11.mp4,front,296,4940,59.92000209144859,848,478,53.44562139801636,59.888994320095115,38.335782294888105,39.90479964529848,68.54192734980982,71.70703012053784,63.94755044988749
person_11.mp4,front,297,4957,59.92000209144859,848,478,55.724017781077194,61.403451510324096,39.02273864799181,41.30372021416031,70.84445067577424,73.74567971241771,62.97253321405392
person_11.mp4,front,298,4973,59.92000209144859,848,478,56.63502605867099,63.65991125301744,38.780045662495084,41.07731894353251,71.58118999765571,75.79012086050204,62.94698081313534
person_11.mp4,front,299,4990,59.92000209144859,848,478,57.27924463559576,63.569764423219944,39.906557651921034,42.12053352180295,72.42102313893778,75.94375438771195,62.01584969011262
person_11.mp4,front,300,5007,59.92000209144859,848,478,62.43109393110458,69.44098453027014,42.2375576863813,43.67747189607933,76.85868610814028,80.4073285550536,60.15768159919695
person_11.mp4,front,301,5023,59.92000209144859,848,478,62.63265080589979,69.59991608947527,42.12024504172961,44.29687155945176,77.6029640536002,81.10742767446854,59.635998297942244
person_11.mp4,front,302,5040,59.92000209144859,848,478,62.69457306907715,68.64573659952814,41.12292260687398,44.24676443886659,77.69330247717596,80.57089632324217,60.43813871320354
person_11.mp4,front,303,5057,59.92000209144859,848,478,61.98423324633968,67.27907358481997,41.48302203864575,45.048007897965675,77.34350867118881,79.33131491155069,60.175224242884134
person_11.mp4,front,304,5073,59.92000209144859,848,478,63.93210282916035,68.38419433409123,43.84188028427336,47.1967982399315,79.12268360770528,80.64012309966013,57.96832059794953
person_11.mp4,front,305,5090,59.92000209144859,848,478,66.5426911892917,70.78685372225262,45.00036661018175,48.37043665651999,81.44360690172927,82.6511806594932,57.04546599845137
person_11.mp4,front,306,5107,59.92000209144859,848,478,71.2912782665419,73.59069078745578,45.89669845846011,49.31772562367483,84.85197235614432,85.5576053824139,57.26954900767032
person_11.mp4,front,307,5123,59.92000209144859,848,478,67.6721240440561,70.67201616280485,43.688506006073084,47.66046709251506,81.71943229332983,83.18094802437048,60.11093456496117
person_11.mp4,front,308,5140,59.92000209144859,848,478,60.375465759916764,62.34403184185104,44.1375326254126,48.03447709557122,73.51110368459936,73.4720435834784,60.71419177887971
person_11.mp4,front,309,5157,59.92000209144859,848,478,58.19722304483818,59.56682942699069,45.94339574353074,49.42340955803814,70.3870992329493,69.81974789302497,59.974318239537915
person_11.mp4,front,310,5174,59.92000209144859,848,478,55.68935003504964,57.43819685650784,48.7513771892634,52.099325414901216,65.52284354614186,65.46326232980827,58.87281276334324
person_11.mp4,front,311,5190,59.92000209144859,848,478,56.95476278883869,58.95200548799916,53.62267286011587,57.462014731414186,64.50309558067187,64.84041168960452,55.418281433181356
person_11.mp4,front,312,5207,59.92000209144859,848,478,58.075294900280255,59.17569319452903,63.95412854705535,66.41982160349147,63.82413499401768,63.845345707950294,48.10916878103239
person_11.mp4,front,313,5224,59.92000209144859,848,478,59.41636320570445,60.33247057371167,66.428271266029,69.33515128756649,63.1325720132752,63.27322596128924,47.919506007462545
person_11.mp4,front,314,5240,59.92000209144859,848,478,76.95786346008664,69.59319867182907,103.30050984236927,94.50862702192201,70.85818130932661,70.85253726069062,26.411653605938852
person_11.mp4,front,315,5257,59.92000209144859,848,478,96.51477192646661,85.13627043397774,145.9805173175442,131.05710168447817,82.09769377478773,82.44779777386768,4.065555282122352
person_11.mp4,front,316,5274,59.92000209144859,848,478,88.53427688078553,80.05022451224747,134.53845369391524,122.72045220061179,76.90944242847057,77.7500219580558,3.223841080130262
person_11.mp4,front,317,5290,59.92000209144859,848,478,104.14936953650945,91.46816198372417,160.76343139057974,143.32337698423342,82.53839174514529,83.76699017146615,12.247216700270153
person_11.mp4,front,318,5307,59.92000209144859,848,478,101.83872047242033,93.61681124046302,163.25131092477213,152.1806315697077,81.37278814681198,82.54866185177815,16.300768476598922
person_11.mp4,front,319,5324,59.92000209144859,848,478,108.50880810046162,98.33242927634252,163.30266082242352,147.42753188369605,82.94325485840743,85.65689252212483,9.60105090410074
person_11.mp4,front,320,5340,59.92000209144859,848,478,111.12526183272129,103.94963039503287,163.3461201676326,150.63020045026616,80.55512354067982,84.0547188651113,4.580149315450707
person_11.mp4,front,321,5357,59.92000209144859,848,478,112.47333056094298,103.9509131817685,167.7988132697388,154.39416724774696,79.58353463391856,82.63556230268362,8.028517764085418
person_11.mp4,front,322,5374,59.92000209144859,848,478,112.43442197230137,105.00953762223767,164.7374593784457,151.8965216820169,79.77697017840556,83.25536287653875,3.789211944184563
person_11.mp4,front,323,5391,59.92000209144859,848,478,111.68602290801732,106.31725479744732,165.13207494306107,154.0700989465906,75.5594673764612,79.8444217339995,0.9317761579229408
person_11.mp4,front,324,5407,59.92000209144859,848,478,109.52897716183863,110.50012179390353,161.59233031825207,155.6865006833867,71.87000602899755,76.21498532937895,6.8593195679429035
person_11.mp4,front,325,5424,59.92000209144859,848,478,113.63936794287075,116.25583915764692,160.0123613476343,157.56697657183813,71.18370619567622,74.55875490468864,10.722465334600372
person_11.mp4,front,326,5441,59.92000209144859,848,478,117.39693757057663,118.16274306915425,165.20692204703155,161.2486051689466,72.09810820407198,74.46057668538461,8.0940549860911
person_11.mp4,front,327,5457,59.92000209144859,848,478,119.44056582722035,121.98064387692149,164.59978919387166,161.36454412822914,72.46297841228713,75.12885693514649,10.831479919135306
person_11.mp4,front,328,5474,59.92000209144859,848,478,127.1184616947711,125.28549467302581,169.21947089945215,162.6752259579599,75.1739336672924,77.09709757165909,9.496477464565883
person_11.mp4,front,329,5491,59.92000209144859,848,478,127.03682989342295,131.73408753608433,167.3686950477701,168.22710750650396,74.54676378979389,76.70016418175373,11.980717790601544
person_11.mp4,front,330,5507,59.92000209144859,848,478,126.11657033755291,134.2769465092564,165.20155905740228,169.82231334509876,72.76509308864601,74.72750053219954,13.287821712269004
person_11.mp4,front,331,5524,59.92000209144859,848,478,127.9266157722484,136.61155763104873,165.33890701050709,170.73804348135113,71.73479081828583,73.5250775928663,16.075505239724727
person_11.mp4,front,332,5541,59.92000209144859,848,478,125.26575686890918,130.75517099520542,165.82366230605584,166.9488262596057,69.4393864646782,71.8461750296704,16.114018230870048
person_11.mp4,front,333,5557,59.92000209144859,848,478,127.31642541202552,138.79488398192817,162.35777947761375,172.7886413309164,70.55209922825226,72.0179790466946,18.29219363085927
person_11.mp4,front,334,5574,59.92000209144859,848,478,130.87752178358255,140.71789635413435,163.63287239982185,172.007606530927,73.01564059880796,75.28176874563493,18.74911615226438
person_11.mp4,front,335,5591,59.92000209144859,848,478,133.45364803990373,140.9670817606474,166.21810249151332,172.32680389263365,72.40673818701931,74.33754304652652,19.321856255470824
person_11.mp4,front,336,5607,59.92000209144859,848,478,130.83747440509487,139.95119428185922,163.24239133322186,171.50706706553476,72.1673192082634,74.07989942324382,19.66761843458846
person_11.mp4,front,337,5624,59.92000209144859,848,478,129.98299013167687,138.88766359820977,160.54631261246496,170.24039597942757,72.04675586282323,73.83213509220967,20.896030533802577
person_11.mp4,front,338,5641,59.92000209144859,848,478,135.96272071320317,139.94981899443655,165.29793143183605,169.26494928358983,73.791305110898,76.12673950499945,20.527256654310772
person_11.mp4,front,339,5658,59.92000209144859,848,478,136.79978496570033,141.3822714416872,164.07236316615368,170.0214970013738,75.30712657405655,77.10538542444361,20.439652917828525
person_11.mp4,front,340,5674,59.92000209144859,848,478,140.50480479660155,141.6700640172026,166.6765906489376,169.3140660024801,76.08885072904197,77.38355465613762,20.970794389289455
person_11.mp4,front,341,5691,59.92000209144859,848,478,137.50523136788215,142.20237936793268,162.47943705453324,170.81088371504418,76.05273995482094,76.46904035507987,21.591977794686358
person_11.mp4,front,342,5708,59.92000209144859,848,478,138.84418709196703,144.68550679647439,161.61633919872014,172.441589362809,77.1604051265569,76.8919916041272,22.212854584857833
person_11.mp4,front,343,5724,59.92000209144859,848,478,138.50495130191987,144.32475925087624,161.00533997651064,171.50072793620416,78.61794583465705,77.56150233581779,22.0419419467343
person_11.mp4,front,344,5741,59.92000209144859,848,478,142.75684464703718,146.97455439076387,162.7099932513691,172.21464786380793,78.09816317107058,79.4377240476552,22.30248116885057
person_11.mp4,front,345,5758,59.92000209144859,848,478,142.85757754208635,146.25640032511586,163.06347762883752,172.51800036222306,77.26631186116737,78.89982569401685,22.265523778493893
person_11.mp4,front,346,5774,59.92000209144859,848,478,148.45002257189685,146.90629676391856,165.4374006963398,171.92944398811676,80.62119653540145,79.8606736200281,22.094637645212874
person_11.mp4,front,347,5791,59.92000209144859,848,478,152.76182301169175,147.37308942598978,168.33258668726288,172.60350627588403,82.37844720353364,81.0234118848245,21.281173607966522
person_11.mp4,front,348,5808,59.92000209144859,848,478,149.93256472330634,149.43480904329073,166.8352962103829,173.8109830896501,81.79884346986057,82.34234089417487,20.99205018946071
person_11.mp4,front,349,5824,59.92000209144859,848,478,154.0228262518568,148.37133442599966,168.98950829436194,173.13661016837125,84.14842325580564,83.04469274123188,20.874844571573483
person_11.mp4,front,350,5841,59.92000209144859,848,478,154.5816685781962,148.89485560977167,169.49709596898626,173.09736374597773,84.67549518208061,83.81249336034627,20.618443074751564
person_11.mp4,front,351,5858,59.92000209144859,848,478,155.312687332552,150.05098202506346,169.48722702531302,173.63461316971308,85.68910826553419,84.05298753504286,20.558299412258364
person_11.mp4,front,352,5874,59.92000209144859,848,478,155.40113408840898,150.30837346606552,168.9052710636697,173.89425943898266,86.93495167098489,84.57282196928499,20.064337301361526
person_11.mp4,front,353,5891,59.92000209144859,848,478,155.21327716905049,150.26342663319411,169.38912345868658,173.80787129906793,87.10097877450461,85.17189985632662,19.703469075712142
person_11.mp4,front,354,5908,59.92000209144859,848,478,156.81341341982153,151.67744350898295,169.16510428235952,174.31335997594968,88.45496624283025,85.88460662177378,19.76018579110112
person_11.mp4,front,355,5925,59.92000209144859,848,478,157.14008824860616,151.21897033147127,168.9971910110987,174.00312485008587,89.57941034389367,85.64966030679975,19.633780776932415
person_11.mp4,front,356,5941,59.92000209144859,848,478,157.8865431416532,151.4682996783345,168.9855685795648,174.31409593546337,90.19760617917453,84.8283758888161,19.653369942051302
person_11.mp4,front,357,5958,59.92000209144859,848,478,156.7034847390563,151.67592621088707,168.30249078360453,174.1957862786616,89.7210265460255,84.82394959246686,19.71692848492295
person_11.mp4,front,358,5975,59.92000209144859,848,478,157.33203994235302,152.38560455961476,169.78472223933056,173.98158987033779,89.96008400633387,86.32303025343937,19.209021205984904
person_11.mp4,front,359,5991,59.92000209144859,848,478,160.24334057488358,152.49420177046562,170.43148306630562,173.93048245761253,92.94305482651373,86.6102720223183,18.831020625215356
person_11.mp4,front,360,6008,59.92000209144859,848,478,158.7717407476018,152.98876581163526,169.9963265082139,174.1149927274153,91.99773317915682,86.72223534512304,18.81917172539738
person_11.mp4,front,361,6025,59.92000209144859,848,478,158.14119538851824,154.51350995365362,170.2427939097082,173.77015565113228,92.02124459918291,88.2646069910758,18.551693701962822
person_11.mp4,front,362,6041,59.92000209144859,848,478,159.3670058653151,154.98420196342272,171.15140334937826,173.6093847926816,92.18065505939062,88.6234856655811,18.62175435504295
person_11.mp4,front,363,6058,59.92000209144859,848,478,155.70834085675395,153.81060779186475,168.27740128526912,173.77122440712955,91.34076527607499,87.04119069052423,18.80358320727529
person_11.mp4,front,364,6075,59.92000209144859,848,478,154.67557967242166,153.51772653310545,168.09081569520578,173.52325108984755,90.74098251047165,86.8253609479682,18.814206705560103
person_11.mp4,front,365,6091,59.92000209144859,848,478,154.29186830043838,153.49614564537922,167.99367285840302,173.21173369404386,90.28019183428538,86.56739661393668,19.08049715006684
person_11.mp4,front,366,6108,59.92000209144859,848,478,154.2230160020319,153.55233674564266,167.95783789921143,173.08187454805636,90.01344750858524,86.55612534348313,19.133599480934258
person_11.mp4,front,367,6125,59.92000209144859,848,478,154.14473103084322,154.69232517032677,167.76804428822896,172.84522053114986,89.6762161818172,86.92313459039298,19.332070006012952
person_11.mp4,front,368,6142,59.92000209144859,848,478,153.1100695458754,153.1407601920537,166.40230868539936,172.5241691496688,89.20073981166462,85.7479281845717,19.965172425756943
person_11.mp4,front,369,6158,59.92000209144859,848,478,152.1582599180878,151.73101323738376,164.96098869424887,172.27950211534372,88.06168467045215,84.23746901222451,20.862865098522704
person_11.mp4,front,370,6175,59.92000209144859,848,478,150.983651643558,151.04715988841193,164.50610912777103,172.2148270035926,87.01272126682359,84.01426878156961,20.98699806355559
person_11.mp4,front,371,6192,59.92000209144859,848,478,150.92663025845445,151.03240594862746,164.14185135788793,172.06885649900372,87.06446371842445,84.32454205652915,21.18854527720438
person_11.mp4,front,372,6208,59.92000209144859,848,478,151.2165811930484,151.1958353916122,164.07414559140307,172.06128247133609,87.49668069998091,84.72384156391423,21.129683247584335
person_11.mp4,front,373,6225,59.92000209144859,848,478,149.63169504322985,149.5387273688114,162.43706594778627,172.03644783214995,86.84778658708264,83.11416753888764,21.737747065993833
person_11.mp4,front,374,6242,59.92000209144859,848,478,149.70022706293432,149.96136833709147,163.28510658739071,171.962251148767,85.80467217974736,83.70457497437602,21.82853751100899
person_11.mp4,front,375,6258,59.92000209144859,848,478,150.53396997301815,150.44271140390774,163.41216484634205,171.9111266131751,86.193857208451,83.29737924546649,21.760622985330112
person_11.mp4,front,376,6275,59.92000209144859,848,478,150.0070069166162,149.80474339914423,162.89063805505654,171.19568582067078,85.94950085653402,83.44859567682659,22.007697749265205
person_11.mp4,front,377,6292,59.92000209144859,848,478,149.8077711368804,149.19813440638035,162.30589485404377,171.14322347087926,85.6009460885604,83.06653674482091,22.387352697925664
person_11.mp4,front,378,6308,59.92000209144859,848,478,150.03562759854853,149.4287693722482,163.13647253589733,171.13572039790844,85.28722747263359,83.39290694575118,22.319638032451206
person_11.mp4,front,379,6325,59.92000209144859,848,478,150.08795168820814,149.4736101888653,163.10110409316306,171.13992117414517,85.80989575326812,82.94047513050559,22.135006870644872
person_11.mp4,front,380,6342,59.92000209144859,848,478,148.9427499518464,150.04127765441382,162.3671336555822,171.0129316436132,85.60001934999069,83.5154197540982,21.876204836840746
person_11.mp4,front,381,6358,59.92000209144859,848,478,149.39563134335484,150.57910857200181,162.69144874369837,170.89636353035547,85.95908620345928,84.25583312671537,21.833799508029667
person_11.mp4,front,382,6375,59.92000209144859,848,478,147.41186196775297,149.1624159830142,161.35568953367215,170.51600157296116,85.11822137575143,82.76895603819925,22.141675186319798
person_11.mp4,front,383,6392,59.92000209144859,848,478,147.0974517718471,149.0659267107601,161.64820688942768,170.37802022072273,84.64487085244035,82.44708372899466,22.09718488885659
person_11.mp4,front,384,6409,59.92000209144859,848,478,146.49004916399704,148.52544041102527,161.26204021891328,170.34879749614828,84.34041939628281,82.1062023098461,22.124053750833927
person_11.mp4,front,385,6425,59.92000209144859,848,478,146.337789755009,148.46602313243292,161.39922816201883,170.32684771401196,84.21003682536414,82.2573933215611,22.059525844749757
person_11.mp4,front,386,6442,59.92000209144859,848,478,147.91810710488653,149.32021963243372,162.01411424205804,170.2798538466039,85.05165998537316,82.93558781291009,22.05063522023805
person_11.mp4,front,387,6459,59.92000209144859,848,478,145.65596834097835,148.8029356881895,161.41950791931504,170.26703237229484,84.18856856095707,82.76307668437516,21.870270410592536
person_11.mp4,front,388,6475,59.92000209144859,848,478,146.35407987936998,149.0223974093056,161.5894938836231,170.5253805770162,84.56973558404688,82.88197079781017,21.82563478696665
person_11.mp4,front,389,6492,59.92000209144859,848,478,144.49786142093188,147.52179106515604,160.59348558147965,170.1777126130454,83.35941034454461,81.59972789414711,22.135964801522185
person_11.mp4,front,390,6509,59.92000209144859,848,478,143.31274470241385,147.12912082531025,160.4783878146225,169.84690538442567,82.44029802067418,81.37930365721392,22.378024597611
person_11.mp4,front,391,6525,59.92000209144859,848,478,141.7016853141565,146.59049539299414,160.40546140909922,169.46991259478605,81.56628609489297,81.16412621158348,22.413930672911434
person_11.mp4,front,392,6542,59.92000209144859,848,478,140.25128518855996,146.29671656289054,161.04235388776897,169.42026585569593,80.98183412959155,81.15681306016255,22.180882905981647
person_11.mp4,front,393,6559,59.92000209144859,848,478,141.38413922273628,145.73375029856612,161.99597807306225,169.2514441102524,80.40730554660118,80.52066780244608,22.539216604744812
person_11.mp4,front,394,6575,59.92000209144859,848,478,141.00320922900465,144.54031930072458,161.9606828124818,169.480278969767,79.85085737422524,79.4207134302642,22.588773527378702
person_11.mp4,front,395,6592,59.92000209144859,848,478,142.4751798952624,145.0427068297792,163.8923190563224,168.78766109137672,79.90183066982269,79.99851487442486,22.475663949281753
person_11.mp4,front,396,6609,59.92000209144859,848,478,143.52039413729554,144.92044601863202,165.36647172219963,169.29960716785303,79.73898160044969,80.16536442278255,22.33415782453096
person_11.mp4,front,397,6626,59.92000209144859,848,478,143.25420133859836,144.87206025914074,166.8119873440309,169.564238503101,78.86930153764014,80.32481178500713,22.05584486134969
person_11.mp4,front,398,6642,59.92000209144859,848,478,144.25811861652255,145.82791089880197,166.82511900581548,168.88272829301593,79.8196858284323,81.5671648358571,21.58951555116282
person_11.mp4,front,399,6659,59.92000209144859,848,478,139.62848959380864,143.48826515512025,167.09759184321686,168.2620796248645,75.82350806292717,79.43749716364486,22.12066088752393
person_11.mp4,front,400,6676,59.92000209144859,848,478,141.68160828466097,143.2634154025092,166.83666583424468,168.12851681194297,77.22875797223993,79.51179582650266,21.857983689456027
person_11.mp4,front,401,6692,59.92000209144859,848,478,138.65641353390598,140.07695111474862,165.72352989656173,166.99105389001002,75.15145165633733,77.2239788554777,22.490965045710723
person_11.mp4,front,402,6709,59.92000209144859,848,478,137.45774594941267,139.13824312714956,165.25389697641782,166.13516902539288,74.43805411889453,76.55198718227246,22.829042286415792
person_11.mp4,front,403,6726,59.92000209144859,848,478,136.7372467465611,137.21165278451653,164.18277132841405,164.60339883492514,74.33504152445242,75.9590540637625,23.01606297604205
person_11.mp4,front,404,6742,59.92000209144859,848,478,132.01948307258772,133.11890838886168,160.7582070917719,161.82201122943482,72.53716755147481,74.401762724715,23.59454614357228
person_11.mp4,front,405,6759,59.92000209144859,848,478,129.83315229082152,130.96335474279877,158.3227295599642,159.77002189133117,72.52116399039615,73.8603882464778,23.85631616721149
person_11.mp4,front,406,6776,59.92000209144859,848,478,128.431698477337,129.4142432998275,157.640986770981,158.17065677719492,72.65194260320591,73.66224725570046,23.875889504946453
person_11.mp4,front,407,6792,59.92000209144859,848,478,128.35883804135545,128.63466067702203,159.25002932502417,157.18492603334875,72.88237555880023,74.44041302624917,22.840095907150637
person_11.mp4,front,408,6809,59.92000209144859,848,478,127.63220709894041,126.65954582988977,160.36615080791762,156.31932264903637,73.63895673342908,74.18749517938113,22.064252312000473
person_11.mp4,front,409,6826,59.92000209144859,848,478,127.53668054850364,128.30026987925982,160.32959519927414,157.72856630765776,73.38338351545701,75.70497737620273,22.18184951514764
person_11.mp4,front,410,6842,59.92000209144859,848,478,128.12682143428702,122.86364531140771,162.5182833813599,152.59189438491222,73.86745615460157,78.23388456594719,20.025864394307064
person_11.mp4,front,411,6859,59.92000209144859,848,478,126.56843822038178,119.53265286494553,165.4279289379577,152.56608925570396,72.82389438734205,80.30387546194406,15.434747128238373
person_11.mp4,front,412,6876,59.92000209144859,848,478,124.27965665367306,117.97472412056126,166.16626328014743,153.3378318722746,73.24830411801993,80.45337660635371,12.986697948293592
person_11.mp4,front,413,6893,59.92000209144859,848,478,124.71849078490233,116.27122283400605,166.05968798976483,149.36944078692693,74.59352973064018,80.4740174091273,13.91704642910281
person_11.mp4,front,414,6909,59.92000209144859,848,478,123.36729082076738,114.08379528132961,168.8793507723117,149.16538979569148,76.97284356172253,82.20498522923593,9.839493295582113
person_11.mp4,front,415,6926,59.92000209144859,848,478,117.75780537757187,114.6282308016358,164.7628973839225,151.46492236945082,78.70220925397058,82.56119876890598,8.327215794449087
person_11.mp4,front,416,6943,59.92000209144859,848,478,114.05131379553502,109.88369758959391,158.76631939180837,147.2729497749484,78.04656173827821,81.27454959073579,9.047349876301634
person_11.mp4,front,417,6959,59.92000209144859,848,478,113.51999579444859,108.18616611876959,165.49912987376848,154.86874160801707,81.09856866615841,84.30833279125696,3.218467114503268
person_11.mp4,front,418,6976,59.92000209144859,848,478,109.91280898527752,96.3716680917898,165.88610328590448,148.9182038185173,81.5740205027104,82.57680104281546,7.161528069250997
person_11.mp4,front,419,6993,59.92000209144859,848,478,101.94015553545314,91.76377888137007,154.70588550875163,141.6676822554828,77.82465015177554,78.20321295960994,2.4265899891136127
person_11.mp4,front,420,7009,59.92000209144859,848,478,96.41379726757876,83.56804976899086,146.68337618014453,128.92454501162945,78.17097127050377,78.31016020059784,1.074765220260829
person_11.mp4,front,421,7026,59.92000209144859,848,478,93.49475331059185,82.54326414357,148.11170422022693,132.931348592106,77.59217400481144,77.60843512332114,2.8498081598272713
person_11.mp4,front,422,7043,59.92000209144859,848,478,84.95897824095834,79.00648689934935,140.49026593789776,129.69693854095956,74.03079858046745,74.31328587535614,2.6098891758964147
person_11.mp4,front,423,7059,59.92000209144859,848,478,81.8527882861121,75.07308164009766,127.69939807709747,116.22921617290788,71.18332407544209,71.462881950133,8.481483508894597
person_11.mp4,front,424,7076,59.92000209144859,848,478,73.49530036809811,73.29070849900953,87.48000443130364,87.91210004611882,66.93938606120697,68.40402916782276,37.33736794210561
person_11.mp4,front,425,7093,59.92000209144859,848,478,70.80935920058678,69.40380010062069,84.63121944224865,84.62055218727221,65.83899399731662,67.02859006562235,38.5559804645786
person_11.mp4,front,426,7109,59.92000209144859,848,478,62.24271536705025,65.19876028061263,64.33577237117942,67.61432116994499,61.23504224082091,63.763619458422966,52.371692296071295
person_11.mp4,front,427,7126,59.92000209144859,848,478,60.45416314683488,62.30297513781215,59.08873013952424,61.516807150806365,60.689053195542755,62.93323333699968,55.66126762086768
person_11.mp4,front,428,7143,59.92000209144859,848,478,60.295552457496896,62.47813278476136,56.73511308341274,59.09947126044389,59.28400057306226,61.77703422749751,59.297659190209984
person_11.mp4,front,429,7160,59.92000209144859,848,478,56.397803690014086,58.631588815318025,50.9689172931518,52.82542724035812,58.780887747101524,61.297799609540725,62.25743979219864
person_11.mp4,front,430,7176,59.92000209144859,848,478,55.47646002625506,58.50363425321111,49.94426083287921,52.41079125115152,59.05191781870639,62.06631870926515,62.306450583146294
person_11.mp4,front,431,7193,59.92000209144859,848,478,53.37493147010044,56.82685371458927,48.55544613741172,51.18493845848245,57.929407470208716,60.99626496017604,62.994967649413816
person_11.mp4,front,432,7210,59.92000209144859,848,478,54.16477317480207,56.87660424934163,47.00451600060454,48.82302671245493,59.06022920109847,62.20959543089309,64.03290060697815
person_11.mp4,front,433,7226,59.92000209144859,848,478,51.390893369652986,55.437419348919164,44.99684052402235,47.10582509451141,57.37925613018569,60.82553086276102,65.12222837423552
person_11.mp4,front,434,7243,59.92000209144859,848,478,50.11753126991861,54.26431387430754,43.522964583996966,45.56645466939962,56.84198776004725,60.17006814194847,66.04827881657997
person_11.mp4,front,435,7260,59.92000209144859,848,478,49.74206022853237,53.29761749027133,43.047720463691924,44.79721621030719,57.85140611731305,60.983373286537116,66.00938492391198
person_11.mp4,front,436,7276,59.92000209144859,848,478,50.171251395363925,54.33314916280399,42.24147402834745,44.30182540018147,58.90929604839356,62.357829761558556,66.00813370187672
person_11.mp4,front,437,7293,59.92000209144859,848,478,50.504231134582405,55.27042672332722,41.27426928928954,43.40218033487845,60.5116341420922,64.33039603623634,66.38778715988248
person_11.mp4,front,438,7310,59.92000209144859,848,478,50.37002067932967,55.164718372512645,40.52648526641109,42.28969548837056,60.90289587240439,64.68934231480863,66.34716543832452
person_11.mp4,front,439,7326,59.92000209144859,848,478,49.351494495284115,55.068840452857465,39.25160190517829,40.52490308617912,60.74990303383508,64.80273658001444,66.93940825443438
person_11.mp4,front,440,7343,59.92000209144859,848,478,46.057004606983085,51.316912246711354,37.41259476744528,39.346613567845296,58.06401940692222,61.678913161692336,67.49076449830983
person_11.mp4,front,441,7360,59.92000209144859,848,478,44.642293550891175,49.509325506385224,36.77757546058216,38.62549455272727,56.71822578557522,59.67798779972536,68.18667772665914
person_11.mp4,front,442,7377,59.92000209144859,848,478,43.17885379545301,47.40701748330605,36.119432299442316,38.70991610294472,54.8598874399583,57.43353808651648,68.21831809984239
person_11.mp4,front,443,7393,59.92000209144859,848,478,41.9458799592303,46.4790810605513,35.417028482442944,37.96190206560433,54.190325144968455,56.554978437142736,68.27267939428329
person_11.mp4,front,444,7410,59.92000209144859,848,478,40.954308271118094,44.86584741438701,34.76294697489641,36.658397780666164,53.3210434036026,55.28888291848166,68.8086403288388
person_11.mp4,front,445,7427,59.92000209144859,848,478,40.80218576738153,44.02172992795885,34.970138764390576,36.24332015645673,53.75283461334586,55.040652060949654,68.68996914564534
person_11.mp4,front,446,7443,59.92000209144859,848,478,41.29166902294802,45.215186487574755,35.35534125425321,36.23388465640794,54.35569114751085,55.978090740871004,68.2153663601668
person_11.mp4,front,447,7460,59.92000209144859,848,478,41.57221866116695,45.20439471348986,36.013241033758504,37.45879854570123,55.277598118981146,56.80516485486598,67.3515205833099
person_11.mp4,front,448,7477,59.92000209144859,848,478,41.492608168684434,46.28204110703035,35.21255700834547,36.73045326660288,55.103815792755526,57.16857954423825,67.32352219739929
person_11.mp4,front,449,7493,59.92000209144859,848,478,41.978121959563,47.2534022265028,34.83799144245417,36.62984765471786,55.69604745618798,57.93549524481805,67.52093836533656
person_11.mp4,front,450,7510,59.92000209144859,848,478,43.12214510963484,48.66313208506055,35.48718501574778,36.977501642563105,56.76017848559209,59.07933696079922,67.38790959913393
person_11.mp4,front,451,7527,59.92000209144859,848,478,42.935787779417744,48.10482865658842,35.186578821576546,36.83421468913646,56.36817860621622,58.564404245109834,67.74762729982498
person_11.mp4,front,452,7543,59.92000209144859,848,478,41.90376440327614,46.794121402448674,34.824941277552824,37.03633842384393,55.40886080631895,57.31988577132732,68.06348126510812
person_11.mp4,front,453,7560,59.92000209144859,848,478,41.13166789180296,46.277242425303314,34.74368024421485,37.41676636634934,54.36111717701962,56.50598667380265,68.06700773019006
person_11.mp4,front,454,7577,59.92000209144859,848,478,42.4670174129382,47.18653363065039,35.65416047588145,38.18164315333106,55.482808572887535,57.16997304097862,67.65246276218582
person_11.mp4,front,455,7593,59.92000209144859,848,478,42.65527360765643,47.478718336614975,35.60180506226004,38.55140524456634,55.410883072134425,57.30332435840223,67.5247274021927
person_11.mp4,front,456,7610,59.92000209144859,848,478,43.66643212856886,48.321188532094205,36.11447692127641,39.25310987665403,56.36577112724103,57.71452187507081,67.38029964163799
person_11.mp4,front,457,7627,59.92000209144859,848,478,45.41373889425415,48.89352578675358,37.45567548072216,40.50017953297263,58.11291669114999,57.8134905841344,66.59817949759884
person_11.mp4,front,458,7644,59.92000209144859,848,478,47.36995098334271,49.916672379479316,38.924411714948555,42.110551125502134,59.39440134355995,57.94572721315572,65.85185429855406
person_11.mp4,front,459,7660,59.92000209144859,848,478,46.526411664453676,50.12244063108725,41.192695402300664,45.414156804704206,56.08104546373484,56.62386652590908,64.82951443816567
person_11.mp4,front,460,7677,59.92000209144859,848,478,47.47608463270739,51.244744209491834,44.00991136528988,48.2395730522656,55.747905184375924,56.54197675285816,63.413371350417535
person_11.mp4,front,461,7694,59.92000209144859,848,478,46.3018056594952,50.000197905467395,46.346733896591715,50.2266436283047,53.61859237337179,54.30142551734598,62.60004871946617
person_11.mp4,front,462,7710,59.92000209144859,848,478,48.36363404378404,51.84965688138924,48.76439650770327,52.86977180715289,54.601977093909696,55.47635524319775,60.31505969815465
person_11.mp4,front,463,7727,59.92000209144859,848,478,51.90578859479495,54.56961806492901,54.53277787096532,59.40228187566466,55.78888754808348,56.804689323408525,56.78191006139301
person_11.mp4,front,464,7744,59.92000209144859,848,478,54.19700365535821,55.929353078300664,59.03611381390816,62.67913839656219,56.26985012617749,56.95424602988771,54.57506907823314
person_11.mp4,front,465,7760,59.92000209144859,848,478,58.591714330993156,58.29759156223529,72.43169522052855,73.26146666398888,60.18677287966006,60.543307429721814,44.375814172559245
person_11.mp4,front,466,7777,59.92000209144859,848,478,63.76090909253469,62.58467686860628,95.7638579159363,93.24610208543733,65.45537741154206,65.88200075165517,25.838342517848975
person_11.mp4,front,467,7794,59.92000209144859,848,478,63.47855081470863,62.295407820707325,86.84232564674925,84.58711393115895,62.105656065395614,62.75917782621496,35.730357573847805
person_11.mp4,front,468,7810,59.92000209144859,848,478,61.90083581316258,61.84243579733527,90.37894792907146,87.58023575440527,61.86019848457872,62.37415962364865,31.34944638769868
person_11.mp4,front,469,7827,59.92000209144859,848,478,71.10610164230751,69.07660115450001,106.88785883033468,100.22257960670763,64.83919124793127,65.6545605826362,25.11812741518594
person_11.mp4,front,470,7844,59.92000209144859,848,478,69.34110854560802,71.3710950502208,103.3870027174699,99.23428333367407,61.82301077100839,63.25315451024932,28.807497872541383
person_11.mp4,front,471,7860,59.92000209144859,848,478,86.52975489185859,80.29428330809756,133.26560042592948,124.2542804216964,66.53216647473269,67.71362820067453,12.432658496997218
person_11.mp4,front,472,7877,59.92000209144859,848,478,96.28105341241974,88.85492576569513,145.0682785348868,132.53627532140902,68.14260939860485,70.56153839652205,11.556827034762524
person_11.mp4,front,473,7894,59.92000209144859,848,478,101.31600298720807,98.03121630085946,148.86533325205687,139.82813043914763,67.58847272151687,71.17599992139003,12.557550941312899
person_11.mp4,front,474,7911,59.92000209144859,848,478,100.59519558621685,98.70900357043453,147.9074184081074,140.6855349773606,66.6660475204038,69.92250591538813,12.997795957606026
person_11.mp4,front,475,7927,59.92000209144859,848,478,107.9977286916895,104.40116430319341,163.36146644657552,152.41491212794165,68.60699726182627,72.36302967763302,5.1501797041040485
person_11.mp4,front,476,7944,59.92000209144859,848,478,108.78769928688564,109.41223990088504,158.77340920041476,152.3826654275844,66.88264826115211,70.49106392951454,12.028422871702155
person_11.mp4,front,477,7961,59.92000209144859,848,478,115.85776074030959,114.85449738920069,158.38125482875589,151.2073670187465,70.26340143553783,74.07503861210651,15.830196109647698
person_11.mp4,front,478,7977,59.92000209144859,848,478,120.77445223996752,120.3085914283902,156.82155274815972,153.54244088097263,70.46220101579259,73.7568340108872,18.857389848843255
person_11.mp4,front,479,7994,59.92000209144859,848,478,120.74153460617173,124.54891244291667,155.90238837958123,157.41555764276214,70.002100761674,73.46506917013733,19.79947845761717
person_11.mp4,front,480,8011,59.92000209144859,848,478,120.35557541532611,125.76065292181225,154.91265807171382,157.9398434245545,69.56918917978469,73.08546032884918,20.500624793591566
person_11.mp4,front,481,8027,59.92000209144859,848,478,126.2587151275276,131.1685163148992,158.72414809171315,161.69511447611202,70.75228669128099,73.87939614235505,20.781986306434312
person_11.mp4,front,482,8044,59.92000209144859,848,478,124.78611443079532,130.07605911112105,157.68760007754747,161.46397397065516,69.50971636485988,72.65973243347996,21.62625692663841
person_11.mp4,front,483,8061,59.92000209144859,848,478,129.38502857009453,132.94615432378907,160.98398916922613,162.43542275775835,71.82932471967376,74.67692879199711,21.48499356997705
person_11.mp4,front,484,8077,59.92000209144859,848,478,128.0399874891992,134.6026614391423,158.62003344925645,163.78221553340708,71.91668412293312,74.4620073980819,21.81771695086098
person_11.mp4,front,485,8094,59.92000209144859,848,478,128.90835949374056,137.23380265942208,159.53418621183764,166.6920933087173,71.47533230485195,74.12426904544715,22.395498246298253
person_11.mp4,front,486,8111,59.92000209144859,848,478,128.60765562397324,138.17603805592455,158.45450194435983,167.37930378090718,71.71367818607827,74.11922635704602,22.783570236292128
person_11.mp4,front,487,8128,59.92000209144859,848,478,129.8874778427471,139.28342220370962,157.03466976357146,167.33188340040482,72.65319808672575,74.44945063557502,23.177933735037083
person_11.mp4,front,488,8144,59.92000209144859,848,478,129.35967367671788,140.64881412282912,155.5345856748425,168.02671064027822,73.45541048676654,75.22631651108121,23.03394349505803
person_11.mp4,front,489,8161,59.92000209144859,848,478,130.40019008373747,141.02313007179816,155.73788947631746,168.77216480409533,73.6338434234719,74.64951048709409,23.34005216370875
person_11.mp4,front,490,8178,59.92000209144859,848,478,128.99562472232398,138.18572426219697,155.1962146646196,167.4145691860728,72.402849115485,73.11133880612324,23.333161589948585
person_11.mp4,front,491,8194,59.92000209144859,848,478,132.51600829667842,140.91111328739106,156.50530857750687,168.76106990188111,74.51244001535247,75.16213292145608,23.45392291262996
person_11.mp4,front,492,8211,59.92000209144859,848,478,135.56378734975337,141.76566756455443,158.07879015491957,168.47676656357754,76.0763341536073,76.80842321942812,23.0675060406734
person_11.mp4,front,493,8228,59.92000209144859,848,478,135.68190494680738,142.87946721795527,157.678542996853,168.76482715577305,75.31182863435177,77.63216760947256,23.105608655432775
person_11.mp4,front,494,8244,59.92000209144859,848,478,136.17417091581012,143.91471739033557,156.87514323843223,169.60718247437154,76.75209532252056,78.6780466466013,22.720683771436377
person_11.mp4,front,495,8261,59.92000209144859,848,478,137.87657957486266,146.564799113867,156.93115937308355,173.1180961102093,78.73977539767408,78.97872578396094,22.447069026867435
person_11.mp4,front,496,8278,59.92000209144859,848,478,137.39761374702283,145.4120547945629,157.40744477488713,172.48188341986491,78.78229201769754,78.18443664645213,21.85819194105244
person_11.mp4,front,497,8294,59.92000209144859,848,478,140.2909611150082,146.05117955353,158.96537627988863,172.26334595249773,80.31489261748156,79.33346570573532,21.81802825724366
person_11.mp4,front,498,8311,59.92000209144859,848,478,140.64024097982667,145.50051908944184,160.33340516966805,171.72817753948917,80.82546299563181,79.42328413196617,20.937431903330175
person_11.mp4,front,499,8328,59.92000209144859,848,478,142.32136127678416,146.54214299015715,161.03464628846086,171.96118949400088,82.22318943918248,80.44089211881679,20.822090572778293
person_11.mp4,front,500,8344,59.92000209144859,848,478,143.1441606694763,146.67443685312588,162.14383457575482,172.1816952809822,82.84421244517611,80.50912346825434,20.24922787919918
person_11.mp4,front,501,8361,59.92000209144859,848,478,143.84710692820033,147.48345119070413,162.0927784225575,172.84362530494107,83.49999015223962,81.23223737665623,20.446071513948393
person_11.mp4,front,502,8378,59.92000209144859,848,478,143.1955233646546,145.86360116741395,161.56388625946494,172.05404549296478,83.46721968199657,81.37607620869237,20.31084795697812
person_11.mp4,front,503,8395,59.92000209144859,848,478,145.08856306775098,145.5888438610343,163.17099536901085,171.7665383817908,84.19511402249347,80.56952711969357,20.158119819684423
person_11.mp4,front,504,8411,59.92000209144859,848,478,147.50830112655092,146.86076642027288,164.8784803329594,171.8846045984383,85.51150742085302,82.58786897200203,19.82857745208487
person_11.mp4,front,505,8428,59.92000209144859,848,478,149.19971497363753,148.36101911839353,166.2645068623491,172.18002780777954,86.66856915148979,83.88847901899979,19.42696127767549
person_11.mp4,front,506,8445,59.92000209144859,848,478,149.01716708684205,149.53069051362192,165.39460000277816,172.94357361215657,87.22870946746552,84.40703989019566,19.3204744918724
person_11.mp4,front,507,8461,59.92000209144859,848,478,147.92039067960516,148.96921211282753,165.32651261627532,172.6327529701296,86.90030496863422,84.63161253571181,19.00271840975063
person_11.mp4,front,508,8478,59.92000209144859,848,478,147.30414175153675,148.69137690111475,165.18494278262176,172.36463700683788,86.57582225023563,84.76857914056134,18.85741466673605
person_11.mp4,front,509,8495,59.92000209144859,848,478,151.80124605542213,151.55227075211005,168.45502236433066,172.12820905428177,89.15631900783754,87.37627175079537,18.47645384058047
person_11.mp4,front,510,8511,59.92000209144859,848,478,149.5298454583526,151.54742466698363,166.91831643238518,172.23057919386974,87.97085701657252,86.89673141954377,18.70725720297076
person_11.mp4,front,511,8528,59.92000209144859,848,478,149.86014673686557,150.98088650623822,166.84134661759452,172.29633115546363,87.86575319986059,86.49083150170634,18.757737691816793
person_11.mp4,front,512,8545,59.92000209144859,848,478,148.9098112294978,150.52405420078634,166.22304548039386,172.64599350820552,87.22643410405382,86.03246390897974,18.629834733511743
person_11.mp4,front,513,8561,59.92000209144859,848,478,149.3432764373315,150.53476795356997,166.28427731897125,172.7612698537861,87.4136082122038,85.99633599262525,18.482525068555717
person_11.mp4,front,514,8578,59.92000209144859,848,478,149.22791525244995,150.43765516285643,166.47725083131436,172.8315827016687,87.03403627092324,85.90146798990068,18.33820037975346
person_11.mp4,front,515,8595,59.92000209144859,848,478,150.07391311531762,150.56001167514972,166.2864000230304,172.73110770726774,87.4407305604467,85.9628926587553,18.278560429627568
person_11.mp4,front,516,8611,59.92000209144859,848,478,149.85581202244703,150.34651608681747,166.67476801952174,173.0291609868436,86.9749637368652,85.89649617044122,18.021754906050234
person_11.mp4,front,517,8628,59.92000209144859,848,478,149.58555182686464,149.93784941139126,166.44005156225518,172.924617083215,87.0337283460068,85.6755054417972,18.05193082009638
person_11.mp4,front,518,8645,59.92000209144859,848,478,149.14977551939745,150.82998531715884,166.6365997195506,172.41490748470454,86.87929090736631,86.06496325313414,17.90173920009823
person_11.mp4,front,519,8662,59.92000209144859,848,478,150.31218492292575,151.15651529807874,166.5213888718145,172.5655856866773,88.07176855860132,86.58964418390033,17.714939401578523
person_11.mp4,front,520,8678,59.92000209144859,848,478,150.1927498015517,151.00720692982316,166.62318978333874,172.32482173758785,88.27067209347294,86.80253517509043,17.645433915473347
person_11.mp4,front,521,8695,59.92000209144859,848,478,150.52488239606726,151.18254791875822,166.36242443908878,172.58298232040258,88.80071959243988,86.56027414947015,17.65483849404545
person_11.mp4,front,522,8712,59.92000209144859,848,478,150.28648879999878,150.87289632153315,166.35150939788926,172.20577175330448,88.64524417333315,86.48914560758368,17.70943584076451
person_11.mp4,front,523,8728,59.92000209144859,848,478,150.40568320784794,150.86560851107214,166.2633197476275,172.0917239620832,88.83732609789308,86.57676032087032,17.721433321595587
person_11.mp4,front,524,8745,59.92000209144859,848,478,149.89889412583977,150.83659941772427,166.2127695600517,172.15959343014748,88.4665121212364,86.47006795868627,17.746928768175586
person_11.mp4,front,525,8762,59.92000209144859,848,478,149.5945518348019,151.2443403130606,166.16267132175517,172.38333745174162,88.23306082697266,86.51834204889518,17.81119783276667
person_11.mp4,front,526,8778,59.92000209144859,848,478,148.29801711258875,151.12228589936936,165.93937445621978,172.2688126368084,87.66192400029881,86.29669433743976,17.71687657559982
person_11.mp4,front,527,8795,59.92000209144859,848,478,149.02117097842688,151.0646405771811,165.57226416432698,172.3976877587563,89.03712982116582,86.3929399380952,17.502766453243456
person_11.mp4,front,528,8812,59.92000209144859,848,478,147.00383802724696,150.33686654009028,165.50134026999626,172.16559910796846,87.83590658318072,86.14103523595762,17.429363835054712
person_11.mp4,front,529,8828,59.92000209144859,848,478,147.36891097077228,150.57262060358627,165.8668307770671,171.88325862254786,88.32486202288695,86.74237326357532,17.31120403512441
person_11.mp4,front,530,8845,59.92000209144859,848,478,147.85779194461256,150.49218064980155,165.78903230931132,172.15688270439327,88.64771294073488,86.68796346060329,17.23824698395126
person_11.mp4,front,531,8862,59.92000209144859,848,478,146.79400540498992,150.48385774277364,165.85972150579147,171.80840509266415,87.5566957741069,86.3139713710576,17.303976065036146
person_11.mp4,front,532,8879,59.92000209144859,848,478,147.23085802292618,150.2543468060125,165.70350899633004,171.93503693848038,87.55399851364567,86.54901288722496,17.36285513164938
person_11.mp4,front,533,8895,59.92000209144859,848,478,147.74936799433794,150.42085783261845,165.31366145368776,172.06671878761964,88.25306016393947,86.75067149558217,17.421975502600947
person_11.mp4,front,534,8912,59.92000209144859,848,478,147.54432692836195,150.04671976765857,165.19739040996075,172.100286502964,88.08458566581885,86.33906370682352,17.461199821859687
person_11.mp4,front,535,8929,59.92000209144859,848,478,146.53405521231772,148.71332186098408,165.20641158299793,172.29309892042647,87.51969540263119,84.8953231047844,17.441433104944213
person_11.mp4,front,536,8945,59.92000209144859,848,478,146.8257320757247,148.58271960459945,164.42628260800058,173.76204845488698,87.70836436064705,83.77704303419519,18.064842096505842
person_11.mp4,front,537,8962,59.92000209144859,848,478,145.4811854030781,149.08131137740114,164.40439040212925,173.66720200828107,86.84973453222358,83.89837678657365,18.08838721731849
person_11.mp4,front,538,8979,59.92000209144859,848,478,145.45943884548754,148.82383705782442,163.88033185280477,173.627975573359,86.70302040287442,83.5146716951978,18.513296590428663
person_11.mp4,front,539,8995,59.92000209144859,848,478,144.84089222682942,148.98876496555732,163.91131705419878,173.46876925902563,85.80142327521747,83.5216414436231,18.73482894160187
person_11.mp4,front,540,9012,59.92000209144859,848,478,143.9918801616334,147.59923224745543,163.0674438188124,173.7767957371063,85.09090738527357,82.14677993999142,19.1270099335255
person_11.mp4,front,541,9029,59.92000209144859,848,478,142.79674616595508,147.47200197763726,162.1953960102299,173.960326007462,84.27284533527322,81.6264693032598,19.370871534428424
person_11.mp4,front,542,9045,59.92000209144859,848,478,141.19774279777772,147.34615339908262,161.14283588353538,174.56562846025577,83.37443080718734,80.61706416310714,19.54868943041634
person_11.mp4,front,543,9062,59.92000209144859,848,478,138.097486908629,145.70513419528538,160.23290748952505,174.33582147886455,81.1219690164589,79.08566018994931,20.0359104119089
person_11.mp4,front,544,9079,59.92000209144859,848,478,136.38926238720205,144.77066874565372,159.18987261945787,173.9594105040452,79.7581555899949,77.54655708999967,20.646209916844416
person_11.mp4,front,545,9095,59.92000209144859,848,478,135.6528810546282,145.1463006379606,159.21288484711445,173.5446012127482,79.03009838761932,78.0011579790229,21.007313439348703
person_11.mp4,front,546,9112,59.92000209144859,848,478,136.19073580309393,146.73177437779592,159.88347916635468,173.76802548147538,79.43308076762278,79.12893412840891,20.94316328200233
person_11.mp4,front,547,9129,59.92000209144859,848,478,135.56139228956235,145.9134220313808,160.31603637662306,173.46486667511044,78.32644848070208,78.15582710147599,21.25447989880525
person_11.mp4,front,548,9146,59.92000209144859,848,478,136.47163316557368,145.98538039365502,161.15533117239653,172.67615515232134,77.93685639564245,78.58191424072963,21.54587529754505
person_11.mp4,front,549,9162,59.92000209144859,848,478,133.96015638046566,144.66939985107396,160.37551287132277,172.06421765113765,75.74170428288336,77.22264769323007,22.01387572126905
person_11.mp4,front,550,9179,59.92000209144859,848,478,134.8052556116524,142.74453924994498,161.30358560896235,170.1211453525793,76.37755872373093,77.2469728749145,21.823130854848372
person_11.mp4,front,551,9196,59.92000209144859,848,478,136.2536559739687,141.59059462732122,162.4689392378167,169.14013584957917,76.93722486179104,78.04321933490317,21.201775930262322
person_11.mp4,front,552,9212,59.92000209144859,848,478,134.7558354320983,136.93901905056174,161.34301338591254,166.18840187727682,76.36867587772893,76.68371980654469,21.07812412878513
person_11.mp4,front,553,9229,59.92000209144859,848,478,133.1852551594414,134.0724520927776,163.47938566213242,164.0617061841337,75.87240003659564,77.08342844663571,19.822027872650448
person_11.mp4,front,554,9246,59.92000209144859,848,478,133.685505111859,130.88986601622594,165.3487551375185,160.741122382109,75.97454755161861,76.98821778194235,18.330014840771927
person_11.mp4,front,555,9262,59.92000209144859,848,478,133.57895982040313,126.54279579162068,165.73060558537185,156.18516777166755,76.54723750587851,77.92775236834208,17.596479824174974
person_11.mp4,front,556,9279,59.92000209144859,848,478,130.37862927736,124.93268767360462,165.3725106033709,157.298358333911,74.67803682067634,78.72121289076574,15.220011408014175
person_11.mp4,front,557,9296,59.92000209144859,848,478,126.18915395359642,123.72762086308913,163.5117203951287,156.12157149989108,72.33448233189375,79.23220594275473,14.713652237285439
person_11.mp4,front,558,9312,59.92000209144859,848,478,124.21679582572114,121.04818454623553,162.40936757042223,153.97661085047937,74.25036747857503,79.91132901773193,13.994980210136518
person_11.mp4,front,559,9329,59.92000209144859,848,478,125.59186383500516,123.05805200462945,161.48858396569727,155.97305070487656,79.54485967552652,82.87386262185471,11.35744582952255
person_11.mp4,front,560,9346,59.92000209144859,848,478,118.89149895181102,111.37191151348274,164.01861722650062,152.40592992362508,79.48884543191043,83.27640549365599,3.3753208991792616
person_11.mp4,front,561,9362,59.92000209144859,848,478,111.85038510672608,103.49412451690674,153.97147905813253,141.5146022624833,76.45645844046767,79.27141500304283,8.934360207704922
person_11.mp4,front,562,9379,59.92000209144859,848,478,105.48902028074772,97.93125480019621,146.7703693169989,133.25678179378806,75.39966489652754,78.31496359161842,10.762805324464415
person_11.mp4,front,563,9396,59.92000209144859,848,478,107.73244504213847,96.28959296766195,150.83792908708742,132.8324056902893,75.30697948879167,79.67398458663908,9.438614457818439
person_11.mp4,front,564,9413,59.92000209144859,848,478,100.13583219455649,87.46594133593828,145.26835431043244,125.4652888036023,77.44026167476886,82.02785397753028,8.877657458375264
person_11.mp4,front,565,9429,59.92000209144859,848,478,95.24626756730649,84.55981883973328,138.8037956713535,122.29439282694146,77.68832010209212,80.14465819790061,10.874250519559956
person_11.mp4,front,566,9446,59.92000209144859,848,478,74.81224010257388,74.4287899503348,99.89059176468767,98.0410558172741,65.9580688352571,67.6232922948329,29.778242853896874
person_11.mp4,front,567,9463,59.92000209144859,848,478,66.50041639673431,66.79676133903088,78.94316551048385,79.2329756494827,63.05509293063468,64.28370955580098,42.59832065019891
person_11.mp4,front,568,9479,59.92000209144859,848,478,61.89553581196276,63.06457866214637,65.11483719544141,67.06701282816657,62.44347620960973,64.01170621209606,49.56281223073578
person_11.mp4,front,569,9496,59.92000209144859,848,478,59.891899327482996,60.59546135364067,61.01581057289468,63.151584702919564,61.95183903314635,63.55626667622142,51.993825807415334
person_11.mp4,front,570,9513,59.92000209144859,848,478,52.95545626127515,55.58134535584498,54.92794227293155,57.87517454635199,57.358987354398785,60.18116842326426,55.87611237150186
person_11.mp4,front,571,9529,59.92000209144859,848,478,52.881116593790324,55.34627327062442,50.59461270135042,53.313074132133515,57.25335203725644,60.19836169790657,60.082905217652524
person_11.mp4,front,572,9546,59.92000209144859,848,478,52.408923066639666,55.99211899119448,48.51180956505893,51.39027849334574,58.06000920874591,61.33689078134249,61.450018118290934
person_11.mp4,front,573,9563,59.92000209144859,848,478,53.210784452782676,56.01009238202188,48.43836640359323,50.484673226130646,60.05053253774445,63.20890761158109,61.41607813957653
person_11.mp4,front,574,9579,59.92000209144859,848,478,51.815946616650486,55.37548414550179,45.27227006766674,47.60917436873199,59.664435960653094,63.61297699109543,62.86366348459568
person_11.mp4,front,575,9596,59.92000209144859,848,478,48.70131098722195,52.52973203896366,42.59188249574473,44.936893453325006,57.819166019828316,60.975089172075684,64.23215676043353
person_11.mp4,front,576,9613,59.92000209144859,848,478,46.601618963486715,50.12975027038475,40.494829867205105,42.716507836545865,56.24643662174586,59.127126105400485,65.7200559299574
person_11.mp4,front,577,9630,59.92000209144859,848,478,46.877578567987705,50.84677206911952,39.07415585316631,41.20767736784762,57.44750360961082,60.67360341959601,66.57131733164583
person_11.mp4,front,578,9646,59.92000209144859,848,478,50.12255995651426,54.31645803244115,39.822149137170975,41.699851493898144,60.65680212452395,64.30203235866176,66.51278053960193
person_11.mp4,front,579,9663,59.92000209144859,848,478,46.9675268066908,51.51262650391621,38.72008718401167,40.90055201613671,57.94522800712461,61.5636388505293,66.87103695607786
person_11.mp4,front,580,9680,59.92000209144859,848,478,45.95972846410739,49.78200089891389,38.05622257034548,39.894319733058715,57.2426848803904,60.119148708758445,67.57567348463654
person_11.mp4,front,581,9696,59.92000209144859,848,478,46.916074543188635,51.36511909086318,38.58991167305975,40.46608952080694,57.60952686933486,60.871152602379176,67.29776684264436
person_11.mp4,front,582,9713,59.92000209144859,848,478,45.02894622504916,48.87782346011135,39.36685251567035,41.04363232007151,56.41976631677711,59.72981385982816,66.37396171225001
person_11.mp4,front,583,9730,59.92000209144859,848,478,45.06916444725527,50.29491766435842,38.649867192023684,39.420692854313586,57.06864103987615,60.944769091039255,66.3386079202824
person_11.mp4,front,584,9746,59.92000209144859,848,478,47.080559942786365,52.02938530543046,39.56117083360047,40.652804483594196,59.1879088255245,63.346088878195175,65.46419898145903
person_11.mp4,front,585,9763,59.92000209144859,848,478,43.722984481844755,48.73829884353779,37.98983083088171,39.15904045246199,56.625281880480934,60.08453882959213,66.19609954746241
person_11.mp4,front,586,9780,59.92000209144859,848,478,43.090329744140945,48.76832542482537,36.581822136397776,37.77685605562937,56.1469536290516,59.739855834739515,66.8004630305095
person_11.mp4,front,587,9796,59.92000209144859,848,478,45.32544219339656,51.702740554956925,37.29852598222676,38.692818778470645,58.6645818143558,62.7913192839638,66.03622421842168
person_11.mp4,front,588,9813,59.92000209144859,848,478,44.24374811444573,50.877527058922404,37.17131709317023,38.68522119968886,57.8695207128094,61.91706475623622,65.69387146653735
person_11.mp4,front,589,9830,59.92000209144859,848,478,43.01522186220606,48.94836205341486,36.34111128509329,37.893741985568646,56.43023194766816,59.76850885063959,66.58191995976023
person_11.mp4,front,590,9846,59.92000209144859,848,478,42.89695946737569,48.572274963979176,36.772230928471636,38.47893466680054,56.050405719474675,59.036761424534255,66.32396129851553
person_11.mp4,front,591,9863,59.92000209144859,848,478,44.51305369859563,49.943002752336035,38.272752673764955,40.15240821032832,56.65171821087887,59.69440931942567,65.58959294814954
person_11.mp4,front,592,9880,59.92000209144859,848,478,44.75804963836315,50.768147835045816,39.27894098466706,41.62525512056204,56.92528378144383,60.45860338100226,65.01201499027385
person_11.mp4,front,593,9897,59.92000209144859,848,478,44.46982790574813,49.615791412165535,38.628389951938914,41.39726239389029,55.52660571908381,58.90481205860213,65.92767934014803
person_11.mp4,front,594,9913,59.92000209144859,848,478,45.187223584838186,49.105301360958194,39.48258112415136,41.35646153578192,55.61628478122471,58.41740985467427,66.08753746894226
person_11.mp4,front,595,9930,59.92000209144859,848,478,45.07520294958195,49.42067296332706,39.643330938968894,41.94746117176923,55.02966713659546,58.18146334408825,66.03349857887913
person_11.mp4,front,596,9947,59.92000209144859,848,478,42.00820669301741,46.46101437815359,40.60241410998102,42.36608161217692,51.18096214322344,53.855718973082915,65.8373603212899
person_11.mp4,front,597,9963,59.92000209144859,848,478,42.67452816474608,45.52659556337855,42.2107083383023,43.61069776671375,51.02527588426857,52.60262388710719,65.57820630912876
person_11.mp4,front,598,9980,59.92000209144859,848,478,44.45522132138391,46.64601193699271,44.72337921884566,46.27576041414866,51.279643865453,52.592066018675226,64.65574298654101
person_11.mp4,front,599,9997,59.92000209144859,848,478,45.46524703236978,47.9889670821029,46.369207096695746,47.846415847558944,50.40088707416814,52.48788816083762,63.83379252418182
person_11.mp4,front,600,10013,59.92000209144859,848,478,48.09317089483097,50.54371241826661,47.289808364107984,50.01361676458602,54.367872397922284,54.53016836887593,62.60756933509294
person_11.mp4,front,601,10030,59.92000209144859,848,478,53.221006492668,54.462695672336324,51.84068940620426,55.61264120187832,57.30648442892518,56.95875196083265,59.134899626031164
person_11.mp4,front,602,10047,59.92000209144859,848,478,56.51801755154327,57.25186217042605,57.0448174835775,60.91285725700091,58.57935655298769,58.55047825515929,55.778753450975444
person_11.mp4,front,603,10063,59.92000209144859,848,478,63.70437454896273,62.233136535804945,75.46176574476455,76.95231500487321,63.75649559134491,62.74356514932668,42.13641430211471
person_11.mp4,front,604,10080,59.92000209144859,848,478,65.35673518675245,65.4257508519355,68.98228865097335,72.31226139516505,63.408100257807156,62.65313476154324,49.08049814711057
person_11.mp4,front,605,10097,59.92000209144859,848,478,71.30859549494828,71.78931744150202,91.56823097339131,91.60122511441583,67.2651692478322,66.23967156614432,33.677307557147536
person_11.mp4,front,606,10113,59.92000209144859,848,478,78.62336370881454,76.4743469455799,106.28994358508623,99.65317276005577,70.81303545433438,69.88318831441748,27.697309029733084
person_11.mp4,front,607,10130,59.92000209144859,848,478,99.48390992882861,92.12874399814903,149.5053876114274,134.99066125743045,80.75334952107663,80.70544842607161,2.3949759515553417
person_11.mp4,front,608,10147,59.92000209144859,848,478,104.83916370794653,95.31994053565451,154.45065810043735,138.03138911795725,78.04877899945318,78.5804429859048,4.842447680336528
person_11.mp4,front,609,10164,59.92000209144859,848,478,108.2830292269232,99.18478225833019,169.67870036916952,158.47205078095362,77.44743240783131,79.5542735844957,9.959877031369926
person_11.mp4,front,610,10180,59.92000209144859,848,478,110.22982960392734,103.34075797009577,170.24147126857008,160.49791407837023,76.04543648604796,78.72826054712316,7.809294254263048
person_11.mp4,front,611,10197,59.92000209144859,848,478,113.29531872010199,111.1639299142587,169.88009019127446,163.00109064540212,76.40932623745303,79.70079095535566,4.9631863431435015
person_11.mp4,front,612,10214,59.92000209144859,848,478,114.8009484675021,111.82423901803091,165.662649840434,158.31723397594618,74.32370794613011,76.45120638887056,3.419266988114867
person_11.mp4,front,613,10230,59.92000209144859,848,478,116.86181471009998,114.69468334393868,165.90086051055007,160.15176457331034,73.3950582520332,74.96095791495397,4.3554539273825545
person_11.mp4,front,614,10247,59.92000209144859,848,478,125.8052587348013,122.2389557490909,168.68403277100077,160.9866964610098,76.59632883649472,79.26211386596229,7.561620014179061
person_11.mp4,front,615,10264,59.92000209144859,848,478,127.93291112710683,125.48388065418753,167.4143317457686,160.22177008138482,75.83091708038123,78.29097514163232,11.269826167707986
person_11.mp4,front,616,10280,59.92000209144859,848,478,126.23670516544117,129.4142549520343,162.97714963970256,163.36835856014923,72.7401834184241,74.56573227420473,15.721739453545261
person_11.mp4,front,617,10297,59.92000209144859,848,478,127.81323005358885,130.57215706925476,163.19103124230136,163.90977361341615,73.20845914580707,74.37254421268155,16.131979244057593
person_11.mp4,front,618,10314,59.92000209144859,848,478,128.79592610432204,131.9045609562811,162.62652393342253,164.9086882855253,73.75172329872142,74.05009714348127,16.671415420787692
person_11.mp4,front,619,10330,59.92000209144859,848,478,136.2863109132025,142.52909655306854,164.71863020888657,170.97652493999902,76.96855954148369,77.16177216147847,18.051298088836344
person_11.mp4,front,620,10347,59.92000209144859,848,478,140.9991683926186,144.33968378227294,168.0305743498423,170.95041019643213,79.00709961708843,78.63510918430622,17.941949648163387
person_11.mp4,front,621,10364,59.92000209144859,848,478,144.97678590648243,147.28629518517255,169.7577254731869,172.86191851717908,80.35502151392124,79.23062070762484,18.320134209933983
person_11.mp4,front,622,10381,59.92000209144859,848,478,137.07065028393112,143.47739149902594,167.44682043508695,173.04700660862844,76.72191731825548,76.26777976634477,16.62200776848021
person_11.mp4,front,623,10397,59.92000209144859,848,478,137.17728207072477,143.16522181120973,167.10945960772867,171.81270719502652,77.01934886429413,77.23619579478158,16.73147542464793
person_11.mp4,front,624,10414,59.92000209144859,848,478,136.65477162907962,145.56853567238323,164.90389293149926,174.0303288036278,76.86950190162479,76.89480493992843,17.355940539497713
person_11.mp4,front,625,10431,59.92000209144859,848,478,145.6791701651615,147.50808316828306,170.6548167135037,174.4390206997148,78.51149105487254,78.7086763439192,18.178501770852886
person_11.mp4,front,626,10447,59.92000209144859,848,478,142.56714322032542,147.12943972673725,165.84877003399623,173.54592018387638,79.53309214571092,80.22143168063722,19.065676245410963
person_11.mp4,front,627,10464,59.92000209144859,848,478,144.9787811359825,148.91161935368223,165.80786541979083,173.61375164560366,81.89365061576486,82.37250358669168,19.033218701872784
person_11.mp4,front,628,10481,59.92000209144859,848,478,144.9377388019306,147.8886969800558,165.54558958015443,174.6733527053665,80.34632699637373,79.62179684962736,19.826117449863435
person_11.mp4,front,629,10497,59.92000209144859,848,478,146.01579462902225,148.10227745474495,165.2294522970324,173.61693030414298,81.89518008309813,81.36315781049002,19.847050290410152
person_11.mp4,front,630,10514,59.92000209144859,848,478,144.6613848987504,148.10345821602678,163.86221708769554,173.61328184733702,81.78991275418302,81.56103151922936,19.8369380353165
person_11.mp4,front,631,10531,59.92000209144859,848,478,144.51983861148838,149.49556675240532,163.64398597390448,174.61285340622354,81.7894625590234,81.74011279039014,20.078154608712616
person_11.mp4,front,632,10547,59.92000209144859,848,478,146.68130654245485,150.1346023898688,164.56260445069907,173.95850981080787,82.59661261369395,82.51688585604755,20.348116452337514
person_11.mp4,front,633,10564,59.92000209144859,848,478,147.90629123679915,150.83334380721482,163.7508850578226,174.90848339242322,83.14947385618584,81.99690725892562,20.80439705757763
person_11.mp4,front,634,10581,59.92000209144859,848,478,145.92491951413348,149.64335243989643,162.3971941455653,175.74906271973376,81.99889138306585,79.57562746726062,21.324532894905186
person_11.mp4,front,635,10597,59.92000209144859,848,478,146.38558244357648,149.99953514704072,162.43197960079124,175.25023854977636,82.45037688200256,80.50127301085088,21.60328325738722
person_11.mp4,front,636,10614,59.92000209144859,848,478,147.1387495964544,150.31997611766758,163.1360331782024,175.81695843321884,82.65158767294335,80.37926719354842,21.580974649871504
person_11.mp4,front,637,10631,59.92000209144859,848,478,146.7914789565907,149.23758374627897,163.0440670707792,174.49406502036945,82.36779670947752,80.79444282639852,21.49907048770116
person_11.mp4,front,638,10648,59.92000209144859,848,478,144.7448254282515,148.92310555782484,161.92191502407823,175.07804022993417,81.45328097858935,79.90043771865781,21.511990772416976
person_11.mp4,front,639,10664,59.92000209144859,848,478,145.07884805915927,148.78719944306005,162.0111343560047,174.55262770537905,81.76965645027147,80.44513913017855,21.492090342903715
person_11.mp4,front,640,10681,59.92000209144859,848,478,146.34530359976094,147.96761263936415,163.31809544826731,173.68684568582947,82.4922504625763,81.44933953144381,20.990675270854695
person_11.mp4,front,641,10698,59.92000209144859,848,478,146.06625671698788,148.34811962265277,162.87035917058043,173.75058739664632,82.90732031570901,81.7977499665652,20.941277311178656
person_11.mp4,front,642,10714,59.92000209144859,848,478,148.051436797663,149.2169795292842,164.29372515578478,173.2891903971789,83.8936276434456,83.16928603742588,20.661538249815685
person_11.mp4,front,643,10731,59.92000209144859,848,478,148.38023993464938,150.54208314754192,164.91085982975267,173.03867265479428,84.26000113141397,84.02802176428662,20.26613516090213
person_11.mp4,front,644,10748,59.92000209144859,848,478,148.18915959615995,149.18695040803934,164.2652370683643,173.63314347447565,84.37938083999909,82.03677514357067,20.487901545067665
person_11.mp4,front,645,10764,59.92000209144859,848,478,147.39426810060738,148.9959577158922,164.18021116408894,173.51105758775665,84.1991439729828,82.08431183565095,20.417326882224916
person_11.mp4,front,646,10781,59.92000209144859,848,478,148.4237909693647,148.58512678438714,164.01591193291839,173.38964886252367,84.8900001828676,81.69784697507288,20.454477810246804
person_11.mp4,front,647,10798,59.92000209144859,848,478,148.9933557199035,148.7937226497509,164.11132538344273,173.7341508948994,85.66093296450052,81.67551082756881,20.354823911963432
person_11.mp4,front,648,10814,59.92000209144859,848,478,148.82196606408147,148.47344081775387,163.96350691213766,173.57585922876962,85.85766979370476,81.61776508701891,20.2527769359939
person_11.mp4,front,649,10831,59.92000209144859,848,478,147.72811394421822,149.87485759875523,164.10999147760927,173.55947591503784,85.35134434181467,82.55145578465398,20.063919626268042
person_11.mp4,front,650,10848,59.92000209144859,848,478,149.21312632376137,149.78220363019355,164.06836871518493,173.64070952664818,86.44067872313363,82.29938541127713,20.11418334808906
person_11.mp4,front,651,10864,59.92000209144859,848,478,148.777753472245,149.41966751923903,164.01180248459795,173.4382047502965,86.39965727894335,82.19482944703712,20.083357695735014
person_11.mp4,front,652,10881,59.92000209144859,848,478,147.9895640773881,148.66286627603736,163.5838075731636,173.17322701140503,85.78138486612255,81.39095786481535,20.195626153565886
person_11.mp4,front,653,10898,59.92000209144859,848,478,146.976728840079,148.41844823093368,163.41333614497472,172.9830358016175,85.01596705929681,81.29101616048891,20.3029483221761
person_11.mp4,front,654,10915,59.92000209144859,848,478,145.76284402087975,147.87589646764195,162.48836482093205,172.9478086215641,84.36267100170792,80.83020251770937,20.384116460935637
person_11.mp4,front,655,10931,59.92000209144859,848,478,145.67118520370576,148.73379283484118,162.82457956530337,172.894062831587,84.49634988436375,81.87892843956801,20.27658105574369
person_11.mp4,front,656,10948,59.92000209144859,848,478,147.04719680131345,149.4374998092365,163.47266577483157,173.33773596793316,85.17543593095006,82.30662088318952,20.114355011457057
person_11.mp4,front,657,10965,59.92000209144859,848,478,146.98336480635288,149.5501565193654,163.8348573239473,173.2453125709765,85.10783721000492,82.5369107399439,20.078811632880438
person_11.mp4,front,658,10981,59.92000209144859,848,478,146.91242247085256,149.49374582949235,163.22156344714355,173.2254028958733,85.15146557831163,82.44073003486155,20.136509238665074
person_11.mp4,front,659,10998,59.92000209144859,848,478,147.95157307756412,150.4105219728261,163.86211230521548,173.20896156543233,85.70308406827242,83.07614658353982,20.037156922685263
person_11.mp4,front,660,11015,59.92000209144859,848,478,148.59209016963854,150.69168165357047,164.35987064674293,173.00720696490202,86.12029714225021,83.5948890259738,20.041010066362848
person_11.mp4,front,661,11031,59.92000209144859,848,478,148.99158024650222,150.50370463712468,164.1085949557121,173.065462971329,85.85228669287183,82.49217985950735,20.34585797743804
person_11.mp4,front,662,11048,59.92000209144859,848,478,148.97894556013824,150.41275652995762,163.70111617162627,172.74485691266497,85.74294240739421,82.71066956014083,20.714712482493532
person_11.mp4,front,663,11065,59.92000209144859,848,478,149.84442538349293,150.4411784716035,163.50489109372484,173.4873100795237,86.36023496978044,81.96051690689617,20.695081123933246
person_11.mp4,front,664,11081,59.92000209144859,848,478,148.26914053660497,148.48793202856828,161.4382796917456,172.52053676436984,84.93213330301404,81.0705242335524,21.98324995075365
person_11.mp4,front,665,11098,59.92000209144859,848,478,148.49637172743846,148.90876471083996,161.3495682547515,172.69176199242708,85.63015771667453,81.4326947568225,21.886123809792174
person_11.mp4,front,666,11115,59.92000209144859,848,478,147.9717789386532,149.02444599345898,161.84136037878596,172.84139055118936,85.5532701729676,81.5195388003592,21.73246711892133
person_11.mp4,front,667,11132,59.92000209144859,848,478,148.9230182367803,149.71546550516553,161.9619663130487,173.18691288998838,86.37698919075812,81.96331731764751,21.718561081715926
person_11.mp4,front,668,11148,59.92000209144859,848,478,147.8722992212739,148.79272401170735,161.98998019345566,172.907567694733,85.58198863142009,81.42346988748615,21.88901839820309
person_11.mp4,front,669,11165,59.92000209144859,848,478,146.4780749694814,148.47290534811555,161.24623604926123,172.71438460163992,84.62112701101167,80.86117390825507,21.85386097477001
person_11.mp4,front,670,11182,59.92000209144859,848,478,146.94104639836547,148.6289835188992,161.53465369349775,172.62644412498616,84.80938754903305,80.95871000909571,21.883558350718754
person_11.mp4,front,671,11198,59.92000209144859,848,478,147.63633098395528,149.01816976925193,162.51914764838304,172.59629402350714,84.66246667104424,81.10412239628612,21.85253706317367
person_11.mp4,front,672,11215,59.92000209144859,848,478,148.33776620290615,149.2258983228748,162.58720335144196,172.63101137039598,85.31854299731772,81.3916562930613,21.74757376948988
person_11.mp4,front,673,11232,59.92000209144859,848,478,147.6906543822409,149.1853372504438,162.98615307949032,172.68123896432036,84.86546399695905,81.41536514459766,21.654807637045646
person_11.mp4,front,674,11248,59.92000209144859,848,478,146.64665103049805,148.7253000096991,162.9338909897774,172.3390997075074,83.52652091038425,80.97316461862364,21.96434184258942
person_11.mp4,front,675,11265,59.92000209144859,848,478,145.7965709605609,148.3344835185873,162.8776260029266,172.22942917051796,82.42193969951401,80.54952913377966,22.154868325463575
person_11.mp4,front,676,11282,59.92000209144859,848,478,146.45964321773505,148.24884010636148,163.85243176720465,172.11686693686207,82.98238390696937,81.2426946423861,22.24745772649614
person_11.mp4,front,677,11298,59.92000209144859,848,478,145.9852148072773,148.36276450226833,164.15970440477756,172.08216961013724,82.66408833873281,81.37894808276909,22.201230175714237
person_11.mp4,front,678,11315,59.92000209144859,848,478,145.59923797061776,148.11581358146256,164.45346791811266,172.27338325583614,82.71062140665254,81.84568420855739,22.005703816519443
person_11.mp4,front,679,11332,59.92000209144859,848,478,143.36084574217563,147.47498307742364,166.24996677053994,172.355630385033,79.88741642656707,81.50884595586103,21.67887472240128
person_11.mp4,front,680,11348,59.92000209144859,848,478,146.50572273558203,146.6054578833208,169.1278561763093,170.52176750218595,79.6884553809301,81.85524576726625,21.67011173968379
person_11.mp4,front,681,11365,59.92000209144859,848,478,144.35216639977335,144.79918063622847,169.8532069089099,169.28354706099958,77.11136235139438,80.84365420001528,21.837454465501
person_11.mp4,front,682,11382,59.92000209144859,848,478,144.7707272475892,143.99188404397333,169.70882268572703,168.15219013285238,77.50140900610594,80.76286466771299,21.854634697387386
person_11.mp4,front,683,11399,59.92000209144859,848,478,143.51011825060942,142.5798645493641,169.6414130743927,167.28502603080187,76.50847850426268,79.86976082297451,22.00516046037853
person_11.mp4,front,684,11415,59.92000209144859,848,478,141.77418027551724,141.38746627358788,168.71399826988454,166.68534598227814,75.58351648385292,78.87073314892619,22.163985384655977
person_11.mp4,front,685,11432,59.92000209144859,848,478,140.99005767506986,139.88871566249964,168.2568376958911,166.36162160229105,75.09512465988867,77.66896845558125,22.29964633683393
person_11.mp4,front,686,11449,59.92000209144859,848,478,139.56446943239538,138.39725515257803,166.64867214499733,165.2535838656348,75.3078200719899,76.84552789344018,22.48213331932075
person_11.mp4,front,687,11465,59.92000209144859,848,478,139.95418784484534,138.6378009969742,167.7805520188049,165.5554694070493,75.56045659485919,76.7513921200726,21.75724407869783
person_11.mp4,front,688,11482,59.92000209144859,848,478,136.12599210990584,134.56433884855124,165.8019058742426,162.84311244858657,74.3626898002427,75.38862256122565,21.536920279020983
person_11.mp4,front,689,11499,59.92000209144859,848,478,133.72783265332257,131.81373878027668,165.48566684613633,159.95713677052686,73.90485525458074,75.78816195730936,20.67452442237538
person_11.mp4,front,690,11515,59.92000209144859,848,478,128.22578781729237,126.07859331355415,162.55665866137855,156.57721390072595,73.1302133118534,75.7841538663912,19.251160040333676
person_11.mp4,front,691,11532,59.92000209144859,848,478,128.12673422684065,123.76514618676843,163.19410837906744,154.75554770918933,73.41429287356398,75.6858911297841,18.86076672606935
person_11.mp4,front,692,11549,59.92000209144859,848,478,123.81997646976974,124.4497394971375,159.05793384484008,154.86914372682725,71.6216858181359,74.98876205596909,20.20006324504772
person_11.mp4,front,693,11565,59.92000209144859,848,478,122.9092618591852,119.35521812854375,159.05284305288373,151.12221746397967,72.1239367633031,74.66378817036525,20.001530503831855
person_11.mp4,front,694,11582,59.92000209144859,848,478,123.03664148257928,122.03444082211307,162.35842960786707,156.00856496594494,71.55222969483614,75.25411975689326,17.881999700726286
person_11.mp4,front,695,11599,59.92000209144859,848,478,119.77262618064877,119.33417323543493,157.5418638677231,154.39410453056098,75.95009370191467,79.62668572720432,13.322405888464518
person_11.mp4,front,696,11615,59.92000209144859,848,478,117.10303886753667,114.08319708992819,158.14869399056354,151.1201075701755,76.28685943316688,81.15153275838634,10.30114585084474
person_11.mp4,front,697,11632,59.92000209144859,848,478,108.93659999249492,100.8142372038077,155.00792064687948,142.12163637357892,75.60253411878595,78.8724277440769,7.916009504027316
person_11.mp4,front,698,11649,59.92000209144859,848,478,108.52930899768205,97.44119350252984,159.21072190396913,142.97769272043095,78.99605549414791,81.3951859877247,1.6616471834209983
person_11.mp4,front,699,11666,59.92000209144859,848,478,99.85247662524964,92.46306772561158,148.35529746455003,135.7679578063385,76.14490931556962,78.25633327562528,5.552162591898334
person_11.mp4,front,700,11682,59.92000209144859,848,478,94.32665068783183,86.25742037644362,143.91674884691213,129.93960182818665,76.32712517077083,78.34229018175287,5.087629213142026
person_11.mp4,front,701,11699,59.92000209144859,848,478,88.7713840855354,82.98684818441262,135.61871412774937,125.58509896018616,75.22339259740346,76.35556571737233,6.997233726402669
person_11.mp4,front,702,11716,59.92000209144859,848,478,74.87657865769478,73.06215864732927,119.35741530509823,113.01895464288108,70.01556622528281,71.15135319192333,11.759799341050444
person_11.mp4,front,703,11732,59.92000209144859,848,478,68.36743304429606,67.75143394699309,102.75490762927585,98.70721783228295,65.92131607420892,66.91748399081115,22.559590148782416
person_11.mp4,front,704,11749,59.92000209144859,848,478,62.39777459205582,63.29105325033189,87.75989143000223,86.90140454684864,63.30245203971301,64.87037194152977,31.81699098037761
person_11.mp4,front,705,11766,59.92000209144859,848,478,58.65410397041706,60.37011614562428,75.83874485899496,77.20988525773436,62.05726981971143,63.85952629774588,38.82989936028534
person_11.mp4,front,706,11782,59.92000209144859,848,478,57.67087310431506,58.99689296232491,60.99122831134736,63.319803302814364,60.392755393272644,62.16653361871901,51.956922136571215
person_11.mp4,front,707,11799,59.92000209144859,848,478,54.2644794980357,57.19176370845088,55.702354138915325,58.73275207676928,58.36700586110154,61.047670227790974,55.2872220916539
person_11.mp4,front,708,11816,59.92000209144859,848,478,51.43317375000887,54.74106150100742,50.52308907754991,53.47816700900825,55.895898737369784,58.853791633903334,59.724753174291955
person_11.mp4,front,709,11832,59.92000209144859,848,478,51.79182191146418,55.53420649916895,48.55922769459533,51.04109449697282,55.93315147377965,59.322179785969276,62.39298060669948
person_11.mp4,front,710,11849,59.92000209144859,848,478,51.58753242048258,55.52681991054156,47.46535512818775,49.623169605955276,56.494888908923386,59.764161300828036,62.908235335753545
person_11.mp4,front,711,11866,59.92000209144859,848,478,50.219223755577005,53.67374007020074,44.801091455341485,46.674874731378964,56.31376236767698,59.95335414486908,64.5295481946926
person_11.mp4,front,712,11883,59.92000209144859,848,478,50.26972228245805,53.37738284713858,44.019543922371376,45.792907035897976,57.46941219556708,60.97778568103456,64.43630454820362
person_11.mp4,front,713,11899,59.92000209144859,848,478,49.88186456297366,53.683685762662776,41.94092055868773,43.645653307535866,57.73601303382484,61.62266382662324,65.80543490952218
person_11.mp4,front,714,11916,59.92000209144859,848,478,48.647702154993006,52.304486455342634,41.33562056421681,43.45167252376451,57.17597835522837,60.86051973489551,65.35375054729722
person_11.mp4,front,715,11933,59.92000209144859,848,478,49.15511671794492,53.18019979234111,41.1910390929027,43.146160075445785,57.92189058478461,61.57147537917992,65.59674772957753
person_11.mp4,front,716,11949,59.92000209144859,848,478,46.71523707553154,50.90563719779639,40.2249650817592,42.672749954779384,56.50977123621972,60.19328681221984,65.38638144343172
person_11.mp4,front,717,11966,59.92000209144859,848,478,47.73642888341089,52.034888951482024,40.84440513382168,43.0734249388531,57.4071531336712,60.709829325533526,65.24579349948277
person_11.mp4,front,718,11983,59.92000209144859,848,478,46.837844738387794,51.09252110430355,39.79315101661796,41.97603987775564,56.72800855354297,59.811543933944925,65.68962381322171
person_11.mp4,front,719,11999,59.92000209144859,848,478,44.78794336602025,48.90960389152895,38.58054238640951,40.899862706230195,55.31420007503888,58.29046306499635,66.29905120340419
person_11.mp4,front,720,12016,59.92000209144859,848,478,42.470929698892704,46.159789241225795,36.942699031548926,38.55435353061694,53.7463353574873,56.25922209763199,67.48651753074763
person_11.mp4,front,721,12033,59.92000209144859,848,478,42.645403969746724,46.66400332969738,38.31167879208501,40.09302856182455,54.25699714634828,56.79890328965196,66.24359866959608
person_11.mp4,front,722,12049,59.92000209144859,848,478,40.59813322863785,44.53761287407682,36.65403037014369,38.33324298640022,53.023578541935485,55.24197510382687,67.03954385453817
person_11.mp4,front,723,12066,59.92000209144859,848,478,40.195367061288586,43.947219859914725,36.33644557807816,37.71748824413349,52.895228822564086,54.93151720006128,67.31357339333177
person_11.mp4,front,724,12083,59.92000209144859,848,478,39.872677663821065,43.98325733316318,36.12910536552845,37.52709203319421,53.180280449888286,55.251258791092525,67.2462803996919
person_11.mp4,front,725,12099,59.92000209144859,848,478,41.0893656836943,45.50656844559135,36.45044368870235,38.291925005890995,54.51640039364752,56.96662686570575,66.72371764820744
person_11.mp4,front,726,12116,59.92000209144859,848,478,40.61108835186509,45.09845586832784,35.907558152515186,37.49001711358911,54.198829183476306,56.66853389800903,67.05211474731324
person_11.mp4,front,727,12133,59.92000209144859,848,478,40.43017373171237,45.17450398686502,35.366814198787644,36.98952197480357,53.56342850821507,56.427300968796494,67.43748332171599
person_11.mp4,front,728,12150,59.92000209144859,848,478,40.78577103189182,45.130375484521934,36.05892872538474,37.04837590168619,53.78765305067602,56.048794981346624,67.51758085064058
person_11.mp4,front,729,12166,59.92000209144859,848,478,41.8515005795677,45.77034203479372,36.8251152973272,38.022799757015534,54.85379227055968,56.63678863867413,67.13269475649201
person_11.mp4,front,730,12183,59.92000209144859,848,478,41.3468570925739,46.286253739631974,37.62889317854622,38.87000380640262,53.273265842541406,57.12675707746301,66.77074497903733
person_11.mp4,front,731,12200,59.92000209144859,848,478,42.0278544603437,45.95519234155053,38.25786578131978,39.731292087211614,53.728385993937714,55.37629426470337,66.38520130900025
person_11.mp4,front,732,12216,59.92000209144859,848,478,40.35356553189274,45.20768697947594,37.97703208089905,39.624712647849535,51.346518741224386,54.19466885068779,66.71545749936944
person_11.mp4,front,733,12233,59.92000209144859,848,478,40.246090751382,44.538681162182506,38.52706769392006,39.95240537208178,50.755168968613205,53.15813496461774,66.5231331756909
person_11.mp4,front,734,12250,59.92000209144859,848,478,42.01884538403616,45.27487366960391,40.59271415129565,41.19260753158964,51.416944611560076,53.28110849833851,65.86796068960189
person_11.mp4,front,735,12266,59.92000209144859,848,478,43.46531572707592,45.86672191190535,42.60830661834994,43.45455869998796,51.30722356985631,52.98632965026389,64.92705492002017
person_11.mp4,front,736,12283,59.92000209144859,848,478,44.72104762089175,47.20284021666588,45.22431307497057,46.89725469792844,51.64922776102378,53.437592613379785,62.830987616437994
person_11.mp4,front,737,12300,59.92000209144859,848,478,47.179385136374314,49.939519704297666,50.35311005404847,52.754628401068786,53.857384052247085,55.96871340026458,58.14733336984354
person_11.mp4,front,738,12316,59.92000209144859,848,478,52.57000674755186,54.45669000584775,55.90329739682356,57.949280168382046,57.51969641493083,59.68152009824938,54.53182019061697
person_11.mp4,front,739,12333,59.92000209144859,848,478,56.89947018540184,58.01862544178971,63.176473504225456,64.99785620796006,60.508324240281276,62.0747823485322,48.85532289000464
person_11.mp4,front,740,12350,59.92000209144859,848,478,62.058282465278786,62.92853499651658,68.4430841796532,70.57226931991474,65.08351916419517,66.1110653810671,45.64845752833425
person_11.mp4,front,741,12366,59.92000209144859,848,478,61.40408657596531,63.529070237812256,85.43724478495882,85.80627909525755,65.90186624612681,67.53686251706037,29.100405679098635
person_11.mp4,front,742,12383,59.92000209144859,848,478,62.81744776483665,63.84589435631354,79.3095400380837,81.19793861149245,67.01900227289818,67.66265681230571,35.537993712053385
person_11.mp4,front,743,12400,59.92000209144859,848,478,70.74709637796937,70.91966225461005,100.65652750086913,97.30838797383025,72.9191576537509,72.98585444292537,20.43957444246267
person_11.mp4,front,744,12417,59.92000209144859,848,478,83.92735525606525,79.34877692800964,122.50387943091611,113.68363519290746,78.3889005602495,77.60822317249172,9.086069810605984
person_11.mp4,front,745,12433,59.92000209144859,848,478,78.93781651959699,76.1119538797246,113.80044463691144,107.37998955580902,73.14478908633359,73.37152226083234,15.47778695619274
person_11.mp4,front,746,12450,59.92000209144859,848,478,102.70908040005587,90.47171527292419,147.5728797715341,130.4321838780661,80.70670028556471,83.55495057831847,1.7031820644475024
person_11.mp4,front,747,12467,59.92000209144859,848,478,100.42756942872704,89.71272910037693,156.1990810465327,140.6607952894874,79.48061532666131,82.22039777917851,6.911976402409012
person_11.mp4,front,748,12483,59.92000209144859,848,478,105.1121048679529,89.52019494552738,155.2356931312799,136.43450755496482,79.24710956969486,80.91083169047093,1.4726399359329454
person_11.mp4,front,749,12500,59.92000209144859,848,478,125.1925929974269,110.94297381082404,165.68072253945314,147.08997050645874,81.91638637299019,86.63817750262491,5.5546164049759525
person_11.mp4,front,750,12517,59.92000209144859,848,478,118.80669907287411,108.43737182672184,153.80301449124772,141.85759977360058,76.56255689104576,80.5940893687669,15.318473095943729
person_11.mp4,front,751,12533,59.92000209144859,848,478,116.35380677298234,111.30223810338512,149.47560633749472,143.41607931151947,72.16756222955978,76.15140757214427,20.344868166180166
person_11.mp4,front,752,12550,59.92000209144859,848,478,118.3053679357499,114.88696937232966,149.914529880516,146.4033551205891,70.40566692015267,73.99864579531533,22.607874917668372
person_11.mp4,front,753,12567,59.92000209144859,848,478,121.43843662754047,117.04699886109834,152.28477115748555,148.98595965261111,70.71651653310781,74.25933515150045,22.50498421374496
person_11.mp4,front,754,12583,59.92000209144859,848,478,128.14703862703598,125.29688275197316,158.65395158438588,155.39464620864237,70.50632584777331,74.54593467650747,23.422499132702395
person_11.mp4,front,755,12600,59.92000209144859,848,478,130.6045725803643,127.37401775643346,159.02368358949323,155.3977428020635,71.85270757838444,74.99655624192246,23.877055610458978
person_11.mp4,front,756,12617,59.92000209144859,848,478,127.95981580179044,129.05554562350886,157.5754020972193,158.42730944376325,71.83196308562154,74.88996828218247,22.98670570115671
person_11.mp4,front,757,12634,59.92000209144859,848,478,131.8356661016969,134.17010273355731,157.9463750226563,161.56898741837574,73.21223519430785,75.48244012883808,23.5350422766709
person_11.mp4,front,758,12650,59.92000209144859,848,478,134.4679702910487,137.09526079058097,159.6440710329625,164.19771588093633,74.17947071056838,75.91370279367925,23.780470439399668
person_11.mp4,front,759,12667,59.92000209144859,848,478,133.7777465234202,140.17079670409728,159.0941612483904,168.55724822768346,72.5804270658272,73.3829421141864,24.302482851735025
person_11.mp4,front,760,12684,59.92000209144859,848,478,134.52782422452515,141.36375949180126,159.2832020632233,170.58417853527646,72.37234352221793,72.974679699209,24.393714964895253
person_11.mp4,front,761,12700,59.92000209144859,848,478,136.30100329099548,142.45641754151305,157.81749486144037,169.974355212902,74.92671193961829,74.74394829845826,24.50012254407177
person_11.mp4,front,762,12717,59.92000209144859,848,478,133.0473608977486,140.01130382550224,156.41179442359544,169.94971447680697,73.0119639995951,73.30905614201805,24.4059136180686
person_11.mp4,front,763,12734,59.92000209144859,848,478,132.83725381473403,140.90929829518083,154.6232941537526,170.26276356484894,74.17106789248186,73.73682775219247,24.577975497758747
