video,view,frame,timestamp_ms,fps,frame_width,frame_height,left_knee_angle_deg,right_knee_angle_deg,left_hip_angle_deg,right_hip_angle_deg,left_ankle_angle_deg,right_ankle_angle_deg,trunk_angle_deg
person_7.mp4,front,0,0,59.94941055073099,848,478,141.723367673504,143.68265286563346,160.1330233565351,165.6421821583764,81.36580573308001,81.94347105011516,17.463073700772092
person_7.mp4,front,1,17,59.94941055073099,848,478,142.6228409806173,145.48961756759076,160.03935971749326,167.4239571402189,82.2759983922642,82.35983684690025,17.838441731432358
person_7.mp4,front,2,33,59.94941055073099,848,478,142.14538165716405,146.1811815668978,159.3905410502543,167.27946654645334,82.26727973635715,82.68428235426273,17.966652874897065
person_7.mp4,front,3,50,59.94941055073099,848,478,140.58248183317212,146.57863517466896,158.04310135120315,167.13531303461443,81.96523193458921,82.85370044253442,18.10181956859498
person_7.mp4,front,4,67,59.94941055073099,848,478,140.370468180242,146.50652504761808,158.0360843733107,166.89430636111078,82.33504901303579,82.95640962656516,18.19315246961339
person_7.mp4,front,5,83,59.94941055073099,848,478,140.00210434437014,146.62608456432716,157.62803921019187,166.71813612637567,82.47575604311918,83.09075581465694,18.359391424790847
person_7.mp4,front,6,100,59.94941055073099,848,478,139.93723036627213,146.66911632272544,157.64014512796018,166.16005563030734,82.73598524546586,83.52025815380007,18.496935247682273
person_7.mp4,front,7,117,59.94941055073099,848,478,139.47809125137704,146.6893865789527,157.0988595534158,165.990358584656,82.93012240264962,83.64802638669487,18.615312774759484
person_7.mp4,front,8,133,59.94941055073099,848,478,139.2961255310853,146.6291752939776,157.09215891834344,165.937640912569,83.10059402798902,83.68999652730727,18.64580362574788
person_7.mp4,front,9,150,59.94941055073099,848,478,139.05326131512365,146.5956854333878,157.13262381419062,165.93529444129877,82.71854366254442,83.71155837091234,18.668115614862298
person_7.mp4,front,10,167,59.94941055073099,848,478,139.0258539367602,146.56652979315407,157.2024814329275,165.8042882475497,82.74253757635823,83.79321186872689,18.666714773879516
person_7.mp4,front,11,183,59.94941055073099,848,478,139.52022573652732,146.61168641522914,157.19021702635914,165.76454947466578,83.19199388488582,83.91747553691569,18.63805535601711
person_7.mp4,front,12,200,59.94941055073099,848,478,139.42863748426905,146.82077749681713,156.98809277800052,165.22640238929256,83.27774128517997,84.37539550201934,18.636186385648834
person_7.mp4,front,13,217,59.94941055073099,848,478,139.12552181388355,146.56651921120346,156.92175640635782,165.1450161422933,83.4115599287952,84.3459403576687,18.652439344993617
person_7.mp4,front,14,234,59.94941055073099,848,478,138.87526900146892,146.26219507012274,157.06888517254188,165.0930825420003,83.30824686080786,84.26719331216549,18.650024449397755
person_7.mp4,front,15,250,59.94941055073099,848,478,138.8147575101439,146.261644797262,157.553785454569,165.1199786655802,83.35359173389446,84.3280506319808,18.390810357410246
person_7.mp4,front,16,267,59.94941055073099,848,478,138.38366456364923,146.07636603649985,157.68806015200204,165.10439383040585,83.17685488521312,84.27174767874483,18.313046256036756
person_7.mp4,front,17,284,59.94941055073099,848,478,138.6066451687609,146.4118607077091,157.83636006430856,164.99874765764127,83.34021110856742,84.86361122788102,18.297413431271995
person_7.mp4,front,18,300,59.94941055073099,848,478,138.51326138219085,146.16118570809027,157.87532752342938,164.73226310773444,83.37362669076865,84.7290759433842,18.29889110980007
person_7.mp4,front,19,317,59.94941055073099,848,478,138.84791477184277,146.35955852536742,158.09387742022108,164.57412853883577,83.60075030633433,85.10244249675341,18.202564042215425
person_7.mp4,front,20,334,59.94941055073099,848,478,139.31712486567025,146.80604753000065,158.68889243390458,164.1792282558127,83.85896768059754,86.09096771535097,17.915382217692294
person_7.mp4,front,21,350,59.94941055073099,848,478,139.3526100152506,146.51550091000203,158.64332528661703,163.95987921210784,83.90930345548344,85.95922648127954,17.951743068108993
person_7.mp4,front,22,367,59.94941055073099,848,478,139.39829540910068,146.23433445462635,158.62101487492703,163.86036387360335,83.98836035838717,85.80786053490863,17.92328712258377
person_7.mp4,front,23,384,59.94941055073099,848,478,139.26415351921636,146.09470430318015,158.27173839361038,163.77980557723723,84.2343476770637,85.90149729492356,17.898295475781744
person_7.mp4,front,24,400,59.94941055073099,848,478,139.67478720446616,147.25369561455176,158.60516491586526,163.79472398452242,84.53818154287966,87.28270489847905,17.39391807777742
person_7.mp4,front,25,417,59.94941055073099,848,478,139.31290055088195,146.77887939356617,157.93687247814796,163.81062228902292,84.54469386899356,87.01011320411682,17.503928142734456
person_7.mp4,front,26,434,59.94941055073099,848,478,138.9534302003411,145.86758609267844,157.4646341009431,164.1292114890815,84.28261474019982,86.00640171030508,17.651488851547843
person_7.mp4,front,27,450,59.94941055073099,848,478,138.8189320005031,145.1301986692755,157.13236202669992,164.17779822172312,84.01250509857655,85.12216190866539,17.945467739194303
person_7.mp4,front,28,467,59.94941055073099,848,478,138.55494170275387,144.83117965802796,158.15303885089102,164.3289648712983,82.74766783183487,84.79772827347382,17.95525570034391
person_7.mp4,front,29,484,59.94941055073099,848,478,138.7438504669473,144.76248051187017,158.6176482518717,164.4706458399245,82.52429017370557,84.70201719883387,17.944514969138247
person_7.mp4,front,30,500,59.94941055073099,848,478,138.85664982075326,144.7762442049619,158.72643579685985,164.5479086424307,82.52917801191971,84.59328463469578,17.94671640728439
person_7.mp4,front,31,517,59.94941055073099,848,478,139.3358011633351,144.70580636050656,158.94415967527854,164.78149537569774,82.70219010992238,84.25133764828423,18.023229178681095
person_7.mp4,front,32,534,59.94941055073099,848,478,139.23127167341423,144.58310923873267,158.88802891590558,164.70745625226542,82.69361380361484,84.09357913580918,18.131944801370906
person_7.mp4,front,33,550,59.94941055073099,848,478,139.22085411312742,144.39563451177136,158.77277266627723,164.73476800860348,82.62506134890182,83.72375895343238,18.234281710513606
person_7.mp4,front,34,567,59.94941055073099,848,478,139.24484159664206,144.4208229295466,158.7441167116824,164.72665504909767,82.65737819886016,83.67474689549154,18.268387540470403
person_7.mp4,front,35,584,59.94941055073099,848,478,139.29916149224675,144.5310697832606,158.7214736023089,164.7356084627808,82.70807154925699,83.68305552885616,18.305359131873796
person_7.mp4,front,36,601,59.94941055073099,848,478,139.32046452777456,144.56982256251862,158.7267611979127,164.77848295049898,82.77554116579878,83.65509856136245,18.343535160680155
person_7.mp4,front,37,617,59.94941055073099,848,478,139.39807968421152,144.7687932667849,158.6915041784059,164.75463733182073,82.89555249051311,83.80506809635382,18.343982977440604
person_7.mp4,front,38,634,59.94941055073099,848,478,139.40357288509577,144.81406986020028,158.64923405905566,164.68566531481633,82.90224567446558,83.83986298062345,18.384297815348884
person_7.mp4,front,39,651,59.94941055073099,848,478,139.19028255695576,144.50836119652018,158.58526314653665,164.59592891047836,82.79328067110396,83.5523352663761,18.46416212093592
person_7.mp4,front,40,667,59.94941055073099,848,478,138.74044522042507,144.40950169570436,158.48526462774552,164.51257809646427,82.47230014662375,83.48200259005506,18.469365560650562
person_7.mp4,front,41,684,59.94941055073099,848,478,138.12370969729932,144.21319809850303,158.0732425394797,164.39470587345932,82.22640411962063,83.23685836241366,18.557999031527512
person_7.mp4,front,42,701,59.94941055073099,848,478,137.48693830693105,143.5246890771531,158.04560670183884,164.37805828332694,81.92978863675202,82.7049902449878,18.606774271133133
person_7.mp4,front,43,717,59.94941055073099,848,478,137.40094162023783,143.10589129499505,157.9664341893995,164.67837424141425,81.81039949128947,82.01756957511957,18.710824203063595
person_7.mp4,front,44,734,59.94941055073099,848,478,137.1646404001304,143.01864524373832,157.97805948366963,164.86006178628838,81.5770904820591,81.8218451599544,18.748335376447475
person_7.mp4,front,45,751,59.94941055073099,848,478,137.38914505487807,143.33446154286446,158.16265282207542,164.8626313551518,81.73165049721447,82.00686848940266,18.706068235142403
person_7.mp4,front,46,767,59.94941055073099,848,478,137.44702806237976,143.5082019609244,158.26929218384703,164.85985344467835,81.77279185526089,82.13295743927587,18.647894158059252
person_7.mp4,front,47,784,59.94941055073099,848,478,137.47563533439322,143.6808753426939,158.32252265634668,164.86988383040486,81.90357983563491,82.25001123845811,18.601724755170164
person_7.mp4,front,48,801,59.94941055073099,848,478,138.37426717879924,145.13487138877449,158.42640961001663,164.5162006218848,83.00016132950914,84.19555775802766,18.436559506549823
person_7.mp4,front,49,817,59.94941055073099,848,478,138.60626366488376,145.0634519359489,158.28349685415697,164.5241516995673,83.3640147808665,84.13248241054036,18.431730159703456
person_7.mp4,front,50,834,59.94941055073099,848,478,138.643579392614,145.11436851070056,158.29200607056623,164.39084605230533,83.38591944299719,84.28912638627368,18.427295316204184
person_7.mp4,front,51,851,59.94941055073099,848,478,138.61517213299192,145.07311720631515,158.2452254177153,164.3740233283795,83.4350224154045,84.22208867161524,18.43719525520678
person_7.mp4,front,52,867,59.94941055073099,848,478,139.33985457294546,145.54827702462856,158.25121954826866,164.39775937600734,84.04700779020658,84.68781200907414,18.427275129653164
person_7.mp4,front,53,884,59.94941055073099,848,478,139.49469886914716,145.4874382988193,158.20704600054341,164.42687088046262,84.20554162394244,84.59802248429594,18.414052134874684
person_7.mp4,front,54,901,59.94941055073099,848,478,139.4940683310025,145.45915438213123,158.15578941235765,164.4465659258162,84.17661744566676,84.52942116916478,18.4201003654784
person_7.mp4,front,55,917,59.94941055073099,848,478,139.89357997509654,145.6914169320271,158.17491116252418,164.5532672620612,84.45334839377352,84.68892823824598,18.356939221743488
person_7.mp4,front,56,934,59.94941055073099,848,478,140.1072376181955,145.76514001698732,158.2236553954537,164.65791293760515,84.57758221803599,84.71049354697955,18.303673267783136
person_7.mp4,front,57,951,59.94941055073099,848,478,140.11060526515033,145.69358893875338,158.21783504661738,164.59667536879027,84.56071360166733,84.6456669535155,18.3242407242631
person_7.mp4,front,58,967,59.94941055073099,848,478,140.09598749459298,145.67255484435364,158.2452974166162,164.70695772199426,84.60959694335752,84.64036912770914,18.258813389878952
person_7.mp4,front,59,984,59.94941055073099,848,478,140.00449996881449,145.66475386746905,158.5334522021303,164.67435991872293,84.24522436853329,84.58838653108984,18.306486792580273
person_7.mp4,front,60,1001,59.94941055073099,848,478,140.3554235715499,145.75318422194462,159.1222149653015,164.60107705059508,84.37362236838891,84.87765210026498,18.209008867768727
person_7.mp4,front,61,1018,59.94941055073099,848,478,139.39382601938905,145.2502499049081,158.9737387025499,164.56555476680583,83.80136689238972,84.5388693927122,18.282620203779913
person_7.mp4,front,62,1034,59.94941055073099,848,478,139.03445841039718,144.6462780238885,158.90835747845674,164.60836246324163,83.5241425288725,84.04491670053511,18.315449187373925
person_7.mp4,front,63,1051,59.94941055073099,848,478,138.72549590946747,144.30693734614897,158.79720414933706,164.60083198143312,83.25314734586105,83.70118871477838,18.33527899860933
person_7.mp4,front,64,1068,59.94941055073099,848,478,138.3096204978617,144.28964876839456,158.71407146620302,164.60250662163202,83.00194905788642,83.72260194714234,18.394223583592385
person_7.mp4,front,65,1084,59.94941055073099,848,478,138.39707978876496,144.1522596271494,158.4189685656794,164.98992266597767,82.69976329481727,83.06829724565264,18.44342139214001
person_7.mp4,front,66,1101,59.94941055073099,848,478,137.91064085261982,143.61869604743526,158.28483040994473,165.1111069997198,82.26221053275266,82.42876509479296,18.521751844080097
person_7.mp4,front,67,1118,59.94941055073099,848,478,138.08387904980904,144.19684405335457,158.394613540678,165.72297768937645,82.34792659740583,82.70398888952637,18.3926067028157
person_7.mp4,front,68,1134,59.94941055073099,848,478,138.075239844245,144.3448752981902,158.46596058753582,165.99116716853504,82.34820047914377,82.8433972970514,18.241489464898745
person_7.mp4,front,69,1151,59.94941055073099,848,478,140.47273700623273,144.81958632404817,159.73009630889055,166.0223366187844,83.43151657394414,83.22405916641236,18.237107885492097
person_7.mp4,front,70,1168,59.94941055073099,848,478,140.20744284434,144.61257593238992,159.66809744446797,166.1771711352312,83.22724351965053,82.89846504423693,18.200208905193634
person_7.mp4,front,71,1184,59.94941055073099,848,478,140.51655491881613,145.20984020644053,159.60869523679173,166.66005638716308,83.29166214184171,83.17667849959291,18.196751525674735
person_7.mp4,front,72,1201,59.94941055073099,848,478,140.64604501509288,145.1325261088099,160.1911004215019,166.6944251204041,83.1171951376789,82.94779961420981,18.03485399855653
person_7.mp4,front,73,1218,59.94941055073099,848,478,141.38804272072937,145.63587159662674,160.85151158203556,166.6297823805643,83.5085413165169,83.31672630948984,17.886711107935536
person_7.mp4,front,74,1234,59.94941055073099,848,478,141.0743034267285,145.50245289453485,160.96784587501102,166.66214821666324,83.44273833236133,83.3383070859327,17.88575500841242
person_7.mp4,front,75,1251,59.94941055073099,848,478,141.51002866859153,145.6426802622807,162.3299395912529,166.3703724511567,83.18322191971528,83.59607170872549,17.5543795276209
person_7.mp4,front,76,1268,59.94941055073099,848,478,141.45420478248388,145.67414521939406,162.1555796247444,166.8505865117935,83.24655841770692,83.59374871362388,17.32260276107696
person_7.mp4,front,77,1284,59.94941055073099,848,478,140.74400147935006,144.6831865205377,161.7592886785421,167.04396142948804,82.9179528464891,83.02678314077625,17.3390229613139
person_7.mp4,front,78,1301,59.94941055073099,848,478,140.2718424666357,144.24284884314483,161.85696782401226,167.23747120981957,82.46163112565957,82.67153805077392,17.141468367475163
person_7.mp4,front,79,1318,59.94941055073099,848,478,139.6841848301645,143.45770206830153,161.44360542881282,167.49136794850304,82.26383087387993,81.9142246179885,17.15457522584216
person_7.mp4,front,80,1334,59.94941055073099,848,478,136.98669302980107,143.1489472128803,161.56237641710513,166.902436329312,80.68404953171688,81.80367768684695,17.3931389303937
person_7.mp4,front,81,1351,59.94941055073099,848,478,136.49049370023096,142.23967972539754,160.79271460824825,166.9817809335694,80.33105621833408,80.86505330282189,17.489887545525065
person_7.mp4,front,82,1368,59.94941055073099,848,478,135.59599159323372,141.218631131787,159.63270950776325,167.1893930005474,79.88171653085993,79.61892620757311,18.280391783846383
person_7.mp4,front,83,1385,59.94941055073099,848,478,134.61042876381035,141.20729992851048,158.65674545487104,167.08095300119888,79.65581784270047,79.4712887105875,18.69225693189738
person_7.mp4,front,84,1401,59.94941055073099,848,478,134.20774945416235,141.41862479970555,158.24591736237224,166.88927382376116,79.65789305423617,79.72662525165507,18.97393260440493
person_7.mp4,front,85,1418,59.94941055073099,848,478,131.89737306588992,139.52541993946846,156.8653643540572,167.47706030407733,78.40104794499514,77.96968448161181,19.16499621425345
person_7.mp4,front,86,1435,59.94941055073099,848,478,130.87691054496005,140.40851324293092,157.0327893900536,167.95110829275586,77.71519685703564,78.5939437993567,18.882117635885365
person_7.mp4,front,87,1451,59.94941055073099,848,478,129.60173880320386,138.79121360741237,155.6947786302483,168.4601705648819,76.71059679805886,77.03800455026607,19.160908203229376
person_7.mp4,front,88,1468,59.94941055073099,848,478,129.91269251253073,139.25400156097348,155.66065809786758,168.55610556012408,77.06810383957301,76.3115729403797,19.029733542366404
person_7.mp4,front,89,1485,59.94941055073099,848,478,129.23072640229503,140.7026733532936,154.8438332133274,169.03201821395348,76.64760418745809,77.95916282126544,19.27573215879928
person_7.mp4,front,90,1501,59.94941055073099,848,478,129.878281109269,141.18421063795523,154.72422847407887,169.07039932614845,76.73526885798816,78.62257837286411,19.145128314046193
person_7.mp4,front,91,1518,59.94941055073099,848,478,129.13618178282374,141.41443353221473,154.6797159348762,169.15439992842363,76.6489128419717,78.96727592663039,19.20703040163455
person_7.mp4,front,92,1535,59.94941055073099,848,478,129.08983208589964,141.2069292661774,154.91009200038238,169.12890264932707,76.63686104462276,78.97008807040329,19.01039530288085
person_7.mp4,front,93,1551,59.94941055073099,848,478,128.90463096565654,141.51250031738593,154.23223252796413,170.22915381382484,76.56099004819077,78.2164228602255,19.338054553643662
person_7.mp4,front,94,1568,59.94941055073099,848,478,131.19459612233632,142.3430153833039,154.24627617536308,170.2068160386079,77.9743814084228,79.84515111379007,19.30445243677695
person_7.mp4,front,95,1585,59.94941055073099,848,478,131.12344408597022,142.64112654279378,154.36611745418216,170.32662579611866,78.13756397111305,79.85110184208786,19.30030354000631
person_7.mp4,front,96,1601,59.94941055073099,848,478,131.3081596241135,142.46376803658822,154.16593710557137,169.7276680565895,78.56105517859704,80.17021433031326,19.510856908253217
person_7.mp4,front,97,1618,59.94941055073099,848,478,131.33410801672136,142.6037597921875,154.14896717223064,169.6309105847956,78.66879138284517,80.27095436287372,19.533348059703386
person_7.mp4,front,98,1635,59.94941055073099,848,478,131.55454939213723,142.79475269530363,153.96864382118952,169.47597526199706,78.88500326430521,80.15070704700268,19.61464965175374
person_7.mp4,front,99,1651,59.94941055073099,848,478,132.3648205097621,142.9482561762601,153.9708086800385,169.53519188429402,79.91860460894274,80.16934717926821,19.463357168224384
person_7.mp4,front,100,1668,59.94941055073099,848,478,132.9496688029785,144.10890679470916,154.63537384865268,170.07153503931718,80.78752420406384,82.23700408736102,18.77601859406253
person_7.mp4,front,101,1685,59.94941055073099,848,478,131.79026950968745,143.11198416938012,153.3287684555699,168.80073518354143,81.4842947199628,83.02061668666356,18.663326234472734
person_7.mp4,front,102,1701,59.94941055073099,848,478,131.62023534409093,143.31416237572773,153.42973646773072,168.76251565505567,81.20573699161899,83.464641078244,18.642339252335983
person_7.mp4,front,103,1718,59.94941055073099,848,478,130.65365700234128,142.56630701323965,152.78581447334284,168.83449611687087,81.18648217898293,83.615869999371,18.55359465681202
person_7.mp4,front,104,1735,59.94941055073099,848,478,129.78147014988645,141.6173918335677,152.52950805286497,168.27806365263217,80.68492941474362,83.70533730937784,18.60282485212887
person_7.mp4,front,105,1751,59.94941055073099,848,478,128.37580993858012,140.53525374209462,151.3042109554285,167.67917670786738,80.4472228547658,83.17344539146244,18.60828463143186
person_7.mp4,front,106,1768,59.94941055073099,848,478,127.03372630051803,136.67834946197627,149.74519530535878,164.2293571507446,80.38242815321867,82.60769759009645,18.461840496239898
person_7.mp4,front,107,1785,59.94941055073099,848,478,124.95960086098857,135.46416584116304,148.14035913982363,163.42608973208527,79.6520812034124,81.84184917399529,18.57150678608726
person_7.mp4,front,108,1802,59.94941055073099,848,478,124.87130502895396,135.7552794737174,147.32698006468374,163.36059530884455,80.11817538327301,81.53722640355025,18.73169056903103
person_7.mp4,front,109,1818,59.94941055073099,848,478,125.211234381589,135.40426980066056,146.96579010526054,162.67914664273152,80.89817496294349,82.07745536791631,18.768371383330575
person_7.mp4,front,110,1835,59.94941055073099,848,478,124.44030298247603,133.9998535113443,145.93493514848623,161.25966289636122,80.95670067224496,82.3487252364764,18.606256514213225
person_7.mp4,front,111,1852,59.94941055073099,848,478,125.41876999370703,134.22239509029413,147.5311029909948,161.29967754806526,81.57460307087098,83.42236590575887,17.624784713705925
person_7.mp4,front,112,1868,59.94941055073099,848,478,123.99881025512751,131.80703057192244,147.49657836861604,158.9134197842956,80.95798425073852,83.67153072065611,17.344464235966974
person_7.mp4,front,113,1885,59.94941055073099,848,478,122.7114272815492,129.11748626705875,146.60589053412878,156.22224895272205,80.71349892857225,83.143510192787,17.514430472864674
person_7.mp4,front,114,1902,59.94941055073099,848,478,121.9895271373831,125.06950632386432,145.62860447063474,151.91455669607615,80.86856478933402,82.85524486671052,17.662224970782905
person_7.mp4,front,115,1918,59.94941055073099,848,478,121.79554074697955,123.2707341588186,144.95842213162527,149.7310028969042,81.82765930572968,84.01871930533879,16.97258580080929
person_7.mp4,front,116,1935,59.94941055073099,848,478,124.58115788505962,125.9701058390756,145.43489398541345,150.66721993713418,83.90645877258343,85.5769187207312,17.043998315516507
person_7.mp4,front,117,1952,59.94941055073099,848,478,121.16372198587335,122.26005002988693,141.77517211708258,146.32388754369353,84.42665214003497,85.77032585921752,17.451937830066814
person_7.mp4,front,118,1968,59.94941055073099,848,478,122.38945975636389,119.18138840985483,143.74226408086275,143.78547797005507,85.06971662200152,86.45815737675962,16.0678821394628
person_7.mp4,front,119,1985,59.94941055073099,848,478,113.5382355103487,109.26472125180054,139.11199203771335,136.7652382251675,82.80319674781347,84.94247550072943,14.126425119577545
person_7.mp4,front,120,2002,59.94941055073099,848,478,106.78732297465021,102.44518961728767,133.52180161476758,131.0087061732322,80.18210704601141,82.12605969256626,15.096645812708589
person_7.mp4,front,121,2018,59.94941055073099,848,478,103.00933505459426,100.11379893905963,130.75106830826195,128.52602645898696,79.34001735004732,81.57307751924343,15.593375616789894
person_7.mp4,front,122,2035,59.94941055073099,848,478,94.75617951151703,93.49140081207376,123.43874649517576,121.00552467195942,78.861370050086,80.73438237716682,15.218829596410055
person_7.mp4,front,123,2052,59.94941055073099,848,478,91.58975593716143,91.72278162493781,124.0834348974326,122.2233914788275,77.858781885497,79.91345232207266,12.830110431024888
person_7.mp4,front,124,2068,59.94941055073099,848,478,86.9385705623853,86.75044851779701,121.38476315818158,119.45866123536476,76.21996516874438,78.3290718415401,12.471735437485826
person_7.mp4,front,125,2085,59.94941055073099,848,478,88.43699671715692,89.04898049876441,122.44435487975713,121.09505990704939,76.17846337844543,78.83748804423615,13.40261949224981
person_7.mp4,front,126,2102,59.94941055073099,848,478,86.00605289034891,87.74772224560002,121.44757476089555,120.93684338109495,75.06500768654635,78.05975107097952,13.405720084788857
person_7.mp4,front,127,2118,59.94941055073099,848,478,84.8185430483827,90.24164544780764,119.55392089138482,121.05350114639903,74.63481086603633,77.80324239199071,15.444264961741704
person_7.mp4,front,128,2135,59.94941055073099,848,478,84.66036062990787,85.68273762337046,120.21553155090749,117.04632540723715,73.85231800272418,76.79947471667303,15.626897104115804
person_7.mp4,front,129,2152,59.94941055073099,848,478,81.35789708660542,83.90879557473515,117.3713372214437,114.89154583598022,73.31201094034589,77.00748846670277,15.785216151930507
person_7.mp4,front,130,2168,59.94941055073099,848,478,75.49388219794884,77.08974685421312,111.14210747806133,108.32373513767946,71.31535339915239,74.62916561619255,17.42055573505491
person_7.mp4,front,131,2185,59.94941055073099,848,478,75.38714465464744,74.51690955058156,111.33733091542727,106.48930951971764,70.837823287784,74.05749147602168,17.890448258928778
person_7.mp4,front,132,2202,59.94941055073099,848,478,72.5219584205964,72.62853918904216,108.53994123657316,104.26611039443998,70.40365314228349,73.95506804293798,18.055411001266272
person_7.mp4,front,133,2219,59.94941055073099,848,478,73.860134578342,75.2454331995769,109.05625458857457,106.20739338348515,72.09307059111448,75.64603658610694,17.351991486404074
person_7.mp4,front,134,2235,59.94941055073099,848,478,72.87019757384498,74.0682069052459,107.07095806022757,104.4124427905481,72.24751279412186,75.07479477171417,17.928129479304676
person_7.mp4,front,135,2252,59.94941055073099,848,478,73.1543807563918,73.88174515582534,108.65468560580716,105.14138679955032,74.32162113674235,77.13865339480726,14.550833575329824
person_7.mp4,front,136,2269,59.94941055073099,848,478,71.71487876278476,73.7362740299324,108.55807486039079,105.01858387877273,74.77486896866532,78.08495319305402,12.57362325189646
person_7.mp4,front,137,2285,59.94941055073099,848,478,70.15275389110914,71.15186734650726,108.24515450750712,103.8465122625674,72.79053557321099,75.33871530512901,13.605890343308952
person_7.mp4,front,138,2302,59.94941055073099,848,478,72.53425050741585,72.42431142133289,110.92053262126988,107.39957731852357,75.95327346017356,78.22271517891218,9.784339454569443
person_7.mp4,front,139,2319,59.94941055073099,848,478,70.79634812962689,71.10079297843181,109.06416491174956,106.96454669704735,74.97715006909745,77.17321641802424,9.599853133212573
person_7.mp4,front,140,2335,59.94941055073099,848,478,69.96477740756005,70.00493273766158,109.30304790072628,106.92392997489732,73.80677946311778,76.23109698445778,10.567025382404225
person_7.mp4,front,141,2352,59.94941055073099,848,478,68.97670147737377,68.97427951922225,107.90577838951313,105.93922842214663,73.25631279095222,75.2533526946549,11.006875848001334
person_7.mp4,front,142,2369,59.94941055073099,848,478,71.25006276447645,72.58973486884396,110.12139186425492,108.16380689508003,76.3742567603252,78.99959555249835,8.193064229886796
person_7.mp4,front,143,2385,59.94941055073099,848,478,72.05697657005,72.42765027819868,111.50200113882198,110.00013996945142,77.04950378534058,79.49154838143549,6.126526009100061
person_7.mp4,front,144,2402,59.94941055073099,848,478,71.00354246196686,71.31224621154244,109.73491268662288,107.5000528237176,76.72807705613059,79.18620699740252,7.40781513164519
person_7.mp4,front,145,2419,59.94941055073099,848,478,70.94346428732543,71.14271032948652,113.04696506152038,111.1316896097175,77.27579913145956,79.37848159264004,4.404975041678568
person_7.mp4,front,146,2435,59.94941055073099,848,478,69.53748059763691,69.81394688681442,111.17077269534937,109.0057450167472,76.49272489071961,78.71320033302214,5.8090173216548635
person_7.mp4,front,147,2452,59.94941055073099,848,478,68.86373413565948,69.11652160613387,110.58565897275,108.10311809147153,75.99664111075546,78.57232184386346,5.9774898894734445
person_7.mp4,front,148,2469,59.94941055073099,848,478,66.06212990591483,66.239863555654,107.46881928450237,105.26454202080608,74.54929030133908,76.6462547909206,7.308510286600234
person_7.mp4,front,149,2485,59.94941055073099,848,478,67.03055927938787,66.96817398322871,109.38769791915183,106.41103065199077,74.97229134077428,77.89143755696021,6.356781745009676
person_7.mp4,front,150,2502,59.94941055073099,848,478,67.47373700892753,67.53076943263754,111.84101190214741,108.45407796307185,76.01361486047536,78.63249366535527,4.271066319876855
person_7.mp4,front,151,2519,59.94941055073099,848,478,67.41709332574875,67.42788506675143,112.86701548538893,108.7396800793439,75.70285408218092,78.8320953452894,3.886670952361948
person_7.mp4,front,152,2535,59.94941055073099,848,478,67.81746509984727,67.72833321421527,112.31597351173164,108.96449766519065,76.83365216279273,79.20600194268107,3.4196016720476115
person_7.mp4,front,153,2552,59.94941055073099,848,478,66.94584201678121,67.01453101670324,112.88599902285772,109.4058999588985,75.39735716918936,78.5057896031268,3.3478837416765828
person_7.mp4,front,154,2569,59.94941055073099,848,478,66.07561484276567,65.71989597078874,111.45249562690707,108.05481884496416,74.8513067400684,77.44148542968027,4.158610293942857
person_7.mp4,front,155,2586,59.94941055073099,848,478,67.28358245359274,67.0204016789456,111.34272621956451,108.49708860498329,76.45190721437464,78.66812188113377,3.7211253097746533
person_7.mp4,front,156,2602,59.94941055073099,848,478,66.72719122055028,66.43123975171102,111.00054468584331,107.94430955847933,75.9265876025691,78.49815719189591,3.816061349145031
person_7.mp4,front,157,2619,59.94941055073099,848,478,66.48089594262518,66.53980729050983,111.52604895625252,109.74157289436508,76.44992927884566,78.77618841050608,3.0611640644410945
person_7.mp4,front,158,2636,59.94941055073099,848,478,64.47134808732015,64.42964169758304,110.47739997535471,107.60971283934825,74.69382017170017,77.0399085349704,3.5632539885283516
person_7.mp4,front,159,2652,59.94941055073099,848,478,66.37616208122375,66.09554131666323,111.215720185809,109.31883467003846,76.67729847890499,78.64665133621949,2.7796972453472093
person_7.mp4,front,160,2669,59.94941055073099,848,478,63.92034061664487,63.63500432544241,109.50786060641319,107.52329942269598,74.86229957707637,76.86465228750211,3.0559834498623575
person_7.mp4,front,161,2686,59.94941055073099,848,478,61.984598628293895,62.18666534156171,108.21307981494049,106.86325571261426,73.60150167062562,75.54277858255548,3.162340208831279
person_7.mp4,front,162,2702,59.94941055073099,848,478,64.11098234610552,64.52994881065258,110.6171794871907,110.09308419095674,76.23348304810001,77.88691414922677,3.082155275094288
person_7.mp4,front,163,2719,59.94941055073099,848,478,64.28349832205913,64.94703880200896,111.6186848585647,110.86524601978647,76.54728074121103,78.28682636925878,3.610610017767379
person_7.mp4,front,164,2736,59.94941055073099,848,478,61.78728785173358,63.1002907753501,109.80895882115911,109.30320340437378,74.55396193652237,76.64589799813554,2.8482781894372775
person_7.mp4,front,165,2752,59.94941055073099,848,478,59.861391393719565,61.77418721880864,108.68665470331797,108.11305509022291,73.2604377985217,75.80211037170416,2.6094159744561285
person_7.mp4,front,166,2769,59.94941055073099,848,478,58.94464992272567,61.17786564493793,108.0003606577393,107.59875349623688,72.81617516196627,75.33141548530875,2.6077899835851377
person_7.mp4,front,167,2786,59.94941055073099,848,478,58.80731518110043,61.02020685688889,106.63680269916792,105.45252035057821,72.745879470897,75.48548342081092,3.218292606064558
person_7.mp4,front,168,2802,59.94941055073099,848,478,59.14396123554019,60.879373636629104,106.56833003272914,105.1253249582122,73.2410525905328,75.10620888397501,3.1306321491843914
person_7.mp4,front,169,2819,59.94941055073099,848,478,61.07662350100853,62.2752594558272,109.99007821642186,106.95165179190195,75.0608095708991,76.44578842992978,2.764422688974419
person_7.mp4,front,170,2836,59.94941055073099,848,478,60.701086070747934,62.23378506056509,110.64234133771396,107.19101720448835,75.0474342935703,76.55566534103497,2.99061628517471
person_7.mp4,front,171,2852,59.94941055073099,848,478,60.197215847053265,61.73820819597875,109.82946371746293,106.53901369990984,74.85875250696614,76.09967294696195,2.8025145884045712
person_7.mp4,front,172,2869,59.94941055073099,848,478,59.83467798149509,61.51214735308463,109.17036303369485,106.00833776912842,74.6144167188943,76.21458450511795,2.626849288969667
person_7.mp4,front,173,2886,59.94941055073099,848,478,59.417777188405836,61.010524094206254,109.22302634387435,105.95472692794702,74.32688996312994,75.94090565187489,2.660632663001711
person_7.mp4,front,174,2902,59.94941055073099,848,478,57.828365698298654,58.86862667967423,108.92737859741496,105.64608260911533,74.01301976442619,75.43145710819782,2.555489654640409
person_7.mp4,front,175,2919,59.94941055073099,848,478,57.43529636318641,58.47150494557713,111.02766757076064,107.289846843845,74.0885986499375,75.7647038751528,3.4183016980952057
person_7.mp4,front,176,2936,59.94941055073099,848,478,56.97153168576945,57.90398802405449,110.29008804945799,106.93001451539305,73.95252418809315,75.69038621581531,3.033092967591209
person_7.mp4,front,177,2952,59.94941055073099,848,478,56.24386433741763,56.09832074580502,110.61600726747226,106.75285011243052,73.50170571717625,74.50532892801844,2.7871660669694642
person_7.mp4,front,178,2969,59.94941055073099,848,478,58.666336113946954,59.065808806516564,108.62498443395546,105.95416219415236,75.46932880177845,76.1033418471322,2.385413100687869
person_7.mp4,front,179,2986,59.94941055073099,848,478,58.336791216814255,59.07639851290049,108.61284978842293,105.82234905258032,75.16859123820397,76.3223297961922,2.3702651993358397
person_7.mp4,front,180,3003,59.94941055073099,848,478,59.60458824774548,60.80079887990494,107.87183015602406,105.38800929998862,75.88886519376925,77.57389258463157,2.3113266278447955
person_7.mp4,front,181,3019,59.94941055073099,848,478,59.09186578264709,59.52753963157157,108.05706595955468,105.44615839960159,75.92956170291542,77.53247424584629,2.30767469388417
person_7.mp4,front,182,3036,59.94941055073099,848,478,59.7515304976704,60.47259569331282,103.20914289048794,100.38968965784164,75.67578751323036,76.90064909839315,5.25408184694434
person_7.mp4,front,183,3053,59.94941055073099,848,478,57.15764468526072,56.76451392555339,102.99813352375375,100.66949970878136,74.61666667978531,75.81806433787533,5.325605397182247
person_7.mp4,front,184,3069,59.94941055073099,848,478,56.274575429493346,56.07427291341543,95.21371048426766,93.65017477086069,73.50587322410772,73.71454986245651,12.116025003590712
person_7.mp4,front,185,3086,59.94941055073099,848,478,55.151943846197824,55.137615138981744,92.68636580184325,90.62432960004367,72.50107450259718,73.38914896286248,14.837582335962932
person_7.mp4,front,186,3103,59.94941055073099,848,478,54.62541083496341,53.98248099000372,94.32537753715056,92.24112849663379,72.41069278367688,73.49332432137753,13.141842351429945
person_7.mp4,front,187,3119,59.94941055073099,848,478,53.0154031682205,52.56845344688262,85.95605805346118,84.25297508233795,70.34605069969969,71.44391453612535,20.81144245955553
person_7.mp4,front,188,3136,59.94941055073099,848,478,52.78794943342642,53.594858222063046,89.11727364647822,86.57745693767592,70.13886207300008,70.89270744932222,17.887299930530133
person_7.mp4,front,189,3153,59.94941055073099,848,478,52.76661559762596,53.37810816651297,88.80750167940481,87.15637924401626,70.05821698442115,71.3988151288844,17.67030663752424
person_7.mp4,front,190,3169,59.94941055073099,848,478,50.658005406151105,51.32600947792893,82.39291480734965,81.49016695142662,68.44297257368163,70.00719907551,23.04993116089886
person_7.mp4,front,191,3186,59.94941055073099,848,478,48.854353590705806,50.879790017066725,78.7972437953781,78.47663001942378,65.95886979604829,68.42978501442133,25.95563375370845
person_7.mp4,front,192,3203,59.94941055073099,848,478,47.932652658907166,50.036143585606105,73.76558610305682,74.0879067103456,64.47050259568164,67.29452756241459,30.257729895336603
person_7.mp4,front,193,3219,59.94941055073099,848,478,47.47466342963414,49.011548402880464,73.5139143808563,73.28845845296838,64.69513910730377,66.82183715433128,30.81173445682486
person_7.mp4,front,194,3236,59.94941055073099,848,478,48.28079627255385,49.27434300114097,77.32481392883707,76.93008432984637,66.0287041311419,68.08116323646573,27.13902398671679
person_7.mp4,front,195,3253,59.94941055073099,848,478,48.327638695424014,49.3440816939688,77.82591229984992,77.04210482325868,66.10977514668582,68.27263984800628,26.790982924471866
person_7.mp4,front,196,3269,59.94941055073099,848,478,48.062550380086606,49.22479248709975,75.50910050741327,74.90419845679855,65.90130429727074,68.19008613964715,28.794457646018643
person_7.mp4,front,197,3286,59.94941055073099,848,478,48.5712882960023,49.687800993597605,76.9484966507767,76.37475192429741,66.59484588124957,68.79365440001611,27.285638341028246
person_7.mp4,front,198,3303,59.94941055073099,848,478,49.16603358926495,50.20325343231686,78.91592985376143,78.37550816894579,67.24620099194206,69.36150874034483,25.239954040568826
person_7.mp4,front,199,3319,59.94941055073099,848,478,49.83254671282608,50.90359747679741,80.61354400334051,80.82431197807838,67.81521082605038,69.98710911167846,23.026171479785237
person_7.mp4,front,200,3336,59.94941055073099,848,478,49.25603847457632,50.51493065174999,75.65092871475181,75.53063822858627,67.33047066385446,69.66817835650085,28.077899370050176
person_7.mp4,front,201,3353,59.94941055073099,848,478,49.39355248184109,50.8831789613708,76.38752081794141,76.1529258684532,67.23241710169567,69.63688551007816,27.34710055718974
person_7.mp4,front,202,3370,59.94941055073099,848,478,49.4461688784174,50.84144519349881,76.351184139282,76.09460744358152,67.50341085114323,69.69792113563369,27.390220551196116
person_7.mp4,front,203,3386,59.94941055073099,848,478,48.81730698098376,50.15645816123759,77.27527356598915,76.95667824156301,67.26639903140496,69.6557352597656,26.593853392657838
person_7.mp4,front,204,3403,59.94941055073099,848,478,48.98495763881978,50.560386978535654,81.61384160206306,81.21513709928645,67.35100166156863,69.74624704383648,22.31858626153713
person_7.mp4,front,205,3420,59.94941055073099,848,478,49.109274716129704,50.671943637684265,81.63577623836876,81.23807644605249,67.49344845272275,69.80902175513575,22.345042288415033
person_7.mp4,front,206,3436,59.94941055073099,848,478,50.290550085781625,51.29563628563825,84.12810080725987,83.06545268204944,69.06941785658097,70.81466616227651,20.49287093022389
person_7.mp4,front,207,3453,59.94941055073099,848,478,50.22356713271373,50.35045276845434,84.81165167475758,83.88222887642199,69.17951396062303,70.94012574412041,19.93557784515977
person_7.mp4,front,208,3470,59.94941055073099,848,478,50.49970905505362,50.55836966351098,88.11565576169015,87.23622680159231,69.1146209540398,70.84536409629133,16.631522616783908
person_7.mp4,front,209,3486,59.94941055073099,848,478,50.602307568812535,50.724063065711455,87.23282276887376,86.26609465725865,69.13213029152685,70.78029589072196,17.63858829400021
person_7.mp4,front,210,3503,59.94941055073099,848,478,51.41230951598318,51.04595669206673,87.13812414863482,85.95010315616317,70.01354260818464,71.27547787347369,18.18329058515896
person_7.mp4,front,211,3520,59.94941055073099,848,478,52.13884228881361,51.811937518690016,88.48120352088259,86.82853328376835,70.36268531380918,71.85724610968998,17.307807463718362
person_7.mp4,front,212,3536,59.94941055073099,848,478,52.503821471043345,51.60519808968622,90.8242809215924,88.5555748336812,70.79356818839884,72.48348362659546,15.714145431929735
person_7.mp4,front,213,3553,59.94941055073099,848,478,51.816472557029705,50.81629191958114,90.30084915543318,88.48935760652793,70.25363951357438,72.00066492776834,16.440711232485036
person_7.mp4,front,214,3570,59.94941055073099,848,478,53.112964803009156,51.93235775259592,91.53866020880122,89.15244173907072,70.76620489927238,71.93069604896668,15.694388604287191
person_7.mp4,front,215,3586,59.94941055073099,848,478,53.99377874706015,52.82051892972629,95.01934436294887,92.25771718226716,71.40483590905613,72.60246032387742,12.748123155443535
person_7.mp4,front,216,3603,59.94941055073099,848,478,54.344829088643024,52.84232773135295,98.0986704214351,95.07673628022206,71.24708135345642,71.882709568668,10.001296577745503
person_7.mp4,front,217,3620,59.94941055073099,848,478,53.46456326048463,52.63530297875642,95.2683306963088,92.85947552850999,70.01730923553737,71.54666826325706,12.52321399465866
person_7.mp4,front,218,3636,59.94941055073099,848,478,53.2220693689489,52.99670309815596,94.18386249777836,92.07760458785577,69.44760147581103,71.2990667593594,13.717575128406732
person_7.mp4,front,219,3653,59.94941055073099,848,478,53.844462802931844,53.486536132835134,96.05860604514572,93.81035396372478,70.26784747563302,71.79655243959904,12.482846653955274
person_7.mp4,front,220,3670,59.94941055073099,848,478,54.9001033952793,53.58761887644059,102.37406136159078,100.11215318702556,70.89592574833739,71.35427093575672,6.618818828235392
person_7.mp4,front,221,3686,59.94941055073099,848,478,57.01003759346613,55.69004781586299,102.71554316766839,99.98548442446209,71.35522892121362,71.50330175016349,6.824577208074327
person_7.mp4,front,222,3703,59.94941055073099,848,478,57.08552740944582,55.95686077669329,102.67182020043651,98.26431857354618,70.84467781509271,71.29781266654008,7.975351996568705
person_7.mp4,front,223,3720,59.94941055073099,848,478,55.940546095082624,55.140582404693205,101.19764256663561,97.22256776738482,70.14124119133614,71.25572569939995,9.838454536661066
person_7.mp4,front,224,3736,59.94941055073099,848,478,56.11551702050116,55.61439204522301,100.14924947384,97.01292264131094,69.91032107736223,71.21988968747176,10.725927458757733
person_7.mp4,front,225,3753,59.94941055073099,848,478,56.59542204046227,56.823859785610146,104.62971262232577,101.50612791545353,69.35621799463645,70.99356100074002,6.77166345156877
person_7.mp4,front,226,3770,59.94941055073099,848,478,60.26234548518956,62.28487576358805,108.96235297585122,105.96852465115076,71.63502135053695,74.33337726558472,3.05358677158369
person_7.mp4,front,227,3787,59.94941055073099,848,478,60.736201663491315,62.41245563086967,106.24118782392243,104.00751852656569,71.76839041480801,74.07136891176833,4.931510379128974
person_7.mp4,front,228,3803,59.94941055073099,848,478,62.01458537745245,63.2878538216245,107.38851527379126,105.24630374338345,72.71742807847328,74.41306059104105,4.07760780355202
person_7.mp4,front,229,3820,59.94941055073099,848,478,62.10714106821911,64.49280356932445,108.02966384576253,106.14487053651409,72.72890845032263,75.23825448232671,4.013857663219658
person_7.mp4,front,230,3837,59.94941055073099,848,478,62.741453156473774,65.4174133389446,109.78553773386197,107.91007133375635,72.64991216598388,74.95707393310518,2.978868553978949
person_7.mp4,front,231,3853,59.94941055073099,848,478,67.3329622567045,69.31110064696175,110.28982151687745,109.16933656876898,76.13732223581316,76.43183074824505,3.687905309328995
person_7.mp4,front,232,3870,59.94941055073099,848,478,68.25447260624726,69.67227566503684,108.34533660116267,108.83182611655246,77.55459507444053,75.66814492927492,5.542302804427713
person_7.mp4,front,233,3887,59.94941055073099,848,478,66.11184766883946,68.21612647905816,98.40870358524245,98.71122280354122,73.45783127832546,73.5590027419317,16.158616336829553
person_7.mp4,front,234,3903,59.94941055073099,848,478,64.22066368958757,67.38059041344245,93.46096564866994,93.59725353667318,70.84041801942067,72.15393878015446,22.055595276938558
person_7.mp4,front,235,3920,59.94941055073099,848,478,66.84799963859591,70.80627111295257,98.11917124293358,98.9559230223971,72.64453857749172,74.35611390386572,18.266894988717617
person_7.mp4,front,236,3937,59.94941055073099,848,478,66.40790559853794,70.45259243237925,98.00153428556236,98.75609352147886,72.47262628226662,73.99683187665222,18.213216245462085
person_7.mp4,front,237,3953,59.94941055073099,848,478,65.74321304104704,69.24333178433633,90.20626256297017,90.83839123763542,71.10968440511645,72.0590298215405,26.19938587761865
person_7.mp4,front,238,3970,59.94941055073099,848,478,65.31078335755568,67.7794303153799,90.49812281128806,90.21773803356248,68.07713734033949,69.42314958476096,27.516770646033887
person_7.mp4,front,239,3987,59.94941055073099,848,478,64.93553356772769,67.50255719024958,90.51456527203618,92.07227638347358,66.48638648526688,67.79390513899119,27.756428717022857
person_7.mp4,front,240,4003,59.94941055073099,848,478,71.3282212978713,74.01045464019172,97.62964887744137,98.93037364234392,71.29378392937302,72.84199704934815,23.04758199221245
person_7.mp4,front,241,4020,59.94941055073099,848,478,71.87739029322499,74.60405300307299,96.33392894491868,97.57609184721566,71.33804180922341,73.07370493269838,24.59599333055116
person_7.mp4,front,242,4037,59.94941055073099,848,478,71.68491175243676,73.69068823128389,96.89185603632228,98.74190330117428,68.44896601252172,70.2597565926989,26.31331185529129
person_7.mp4,front,243,4053,59.94941055073099,848,478,74.32851247597601,76.43346604033096,98.58372002054107,99.46193518342444,70.38596559871662,71.89542092851633,25.747915635681288
person_7.mp4,front,244,4070,59.94941055073099,848,478,78.5102393546396,80.32234360870997,101.61650376188224,102.14049798670193,72.0794959976983,73.42094319496566,25.291533742123104
person_7.mp4,front,245,4087,59.94941055073099,848,478,85.5561684031361,86.77553645939861,110.44679706876057,110.83668312013643,73.785522567614,75.23757799810092,23.467784998733006
person_7.mp4,front,246,4103,59.94941055073099,848,478,83.63261771381423,87.29871234353188,109.08119186516963,112.27692235369575,71.73927981507843,73.55815458646096,23.58054481106586
person_7.mp4,front,247,4120,59.94941055073099,848,478,92.74666115440857,92.9909463977319,115.00660458229723,117.31997731876062,76.16519600416471,77.35746508579605,21.96421877568899
person_7.mp4,front,248,4137,59.94941055073099,848,478,97.18587674694754,95.71565272449062,118.63217864472595,120.40248914594073,77.5083388039669,78.37030545610163,21.258847149991002
person_7.mp4,front,249,4154,59.94941055073099,848,478,106.04145729019977,107.2365272108692,126.68631531696033,132.3251924945657,79.34342223051932,79.72409469140588,20.805986033310056
person_7.mp4,front,250,4170,59.94941055073099,848,478,112.19131474850352,116.99256393340849,134.68991735572482,143.54278173930823,78.92006814488485,79.82724962906376,20.321679111335644
person_7.mp4,front,251,4187,59.94941055073099,848,478,119.0769885096302,114.2575206564836,140.80736865851327,139.73757045294053,79.2514606564632,79.35619724236913,20.627384365367718
person_7.mp4,front,252,4204,59.94941055073099,848,478,122.21239480302785,122.51769854257176,145.99545088684152,149.03134816260484,77.70298980335795,79.08260679719304,20.203202058245154
person_7.mp4,front,253,4220,59.94941055073099,848,478,121.765862520261,124.39985465005141,146.01399211890356,150.42709478118942,77.50918295184857,79.47466425657034,19.983324109094514
person_7.mp4,front,254,4237,59.94941055073099,848,478,122.59800242112651,129.0594521695583,145.10971978916476,154.48697042967163,78.89042486127138,80.36493734713387,19.872490532355965
person_7.mp4,front,255,4254,59.94941055073099,848,478,123.65683242525786,130.79318674928604,145.83367614651655,154.47036524256382,79.62146638604156,81.52109768694055,19.726007473928036
person_7.mp4,front,256,4270,59.94941055073099,848,478,120.16243750054623,130.79528582833552,141.63897159050893,155.5785683676974,79.18669916080917,80.04190874925288,20.20476751291599
person_7.mp4,front,257,4287,59.94941055073099,848,478,122.18569903194523,135.65960765874308,141.37451498199826,160.04833049959595,81.61609447160686,80.72466255193858,20.396923130225034
person_7.mp4,front,258,4304,59.94941055073099,848,478,122.08457892187799,136.14956149598785,140.50397041444864,160.60042923317798,82.73397089109287,80.77853021392161,20.21730232245128
person_7.mp4,front,259,4320,59.94941055073099,848,478,125.61605974777093,136.76895648254145,144.7715791195365,161.3413771195933,81.69069852178991,79.7930681433459,20.77041583920049
person_7.mp4,front,260,4337,59.94941055073099,848,478,126.43509856528881,135.88156569353782,147.98243360704018,162.25927283453362,80.00592992214348,78.32315185041848,20.839704499329436
person_7.mp4,front,261,4354,59.94941055073099,848,478,127.62870639026187,138.78475262033396,148.6810523618327,163.90449451767,80.34273050862268,79.08512395105122,20.543329305610733
person_7.mp4,front,262,4370,59.94941055073099,848,478,126.58203829801157,138.34916390992535,147.96251231411773,164.14864216145315,79.65764195515055,78.41772639830873,20.234319960153808
person_7.mp4,front,263,4387,59.94941055073099,848,478,129.25065611333594,139.6459208967407,149.65486580172615,165.3031782445848,81.16246186516541,79.38664293549579,19.980595183859077
person_7.mp4,front,264,4404,59.94941055073099,848,478,131.7271271043639,141.09390569843706,151.44462426816892,165.55337155258465,82.27797336331216,81.40705800971543,19.041575944775648
person_7.mp4,front,265,4420,59.94941055073099,848,478,130.5403140556235,140.41532311475203,151.01911750151885,164.8673086162107,81.79080538535105,81.08427415884336,19.130668157389245
person_7.mp4,front,266,4437,59.94941055073099,848,478,137.09184526545627,145.71811484101852,154.6839689707486,166.95171374912428,84.76920590647116,83.88110345994932,18.95426402382733
person_7.mp4,front,267,4454,59.94941055073099,848,478,136.81800171068272,146.35385039843555,155.69295986575986,168.75408077869866,83.1856438816947,82.46523822329138,18.93569971878846
person_7.mp4,front,268,4470,59.94941055073099,848,478,134.68358163828066,144.65014940426997,154.61890849704906,167.61729011777138,82.01054723129646,81.76243960456858,19.184529340751716
person_7.mp4,front,269,4487,59.94941055073099,848,478,134.43410200945482,143.84284124047605,154.42572809600244,166.9272197187123,82.3671343307948,81.50025071940144,19.294900539912614
person_7.mp4,front,270,4504,59.94941055073099,848,478,134.25851265022686,144.08645630915174,153.43173119860194,166.82391339334978,82.77577228515406,81.93923454826367,19.363765043458823
person_7.mp4,front,271,4520,59.94941055073099,848,478,134.73777435851187,144.02178144878667,153.42689358737337,166.00264451064925,83.03234131298774,82.5673307216626,19.40939214966995
person_7.mp4,front,272,4537,59.94941055073099,848,478,132.42474505427498,142.31327621606755,153.25834531677773,166.10787166919573,80.40464774961761,79.74435858933546,20.031810550806007
person_7.mp4,front,273,4554,59.94941055073099,848,478,130.24349355029952,141.26263914900008,150.71845191606803,165.22659593228852,79.50896665940046,78.99034589831608,20.752738033754426
person_7.mp4,front,274,4571,59.94941055073099,848,478,131.45136460063492,142.25911374406374,151.49619959231117,165.7610576732084,79.79933519491192,79.59046153957435,20.707915437199617
person_7.mp4,front,275,4587,59.94941055073099,848,478,130.58681932678124,142.06108304715485,149.69179441907346,165.36594347074413,80.05380284660963,79.06450453302034,21.336395597346115
person_7.mp4,front,276,4604,59.94941055073099,848,478,129.11281266496047,140.61810217774993,149.35128164395329,165.25398165519707,78.23881939296474,78.08943342833582,21.309257107803038
person_7.mp4,front,277,4621,59.94941055073099,848,478,128.07991391718477,140.51505299664456,149.02134455480748,165.2039200550195,77.47734338160855,78.08881756519814,21.294827709483922
person_7.mp4,front,278,4637,59.94941055073099,848,478,129.17355993915882,141.08908526707,149.7800612670373,165.11563157503187,78.19544091265692,79.20202790316075,20.979650333592478
person_7.mp4,front,279,4654,59.94941055073099,848,478,129.4062062234332,140.9881963633273,149.92868573050305,165.6483856252881,77.5445041430444,78.19809524715578,21.033977960368645
person_7.mp4,front,280,4671,59.94941055073099,848,478,128.32814317635845,140.73157343796754,150.2000849599355,164.99238266899366,76.83485455589592,78.8830610721587,20.89283542518591
person_7.mp4,front,281,4687,59.94941055073099,848,478,129.32361657134925,141.96992693010105,150.3720770752266,165.51223247805888,77.67760299772746,79.35133890160272,20.83269766919007
person_7.mp4,front,282,4704,59.94941055073099,848,478,129.5107992095477,141.47802458101913,150.1739197357227,164.8777505672358,78.08680166802051,79.37231973889915,20.84356858890242
person_7.mp4,front,283,4721,59.94941055073099,848,478,127.30925795462336,140.5027477887267,149.55742052936938,164.6262729126474,76.6319348406228,78.30580160549437,21.064527685016966
person_7.mp4,front,284,4737,59.94941055073099,848,478,125.57121877249448,138.5411821440672,149.01463339550506,164.5262935243067,75.17919474595521,76.00734333130066,21.42956660902093
person_7.mp4,front,285,4754,59.94941055073099,848,478,125.37988594465,138.61014982229958,148.57300782235765,164.93077712765307,74.85363765307054,75.79932287405593,21.552728499540414
person_7.mp4,front,286,4771,59.94941055073099,848,478,124.7187449414164,138.55759029729725,148.60033755866888,164.83805081988064,74.32504059408369,75.8663024476034,21.565196459462626
person_7.mp4,front,287,4787,59.94941055073099,848,478,124.74184856307019,138.7589475276091,148.66339298986964,165.0131054511785,74.23647304140901,75.99032387244594,21.505471001074586
person_7.mp4,front,288,4804,59.94941055073099,848,478,124.61095362368482,139.08582093212786,148.5011764081052,164.72904978643166,74.35430248887351,77.01106750499592,21.366431335062344
person_7.mp4,front,289,4821,59.94941055073099,848,478,125.03307649629991,138.8313471332823,148.35573925104543,164.82500230523965,75.1114333492195,76.24121445468566,21.38197192078218
person_7.mp4,front,290,4837,59.94941055073099,848,478,124.65593377709453,137.90524950930194,147.59022451452438,164.4742720744491,75.12612715897538,75.22523677137833,21.859714025627174
person_7.mp4,front,291,4854,59.94941055073099,848,478,123.75509692071688,138.27330351259317,147.06008483156765,164.5571685912488,74.62477545096985,75.82478674080468,21.891370924533415
person_7.mp4,front,292,4871,59.94941055073099,848,478,122.75017297803753,138.29478712326505,146.86661541671404,164.54677046130638,73.83470325859335,75.96687414788722,21.858609518316612
person_7.mp4,front,293,4887,59.94941055073099,848,478,121.51981286196016,137.73535107832186,146.70036325687835,164.3992645507234,72.87436815844589,75.66189828833693,21.987261993070458
person_7.mp4,front,294,4904,59.94941055073099,848,478,121.9471935434736,137.524222319682,146.78669796224978,164.1388362782996,73.15211688758093,74.73454863706748,21.93704120551985
person_7.mp4,front,295,4921,59.94941055073099,848,478,121.31866698105125,137.98701803846333,146.6828387926753,164.11925869197955,72.923573112043,75.61459627378484,22.00525049666824
person_7.mp4,front,296,4937,59.94941055073099,848,478,121.18518144730086,137.3429392321017,146.37720615167842,164.02002438300576,73.08456460284776,75.84142333883229,21.999503370636436
person_7.mp4,front,297,4954,59.94941055073099,848,478,122.42580988296584,137.48958229922397,147.10946278278755,163.93065689463953,73.2816307066332,76.36004352383246,21.985488877916932
person_7.mp4,front,298,4971,59.94941055073099,848,478,121.28673231190518,137.1219688775905,147.10098617756273,163.82883162126242,72.4391364700811,76.22586264558886,21.980782266371893
person_7.mp4,front,299,4988,59.94941055073099,848,478,121.57993632439118,137.22460697243324,147.13656108366425,163.76417276714577,72.4932644786992,76.53417596383515,22.067411159743237
person_7.mp4,front,300,5004,59.94941055073099,848,478,121.90275488526508,137.38590268526144,147.2825954325655,163.7033377860431,72.63798111549778,76.22092611896883,22.108954151888483
person_7.mp4,front,301,5021,59.94941055073099,848,478,122.13832629080659,138.00764359760714,147.39612989989328,163.806710116418,72.69329356666073,76.72453328758834,21.960401339353115
person_7.mp4,front,302,5038,59.94941055073099,848,478,122.29017425812796,138.1548510342733,147.38667863593918,163.9047963251523,72.86891597124085,76.86279978148312,22.052721433639494
person_7.mp4,front,303,5054,59.94941055073099,848,478,122.16000694938714,138.23563115341403,147.45241201186786,163.73125922607252,73.02263049385961,76.75502614218742,22.042844059765216
person_7.mp4,front,304,5071,59.94941055073099,848,478,122.30936630479883,138.1283021377177,147.49371608080978,163.94321254498982,73.0308044736834,76.54644148421418,22.21750269160218
person_7.mp4,front,305,5088,59.94941055073099,848,478,122.94628195961204,138.97354291446675,147.09508006745085,163.80322857430448,73.57841084518641,77.32381131376468,22.099816145602386
person_7.mp4,front,306,5104,59.94941055073099,848,478,123.43276711145076,139.13516752535298,147.63731470985292,163.704873190985,73.85062413105102,77.47896053049448,22.12991228558766
person_7.mp4,front,307,5121,59.94941055073099,848,478,124.35056285128792,139.978948855425,147.93904380152122,163.06069236642716,74.61703551654207,78.98131063856067,21.900533606617422
person_7.mp4,front,308,5138,59.94941055073099,848,478,124.85854019595216,139.77715390843952,148.53550159276008,163.07573229705577,75.0580085452495,78.99874342752156,21.865964141758155
person_7.mp4,front,309,5154,59.94941055073099,848,478,125.59780108604744,140.29878865788737,148.8069494776095,163.144866965208,75.11680691671586,79.54422107188479,21.677578309482154
person_7.mp4,front,310,5171,59.94941055073099,848,478,125.66374716619228,140.4657953591755,148.8030297451281,163.30274767198054,75.20182146537903,79.58485140195825,21.65764116162143
person_7.mp4,front,311,5188,59.94941055073099,848,478,125.74990575724188,139.9634471669095,148.91189060479473,162.84031754313557,75.18085213513712,79.64655980035901,21.572212701367164
person_7.mp4,front,312,5204,59.94941055073099,848,478,125.6892930838792,139.70365549293237,148.9703955472869,162.91897476120215,75.03168702499322,79.19195662472532,21.57438544910034
person_7.mp4,front,313,5221,59.94941055073099,848,478,125.21598562602445,139.2745120696337,148.65700420465637,162.77520108951697,74.6657442512176,79.03573961579218,21.54167612725024
person_7.mp4,front,314,5238,59.94941055073099,848,478,125.166400050463,139.10298788140392,148.64199997082702,162.76121639457872,74.6976196217081,79.0363331921115,21.526791448370172
person_7.mp4,front,315,5254,59.94941055073099,848,478,124.95466141737128,138.78294233011923,148.5975630374591,162.61800899793857,74.55006076920999,78.8494089202803,21.52412126517654
person_7.mp4,front,316,5271,59.94941055073099,848,478,124.3840782433351,138.0460096082031,148.5122391918099,162.8482438543012,74.1858483984979,78.01567736862228,21.56661951052226
person_7.mp4,front,317,5288,59.94941055073099,848,478,124.1463924673162,137.74898535653642,148.15784561810173,163.38474988367966,73.9531439247023,77.37979985008964,21.582627058973085
person_7.mp4,front,318,5304,59.94941055073099,848,478,123.76512276996704,137.72470287616486,147.9391986463798,163.48289035511633,73.79961341288102,77.3233722327565,21.591409041577503
person_7.mp4,front,319,5321,59.94941055073099,848,478,123.6953756551196,137.76122136506126,147.87621001213327,163.50183909264211,73.76264172841745,77.25078224138521,21.60881861900455
person_7.mp4,front,320,5338,59.94941055073099,848,478,123.41634269525296,137.66757461490116,147.70205233610747,163.5404522883586,73.627561139957,77.08897563508934,21.620362370563537
person_7.mp4,front,321,5355,59.94941055073099,848,478,123.37312684031187,137.7502126714128,147.68591084725676,163.51956688711772,73.63301902323792,77.0357658532758,21.603197251034644
person_7.mp4,front,322,5371,59.94941055073099,848,478,123.20729614223224,138.13170360726795,147.60157016892794,163.34367529092273,73.62621345993665,77.55920870040678,21.574965418951194
person_7.mp4,front,323,5388,59.94941055073099,848,478,122.85557391655105,138.3315556294264,147.4108936675373,163.17659106145427,73.57026951126811,77.92723223264674,21.531083588271777
person_7.mp4,front,324,5405,59.94941055073099,848,478,122.46446760140039,138.21032776428052,147.1691331630463,163.1769782465613,73.53705582402542,77.8293366086021,21.558267913583872
person_7.mp4,front,325,5421,59.94941055073099,848,478,122.77559077325174,138.5820216085555,147.2771470715258,163.15091648793168,73.97228209615223,78.34519914503386,21.363869965479772
person_7.mp4,front,326,5438,59.94941055073099,848,478,122.74116751486744,138.58731482980724,147.2852876293375,163.17420833615728,74.06957650133873,78.4380083921697,21.317287885131332
person_7.mp4,front,327,5455,59.94941055073099,848,478,122.31336055945795,138.4657777442234,147.3451072895653,163.07711461929063,73.9936396005401,78.34909163622842,21.321972531828198
person_7.mp4,front,328,5471,59.94941055073099,848,478,122.24324775816426,138.4235361303248,147.31795618211783,163.13540867294967,73.97212678246468,78.35700949573324,21.304071358789926
person_7.mp4,front,329,5488,59.94941055073099,848,478,122.03985470261432,138.0611012524583,147.20792118077284,163.2401006244916,73.93061304672659,78.13603669332228,21.304614022303447
person_7.mp4,front,330,5505,59.94941055073099,848,478,121.87114021517962,137.8764229605931,147.22618756881732,163.3728876978515,73.89364263434992,77.99185625471634,21.311357314102032
person_7.mp4,front,331,5521,59.94941055073099,848,478,121.64647974026298,137.6946779039367,147.18659961231188,163.68893434774955,73.58530572748576,77.5758282274382,21.46446326433669
person_7.mp4,front,332,5538,59.94941055073099,848,478,121.60236553688202,137.80760027996837,147.32512966644518,163.7068226773847,73.28545461103738,77.57567315086452,21.502277874149797
person_7.mp4,front,333,5555,59.94941055073099,848,478,121.45106290328503,137.87635396808744,147.3128981279305,163.72634579745102,73.06078714911371,77.54948663512155,21.522757495588035
person_7.mp4,front,334,5571,59.94941055073099,848,478,121.24822375180833,137.90105906505258,147.32344067141617,163.71151174749295,72.87293295863776,77.51848200698518,21.52704162302547
person_7.mp4,front,335,5588,59.94941055073099,848,478,121.26851705773323,137.94523617926413,147.3304725480455,163.74719137054518,72.86809093121292,77.54209807535767,21.5257464368131
person_7.mp4,front,336,5605,59.94941055073099,848,478,120.9536904592387,137.9305682453566,147.277369527725,163.73300027335227,72.66874215073281,77.51030587099774,21.558344776322475
person_7.mp4,front,337,5621,59.94941055073099,848,478,120.11088941768529,137.80904854864514,146.76978686310187,163.5556401495982,72.26399588706934,77.57253862918462,21.556154216324078
person_7.mp4,front,338,5638,59.94941055073099,848,478,120.55173249658121,137.67367278117035,145.9865727675705,163.5288703590708,72.71399827321292,77.5878752959658,21.533197669840295
person_7.mp4,front,339,5655,59.94941055073099,848,478,119.7825239201011,137.6152109732856,145.69650815637306,163.4093540359654,72.87831158993498,77.79730106125186,21.338996198096076
person_7.mp4,front,340,5671,59.94941055073099,848,478,119.80748980288118,137.47929858849128,145.42810730443054,163.4364272401658,72.98717918202536,77.69141376248592,21.29469643986809
person_7.mp4,front,341,5688,59.94941055073099,848,478,119.57187881192718,136.74136135466708,145.3271560438124,163.7383791576403,72.95519094128214,76.81934373212222,21.31100770035026
person_7.mp4,front,342,5705,59.94941055073099,848,478,120.90650062614391,136.5726621645591,145.15365939517216,164.1955327934453,73.80222658754408,76.40908062557298,21.326875484540952
person_7.mp4,front,343,5721,59.94941055073099,848,478,120.75091226638706,136.60778108030541,145.303303305329,164.31858840040678,73.49800595013497,76.15257488781943,21.220336565253515
person_7.mp4,front,344,5738,59.94941055073099,848,478,121.39530602045498,137.04608371959017,145.31477557599513,164.24727088202022,74.14518497089085,76.29068485099812,21.4005997976099
person_7.mp4,front,345,5755,59.94941055073099,848,478,121.98195792389772,137.53833784325045,145.8489137381184,164.2467151681573,74.44291675029322,76.87054976358193,21.39824971882734
person_7.mp4,front,346,5772,59.94941055073099,848,478,123.30122631299338,138.34998738551232,146.09095703883662,164.34083929006366,75.55113915281896,77.88123871630006,21.325625487299092
person_7.mp4,front,347,5788,59.94941055073099,848,478,123.77850776149747,139.48351534072754,146.54041250177627,164.08709777239466,75.86590124500479,78.88881300765689,21.24273876986465
person_7.mp4,front,348,5805,59.94941055073099,848,478,124.57245772260359,139.7334107590233,146.75693104789352,163.91284617332775,76.3584669577307,78.97768363768957,21.187438050602932
person_7.mp4,front,349,5822,59.94941055073099,848,478,124.11624871118744,139.681181522035,146.68481033963513,163.79048384259912,76.08284942639105,78.85871957805107,21.24257297533655
person_7.mp4,front,350,5838,59.94941055073099,848,478,123.60056243256261,139.2693189989332,146.4392316345257,163.7768639051874,75.72686886863714,78.56096512175776,21.347940349833205
person_7.mp4,front,351,5855,59.94941055073099,848,478,122.56286294347173,137.39453909581445,145.795159303517,163.89512514126895,75.23890946726527,77.42441395774428,21.387962809233834
person_7.mp4,front,352,5872,59.94941055073099,848,478,122.84422025156663,137.23812896281927,146.1436482947522,164.274157460277,75.39757802422697,77.2123689178971,21.273749109888843
person_7.mp4,front,353,5888,59.94941055073099,848,478,123.15372804143249,137.23912867745054,146.22889039798832,164.06950028482834,75.65136526853719,76.98650099709816,21.497563534859566
person_7.mp4,front,354,5905,59.94941055073099,848,478,123.14057468884235,136.80053732106396,146.1225065690903,163.54773005952757,75.5818343935273,77.29724037600796,21.608254078578785
person_7.mp4,front,355,5922,59.94941055073099,848,478,123.30289436493716,136.64774839105837,146.16076585103457,163.4379813165028,75.84843991388033,77.28588449071994,21.611950244509206
person_7.mp4,front,356,5938,59.94941055073099,848,478,123.58980262233025,135.68378110267201,146.25451851006318,162.01798877667804,76.2287631600656,78.18420879386744,21.633902530475968
person_7.mp4,front,357,5955,59.94941055073099,848,478,123.72291687354608,134.5549903043319,146.51927000716086,161.23727349086596,76.56044831211148,78.57123178149529,21.320939245974635
person_7.mp4,front,358,5972,59.94941055073099,848,478,123.33207932238093,132.55251219619763,146.220309994896,159.78450702672757,76.907505553714,79.20141275585387,20.872537935106696
person_7.mp4,front,359,5988,59.94941055073099,848,478,122.72227368242216,132.87657000344666,145.31507497492723,159.88742388706902,76.88004281376571,79.85125900600451,21.026836814978807
person_7.mp4,front,360,6005,59.94941055073099,848,478,120.70881595946541,132.2495302184252,143.50070055263583,158.43260668766675,77.00160843537674,80.12629037133064,21.156042750968865
person_7.mp4,front,361,6022,59.94941055073099,848,478,120.65826454009017,130.03416080763623,143.39957171224856,156.55321706333794,76.75926565202165,79.35169591060789,21.295884685980152
person_7.mp4,front,362,6038,59.94941055073099,848,478,120.46284801206889,125.25570019753722,143.10921082019408,151.0201111848003,77.07072365544593,80.2219837141242,21.34638583918532
person_7.mp4,front,363,6055,59.94941055073099,848,478,119.50246638590228,124.06372964535417,141.94704192948865,149.88016805181286,77.45743435011364,79.77165235418978,21.468439836076342
person_7.mp4,front,364,6072,59.94941055073099,848,478,119.03051555876674,121.81004187420434,140.14014156984913,146.05207193584604,78.64616800451617,81.0094113324537,21.59573173267955
person_7.mp4,front,365,6088,59.94941055073099,848,478,117.65972909122593,122.41840581301359,138.10987618076257,146.08039469622912,79.24220828352118,81.03279206184712,21.700213841110497
person_7.mp4,front,366,6105,59.94941055073099,848,478,118.70021133638782,123.84006906226429,137.09995567478137,146.7893774506107,81.0648111549031,81.94220653902892,21.815300826236264
person_7.mp4,front,367,6122,59.94941055073099,848,478,113.73670269589219,118.3507946733975,132.17060687894008,141.65859418036467,80.9698101841553,81.61063749016166,21.2738548413877
person_7.mp4,front,368,6139,59.94941055073099,848,478,108.00466601353091,117.41165823181666,126.37628591078116,141.22574562030644,80.92818282728425,81.17466002365583,21.31726302338488
person_7.mp4,front,369,6155,59.94941055073099,848,478,105.93233188929315,116.34947159962663,122.4362862218997,139.3673146608841,82.49100393556091,81.90114558873285,21.131492833685876
person_7.mp4,front,370,6172,59.94941055073099,848,478,105.93074660116547,115.35608119119668,123.56714464908578,138.91318271921477,81.68287981746462,81.41795538292263,21.264403323343483
person_7.mp4,front,371,6189,59.94941055073099,848,478,100.00303684789455,101.96417147120331,119.67939238550126,126.13150483186787,80.50354104849706,80.43999042935944,20.675768907922077
person_7.mp4,front,372,6205,59.94941055073099,848,478,97.59804299550491,99.05388973872917,118.45142802088851,122.81634302150763,79.56466910727394,80.66380758706936,20.360630164954994
person_7.mp4,front,373,6222,59.94941055073099,848,478,93.73616792900522,93.76097351661335,116.07523650574102,118.25412131638892,77.97047653471444,79.60600443570682,20.37103816663128
person_7.mp4,front,374,6239,59.94941055073099,848,478,90.03711829657013,91.11460279446479,113.1040493495653,116.00904204628439,77.25357344359895,79.14737682614546,20.498921309840604
person_7.mp4,front,375,6255,59.94941055073099,848,478,90.71363061203793,92.40275305461243,113.04030715139629,116.10084542849054,78.52909200980108,80.77620115370576,19.821463043336195
person_7.mp4,front,376,6272,59.94941055073099,848,478,89.04776935619257,89.55037045171811,112.08828658794837,114.1898617730126,78.86901111637819,80.99260756565184,18.91331274916476
person_7.mp4,front,377,6289,59.94941055073099,848,478,87.32907353858987,86.5691706569457,113.17308902541639,112.90133144791609,76.56612788563724,79.69502020804698,18.922006198077757
person_7.mp4,front,378,6305,59.94941055073099,848,478,86.38226047626685,88.30269540781892,112.90260734942457,115.38890826477864,77.06864557508811,80.23973836646229,17.836060560786617
person_7.mp4,front,379,6322,59.94941055073099,848,478,87.77359819571095,87.75834638836206,114.3475936308984,114.59861379229659,76.76762156737298,80.24157344719572,18.21477752474495
person_7.mp4,front,380,6339,59.94941055073099,848,478,84.84420449188819,84.91791681218179,112.03783710360865,112.26327027316837,76.50589203315336,79.40015684323531,17.898904274471256
person_7.mp4,front,381,6355,59.94941055073099,848,478,82.19721834594093,83.04973928129205,110.15301898691304,110.39110987664537,75.92404125293862,79.27488873375188,17.845665041184855
person_7.mp4,front,382,6372,59.94941055073099,848,478,82.19656297874398,83.22726513158469,109.52782191220551,109.57586510033612,78.01611749245595,80.65562677065775,17.408271923558672
person_7.mp4,front,383,6389,59.94941055073099,848,478,80.1111514292785,81.4955590117242,107.48856734682487,107.32441505439772,77.64803973560525,80.214670709327,17.74530077107811
person_7.mp4,front,384,6405,59.94941055073099,848,478,77.50115983758046,77.57844969673106,105.43559670706877,103.729660454459,76.55262348318485,78.94928751360122,18.114979639340397
person_7.mp4,front,385,6422,59.94941055073099,848,478,76.24817039727004,77.03647639579651,106.64019839880558,106.52918135465349,76.3004432435216,78.19827199440951,16.224052387650676
person_7.mp4,front,386,6439,59.94941055073099,848,478,76.50640662419076,77.66320738891964,106.34817355735893,106.36707372979976,77.22218741599661,78.94823084616552,15.721797215451238
person_7.mp4,front,387,6455,59.94941055073099,848,478,75.06992539002228,75.75695986316055,106.92120196846705,105.91126611104995,76.7246650527502,78.30920510342136,14.948478993333357
person_7.mp4,front,388,6472,59.94941055073099,848,478,74.89190821615304,75.44138583492632,108.92786929083967,108.76662175896801,76.96024321428158,78.52428980858622,12.33726006030744
person_7.mp4,front,389,6489,59.94941055073099,848,478,75.0134534575789,76.07139355122924,107.34485101719764,107.49958435400586,78.27947039997288,79.57111855951163,12.083183305775059
person_7.mp4,front,390,6505,59.94941055073099,848,478,72.06150753473283,72.98422899151616,104.80710135452117,105.01130088702052,75.95149968438965,77.38020422306865,13.856561861933507
person_7.mp4,front,391,6522,59.94941055073099,848,478,74.00332747010238,74.38396046791406,108.79399128437493,108.63900494222264,76.66803337248919,77.97916827248385,11.608870403891427
person_7.mp4,front,392,6539,59.94941055073099,848,478,74.21248730481207,73.91579787901354,109.1446895642259,108.18904072477302,76.63102943445882,77.94894116145112,11.804366382274834
person_7.mp4,front,393,6556,59.94941055073099,848,478,74.38201697922143,74.46428467170237,109.29534429067388,108.32632373678994,77.16452807426909,78.51096271563817,11.640938966934334
person_7.mp4,front,394,6572,59.94941055073099,848,478,75.19467840589783,74.34333808243889,108.85857712579798,107.08249513920343,78.61957910110122,79.3323045119875,11.049653072965992
person_7.mp4,front,395,6589,59.94941055073099,848,478,75.96934991923935,74.65605904267252,111.96062713504396,110.68075995233717,79.51463866331645,80.15742172242071,7.271270765343791
person_7.mp4,front,396,6606,59.94941055073099,848,478,73.92591168265733,73.35742755462637,109.02442189380443,107.5658560697863,78.50802002947196,79.44275393622534,8.491058284067487
person_7.mp4,front,397,6622,59.94941055073099,848,478,73.46700129051999,73.51560450073626,110.73663112129069,109.4386591097403,78.76113159057371,80.11033074163224,5.671996605037782
person_7.mp4,front,398,6639,59.94941055073099,848,478,71.57392926345322,71.78963689491414,111.34455426145003,109.67781746661413,77.85924887927045,79.17637260493852,4.897804418477136
person_7.mp4,front,399,6656,59.94941055073099,848,478,69.88898572123973,70.12279605301863,109.5595501040846,108.26855840854452,76.73119102111362,78.07582861871533,6.027049007322059
person_7.mp4,front,400,6672,59.94941055073099,848,478,70.16578585377083,70.12721100013992,108.38992052803981,107.52158915649954,77.08820636639548,78.20924893183428,6.751073159270713
person_7.mp4,front,401,6689,59.94941055073099,848,478,68.32828884489656,68.68783716775515,106.81180288517587,104.92634297770653,75.25446651628499,76.96796747347855,7.895902632370909
person_7.mp4,front,402,6706,59.94941055073099,848,478,68.84080527997102,69.60001099261892,111.6929818390505,110.47683979436215,76.76496912592174,78.22059664724962,2.9349654846500073
person_7.mp4,front,403,6722,59.94941055073099,848,478,69.30816812939403,70.30676085923338,113.33289535530875,112.17667501966746,77.59191506700706,79.07489883089825,2.272567735554654
person_7.mp4,front,404,6739,59.94941055073099,848,478,67.94526233696062,68.73485292361596,112.51839229174136,111.7548712716097,77.17796141170507,78.3697009594628,2.3043918681214213
person_7.mp4,front,405,6756,59.94941055073099,848,478,65.90671544931537,66.51837765673196,110.30926682031449,109.8646990049671,75.37418605824307,76.45026177719124,2.282523108439773
person_7.mp4,front,406,6772,59.94941055073099,848,478,65.53758119180011,66.20156943716253,110.16793391046008,109.52951557800014,75.39792027698529,76.57754600347144,2.25675243530086
person_7.mp4,front,407,6789,59.94941055073099,848,478,64.69268268293686,65.68562167623608,109.1544393723771,108.44779761581859,75.012587750035,76.49482697762792,2.478471308960965
person_7.mp4,front,408,6806,59.94941055073099,848,478,63.94690995485821,65.17776913553637,108.58229432727536,107.81540236043955,74.77941204205297,76.37672591563899,2.500497218664457
person_7.mp4,front,409,6822,59.94941055073099,848,478,64.05121229072365,65.25176758678293,107.99232127271526,106.90068058898225,75.16785853857262,76.82339212063124,2.760165490872649
person_7.mp4,front,410,6839,59.94941055073099,848,478,63.95697089080367,64.65888020138213,107.75011833385443,106.75144824064998,75.08848381975918,76.56402837300152,2.7990297613864805
person_7.mp4,front,411,6856,59.94941055073099,848,478,62.82287922938702,63.46157560754261,106.85816078000757,105.81610497348655,74.22228321567535,75.69635958860883,3.309670211637055
person_7.mp4,front,412,6872,59.94941055073099,848,478,62.72468231954321,63.29100785112896,108.699135576309,107.0511136828835,74.42021898431514,75.76628038778975,2.302895893642548
person_7.mp4,front,413,6889,59.94941055073099,848,478,62.630840896232804,62.42523121283975,107.62397550469407,106.17779309910496,75.42834841258262,74.61930413280929,2.749834101390934
person_7.mp4,front,414,6906,59.94941055073099,848,478,60.172674862838036,60.66661627212885,106.39050807802377,105.04798978707508,73.47842829733813,73.8469379812028,3.0589411033544995
person_7.mp4,front,415,6923,59.94941055073099,848,478,60.10207381252606,60.44762038876376,106.03790129241675,105.14256663163268,73.38547962390425,74.31687269078813,3.185958978457671
person_7.mp4,front,416,6939,59.94941055073099,848,478,59.14066077647551,60.17139749777243,106.37793559065592,104.99917026187991,72.76576334978148,73.5184185715048,2.8682741676167067
person_7.mp4,front,417,6956,59.94941055073099,848,478,58.06689109019903,59.63998592451727,105.98996016179312,104.8190197988278,72.78930249448658,74.11329050249243,3.0614840326020216
person_7.mp4,front,418,6973,59.94941055073099,848,478,58.07740071622001,59.1376279919252,102.22911325081341,100.95846981859405,73.05131778493305,73.62489105407246,6.355169616815135
person_7.mp4,front,419,6989,59.94941055073099,848,478,55.900451355790906,57.29008175363662,102.29722072050667,100.97140287671782,71.7260932770113,72.98831088928304,6.283477083745071
person_7.mp4,front,420,7006,59.94941055073099,848,478,55.24141353928847,55.67367312032184,103.10395644847848,100.91046215136365,71.48209806555977,72.69805620923977,6.021082897229626
person_7.mp4,front,421,7023,59.94941055073099,848,478,55.282092544301925,54.265263417661664,102.87981928808732,100.29734086809997,71.670701227886,72.07411850806837,6.441271865610835
person_7.mp4,front,422,7039,59.94941055073099,848,478,55.237124524315036,54.211204063337085,101.49216548326596,99.59969504107366,71.40948810097349,71.60319373087468,7.091977743168058
person_7.mp4,front,423,7056,59.94941055073099,848,478,56.15162801295386,54.24942790046063,102.05952102709921,99.89978607233097,73.1924453965738,72.8718089847517,7.002243894784195
person_7.mp4,front,424,7073,59.94941055073099,848,478,56.6890464001221,55.0839503552335,101.95710647385769,100.03661681676981,73.59721482192063,73.28964913523966,6.922725024268085
person_7.mp4,front,425,7089,59.94941055073099,848,478,56.28912794685092,54.664565785806566,101.86429437900517,99.22140697158594,73.746149133882,73.35954961056333,7.234127026946127
person_7.mp4,front,426,7106,59.94941055073099,848,478,56.371651791457666,54.64283424543306,101.34683010817496,98.2162270747366,73.44211390609158,73.22816771756386,7.8273766269647895
person_7.mp4,front,427,7123,59.94941055073099,848,478,55.66906710447497,54.070729988761514,99.99156857288665,96.77992661032361,72.3954174773183,72.10582448835818,8.667957455809093
person_7.mp4,front,428,7139,59.94941055073099,848,478,55.182491093484515,52.95361169483077,100.12001680933035,97.56960424263256,73.56205675935433,73.46554769037701,8.419018350269377
person_7.mp4,front,429,7156,59.94941055073099,848,478,53.6356531604195,51.292533415916736,99.10321432952753,96.706802400066,73.01451950937391,72.74836857463572,9.136946080763902
person_7.mp4,front,430,7173,59.94941055073099,848,478,52.93154947865477,50.86295641032699,98.36052057661644,96.21572141852428,72.30270012726572,71.90978422016232,9.442282114962028
person_7.mp4,front,431,7189,59.94941055073099,848,478,52.10227557587196,49.78920860949924,95.39368856626444,93.18075504352488,71.40723812519761,71.09993650553665,11.872553451781188
person_7.mp4,front,432,7206,59.94941055073099,848,478,50.47348860624702,48.89131391731258,94.06114997914479,92.4352436130952,69.51020615386078,69.84994923309745,12.233051263199174
person_7.mp4,front,433,7223,59.94941055073099,848,478,48.997121995095135,47.50440203071858,88.61954921812226,87.12105805459949,68.39439937153963,68.8394957337756,17.096896598156388
person_7.mp4,front,434,7239,59.94941055073099,848,478,48.38167632627383,46.802909729123286,87.13721484044531,85.28196301092788,68.20233734472095,68.4459563308953,18.622428220246217
person_7.mp4,front,435,7256,59.94941055073099,848,478,47.33809570130219,46.2479591279434,86.98796882449098,85.51778750713575,67.68598488396717,68.22055900817705,18.593862940131963
person_7.mp4,front,436,7273,59.94941055073099,848,478,44.61090210280912,44.704786654705956,79.35050067919174,78.27425101561933,64.35463569524266,65.24409844690409,25.258160951915283
person_7.mp4,front,437,7289,59.94941055073099,848,478,43.16442643155376,43.86777184134587,77.93707252009143,77.32275222435545,63.17331014810161,64.4754183034036,25.91367287178964
person_7.mp4,front,438,7306,59.94941055073099,848,478,43.83547290556055,44.08389440546614,80.29121353199874,79.48518102822462,63.66557736348383,65.18359932899874,23.65251885774413
person_7.mp4,front,439,7323,59.94941055073099,848,478,43.94607547365058,44.985118671173744,78.43896153307361,77.3613300057429,64.1246473342113,65.91027797500645,25.681975924401236
person_7.mp4,front,440,7340,59.94941055073099,848,478,44.60371991047813,45.206625337851165,78.69992401586744,77.87559330682612,64.73358023234607,66.23109581774271,25.44532825984154
person_7.mp4,front,441,7356,59.94941055073099,848,478,45.513275586496995,45.962810341261836,81.09045861698878,79.90908462725623,65.4753110070071,66.5613819573004,23.3533490886962
person_7.mp4,front,442,7373,59.94941055073099,848,478,45.89966044963572,45.68016976702216,80.64629379515222,79.21112061808545,65.65559235861932,66.25626278546189,23.952345756401062
person_7.mp4,front,443,7390,59.94941055073099,848,478,45.87084568366978,46.090541961613994,80.83915049876676,79.90100437808715,65.60605984078794,66.29294224044224,23.255415204175904
person_7.mp4,front,444,7406,59.94941055073099,848,478,46.07693313447738,46.33841139753376,80.96661155331353,79.83540811691505,65.90864500071278,66.61964563035045,23.32960989687852
person_7.mp4,front,445,7423,59.94941055073099,848,478,46.48935257742583,46.260927102725766,81.99726934141786,80.94503058296793,65.94773612856619,66.84585494280138,22.353705379248936
person_7.mp4,front,446,7440,59.94941055073099,848,478,46.71389762060671,45.9728939695177,82.76991620705036,81.35873482866405,67.79253253625086,67.95722860618655,21.97391325717536
person_7.mp4,front,447,7456,59.94941055073099,848,478,47.590562286218265,46.82460757767005,84.5059338995794,82.29556645335715,68.35210235189653,68.32768597965838,20.844179608985375
person_7.mp4,front,448,7473,59.94941055073099,848,478,47.52244085837679,46.08297025347077,84.51752872172744,82.58911531919432,68.49411785243196,68.464733275408,20.683253298435655
person_7.mp4,front,449,7490,59.94941055073099,848,478,48.20181050569165,47.01765377274645,84.54498768963138,83.05310973253813,68.08581210136282,68.34472785034798,20.560574629923636
person_7.mp4,front,450,7506,59.94941055073099,848,478,48.11259496074013,47.337427490394425,85.38685407417427,84.19341515709598,67.91943614665671,68.28824060739309,19.611035739803295
person_7.mp4,front,451,7523,59.94941055073099,848,478,48.62964262180264,48.0710810987033,85.34314373001057,84.28790013655076,67.85972796970283,67.81323149777555,19.614448486385765
person_7.mp4,front,452,7540,59.94941055073099,848,478,48.4089346941031,47.77503639938501,85.1786533984237,84.38645162814204,67.86228299173014,67.87248974468571,19.72630537222734
person_7.mp4,front,453,7556,59.94941055073099,848,478,48.512332097094486,48.3698104887923,85.39838734596435,84.90332029207313,67.99555457983072,68.49371594142143,19.366458328888182
person_7.mp4,front,454,7573,59.94941055073099,848,478,48.55808424703547,48.51714177543235,88.31665208951307,87.64441850826684,68.58023569211839,68.89462519905098,16.896854382048062
person_7.mp4,front,455,7590,59.94941055073099,848,478,48.4415358770733,48.6926920694117,88.20269090514353,87.5406371078507,68.53578366858714,68.46347579637462,16.995976466013808
person_7.mp4,front,456,7606,59.94941055073099,848,478,48.54240564460739,48.55756325186844,88.01335487639376,87.56230117227882,68.19139659478752,68.32919712004059,17.123142849763326
person_7.mp4,front,457,7623,59.94941055073099,848,478,48.31873275977789,48.6630232313241,88.10104599381776,87.54086161015987,67.64839132308566,68.31381275043903,17.21007508874328
person_7.mp4,front,458,7640,59.94941055073099,848,478,49.04912843055094,49.682479741360915,86.96043505970225,86.41838688057217,67.36085599687999,68.37351972695906,18.510301292263165
person_7.mp4,front,459,7656,59.94941055073099,848,478,49.97148612681393,50.46203538504733,87.5210384178909,86.74144584150083,67.97921366444847,68.82339838562235,18.310094321188885
person_7.mp4,front,460,7673,59.94941055073099,848,478,50.15148033127507,51.02993397096604,88.08863267706481,87.41252095890533,68.07342053009121,68.8773283557101,17.891505408246083
person_7.mp4,front,461,7690,59.94941055073099,848,478,51.4673856681607,52.1863472466533,88.98260432468022,87.99896988515104,68.72884810856593,69.12469923323663,17.6010739001838
person_7.mp4,front,462,7706,59.94941055073099,848,478,51.80239033597845,52.51647948848372,91.01594823768328,89.78361990408405,68.86012234438414,69.3836322529041,16.01382462977468
person_7.mp4,front,463,7723,59.94941055073099,848,478,52.280950249284146,52.77492271796755,91.18887783214481,89.8695973462328,69.16749650020925,69.37273754203302,16.265697264388773
person_7.mp4,front,464,7740,59.94941055073099,848,478,50.80504756663101,50.71999074568842,90.04405582569113,88.84251398078102,68.40082614836976,68.72679345227127,17.638892004899095
person_7.mp4,front,465,7757,59.94941055073099,848,478,52.203865920534746,51.4593539183011,92.79821097003365,91.32645545107985,69.08107013610214,69.09142127616224,15.624916655339781
person_7.mp4,front,466,7773,59.94941055073099,848,478,52.51035805574113,51.83984651269716,94.26040397092444,92.75507149064092,68.79703858819926,68.77671077943641,14.425247694260477
person_7.mp4,front,467,7790,59.94941055073099,848,478,52.549824545811425,52.04376088479804,93.95293661008485,92.49906343313252,68.19156742367261,68.31100726769805,14.912239505943
person_7.mp4,front,468,7807,59.94941055073099,848,478,53.70212947047063,52.46012927743405,94.38793356130688,92.53990104677351,68.44958603590301,67.23053042030256,15.166835493787497
person_7.mp4,front,469,7823,59.94941055073099,848,478,55.234405375603714,55.174313634863374,93.18657567956173,90.64596625003955,67.76631330936844,67.43596612267648,16.705861562089353
person_7.mp4,front,470,7840,59.94941055073099,848,478,55.173891122779374,54.66339590424405,88.60808734476778,85.78709383294247,67.55976476888712,66.64996668851732,21.524883840048147
person_7.mp4,front,471,7857,59.94941055073099,848,478,55.17699525351526,55.31602895740855,89.2922748178135,86.9873037921742,67.23480068328087,67.96006219552847,20.954107996965142
person_7.mp4,front,472,7873,59.94941055073099,848,478,55.29397765932658,55.8568714469221,90.12425618842443,88.23646968457246,67.1593846723264,67.04545353249438,20.495112813868577
person_7.mp4,front,473,7890,59.94941055073099,848,478,55.105659462047974,55.71754374528445,91.58214442426839,89.67203904412261,66.64270284736354,65.99826708201456,19.637523133693964
person_7.mp4,front,474,7907,59.94941055073099,848,478,55.36075175971888,56.28849440842038,94.57137898444213,93.364328659475,66.07787394774334,65.97727902706188,16.617723898625567
person_7.mp4,front,475,7923,59.94941055073099,848,478,56.08184438602615,57.876351373892945,94.67548184937851,93.69267304576461,66.09010129046831,66.22590565221964,16.619800018385625
person_7.mp4,front,476,7940,59.94941055073099,848,478,57.87704764554604,60.19173777915592,98.55796807727354,97.6068802335089,67.80250414792427,68.21187327705137,13.23071644980033
person_7.mp4,front,477,7957,59.94941055073099,848,478,58.85359256809963,61.20017435627744,98.15258468581663,97.82955616708789,68.38840536139072,69.05976295238115,13.771041949579379
person_7.mp4,front,478,7973,59.94941055073099,848,478,58.86823743797757,62.15742871765082,98.05812664622681,98.86832706896718,68.6245743747695,68.64678554890983,13.853854962808425
person_7.mp4,front,479,7990,59.94941055073099,848,478,58.25485447368008,61.82447119067618,96.62993853876289,98.4413230220177,67.8400594912887,67.97506169161309,14.854804828588401
person_7.mp4,front,480,8007,59.94941055073099,848,478,59.09885851584044,62.31861570239887,97.01267492187088,98.53583818735396,67.73007392824238,68.24367712548971,14.908336831422059
person_7.mp4,front,481,8023,59.94941055073099,848,478,59.454850085524605,62.77346166341916,93.47167391748157,94.1401783043965,67.48350631103203,67.77164131339777,19.330013825453477
person_7.mp4,front,482,8040,59.94941055073099,848,478,59.63777358152248,62.788951004604804,94.40289412875795,96.21532443890042,66.4116187825263,67.13682264715155,19.338446165283543
person_7.mp4,front,483,8057,59.94941055073099,848,478,60.59435259640519,63.515942793472306,95.76800647510399,96.84123249291157,66.23745933719162,67.82028511061205,18.863862811104227
person_7.mp4,front,484,8073,59.94941055073099,848,478,60.25839664561385,62.91994750929521,96.79864626149607,97.01977895950972,64.86123493559357,66.05170308715043,19.31889685886564
person_7.mp4,front,485,8090,59.94941055073099,848,478,61.661945639587564,62.84092422725834,94.43906591388988,94.60968908422078,66.68848383160814,64.57950471276109,21.93680348690635
person_7.mp4,front,486,8107,59.94941055073099,848,478,62.86751450214498,63.47078477302832,90.57354935746378,91.0698438564138,67.24519765718631,64.26911985895708,26.117140950813408
person_7.mp4,front,487,8124,59.94941055073099,848,478,65.53008709891128,66.62461826334741,91.63367177534352,91.1833001011854,67.0121475807076,66.93299512278652,26.858327579593688
person_7.mp4,front,488,8140,59.94941055073099,848,478,69.05573840159846,70.52804213434283,95.84407063273353,95.61084262721685,67.27852716748212,69.0777729414754,25.67605395083022
person_7.mp4,front,489,8157,59.94941055073099,848,478,74.09204610133163,72.56767166735612,101.65798751294348,99.31212515202853,67.97499222070928,69.54117848432993,25.05771068564896
person_7.mp4,front,490,8174,59.94941055073099,848,478,86.10333420487423,82.04346978887673,115.28224212546863,109.99011869026154,69.75517265847013,71.72579556190865,23.478105554569808
person_7.mp4,front,491,8190,59.94941055073099,848,478,85.5698870014766,80.5573327690779,117.00861339317497,110.13295957741529,68.82659712526781,70.750496668682,22.502628340164033
person_7.mp4,front,492,8207,59.94941055073099,848,478,93.35065330527874,86.56765708519308,124.79143175001926,116.36019070419002,68.34505161202053,70.98367176446632,22.986519221414007
person_7.mp4,front,493,8224,59.94941055073099,848,478,97.24005281323913,87.7830103723545,126.40924704977711,115.61705950871102,70.03444551797713,72.20030192051605,22.992553882001598
person_7.mp4,front,494,8240,59.94941055073099,848,478,94.5358147575374,91.47234898940928,121.8866974208657,118.73050582213912,70.74030249283766,71.98818147836174,24.127562562269095
person_7.mp4,front,495,8257,59.94941055073099,848,478,102.82390027134062,100.51738704580357,128.69611609170934,126.9425816619141,71.69723497418224,73.05140963717466,24.661449934092577
person_7.mp4,front,496,8274,59.94941055073099,848,478,105.59998308906384,101.93210720427503,131.38247506580936,127.7643001246128,72.70936705789845,73.87324760956673,23.62487671367695
person_7.mp4,front,497,8290,59.94941055073099,848,478,110.70329488424557,110.80656812515812,135.86970816301576,135.63755468227743,74.20317729433513,75.73392346242255,22.941037943293505
person_7.mp4,front,498,8307,59.94941055073099,848,478,108.42489978320432,111.6186284508621,133.31411186239876,137.9994161670215,73.83132168319212,74.71840155357535,22.591775380243423
person_7.mp4,front,499,8324,59.94941055073099,848,478,112.57058023265549,119.81078840301626,136.28330725352538,146.27017975092997,73.97204548909457,75.16567951943543,22.981538335881496
person_7.mp4,front,500,8340,59.94941055073099,848,478,124.63205927419753,131.0675821768949,144.7328614581525,154.7343370942982,78.13806134566036,79.15719249570228,22.256141751499264
person_7.mp4,front,501,8357,59.94941055073099,848,478,127.79892572194193,125.88483325157657,149.55278239424183,149.8144726057513,77.44962773167602,80.00111280542303,21.450066391338588
person_7.mp4,front,502,8374,59.94941055073099,848,478,126.7652374199964,128.99251349436867,150.87169481371035,155.53811194723156,75.93229017037858,79.23655667223237,20.84392650388925
person_7.mp4,front,503,8390,59.94941055073099,848,478,124.99718636393729,126.41109620297965,150.8932943800291,153.1763901027452,74.43264744529958,78.45452538180628,20.50457097768241
person_7.mp4,front,504,8407,59.94941055073099,848,478,127.40075890164111,128.90609744889235,151.50556434507803,153.74656857960144,76.24934094477463,79.66619816167695,20.444200775499176
person_7.mp4,front,505,8424,59.94941055073099,848,478,130.2060457890224,135.45002024274893,153.53433099076753,160.29119990154885,76.52191952118321,79.05323729914755,20.722962098776033
person_7.mp4,front,506,8440,59.94941055073099,848,478,133.13751066835817,138.9749513336831,154.29380738791386,162.6155401848753,78.86187772766618,80.63700112948514,20.438211886888688
person_7.mp4,front,507,8457,59.94941055073099,848,478,138.81790659672487,143.01366645579043,158.52070136701897,163.73131675715248,81.6177278061218,83.63324284807508,19.203887107193776
person_7.mp4,front,508,8474,59.94941055073099,848,478,136.58969478377657,143.64096440846748,157.07627351815327,165.682408306638,80.89065804154004,82.29255343231472,19.021363343178088
person_7.mp4,front,509,8490,59.94941055073099,848,478,138.21049111585236,143.00505859212726,159.1359087524218,164.22373524280877,80.70624126440538,83.23222900583254,18.834917588447773
person_7.mp4,front,510,8507,59.94941055073099,848,478,136.85228368559277,145.33345281771096,158.31285752135798,167.51852461610721,80.10078958387267,82.16791837215311,18.697835191804835
person_7.mp4,front,511,8524,59.94941055073099,848,478,139.74247144452642,145.78076959653936,160.54805632461571,166.89824630346476,81.17102997326425,83.6272528440754,18.689477625182747
person_7.mp4,front,512,8541,59.94941055073099,848,478,135.85949156196997,144.90960666296348,157.6932243333897,167.3255833184332,80.31971094224939,81.7213707245512,19.09953633796672
person_7.mp4,front,513,8557,59.94941055073099,848,478,134.26499895348363,144.83003534278515,156.87866405956692,167.33565600942632,79.65335032492297,81.22021173591129,19.57480901891958
person_7.mp4,front,514,8574,59.94941055073099,848,478,131.7049174708059,143.75519937228967,154.99294463177395,167.68255671591868,78.1232633319725,79.24392962825463,19.94067433213911
person_7.mp4,front,515,8591,59.94941055073099,848,478,135.66670229666767,143.53595189238166,157.34698553434484,164.858177959488,80.50644886429598,82.54335928811985,19.41869994512447
person_7.mp4,front,516,8607,59.94941055073099,848,478,136.0730783794035,145.16537899056564,157.01459122587787,165.4710259351207,80.27250561850269,82.9159196559993,19.70221552037357
person_7.mp4,front,517,8624,59.94941055073099,848,478,135.02987378204537,145.0057728942626,155.68948141132873,165.96585829651568,79.7424953293639,81.69882962602289,20.293830920375328
person_7.mp4,front,518,8641,59.94941055073099,848,478,132.91115444316796,144.0256790316597,154.38314519678522,167.4098073065503,78.94271187562987,79.80211535072235,20.273349131350194
person_7.mp4,front,519,8657,59.94941055073099,848,478,134.06303610495036,144.90594675061578,154.7661530133194,166.77271858205856,79.70922809331317,81.56472205392289,20.190966836903907
person_7.mp4,front,520,8674,59.94941055073099,848,478,131.3125289009368,142.97401156385558,153.200436076698,167.45189622562592,77.67900196820995,78.56091767249782,20.666376785981143
person_7.mp4,front,521,8691,59.94941055073099,848,478,132.13192678662136,141.77893999827631,153.1970810601201,164.99931701575582,78.86210673941268,80.28333501621752,20.694773240244295
person_7.mp4,front,522,8707,59.94941055073099,848,478,131.3092234478772,142.04812366718934,152.19707073221647,164.5018443322102,78.86700694035419,80.3453153614272,20.911939955265947
person_7.mp4,front,523,8724,59.94941055073099,848,478,130.96080077820935,141.87120917234927,151.17960119935248,165.4732014574013,78.91931475978632,78.21956207051002,21.319790252330424
person_7.mp4,front,524,8741,59.94941055073099,848,478,129.83907624196064,141.2961531509023,150.35466975315248,164.4444683603262,78.48334091469073,79.0761333519048,21.306973588407853
person_7.mp4,front,525,8757,59.94941055073099,848,478,128.0863379634594,140.7140125224704,149.9918424724846,163.8838832065071,76.91120999521011,78.87397422304724,21.466760870275646
person_7.mp4,front,526,8774,59.94941055073099,848,478,127.3005126199323,140.7600582265265,149.28669648701063,163.83581892742362,75.98623698060568,78.06183195923674,21.97403105087254
person_7.mp4,front,527,8791,59.94941055073099,848,478,126.75475189435609,140.5104633533764,148.9090029905713,163.3887052181884,75.97190523858447,78.61153869596203,21.85679583578769
person_7.mp4,front,528,8807,59.94941055073099,848,478,126.08301840062566,140.23886191448355,149.02010303873038,163.2680560504262,75.62798236189434,78.32993270621068,21.852234281608062
person_7.mp4,front,529,8824,59.94941055073099,848,478,126.39917360355098,140.16633521921656,149.09270594420533,162.96177049915087,76.24077475585266,79.05225038929048,21.722343332150658
person_7.mp4,front,530,8841,59.94941055073099,848,478,126.27918651707893,140.8600425931376,149.23843233409804,162.8143724327719,75.77367177032602,80.3758246147486,21.73828186505994
person_7.mp4,front,531,8857,59.94941055073099,848,478,124.83320125750626,140.2469088410475,148.21528554939772,162.02012214569402,75.51371605062039,79.3107038844252,21.717934473728217
person_7.mp4,front,532,8874,59.94941055073099,848,478,123.51101729572348,139.46702653425962,147.39708247894777,161.98682536108572,75.25676388715178,78.90022758543434,21.6493078242881
person_7.mp4,front,533,8891,59.94941055073099,848,478,122.62568762555513,138.59686584780164,146.91811652080438,162.12213570337133,75.22019409490093,78.1092547163261,21.526673653330697
person_7.mp4,front,534,8908,59.94941055073099,848,478,122.76364517930469,138.75200242800364,147.05978646089068,162.01531588116922,75.03637404904828,78.77867529391109,21.477227148412414
person_7.mp4,front,535,8924,59.94941055073099,848,478,122.87342841593188,138.67279333587268,147.106431444397,162.08645298328236,74.39410239724195,78.45088986117668,21.540244850655633
person_7.mp4,front,536,8941,59.94941055073099,848,478,123.50391744463981,138.76711238856507,147.66330251035404,161.77643869028356,74.50849347417248,78.45502665133262,21.655212744081666
person_7.mp4,front,537,8958,59.94941055073099,848,478,125.24097519448955,139.70643025221275,148.2612446192393,162.2865433593167,75.21998646881173,79.11542603503644,21.567747638273737
person_7.mp4,front,538,8974,59.94941055073099,848,478,126.66554424008885,140.38788881474755,148.55352033137754,162.66614797766735,76.27887921024494,79.54261707582025,21.464351730974418
person_7.mp4,front,539,8991,59.94941055073099,848,478,127.30109407745762,140.51644955881557,149.45104484445264,162.78733923067009,76.35867038688988,79.53496860670805,21.264229671656835
person_7.mp4,front,540,9008,59.94941055073099,848,478,125.87963208108249,140.16234957027078,149.4623323420808,162.61900080151736,75.67824973729275,79.33665790184263,21.305828011491215
person_7.mp4,front,541,9024,59.94941055073099,848,478,125.51733959486559,139.8278388012464,149.49114794543485,162.51629598210013,75.48762579877001,79.25701130443306,21.2997476511386
person_7.mp4,front,542,9041,59.94941055073099,848,478,125.24947497448227,139.3921387525679,149.5152969954825,162.12783629455726,75.4170934795175,79.00968170223622,21.30719678229966
person_7.mp4,front,543,9058,59.94941055073099,848,478,125.05307894012178,139.33652175674072,149.63489094417955,162.0449405493428,75.23519409366331,79.02766755160361,21.344994558763332
person_7.mp4,front,544,9074,59.94941055073099,848,478,125.69421186846333,139.460751499175,149.9881180816149,162.01371973138637,75.61327854092106,79.10721534237834,21.31975182496187
person_7.mp4,front,545,9091,59.94941055073099,848,478,125.72270994006651,139.32049420026692,150.00656779884173,161.88132893314892,75.58941402008652,78.93884452803069,21.347660910203352
person_7.mp4,front,546,9108,59.94941055073099,848,478,125.2544408783848,139.1075988819317,150.2522260297887,161.7394570909673,75.03116927345488,78.81358005206583,21.37625941222371
person_7.mp4,front,547,9124,59.94941055073099,848,478,124.96380538499761,138.98153615169068,150.17356031437538,161.7681769275055,74.78435151133617,78.6009265202965,21.537009812341257
person_7.mp4,front,548,9141,59.94941055073099,848,478,124.9439749824994,138.75785004413018,150.25106720410184,161.49762426500598,74.76955378149574,78.47042598027917,21.613142605823278
person_7.mp4,front,549,9158,59.94941055073099,848,478,125.45163130645494,138.9891398082758,150.42935096056243,161.42239571155727,75.11046057830156,78.5002621662452,21.62411927142676
person_7.mp4,front,550,9174,59.94941055073099,848,478,125.69762342045799,138.93466356300888,150.4529364513982,161.37867597827312,75.4049549632083,78.44979498321047,21.634197650237518
person_7.mp4,front,551,9191,59.94941055073099,848,478,125.86014940674868,138.89141546859105,150.40974373191176,161.35025176046125,75.53650933594432,78.42780693345318,21.652715932663874
person_7.mp4,front,552,9208,59.94941055073099,848,478,125.86242328566355,138.9173284596207,150.37920880102507,161.40650950464607,75.46288479263916,78.42414090400582,21.665551827020018
person_7.mp4,front,553,9224,59.94941055073099,848,478,125.72089454619125,138.97238812650687,150.32074699592346,161.38829221910137,75.53229787707672,78.41843354004992,21.68276572541724
person_7.mp4,front,554,9241,59.94941055073099,848,478,125.9070263931477,139.15437959811274,150.40754918377263,161.39283724703643,75.49841856830004,78.53711434488702,21.66621101681741
person_7.mp4,front,555,9258,59.94941055073099,848,478,126.16461623511034,139.4408917584493,150.43393747878565,161.4037884652944,75.66854650387621,78.83075222728394,21.658819704758358
person_7.mp4,front,556,9274,59.94941055073099,848,478,126.13646415384669,139.07014797273203,150.30302054773168,161.56570380203627,75.61568524136769,78.51479406968619,21.687142180672627
person_7.mp4,front,557,9291,59.94941055073099,848,478,126.18300992853841,139.483666402831,150.29576570593605,161.56307673251578,75.77790521077972,78.96620266736784,21.674370787894425
person_7.mp4,front,558,9308,59.94941055073099,848,478,126.36011562115816,139.76523649400048,150.3166341271169,161.56311744590147,75.77109590244227,79.13076829988158,21.660919150603743
person_7.mp4,front,559,9325,59.94941055073099,848,478,126.44469258761266,139.3493149425114,150.0424633548852,161.51989381827426,75.7199827614979,78.71751028142292,21.83344605986554
person_7.mp4,front,560,9341,59.94941055073099,848,478,126.54225058750026,139.37829722940228,150.08656537177507,161.53987500542397,75.75665198700221,78.74365504355869,21.82975772841635
person_7.mp4,front,561,9358,59.94941055073099,848,478,126.21033363147039,138.94883624665627,150.0993107810254,161.51174593228626,75.52410761113931,78.33925221600641,21.89483420331756
person_7.mp4,front,562,9375,59.94941055073099,848,478,126.0561376004898,138.76337188017808,150.50397469409836,161.4631422222464,75.16044800143725,78.27546160086523,21.891935338638962
person_7.mp4,front,563,9391,59.94941055073099,848,478,126.1276572173376,138.48245874972773,150.45998766194037,161.00899077105007,75.23737958928719,77.91659592053011,22.15182493055379
person_7.mp4,front,564,9408,59.94941055073099,848,478,125.21064144326853,136.81203520765598,150.17132532838724,160.96692497957537,74.61972940989665,76.69840781848092,22.220246755317056
person_7.mp4,front,565,9425,59.94941055073099,848,478,123.64348829825546,136.2706259668121,150.03998650892822,161.1713780008572,73.1989805392009,75.45408586129955,22.437868846027342
person_7.mp4,front,566,9441,59.94941055073099,848,478,123.0297960678775,136.1571799583204,150.0211201659546,161.45145512182225,72.48830569690107,74.86485686218477,22.54344762762649
person_7.mp4,front,567,9458,59.94941055073099,848,478,122.99521013791302,136.2099298528139,149.92461925813402,161.89591611798363,72.45530704905408,74.56616301615776,22.559128316409453
person_7.mp4,front,568,9475,59.94941055073099,848,478,123.28350306975699,137.02786688629394,149.84592401182596,162.38042795086133,72.69038151296219,75.10738982270524,22.551853138820857
person_7.mp4,front,569,9491,59.94941055073099,848,478,123.7199014755896,137.60104317138834,150.0466058993434,162.67346700360747,73.06478618213072,75.49391419691452,22.398953064583495
person_7.mp4,front,570,9508,59.94941055073099,848,478,123.9044309474127,137.55148863229923,150.04832925471644,162.63274999936675,73.23261895568795,75.61347399062433,22.383841405487342
person_7.mp4,front,571,9525,59.94941055073099,848,478,123.97806101683767,137.33881743591508,150.18730790170648,162.62962968350357,73.32138808720373,75.56789286367501,22.285732632847633
person_7.mp4,front,572,9541,59.94941055073099,848,478,123.81771906215748,137.28953062158908,150.1023849573104,162.4885108173172,73.18300484869631,75.65497783505619,22.23113772594575
person_7.mp4,front,573,9558,59.94941055073099,848,478,123.7817839017795,136.89234921885196,149.9634491177605,162.53893494578492,73.02345680111416,75.39599369942275,22.23504615245216
person_7.mp4,front,574,9575,59.94941055073099,848,478,123.52595011405613,136.90033456855303,149.6872644027485,162.4198450355755,73.05014579036693,75.33892801003559,22.303565139714685
person_7.mp4,front,575,9591,59.94941055073099,848,478,123.18152870245544,137.0020690251724,149.32555498601812,162.33826303923516,73.05546544718118,75.42685314790874,22.373933732884083
person_7.mp4,front,576,9608,59.94941055073099,848,478,123.71004114693794,137.0759782383668,149.14316566644305,162.68350402531198,73.65078460032268,75.8832353215704,22.054559090490237
person_7.mp4,front,577,9625,59.94941055073099,848,478,124.12832555549863,137.25501623731776,149.16820990672832,162.8687313220184,74.12051754311473,76.31575647540677,21.902057244612116
person_7.mp4,front,578,9641,59.94941055073099,848,478,124.31886254201429,137.27482786131907,149.18711533565863,162.96724512657997,74.40240458162577,76.22324033398117,21.827974719117176
person_7.mp4,front,579,9658,59.94941055073099,848,478,124.56650570246823,138.3661484855214,148.98514170289232,162.98225047325397,74.86239835585818,77.09620131547084,21.750801271281055
person_7.mp4,front,580,9675,59.94941055073099,848,478,124.06849347177868,138.3612248658453,148.61581385123225,163.26273666848905,74.76380506317327,77.16793498878204,21.5743524871066
person_7.mp4,front,581,9692,59.94941055073099,848,478,123.95653150253231,138.82106975638564,148.32721936649844,163.51906247079384,74.85984610876308,77.58489839244156,21.388047384263714
person_7.mp4,front,582,9708,59.94941055073099,848,478,123.8517625441066,138.80995897347432,148.277834396808,163.48153713914397,74.7738323753819,77.63109374471169,21.45685903188175
person_7.mp4,front,583,9725,59.94941055073099,848,478,123.60625997708053,138.23763538300688,148.30285795703915,163.3600349100446,74.56380205016696,77.34147636043812,21.5323723909264
person_7.mp4,front,584,9742,59.94941055073099,848,478,122.77514921237113,138.14014192299757,147.81480667626897,163.29236909853276,74.31801836084561,77.32610224901245,21.53189666555549
person_7.mp4,front,585,9758,59.94941055073099,848,478,121.86332558163969,138.04924963192303,147.42072211775297,163.28926617877025,74.17108329527326,77.53400398534741,21.45631335657916
person_7.mp4,front,586,9775,59.94941055073099,848,478,120.54418317497947,137.86753078272872,146.67540472465882,163.27926052278517,73.77638187163389,77.70911895279593,21.458901506326033
person_7.mp4,front,587,9792,59.94941055073099,848,478,120.56446148351961,137.7998609986704,146.65430605434923,163.29032101599125,73.81838830544147,77.70061381561317,21.47597029024538
person_7.mp4,front,588,9808,59.94941055073099,848,478,120.67420613959658,137.80888515541002,146.72525846635187,163.2836834638689,73.9546785846103,77.70125257919415,21.491980695046877
person_7.mp4,front,589,9825,59.94941055073099,848,478,119.79701317179791,136.94700756936916,146.05706548783462,162.49920103813943,73.8394370031835,76.8871263972075,21.92982057465375
person_7.mp4,front,590,9842,59.94941055073099,848,478,120.93526334521718,136.91519517524162,146.99747157998888,162.44275123294665,74.2494090877423,76.90825179402016,21.864094646569676
person_7.mp4,front,591,9858,59.94941055073099,848,478,120.7485757293354,136.4604328998185,146.88650307760992,162.80833849607157,74.31346456835816,76.53373863387975,21.874313950709556
person_7.mp4,front,592,9875,59.94941055073099,848,478,119.28176865269916,135.56576515983463,147.02389839973821,162.65661537163885,73.9623103560753,76.17142212711478,21.637727698178477
person_7.mp4,front,593,9892,59.94941055073099,848,478,118.44984294233494,134.8317629181368,146.99347873962418,162.98624814193994,73.3468245025911,75.5632685464511,21.575447025608412
person_7.mp4,front,594,9908,59.94941055073099,848,478,117.81038574076864,133.87343862350014,146.42229758437648,163.40952698657068,72.83806923926188,74.92307889712554,21.71189034486473
person_7.mp4,front,595,9925,59.94941055073099,848,478,117.65916027380634,134.98954899236404,146.57941767828848,163.94497838984645,72.5050861076949,75.16965878611724,21.524140166135766
person_7.mp4,front,596,9942,59.94941055073099,848,478,119.9483841800997,137.18128593884563,148.0032496648726,165.4094346048019,73.29476059538521,75.87070659121336,21.35074783780617
person_7.mp4,front,597,9958,59.94941055073099,848,478,119.53279323378814,135.82566108877623,147.9201375743113,164.7498721585395,73.5708184913268,74.74210342945321,21.202558223872817
person_7.mp4,front,598,9975,59.94941055073099,848,478,118.45596077846918,135.50312621425925,147.3336431928598,164.28520110674364,73.21088285880943,76.02139375932465,21.0947088433808
person_7.mp4,front,599,9992,59.94941055073099,848,478,118.98600175928829,134.64935722997353,147.79807639319222,163.66903893497542,73.3156037790414,75.75334352659512,21.032894761995507
person_7.mp4,front,600,10008,59.94941055073099,848,478,121.25555020561426,135.5053342873105,148.92560297392882,164.19902267362968,74.03884638627527,77.2043847538523,20.78399565539031
person_7.mp4,front,601,10025,59.94941055073099,848,478,123.80058876922631,136.8133100961499,149.18495496441648,164.0767443294261,76.18024287057405,80.43134914970125,19.966081224356092
person_7.mp4,front,602,10042,59.94941055073099,848,478,125.98535727393131,136.66995276551154,149.31468378320787,164.062891260696,77.3433628917187,79.90320608109832,19.920902202193545
person_7.mp4,front,603,10058,59.94941055073099,848,478,125.77926356485995,136.4969369488668,149.2437283124942,163.4740885145081,77.39402830281907,80.38835822397066,19.92213394878859
person_7.mp4,front,604,10075,59.94941055073099,848,478,126.8030507033347,136.68134822220188,149.8599023296824,163.30109381573547,78.3107885180691,81.74716412564787,19.612949468652687
person_7.mp4,front,605,10092,59.94941055073099,848,478,128.44804267389077,136.72467398690847,149.93821703970949,162.42172473033455,79.78470404769247,82.5244458251308,19.66537283416034
person_7.mp4,front,606,10109,59.94941055073099,848,478,128.4327546587621,137.32581119788588,150.27481147741904,162.0119442476044,79.79019822624734,83.2898977349422,19.355585572065728
person_7.mp4,front,607,10125,59.94941055073099,848,478,129.0359562236765,137.44262981117606,150.24091374120482,162.38695777125932,80.17095133682669,83.27925456696904,19.292202073933826
person_7.mp4,front,608,10142,59.94941055073099,848,478,130.70473940575394,133.30058458027437,148.23026125569882,156.96154865740496,82.89957515618714,84.40642137883889,19.519859428406612
person_7.mp4,front,609,10159,59.94941055073099,848,478,131.7608577881883,132.54989516492344,150.13022064882765,157.4991467111015,82.54141273607031,82.74620864405432,19.6918340610908
person_7.mp4,front,610,10175,59.94941055073099,848,478,130.98370691064602,132.56131888625725,146.39731412375542,155.39503209953503,85.1418256285624,85.15464256276206,19.547033426630016
person_7.mp4,front,611,10192,59.94941055073099,848,478,127.96158283999262,131.72539479046517,146.38024782142273,155.5083120810306,82.11940629763421,83.95570025767844,19.92357441111562
person_7.mp4,front,612,10209,59.94941055073099,848,478,127.15752158850528,129.65343263559387,143.00980212294436,151.94791128537392,84.50221319072298,85.541307646988,19.863100286567192
person_7.mp4,front,613,10225,59.94941055073099,848,478,123.12232308956251,125.97859700286926,140.71992720999836,149.66616829665583,82.90648786437819,84.22299157345299,19.834461202122103
person_7.mp4,front,614,10242,59.94941055073099,848,478,121.38134485387569,123.97126687417145,140.39559361686887,148.10801985571118,81.61810118113962,83.76520975315985,20.020772176871986
person_7.mp4,front,615,10259,59.94941055073099,848,478,114.88044774066682,117.0381067800742,136.1010994603593,143.03260550602118,79.38291189785883,81.58092405102873,20.178333066585015
person_7.mp4,front,616,10275,59.94941055073099,848,478,111.66398924407491,114.81664838032944,132.47936332082102,140.3831935154832,80.12613006908853,82.2095367466825,20.137254489517172
person_7.mp4,front,617,10292,59.94941055073099,848,478,112.28011937278401,111.64491228014604,133.79580015450853,136.9540297917438,79.55375678154144,81.71300987829567,20.280979150964903
person_7.mp4,front,618,10309,59.94941055073099,848,478,109.47740973182272,111.41074389589282,130.50154282937962,137.32326304899541,80.20641298563257,81.44840383246434,20.384286712940725
person_7.mp4,front,619,10325,59.94941055073099,848,478,109.42881144988915,108.66480644667595,132.50429418514986,136.0019916237572,78.43089884081992,81.13875279506053,19.83378518132666
person_7.mp4,front,620,10342,59.94941055073099,848,478,109.04894731333604,107.93063115990586,131.49636278606943,134.33433091465827,79.35611991607169,81.56007282550215,19.927521106862343
person_7.mp4,front,621,10359,59.94941055073099,848,478,104.6056968368774,104.92694004151952,127.6403011981543,131.46797253203826,79.25904829288336,81.6093246955745,19.56089749793766
person_7.mp4,front,622,10375,59.94941055073099,848,478,102.55766042171832,102.87523596484344,127.60053531636179,130.43698509522028,77.56107256109242,80.91226344451076,19.382206048634266
person_7.mp4,front,623,10392,59.94941055073099,848,478,99.53417835279224,99.804015492977,124.33012973513473,127.65705075080163,77.2363422764374,79.80979282639323,19.559552210726164
person_7.mp4,front,624,10409,59.94941055073099,848,478,97.54577768512057,97.02851267020316,123.17990921900564,124.85058820830933,75.96254462295398,78.83449300727152,19.57770329683357
person_7.mp4,front,625,10425,59.94941055073099,848,478,98.03394810311381,95.75260911993354,124.0264846254073,124.33302423350264,76.25558508243712,79.29654854606483,18.813958186871414
person_7.mp4,front,626,10442,59.94941055073099,848,478,99.68186594257209,93.97831316659338,125.75123308758798,122.57131261649816,76.79404427873763,79.90444057869277,18.167269317418665
person_7.mp4,front,627,10459,59.94941055073099,848,478,96.3427462951697,92.60105185965479,123.27507051311414,121.45966062567722,76.48498090603178,79.35673305477975,18.21824980178887
person_7.mp4,front,628,10475,59.94941055073099,848,478,95.22883604132804,95.23678411059858,123.40128839784877,124.67200051698937,75.21346402171656,78.57391326341246,18.4914257691011
person_7.mp4,front,629,10492,59.94941055073099,848,478,91.10901813869448,94.0220771431986,121.00925251484962,124.60091550029206,73.62529558171983,77.31630569875495,18.71927416818174
person_7.mp4,front,630,10509,59.94941055073099,848,478,89.27944057282197,91.59657345623967,119.44050890797068,122.76235956962603,73.48198503516431,76.98824673083685,18.70286261007356
person_7.mp4,front,631,10526,59.94941055073099,848,478,86.187235185603,86.853463181197,117.85439741633279,119.0921503855173,74.00876199919163,77.28690238830653,17.083698794191005
person_7.mp4,front,632,10542,59.94941055073099,848,478,82.60594907167953,85.93772635960529,115.32170388875203,119.16046335360656,73.15777170064169,76.06099628193489,17.27204303034409
person_7.mp4,front,633,10559,59.94941055073099,848,478,82.70894628101821,83.06741684245308,117.09017213046191,116.6040717408559,73.41032748890399,76.63562274150817,16.21994239775388
person_7.mp4,front,634,10576,59.94941055073099,848,478,78.940260148665,81.07390696173566,114.44281541638539,116.1498289260866,73.29968430358092,76.00516386797095,14.98922744070421
person_7.mp4,front,635,10592,59.94941055073099,848,478,74.12093749724836,75.59194190081863,109.45716811450508,109.32466170593193,73.28071007895679,76.09564207020006,14.909417947711681
person_7.mp4,front,636,10609,59.94941055073099,848,478,72.74347661652574,72.84842476239321,107.42984209703555,106.4614984403979,72.58045961316773,75.1149178684684,15.514325294215622
person_7.mp4,front,637,10626,59.94941055073099,848,478,76.08474051400914,76.09126297392402,107.4077851489321,105.35240633962376,76.2897578495153,78.77765325248832,14.86855391554319
person_7.mp4,front,638,10642,59.94941055073099,848,478,75.84568808029337,76.06952987104279,107.94876504539386,105.86284991406784,76.24638445713441,78.78473388144862,14.968380241735188
person_7.mp4,front,639,10659,59.94941055073099,848,478,73.8825065536733,73.99705805682235,106.38696349808005,104.63072491368864,74.76162970507269,77.21761986654373,15.461106801192019
person_7.mp4,front,640,10676,59.94941055073099,848,478,75.50566959896167,75.37238138275687,105.43154985776734,104.04385162916589,76.43293165910623,78.44422513740491,15.671656479234116
person_7.mp4,front,641,10692,59.94941055073099,848,478,76.75847988283145,76.5037673523365,109.21259898351722,107.47592204981527,76.46219359769253,78.86917814669788,14.017194030145724
person_7.mp4,front,642,10709,59.94941055073099,848,478,77.99591987626442,76.69103809753665,109.40253498895379,106.92074033849595,78.52579699745452,80.46252021828606,12.61171778924106
person_7.mp4,front,643,10726,59.94941055073099,848,478,77.51931154994254,76.92771589137548,110.19397239902915,108.65085355675826,78.6739621210469,80.71590415059075,10.790679387397487
person_7.mp4,front,644,10742,59.94941055073099,848,478,76.35381949374772,74.96735992208386,110.34374810092724,107.76754852275027,77.66131702763892,79.7203108772586,10.627678279075232
person_7.mp4,front,645,10759,59.94941055073099,848,478,74.37796271210895,73.4950126220515,109.58478568604538,107.41428897157861,76.25108296892756,78.72428989859202,11.027545673026108
person_7.mp4,front,646,10776,59.94941055073099,848,478,74.43257925858818,74.19679573819218,112.70151441694225,110.95384994802485,76.56305785339593,79.25867946521538,7.647753120419155
person_7.mp4,front,647,10792,59.94941055073099,848,478,72.16223201816513,71.79337456725449,110.14915502527991,108.05137026405806,75.39417047787049,77.60259159042909,9.29324013931666
person_7.mp4,front,648,10809,59.94941055073099,848,478,70.36270890030794,71.07018868584193,109.2139088184265,107.61986876338511,74.19136445008401,76.80950596341548,9.694397699739378
person_7.mp4,front,649,10826,59.94941055073099,848,478,69.67491311173373,69.82297735524259,108.66725457108774,106.69759281023825,74.10219144457083,76.2826865062913,9.35480795604092
person_7.mp4,front,650,10842,59.94941055073099,848,478,66.8181336785867,68.00186244618365,107.03570194809319,105.71088822505315,72.89019132186046,75.246058704423,9.724550929691095
person_7.mp4,front,651,10859,59.94941055073099,848,478,67.93235529105723,68.86615661652712,106.31346886552353,104.8068171658596,74.0875946805582,76.30166555073262,9.358750924041919
person_7.mp4,front,652,10876,59.94941055073099,848,478,66.68872080832912,67.38790117759889,105.45058859635569,104.05619497623006,73.23738106115589,75.24974581390398,10.069582110505298
person_7.mp4,front,653,10893,59.94941055073099,848,478,66.35012965269934,67.15913463738687,104.54776560202042,103.64877284926786,73.2234513287902,75.13860169813807,10.508649989398402
person_7.mp4,front,654,10909,59.94941055073099,848,478,65.69577612843162,65.98397625772009,105.47304132733333,103.78971748439969,72.750399830881,74.6328735210602,9.925701329897038
person_7.mp4,front,655,10926,59.94941055073099,848,478,65.5784490748573,66.08978538474237,105.43242143335226,103.16066794947264,72.63726128978995,74.71095816273592,9.72802589424014
person_7.mp4,front,656,10943,59.94941055073099,848,478,63.60101300850092,65.03824983027766,104.3147107172013,102.76848339063379,71.22922320082021,73.81021955110104,10.078694490136385
person_7.mp4,front,657,10959,59.94941055073099,848,478,62.07657657148196,63.721533977667086,104.67057341686927,102.26297721619936,70.10806260360748,72.60142012092416,9.75728059693649
person_7.mp4,front,658,10976,59.94941055073099,848,478,62.854761842148214,63.31371842126528,104.72738722548542,102.36987815985712,70.27190368875094,72.28401204347453,10.027322050127836
person_7.mp4,front,659,10993,59.94941055073099,848,478,61.92218139291237,63.88491158647946,104.14009962426546,102.31963094087796,70.17984770905322,72.78559517001298,10.061150599757175
person_7.mp4,front,660,11009,59.94941055073099,848,478,61.10921018076452,64.13894914556707,102.73590649630633,100.28435200999705,69.97677847063599,72.61113717477932,10.809570107597603
person_7.mp4,front,661,11026,59.94941055073099,848,478,60.341130177927724,63.107523361321284,100.6526984086834,98.2361727377631,69.3567803099192,71.96062626907465,12.917092055785385
person_7.mp4,front,662,11043,59.94941055073099,848,478,60.731998408014356,63.93771513312876,104.03222207141401,101.58547523235441,70.46569347527266,73.1178461898953,9.526342153317552
person_7.mp4,front,663,11059,59.94941055073099,848,478,59.18864429348543,61.79289445135549,103.22436627612443,101.13651953786639,71.23029065419618,72.68361913996459,9.860978799460945
person_7.mp4,front,664,11076,59.94941055073099,848,478,58.71129020202211,61.31303961572911,104.45487286098353,101.63930926289154,70.59513817005222,72.26789471003143,8.662258549351224
person_7.mp4,front,665,11093,59.94941055073099,848,478,59.11874555249208,60.638873613122385,104.89329197678386,101.75796969850293,71.46808239154714,72.57673081031544,8.34208200638143
person_7.mp4,front,666,11109,59.94941055073099,848,478,58.66069492967982,59.69189083298449,105.7097237665942,102.6938331639431,72.00280450102305,72.45652977386032,8.21859237628698
person_7.mp4,front,667,11126,59.94941055073099,848,478,58.30735291342545,59.569891078886606,105.82991496316839,103.20639140209198,71.19665544011895,71.51335394084894,8.447454152772982
person_7.mp4,front,668,11143,59.94941055073099,848,478,57.978000800758885,59.77998731293849,105.36173092157846,102.69008964972852,71.51368508889756,71.16760733336523,8.181657987090373
person_7.mp4,front,669,11159,59.94941055073099,848,478,54.213220929936945,55.93885264351174,99.01311911104622,97.49790278246326,68.74824964633507,68.19949696662809,12.411604656726173
person_7.mp4,front,670,11176,59.94941055073099,848,478,54.3358688728971,56.135588689147156,99.18835949863947,97.59732750926395,67.5082124268636,69.00063164023051,12.35142801760551
person_7.mp4,front,671,11193,59.94941055073099,848,478,54.609188615333,55.31182732774864,96.2956846756622,95.28056315887872,67.44144376418453,68.38989482403608,14.691785576340699
person_7.mp4,front,672,11209,59.94941055073099,848,478,54.990017677239464,55.995476563170364,96.52868077369943,96.06242850195335,68.05805237006813,68.8516796075156,14.173298407472078
person_7.mp4,front,673,11226,59.94941055073099,848,478,53.085045460409724,54.278692744628785,90.5759051090659,90.23130189202578,66.8715600966113,67.2658611882789,19.236689945782352
person_7.mp4,front,674,11243,59.94941055073099,848,478,53.017357919014756,54.3442775149698,89.29440049978685,88.69870515086268,67.10123716916645,67.0963887590603,20.282074795901263
person_7.mp4,front,675,11259,59.94941055073099,848,478,54.55634245151176,55.36542347513826,92.25724244554935,90.46385045010896,68.83215444153632,68.4628324243663,17.764288019112183
person_7.mp4,front,676,11276,59.94941055073099,848,478,54.53523119311869,55.62681866014168,91.16540279467726,89.22779877816215,68.62165194140806,68.65569036478632,18.69760496360343
person_7.mp4,front,677,11293,59.94941055073099,848,478,53.00903223625859,53.202028493625846,88.32811330876922,86.64795964418175,67.18622568225284,66.8977323455662,20.347264917730847
person_7.mp4,front,678,11310,59.94941055073099,848,478,51.5010609381597,52.89007835202435,85.15621184324509,83.68446642929273,66.33960610082846,66.46992867612883,22.535466454238254
person_7.mp4,front,679,11326,59.94941055073099,848,478,50.41403760994218,51.52670538534045,82.25567193106465,81.50709920493556,65.80116348147511,66.16133500503534,24.6344191344793
person_7.mp4,front,680,11343,59.94941055073099,848,478,47.403434800826005,49.97693267759493,80.52357491202112,80.14092782627799,63.724853107973864,64.33560492300434,25.003041094830937
person_7.mp4,front,681,11360,59.94941055073099,848,478,47.117615192340224,48.08670053665469,77.79040914941241,77.08220299043579,63.73146084169436,63.875093396256105,27.41678276166827
person_7.mp4,front,682,11376,59.94941055073099,848,478,46.649236230192024,48.084174228290394,74.78851512356944,73.99255697272272,63.75593010970428,63.89810859950708,30.139835921324714
person_7.mp4,front,683,11393,59.94941055073099,848,478,45.85459850059614,47.517937526872615,77.82391424379998,76.70561972687636,63.65898619580702,64.37479229614468,26.949065706218054
person_7.mp4,front,684,11410,59.94941055073099,848,478,46.24026877441616,47.764897008989195,76.40440023448748,75.43736361131765,64.85085073178125,64.56481295266619,28.4012795222899
person_7.mp4,front,685,11426,59.94941055073099,848,478,44.98667163011157,46.54078077850249,74.80631780328198,73.93958608908306,63.31739805014928,63.68914036741085,29.15619591094973
person_7.mp4,front,686,11443,59.94941055073099,848,478,44.11555703841404,46.36633854677731,70.34673871460542,69.25481937567277,62.065024712766046,62.92395341113473,32.93680949567398
person_7.mp4,front,687,11460,59.94941055073099,848,478,44.85103201687577,47.056090564031884,71.8808250333289,70.37217443448257,63.04466589222675,64.30730577499459,31.374656636819413
person_7.mp4,front,688,11476,59.94941055073099,848,478,44.712490961294044,46.706609856522626,74.19447314330536,72.64738672196056,63.655761121226895,65.02424947102284,29.11153536174646
person_7.mp4,front,689,11493,59.94941055073099,848,478,42.82862389513238,44.91481983017132,74.92159696784704,73.57678221067569,62.35165716951871,62.8793890572776,27.930904478064182
person_7.mp4,front,690,11510,59.94941055073099,848,478,42.46802867333665,43.69506892680063,74.65858910407604,73.8153401022235,63.104022388286296,64.1557071006697,27.944735053617556
person_7.mp4,front,691,11526,59.94941055073099,848,478,42.237003228877654,43.48738018520208,75.3648534089612,74.36044503434542,62.13434846069047,64.66876695449488,27.471958082582113
person_7.mp4,front,692,11543,59.94941055073099,848,478,42.21284965827963,42.829685853722474,76.04155121572227,74.76117030821035,63.97848634649915,65.27341316670183,27.26511291914863
person_7.mp4,front,693,11560,59.94941055073099,848,478,42.236568666938325,42.665258065166576,76.93177860202555,75.90683504063628,64.27352748264273,65.12695676313385,26.39431561067786
person_7.mp4,front,694,11576,59.94941055073099,848,478,42.636112344888126,42.264687726163835,80.0925187906352,78.71524889053445,65.47563810725342,65.75895249576129,23.775944821395317
person_7.mp4,front,695,11593,59.94941055073099,848,478,42.61988550244724,42.37538519173626,80.03928682039714,78.80534605901705,64.39961048763406,64.51848254804581,23.95236564066641
person_7.mp4,front,696,11610,59.94941055073099,848,478,42.46847175329804,42.532971573991325,77.3007042533351,76.6416702410802,63.86251239281108,63.82965582020144,26.518742656471016
person_7.mp4,front,697,11626,59.94941055073099,848,478,41.69043954434496,41.88347228055303,74.45243144762955,74.01179701890449,62.87025548440958,63.198848846620514,29.05070393018289
person_7.mp4,front,698,11643,59.94941055073099,848,478,41.88625232650367,42.159887815513315,73.4307059070845,73.5149663230897,62.45005887700707,62.78243172206881,29.862029470855195
person_7.mp4,front,699,11660,59.94941055073099,848,478,42.25395805492652,42.18291824934096,74.42077478869759,74.14589479536987,62.55130871091647,62.569319690355506,29.096452455381623
person_7.mp4,front,700,11677,59.94941055073099,848,478,42.77936764546837,42.44319547248492,74.87563174467208,74.97269134120843,63.208562787412305,63.01485247461763,28.755023647031106
person_7.mp4,front,701,11693,59.94941055073099,848,478,43.029193808725374,42.65214753361535,74.92591440116188,74.85802452312323,63.275879319296095,63.3281143699233,28.86628724124481
person_7.mp4,front,702,11710,59.94941055073099,848,478,43.712698108670835,43.02269753376566,75.39078603516874,75.03930987831828,63.89736412436387,64.05223316590828,28.694081427099075
person_7.mp4,front,703,11727,59.94941055073099,848,478,44.3721892848877,43.070478172446116,80.88860137526018,80.15561895206648,65.25989941990683,65.56171668658371,23.668670377660348
person_7.mp4,front,704,11743,59.94941055073099,848,478,44.97561594479049,42.97759984797077,85.51645053396601,84.23796374523917,66.59217311246559,66.78629146029247,19.58056454847152
person_7.mp4,front,705,11760,59.94941055073099,848,478,45.23826088102614,42.522160303213646,84.05564107557528,82.61717704381417,65.56852976604583,65.56706008091474,21.04985528554267
person_7.mp4,front,706,11777,59.94941055073099,848,478,44.25711881998968,41.6690393435829,85.3311113905277,84.3125310261077,66.29661316104188,66.68000844687398,19.6328378616918
person_7.mp4,front,707,11793,59.94941055073099,848,478,44.12533024207782,41.764173783147356,84.00331240125904,82.86360912165499,65.29471123101732,64.66224051177512,20.907775960765655
person_7.mp4,front,708,11810,59.94941055073099,848,478,44.44279397103455,42.27783174430543,85.10788906095405,83.93696912861485,65.65562835675203,65.35271079904776,20.18235302242423
person_7.mp4,front,709,11827,59.94941055073099,848,478,44.570655416919585,42.79892343953612,84.34658147529889,83.19948164074657,64.88370649033784,64.80857066481857,21.058279481866315
person_7.mp4,front,710,11843,59.94941055073099,848,478,44.28004549806941,42.94111683635851,81.58494830054832,80.62485263826524,63.91579360612901,63.19873245000816,23.73404388193371
person_7.mp4,front,711,11860,59.94941055073099,848,478,44.861658170311394,44.156467732915225,81.9577601327658,81.08447865118016,64.28869163277703,64.00221553905165,23.631318195079224
person_7.mp4,front,712,11877,59.94941055073099,848,478,44.65076269990597,44.36456108777424,81.2752485392466,80.41257993933112,63.35295873857385,64.151654007053,24.41345525481249
person_7.mp4,front,713,11893,59.94941055073099,848,478,45.04802083283031,44.972401704201516,81.79016223780775,81.10623281309003,63.40295963256815,64.18155865000594,24.095304546069595
person_7.mp4,front,714,11910,59.94941055073099,848,478,46.96993256238385,46.39799708217234,86.40181514629683,84.89825048717262,65.29389713354877,65.74809691846248,21.04723053267247
person_7.mp4,front,715,11927,59.94941055073099,848,478,47.73645862353801,47.293189689333715,87.31407793982767,85.62302804843662,64.96460155305616,65.78664114140844,20.745689871599097
person_7.mp4,front,716,11943,59.94941055073099,848,478,48.68236560035459,48.201941827162656,89.36096900648558,87.4046717766988,65.14503161963944,66.0660010500783,19.315330909830603
person_7.mp4,front,717,11960,59.94941055073099,848,478,49.690880446972244,49.21979627234331,91.34950319722356,88.89687249371204,65.77937397673558,66.6317634586208,18.04736718923691
person_7.mp4,front,718,11977,59.94941055073099,848,478,50.432260737635104,49.506851301283405,87.12823359498574,84.43308630961806,63.11371656099862,63.917649273451275,22.62040727342814
person_7.mp4,front,719,11993,59.94941055073099,848,478,50.44062031455411,50.232136030254715,87.81601321182598,85.25125233299076,62.46795977918669,63.88560457318087,22.11316664710327
person_7.mp4,front,720,12010,59.94941055073099,848,478,51.858440619195825,52.62264192657349,93.85857268129456,90.47055277942184,63.21448439442563,65.19033698497519,17.364428776522228
person_7.mp4,front,721,12027,59.94941055073099,848,478,53.381800367771845,53.757378011235154,93.13822902548144,90.98658836086109,64.59223261681133,65.69879045184892,18.00552902350882
person_7.mp4,front,722,12043,59.94941055073099,848,478,54.97826931008064,54.52751385119675,93.80987623817683,92.23370840597272,65.85448604967769,66.74352889271461,18.36203680167014
person_7.mp4,front,723,12060,59.94941055073099,848,478,56.472985788002376,55.8805113062138,94.98759166402638,93.58445951982662,67.07011011787307,67.38681112010985,18.481670018701642
person_7.mp4,front,724,12077,59.94941055073099,848,478,55.92837486606583,55.97453865220761,94.87733943388123,93.70331591311454,66.67269758261875,67.1581446602205,18.467451245799715
person_7.mp4,front,725,12094,59.94941055073099,848,478,56.562433658043766,57.79485451043813,95.09452177084233,94.7698266647653,66.55484700893963,66.90824935032869,18.596548166838012
person_7.mp4,front,726,12110,59.94941055073099,848,478,60.26773797879176,62.4183500477413,103.96910000126766,102.3959985716274,69.17719801429728,69.81713210500364,11.951713168156779
person_7.mp4,front,727,12127,59.94941055073099,848,478,60.8044073747479,63.21401141666478,101.8346276442571,101.44651490150837,69.76836563161503,70.30764556789703,13.949986410522706
person_7.mp4,front,728,12144,59.94941055073099,848,478,60.55261885705062,62.94202255173241,102.37775624558796,101.32516663309666,68.14573670810738,68.66753341663431,14.230252832029644
person_7.mp4,front,729,12160,59.94941055073099,848,478,60.384552228828255,62.47864462914658,99.7483762842405,98.95952821148023,66.93040599109207,67.15224642301843,17.2076834216305
person_7.mp4,front,730,12177,59.94941055073099,848,478,62.61939230045985,64.8708247989999,101.22813543192247,100.78231447620506,68.19260257196937,68.50859622960341,16.885898348315294
person_7.mp4,front,731,12194,59.94941055073099,848,478,62.10822676431296,62.51909190758049,93.31765345455406,94.35409781788005,64.0320022724824,63.71516710032769,23.583644893593867
person_7.mp4,front,732,12210,59.94941055073099,848,478,61.588620500482826,61.955284437571265,93.51056914870924,93.49401140652786,62.96431732251459,62.652340223239555,23.675387847164785
person_7.mp4,front,733,12227,59.94941055073099,848,478,61.735682261150956,64.07513534174463,94.309688303399,94.62703386623994,63.87670445637119,65.03637568225203,22.40628476259187
person_7.mp4,front,734,12244,59.94941055073099,848,478,61.77158538310833,65.95641679631674,94.17588445921955,95.07573150095541,65.3518074600131,67.69866184071152,21.6518616242237
person_7.mp4,front,735,12260,59.94941055073099,848,478,65.26550633498529,69.55749179781034,100.58587874662139,100.1923659841796,68.6920077079443,71.56130089649913,15.927840128469942
person_7.mp4,front,736,12277,59.94941055073099,848,478,69.27512846618255,72.59811354351699,103.06923566592943,102.45234503095911,68.61056641150464,71.33915848851171,15.774078990526924
person_7.mp4,front,737,12294,59.94941055073099,848,478,71.61778962662,73.86853589928796,102.65649489089739,101.45828372354131,72.520445329753,73.83918782724466,17.544559713258913
person_7.mp4,front,738,12310,59.94941055073099,848,478,67.46614676053618,70.85797283639961,102.18091292820196,103.26284210335773,66.0461291601085,69.17737332955711,19.714631583697717
person_7.mp4,front,739,12327,59.94941055073099,848,478,71.97568157734159,73.55496236808807,107.02083855488156,107.72112638538076,67.5324704465503,70.29106960598202,18.515270221624363
person_7.mp4,front,740,12344,59.94941055073099,848,478,70.22701096833725,71.72116308526076,103.61072702522672,103.65248995572794,67.10233924012564,70.08067375151805,20.33285396939286
person_7.mp4,front,741,12360,59.94941055073099,848,478,74.73488187319762,76.74562499041254,107.35998312809373,107.15008723661657,68.28512929772266,71.30513047742093,19.91344968621575
person_7.mp4,front,742,12377,59.94941055073099,848,478,83.26760924032995,81.86046582678199,115.00590314134612,112.81288451724716,70.53348714676726,72.7909322080824,18.440256405626894
person_7.mp4,front,743,12394,59.94941055073099,848,478,89.03174828226574,89.64925355555025,119.16457979272164,119.39666589676243,72.09781215127651,74.4945030959773,18.13056405074065
person_7.mp4,front,744,12410,59.94941055073099,848,478,95.43610858688493,97.47592577200645,124.96656207820013,127.25112515535167,73.01923882608463,74.91040151070496,18.50365084648043
person_7.mp4,front,745,12427,59.94941055073099,848,478,94.4215654499984,96.74851310605504,122.34913303249171,124.2044811026476,74.06592105795364,75.46150244993433,18.786371166026193
person_7.mp4,front,746,12444,59.94941055073099,848,478,96.80284857071945,104.7619638509887,123.36480615259455,131.45901983411014,74.2942850698913,74.71397764701456,19.82688189420984
person_7.mp4,front,747,12461,59.94941055073099,848,478,111.4631623289684,116.7918493727556,134.99079568482617,141.38845704113058,75.98898269728174,76.71637576443217,21.139932873810604
person_7.mp4,front,748,12477,59.94941055073099,848,478,104.21186130451188,112.59384417890244,129.81169629931065,138.34050429961977,73.02675746766735,74.59822903590381,22.00031942716949
person_7.mp4,front,749,12494,59.94941055073099,848,478,101.54349270393845,119.67430494337471,124.26314227564512,143.7448596062122,75.23506707211502,75.19797488516896,22.80458005470484
person_7.mp4,front,750,12511,59.94941055073099,848,478,111.17094122280815,127.04269279866412,132.19601167692431,150.1199916803697,76.73418316970505,76.8569264140123,22.793640982263927
person_7.mp4,front,751,12527,59.94941055073099,848,478,120.87201900071706,131.82800402409953,140.59368112167223,153.4212353846074,78.58729276989435,78.66816904618668,22.38509689688889
person_7.mp4,front,752,12544,59.94941055073099,848,478,125.63626795000407,135.75293104454013,146.19717687804183,157.1670834945278,78.21515840198785,79.21184673400614,22.07343372429217
person_7.mp4,front,753,12561,59.94941055073099,848,478,129.1159756956882,139.0981764640383,150.06684577630642,160.92482119436093,78.56547625986857,79.48562708513302,21.547821858729797
person_7.mp4,front,754,12577,59.94941055073099,848,478,137.93584624778754,143.8648472499828,155.85162873101913,162.9351963014497,82.09178829124698,82.88675921274641,21.031807750318887
person_7.mp4,front,755,12594,59.94941055073099,848,478,134.19014462146396,143.95567184349247,153.89270412255917,163.74019913960626,80.78540244527579,82.29306344695559,20.661738809263813
person_7.mp4,front,756,12611,59.94941055073099,848,478,138.10274375975962,148.0126975689361,155.5535339424821,166.59306179898812,82.60789414439573,83.25674743178729,20.260857919474063
person_7.mp4,front,757,12627,59.94941055073099,848,478,132.73017159497812,141.46344727296702,154.50622367141187,162.67799696093323,79.07953714098448,81.93583335092927,19.53635597153995
person_7.mp4,front,758,12644,59.94941055073099,848,478,136.9448048852936,145.82073335825464,156.03593500774141,165.37191826570185,81.66423327987762,84.29754915683321,19.145267059855254
person_7.mp4,front,759,12661,59.94941055073099,848,478,135.3525180339621,145.53025487801523,155.80209933791488,166.27882104194794,80.85997587694503,83.64362813643078,18.853182909450272
person_7.mp4,front,760,12677,59.94941055073099,848,478,138.6529559904914,148.22854294969514,157.25133499648186,168.4923352039944,82.17369595485826,83.99043184044552,18.738421956310944
person_7.mp4,front,761,12694,59.94941055073099,848,478,137.69419302735838,147.34137329530796,157.21173223505414,167.38819118207806,81.69581715375571,84.15177203877676,18.581707368573653
person_7.mp4,front,762,12711,59.94941055073099,848,478,135.83923683501027,145.98125603737898,156.0012554925081,167.59131146379931,81.07977478927101,83.15642793638871,18.48177342663465
person_7.mp4,front,763,12727,59.94941055073099,848,478,140.0447127955305,147.480680522068,158.87807064711757,167.80167580886314,83.33955841879786,85.05144184112767,18.14351476280185
person_7.mp4,front,764,12744,59.94941055073099,848,478,137.4517231334858,146.68938982394076,157.57836332981609,167.77287880837684,82.09252868841034,84.36402977425837,18.145317320900297
person_7.mp4,front,765,12761,59.94941055073099,848,478,136.86379579815164,146.89199514016389,157.7848530107312,169.18339726535396,81.19081428832408,83.12776042209272,18.137417900574228
person_7.mp4,front,766,12777,59.94941055073099,848,478,133.6338022626982,144.67125016873135,155.9764435705142,167.68313533537457,79.54527795917592,81.87494456179847,18.81655112670824
person_7.mp4,front,767,12794,59.94941055073099,848,478,136.15966216626018,146.34789368586155,156.3570487437622,167.70389436216044,81.46674092365296,83.49899219069627,18.671772904768538
person_7.mp4,front,768,12811,59.94941055073099,848,478,134.4320690473701,144.2454548763683,155.3209650963739,166.5497564219327,81.52404244992253,83.08296916506674,18.227881620216138
person_7.mp4,front,769,12827,59.94941055073099,848,478,135.0512360646936,145.49299646435705,155.62053719075558,168.28535151916992,81.04119818703174,81.99321917526662,18.579524489136947
person_7.mp4,front,770,12844,59.94941055073099,848,478,133.90294210832676,145.38884216979432,154.54078743760198,168.97722528880257,80.69632775983438,80.91238553946594,18.767667719047456
person_7.mp4,front,771,12861,59.94941055073099,848,478,133.44895549206836,145.1478293968608,154.70798328297826,168.72947373476777,80.42938077081338,81.51148128509551,18.63200514851918
person_7.mp4,front,772,12878,59.94941055073099,848,478,131.27549604871268,143.7418172193155,153.5543750016836,169.10109701182373,78.54332912597091,78.79875484468516,19.23686408491949
person_7.mp4,front,773,12894,59.94941055073099,848,478,130.43718191460314,143.4205888887942,153.33136819446878,168.02012369189563,78.36914361933698,79.79406864427725,19.05726467035405
person_7.mp4,front,774,12911,59.94941055073099,848,478,130.0613091192476,142.92286045912402,153.0194160001186,167.29447947699782,78.05293135869896,80.00036913589099,19.054085144619876
person_7.mp4,front,775,12928,59.94941055073099,848,478,128.76394696782276,141.68293617598033,152.26226449396285,166.77208114700395,76.96783655952424,79.00059290732236,19.530414793826225
person_7.mp4,front,776,12944,59.94941055073099,848,478,128.85505266562305,140.31028976593296,151.61181878732458,166.03844282561082,76.94258749010024,77.98919202478992,19.888369372139064
person_7.mp4,front,777,12961,59.94941055073099,848,478,128.8748438914021,140.26908184238886,151.33602498262576,165.9194222997072,76.96108894666584,78.21126406752136,19.816589868870576
person_7.mp4,front,778,12978,59.94941055073099,848,478,128.8910210939442,140.44774475497647,151.1522747935389,166.56026974755807,76.58063812388983,78.36112104234572,19.90777850553608
person_7.mp4,front,779,12994,59.94941055073099,848,478,129.01010601330395,140.62996799420478,150.58285885655442,167.20510362667918,76.81547674985383,78.29229655072425,20.182015672971954
person_7.mp4,front,780,13011,59.94941055073099,848,478,130.19087721785124,142.33988036492985,151.256072585567,167.8822797670523,77.57155702927861,79.64423436127825,20.056566230196726
person_7.mp4,front,781,13028,59.94941055073099,848,478,131.35406683978323,142.79935451024784,151.93957798429003,167.7156189963212,78.2477110526316,80.42247206682941,19.97494748561951
person_7.mp4,front,782,13044,59.94941055073099,848,478,131.82355289139738,142.75816342863715,152.14583680708412,167.43923755079322,78.54604409763216,80.7403483588251,19.986511875138312
person_7.mp4,front,783,13061,59.94941055073099,848,478,131.1381886201337,141.59134429072552,151.68893435571556,166.7831170041131,78.08521205073573,79.93832522894577,20.369603765928698
person_7.mp4,front,784,13078,59.94941055073099,848,478,131.1721491357896,141.70664505917057,151.88507427507497,166.51846616206737,77.98226762663218,80.30510177906575,20.33305049291752
person_7.mp4,front,785,13094,59.94941055073099,848,478,131.75236522455512,141.99407597065036,152.18829086662655,166.67056699357096,78.22406205121437,80.10604318135105,20.192479128765086
person_7.mp4,front,786,13111,59.94941055073099,848,478,132.0632237433468,142.71775926442194,152.53291967362037,167.66130284974622,78.29052519609426,79.96040169252132,20.265784440361838
person_7.mp4,front,787,13128,59.94941055073099,848,478,131.91990913076935,142.62967452293307,152.45024456501073,167.381250782395,78.17523920629748,80.26651043687637,20.24116372437544
person_7.mp4,front,788,13144,59.94941055073099,848,478,132.05404911950112,142.9061186285788,152.4159309574526,167.32709236373904,78.31682360764478,80.45655999587046,20.14663301398479
person_7.mp4,front,789,13161,59.94941055073099,848,478,131.35327414096724,142.34537087678552,152.00785198781884,167.05038375380587,78.0015312825236,80.04296437058662,20.28043343667157
person_7.mp4,front,790,13178,59.94941055073099,848,478,132.779065982106,142.66412959435038,151.94674413907777,166.96092582944553,78.8651439708862,80.02008897787242,20.298832381918007
person_7.mp4,front,791,13194,59.94941055073099,848,478,132.44633128796812,142.5555829436081,151.7733091073723,166.85003852234453,78.67310152257225,80.14475634427163,20.31021368084339
person_7.mp4,front,792,13211,59.94941055073099,848,478,132.72065885682164,142.9060775664661,151.94419935033352,167.01287934837075,78.94699983323038,80.37425279326365,20.275970972779664
person_7.mp4,front,793,13228,59.94941055073099,848,478,132.49451164003858,142.79127079892538,151.85938212385656,166.90240346662733,78.75373957346775,80.25362378977944,20.321244213097113
person_7.mp4,front,794,13245,59.94941055073099,848,478,131.87655975544715,142.74545112971074,151.5191642582657,166.87463843209244,78.60913612057746,80.13830456517994,20.31696917609034
person_7.mp4,front,795,13261,59.94941055073099,848,478,132.7021235401177,144.11411471919956,152.06151101622845,166.8217696996903,78.99726207193869,81.47864292891944,20.28536390654688
person_7.mp4,front,796,13278,59.94941055073099,848,478,131.6924175232006,143.81287908068157,152.09059094602992,166.7985735499988,78.49945444031069,81.47550409023427,20.27089904957003
person_7.mp4,front,797,13295,59.94941055073099,848,478,131.634830505206,143.546820310435,152.0734098396405,166.75726522779846,78.61292320787437,81.43346308439138,20.27260625745859
person_7.mp4,front,798,13311,59.94941055073099,848,478,130.9825544651691,143.4517180342848,151.6982314599498,166.88740259091227,78.38121251174005,81.31119311920217,20.188874102435705
person_7.mp4,front,799,13328,59.94941055073099,848,478,129.78197584646563,143.0071900435247,151.0071208169143,166.82828416382023,77.88356669719634,80.82684059279329,20.230173120964118
person_7.mp4,front,800,13345,59.94941055073099,848,478,129.67731095026875,142.76686393595054,151.03454114434214,166.69559304699615,77.94534262903885,80.75935500205699,20.22315324123888
person_7.mp4,front,801,13361,59.94941055073099,848,478,130.07275086110678,142.90654689199584,151.22140509668398,166.75277474948012,77.94970937340841,80.94471391525163,20.162880351002777
person_7.mp4,front,802,13378,59.94941055073099,848,478,130.34028849946287,143.03321242927726,151.47030303102903,166.78350716370556,78.06569488215487,81.1332487076992,20.12580412406117
person_7.mp4,front,803,13395,59.94941055073099,848,478,129.93355438173396,141.82896977269198,151.40151607588453,166.23585775500257,77.96075860948932,80.94000793910241,19.949590028715416
person_7.mp4,front,804,13411,59.94941055073099,848,478,130.109155218301,141.84185863148767,151.6126065199426,166.45169488996657,77.99804553414877,80.97981561467546,19.827093868105532
person_7.mp4,front,805,13428,59.94941055073099,848,478,130.33992310128139,141.66917818215222,151.88319664528044,166.6401081563259,78.10770088103499,80.96887136914974,19.851263503357014
person_7.mp4,front,806,13445,59.94941055073099,848,478,131.4528074833865,142.18595443396418,152.5800433299162,166.7869466434422,78.34143933180287,81.21178359734922,19.809687590916678
person_7.mp4,front,807,13461,59.94941055073099,848,478,129.05601895162616,141.5007559142418,151.18538213132214,166.55801904552865,77.4533552001823,80.78817222230117,19.841343709323166
person_7.mp4,front,808,13478,59.94941055073099,848,478,129.20571448967962,141.76811328260564,151.17993340671748,166.64050747817953,77.49610548283691,80.89136571737919,19.908525706653794
person_7.mp4,front,809,13495,59.94941055073099,848,478,129.1390301508753,141.52728492483482,151.16135105225763,166.49322214549795,77.52513976987521,80.81004300547302,19.96248640319357
person_7.mp4,front,810,13511,59.94941055073099,848,478,128.9516473728037,141.30462330239556,151.02490178320215,165.91333031756292,77.64165002403756,80.98885335117711,19.93561691658092
person_7.mp4,front,811,13528,59.94941055073099,848,478,130.72143250707524,141.6335717230281,152.38650420576548,166.07804996279506,78.41037798208929,81.40467328635287,19.71249232299153
person_7.mp4,front,812,13545,59.94941055073099,848,478,130.6542957341685,141.19015766525274,152.49098218081699,165.72944875614215,78.42728387678103,81.26204404879867,19.643292544128315
person_7.mp4,front,813,13561,59.94941055073099,848,478,131.48762066558479,142.85096131126616,153.176416223618,165.39168393740266,78.86754116375249,82.81174789891736,19.3756738633844
person_7.mp4,front,814,13578,59.94941055073099,848,478,132.55369220954955,142.4646829779803,154.29646293242084,165.47989681197575,79.03620262694312,82.58759464457806,19.3408339211955
person_7.mp4,front,815,13595,59.94941055073099,848,478,131.0151455460887,142.09177615147436,153.51282656843796,165.32658706918022,78.42105774862577,82.14309549818803,19.39752984845272
person_7.mp4,front,816,13611,59.94941055073099,848,478,130.70893795767225,141.53033601569413,153.513402116295,165.06427133225475,78.5190623972265,82.06732943765375,19.371461963586956
person_7.mp4,front,817,13628,59.94941055073099,848,478,130.82502963645996,141.61189982742354,153.69880858901453,165.16775271067382,78.61968675635539,82.35201270137635,19.245529901785538
person_7.mp4,front,818,13645,59.94941055073099,848,478,131.25398934240167,141.4761814266459,154.01482414503886,165.27729526704422,78.68976717501424,82.32004955400173,19.161632162806534
person_7.mp4,front,819,13662,59.94941055073099,848,478,131.3014501764128,141.38983484136426,154.16478108982005,165.49557615904484,78.5246407287211,82.18796504326458,19.05371348420008
person_7.mp4,front,820,13678,59.94941055073099,848,478,131.1022141688522,141.29511027371908,154.2612285729773,165.82600201694711,78.02494146492937,81.88881764209077,19.03024517871602
person_7.mp4,front,821,13695,59.94941055073099,848,478,131.23806127903703,141.2674179288532,154.288339075513,166.14944605919592,78.2125047793003,81.81396393536943,19.057423748217943
person_7.mp4,front,822,13712,59.94941055073099,848,478,130.92579664989879,141.1739692415456,154.27193926422825,166.40569089924506,77.68642802350197,81.48122433774255,19.063157624100686
person_7.mp4,front,823,13728,59.94941055073099,848,478,130.0320968069078,140.42091449337218,154.2753550376001,166.51136604086312,77.20338761797663,80.77961929146271,19.086708057480628
person_7.mp4,front,824,13745,59.94941055073099,848,478,130.04992027702417,140.4060534443402,154.22378736942812,166.62740599723733,77.17435080224445,80.74512101453935,19.074842266764822
person_7.mp4,front,825,13762,59.94941055073099,848,478,129.36347900485566,140.2297035915341,153.66737093115853,166.4698989681337,76.90968018722785,80.42206517922276,19.21042116238761
person_7.mp4,front,826,13778,59.94941055073099,848,478,129.13771737221873,140.01832212029868,153.567275555801,166.05758491078296,76.94200799219263,80.31295789594918,19.30797898157117
person_7.mp4,front,827,13795,59.94941055073099,848,478,128.90227413995916,140.15837597635206,153.32787294541623,165.91897638328587,76.94683228388692,80.31398365543248,19.39886946961499
person_7.mp4,front,828,13812,59.94941055073099,848,478,128.19046242355734,140.2471698016472,152.26398733596756,165.6907330972937,77.35980115670937,80.36745964540246,19.56069436600674
person_7.mp4,front,829,13828,59.94941055073099,848,478,127.30380203636795,140.48944004607614,151.51752541736363,165.64795137010984,77.43752202645898,80.70398694876104,19.603266009376387
person_7.mp4,front,830,13845,59.94941055073099,848,478,125.87634817932565,140.36139418263576,150.2901324773595,165.31685039512428,76.95662750298706,80.52400327295464,19.886085313403523
person_7.mp4,front,831,13862,59.94941055073099,848,478,125.86298705844413,140.44166094498945,150.3348367279133,164.7732749374489,77.03800089952928,80.96899000410589,19.961323419484412
person_7.mp4,front,832,13878,59.94941055073099,848,478,124.60413749772717,139.33012586596232,150.19008186059523,164.7812154339558,76.16241779450229,79.7608400185706,20.270453776404697
person_7.mp4,front,833,13895,59.94941055073099,848,478,124.31988092591526,138.94836465452832,149.68782856776156,164.46448795923172,75.91577233521144,79.16517096169294,20.53090904208218
person_7.mp4,front,834,13912,59.94941055073099,848,478,123.83688369675801,138.79059516392772,149.6311985547268,165.08839066519815,75.75168413338437,78.83753990333197,20.624778018353364
person_7.mp4,front,835,13928,59.94941055073099,848,478,124.66687221155307,138.91667321286715,149.9658773813805,165.31116855418983,75.93574028817403,79.09709979071559,20.35562736170458
person_7.mp4,front,836,13945,59.94941055073099,848,478,123.80072648857681,137.5950425043097,149.83956344972842,164.7093796985386,75.57498071932456,78.6893865550682,20.369433902050034
person_7.mp4,front,837,13962,59.94941055073099,848,478,124.82363182554298,137.8458113389649,149.6978208215411,164.8200795686769,76.20785252283655,78.55820049386422,20.292573478708015
person_7.mp4,front,838,13978,59.94941055073099,848,478,123.70458426789804,136.66379087269476,148.97257967203612,164.64117147770233,75.7103274074153,77.7644195507537,20.365332719592125
person_7.mp4,front,839,13995,59.94941055073099,848,478,122.45217198338133,136.32695982625003,148.42930312374455,164.25709994709774,75.3196834338939,77.20532981363024,20.421957839620372
person_7.mp4,front,840,14012,59.94941055073099,848,478,122.11107718430051,135.4765833667001,148.0275154301326,164.09224738665554,74.74431942148527,76.835817109585,20.46453237533239
person_7.mp4,front,841,14028,59.94941055073099,848,478,121.75014333073233,134.83518931607375,147.93724312731266,163.64530713801895,74.61394723427587,76.16492207452706,20.483471693067976
person_7.mp4,front,842,14045,59.94941055073099,848,478,122.99301079655723,134.9560118237856,147.97772073557803,163.63902089042134,75.5663181860102,76.44981969160175,20.32247745486064
person_7.mp4,front,843,14062,59.94941055073099,848,478,122.6791168556446,134.46393591980365,147.65196552437962,163.1049929032517,75.31780909851041,76.6152815854129,20.420417826784586
person_7.mp4,front,844,14079,59.94941055073099,848,478,124.09295358937901,134.79371503389328,147.89350759090826,162.06045117296827,77.31557915272018,79.94582223008966,19.732912774587078
person_7.mp4,front,845,14095,59.94941055073099,848,478,123.537547661065,134.6758446765953,146.5282224826844,161.8244151905276,77.00022897918114,79.53680423970205,20.25937147125213
person_7.mp4,front,846,14112,59.94941055073099,848,478,122.40061279357093,132.5991750367091,145.13330921225472,159.80221641177476,77.0049639883685,79.74355096695017,20.467730624230118
person_7.mp4,front,847,14129,59.94941055073099,848,478,122.15753890191276,131.31171296513173,142.9284535225306,157.24594091355797,77.96225403197718,80.28197375779803,20.85869112991248
person_7.mp4,front,848,14145,59.94941055073099,848,478,122.16624861800888,126.70952840367771,141.97076683162604,150.16423447495595,79.26411975468054,81.99003800044362,20.9691121602806
person_7.mp4,front,849,14162,59.94941055073099,848,478,124.00630050730231,124.08659139166802,141.9867646551431,146.2682687131762,81.17568247545152,83.21610624948396,21.025013302390192
person_7.mp4,front,850,14179,59.94941055073099,848,478,119.96077853780413,120.1101823987266,137.05328215429984,143.16349459667137,81.36609099096428,81.91517019119722,21.26790398909411
person_7.mp4,front,851,14195,59.94941055073099,848,478,122.4406279634392,124.12652095898389,138.51351560453944,146.2977240739155,82.24461089457851,83.31948722549446,21.267588939730878
person_7.mp4,front,852,14212,59.94941055073099,848,478,112.97724330912003,108.38319046073586,129.42947866053086,130.19246715995763,82.27419902575481,83.2667612244282,20.357678040812115
person_7.mp4,front,853,14229,59.94941055073099,848,478,111.1835503156904,110.8319701588698,128.94512554870246,133.9914906676824,81.88306347624524,82.95108476595516,19.862481378315362
person_7.mp4,front,854,14245,59.94941055073099,848,478,114.37696181662787,111.54710231720927,133.31198467966246,135.05281880414876,81.60289530126073,83.57697754044811,19.423590053374923
person_7.mp4,front,855,14262,59.94941055073099,848,478,113.44805820712634,107.25660192487238,133.04679271153773,131.18612361101682,81.46209729560373,82.93892486798393,19.334386850711006
person_7.mp4,front,856,14279,59.94941055073099,848,478,104.47829763434221,100.0917437492546,126.90981158521757,125.22294411244954,78.91936597507147,81.53611620729741,19.109368558688367
person_7.mp4,front,857,14295,59.94941055073099,848,478,102.26586488188822,94.5371253962371,125.13343981944533,120.4308113763277,79.18818168109685,81.06879669590226,18.44205516385089
person_7.mp4,front,858,14312,59.94941055073099,848,478,92.47314529320468,89.31866634566093,115.80071797082329,115.17564088349037,79.90542226674,81.69741417078306,16.893143287669567
person_7.mp4,front,859,14329,59.94941055073099,848,478,85.90484110748355,84.6136686527814,110.52288719308252,110.91002469327168,78.21193783157739,80.30734403831417,17.22288043837406
person_7.mp4,front,860,14345,59.94941055073099,848,478,85.3958017784082,83.42604259237936,109.71974413771679,109.57453161170739,78.33249934671983,80.15955214204646,17.502777713112955
person_7.mp4,front,861,14362,59.94941055073099,848,478,88.28396390496987,86.76115637280888,113.02160368337732,113.47694396827087,77.76762437080471,79.8132410855237,17.955403640465015
person_7.mp4,front,862,14379,59.94941055073099,848,478,87.83429526221832,86.33809075753645,114.47035768335773,114.23169738840599,75.58576272617978,78.68287276003146,18.437984104444357
person_7.mp4,front,863,14395,59.94941055073099,848,478,89.0340818627078,86.14868044926428,115.57028940453621,113.19154829058522,76.26668385856755,79.62017968831212,18.153173152622884
person_7.mp4,front,864,14412,59.94941055073099,848,478,82.32076086829721,81.58806548793783,111.02675781350985,109.15756112028117,74.69501228453423,78.48363243631776,18.164480939556
person_7.mp4,front,865,14429,59.94941055073099,848,478,84.41555324871759,84.35264851176554,109.62230029879443,108.91777407914678,78.37389137324634,81.2708634079881,17.305876254303527
person_7.mp4,front,866,14446,59.94941055073099,848,478,80.6926892284898,80.82646572553607,106.382972922607,104.46896238979187,78.25418517822355,81.70880677972575,16.190855528395858
person_7.mp4,front,867,14462,59.94941055073099,848,478,78.77612502772992,79.99854345071323,105.06494213424246,104.0371019335938,76.72267560611262,80.58636315684157,17.04301280729443
person_7.mp4,front,868,14479,59.94941055073099,848,478,84.28005649477744,84.04162013215976,108.63907279798023,106.60726147746615,82.08487965905685,84.73019992052116,13.670012428304405
person_7.mp4,front,869,14496,59.94941055073099,848,478,80.73748609848671,80.67412667888887,108.69102315015395,106.39786447779012,80.55240762581693,83.28785871129192,11.917940127668972
person_7.mp4,front,870,14512,59.94941055073099,848,478,77.61449884998267,78.56174135417606,107.94892961648958,106.12437954360415,78.13151633072252,81.58621744832564,12.878119406815104
person_7.mp4,front,871,14529,59.94941055073099,848,478,77.61094042022094,78.85877984008025,107.83359094959098,106.26292554183081,79.0843263630558,82.27524497877206,11.675444087191657
person_7.mp4,front,872,14546,59.94941055073099,848,478,76.33497059237506,76.69318112062057,108.87697372973388,107.2524306335624,77.84250707549296,81.09645490618512,10.743719453801576
person_7.mp4,front,873,14562,59.94941055073099,848,478,74.18085267901627,74.15310524207341,108.94159209886674,106.84719682275154,76.22914503157247,79.56271094303199,10.594505536438856
person_7.mp4,front,874,14579,59.94941055073099,848,478,75.68383041196245,75.79913356532604,112.94628224505578,111.49449140179905,78.34472950982108,81.39342736510972,5.7725870891643485
person_7.mp4,front,875,14596,59.94941055073099,848,478,75.82184884709154,75.50756141781142,112.58925825519789,111.08674237739743,78.68505814269739,81.4262559084726,6.068124652649898
person_7.mp4,front,876,14612,59.94941055073099,848,478,75.29978865503759,75.35745011191747,112.96207789175604,111.1828449417535,78.87457406582459,81.69704957209673,4.82939580852637
person_7.mp4,front,877,14629,59.94941055073099,848,478,73.01609274633849,74.19319694479485,109.79128748633222,108.67119040760305,77.89449049819422,81.14936353509682,6.482690005437351
person_7.mp4,front,878,14646,59.94941055073099,848,478,73.18961335409656,74.13823681397352,112.36288537756008,111.02553093600456,77.96311634075997,81.04554958549978,4.840501838559445
person_7.mp4,front,879,14662,59.94941055073099,848,478,75.76651045278093,75.8725164092291,116.98724074214132,115.0584633238156,80.4458340347439,82.89105921914032,2.9127903956779853
person_7.mp4,front,880,14679,59.94941055073099,848,478,71.82546729299997,72.87775217198583,112.01978003346953,110.3073260310856,78.13289397078225,80.7851005210292,3.856321742567226
person_7.mp4,front,881,14696,59.94941055073099,848,478,70.23034168764937,71.27547428821177,109.48775411616,108.59214159563476,77.02798409602927,79.30857673226248,5.662545426828726
person_7.mp4,front,882,14712,59.94941055073099,848,478,68.60103430820097,69.5800777240407,108.0450424079856,106.85914878534966,76.1545804079418,78.61491610998053,5.934002934209505
person_7.mp4,front,883,14729,59.94941055073099,848,478,68.73135593654382,69.52776644218994,109.67791665379639,107.61224252812241,76.24909848069856,78.73013175375777,5.2090055632833305
person_7.mp4,front,884,14746,59.94941055073099,848,478,67.01420952950035,68.02305280806964,108.36959057796187,106.02452769737982,75.65340716894758,77.8474690453428,5.699848369201895
person_7.mp4,front,885,14762,59.94941055073099,848,478,69.13432233237539,70.37054564251402,111.19379472058012,109.52176383874965,78.14577168558966,80.26016442675329,2.9721093439186705
person_7.mp4,front,886,14779,59.94941055073099,848,478,68.47690005227024,69.52671675884498,111.02225286855146,108.8915042659236,78.00370901977013,80.02347040140106,3.0412157001962465
person_7.mp4,front,887,14796,59.94941055073099,848,478,66.65191205432103,67.70422999017218,109.82590509129452,107.80981379193005,78.25497069141183,77.43356875479243,3.437505637151709
person_7.mp4,front,888,14812,59.94941055073099,848,478,64.73941202061091,64.16276676046022,108.20353041222388,105.88547360276986,76.3929191169274,75.21329066274427,4.286417600884506
person_7.mp4,front,889,14829,59.94941055073099,848,478,63.40753664748146,63.900738762927475,108.44557722432423,106.08642713721908,74.98051470584662,76.10957336596972,3.717422299198816
person_7.mp4,front,890,14846,59.94941055073099,848,478,65.87747343691912,66.7610759725223,114.50877297469295,112.11997359670592,77.4657106827086,79.34726965337836,4.260604222230989
person_7.mp4,front,891,14863,59.94941055073099,848,478,65.72851701304553,65.98886642246512,113.76206634755236,111.3568850595651,77.43121677726066,77.31686360387354,3.5866659666279435
person_7.mp4,front,892,14879,59.94941055073099,848,478,63.342718212346284,63.263322553744786,111.18763552513668,108.38932070217655,74.98233233936497,75.93236010610326,2.4442543327976467
person_7.mp4,front,893,14896,59.94941055073099,848,478,60.60851078373126,61.233899641394885,110.22306595848386,105.09133649447567,74.10089440593161,76.05503711933878,2.7161456400678485
person_7.mp4,front,894,14913,59.94941055073099,848,478,58.267854147969764,58.60103661941363,105.72555073362159,99.45577113830085,72.40162417915192,74.86277601901708,6.6895451943130055
person_7.mp4,front,895,14929,59.94941055073099,848,478,56.61881735579475,57.36399526685203,103.2120943000827,97.82277034708946,71.50583102019017,74.27299518718662,7.930605981845234
person_7.mp4,front,896,14946,59.94941055073099,848,478,55.772606560568065,55.7512959792296,101.5034063805072,96.54837919672802,70.88793611215596,73.26363326899697,8.906845862870725
person_7.mp4,front,897,14963,59.94941055073099,848,478,55.78811187927413,56.1033818962015,101.3792184351434,96.9371169038088,71.85076623186379,74.15389657380186,8.509076446712069
person_7.mp4,front,898,14979,59.94941055073099,848,478,55.4946028517817,55.54259204620877,101.72811970348904,97.67289881611985,71.92515867681279,73.98002246556952,7.943265557634734
person_7.mp4,front,899,14996,59.94941055073099,848,478,54.76366230073576,54.82254081550262,101.69464112451983,97.91554566447346,71.5387939168792,73.6654777396995,7.87106891104604
person_7.mp4,front,900,15013,59.94941055073099,848,478,52.65667742593075,51.93349469332764,95.39157602773676,92.85922626971914,70.48608257998457,72.08175264543954,12.688209993612833
person_7.mp4,front,901,15029,59.94941055073099,848,478,51.02238945402942,50.714916865158266,93.41380674147791,91.97377638214012,68.60418211576659,70.62377946887368,13.719243524930244
person_7.mp4,front,902,15046,59.94941055073099,848,478,50.07409753854641,49.15211535080645,90.77198394009508,89.11519582022697,68.65367496639655,70.10524026525646,16.28633500353932
person_7.mp4,front,903,15063,59.94941055073099,848,478,50.64326818323743,49.48370085804908,91.67992336531127,90.7263227152102,69.82495362774718,70.07267395903158,14.78649400179317
person_7.mp4,front,904,15079,59.94941055073099,848,478,50.400957787020225,49.310890427500446,93.25503387156795,91.60076867633573,69.88225352403964,68.82028562647909,13.232722347871954
person_7.mp4,front,905,15096,59.94941055073099,848,478,50.12074827440468,49.201935212789664,91.52428364435967,88.84098516671749,69.19247871151416,69.40157441071098,15.183250717486867
person_7.mp4,front,906,15113,59.94941055073099,848,478,50.68213616612357,49.434462473029306,92.1137939826137,89.88050121969172,70.21439175508739,71.10547904603763,13.86030066532531
person_7.mp4,front,907,15129,59.94941055073099,848,478,48.696146465287214,48.38186412489501,86.32960162268549,84.98361973348678,68.20169212336515,69.73434718872953,18.507927439887606
person_7.mp4,front,908,15146,59.94941055073099,848,478,48.40266603145335,47.31927145536363,84.28366800958473,82.3853512057647,68.91070042181,69.22844163855672,20.57959841416993
person_7.mp4,front,909,15163,59.94941055073099,848,478,47.373263160361624,46.71686377676912,85.29356804325366,83.70043075851868,69.4214245785555,70.05884103537166,19.354233944498567
person_7.mp4,front,910,15179,59.94941055073099,848,478,46.56235405903259,46.21449940151609,85.63148671822746,83.90688908082929,68.80199105251782,69.95641907855907,18.845413615822256
person_7.mp4,front,911,15196,59.94941055073099,848,478,45.275923255115835,44.5488007044904,85.05276139905483,83.56971451058122,68.02260154744933,69.6230586641746,19.14328574195674
person_7.mp4,front,912,15213,59.94941055073099,848,478,45.47290781684548,43.774489923200804,86.8365589068835,85.19456599284482,68.53397549845907,70.26191241347408,17.723388648269758
person_7.mp4,front,913,15230,59.94941055073099,848,478,45.1303518526109,43.14207571110648,87.55420977773959,85.54547601150605,67.63368316067006,69.55932553325111,17.2820766951094
person_7.mp4,front,914,15246,59.94941055073099,848,478,45.063594438723754,43.463917277719894,87.39361440756721,85.91842684792013,67.72543980872457,68.35686908212618,17.043586700734767
person_7.mp4,front,915,15263,59.94941055073099,848,478,45.34840895499473,42.95070916256261,87.89704963619003,86.35778182679881,68.33836673744095,69.16779729912312,16.78590831997227
person_7.mp4,front,916,15280,59.94941055073099,848,478,44.51545544374973,42.454310737980514,87.44751002300973,85.68091266744528,67.69047749127876,69.04163301602834,17.56067152334093
person_7.mp4,front,917,15296,59.94941055073099,848,478,44.90100038026607,42.864552892912236,87.79652060489464,85.9049702039362,67.2322620485288,68.77847674005788,17.339615998189963
person_7.mp4,front,918,15313,59.94941055073099,848,478,45.32910947527734,42.867797039582776,85.63208507600902,83.88844527905886,66.52766450202068,68.13503734995724,19.26082067600916
person_7.mp4,front,919,15330,59.94941055073099,848,478,45.7977784036387,43.2422201890454,86.36653402923044,84.49681847958973,66.90151841773438,67.66008104938588,18.653164169769884
person_7.mp4,front,920,15346,59.94941055073099,848,478,45.420813003589785,43.38277736255892,85.80333457163387,83.94255929719756,67.33482026660187,67.80636312553197,19.24415217168601
person_7.mp4,front,921,15363,59.94941055073099,848,478,45.18090854559849,43.15700778029442,87.6295317078352,85.39926944675739,68.18612044846297,69.05342329113968,17.693867968833004
person_7.mp4,front,922,15380,59.94941055073099,848,478,44.899421634764835,43.32850834633905,86.81938975610996,85.11738228612488,67.23495029193889,68.75855078197685,18.188050058186064
person_7.mp4,front,923,15396,59.94941055073099,848,478,45.5392553821536,43.97554421867418,87.40608292456307,85.79423874663276,67.53904695735365,69.08892543860554,17.737081101996118
person_7.mp4,front,924,15413,59.94941055073099,848,478,45.64003240495787,44.174857168837164,87.37523220126845,85.91640121718638,67.35551763143775,68.70601110197178,17.673658930110815
person_7.mp4,front,925,15430,59.94941055073099,848,478,46.92812066358504,45.25276004919325,88.12906087295084,86.27161029067558,68.00149069134945,69.24897339284392,17.5028445604106
person_7.mp4,front,926,15446,59.94941055073099,848,478,49.26337764706534,47.26766091170529,90.22128555486762,87.84779986397824,69.70419992234903,70.48292146504988,16.39959749131855
person_7.mp4,front,927,15463,59.94941055073099,848,478,48.74746510885004,47.31280307639923,90.3621565657461,88.1688275877007,69.20815871008638,70.37254068209874,16.101465793980207
person_7.mp4,front,928,15480,59.94941055073099,848,478,48.677521052047204,47.673207744408835,91.45856066460502,89.1644020762181,69.00837776374863,69.91921231701113,15.036098013358492
person_7.mp4,front,929,15496,59.94941055073099,848,478,50.780853270653964,48.59886707557737,93.41133822936936,90.54464417054263,70.259309578788,70.57617688274921,13.909629218422301
person_7.mp4,front,930,15513,59.94941055073099,848,478,50.000790021847266,49.13678030803242,91.99392288712411,89.81451255991927,68.41723499689111,69.42575662274821,14.938893972535446
person_7.mp4,front,931,15530,59.94941055073099,848,478,49.951577309223985,49.835975166536954,91.76922159708222,89.77092760827023,68.43185841205941,69.46753364205523,15.168232759208982
person_7.mp4,front,932,15546,59.94941055073099,848,478,50.0132228778873,50.024961802785356,86.93523908929645,85.035406805178,67.83548257435181,68.93185383330325,20.102856085623635
person_7.mp4,front,933,15563,59.94941055073099,848,478,51.018842809010806,51.53356222632013,87.23106945982678,85.49787386721,67.40102201477669,68.9648193502718,19.60138863380167
person_7.mp4,front,934,15580,59.94941055073099,848,478,51.977711130956045,52.88085641603528,87.71072109324679,85.9816575688582,68.25422551749493,69.96688282231945,19.191984659602827
person_7.mp4,front,935,15596,59.94941055073099,848,478,51.823358474393544,52.807846268046255,86.24601005471433,84.47034358737578,67.9767817094687,69.6444279870959,20.937484723011664
person_7.mp4,front,936,15613,59.94941055073099,848,478,51.92782021621026,52.94200451291564,86.29734054410866,84.44721429170252,68.18244556963096,69.65197814976771,20.98954220814243
person_7.mp4,front,937,15630,59.94941055073099,848,478,51.295952154664704,53.02138833801624,81.96617365024338,80.76814809610968,67.25941454380708,70.32769101101616,25.2806074485313
person_7.mp4,front,938,15647,59.94941055073099,848,478,51.53936043269764,53.40497879828208,84.27163402774502,82.9590499862833,66.81882222639776,68.9885651119785,23.285762703704407
person_7.mp4,front,939,15663,59.94941055073099,848,478,54.68547186957669,55.31872934677577,94.07986943515053,92.0663077301694,68.87569718881488,69.94701639155802,14.806621446768434
person_7.mp4,front,940,15680,59.94941055073099,848,478,55.160061124415215,55.54724037042548,88.74146534757942,86.82865093534879,68.52468375139634,69.49435650397608,20.388832834100462
person_7.mp4,front,941,15697,59.94941055073099,848,478,57.827464121821286,57.738764237066114,96.81431882944187,93.09453711362997,70.20352760669189,70.43873723307335,14.464232807069886
person_7.mp4,front,942,15713,59.94941055073099,848,478,57.12541286800512,57.50844967620835,97.5108220500986,93.6374648819258,69.41738970147216,69.64438479710093,14.220710863391902
person_7.mp4,front,943,15730,59.94941055073099,848,478,56.736515140845185,55.81476907704594,100.13340993446675,96.06497755623758,69.52188002718985,69.78249178986744,13.02131386940741
person_7.mp4,front,944,15747,59.94941055073099,848,478,57.33537934864101,56.59663422147294,100.03971714168556,96.27679134223801,69.22937962927759,69.40506596311901,13.280664568263232
person_7.mp4,front,945,15763,59.94941055073099,848,478,59.19982466170668,59.25685536321067,100.3878397161342,96.89502276553486,68.82530278493282,69.13929100238414,13.017556866829068
person_7.mp4,front,946,15780,59.94941055073099,848,478,58.255369937383215,60.44780746090285,92.63607615611289,89.72021273794098,67.07750193300589,68.11740714254131,20.62808141811529
person_7.mp4,front,947,15797,59.94941055073099,848,478,58.20067141727398,61.21995632522188,91.72790630463608,89.35214567755638,66.25599633200694,68.16222164025585,21.599257301397042
person_7.mp4,front,948,15813,59.94941055073099,848,478,57.582087300135484,61.677762762289326,92.1894577328065,90.73183407354449,65.4906551323764,68.31370626554435,20.727500522111796
person_7.mp4,front,949,15830,59.94941055073099,848,478,57.94961754095072,61.23158299792046,93.13051758759026,91.84025721724812,64.34566027635987,67.86196652721456,20.214373727655722
person_7.mp4,front,950,15847,59.94941055073099,848,478,58.90944599403746,61.92559995149929,93.80341825223235,92.9440218429515,65.11511791013916,67.92903910124883,19.949805711964107
person_7.mp4,front,951,15863,59.94941055073099,848,478,58.59514713515497,60.785912883342526,95.21458093998112,94.08457922908336,64.53926605596389,66.22258578586896,19.433172514340175
person_7.mp4,front,952,15880,59.94941055073099,848,478,59.10424227258568,60.83032984560218,95.62065972826774,94.09429787633974,64.55155075450052,66.13143178856718,19.63369991710475
person_7.mp4,front,953,15897,59.94941055073099,848,478,59.46442709326541,60.80743766270837,94.33291564411597,92.21502623423976,64.28504835216371,65.50584459322882,21.780511569160325
person_7.mp4,front,954,15913,59.94941055073099,848,478,59.49562251192765,60.94242278096426,92.28449610530761,90.91240656494271,63.55724577127768,64.91245552359833,24.233543272575517
person_7.mp4,front,955,15930,59.94941055073099,848,478,61.08152566472216,62.74658637390681,92.94963957949959,91.97191970533498,64.47566650082399,66.16763197232964,24.276265502069407
person_7.mp4,front,956,15947,59.94941055073099,848,478,61.70319212620454,63.531995220129055,92.38223266360448,92.12110774491963,65.28287711676198,66.60816820941878,24.912747397252218
person_7.mp4,front,957,15963,59.94941055073099,848,478,61.39711524203112,64.1460184867475,92.97058990235443,91.89249021400782,63.196273727323145,67.26797620161928,25.295496897278422
person_7.mp4,front,958,15980,59.94941055073099,848,478,63.527848511492664,64.33919611742526,97.35139878215003,93.04879096638763,63.787501879363425,66.76140162022624,24.01398155793637
person_7.mp4,front,959,15997,59.94941055073099,848,478,68.3985009114058,70.55024092489863,104.11629374317994,102.85290801043485,66.58399395723782,69.8042900259046,19.8371841629785
person_7.mp4,front,960,16014,59.94941055073099,848,478,69.59606128852336,70.75668566951256,105.67267442351533,104.09738679271612,67.33260849800882,70.12408208116136,18.03219217215503
person_7.mp4,front,961,16030,59.94941055073099,848,478,73.98701399074844,74.95559781837055,112.7356112717863,110.68079233674511,68.36779613430333,71.48429061274362,14.650038878763095
person_7.mp4,front,962,16047,59.94941055073099,848,478,81.14714969415718,78.27321277521213,120.47591459419276,115.46117541256983,68.39404919124425,70.98022648441496,15.005050173172563
person_7.mp4,front,963,16064,59.94941055073099,848,478,77.68818133758279,78.3676237510067,117.0659656156468,114.88563107126822,67.53347892774275,70.49201182223982,15.111929134331222
person_7.mp4,front,964,16080,59.94941055073099,848,478,83.10565795996237,83.63941386034807,119.77842161204312,119.06014757898973,68.0516951865834,70.99547451381478,16.26613938987685
person_7.mp4,front,965,16097,59.94941055073099,848,478,87.30076002419108,87.32455960242864,121.90023878661974,120.17760240675227,68.54731532077955,71.58372548171515,18.107249698472934
person_7.mp4,front,966,16114,59.94941055073099,848,478,90.20247074750453,91.45256296444975,121.68942346244326,122.00788476535313,69.53869536341183,71.54898360338338,19.705540408126407
person_7.mp4,front,967,16130,59.94941055073099,848,478,100.49018404593174,100.11077857519737,127.69062587585626,128.02798956886397,73.64421356158356,73.72774493865036,19.906085423388355
person_7.mp4,front,968,16147,59.94941055073099,848,478,97.93045062423522,93.78297980098694,126.18773864271883,120.75381353183201,73.35708812677109,74.35029921913879,19.386445722038943
person_7.mp4,front,969,16164,59.94941055073099,848,478,107.87184601900759,104.596898600136,135.56937148333841,131.02355448756708,73.98569743308263,75.60534720557861,20.011645207620155
person_7.mp4,front,970,16180,59.94941055073099,848,478,107.73263400714725,104.06193376343539,134.8689245423855,129.0496919841352,74.62899429546886,76.2687375144005,19.828297058518757
person_7.mp4,front,971,16197,59.94941055073099,848,478,107.88698140936711,112.39466338489024,135.20437840729252,137.80820117566094,74.17995777558245,75.75651379972992,20.256865268966692
person_7.mp4,front,972,16214,59.94941055073099,848,478,116.17506501549688,120.48591563314832,142.27677647454908,144.0541783369454,75.94148362012518,77.54243958256983,20.60323656138358
person_7.mp4,front,973,16230,59.94941055073099,848,478,124.96583714185354,130.26385873536069,150.72484989329044,154.41238008157714,76.54972239811609,77.64572129390857,20.469128219926198
person_7.mp4,front,974,16247,59.94941055073099,848,478,122.70420438504442,133.2094331184353,148.66070066582117,157.89253821739993,75.23341917563219,75.95667957822843,21.794446031515964
person_7.mp4,front,975,16264,59.94941055073099,848,478,124.61753641362286,135.79311746416246,149.37275471855247,158.82123628396678,76.62673012206712,77.27472019258603,21.353311749539138
person_7.mp4,front,976,16280,59.94941055073099,848,478,124.68446144533141,139.14892774977378,149.3452800845894,162.21956195728706,76.68390383597003,77.30909134321115,21.235030915003158
person_7.mp4,front,977,16297,59.94941055073099,848,478,134.74402342379747,144.07335033625847,154.15879887353913,161.98663280559234,81.666260676248,81.6624816937716,21.00144105179971
person_7.mp4,front,978,16314,59.94941055073099,848,478,132.94766774017515,144.40537850594862,154.5803737569289,164.56340548837548,79.65300952515926,80.01712219536509,20.56494758006792
person_7.mp4,front,979,16330,59.94941055073099,848,478,133.88290633296407,144.84032717185843,154.1234654734637,164.30916942654375,81.20535707331366,81.18763946388123,20.235978825941853
person_7.mp4,front,980,16347,59.94941055073099,848,478,133.80936171525616,145.60103708401851,153.87135092548834,164.72429251948967,80.86168566200537,81.86151679185956,20.23433691702054
person_7.mp4,front,981,16364,59.94941055073099,848,478,127.55652444221036,142.8986860624591,151.03457785186723,167.04804988807814,77.03188879309286,78.08378930107179,20.394051440144796
person_7.mp4,front,982,16380,59.94941055073099,848,478,131.69123916744292,143.69434808388246,153.0640522994035,164.94431078317444,78.93168171499981,80.39286945345866,20.427189065873353
person_7.mp4,front,983,16397,59.94941055073099,848,478,130.47443524923364,143.48476064171572,151.7708362847756,165.045729150894,78.73641263016856,79.9678848649113,20.653410974996913
person_7.mp4,front,984,16414,59.94941055073099,848,478,129.19794169228456,141.99876422176277,153.0996520883179,165.1623572365707,76.88745170476413,78.53122777106125,20.53236332720897
person_7.mp4,front,985,16431,59.94941055073099,848,478,131.18751520797576,141.28789049844835,154.92302458373504,163.2379231930901,77.50643953716505,79.95793699326858,20.257805786210024
person_7.mp4,front,986,16447,59.94941055073099,848,478,128.62117793135516,141.30494339577223,152.59666013884916,166.00218594708863,77.27966673188277,78.48522628501266,19.968340606635387
person_7.mp4,front,987,16464,59.94941055073099,848,478,126.08732767087245,139.75141641504794,152.2425853967676,166.5498778568111,75.73005222747385,77.08604467416428,19.806818593287396
person_7.mp4,front,988,16481,59.94941055073099,848,478,126.23595715409758,141.61680847436543,151.03475421549265,167.82144520939488,75.55781189702309,76.82514493033432,20.04239322502874
person_7.mp4,front,989,16497,59.94941055073099,848,478,128.8420444707909,142.1021812454984,153.3244996928472,167.06610488886204,76.28140288851219,78.24695718693707,19.993199960563686
person_7.mp4,front,990,16514,59.94941055073099,848,478,126.62377441616799,141.02977731503424,151.95260760938316,166.58216903160252,75.80560274733266,77.93404978186368,19.978029508557043
person_7.mp4,front,991,16531,59.94941055073099,848,478,128.39640437562107,141.616149458921,151.94281894158885,165.66999679853453,77.67900670212512,79.74399758942796,19.909350003093337
person_7.mp4,front,992,16547,59.94941055073099,848,478,128.84325229534537,141.45002007483282,151.25470098678167,165.4509224537086,76.54091965039466,78.7291616478391,20.629615028440483
person_7.mp4,front,993,16564,59.94941055073099,848,478,126.68067114694627,139.57450156464094,149.75133162709886,165.43325722386265,74.5882737086326,76.5595666033667,21.069242268555247
person_7.mp4,front,994,16581,59.94941055073099,848,478,123.69408915646976,136.86308772367747,147.8000594789938,165.7515936975799,72.92191659937644,74.00404952271202,21.714628281060172
person_7.mp4,front,995,16597,59.94941055073099,848,478,124.0992160308356,137.31225978242557,147.88616267564254,165.02746884129937,73.78249791788079,75.1431996183452,21.423081193357774
person_7.mp4,front,996,16614,59.94941055073099,848,478,124.52439978431578,138.1292164858332,148.30300578011955,165.01163311576974,73.68371211845215,75.86549156130513,21.393260682467893
person_7.mp4,front,997,16631,59.94941055073099,848,478,125.25656876808962,138.41851778275188,148.89712392328462,164.9492025079294,73.93995099798822,76.29190531192268,21.314379542051807
person_7.mp4,front,998,16647,59.94941055073099,848,478,124.34296142146424,137.50069684526326,148.83418632250016,164.32267451431147,73.45315565039247,76.07151710308419,21.348880022176804
person_7.mp4,front,999,16664,59.94941055073099,848,478,123.0730229513139,136.84932681944494,148.15686123890694,164.60635280071978,72.76010888563256,75.15250150055626,21.667189560376574
person_7.mp4,front,1000,16681,59.94941055073099,848,478,122.9646570966618,137.028074970763,147.94482916289104,164.0354595669316,72.9006561892008,75.85518523875228,21.676055087894618
person_7.mp4,front,1001,16697,59.94941055073099,848,478,122.95382595073366,136.7308175138727,147.86156164799442,163.9101140694647,72.79602179962836,75.5769956566797,21.753597610738442
person_7.mp4,front,1002,16714,59.94941055073099,848,478,123.58948750978657,136.9462504485242,148.06117186245422,163.56966341386513,73.23217405507921,76.22908023654293,21.773690732643782
person_7.mp4,front,1003,16731,59.94941055073099,848,478,123.66969847077503,138.19810430835653,148.01456544620655,164.11674013587663,73.0291823576079,76.94548659130707,21.786066218329108
person_7.mp4,front,1004,16747,59.94941055073099,848,478,124.80788504515436,138.6844268113772,148.70215545925547,164.07411206168723,72.4592877904909,77.6888481866508,21.804679679336303
person_7.mp4,front,1005,16764,59.94941055073099,848,478,125.60567337744509,139.1250104149602,149.26008027463658,164.21988248203516,72.76336051578265,78.00587800629177,21.744036671375703
person_7.mp4,front,1006,16781,59.94941055073099,848,478,125.88203795670235,139.49486770236413,149.397543856117,164.3244676737032,73.31940780969818,78.26299957528344,21.708848231500752
person_7.mp4,front,1007,16797,59.94941055073099,848,478,126.01538370482429,139.28363904659756,149.45366935349242,164.228998731651,73.68914351838299,78.115938040712,21.655015136532494
person_7.mp4,front,1008,16814,59.94941055073099,848,478,126.74365931626211,139.1583265373543,149.99445883099284,164.09350133336963,74.29501786175086,77.868498934045,21.627659145421998
person_7.mp4,front,1009,16831,59.94941055073099,848,478,126.56660782318868,139.2715506382492,149.97072004737214,164.548667330662,74.43378152296127,77.63675552152354,21.62021482366299
person_7.mp4,front,1010,16848,59.94941055073099,848,478,126.45687815795978,139.1661805578147,149.9569777741245,164.407603794432,74.51795396046265,77.64622997387917,21.635463305167704
person_7.mp4,front,1011,16864,59.94941055073099,848,478,126.59516116820986,139.18154782003165,149.9974916566629,164.3650902756909,74.62798267055443,77.62212722355834,21.645912580104202
person_7.mp4,front,1012,16881,59.94941055073099,848,478,126.7907925029062,139.42604900051245,149.9872140924661,164.31493343372085,74.4840194231896,77.50526444903217,21.629611868740092
person_7.mp4,front,1013,16898,59.94941055073099,848,478,127.29659367550158,139.60389511829285,150.26915409481043,164.3605825672808,74.61228598611797,77.56311134997256,21.63259659512609
person_7.mp4,front,1014,16914,59.94941055073099,848,478,127.7429713205674,139.84385079726783,150.28220905314174,164.28927281511614,74.57211981057634,77.61741488691919,21.643304263496734
person_7.mp4,front,1015,16931,59.94941055073099,848,478,128.59463990774026,139.93703339719895,150.25001198737132,164.28981364008314,75.5364527416528,77.82066163838442,21.688443360055125
person_7.mp4,front,1016,16948,59.94941055073099,848,478,128.50799124319929,140.18830385205268,150.18951571613084,164.25713609726012,75.5521923307087,78.14595492132602,21.698308899243752
person_7.mp4,front,1017,16964,59.94941055073099,848,478,128.4951577035948,140.11244570424913,150.06772771643676,164.34667426327294,75.58855438274712,77.92408968793369,21.786364068674924
person_7.mp4,front,1018,16981,59.94941055073099,848,478,128.43257232581567,139.97353026590503,149.9068936015627,164.3182017400118,75.56113039796757,77.7979762603165,21.878130341270086
person_7.mp4,front,1019,16998,59.94941055073099,848,478,128.37436845922412,139.90073861310285,149.71251358830236,164.39303200616217,75.51643965040813,77.7661625632796,21.96736632741318
person_7.mp4,front,1020,17014,59.94941055073099,848,478,128.33984511039935,139.85511065374794,149.64851713649955,164.41315730746578,75.53327482906882,77.79222771522757,22.01663674580924
person_7.mp4,front,1021,17031,59.94941055073099,848,478,128.34135945396267,139.77190740350028,149.54798080218583,164.38893091708908,75.4380100494664,77.77429507551254,22.009618068171484
person_7.mp4,front,1022,17048,59.94941055073099,848,478,128.3665095593826,139.83599519370725,149.6451581234763,164.41150761739883,75.34111723804068,77.85237857493225,22.000714135528497
person_7.mp4,front,1023,17064,59.94941055073099,848,478,128.38147791381627,139.89589470345737,149.66620337296175,164.39232547025117,75.3090572070737,77.84721503196941,21.972165668288266
person_7.mp4,front,1024,17081,59.94941055073099,848,478,128.58010908340523,140.0516744491327,150.25685785713173,163.69239747890077,75.62159030272122,79.438628683713,21.343431959099178
person_7.mp4,front,1025,17098,59.94941055073099,848,478,128.8758522243182,140.1640113055282,150.17410197072923,163.78234039624178,75.76841429980335,79.60067531334882,21.45124148501367
person_7.mp4,front,1026,17114,59.94941055073099,848,478,129.1013263911574,139.97916240678626,150.09532395817206,163.7250663975301,76.02310013700327,79.62073592862083,21.472947901286062
person_7.mp4,front,1027,17131,59.94941055073099,848,478,129.1444343166074,139.69511497817882,150.04964871903667,163.58324851700903,76.40460823026214,79.87542495182386,21.324241193015414
person_7.mp4,front,1028,17148,59.94941055073099,848,478,128.90190095999196,139.7655740804125,149.9652598317809,163.63656888780028,76.40744454723773,80.03250209197574,21.331732845588913
person_7.mp4,front,1029,17164,59.94941055073099,848,478,128.75011889020314,139.6405545011441,149.8435142592513,163.66254235739277,76.47673956785054,80.0335478214203,21.275114141558905
person_7.mp4,front,1030,17181,59.94941055073099,848,478,128.56891280700867,139.9154658094055,149.8439563839267,163.59990597864314,76.58963921397483,80.40042695068296,21.161146047800838
person_7.mp4,front,1031,17198,59.94941055073099,848,478,128.87395162867043,140.00755851414146,149.98750776636695,163.42261264611264,77.13922884910593,81.01884931555833,20.91542203072859
person_7.mp4,front,1032,17215,59.94941055073099,848,478,128.69835120505255,139.85557307066523,149.94407695279995,163.3155379407416,77.06124194489306,81.05980823431648,20.866809420325986
person_7.mp4,front,1033,17231,59.94941055073099,848,478,128.38826682973772,139.79952204861218,149.7962271758622,163.36856591834828,77.05193671808767,81.1814235667418,20.89219976439466
person_7.mp4,front,1034,17248,59.94941055073099,848,478,128.21986289963638,139.5897034420533,149.72963647419854,163.3571041764316,76.92122981242116,81.11949912212489,20.90528825935612
person_7.mp4,front,1035,17265,59.94941055073099,848,478,128.03371938673442,139.520523585513,149.8925459125362,163.4588251098016,77.2111043763632,81.06770702384817,20.777958045557238
person_7.mp4,front,1036,17281,59.94941055073099,848,478,127.98500030439347,139.3757456073371,149.8917939597733,163.61475017655397,77.26161111696445,80.99380218375666,20.759521532475702
person_7.mp4,front,1037,17298,59.94941055073099,848,478,127.94288840640135,139.30113211605595,150.00567804202356,163.70704421065116,77.18343757790905,81.05718647450998,20.652082301827235
person_7.mp4,front,1038,17315,59.94941055073099,848,478,127.96397104405672,139.35048419856957,150.0885379954572,163.72261888231913,77.19906983809274,80.96342750704332,20.613373091492097
person_7.mp4,front,1039,17331,59.94941055073099,848,478,127.73333574420629,138.9960663891173,150.18883332897332,163.33789883120485,77.08730796762484,80.91153210869963,20.472173517497033
person_7.mp4,front,1040,17348,59.94941055073099,848,478,127.59208849175342,138.99135290674838,150.33630739423447,163.3438834444557,77.19848485789899,80.9568274004819,20.37064712111067
person_7.mp4,front,1041,17365,59.94941055073099,848,478,127.45203851829702,138.98221547357565,150.26759951069272,163.4058835602001,77.20192742176857,80.85948403345897,20.367899209807334
person_7.mp4,front,1042,17381,59.94941055073099,848,478,127.40185821105442,138.83413727905813,150.3262342014041,163.3876937186774,77.219758973083,81.05725646703009,20.331343840100597
person_7.mp4,front,1043,17398,59.94941055073099,848,478,127.33579014774523,138.78275641983493,150.20713827681718,163.18604525337503,77.16586386609058,80.93947952105896,20.367511297530687
person_7.mp4,front,1044,17415,59.94941055073099,848,478,126.72383029460202,138.4648065592925,150.16310411535153,163.07231424888295,76.6912298120978,80.67602796871523,20.461639675121166
person_7.mp4,front,1045,17431,59.94941055073099,848,478,126.57453910961833,138.37858177030307,150.0973806817984,163.01013181448315,76.57392362343606,80.57483126790633,20.480801913638782
person_7.mp4,front,1046,17448,59.94941055073099,848,478,126.34458172321196,138.31826546562723,150.325024907347,163.13053538773747,76.46873694440242,80.51213663870695,20.23962868795328
person_7.mp4,front,1047,17465,59.94941055073099,848,478,126.03624562929355,138.44135714524145,150.11061669076426,163.09459077718023,76.24726692451263,80.41099965353101,20.306278766160858
person_7.mp4,front,1048,17481,59.94941055073099,848,478,125.87471463686904,138.3567275454355,149.8908245483416,163.19491570853768,76.04784385778707,80.18082355791746,20.367690952425065
person_7.mp4,front,1049,17498,59.94941055073099,848,478,125.38569160997072,137.75586009752396,149.71868233775035,163.68092753805635,75.54850548737433,79.32341705665728,20.45475764251536
person_7.mp4,front,1050,17515,59.94941055073099,848,478,124.75246727313592,137.64430048333622,149.5321430065077,163.80206778745043,75.0602654709346,79.12292149072337,20.544515377331777
person_7.mp4,front,1051,17531,59.94941055073099,848,478,124.41196577498138,137.3257230423006,149.29066484503736,164.30196988845543,74.7857944226319,78.54344574950184,20.698426730909695
person_7.mp4,front,1052,17548,59.94941055073099,848,478,124.45977858004183,137.45864988605436,149.20746093772337,164.18583559088881,74.72584630999759,78.5920954406952,20.79343745566505
person_7.mp4,front,1053,17565,59.94941055073099,848,478,123.5368989682787,137.05023973698854,149.19940922413323,164.29483870673198,74.5291393175163,78.37394105951563,20.73565697183574
person_7.mp4,front,1054,17581,59.94941055073099,848,478,123.43739173614182,136.93150487402167,149.15405980794162,164.201137639908,74.3797847880276,78.24551790244648,20.73855787512255
person_7.mp4,front,1055,17598,59.94941055073099,848,478,123.29603781411522,136.75200531543254,149.34563582983145,164.06977764263502,74.24541899481581,78.21092529685534,20.54851441850758
person_7.mp4,front,1056,17615,59.94941055073099,848,478,122.13227845851593,135.74397576920148,148.6666302209117,164.10487900031913,73.79947500081325,77.95805104817357,20.48646162063886
person_7.mp4,front,1057,17632,59.94941055073099,848,478,121.64640489654283,135.79760810361117,148.27371868289674,164.11254536620976,73.75933026104832,77.80117678466215,20.5069250369914
person_7.mp4,front,1058,17648,59.94941055073099,848,478,121.86798527179455,135.85122509323247,148.46912759555255,164.54922914007085,73.99253528272703,77.51024777898867,20.21750251399567
person_7.mp4,front,1059,17665,59.94941055073099,848,478,122.78094915944808,135.95927628642693,148.68009813327765,164.6177111233276,75.03428649278067,77.396191388808,20.072513628921357
person_7.mp4,front,1060,17682,59.94941055073099,848,478,122.8502128261768,135.84267327714133,148.73655789373538,164.38741873253636,75.35401173192098,77.86343638724946,19.999415462803395
person_7.mp4,front,1061,17698,59.94941055073099,848,478,122.20292544957695,135.87047701094164,148.67123378945644,164.36421352489432,74.98534900281813,77.78092405184712,20.0495624804576
person_7.mp4,front,1062,17715,59.94941055073099,848,478,123.67530492870303,136.2419887516495,149.34670269883242,164.31683009054302,75.36805899958617,77.78116087096869,20.257773523170606
person_7.mp4,front,1063,17732,59.94941055073099,848,478,123.30769879401275,136.25625549021308,149.0853483043582,164.18118032951924,75.25599808108322,78.01696696757851,20.307528386678538
person_7.mp4,front,1064,17748,59.94941055073099,848,478,123.4128270721524,135.88102771749269,149.24254931252142,163.92879338213385,75.14352227538828,77.65443063789908,20.269987825459047
person_7.mp4,front,1065,17765,59.94941055073099,848,478,122.17373587086159,135.31618088590213,148.8502959121402,163.52149365711676,74.35862901413698,77.04250373418824,20.624300123668725
person_7.mp4,front,1066,17782,59.94941055073099,848,478,122.28156954498647,135.267310160444,148.828147980125,163.5208425998916,74.27295422024365,76.84287176500224,20.638914989803364
person_7.mp4,front,1067,17798,59.94941055073099,848,478,122.37530295191269,134.42824412859397,148.80033281348105,162.8291704026372,74.10936429412341,76.55174502134105,20.720589623062786
person_7.mp4,front,1068,17815,59.94941055073099,848,478,122.90599892593978,134.8384380198143,149.12676130771538,163.26428598693357,74.29057988306636,76.86170131317238,20.677690885428063
person_7.mp4,front,1069,17832,59.94941055073099,848,478,123.3136295992502,135.14490145921033,149.05421953111258,163.59140152272033,74.43370969613271,76.93317589678506,20.701076042861928
person_7.mp4,front,1070,17848,59.94941055073099,848,478,122.29557508131056,134.90925770917033,148.58299752103773,163.46512820858226,74.45703424819456,76.9022642602516,20.73216453941701
person_7.mp4,front,1071,17865,59.94941055073099,848,478,121.46418230276822,133.9804984159577,149.30162943721686,162.51352806615142,73.3473574019885,76.76176607262548,20.97848726252868
person_7.mp4,front,1072,17882,59.94941055073099,848,478,121.00308697820482,133.75530478144927,148.62906532350527,162.17036206449484,74.36262047568106,76.58256083162959,20.998787383546464
person_7.mp4,front,1073,17898,59.94941055073099,848,478,121.90878585388518,134.62529494180953,149.6670036695573,161.89104634599178,74.71450213912891,78.28151309497517,20.655821677827518
person_7.mp4,front,1074,17915,59.94941055073099,848,478,121.88306949476979,133.36306704985003,149.29368559668822,161.88031562039563,74.81603955810283,78.15658909696151,20.555426495217382
person_7.mp4,front,1075,17932,59.94941055073099,848,478,121.56032812290472,133.02536971274552,149.51260748528713,159.40371258287396,75.13603868422645,79.3627368965747,20.299167235228975
person_7.mp4,front,1076,17948,59.94941055073099,848,478,121.84795522477624,132.6570208793524,149.3197972548856,159.39348686845307,74.83826151006973,79.57108636966635,20.409206094930532
person_7.mp4,front,1077,17965,59.94941055073099,848,478,122.14572238126664,132.12717694497016,149.48483414470005,157.05274314206002,75.87383056324882,81.41860769999987,19.939064392310073
person_7.mp4,front,1078,17982,59.94941055073099,848,478,122.64047083965777,132.48035183825056,149.01632823227442,157.33659933174744,76.13943735016565,83.61233141564543,20.05836863105328
person_7.mp4,front,1079,17999,59.94941055073099,848,478,123.1079419066163,132.24647290292037,149.1847305919822,157.1871236978847,76.17801640948448,81.70693258632514,20.0671569452359
person_7.mp4,front,1080,18015,59.94941055073099,848,478,122.90694658475398,130.2122732118268,148.2295521786124,156.079870107459,76.47149699848075,80.25074040952937,20.117318994418596
person_7.mp4,front,1081,18032,59.94941055073099,848,478,122.78545316471421,130.9555679551134,148.39442594219167,156.76929811049504,76.53288885307741,80.36910610507955,20.062682734148648
person_7.mp4,front,1082,18049,59.94941055073099,848,478,121.3641543871664,128.21850423215307,146.10571489670448,154.11183603345407,76.99903805568421,80.12606035398439,20.144148331074984
person_7.mp4,front,1083,18065,59.94941055073099,848,478,122.17713762933394,127.44234412771348,145.2568994100508,150.38317095840435,78.84167305731495,82.67831853372164,19.97670884042001
person_7.mp4,front,1084,18082,59.94941055073099,848,478,123.29629670303225,128.33739004549295,145.2410902223051,152.46070302347522,79.69965827055894,81.85795858581054,20.053309898028328
person_7.mp4,front,1085,18099,59.94941055073099,848,478,122.5065243288198,127.19879845038014,144.3051930137312,152.10798526192025,79.50466723518075,81.33301356894692,20.150468047268717
person_7.mp4,front,1086,18115,59.94941055073099,848,478,122.15082978966102,127.67133677387937,143.02657497689637,152.73416095710434,79.73909938716965,79.70375601002497,20.6101130198711
person_7.mp4,front,1087,18132,59.94941055073099,848,478,114.45347260721168,113.90219537727651,136.67731498103944,139.97701332331215,78.30237233969848,79.06458186456472,20.726374029776554
person_7.mp4,front,1088,18149,59.94941055073099,848,478,116.19939795902006,119.29967585134601,136.5896853514769,144.94210839299774,79.92682970583897,79.22884018345384,21.009847280438287
person_7.mp4,front,1089,18165,59.94941055073099,848,478,115.3147799418851,121.20896700933608,135.48811191268146,146.5063222643194,79.1559814063921,79.37649709287597,21.49656281845811
person_7.mp4,front,1090,18182,59.94941055073099,848,478,103.04610304600595,100.83656958573573,124.82797502795071,126.92020055319665,77.68695553808263,78.47839848013453,20.95022126938351
person_7.mp4,front,1091,18199,59.94941055073099,848,478,101.41773321827137,99.44667487069995,123.80905760355452,125.71788803550207,77.4363331792439,78.15867674608165,20.924258211897147
person_7.mp4,front,1092,18215,59.94941055073099,848,478,101.30849788321751,103.65561036835264,123.18326951795734,130.1659867479328,77.73724215626193,78.08905121957865,21.09955115452933
person_7.mp4,front,1093,18232,59.94941055073099,848,478,98.31934878590657,100.50643027909028,121.32842629173444,127.50485700036782,76.86464412673871,77.82034339298144,20.918076787454655
person_7.mp4,front,1094,18249,59.94941055073099,848,478,92.18677360464983,93.00439470842959,115.92679125599618,120.723465482798,75.76139319630694,75.8198242225635,21.1849470892853
person_7.mp4,front,1095,18265,59.94941055073099,848,478,89.90526530220352,86.76825308310866,113.89801591620676,113.81241047843736,75.9347476989786,75.94409859847131,20.887940801558635
person_7.mp4,front,1096,18282,59.94941055073099,848,478,93.35938800401706,93.02806498896969,118.51740235226387,120.67725634953698,75.12825264614686,75.84558545055953,21.18638063858212
person_7.mp4,front,1097,18299,59.94941055073099,848,478,89.49757291669222,90.03705380308355,116.30391838175174,118.4502752087835,73.63971690309529,75.1471972556239,21.218826765279047
person_7.mp4,front,1098,18315,59.94941055073099,848,478,86.28218418344017,85.28493421548055,113.68897688975846,113.92606657831608,73.18278417677195,74.83128157041115,21.079432087350764
person_7.mp4,front,1099,18332,59.94941055073099,848,478,78.69222000531457,78.80860424736186,106.8071790198299,108.17274931734461,71.57927887774693,73.44843575167077,20.73992754183181
person_7.mp4,front,1100,18349,59.94941055073099,848,478,80.42062622957553,80.1040231215168,109.4628347416329,110.68517479227957,71.83888725543027,74.33956437225581,19.601902910549843
person_7.mp4,front,1101,18365,59.94941055073099,848,478,80.26433883945528,80.45692073700592,109.71176029309584,111.57065189617009,71.26701427084133,73.55592226544674,19.935316303587943
person_7.mp4,front,1102,18382,59.94941055073099,848,478,79.39763188462004,76.62700741594489,106.48282355338988,105.59510119256204,74.33376004427888,75.57244970621849,18.924541310164603
person_7.mp4,front,1103,18399,59.94941055073099,848,478,77.89579529335442,75.53441060853116,106.41020155173027,105.78984553222703,73.97330279713833,75.03164546505329,18.310117870775187
person_7.mp4,front,1104,18416,59.94941055073099,848,478,75.39746939016692,72.88834761470845,105.86253223156756,104.5076186600125,72.76061637357017,74.22887866223375,17.693492146442164
person_7.mp4,front,1105,18432,59.94941055073099,848,478,72.00924733094297,70.99495304855787,103.95121377941385,103.05034963329484,71.73029686031846,73.97865971615641,16.896955890378894
person_7.mp4,front,1106,18449,59.94941055073099,848,478,74.42785072825852,72.096818997877,107.10331300898645,105.59488950656342,71.10248553815197,73.6188089229974,17.23837770768265
person_7.mp4,front,1107,18466,59.94941055073099,848,478,74.64458445558029,73.29450930963198,107.8660117319043,107.07563310597504,71.11142787911194,73.78111224942369,16.978591084975537
person_7.mp4,front,1108,18482,59.94941055073099,848,478,70.3297651112571,67.57327230319235,105.7555827581373,102.37863013285096,68.68973951790782,71.19502008078207,17.618112974364163
person_7.mp4,front,1109,18499,59.94941055073099,848,478,72.90983238039706,72.60673180317038,106.00718488805104,104.02950739380415,72.2157278507089,74.86067369387025,16.993355321363882
person_7.mp4,front,1110,18516,59.94941055073099,848,478,70.52266373242048,69.45766061211623,105.06923309703957,102.81679464543835,70.34580152312355,72.86879803698781,17.54691451060709
person_7.mp4,front,1111,18532,59.94941055073099,848,478,72.63362990239686,72.08626721333006,103.03377225654506,99.23374557734905,73.7013820951778,76.39749640364214,17.608578993423258
person_7.mp4,front,1112,18549,59.94941055073099,848,478,71.36090313360279,69.60552750521701,102.38290885795895,97.7802152770754,72.84006968732055,74.99643363494444,17.946634861137635
person_7.mp4,front,1113,18566,59.94941055073099,848,478,70.18633258671103,68.70815259056727,101.10044757764345,96.85185238725376,72.93124371711649,75.04701584669773,18.198628200575975
person_7.mp4,front,1114,18582,59.94941055073099,848,478,70.99129311422173,68.94540821966689,107.37120658890501,101.43840371304994,72.08465690638685,75.98140233422376,13.672716708384906
person_7.mp4,front,1115,18599,59.94941055073099,848,478,70.33580496993594,68.39512997260896,104.75733505097243,100.48064819504287,72.81581235682846,74.87153464892295,15.218970226090956
person_7.mp4,front,1116,18616,59.94941055073099,848,478,68.98075721945,67.83918655499038,105.30980395897097,101.76957617942057,72.70509137604704,74.76189526165012,14.070380984355243
person_7.mp4,front,1117,18632,59.94941055073099,848,478,71.5221949243125,70.59580162919892,107.99503056701765,104.8172355830739,75.3486740490035,76.98287532708365,10.63734432205717
person_7.mp4,front,1118,18649,59.94941055073099,848,478,70.39671367991137,70.5926614072442,109.09220615032686,106.4938964101752,75.15367500582562,76.99215635097798,7.460768814598302
person_7.mp4,front,1119,18666,59.94941055073099,848,478,67.21491013139669,67.8577960593089,105.72391063492971,103.62066585870771,73.04709284736724,75.2440635723135,9.644336999191951
person_7.mp4,front,1120,18682,59.94941055073099,848,478,67.28863954866156,67.65102370469398,105.51502336474785,103.51231914073597,73.79765040486892,75.43210826730575,8.525740487026358
person_7.mp4,front,1121,18699,59.94941055073099,848,478,65.65472660907821,66.09575735024566,106.80860747419096,104.0270266288441,72.6073094520049,74.51702712274023,7.868028377469129
person_7.mp4,front,1122,18716,59.94941055073099,848,478,65.22090233629325,66.09516074795769,106.88917520782627,105.30481227134896,72.91114907197655,74.7970832306396,6.528273719275074
person_7.mp4,front,1123,18732,59.94941055073099,848,478,61.88721087418332,62.47149303008065,104.62565732245453,102.62351845472145,70.00845460092049,71.78276354826569,8.659734300420437
person_7.mp4,front,1124,18749,59.94941055073099,848,478,62.656136394794295,63.71265419889687,106.7108154297823,104.99054545228506,70.36621354292629,71.30938475187979,7.353486100191814
person_7.mp4,front,1125,18766,59.94941055073099,848,478,61.42802545123301,62.169919338925375,104.80770680611187,103.13012766581005,70.18608721673905,71.27032385598183,8.543715958609459
person_7.mp4,front,1126,18783,59.94941055073099,848,478,58.302426499026446,59.33663587971689,102.654626175801,101.19613466497535,67.99994877136972,68.79772620460982,9.284818485722603
person_7.mp4,front,1127,18799,59.94941055073099,848,478,60.18429224021334,59.22892381307932,104.17318860304731,101.70685826227565,69.61721859339933,69.18539963969732,8.67701709026385
person_7.mp4,front,1128,18816,59.94941055073099,848,478,59.300473792291136,59.04566327741574,103.26769023978291,100.10884381395006,69.28520868017986,69.24099211541447,10.139454649569666
person_7.mp4,front,1129,18833,59.94941055073099,848,478,58.97316645019862,58.73436899705169,100.23017634517002,97.27742914466005,69.26004006122076,69.06900029304278,12.889032993222653
person_7.mp4,front,1130,18849,59.94941055073099,848,478,58.684353368372875,59.634909516261686,104.09943829219885,100.38315567670054,69.65538846970458,69.73210506370742,9.55924849098868
person_7.mp4,front,1131,18866,59.94941055073099,848,478,58.82818916819485,59.96659883346651,104.32019010625666,100.6579847678386,69.70948917935719,70.48396933923186,9.215285710267482
person_7.mp4,front,1132,18883,59.94941055073099,848,478,60.37580124952907,61.46757138740149,104.87644463525447,101.16778946603455,71.30041511350935,72.30771753427754,8.250437307926532
person_7.mp4,front,1133,18899,59.94941055073099,848,478,59.657090800417016,58.16387696707959,107.19605499217263,102.26175228503705,72.15106975832164,72.15622928311875,6.670066473487164
person_7.mp4,front,1134,18916,59.94941055073099,848,478,60.23528779115686,57.968622376975425,108.02819916336662,103.0040923464874,73.35389405105198,72.66237092221901,6.65570779582619
person_7.mp4,front,1135,18933,59.94941055073099,848,478,57.99694708924772,56.14801668359743,105.62254388020935,101.59261298481671,72.75303170855487,73.13108652379374,7.51537883044457
person_7.mp4,front,1136,18949,59.94941055073099,848,478,57.489907797961095,55.425282625537626,104.84469810368829,101.43692425415072,71.93868078651735,71.32882695074576,7.982604214414388
person_7.mp4,front,1137,18966,59.94941055073099,848,478,56.53247630406901,55.18817279728253,103.72455374566185,99.90773878674327,71.59775788420365,71.12903764073361,8.560102711958637
person_7.mp4,front,1138,18983,59.94941055073099,848,478,57.86917897237504,55.27960353657036,103.01834996326026,99.77148448554209,72.67813601379338,69.31634600698519,8.667687925290162
person_7.mp4,front,1139,18999,59.94941055073099,848,478,57.271779524583245,55.18324557080402,101.93452595206865,99.23733841715702,72.73833953238383,69.07861572393395,9.286620973085684
person_7.mp4,front,1140,19016,59.94941055073099,848,478,57.59035009960089,55.8895937474005,101.39352835639234,99.03517678579294,72.34888214998422,69.96218476254374,9.251280191932315
person_7.mp4,front,1141,19033,59.94941055073099,848,478,56.96808764636488,55.34919590976924,100.00264989517069,97.97684185505378,71.87596442169776,70.03979694343099,9.979321682659315
person_7.mp4,front,1142,19049,59.94941055073099,848,478,56.29539052204445,54.72536017692488,98.56986340219227,96.84868023102325,71.19278528079265,69.81735874876458,10.868651171576627
person_7.mp4,front,1143,19066,59.94941055073099,848,478,56.12243567156009,55.04849144284841,98.33941374413475,96.59081665004506,71.5268337149371,70.57711940900519,10.880251109979362
person_7.mp4,front,1144,19083,59.94941055073099,848,478,55.71334342727178,54.55887365961942,97.90418589741338,96.11082345179992,71.6465118874465,70.63676875036313,10.765004774260776
person_7.mp4,front,1145,19099,59.94941055073099,848,478,54.599886095550815,53.00591639948769,97.79565577143744,96.23979289415101,72.14815467134137,70.69437279353244,10.551522437697802
person_7.mp4,front,1146,19116,59.94941055073099,848,478,54.20368028015622,52.63576184649727,95.96853044028983,94.716531343929,71.58878879254162,70.29489495898503,11.895437552076606
person_7.mp4,front,1147,19133,59.94941055073099,848,478,50.79285256649824,50.37171931665441,89.50420471055057,89.47985141612176,67.98183695104082,67.91257571209373,16.575016648644542
person_7.mp4,front,1148,19149,59.94941055073099,848,478,51.15595190756245,49.967441260733516,88.29829857678158,87.18762929061735,68.1107249946315,68.01185183819776,18.318192434668603
person_7.mp4,front,1149,19166,59.94941055073099,848,478,49.387017522217924,48.67409522178584,83.77585133739103,84.08589913900478,67.00712733623739,66.66893250643331,21.461568615758083
person_7.mp4,front,1150,19183,59.94941055073099,848,478,49.43497593989279,48.92919204220989,83.99750437874566,84.02834983491141,67.22779729427454,67.18792888185267,21.307635748632073
person_7.mp4,front,1151,19200,59.94941055073099,848,478,50.126716684644066,48.80533105258819,83.60865666241453,83.3080401844447,68.50178097853271,67.23759099248389,21.786812851414886
person_7.mp4,front,1152,19216,59.94941055073099,848,478,48.781055047442656,47.93247233871297,82.69411927115097,82.45337637011966,67.5431525990257,67.10771121237397,22.089117029732108
person_7.mp4,front,1153,19233,59.94941055073099,848,478,47.79920474679742,47.118643274245784,83.59187297896081,83.23070390717788,67.11354621998068,66.92999813232332,20.805044070879248
person_7.mp4,front,1154,19250,59.94941055073099,848,478,47.73978863392456,46.46494169988671,83.27938607368891,82.58489770573705,67.76492435600925,66.54998723077314,21.02219280865336
person_7.mp4,front,1155,19266,59.94941055073099,848,478,47.419499403374424,45.89799254757027,84.17895413669554,83.17271487147961,68.90311384888611,68.57943580531013,20.305563200101556
person_7.mp4,front,1156,19283,59.94941055073099,848,478,46.145411894618555,45.182455222325785,82.49386330427625,82.40816729420037,67.87980564425368,68.47537976052875,21.20182481881634
person_7.mp4,front,1157,19300,59.94941055073099,848,478,46.17057619954436,45.01308498120684,82.84481202590128,82.45470680684717,67.00552407958246,68.48076956325178,20.70016597856538
person_7.mp4,front,1158,19316,59.94941055073099,848,478,45.7371360196662,44.71364094417663,81.5467111940194,80.72411672983459,66.1669072491926,67.10725159436323,21.841609880447
person_7.mp4,front,1159,19333,59.94941055073099,848,478,46.38271781994345,44.38059385324738,81.48912072386935,80.07114571468696,65.80946555708606,65.77022121013421,22.458283101583888
person_7.mp4,front,1160,19350,59.94941055073099,848,478,45.09334245436333,43.32716386329658,79.77112509766067,78.51812076602052,65.23672475426343,65.4912008695652,23.60763788333942
person_7.mp4,front,1161,19366,59.94941055073099,848,478,43.46714974102717,42.41787443815167,79.29265277559968,77.96010984606689,63.65352402448989,66.59948196816377,23.806097002538827
person_7.mp4,front,1162,19383,59.94941055073099,848,478,43.6287379451383,40.82025734855376,78.75322655059642,77.53200256138103,64.34451899730237,67.64099107546288,24.539068174285013
person_7.mp4,front,1163,19400,59.94941055073099,848,478,44.59569283054237,40.10496191109142,79.15656354165922,78.13993408033137,66.8634689519246,67.6777776354069,24.359048602505542
person_7.mp4,front,1164,19416,59.94941055073099,848,478,44.79348711963248,40.593600867518205,78.14627973802685,77.61685199615123,65.82895895615927,69.00780982385523,24.8521299466731
person_7.mp4,front,1165,19433,59.94941055073099,848,478,45.156630697246364,40.83883575863377,78.09512742338192,77.57438853554598,64.57703042493694,67.58088853087213,25.118484553083945
person_7.mp4,front,1166,19450,59.94941055073099,848,478,45.05000378229656,41.42547824675875,78.42484997669737,77.7118481365585,64.81638138182244,67.4311343516119,24.940471902563715
person_7.mp4,front,1167,19466,59.94941055073099,848,478,44.14843996241274,40.82295760548367,79.03090486766708,78.30498120437943,66.32273541225794,67.16935760642781,24.462680002698637
person_7.mp4,front,1168,19483,59.94941055073099,848,478,44.07406342346093,40.98547265654622,79.21948493312865,78.35030713675386,66.62680538194239,66.89059192029532,24.329425039627843
person_7.mp4,front,1169,19500,59.94941055073099,848,478,44.12498635514945,41.50080465728512,78.41837378273853,77.2581863064537,66.7695234340735,66.01767751176249,25.206667243818874
person_7.mp4,front,1170,19516,59.94941055073099,848,478,44.05413358602129,41.499449492512106,78.22635622574909,77.02046728492584,66.39075154121936,66.0198365497454,25.353199796742736
person_7.mp4,front,1171,19533,59.94941055073099,848,478,43.83936102618165,41.39170633897868,78.66203507395839,77.48126802511354,66.18108452456264,66.51337692380402,24.959923841491033
person_7.mp4,front,1172,19550,59.94941055073099,848,478,43.99267196375425,41.52386950819742,78.52131362517109,77.31172439550447,65.95577047780041,66.19370946734324,24.988242955582344
person_7.mp4,front,1173,19566,59.94941055073099,848,478,43.96071522551138,41.37455664304312,78.4207486391073,77.13399451246491,65.36318307692062,65.93537878364334,24.985268027367045
person_7.mp4,front,1174,19583,59.94941055073099,848,478,43.88072176514157,41.77698515273365,78.0414632303476,76.58419479119065,65.24047811295439,65.7653758126663,25.343477148021993
person_7.mp4,front,1175,19600,59.94941055073099,848,478,43.87583837579433,41.30481253896259,78.32061520707204,76.87664873871054,66.19459066306862,67.07931065494095,25.146527094700062
person_7.mp4,front,1176,19617,59.94941055073099,848,478,44.14756229615126,41.43288722993661,78.15162619804137,76.97303863358749,65.61994358043663,66.5782568959101,24.935883439448403
person_7.mp4,front,1177,19633,59.94941055073099,848,478,43.86425471585347,41.1377342563579,77.96836775205287,76.77409280133544,65.19823433889668,66.06253406952993,24.972145105977194
person_7.mp4,front,1178,19650,59.94941055073099,848,478,43.762908671460494,41.23010701265701,78.15536375046736,76.93146083868466,64.98822117487506,66.65240192847658,24.85669035284767
person_7.mp4,front,1179,19667,59.94941055073099,848,478,44.07363090707151,41.336619615944215,78.32786779784065,77.07382467236751,65.60116985500228,66.63232715025663,24.75733032522479
person_7.mp4,front,1180,19683,59.94941055073099,848,478,43.54157380956179,41.40169197735268,77.63421713035534,76.36333519013378,64.71151604859601,65.40494688174934,25.178538784096926
person_7.mp4,front,1181,19700,59.94941055073099,848,478,43.49975409557738,41.93898974938727,77.04011541371334,75.85226878621698,64.42385196327695,65.20352260541985,25.612231283658932
person_7.mp4,front,1182,19717,59.94941055073099,848,478,43.396583084786954,41.59861164791203,77.1466565595669,76.00058452079786,64.47878804228948,65.58123077059388,25.503173047965443
person_7.mp4,front,1183,19733,59.94941055073099,848,478,44.138050404460735,42.35423263734507,77.94969469363515,76.7518720308127,65.74701730724112,66.35733894878155,25.006559763620125
person_7.mp4,front,1184,19750,59.94941055073099,848,478,44.77929057919428,42.946348753831984,80.51982089860373,79.1183928452032,67.05033071435086,68.01333839617622,22.887560931927258
person_7.mp4,front,1185,19767,59.94941055073099,848,478,44.70944713029024,43.31138658000538,81.0562364485667,79.6814257955536,66.80991005061249,67.51143170825637,22.297190631866897
person_7.mp4,front,1186,19783,59.94941055073099,848,478,44.54402941389097,43.35683773573958,81.23475620087456,79.94440888885615,66.52493600388077,67.40102705940171,22.112235393383855
person_7.mp4,front,1187,19800,59.94941055073099,848,478,44.50750272116629,43.29944475165591,80.59428994640982,79.377641806911,66.51231515870559,67.0094861297844,22.685401070072984
person_7.mp4,front,1188,19817,59.94941055073099,848,478,43.98207877985736,43.027100006465005,79.12012450887863,78.12845773787294,65.78549129250166,66.62936113881678,23.93216533273983
person_7.mp4,front,1189,19833,59.94941055073099,848,478,43.72978343075813,42.795624751299876,78.41056660008607,77.48489461145265,65.24579781503738,66.30826723571005,24.459721307493027
person_7.mp4,front,1190,19850,59.94941055073099,848,478,43.705579505021944,42.23697068762394,78.26134258050796,77.31061695082761,65.0485320794659,65.9289903101456,24.44686334749478
person_7.mp4,front,1191,19867,59.94941055073099,848,478,43.85227400004692,42.564025237010426,78.46942125652127,77.50204272967771,65.36304751883227,66.33560348919171,24.422366812015778
person_7.mp4,front,1192,19883,59.94941055073099,848,478,44.47121100546712,42.649143618737156,79.5223870830066,78.62508735655001,65.86634262862403,67.51780888522725,23.472461105697672
person_7.mp4,front,1193,19900,59.94941055073099,848,478,44.44380029973372,42.64621641411602,79.51690908927264,78.62562632250432,65.74225515903343,67.39566109563916,23.45190316881221
person_7.mp4,front,1194,19917,59.94941055073099,848,478,46.057911117779966,42.70453060130051,81.88287484030116,80.25356312885023,67.40208119142952,68.34845037556993,21.77113122289112
person_7.mp4,front,1195,19933,59.94941055073099,848,478,45.333460921581555,42.62142650694578,81.7247252192028,80.3343274838336,66.36937008993861,67.49351777373356,21.87881195139936
person_7.mp4,front,1196,19950,59.94941055073099,848,478,45.109419221179486,42.48709586689735,81.07963362003876,80.19275978510767,65.9711460670224,67.43073385196645,22.22349954425585
person_7.mp4,front,1197,19967,59.94941055073099,848,478,45.08168681909649,42.54625451117556,81.02162230293105,80.09537053951875,65.74979941785163,67.23470122410075,22.322467125077477
person_7.mp4,front,1198,19984,59.94941055073099,848,478,44.622207316916665,43.18962552634313,80.00779340641955,79.36461916934144,64.44149768653614,65.63984836770622,23.145605691343253
person_7.mp4,front,1199,20000,59.94941055073099,848,478,45.31477544873482,43.963602692874005,79.63253941793208,79.19546463963653,64.14012655192477,65.21153789229916,23.180808466953216
person_7.mp4,front,1200,20017,59.94941055073099,848,478,42.750460430132776,40.9691348433836,77.2246450908417,76.73900925654542,64.46346444897091,65.41118893963802,25.982454123103434
person_7.mp4,front,1201,20034,59.94941055073099,848,478,42.99449910828023,40.49391523510455,77.20577102172028,76.72119897078522,64.48869552075793,65.38724310321236,26.26358006423586
person_7.mp4,front,1202,20050,59.94941055073099,848,478,43.9538786230543,41.400432748076526,77.9896863276461,77.68213645268884,65.13512058702233,65.75964786804556,25.87641564588186
person_7.mp4,front,1203,20067,59.94941055073099,848,478,44.89337401932144,42.15337360444345,78.72673467934213,78.22883239231878,65.1713816351123,66.19450366774018,25.64956566666179
person_7.mp4,front,1204,20084,59.94941055073099,848,478,44.58347735433068,42.726521215322585,79.03922514710483,78.5186527917083,64.80751585210287,65.98007638194576,25.379247651830905
person_7.mp4,front,1205,20100,59.94941055073099,848,478,45.573839282760275,43.34017249769808,81.29853869949135,80.26096030376935,65.66550540881782,66.23134768879926,23.814915936489097
person_7.mp4,front,1206,20117,59.94941055073099,848,478,45.86427345185004,44.19386086358924,81.94829467754333,80.85941307941994,65.25862606826931,66.14202775507378,23.663923376844174
person_7.mp4,front,1207,20134,59.94941055073099,848,478,46.42740222787913,44.67186169555983,82.43469443917385,81.50468234178496,65.08712458707211,65.48654789204059,23.75896840288957
person_7.mp4,front,1208,20150,59.94941055073099,848,478,47.581353143774756,45.785700510046084,83.46972988207554,82.17356858885326,65.44227145363921,65.58533564673094,23.356514229330024
person_7.mp4,front,1209,20167,59.94941055073099,848,478,47.83813537109624,46.29990024064424,84.1456259838817,82.78614280932437,65.06881998386105,65.34114671430675,23.225496537888507
person_7.mp4,front,1210,20184,59.94941055073099,848,478,48.223418559057585,47.2520916671536,82.97115009157113,81.23476107053533,64.59135603365525,62.14472817054774,24.979891776757924
person_7.mp4,front,1211,20200,59.94941055073099,848,478,48.72234438090868,48.10910552094963,82.22926051401147,80.00343316986792,63.477031710721114,62.040787130331005,26.676660994939528
person_7.mp4,front,1212,20217,59.94941055073099,848,478,50.131265398977746,49.778139534801305,78.66635318135062,76.69996490189628,61.22499089402399,61.39957172116434,30.323525612470615
person_7.mp4,front,1213,20234,59.94941055073099,848,478,50.80216493545162,50.96559127988898,80.86614973561393,78.80811340480673,61.51221509448457,63.249827070455076,28.78556993820263
person_7.mp4,front,1214,20250,59.94941055073099,848,478,50.88984297613604,51.44937061716568,81.5781895415336,79.72292775907664,61.12565848743903,63.933416738392346,28.41980963427339
person_7.mp4,front,1215,20267,59.94941055073099,848,478,52.3301084149263,52.64039379161413,83.0305927518495,80.96061240658446,62.2251867263911,62.4652921813022,28.188214217606365
person_7.mp4,front,1216,20284,59.94941055073099,848,478,53.156468656477,53.649549651251654,83.80541142448838,82.65651363192353,63.045208201458095,62.077306909350625,27.705139011636483
person_7.mp4,front,1217,20300,59.94941055073099,848,478,54.98612414625601,54.65137065467874,82.4807232655148,82.28972058493274,63.03447417682144,61.64209270453352,28.792137850273413
person_7.mp4,front,1218,20317,59.94941055073099,848,478,55.984736682607064,56.003496258544835,82.62024630773084,82.5919763465653,63.89416484919656,62.27147326864495,28.761931760798095
person_7.mp4,front,1219,20334,59.94941055073099,848,478,59.48022102694958,61.001121030025644,91.82602139810929,91.35452851064,67.17141133974768,66.08754731042819,21.386714139000436
person_7.mp4,front,1220,20350,59.94941055073099,848,478,59.754196300918025,61.458228461741605,91.09533435212715,90.90125737757093,67.07887302556276,66.12169324955707,22.124563094095546
person_7.mp4,front,1221,20367,59.94941055073099,848,478,60.879922092010574,64.64404858968814,89.8778540615723,90.34571435604589,67.55811721399294,68.51845811426598,22.710666374816377
person_7.mp4,front,1222,20384,59.94941055073099,848,478,61.17065376163542,62.69537344204543,85.39673517533973,86.43564769369019,69.85462279488377,67.218111958173,27.107564077371265
person_7.mp4,front,1223,20401,59.94941055073099,848,478,60.63297869771723,63.38683572828086,86.2178611350947,88.03661069041033,67.68756428344986,65.46493313774923,26.652117023663433
person_7.mp4,front,1224,20417,59.94941055073099,848,478,60.604413648978394,62.61362422787415,84.67936619582227,87.29463452196748,68.38501387909338,65.38507608833046,27.795805227022363
person_7.mp4,front,1225,20434,59.94941055073099,848,478,59.681874457437665,62.270821992982896,85.52643343921005,87.47412049959054,65.75770181669334,64.93565500451147,27.5355792598981
person_7.mp4,front,1226,20451,59.94941055073099,848,478,60.13119303414571,62.36812939134806,86.24896937168889,87.66765210639046,65.36770307991371,65.08121268185079,27.421707746202596
person_7.mp4,front,1227,20467,59.94941055073099,848,478,57.82717068845846,60.81082904676993,87.98245308253173,88.66235289047285,62.13734039803075,62.99750172756194,27.270222805529365
person_7.mp4,front,1228,20484,59.94941055073099,848,478,59.04547395816153,62.291300278703474,88.8488794013867,88.99716197888641,62.50238118159436,63.63830862333826,27.5550847571866
person_7.mp4,front,1229,20501,59.94941055073099,848,478,60.51805633490584,63.14381633577817,91.00100669700252,90.8186494257167,61.96787268478011,63.16344445439111,27.479301463021677
person_7.mp4,front,1230,20517,59.94941055073099,848,478,61.28255363099126,64.1300493572867,87.70010754809788,88.11153599382232,62.75532378386314,63.44831337844343,30.672813311000088
person_7.mp4,front,1231,20534,59.94941055073099,848,478,64.0847639423528,66.24681459273069,88.88601314487823,89.10404106219673,61.98951479751322,63.11121679836204,32.32911750878706
person_7.mp4,front,1232,20551,59.94941055073099,848,478,64.24858851952087,66.12432202363374,87.16197772358694,87.11642893738912,61.541149252565916,62.947711052776405,33.97881211673492
person_7.mp4,front,1233,20567,59.94941055073099,848,478,67.48614030330668,70.60776922219937,92.977670633489,93.55292564648062,62.510906161211665,64.36203024505444,31.65454299713153
person_7.mp4,front,1234,20584,59.94941055073099,848,478,73.00260099393746,74.95731567277036,98.27235827509442,99.9783630709259,64.14201786372082,66.04874797321429,29.65124816986205
person_7.mp4,front,1235,20601,59.94941055073099,848,478,82.78858186602382,88.4224949211435,110.79670839690986,117.10884134582086,67.35428783547697,69.11209982088765,24.189876850614656
person_7.mp4,front,1236,20617,59.94941055073099,848,478,88.67126944255568,91.30576983402668,117.41485879039529,121.15999723358921,69.79699480201211,71.13256364707873,21.397216944822475
person_7.mp4,front,1237,20634,59.94941055073099,848,478,95.83847953923802,103.90372164793497,121.28752588958234,131.22622248765472,71.46895005891552,72.58130604870199,22.17210471646572
person_7.mp4,front,1238,20651,59.94941055073099,848,478,99.8732255676774,114.31898659199742,125.32383463253993,141.03428686150386,71.74698460731025,73.38954942482988,22.32004817639968
person_7.mp4,front,1239,20667,59.94941055073099,848,478,101.14824474312103,114.9458383234028,124.86458234224985,140.19308901748354,74.15104401027556,74.63044191673504,21.761373316671026
person_7.mp4,front,1240,20684,59.94941055073099,848,478,108.35407839609327,126.1793721074041,129.2051549680451,149.19735736252028,77.88249674188347,77.6421206865879,21.280748032177087
person_7.mp4,front,1241,20701,59.94941055073099,848,478,113.85712847984118,130.8682018185872,133.74851218405615,152.31386394789018,79.46028952137603,79.04975667990257,21.01983040696166
person_7.mp4,front,1242,20717,59.94941055073099,848,478,121.04009917628241,134.66561882840833,138.2402191845534,153.80806661340932,82.6948176266977,81.43225691277995,20.668681438933994
person_7.mp4,front,1243,20734,59.94941055073099,848,478,122.80795887507799,134.85644523172152,142.2869591780211,156.10768703970345,80.29110294385812,79.66187535465345,20.617956088172154
person_7.mp4,front,1244,20751,59.94941055073099,848,478,127.89237079287751,140.72486444387647,144.55761908444447,158.4542263575069,83.54369087642043,83.07729217174708,20.605530526991902
person_7.mp4,front,1245,20768,59.94941055073099,848,478,133.64823729383144,145.38496743266597,149.03061879145721,160.92389679609454,85.09412866203886,84.87544362722622,20.636398602670802
person_7.mp4,front,1246,20784,59.94941055073099,848,478,137.09531774972555,144.3672454459054,153.9121304507089,159.92534592718312,84.40970597143003,85.02766153643654,20.27128636482106
person_7.mp4,front,1247,20801,59.94941055073099,848,478,136.46956534044804,146.2579847357097,152.14779732587752,161.80284069658995,84.8195969504562,84.94668088135111,20.232456539597543
person_7.mp4,front,1248,20818,59.94941055073099,848,478,142.99292441212773,149.3340551778318,157.2473103511405,165.25819958052625,86.52996906487157,85.28596150598052,19.56828594887615
person_7.mp4,front,1249,20834,59.94941055073099,848,478,140.61222628035702,148.3421897513823,156.44892238706674,165.27122598404446,85.13983066813061,84.48155556848943,19.344196126278277
person_7.mp4,front,1250,20851,59.94941055073099,848,478,137.30901203508927,147.06356764000105,156.5435113922819,165.67355441045763,82.33265581004382,83.73747856626464,18.610601169639953
person_7.mp4,front,1251,20868,59.94941055073099,848,478,138.92161069088647,148.08453789027774,158.66043082882976,167.9175798109969,81.74856273677072,82.6726763114781,18.59728948807617
person_7.mp4,front,1252,20884,59.94941055073099,848,478,142.22878666465496,148.27916585700495,161.24259708623973,167.6037090812138,82.39297841227261,83.65217926098734,18.375718640071707
person_7.mp4,front,1253,20901,59.94941055073099,848,478,138.69239229246674,146.3359783490938,158.37856291877185,166.29131385586797,81.89384045985152,83.23267459370278,18.453995833674078
person_7.mp4,front,1254,20918,59.94941055073099,848,478,139.9483638681808,148.04905957418845,159.60524322923953,168.14441371743743,82.26121576102825,83.8117144671421,18.340053545904418
person_7.mp4,front,1255,20934,59.94941055073099,848,478,137.20154969983062,147.0464997852569,157.98918226926986,168.20921625323493,81.0152263666428,82.2482719913048,18.564244342201484
person_7.mp4,front,1256,20951,59.94941055073099,848,478,136.49143307581588,145.60767460349703,159.50613200571544,167.6913595572355,79.21230958190334,81.14754167160153,18.77691166008125
person_7.mp4,front,1257,20968,59.94941055073099,848,478,135.80606498273804,147.39326208189945,157.10919166948247,169.75216750975122,79.90353488970973,81.18590398194422,18.87387154507311
person_7.mp4,front,1258,20984,59.94941055073099,848,478,134.45209956472124,145.36575043372864,156.472203549101,167.8281239612071,79.68669629155352,82.00366595554297,18.593855675810726
person_7.mp4,front,1259,21001,59.94941055073099,848,478,136.9197182780052,147.60206504397922,157.24766244423265,170.11015656560656,80.86130344833171,82.24723583561888,18.797583496674598
person_7.mp4,front,1260,21018,59.94941055073099,848,478,138.60810649148442,146.8751572858357,158.99414696665124,169.00185381764757,80.90995640111402,82.69975637704619,18.717613772666155
person_7.mp4,front,1261,21034,59.94941055073099,848,478,136.1336012525811,147.02073474109497,156.25909936820895,171.7544253594586,80.13065821003761,80.18691545594676,19.265763562160668
person_7.mp4,front,1262,21051,59.94941055073099,848,478,134.35137795757464,146.21782493544464,154.95185634169977,171.35477262320435,79.25434561870097,79.43550179597095,19.82420641725069
person_7.mp4,front,1263,21068,59.94941055073099,848,478,131.90381600882858,145.0245744682933,152.69855435649066,170.24665584339888,77.88006472480195,78.3282915393833,20.73869603469541
person_7.mp4,front,1264,21084,59.94941055073099,848,478,131.1177060811956,144.80430943441866,152.20793274140337,169.68631039442212,78.0139993980404,78.93908419983813,20.68117181116573
person_7.mp4,front,1265,21101,59.94941055073099,848,478,131.0452655913346,144.53327071275942,151.78563361856573,169.00836559041858,77.67635362368335,78.84594810447716,20.90152496169297
person_7.mp4,front,1266,21118,59.94941055073099,848,478,131.3818169691185,144.21427251608952,151.61811605932076,168.84258568620993,77.4693000303736,78.3310105511004,21.352055976881047
person_7.mp4,front,1267,21134,59.94941055073099,848,478,129.58887289680268,142.37803795936682,151.36848784856974,169.219949883318,76.19464283128976,76.91347819636944,21.4569970550159
person_7.mp4,front,1268,21151,59.94941055073099,848,478,130.28780242811573,143.77717110781893,152.27790953895413,170.19252338065945,75.8436233769798,77.0251384283759,21.581150054091392
person_7.mp4,front,1269,21168,59.94941055073099,848,478,131.16451701413965,144.38625666932828,152.9583104370299,170.22365239919526,76.0793962300846,77.82734427323093,21.44309419589937
person_7.mp4,front,1270,21185,59.94941055073099,848,478,130.3923764346904,142.8646643873757,152.71475305897968,170.09953817872375,75.38865355226179,77.22674892994705,21.587006732927943
person_7.mp4,front,1271,21201,59.94941055073099,848,478,130.1728938736019,142.91648417444992,152.69717382963609,169.60600193200128,75.41050603994404,77.81284416017199,21.59504209172523
person_7.mp4,front,1272,21218,59.94941055073099,848,478,131.00978750406864,143.0952166887587,152.73423672324273,169.03949520431885,76.38774791806236,78.52864900964158,21.45096314815726
person_7.mp4,front,1273,21235,59.94941055073099,848,478,131.99555463471677,143.4552428390733,153.21079706810804,168.82143007462255,76.82235928821795,78.94186176634093,21.399648776624737
person_7.mp4,front,1274,21251,59.94941055073099,848,478,130.62966334839928,143.71417777646556,153.2871451543798,168.95490570398155,75.9036951539085,79.33328764526763,21.24407102531805
person_7.mp4,front,1275,21268,59.94941055073099,848,478,130.3830273301482,143.3200804613384,153.38592670804672,169.01184847112543,75.64671687382268,79.41335790980271,20.978771849957234
person_7.mp4,front,1276,21285,59.94941055073099,848,478,130.45499742901083,142.29532948877966,153.50126699839862,168.75303872306202,76.4384290880029,79.7083405222902,20.097790206871736
person_7.mp4,front,1277,21301,59.94941055073099,848,478,131.66452108778793,142.83255037270527,153.98383378261147,168.91797314390396,77.5604078397609,79.94988947118387,20.118151747087698
person_7.mp4,front,1278,21318,59.94941055073099,848,478,133.24871671756893,144.03149964281968,153.99831457325692,168.8575624105292,77.61031857947843,80.83463747644177,20.018450847129156
person_7.mp4,front,1279,21335,59.94941055073099,848,478,135.64644486854155,144.72669688770262,155.45709413882102,168.76070647084654,78.63108612453503,81.5361683502474,19.968421387099013
person_7.mp4,front,1280,21351,59.94941055073099,848,478,135.62919119461168,145.70437217725103,155.57763676721672,168.6511350343629,78.71195668460587,82.86823167028588,19.655486894915036
person_7.mp4,front,1281,21368,59.94941055073099,848,478,135.42264352054127,145.2007955405102,155.60947051772573,168.12001465857765,78.69119044698616,82.96373352396859,19.641510321528298
person_7.mp4,front,1282,21385,59.94941055073099,848,478,135.21088128201853,145.0853223891329,155.4987448546164,167.9692375809455,78.76369146825317,83.00269362049826,19.69747340550524
person_7.mp4,front,1283,21401,59.94941055073099,848,478,134.55829084556828,144.38037740803378,155.39109441452365,167.69505026965916,78.64659499533067,82.64271251311077,19.725748234384806
person_7.mp4,front,1284,21418,59.94941055073099,848,478,133.92618068369927,143.74256275473152,155.25207045629116,167.63546141708568,78.35232842537057,82.09530852058107,19.702152956147604
person_7.mp4,front,1285,21435,59.94941055073099,848,478,134.00085308661423,143.9838665731685,155.73912729795876,167.2745893473715,78.53292573999505,82.90723737084593,19.299486439028197
person_7.mp4,front,1286,21451,59.94941055073099,848,478,133.60452408255316,143.45277306225492,155.71200306219748,167.3654229785054,78.41880402684319,82.58042695360076,19.252955631794396
person_7.mp4,front,1287,21468,59.94941055073099,848,478,133.0795750767891,143.24584251611154,155.78222998569427,167.27165535667103,77.828965506989,82.71007653666658,19.266945963744536
person_7.mp4,front,1288,21485,59.94941055073099,848,478,133.25984451240868,143.12660905453578,155.72819479715406,167.12298617995165,77.93338899680809,82.80776459350592,19.372152072086035
person_7.mp4,front,1289,21501,59.94941055073099,848,478,133.53987156808938,143.03519393086728,155.84803823566295,166.82659234534373,77.94538531886165,82.29399716716763,19.399196432318906
person_7.mp4,front,1290,21518,59.94941055073099,848,478,133.61491767809835,142.7128641432004,156.06930360367613,166.6468647331194,77.72869179150044,82.0691229276011,19.47596897681318
person_7.mp4,front,1291,21535,59.94941055073099,848,478,134.2847561150246,142.89355075047834,156.46913384998592,166.74052779559275,77.9061181962537,81.99397077666015,19.510864039894052
person_7.mp4,front,1292,21552,59.94941055073099,848,478,133.88393626654906,142.5319060837779,156.3876576040027,166.630813457994,77.74018276633318,81.82264712077156,19.51682502459647
person_7.mp4,front,1293,21568,59.94941055073099,848,478,133.2268582688533,141.84968555320182,156.30424827179291,166.4804225470301,77.24496502965836,81.15306833350742,19.635635316538778
person_7.mp4,front,1294,21585,59.94941055073099,848,478,132.6581283303076,141.7313645652869,156.272356373792,166.44532683990872,77.04215922568136,81.05165699224202,19.619644705536423
person_7.mp4,front,1295,21602,59.94941055073099,848,478,132.9238280355987,141.95059908135136,156.35132223804462,166.10891248902513,77.19835023781886,81.37295954381052,19.624664002630414
person_7.mp4,front,1296,21618,59.94941055073099,848,478,133.7939651688654,142.112293992783,156.18573993140689,166.12396733870622,77.58665135043307,81.48367317865002,19.698219527338935
person_7.mp4,front,1297,21635,59.94941055073099,848,478,134.5607514708276,142.53028764341417,156.22044464486532,166.2554863851689,77.91860228555123,81.59930722672722,19.76993569259585
person_7.mp4,front,1298,21652,59.94941055073099,848,478,134.71743951525764,142.50595909247073,156.06993757732366,166.53674818388143,78.1320548096532,81.33616379240434,19.79341102573679
person_7.mp4,front,1299,21668,59.94941055073099,848,478,134.71398828102411,142.6172861019496,156.0590904471521,166.40185167821946,78.23305925863066,81.56137539030841,19.77729626451119
person_7.mp4,front,1300,21685,59.94941055073099,848,478,134.2500514177224,141.6085813141207,155.6926037406171,166.33934964023103,77.90641240728895,80.39612951990755,20.021960008826003
person_7.mp4,front,1301,21702,59.94941055073099,848,478,133.11812331764014,141.4273105313934,154.87075920947956,166.14701883985737,77.4462780586317,80.07801721515264,20.208008477784503
person_7.mp4,front,1302,21718,59.94941055073099,848,478,132.88072012183764,141.3746619710637,154.86363884930373,166.02132267944845,77.28096574118767,80.01377906566192,20.27502120884428
person_7.mp4,front,1303,21735,59.94941055073099,848,478,131.9124993781579,140.19926359652652,154.64891232627596,165.90882378046157,76.49433303173399,79.1136419737095,20.405106652999603
person_7.mp4,front,1304,21752,59.94941055073099,848,478,131.9991186213922,140.27750659130987,154.69412919646754,165.87163145638513,76.59551757207075,78.9540569396671,20.4220231674564
person_7.mp4,front,1305,21768,59.94941055073099,848,478,132.05998874631948,140.70498900336824,154.947188675427,165.750413186281,76.76912896646157,79.47289280462061,20.29359011177185
person_7.mp4,front,1306,21785,59.94941055073099,848,478,131.34105773675844,140.60323817859387,155.00734941868592,165.7600580617894,76.44321080909552,79.42452317022106,20.281219420922696
person_7.mp4,front,1307,21802,59.94941055073099,848,478,131.71567224219785,140.65483554519437,155.1761216335994,165.75302515435283,76.6026286347633,79.45618637720364,20.286268260449695
person_7.mp4,front,1308,21818,59.94941055073099,848,478,131.63666726911595,140.63608194783453,155.21311597078866,165.6830739659451,76.73312544021925,79.46955774528114,20.305413472835713
person_7.mp4,front,1309,21835,59.94941055073099,848,478,131.66523449439995,140.56248835298388,155.31751752088334,165.5999547623556,76.80031515722013,79.40564664748528,20.28977047974414
person_7.mp4,front,1310,21852,59.94941055073099,848,478,131.7848201344051,140.63604151363842,155.98586081247115,165.08502099759147,76.93270441855309,79.83003081469795,19.95258763534801
person_7.mp4,front,1311,21868,59.94941055073099,848,478,131.8312670822525,140.4046490128039,155.95430407177162,164.99036975745832,76.97510259351648,79.68492336077422,20.01189331708652
person_7.mp4,front,1312,21885,59.94941055073099,848,478,132.02846431045472,140.53184065865207,156.05870234327557,164.91307899355965,77.14893770909464,79.75012374343494,20.047847681853323
