video,view,frame,timestamp_ms,fps,frame_width,frame_height,left_knee_angle_deg,right_knee_angle_deg,left_hip_angle_deg,right_hip_angle_deg,left_ankle_angle_deg,right_ankle_angle_deg,trunk_angle_deg
person_5.mp4,front,0,0,59.93419496354917,848,478,147.28223038945853,148.28537814237703,174.4652162562399,173.3822387571414,89.12440515017295,88.2523823672692,1.5709532930449834
person_5.mp4,front,1,17,59.93419496354917,848,478,146.69305237580085,147.9216286772372,173.20501721183314,172.58887535992994,88.6518033302082,87.99141722515161,2.1943021634318183
person_5.mp4,front,2,33,59.93419496354917,848,478,147.39659654814446,148.46579502379478,172.48080715971156,172.025989294756,89.00692937544032,88.2927166014014,3.174908266522539
person_5.mp4,front,3,50,59.93419496354917,848,478,146.62057527546978,147.95955147815317,171.25177200371655,170.48109339266722,88.38290513368966,87.75883206081043,4.781757635661858
person_5.mp4,front,4,67,59.93419496354917,848,478,147.1800533167244,148.81942411351514,171.57003929561702,171.24802679811893,88.63212621176874,88.56582179227583,4.569880039127396
person_5.mp4,front,5,83,59.93419496354917,848,478,145.7838454634143,147.80113075788282,170.6097357113729,168.87818686173213,87.08959520940144,87.35293274308384,6.410174063281785
person_5.mp4,front,6,100,59.93419496354917,848,478,145.3122340360944,147.21862006530338,170.6120229963825,168.92348241248783,86.86253216621294,86.9263599507084,6.371411730914353
person_5.mp4,front,7,117,59.93419496354917,848,478,145.5503000895709,147.02183895531823,171.07368687622835,169.48841097479945,87.06136176481692,86.74772046344015,5.687082129371639
person_5.mp4,front,8,133,59.93419496354917,848,478,145.73373144834187,147.12916396985517,171.31039102820125,169.5381759286993,87.28079399784586,86.75131253593842,5.499284624395047
person_5.mp4,front,9,150,59.93419496354917,848,478,145.84245614882403,147.27553707281024,171.1898477175683,169.53021359495034,87.24360176060988,86.80470379645512,5.570941321600165
person_5.mp4,front,10,167,59.93419496354917,848,478,145.93999752955148,147.3433057621673,171.09901958370645,169.78179146235559,87.3887101632459,86.96509751968344,5.572528341528495
person_5.mp4,front,11,184,59.93419496354917,848,478,145.98196333399486,147.31064124312078,171.0825755541302,169.88385143991098,87.40923959520917,86.94241580119798,5.52579598278192
person_5.mp4,front,12,200,59.93419496354917,848,478,146.9986206002974,147.77642803813893,170.80061905740283,170.23897540315227,88.75904360034444,87.95075344042242,5.417968103484576
person_5.mp4,front,13,217,59.93419496354917,848,478,145.2112470566879,146.7797536310391,169.88152750521286,168.03539752552504,86.68756290323596,86.44831312739873,7.092842027307999
person_5.mp4,front,14,234,59.93419496354917,848,478,144.67761479670432,146.56544275345462,170.29818292229666,168.33905863567114,86.21579853953848,86.18188567506434,6.685636333819885
person_5.mp4,front,15,250,59.93419496354917,848,478,144.7562955929626,146.49669383608915,171.20641038641335,168.6374350971391,86.28196224636785,86.15263042712317,5.915127587429429
person_5.mp4,front,16,267,59.93419496354917,848,478,145.3822803809409,146.58303500068254,171.43905233390086,168.8224920633981,86.52942483793323,86.25880692218519,5.906133128000065
person_5.mp4,front,17,284,59.93419496354917,848,478,145.72649462355884,146.97721233867978,171.48226856604907,169.09286218672722,86.76868517764368,86.72582467689796,5.814465707512435
person_5.mp4,front,18,300,59.93419496354917,848,478,146.0657959048025,147.01215309761676,171.47370515510576,168.53251341912988,87.00278608633062,86.71525881605776,6.124419181209889
person_5.mp4,front,19,317,59.93419496354917,848,478,146.32902512090863,146.97076237327192,171.0011309358155,168.08421486724808,87.09827561815419,86.57793590406428,6.84083882452805
person_5.mp4,front,20,334,59.93419496354917,848,478,147.2176364553179,147.49965675082464,171.06394773892416,168.6005209761115,87.950180607377,86.90574804318686,6.743932299011687
person_5.mp4,front,21,350,59.93419496354917,848,478,147.71408695167742,147.845448494435,170.91505163057872,169.04363685184163,87.99831667935885,86.99277936871924,7.164858768562376
person_5.mp4,front,22,367,59.93419496354917,848,478,147.8792214315906,147.946312385789,170.9381260371684,169.22879666064668,87.95692615278428,86.90539500299427,7.098120781367682
person_5.mp4,front,23,384,59.93419496354917,848,478,148.47961549382268,148.3355356235096,171.1647960418721,169.20194434826828,88.72451482407277,87.70366957919327,6.938836851524498
person_5.mp4,front,24,400,59.93419496354917,848,478,148.108242569896,148.3998657014019,171.12335607469595,170.16585617244112,88.664572243909,87.75428364400784,6.301691294665813
person_5.mp4,front,25,417,59.93419496354917,848,478,147.3115931377312,147.8734945197053,169.04306355166142,167.11472144646334,87.53133455764953,86.8440844328948,9.325604536114408
person_5.mp4,front,26,434,59.93419496354917,848,478,147.32565942199616,147.40318505252372,169.81622770420384,167.16219945751604,87.52042796415726,86.64325885239016,8.672679263184936
person_5.mp4,front,27,450,59.93419496354917,848,478,148.35686454447057,148.4462579467459,170.8124312127602,168.74586191750385,88.29994322614978,87.57228650037932,7.195059641484937
person_5.mp4,front,28,467,59.93419496354917,848,478,148.27879968370166,148.6791051865476,171.65168977611785,168.9040709903404,88.20434748049698,87.49083412706868,6.408795856550215
person_5.mp4,front,29,484,59.93419496354917,848,478,148.64700180001174,149.10796765651898,172.832939105224,170.6680330558474,88.75557115045898,87.95885664423356,4.577373400170002
person_5.mp4,front,30,501,59.93419496354917,848,478,148.54952750780654,149.07467185118554,172.61243098989635,170.43690787355138,88.60434669760006,87.91220715024613,4.8552099164318046
person_5.mp4,front,31,517,59.93419496354917,848,478,148.49953909351396,149.05634788125556,172.59002039513777,170.5171402343224,88.6746831102496,87.95232395662808,4.791411049814966
person_5.mp4,front,32,534,59.93419496354917,848,478,147.67804775583966,148.88264747210312,171.8124356796816,169.548692245853,87.82986815077936,87.71757637301165,5.854838443139667
person_5.mp4,front,33,551,59.93419496354917,848,478,147.3139429517408,148.43508967133585,171.6545414770816,169.5877602804812,87.48905388311721,87.35890668265932,5.95093845933089
person_5.mp4,front,34,567,59.93419496354917,848,478,144.56431963101505,147.00226550152027,170.64139264293004,166.72473652865793,84.26139356062279,85.10279613258642,8.173692828140435
person_5.mp4,front,35,584,59.93419496354917,848,478,145.01413061455887,147.40348430304786,170.6690477844839,166.86599193587887,84.65807749099234,85.59290377661421,8.177106668554309
person_5.mp4,front,36,601,59.93419496354917,848,478,145.81967328750653,147.96153449740254,170.112329530701,167.6197942474168,85.48953008711774,86.22445308904558,8.391705698718376
person_5.mp4,front,37,617,59.93419496354917,848,478,146.0731801707541,147.96870212500016,170.3062598156,168.1200165490084,85.8472648716604,86.32814253172322,8.001427541304084
person_5.mp4,front,38,634,59.93419496354917,848,478,146.02639257170742,148.02591250647328,169.4330689195141,167.93271794164482,85.77620283319848,86.24328874413429,9.006479621860954
person_5.mp4,front,39,651,59.93419496354917,848,478,146.7950908205575,148.4211591329302,170.98342530603057,171.65965817403583,86.46603474183938,86.79809444047682,6.056221243731095
person_5.mp4,front,40,667,59.93419496354917,848,478,144.47031440507126,147.1182497705387,169.97376218901377,169.43476751230168,84.50861497333395,85.33528958585954,7.434241330512158
person_5.mp4,front,41,684,59.93419496354917,848,478,145.13690362601224,147.50223160000027,170.01801491399547,168.96209498172095,85.05415656683812,85.54668620029372,7.851461912598149
person_5.mp4,front,42,701,59.93419496354917,848,478,145.2814354520731,147.61782671263344,169.91251581567715,168.81942033860014,85.24932547878753,85.69344615348633,8.011514264716876
person_5.mp4,front,43,717,59.93419496354917,848,478,145.37156551006194,147.24844592061882,168.53822086710784,168.31006181255867,85.28062664376682,84.41952124114465,9.731876483872519
person_5.mp4,front,44,734,59.93419496354917,848,478,144.71790556904227,147.163275905633,168.69124118371724,167.589185088361,83.57560146617477,83.97911651484547,10.27875095749122
person_5.mp4,front,45,751,59.93419496354917,848,478,145.32927143288265,147.57476758000578,169.6850332517636,167.96982517821965,83.97751179760247,84.62410126011875,9.595486434205812
person_5.mp4,front,46,768,59.93419496354917,848,478,145.29499889036867,147.23877412915462,169.00435535026574,167.96758017215507,84.21855911446468,84.33182709231296,10.015146285449225
person_5.mp4,front,47,784,59.93419496354917,848,478,144.44780035049976,147.27208452751816,168.90818941648467,167.01034113958238,82.71023845588391,83.92330077903371,10.653209471716245
person_5.mp4,front,48,801,59.93419496354917,848,478,145.02302403136608,147.19586819758078,168.8608676558741,167.28252683105893,83.39876279734445,83.73263237554919,10.472459601109888
person_5.mp4,front,49,818,59.93419496354917,848,478,144.9204378801879,146.59646147127563,168.78050892812968,167.18724355513868,83.49776804969164,83.06319242615473,10.27570789132073
person_5.mp4,front,50,834,59.93419496354917,848,478,143.6698283172662,146.0861585198819,166.8428366495013,165.0398935528514,82.303929699927,82.84817749159029,12.185454154372932
person_5.mp4,front,51,851,59.93419496354917,848,478,142.86081982003833,145.3556200472855,166.76542512051694,165.43820616599945,81.337901673208,82.29236505951306,11.896729292084727
person_5.mp4,front,52,868,59.93419496354917,848,478,142.38912007829833,145.0664238311824,166.82417340049759,165.85289863723526,81.0453306290348,82.00127775733777,11.507889762857232
person_5.mp4,front,53,884,59.93419496354917,848,478,142.14971166465315,144.0873092249417,166.64464216684618,165.0033621737725,81.1495574567425,81.18948766505858,11.651358368005711
person_5.mp4,front,54,901,59.93419496354917,848,478,140.23875820353035,142.79644079178178,166.90084347581953,165.39647162675155,79.52095076959134,79.90454495799887,11.378581822156226
person_5.mp4,front,55,918,59.93419496354917,848,478,141.12383958526942,143.02966689140695,165.63163870652068,164.97039823212478,80.35502808821087,80.2278414407987,12.291480664962599
person_5.mp4,front,56,934,59.93419496354917,848,478,142.1203035447152,143.36315603555914,166.3941913030293,165.15242223746804,80.86643488331822,80.61302197896862,12.06340924792848
person_5.mp4,front,57,951,59.93419496354917,848,478,142.49339655701482,143.54590290856544,166.42339093854284,165.39565092712954,81.33668577351835,80.91279605706737,11.90403421305753
person_5.mp4,front,58,968,59.93419496354917,848,478,142.41390765613392,143.65362490057558,166.40449569856443,165.55280388377057,81.57908952524858,81.13779698642445,11.719363407633526
person_5.mp4,front,59,984,59.93419496354917,848,478,142.4550524458003,144.01521962938406,166.68378148093285,165.9335843294783,81.75467667296392,81.58736756400594,11.525561148604588
person_5.mp4,front,60,1001,59.93419496354917,848,478,142.1365977178451,144.01643257106323,166.77853416296392,165.6891176358642,81.54651286764482,81.66371406766217,11.5840444885269
person_5.mp4,front,61,1018,59.93419496354917,848,478,142.20304339989528,143.98541325973983,166.69829044394038,165.67039161027617,81.56705482676455,81.78882156095685,11.70033934733766
person_5.mp4,front,62,1034,59.93419496354917,848,478,142.65536452589393,143.802192154041,168.40572698297342,166.0738957361512,80.93036285301307,81.20033511107171,11.175998752468065
person_5.mp4,front,63,1051,59.93419496354917,848,478,144.14809922780438,144.50172249945015,168.88345623396208,166.87228300930607,82.24020525273119,81.82886800871296,10.428933142880688
person_5.mp4,front,64,1068,59.93419496354917,848,478,143.04277482003215,144.21119646743844,167.4056305930481,166.41101673051838,81.72199370464267,81.64524248478989,11.407080650820237
person_5.mp4,front,65,1085,59.93419496354917,848,478,143.02853250986513,144.4154556553992,167.8276778316255,166.30677317727879,81.76442106002344,81.92062324010774,11.093425271387833
person_5.mp4,front,66,1101,59.93419496354917,848,478,142.83769126193417,144.31657566537226,167.68209942825575,165.7046409172028,81.73404509396607,81.94328103684735,11.245743177983638
person_5.mp4,front,67,1118,59.93419496354917,848,478,142.39154924896232,144.02500611182043,166.42006150867715,165.26868706141767,81.4693908283947,81.7765084817048,12.167254996017224
person_5.mp4,front,68,1135,59.93419496354917,848,478,141.6175932370168,143.78648168596598,166.7142588578324,165.1499563973153,80.56001306614067,81.6914249871279,12.022519754441687
person_5.mp4,front,69,1151,59.93419496354917,848,478,141.97496918762903,144.1490772928986,166.46993476434884,165.03540080588553,80.62162351688245,82.04293547496054,12.387945597711973
person_5.mp4,front,70,1168,59.93419496354917,848,478,141.74823415403168,144.11564308228552,166.14726562396217,164.67864075507413,80.49847848356603,81.9830840850878,12.636776262274196
person_5.mp4,front,71,1185,59.93419496354917,848,478,144.28083007112218,145.67238086932306,169.9243463293497,169.10721738912173,82.52963556387922,83.71825792816703,7.976556219856955
person_5.mp4,front,72,1201,59.93419496354917,848,478,144.58350639720473,146.25918790262816,170.37412294830594,170.50899402793314,83.4433252277877,84.60490539873594,6.884268515381789
person_5.mp4,front,73,1218,59.93419496354917,848,478,144.29874955572183,146.262186264028,171.36158769950492,170.7436666204817,83.26986790095714,84.8263896249392,5.997034661700252
person_5.mp4,front,74,1235,59.93419496354917,848,478,142.03193630677308,146.38754456500692,169.3949564370966,170.96640488997812,82.6011110810331,85.48005874628979,6.992732195015285
person_5.mp4,front,75,1251,59.93419496354917,848,478,141.78202181057907,146.07480927735938,169.7392162812748,171.0159019359895,82.48279545854561,85.1268290635056,6.507681626734432
person_5.mp4,front,76,1268,59.93419496354917,848,478,140.9709790481236,145.82495566875923,169.15356351885256,171.0027716986613,82.433550376435,84.84932001739683,6.437991328491964
person_5.mp4,front,77,1285,59.93419496354917,848,478,140.47570076776816,145.56024656198613,168.31811720225224,170.2669708089767,81.79586147018411,84.28895453796387,7.401667986767394
person_5.mp4,front,78,1301,59.93419496354917,848,478,139.04524666167728,145.20204482707499,166.17814623767995,170.35939911580695,80.93687008877461,83.3880082619541,8.566842972643917
person_5.mp4,front,79,1318,59.93419496354917,848,478,139.08861979016336,145.5029060387135,164.61418037274083,170.07282852932096,80.66286936793077,83.50029158121463,10.015995261196567
person_5.mp4,front,80,1335,59.93419496354917,848,478,139.26115315004293,145.76617347213357,164.57394756240717,169.94073698966162,80.71711989720252,83.35785811708057,10.176128067372453
person_5.mp4,front,81,1351,59.93419496354917,848,478,137.56549192269082,145.5801435936123,164.88238466718752,170.69546406636843,79.92998855852876,82.93263205581779,9.027613191666092
person_5.mp4,front,82,1368,59.93419496354917,848,478,137.26845638711794,145.31770129343724,164.4374660083638,170.5073466536818,79.95332041096863,82.3866162998332,9.113912021150538
person_5.mp4,front,83,1385,59.93419496354917,848,478,136.4831696676159,145.5161784181476,163.72648394712078,171.03374716748385,80.75874611086478,82.72391218086214,8.266050363805695
person_5.mp4,front,84,1402,59.93419496354917,848,478,136.9488250406258,145.0212174836468,163.84498170850938,171.0756750965824,81.11774537680546,82.27441896049866,8.199299478091515
person_5.mp4,front,85,1418,59.93419496354917,848,478,137.28025273733962,146.4231088367237,164.04436443614586,170.5975616783753,81.19234471620007,84.22355456028401,8.185057899015076
person_5.mp4,front,86,1435,59.93419496354917,848,478,138.06579839653372,146.3797617194244,163.74166246437895,170.50281478772365,82.32946829684745,84.07866609767098,8.317402859291647
person_5.mp4,front,87,1452,59.93419496354917,848,478,137.84068550653754,146.15878448963073,163.57448842768076,171.70398527467214,82.46833267895258,83.96441161793628,7.709473550167295
person_5.mp4,front,88,1468,59.93419496354917,848,478,137.61368476172126,145.83671209757344,163.80403493044318,171.64194700750372,82.18604242580815,83.75701180731366,7.5909502303319
person_5.mp4,front,89,1485,59.93419496354917,848,478,136.97694857396726,145.2397074900897,162.93002851933974,170.8610230464331,81.50606387750715,83.71529961203805,8.215119711304133
person_5.mp4,front,90,1502,59.93419496354917,848,478,136.33240180316403,144.43132211197394,162.47424690895744,170.3016236057651,81.11132869428515,83.79966624130891,8.30795418625635
person_5.mp4,front,91,1518,59.93419496354917,848,478,135.19767987394127,142.93349092216775,161.215260802933,169.4901371653996,80.90043839953123,83.19034810563299,8.632495323928259
person_5.mp4,front,92,1535,59.93419496354917,848,478,133.8635236471042,141.90735744338946,155.81667309469853,165.25955861063846,80.70764056313742,83.1388524404098,13.045856170968461
person_5.mp4,front,93,1552,59.93419496354917,848,478,133.94062073081332,141.6208441250354,156.13768482489112,164.74413828244658,81.55739317046795,84.34024180766303,12.423027021339957
person_5.mp4,front,94,1568,59.93419496354917,848,478,132.26294389548013,139.23765394310257,155.37102116624854,163.53189963449398,80.43577887799158,83.25394506895111,12.377398030535542
person_5.mp4,front,95,1585,59.93419496354917,848,478,131.99361941814695,137.70212562633108,155.6189546721328,162.46784939281815,79.92899420648587,83.07252772344634,12.12154256422625
person_5.mp4,front,96,1602,59.93419496354917,848,478,131.86231418758345,136.8330409400818,155.62858219109293,162.1403333916168,79.50724645507515,82.75945765675665,12.018451742004867
person_5.mp4,front,97,1618,59.93419496354917,848,478,131.3483343046756,135.52765226139257,155.4498132039864,160.71715749395054,79.12515626877075,83.22630964191926,11.996060180349417
person_5.mp4,front,98,1635,59.93419496354917,848,478,130.37021025259895,132.33381985456688,154.58123364652047,158.63588050109047,79.53695220277736,82.20937572444514,12.288407602476823
person_5.mp4,front,99,1652,59.93419496354917,848,478,129.9221011970953,131.3377404726115,154.30862126307932,158.20604360233244,79.6122641250721,82.41785572695969,12.10799623508554
person_5.mp4,front,100,1668,59.93419496354917,848,478,130.23511264963582,129.48209796735384,154.1260097985875,155.9182817004503,80.19291657784379,82.87692473029394,12.168823229972336
person_5.mp4,front,101,1685,59.93419496354917,848,478,128.4756843744937,125.08865026320971,152.66369983701026,153.6767300550881,79.76009065771008,81.91932192133936,11.111761239914985
person_5.mp4,front,102,1702,59.93419496354917,848,478,127.90010941330439,124.04338406466995,153.50141766394842,154.74900913519355,79.09253595642167,81.1709157997081,9.811395685843983
person_5.mp4,front,103,1719,59.93419496354917,848,478,127.71492694086902,121.63184706691916,154.31893947388625,153.8938992093612,79.37672448980467,81.24483511201676,8.413179576345698
person_5.mp4,front,104,1735,59.93419496354917,848,478,126.96268283083285,120.18144899297917,153.41676260864764,151.9662949121681,79.76279626542554,81.68104478650125,8.571501494176585
person_5.mp4,front,105,1752,59.93419496354917,848,478,126.66509301624217,117.30759296022653,151.39020246938645,147.9793014936591,80.9039570832754,81.98529863447958,9.224221872721241
person_5.mp4,front,106,1769,59.93419496354917,848,478,126.3355710017631,118.862344577005,148.82111762800704,147.0292846680329,79.9470324194849,81.51644413849098,12.163255085144312
person_5.mp4,front,107,1785,59.93419496354917,848,478,124.80307334601174,111.79026419773889,147.31918674261743,142.3058360603776,80.09072165122076,79.80249870235171,11.63910684595082
person_5.mp4,front,108,1802,59.93419496354917,848,478,118.5734005999771,102.07797331230995,142.32711572182848,133.48662562402802,77.27746705603212,76.24325188938923,12.716992484119825
person_5.mp4,front,109,1819,59.93419496354917,848,478,115.63203449073538,99.66532222293313,136.56784952464935,128.84124884000164,78.30203378506424,77.01600621071822,14.286913669220372
person_5.mp4,front,110,1835,59.93419496354917,848,478,108.26463766893039,95.55415343949652,131.96550943007222,125.99422911784019,76.6839600106858,75.72068478834633,13.860094220501978
person_5.mp4,front,111,1852,59.93419496354917,848,478,104.62952064664276,93.07912374904872,132.61059779417525,127.24580882245846,75.46818893748231,74.52354616343648,10.85512265842304
person_5.mp4,front,112,1869,59.93419496354917,848,478,97.63152123671999,89.8117238825173,126.94477541403862,124.84679655262522,73.10859881270254,72.88657434745619,11.424992667808926
person_5.mp4,front,113,1885,59.93419496354917,848,478,99.69471811255555,92.42895268096824,127.63165401492238,126.46695274596203,76.55931821697644,76.14150974328794,9.546719394802539
person_5.mp4,front,114,1902,59.93419496354917,848,478,102.23281960058631,95.95586004422297,135.92262798869976,135.977811266675,80.59371040288546,79.39901470474544,2.508695407428682
person_5.mp4,front,115,1919,59.93419496354917,848,478,99.90930309033375,94.9229685436129,135.21276716219197,134.38457706649945,79.4093439828221,78.5432880392869,2.831289970941813
person_5.mp4,front,116,1935,59.93419496354917,848,478,94.69235889710937,91.59160757767435,129.3782220344753,129.7001020363808,78.02647801841873,77.18013493581678,4.447886561964347
person_5.mp4,front,117,1952,59.93419496354917,848,478,94.52874414117139,88.21355539656089,131.16072466850568,127.72874797352901,76.1663057579605,75.00776358974947,5.230205204959157
person_5.mp4,front,118,1969,59.93419496354917,848,478,94.5864985319158,88.19741851562874,129.0561465108644,127.21240565536712,77.215110048663,75.83837829946691,5.4464198034286415
person_5.mp4,front,119,1986,59.93419496354917,848,478,93.03656891162011,87.5278790254718,132.16253332896432,132.66203553634318,78.06741706902766,76.68492125840736,2.9752976615367874
person_5.mp4,front,120,2002,59.93419496354917,848,478,79.27285035904814,79.53895345186504,109.08190533379188,112.97714835361913,70.80827886087282,71.41964979468788,15.974106531251248
person_5.mp4,front,121,2019,59.93419496354917,848,478,78.7364559611308,77.7959633506895,107.22083301007278,110.26636274156662,70.77127097200544,70.63350787733913,17.206065831488317
person_5.mp4,front,122,2036,59.93419496354917,848,478,72.76981761266117,72.14779481950112,94.9531630949413,96.76513504698788,67.3370418507096,67.42053254721183,27.718631418525774
person_5.mp4,front,123,2052,59.93419496354917,848,478,73.56440590093645,72.96463805369305,97.30927531672886,99.96986710106346,67.77510954821327,67.70413140967106,24.842987050242638
person_5.mp4,front,124,2069,59.93419496354917,848,478,69.9787618871972,70.32132779580039,88.66987347003472,91.51438537216588,66.48205553263921,66.70901224726595,30.983372757323746
person_5.mp4,front,125,2086,59.93419496354917,848,478,68.43197842324966,69.43046938353068,84.38291366580393,87.60461558117353,65.56235112300017,65.90560149216965,34.95777928171803
person_5.mp4,front,126,2102,59.93419496354917,848,478,65.30101730657199,68.49359274320378,78.40499674142835,83.4832011579714,64.69364156950233,65.71318977354277,38.27425923307973
person_5.mp4,front,127,2119,59.93419496354917,848,478,65.05253252087859,68.33734945742823,69.76005255899625,74.42518306590618,64.19664515886856,65.00133024615647,46.30797119547509
person_5.mp4,front,128,2136,59.93419496354917,848,478,63.266058164286534,66.23685821645805,69.31296300931315,73.33831969267041,64.01803931236641,64.67026331343482,46.32718050357291
person_5.mp4,front,129,2152,59.93419496354917,848,478,63.330895039858206,66.99536369271587,66.29912456853654,71.2534800502619,64.76234307167728,65.40933857745183,47.89248856271457
person_5.mp4,front,130,2169,59.93419496354917,848,478,56.96328030792817,60.11906689697087,56.57027900683091,59.67615135113832,60.22119252534864,60.256867784972954,56.24999204983104
person_5.mp4,front,131,2186,59.93419496354917,848,478,57.47753200810934,59.58457566139914,56.27796971182716,59.33958602942872,61.36529580990789,60.652338211467566,55.393351906089606
person_5.mp4,front,132,2202,59.93419496354917,848,478,56.25189274965279,59.00523636429886,53.64233371543815,56.57895240372296,60.37137352832903,59.88901986711899,58.168572682025065
person_5.mp4,front,133,2219,59.93419496354917,848,478,55.59848122086027,59.517303616335234,50.70835810527701,54.791632104825844,59.937252600415114,60.241125996811476,60.689026998873636
person_5.mp4,front,134,2236,59.93419496354917,848,478,53.32274285737154,55.74072181970218,50.08788032651057,53.08105793179918,59.04291862208865,58.305200708421346,60.49937088801594
person_5.mp4,front,135,2252,59.93419496354917,848,478,52.87250530819474,54.47335832664053,48.12569089378501,50.86305062062314,58.7513701557777,58.03918189179841,62.42125940037575
person_5.mp4,front,136,2269,59.93419496354917,848,478,51.57750668757184,52.804984151363016,46.65560601184878,49.69186283413368,58.20647559178759,57.7955074703475,62.80703233693377
person_5.mp4,front,137,2286,59.93419496354917,848,478,52.81383968642649,51.52199167907832,45.51530604967144,46.745526114487596,58.36326315109851,57.50900436611849,64.98765838589752
person_5.mp4,front,138,2303,59.93419496354917,848,478,51.503835428477515,50.61501792457778,45.16308796241672,46.38420253808633,57.88636459578818,57.50609195654014,64.8852801047481
person_5.mp4,front,139,2319,59.93419496354917,848,478,49.56246970545663,48.863304956869975,43.036923040766105,44.34843940007557,56.85119506286037,56.54996177633311,66.0945482938432
person_5.mp4,front,140,2336,59.93419496354917,848,478,49.06185347410981,47.77395261050199,42.70324671885192,44.024612623939205,57.19172034568836,56.56948388346255,65.71532629662083
person_5.mp4,front,141,2353,59.93419496354917,848,478,48.95051167384974,47.12918856097974,42.43625108461877,43.276730011105336,57.960645192063026,55.728005786736304,66.11889463684903
person_5.mp4,front,142,2369,59.93419496354917,848,478,47.896416232080675,47.13430266743648,41.83902504951036,42.49003698477298,57.385296421319964,56.407096127599985,66.61710185362459
person_5.mp4,front,143,2386,59.93419496354917,848,478,46.43113327963366,45.37804852327458,41.67476228161576,41.64202022208164,56.38321917632313,55.98367006051069,66.86198890911668
person_5.mp4,front,144,2403,59.93419496354917,848,478,46.35239336958096,45.22461542597451,42.614081709136705,43.19199512601398,56.05099977771803,56.2576980359432,65.63284886373515
person_5.mp4,front,145,2419,59.93419496354917,848,478,45.45588062657574,44.64243076940784,42.07179924073989,42.846331837157436,55.73044609723309,55.80919052936266,66.30914804603299
person_5.mp4,front,146,2436,59.93419496354917,848,478,44.518902995323,42.990165154754074,41.15610488529869,41.43665173620513,55.16091935531504,54.7711975407035,66.94727674962454
person_5.mp4,front,147,2453,59.93419496354917,848,478,44.19080229469087,41.94808254364484,41.01674700787037,41.011633603231516,54.77439078961886,54.11257311502487,66.8316843412761
person_5.mp4,front,148,2469,59.93419496354917,848,478,43.02824688232557,41.42319859913694,40.21044922080973,40.382326342405065,53.724727691173314,53.86396735900759,67.0684762844984
person_5.mp4,front,149,2486,59.93419496354917,848,478,42.53145636043379,41.28823075160632,40.128910604019524,40.985970459552746,53.450778697888964,53.87860406063929,66.59940040559434
person_5.mp4,front,150,2503,59.93419496354917,848,478,42.951523703906446,42.11500962800017,41.0574422818332,42.29441377336293,53.806337858157185,54.71750551257842,65.65039876505877
person_5.mp4,front,151,2519,59.93419496354917,848,478,41.55253402095984,41.226436003223114,39.530450309616505,40.89263418793457,53.090197354502244,54.02262699102815,66.69624058065376
person_5.mp4,front,152,2536,59.93419496354917,848,478,41.406931810454545,40.75802871814038,39.45459858944637,40.7375238111558,53.273772442465464,53.65256456547856,66.42946501273568
person_5.mp4,front,153,2553,59.93419496354917,848,478,41.19737685205365,40.85055613928252,39.578955269465055,41.00645483231978,53.02395090045985,53.68457537319947,66.10478610604368
person_5.mp4,front,154,2569,59.93419496354917,848,478,41.69885473211123,41.008743262954496,39.891196646312295,40.975283901711435,53.497664244812846,53.99686158448524,66.05318505600158
person_5.mp4,front,155,2586,59.93419496354917,848,478,42.21150063049734,42.08371350191647,40.69321728493617,42.69585621499347,54.0198930809113,54.515101001830644,65.17737778280329
person_5.mp4,front,156,2603,59.93419496354917,848,478,41.38138390260994,41.135570638752085,39.23076898787826,40.809501693626636,52.760461133254786,53.83687772486609,66.47010479165941
person_5.mp4,front,157,2620,59.93419496354917,848,478,40.47866173276914,40.14006943671092,38.63579156352234,40.090226798480174,52.28420610560011,53.212310603337784,66.70579990724953
person_5.mp4,front,158,2636,59.93419496354917,848,478,40.051507065478226,39.91431157855778,37.982779806483336,39.54168430478465,51.70743086318538,52.49348107657777,67.0554689660952
person_5.mp4,front,159,2653,59.93419496354917,848,478,39.88551085160189,39.48690746347948,37.977050811688116,39.30588850491813,51.909250947296286,52.49111716212217,66.92696169591231
person_5.mp4,front,160,2670,59.93419496354917,848,478,39.832218164772684,39.148236566511756,37.683512731020095,38.85701144042176,51.592715709938034,52.09020807856772,67.20379363983612
person_5.mp4,front,161,2686,59.93419496354917,848,478,40.19970829216408,40.264440214464436,39.35685113706936,40.801520324885665,51.96470050857834,53.028498033693445,65.72601595092169
person_5.mp4,front,162,2703,59.93419496354917,848,478,40.75300360989973,40.479756887135096,39.94439078546751,41.24035718427692,52.94881720886032,53.626289313023555,65.23905366064635
person_5.mp4,front,163,2720,59.93419496354917,848,478,40.36590701978962,40.322559786176505,39.75315941293407,40.99319083087787,52.55859621314688,53.44821939058231,65.4534771420834
person_5.mp4,front,164,2736,59.93419496354917,848,478,40.69022634441882,40.38539405898166,39.69207961184069,41.13178784408585,52.88972693236266,53.30965500505241,65.32212367328731
person_5.mp4,front,165,2753,59.93419496354917,848,478,40.95209731953426,41.04527543260874,40.244297137681784,41.738525767774114,53.23851681705786,53.68635651111924,64.96019242867973
person_5.mp4,front,166,2770,59.93419496354917,848,478,41.57445438414657,41.715633040162665,41.028962034369705,42.6427781680043,53.28168695049699,54.01854066491396,64.4653436494359
person_5.mp4,front,167,2786,59.93419496354917,848,478,42.40817015817588,42.49730222695029,41.44034371595683,43.13684868633846,53.5350030064978,54.29071091680683,64.399302828886
person_5.mp4,front,168,2803,59.93419496354917,848,478,43.97254846148732,44.08054256658508,43.19496899322904,45.84710932828073,54.373453538139714,55.14860519306792,62.75129344118157
person_5.mp4,front,169,2820,59.93419496354917,848,478,44.597649706099425,43.96138001456733,43.22469036626745,45.348243021897986,54.306319130002535,55.147972331689225,63.039477252002484
person_5.mp4,front,170,2836,59.93419496354917,848,478,46.4452255874323,45.57677525027513,44.64340732593364,47.34920819603309,55.49564688586015,56.32404973418056,61.922389767411524
person_5.mp4,front,171,2853,59.93419496354917,848,478,45.70733643501947,45.56488675849547,43.24007257440708,46.02359818262692,54.437717577835635,55.90267346453827,63.265840599118256
person_5.mp4,front,172,2870,59.93419496354917,848,478,45.50261836945402,45.31776392339062,43.53450712582023,45.526386671692215,54.1908548308205,55.69725286581675,63.39554321075593
person_5.mp4,front,173,2886,59.93419496354917,848,478,45.95464753325994,45.949403643612996,42.94766249215055,44.93416735545686,53.870132791664766,55.821700069918,64.49705910932242
person_5.mp4,front,174,2903,59.93419496354917,848,478,44.86365111455516,43.79391191383548,41.72848147497652,42.81889862049699,52.80725188372936,54.074125466364684,65.79789818176275
person_5.mp4,front,175,2920,59.93419496354917,848,478,45.51480089836745,44.22483624936766,42.65393065613556,43.94724688978991,52.93886002453588,53.93187099686217,65.29169667238857
person_5.mp4,front,176,2937,59.93419496354917,848,478,45.51109373182459,44.37094805534234,42.22902148899402,42.69792541456313,51.49502832249298,53.62197392347632,66.97356509419701
person_5.mp4,front,177,2953,59.93419496354917,848,478,47.028269188968814,44.90850482011334,43.925617951724334,44.16127289305321,52.5945525439511,53.98793470133898,65.8512738667461
person_5.mp4,front,178,2970,59.93419496354917,848,478,51.133893820716594,48.118912926906255,45.6416403305235,45.49740004465839,55.01357121462368,56.120642485532706,65.40675730040373
person_5.mp4,front,179,2987,59.93419496354917,848,478,53.26365198639082,49.58121937605373,46.36183352577582,46.143656115285395,57.00027168014069,57.857285408500395,65.1682389537882
person_5.mp4,front,180,3003,59.93419496354917,848,478,56.02365358029278,51.71674163318173,48.566960168131025,47.57767167466229,58.40234383701048,58.99454902116372,64.53386682689698
person_5.mp4,front,181,3020,59.93419496354917,848,478,56.53565451036212,52.34225118428525,50.39332730986007,49.438193861050316,57.42014132610236,58.21236985917237,63.92179931405558
person_5.mp4,front,182,3037,59.93419496354917,848,478,58.57233408280971,53.87795297758228,53.167706953535145,51.57598425576931,58.055887572121975,58.50323541107854,62.433553537643355
person_5.mp4,front,183,3053,59.93419496354917,848,478,60.95558084533752,57.396392828720636,57.61728355725898,57.5643134088779,58.99362942700264,60.796541754043915,58.05188727474196
person_5.mp4,front,184,3070,59.93419496354917,848,478,64.28747039539897,61.746977156031775,60.191903021527715,61.59111386848609,62.046604065280114,63.570285916193825,55.68858593578119
person_5.mp4,front,185,3087,59.93419496354917,848,478,68.48024408113614,64.70488400252663,63.17848071980426,64.66507971394915,64.88082102758058,65.48569040419927,53.69479385463813
person_5.mp4,front,186,3103,59.93419496354917,848,478,72.44028778095677,67.34156984591381,70.3474408772341,71.1763655397606,67.4162068465046,67.42957614316909,47.6642726944142
person_5.mp4,front,187,3120,59.93419496354917,848,478,73.12882053505862,67.87497946697789,72.59002875069581,73.66948918152035,67.52336042750419,67.55426054098517,45.81689024678091
person_5.mp4,front,188,3137,59.93419496354917,848,478,78.18507659906447,71.15903415697754,82.98404278705166,82.70961445004423,66.32784848877317,66.78655545738103,41.952993953628294
person_5.mp4,front,189,3153,59.93419496354917,848,478,89.3180474633542,78.23433744375903,104.47442156973321,99.91606761424634,71.18392998583266,70.18325638402573,27.558923163412512
person_5.mp4,front,190,3170,59.93419496354917,848,478,91.95008770594885,79.5771176076176,116.8035513172394,108.12990463405383,71.53930937955073,70.79871409133848,19.518565680116197
person_5.mp4,front,191,3187,59.93419496354917,848,478,98.45722560464185,82.56851430346363,122.6942406637913,112.39121500263323,75.24006218878229,72.81566390034342,15.939546452892154
person_5.mp4,front,192,3204,59.93419496354917,848,478,102.0049205364438,85.73468010023004,129.32431669941158,119.43854627111862,76.05433664147736,73.91273822008212,11.572041078830772
person_5.mp4,front,193,3220,59.93419496354917,848,478,106.24856895315666,88.12278201352507,138.48153877209847,129.85054948158756,75.44616126194411,73.85934063016549,6.629822628230925
person_5.mp4,front,194,3237,59.93419496354917,848,478,104.2034874028551,87.91084159472135,137.97504551004917,130.4300012493285,73.10456758839197,72.41321789711124,7.497499288534899
person_5.mp4,front,195,3254,59.93419496354917,848,478,114.72004791506687,94.85487742686071,145.66630509694934,133.59828441465555,75.36083000881932,74.41873381670133,8.736098829910063
person_5.mp4,front,196,3270,59.93419496354917,848,478,118.42186038894279,100.89323335521357,141.35268003300448,134.50222539093258,75.62625642196929,75.92014936619896,15.044158742235325
person_5.mp4,front,197,3287,59.93419496354917,848,478,121.17490808343635,105.62620959806961,150.33240274476242,141.5946143920518,74.6246888918935,75.43493663691483,11.264006356827327
person_5.mp4,front,198,3304,59.93419496354917,848,478,129.82637677185238,118.02290182484471,165.3501515767094,158.65735108431338,77.92985899908295,79.9809710239126,1.842475432022598
person_5.mp4,front,199,3320,59.93419496354917,848,478,130.18290383219417,119.32883538749421,167.9904032385383,164.07722374239503,78.3978439878814,80.66399267382857,5.058538931413216
person_5.mp4,front,200,3337,59.93419496354917,848,478,130.6695029237225,122.05319721568311,167.08513329317532,164.42859568481114,79.51523228020609,81.54461585390662,2.6924904127075133
person_5.mp4,front,201,3354,59.93419496354917,848,478,133.74741216461106,128.20277556518897,168.4063832113806,169.99146329063805,80.55079749307966,82.87207265639651,4.457210821512552
person_5.mp4,front,202,3370,59.93419496354917,848,478,135.62007746587375,131.94740519989315,168.15302316295356,170.10549367477404,81.55376123461946,83.95348719025948,2.3807979111117494
person_5.mp4,front,203,3387,59.93419496354917,848,478,136.6571079920129,131.87837212173062,168.87569406975135,171.1572867934363,82.31636679422117,83.90317591069507,5.225514908357467
person_5.mp4,front,204,3404,59.93419496354917,848,478,136.08720751448985,134.72684873570108,167.66062138591784,168.14753261466993,81.6650325699413,83.00404465570436,2.5897479967219814
person_5.mp4,front,205,3420,59.93419496354917,848,478,133.51083204694567,134.40428204487992,166.578563501313,166.56185519255163,79.63629239096029,81.00060222886994,4.1673542458687995
person_5.mp4,front,206,3437,59.93419496354917,848,478,133.62745168553738,138.33064119652914,165.4326460582717,169.81287559369966,80.10217529642514,80.6224570330563,5.722833638483053
person_5.mp4,front,207,3454,59.93419496354917,848,478,132.37022135314828,138.41300343670267,165.39186392965382,170.7902501442001,78.88173844145416,79.32758350873002,5.914958987258805
person_5.mp4,front,208,3470,59.93419496354917,848,478,133.19825166398877,138.19761219508334,167.38900677756504,169.84614653701124,78.66261376170183,79.9547982961716,5.7001851054672485
person_5.mp4,front,209,3487,59.93419496354917,848,478,134.3552376734262,141.2148611384602,167.07807911041428,172.39306708984017,79.87951811468807,80.44611906839465,5.837325570611104
person_5.mp4,front,210,3504,59.93419496354917,848,478,136.48337309772626,142.99403701680805,166.31111880052967,174.59417236872417,80.60980653174707,80.02985790798,7.2968828671925845
person_5.mp4,front,211,3521,59.93419496354917,848,478,136.92394795504964,144.03206342382265,164.70894786366387,173.60180712377507,82.36610479402087,81.69538155478753,8.273731388950555
person_5.mp4,front,212,3537,59.93419496354917,848,478,135.2359670466888,143.17460449752159,163.0675636956434,171.72407345062456,82.05616361071344,82.47858279998967,8.679830409115535
person_5.mp4,front,213,3554,59.93419496354917,848,478,137.90671966292945,143.86457847328393,164.36983746070868,170.23404699597535,83.31183747410006,84.13305555433904,8.741392634015977
person_5.mp4,front,214,3571,59.93419496354917,848,478,140.32520662474795,144.3549526168674,166.657189093524,170.99384976682015,84.44700882935608,85.35140989670482,7.2219205201724135
person_5.mp4,front,215,3587,59.93419496354917,848,478,138.9446916292065,141.5220668643633,166.64868327817126,170.85955495717369,84.13280663835226,82.67068892940496,5.5444904309937675
person_5.mp4,front,216,3604,59.93419496354917,848,478,139.05771810073588,140.10199833681742,167.78370524172888,170.22700002658306,84.25285523303327,81.3333279529552,4.756976389029358
person_5.mp4,front,217,3621,59.93419496354917,848,478,140.9204372553289,141.28633079425825,168.37983474907398,170.52483508150237,84.53785733451025,81.75248972528857,5.091709427192589
person_5.mp4,front,218,3637,59.93419496354917,848,478,140.27747054752032,141.7439853988234,167.85702124640522,170.6775308846237,84.24521030392621,81.91451740760299,5.209621239922395
person_5.mp4,front,219,3654,59.93419496354917,848,478,139.92728868713783,142.27964234000962,167.43609483803476,170.41886295078214,84.05456962431,82.59168287812379,5.5017859815126675
person_5.mp4,front,220,3671,59.93419496354917,848,478,141.13624374756375,142.54023896896192,168.43629300153725,170.7814594120134,84.38640001838125,82.51035760232003,5.261270173824959
person_5.mp4,front,221,3687,59.93419496354917,848,478,140.50515372176645,143.3904949835526,168.49172383508082,171.0594644864937,83.23173435516549,83.31109426239972,5.544210607511347
person_5.mp4,front,222,3704,59.93419496354917,848,478,142.00414657563454,143.66213083448693,169.85814891249032,170.96275433628477,84.18845721339166,83.6256484021931,5.153701068986711
person_5.mp4,front,223,3721,59.93419496354917,848,478,140.65293232938313,143.54331968893536,169.19596195999688,170.03610295350236,83.88398975199192,84.31505836049713,5.23738167275205
person_5.mp4,front,224,3737,59.93419496354917,848,478,141.4739255937257,144.65286329015808,169.2411685563956,170.05657345146648,84.0258277158333,85.29532141524842,5.527875917713159
person_5.mp4,front,225,3754,59.93419496354917,848,478,142.5827850371509,146.10365572735842,169.51097144129704,170.2235044398206,84.64697639178166,85.71025853378038,6.062353234681233
person_5.mp4,front,226,3771,59.93419496354917,848,478,142.3062737406805,145.4200112020905,170.03862654384497,170.42280315498525,84.71106512116822,85.55055898762937,5.278535544658289
person_5.mp4,front,227,3787,59.93419496354917,848,478,142.38748222674496,145.82317590224625,169.75486834558495,170.76543356160778,84.82869197193072,85.82053342520831,5.380475562661264
person_5.mp4,front,228,3804,59.93419496354917,848,478,140.49606580425592,145.0955003235513,167.46453495168842,170.26350900685995,83.10025398570228,84.51335035873838,7.789135824654631
person_5.mp4,front,229,3821,59.93419496354917,848,478,140.9808338727266,144.8243507327156,169.3667016264488,171.2930060616722,83.57039896214816,84.80964914229607,5.909827638175781
person_5.mp4,front,230,3838,59.93419496354917,848,478,139.47752887099594,144.9718032147448,167.22315647360418,170.76722914150955,81.96851527701678,83.70135494701016,8.74680813173804
person_5.mp4,front,231,3854,59.93419496354917,848,478,142.65315425149382,144.35098380412893,169.66954359474218,170.60364075212684,83.67212899323204,84.06590342947695,7.7450167818708255
person_5.mp4,front,232,3871,59.93419496354917,848,478,141.92656035440444,144.19452406233907,169.34632816807058,170.74727670183555,83.47332921745594,84.39490284566475,7.202461775162938
person_5.mp4,front,233,3888,59.93419496354917,848,478,141.93978019582119,144.60885810197095,169.6004934987278,170.6449923255266,83.71505180626467,84.80607707996587,6.955978213364609
person_5.mp4,front,234,3904,59.93419496354917,848,478,141.44312242496042,144.89312761836,169.45507300974694,170.74521073700532,83.66124241209539,84.92827629794228,6.925565619669285
person_5.mp4,front,235,3921,59.93419496354917,848,478,141.81832462004934,144.56656273972305,171.9545963190717,172.52691000802946,83.91908265507368,84.67991515785667,4.324910623874367
person_5.mp4,front,236,3938,59.93419496354917,848,478,142.0246127768494,145.24228818320506,171.5084770863296,172.3715222415154,83.72590124743938,84.5931136380504,5.288463098619776
person_5.mp4,front,237,3954,59.93419496354917,848,478,143.0230771409499,146.55723543040443,173.38597073428295,175.3226674049468,85.59597482494824,86.68883344849401,2.031620547301041
person_5.mp4,front,238,3971,59.93419496354917,848,478,143.79548605660534,147.11738144966725,172.96500985337258,175.07394932528416,85.86881997221113,87.04090533156169,2.942700169160395
person_5.mp4,front,239,3988,59.93419496354917,848,478,143.59960528269872,148.00083684930144,174.35638817014114,176.67765189894257,85.82558074174442,87.60383604489621,1.6140016779474635
person_5.mp4,front,240,4004,59.93419496354917,848,478,143.44242183470558,147.17012756052227,173.61531183342856,175.67872820904066,84.86148476880112,86.05780476577077,2.664854898987349
person_5.mp4,front,241,4021,59.93419496354917,848,478,143.7124914524099,147.2020386055453,173.0654361474736,175.08054915123964,84.95118400841561,86.18526379511549,3.5977563272693374
person_5.mp4,front,242,4038,59.93419496354917,848,478,144.10294167912943,147.86295245084767,174.15713898031441,176.1142430167996,85.49126102886731,86.91152849257806,1.791555072922302
person_5.mp4,front,243,4054,59.93419496354917,848,478,143.91150403536037,147.40306658112414,171.78425178533612,173.98776351935004,85.31361494230279,86.6542900902297,4.806693119843784
person_5.mp4,front,244,4071,59.93419496354917,848,478,145.5265253724197,148.78368724615007,174.3360824085662,176.37888690318442,87.00451188252407,88.19374546243775,1.2590329675421943
person_5.mp4,front,245,4088,59.93419496354917,848,478,146.35648728896402,149.57830239798588,174.04727284006253,176.21173231624556,87.78419094730152,89.17767776899964,1.465768925039323
person_5.mp4,front,246,4105,59.93419496354917,848,478,145.55918965935248,148.27245418448507,173.10486653125977,174.37804346155997,87.27282320554166,87.79617748070486,3.284078648146484
person_5.mp4,front,247,4121,59.93419496354917,848,478,144.97975892261934,147.13516003212163,173.11159496236587,173.7199362129146,86.48811495196138,86.74974897819902,3.3089397168329837
person_5.mp4,front,248,4138,59.93419496354917,848,478,144.88039240568293,147.56558502057294,172.46475817902225,173.530097170773,86.30779304624052,86.7958901337966,4.112763569931656
person_5.mp4,front,249,4155,59.93419496354917,848,478,144.77226016002103,147.38753601583977,172.48986024109155,172.56619232620264,85.8290404030397,86.49087412995266,4.665854031513797
person_5.mp4,front,250,4171,59.93419496354917,848,478,145.32722743297796,147.8794404918903,170.33261693664997,171.03273270718884,85.70937062331555,86.02097378958008,7.492572023162404
person_5.mp4,front,251,4188,59.93419496354917,848,478,145.70574446401827,147.45008623767654,171.81411475012183,170.6147802612412,85.84837064510845,85.59339709372658,6.267824983346306
person_5.mp4,front,252,4205,59.93419496354917,848,478,145.5914779947165,147.49637008326522,171.56406047425497,170.73581345404685,85.82103071917294,85.57884313260388,6.323962301443426
person_5.mp4,front,253,4221,59.93419496354917,848,478,145.6290686086953,147.35231641284875,172.60438741419878,171.383177981764,85.94550109775007,85.51418396831866,5.204700705019206
person_5.mp4,front,254,4238,59.93419496354917,848,478,144.09414331399083,147.7535952268013,171.6915359028473,171.84255353901708,85.98171900782542,86.05934676726888,4.675647226028185
person_5.mp4,front,255,4255,59.93419496354917,848,478,144.1125777252704,147.6146532309877,171.60370587576293,171.79148139449455,86.41437465496746,86.47857349004752,4.305205651187436
person_5.mp4,front,256,4271,59.93419496354917,848,478,143.55556454331963,147.81636477665145,171.65369420567737,172.65944273548794,86.80746779554161,87.10544813434998,3.2193905784862085
person_5.mp4,front,257,4288,59.93419496354917,848,478,143.50305137812853,147.56153927729437,171.6771519859915,173.22580946462708,86.79542275341366,86.89059507584338,2.90892621082973
person_5.mp4,front,258,4305,59.93419496354917,848,478,144.20339628299004,147.49038041427147,170.7915893051809,171.92764130355488,87.16530346583826,86.08893820627371,4.50123318385024
person_5.mp4,front,259,4321,59.93419496354917,848,478,143.62665928545806,147.21508048085605,170.60414995087996,172.10819756406661,86.85125716860976,86.10291513197369,4.368199842380527
person_5.mp4,front,260,4338,59.93419496354917,848,478,142.31632480161952,146.60203550711665,168.48820139582008,170.761798765707,85.44510099196849,85.26894837463037,6.647893992582757
person_5.mp4,front,261,4355,59.93419496354917,848,478,142.50821915055238,146.56797268208646,168.91181298777093,170.32942225934923,84.99436368431422,85.21821535337213,6.891973238465511
person_5.mp4,front,262,4371,59.93419496354917,848,478,141.82721167395582,146.02448428695678,169.2292815398293,169.78770848268482,83.75093197680047,84.41662100099941,7.33463348779591
person_5.mp4,front,263,4388,59.93419496354917,848,478,141.96885746254705,146.1972333421126,168.87484285618083,169.9690041830531,83.93562026920864,84.7444232012811,7.54647937390727
person_5.mp4,front,264,4405,59.93419496354917,848,478,141.64455759415262,146.07195586382156,168.96052826278938,170.00417824585554,83.86472124339079,84.82831884832635,7.335241993519414
person_5.mp4,front,265,4422,59.93419496354917,848,478,139.21498966902138,145.82359585494044,165.96438817175235,168.36831007858626,82.88661368111909,84.72862751079325,9.186239829065906
person_5.mp4,front,266,4438,59.93419496354917,848,478,136.98733588345226,144.82625118733688,165.30271402687936,168.29294360255696,81.73651797127886,84.40545026857762,8.6858612258919
person_5.mp4,front,267,4455,59.93419496354917,848,478,135.51322517662115,144.45471750073528,164.11105197736657,167.70282382727035,81.48681426898004,84.86530060278827,8.70732676937506
person_5.mp4,front,268,4472,59.93419496354917,848,478,134.14336148735413,143.7910194897515,162.96022371380897,166.59849660775714,80.92175419685896,84.58262174278225,9.098430791080032
person_5.mp4,front,269,4488,59.93419496354917,848,478,133.2544154815226,143.01199582734668,160.4794159439909,164.01423663070906,80.50644981432671,84.32294502740625,11.203272624471062
person_5.mp4,front,270,4505,59.93419496354917,848,478,133.08465461944715,142.22833714091402,160.55144315635056,163.44419865603598,80.56465176249043,83.93842292023376,10.961686141085137
person_5.mp4,front,271,4522,59.93419496354917,848,478,132.74436411263127,142.2898498005634,160.69866367499472,164.24160826770398,80.26828281984287,83.62230481351237,10.39337834660577
person_5.mp4,front,272,4538,59.93419496354917,848,478,132.4947168533316,141.7034708132632,160.17691231324255,162.46511181533796,79.65603021588807,83.19759950447977,11.854214838121889
person_5.mp4,front,273,4555,59.93419496354917,848,478,133.42760006974362,142.1942410997616,160.52659123046942,162.271103327035,79.89617916733607,83.2347116252745,12.160920178157072
person_5.mp4,front,274,4572,59.93419496354917,848,478,133.9756062920154,142.27032182037766,160.41679091133955,162.93321572580845,79.87703449464819,83.35303597916308,11.961471655571664
person_5.mp4,front,275,4588,59.93419496354917,848,478,134.31191503435986,142.59191176140206,159.71869738993868,162.7772606264425,80.14573095678941,83.69965792486073,12.471782766691806
person_5.mp4,front,276,4605,59.93419496354917,848,478,135.1195996943076,142.63002248934,159.54182723951985,162.33773841096883,80.15583437424176,83.66795996373199,13.1468611466899
person_5.mp4,front,277,4622,59.93419496354917,848,478,135.4394534150347,142.82932066761364,159.09269281848447,162.28326408237604,79.93634977963245,83.66381301805053,13.520655683051348
person_5.mp4,front,278,4638,59.93419496354917,848,478,134.88510458913362,142.11168778031657,158.1590815891359,161.65921672441402,79.48487258954043,83.17772877869928,14.189862321773806
person_5.mp4,front,279,4655,59.93419496354917,848,478,134.17248036516764,142.33664617097705,158.0358779997929,162.02981732976485,79.29845071559444,83.67676535709984,13.738951448888113
person_5.mp4,front,280,4672,59.93419496354917,848,478,133.6366210739009,142.99251328648083,156.85213084734536,162.62519650596334,79.06895179256811,84.12703830970216,14.069523914509539
person_5.mp4,front,281,4688,59.93419496354917,848,478,130.7042076931668,141.58162226598859,153.8538474992769,161.18735510900964,78.45264256837693,84.11286555023193,14.573872403332974
person_5.mp4,front,282,4705,59.93419496354917,848,478,129.86076757599645,139.71210370366566,153.8494513428592,159.7657977944782,78.02655244735011,83.6850712368338,14.35818310668161
person_5.mp4,front,283,4722,59.93419496354917,848,478,129.55498434939136,136.14304370541734,153.74115372553953,157.27671541510938,77.78243763159192,83.04222140478737,14.428130843810505
person_5.mp4,front,284,4739,59.93419496354917,848,478,128.7254293137713,134.22246171650767,153.22043121013405,155.92665574935936,77.29217628438536,83.22896779893783,14.609249691440256
person_5.mp4,front,285,4755,59.93419496354917,848,478,129.64676721869125,133.7445211404933,151.99338335740066,155.33794837175168,77.58398654094145,83.9590055654036,15.743066257121669
person_5.mp4,front,286,4772,59.93419496354917,848,478,130.06824005694295,130.0300912602852,151.3207396487197,151.8500748563985,78.96037272213896,84.74994080383985,15.889262584353117
person_5.mp4,front,287,4789,59.93419496354917,848,478,128.52358233667138,127.06757042371497,150.15471184677415,149.88757262210478,78.37811696668392,83.88464668162695,15.909269072063012
person_5.mp4,front,288,4805,59.93419496354917,848,478,128.43573727876148,125.71099984524213,149.94954800004444,148.65924077065233,78.64344658332803,83.71397101933768,15.746586907873846
person_5.mp4,front,289,4822,59.93419496354917,848,478,125.48554778740494,121.4078521565376,147.16425131673628,145.1960426349509,77.1264321680877,81.6292414202982,16.857414932266593
person_5.mp4,front,290,4839,59.93419496354917,848,478,122.98252185803776,117.14826607851305,142.28469410148833,140.20480829825522,76.96001150627824,80.96059374203232,18.57243689516034
person_5.mp4,front,291,4855,59.93419496354917,848,478,121.69829309342195,114.17475211096736,140.90913562035394,137.53513091912308,76.07562634294926,79.96340080449814,19.193921640230315
person_5.mp4,front,292,4872,59.93419496354917,848,478,120.80325807610284,110.95409411373502,138.7208729321326,134.19311187682902,76.99760814837089,80.02458311009559,19.147061138922517
person_5.mp4,front,293,4889,59.93419496354917,848,478,116.27907430954671,105.23953705579473,132.56609660330156,127.70042584815478,75.00227367983103,77.34674311310577,21.875083578293246
person_5.mp4,front,294,4905,59.93419496354917,848,478,112.3909438209413,102.49913109404207,131.194647664632,126.38602132767743,73.69266010622285,76.5432322686313,21.09091108008515
person_5.mp4,front,295,4922,59.93419496354917,848,478,111.19997028625214,100.45285184397079,130.1856855154127,124.15693228852783,73.99722259876556,75.78423125698954,20.683530271476947
person_5.mp4,front,296,4939,59.93419496354917,848,478,96.31804096686191,91.824414886435,116.48237456311205,116.28482647834176,72.877545003546,74.55472864111574,20.007466880576278
person_5.mp4,front,297,4955,59.93419496354917,848,478,89.43631744012453,82.95970518104416,111.44466936844472,109.4177715568146,70.08226442094706,70.98949558914212,20.7777936398037
person_5.mp4,front,298,4972,59.93419496354917,848,478,91.20819835560724,83.50961480831396,112.751771428037,109.83556474178927,72.61137762358256,73.00753147667973,19.43875358855179
person_5.mp4,front,299,4989,59.93419496354917,848,478,92.15250115739778,85.18338968176236,119.76491892334649,116.3437772824211,74.37408472260864,74.48877607195777,12.30945301200927
person_5.mp4,front,300,5005,59.93419496354917,848,478,87.64840170089929,81.84798405947633,115.89927896782028,113.75259606175393,73.33198595643651,74.08485128552276,13.3497093368504
person_5.mp4,front,301,5022,59.93419496354917,848,478,83.56523628737312,80.59280752867816,110.25928105752615,111.70976557057267,75.03697409768752,76.30773201039553,11.958435538351521
person_5.mp4,front,302,5039,59.93419496354917,848,478,78.05481073178717,76.47993686417006,102.32217295861817,106.22586736008002,72.36000889769753,73.6806491363805,16.215860879156647
person_5.mp4,front,303,5056,59.93419496354917,848,478,72.79738432895665,72.36811010757064,100.11514276856504,103.69903309219939,69.74381319036034,71.06780598722698,16.820160045138888
person_5.mp4,front,304,5072,59.93419496354917,848,478,70.7747140286445,71.29940936522614,97.62295367277332,101.52787762763755,69.93947667526795,71.21681817163028,17.57790703072138
person_5.mp4,front,305,5089,59.93419496354917,848,478,71.14577344587993,71.28525770058347,100.25023923578894,101.57250814066036,70.7864537557913,71.61369343547192,15.239786327123662
person_5.mp4,front,306,5106,59.93419496354917,848,478,70.10441186471638,70.83738380762803,102.29254480192463,104.88824648889596,70.23068371013863,71.057469222314,13.376712986040893
person_5.mp4,front,307,5122,59.93419496354917,848,478,70.32355870919196,72.74380377263319,99.58357461946923,104.24285122874369,72.81162474079193,73.40293834910354,13.281754732046537
person_5.mp4,front,308,5139,59.93419496354917,848,478,67.96265176828794,70.07851142736419,102.06655260327146,104.72046941226428,71.94665125982668,72.26966033077105,11.780776909730436
person_5.mp4,front,309,5156,59.93419496354917,848,478,65.81216086421001,67.44158384318449,99.54870164145542,103.10087179930404,70.47915860608248,70.83549332571165,12.578273179963828
person_5.mp4,front,310,5172,59.93419496354917,848,478,63.929814904591744,64.51862513727724,100.4097298905581,101.84736377150941,68.6979641092608,69.15265611456283,13.017774097775726
person_5.mp4,front,311,5189,59.93419496354917,848,478,62.059229947453005,62.31286519954208,93.91884581532537,96.99645605881487,66.8467955895947,66.98737536588439,18.5857548744657
person_5.mp4,front,312,5206,59.93419496354917,848,478,60.924460245146776,61.74279483192189,93.18829297268607,96.07736013800492,65.73546769739394,66.54143583583975,19.598109953151614
person_5.mp4,front,313,5222,59.93419496354917,848,478,59.11950809137131,60.63397125189143,82.17664648548794,83.9098950446939,63.5344015695724,65.37002434699646,31.477111649708956
person_5.mp4,front,314,5239,59.93419496354917,848,478,62.30243331611892,63.273777186162214,98.64469215221405,98.26727603789362,67.40970890443593,69.01884237142117,16.461468411684734
person_5.mp4,front,315,5256,59.93419496354917,848,478,59.10474991365195,61.7112340390196,82.92737425233489,84.90887521158882,65.12046698362857,68.07774593867222,30.406296474098554
person_5.mp4,front,316,5272,59.93419496354917,848,478,55.06097917544848,57.69170990269634,73.3300392051682,74.53056721425865,62.134783431747,64.05814449600855,39.70311493547734
person_5.mp4,front,317,5289,59.93419496354917,848,478,51.35217892810418,54.25545700400476,63.65880748169077,64.98643458468204,58.60845677844745,59.745509203991844,48.603630896069404
person_5.mp4,front,318,5306,59.93419496354917,848,478,49.73003321576921,52.49919863462497,60.27845884160263,61.67393317328579,56.79042117103115,57.32464254702562,51.9507672326942
person_5.mp4,front,319,5323,59.93419496354917,848,478,48.45350749080117,50.656167016206275,54.57663666116153,56.46143156581876,54.439580608128004,56.68725286351671,56.368718512872206
person_5.mp4,front,320,5339,59.93419496354917,848,478,49.747128837205366,49.7706485246256,53.825141660538996,52.89317968699243,55.26601682823268,54.810642328059295,58.411253790076586
person_5.mp4,front,321,5356,59.93419496354917,848,478,47.98483640729136,49.02530874717106,51.581832977855875,51.5508677138608,54.012154079651815,54.83226985633754,59.60403845499117
person_5.mp4,front,322,5373,59.93419496354917,848,478,44.94021278894388,46.53233203254962,46.75598531631841,47.38572932255087,52.28175990584555,53.63955536062321,62.74619900464475
person_5.mp4,front,323,5389,59.93419496354917,848,478,46.392160543951746,47.302710133505514,48.533627088577965,48.439965652642805,53.23834308846361,53.937947086440246,61.448336816889764
person_5.mp4,front,324,5406,59.93419496354917,848,478,46.95113069563238,47.353344002667626,47.93658598283702,48.07734395582289,53.806036753238665,53.8570765386382,61.76640591853696
person_5.mp4,front,325,5423,59.93419496354917,848,478,46.70434854532274,47.33360509217249,45.653990049159795,46.29362288496202,53.8430838121242,53.84425023553181,63.508113350374266
person_5.mp4,front,326,5439,59.93419496354917,848,478,47.28714775307468,47.59576933814488,45.53408429677183,46.57317720647345,54.6937200233601,55.1460255001768,62.56135865220619
person_5.mp4,front,327,5456,59.93419496354917,848,478,48.08469607852157,47.307760168962936,47.622740692432274,47.94683425080907,56.67161558656055,56.43293701569753,60.922997720739055
person_5.mp4,front,328,5473,59.93419496354917,848,478,47.46979838265568,47.305575839964106,46.3682816550326,47.015230873963844,56.5086377805546,56.47030780731151,62.07578578753518
person_5.mp4,front,329,5489,59.93419496354917,848,478,46.84072486609401,47.395137723525814,46.260161503426986,47.017667455163796,56.18273900670512,57.09485014995569,61.40668889952486
person_5.mp4,front,330,5506,59.93419496354917,848,478,47.01182572858171,48.93970563398897,48.25417068580567,48.85847831853868,57.781139744515656,59.29717945984457,59.67889964806084
person_5.mp4,front,331,5523,59.93419496354917,848,478,46.90188298288317,48.33847949701326,47.4084633098142,47.72039429155919,57.276576466025006,58.88996931611354,60.4788851636877
person_5.mp4,front,332,5539,59.93419496354917,848,478,46.72605906092086,47.88711464653953,47.19958232623743,47.22556080954319,57.24134459509631,58.73109152055421,60.51886149816808
person_5.mp4,front,333,5556,59.93419496354917,848,478,46.53104837408117,47.40852263961287,46.597190111750585,46.46801982379046,57.208998118450474,58.90501601534737,60.74539616568543
person_5.mp4,front,334,5573,59.93419496354917,848,478,46.01487639075813,46.79080420149865,44.958289952160406,44.840681582313316,56.449275922999405,58.714182110569155,62.001293152699155
person_5.mp4,front,335,5589,59.93419496354917,848,478,47.18798376676433,47.75358207608095,45.43783534244336,45.746556581144596,57.13841978109737,59.72416406826477,61.63938981206632
person_5.mp4,front,336,5606,59.93419496354917,848,478,47.63053897101164,47.62402819416241,46.473280751396985,45.9410254361482,57.65101835011192,59.8548975623589,60.82043588676938
person_5.mp4,front,337,5623,59.93419496354917,848,478,46.822366357560554,46.57532187673264,46.93211447557589,46.43608314175399,56.95162317364808,59.39536490946555,60.876608176644304
person_5.mp4,front,338,5640,59.93419496354917,848,478,46.957942922175015,46.630764172914226,48.27665869965587,47.10360617372644,56.31087391174025,58.684681557784025,59.76962866137603
person_5.mp4,front,339,5656,59.93419496354917,848,478,47.365783416970615,46.67779066733859,49.47442813406351,48.01346307176826,56.758206969942734,59.19921675474724,58.89018919983314
person_5.mp4,front,340,5673,59.93419496354917,848,478,47.29508071000622,46.91334247176477,49.50142658905715,48.395621131165115,56.838944134986406,59.52067861304474,58.83756972482626
person_5.mp4,front,341,5690,59.93419496354917,848,478,46.87505519672679,47.03493837171673,49.12759914529009,48.13810957770508,55.959447485450404,58.788491261113954,59.113149669016636
person_5.mp4,front,342,5706,59.93419496354917,848,478,47.239720268239665,47.35707345092771,49.10506940064304,47.62044340928153,55.73731153570955,59.69117168471257,59.411726721169885
person_5.mp4,front,343,5723,59.93419496354917,848,478,47.302364216546344,47.37870574206709,49.20696329004094,47.777716183279146,55.66279601067193,59.114952743002206,59.28488635871068
person_5.mp4,front,344,5740,59.93419496354917,848,478,47.299746970892556,47.47648478919379,47.991791449376024,47.20214321604054,55.45246254467523,58.719654726106555,60.236177194733926
person_5.mp4,front,345,5756,59.93419496354917,848,478,48.256554497672525,48.12759356504625,46.78246952346513,46.68443533043051,56.423648256649805,58.74900650147241,61.09724426631201
person_5.mp4,front,346,5773,59.93419496354917,848,478,47.91252787887397,48.27805715880153,47.00995828021005,47.0369867377449,56.32962472853595,58.531655560508504,60.869147658725154
person_5.mp4,front,347,5790,59.93419496354917,848,478,47.324570079772876,48.27264733269519,46.11935327735497,46.474638069800775,55.9676030289061,58.12032906306737,61.569887842898524
person_5.mp4,front,348,5806,59.93419496354917,848,478,46.096253079302834,48.24479785110482,44.292278508733666,45.55262325716211,55.377976868861495,57.144039299780275,62.92847160379393
person_5.mp4,front,349,5823,59.93419496354917,848,478,46.645168022136446,49.06823862705105,44.89785079698892,46.218300172844266,55.58496317460982,57.015461672382166,62.9002869669065
person_5.mp4,front,350,5840,59.93419496354917,848,478,47.22165009764264,50.58592914734862,45.115985450383555,47.35058525071,55.90044130104119,56.79827750799905,63.37876601001458
person_5.mp4,front,351,5856,59.93419496354917,848,478,47.58800294005573,51.08111212235851,45.56457686303337,48.10322214957756,55.795160643854075,55.90136384520835,63.59766834099148
person_5.mp4,front,352,5873,59.93419496354917,848,478,48.20180683563544,51.1760316125167,44.338980511525676,47.28206549451627,54.82601978722938,53.917053282456415,64.82656861524161
person_5.mp4,front,353,5890,59.93419496354917,848,478,49.70904288483421,52.69936822268011,44.8328072371137,47.476978229801766,55.04705591114682,54.10409204266704,65.11324371328189
person_5.mp4,front,354,5906,59.93419496354917,848,478,53.06561962649471,56.108086052953155,46.6961106196601,49.68446051676795,57.349276449474274,56.97095687014721,63.31035296306074
person_5.mp4,front,355,5923,59.93419496354917,848,478,55.84927164756076,58.79919735895112,47.51977067584334,50.54338213101454,59.291898923300494,59.399972056802326,62.3917847675623
person_5.mp4,front,356,5940,59.93419496354917,848,478,54.67015585159418,58.074032428258825,48.73378442445868,51.54948391994216,58.45891051467276,59.300061711424334,61.5664216911977
person_5.mp4,front,357,5957,59.93419496354917,848,478,57.30994231872124,60.04433149737141,51.313328632616276,53.89156898042618,60.197401554717665,60.529044920984504,60.513708068921254
person_5.mp4,front,358,5973,59.93419496354917,848,478,59.62284059762189,62.42042923311405,56.45845443305341,57.99877697709703,61.8543195110928,61.70870072668041,56.53836120259733
person_5.mp4,front,359,5990,59.93419496354917,848,478,62.96238581166798,65.04129814714227,61.37001509363761,62.851674602565424,62.954860481639535,62.99118510657234,54.09366147899911
person_5.mp4,front,360,6007,59.93419496354917,848,478,65.78450878512163,69.08678826669751,65.82558739270623,67.57318313128773,64.4229712246104,64.37082064537287,51.51580095981395
person_5.mp4,front,361,6023,59.93419496354917,848,478,65.30823645681753,66.51568863631857,66.04704135189215,67.70876277792428,63.85335399886269,62.68788774564545,50.801021028667506
person_5.mp4,front,362,6040,59.93419496354917,848,478,69.88625536499197,69.24445758471516,72.29571467694996,72.82198168332496,66.44226268737499,64.00733308398723,46.62500934741203
person_5.mp4,front,363,6057,59.93419496354917,848,478,82.29646369961934,74.68899288081823,92.11900314599366,85.2257006185273,71.62755250232804,68.41659292383552,36.087037015088015
person_5.mp4,front,364,6073,59.93419496354917,848,478,77.59073046176103,76.2487297987451,87.07321431921063,85.61653353009052,71.04513182387619,68.466080231918,37.33590720205911
person_5.mp4,front,365,6090,59.93419496354917,848,478,85.69896109306393,77.5166220894151,103.09098877216077,95.20217982732672,70.3422141901544,66.88492270213456,30.055974373590093
person_5.mp4,front,366,6107,59.93419496354917,848,478,87.82796837656224,75.20897351602521,108.05444897915429,98.74573426298832,72.72379323576595,64.97866000409131,24.566485651034537
person_5.mp4,front,367,6123,59.93419496354917,848,478,93.14345688120692,73.76133487262703,114.59034343205792,98.50703429842228,71.66896238679702,64.35192459830148,23.835606669788067
person_5.mp4,front,368,6140,59.93419496354917,848,478,100.82752182348781,84.11587055764032,137.95665983489909,123.55555677090736,78.46358527305357,74.50458782613758,1.6987642887359549
person_5.mp4,front,369,6157,59.93419496354917,848,478,100.82860721116846,87.44538856593267,139.8002399779523,126.29422819527579,76.6008113146168,74.19568680280318,1.9516063009934865
person_5.mp4,front,370,6173,59.93419496354917,848,478,99.64982448463559,86.44753506208745,139.53457021170811,126.06618524509823,74.34306108417972,71.68698851697873,2.5538979354862223
person_5.mp4,front,371,6190,59.93419496354917,848,478,103.78212162542098,88.6765101711492,142.42290713725495,129.08831225032844,74.17980196850141,70.74094191605316,3.59195242218166
person_5.mp4,front,372,6207,59.93419496354917,848,478,108.33696069738885,92.43317867752282,154.1552222294222,137.82852094416296,73.69401284441646,70.92580915406221,3.232420863788606
person_5.mp4,front,373,6223,59.93419496354917,848,478,112.44600060670018,94.56091399294822,157.6990582596603,138.9021618945221,72.99754672846515,70.31007221309717,2.1226450081266277
person_5.mp4,front,374,6240,59.93419496354917,848,478,111.94529581287172,95.6620253514607,155.6008790970313,141.1486259316578,71.98003396989323,69.29573207790207,1.3439456000947851
person_5.mp4,front,375,6257,59.93419496354917,848,478,118.65909172492383,101.63842313991981,163.90936388471403,148.46681141601144,75.21080787630648,72.22728430017068,5.919662470063001
person_5.mp4,front,376,6274,59.93419496354917,848,478,118.73630980625268,104.07384252063919,162.72977623076608,147.5322704288623,73.77166269339662,71.75326359712652,2.67295758080868
person_5.mp4,front,377,6290,59.93419496354917,848,478,123.57496099926985,111.7561328035087,167.2694441410087,155.2231435354468,72.9771714712661,72.00558489535211,2.9529165085703695
person_5.mp4,front,378,6307,59.93419496354917,848,478,124.48720649551382,112.63428729675371,166.9630387376505,153.59244802298565,73.28064624984755,72.25128934800327,1.6442575565586388
person_5.mp4,front,379,6324,59.93419496354917,848,478,128.60121302607462,123.05018160530949,167.90738949687125,161.03926401908834,74.79177666872528,75.32625344397476,1.3379531679580248
person_5.mp4,front,380,6340,59.93419496354917,848,478,130.1697284695526,123.82404974486617,167.98768411168976,160.45950907447684,75.89443234959359,76.46271443354827,2.4669492908780626
person_5.mp4,front,381,6357,59.93419496354917,848,478,132.52347863178792,127.86421976068594,169.65734128702684,167.81620062827827,79.02178769892042,79.4879632102555,4.1387913808567145
person_5.mp4,front,382,6374,59.93419496354917,848,478,135.68666271118846,132.00534746648765,169.84558590723705,169.43988660960855,80.32859479323534,80.50244064812856,3.299669832134299
person_5.mp4,front,383,6390,59.93419496354917,848,478,133.6469531207067,132.45198317017162,170.17263065196173,168.4191707120674,79.07003685301268,79.11506703323687,1.4975370714453504
person_5.mp4,front,384,6407,59.93419496354917,848,478,134.22633900047796,136.1152721695676,170.42687765390335,171.9538608554911,79.66842649802594,80.2552246392916,3.133852845694108
person_5.mp4,front,385,6424,59.93419496354917,848,478,134.17767314899515,140.04277302716568,170.75708165085945,173.94968754998234,79.86445193425044,81.67958564608476,2.6829797399633026
person_5.mp4,front,386,6440,59.93419496354917,848,478,134.0507763016721,141.00003481216143,170.6355482741007,173.08196845344858,79.51103458985,81.96502451164183,1.0655787636706933
person_5.mp4,front,387,6457,59.93419496354917,848,478,133.52194698124177,140.57014646966007,170.25481917701504,172.40683105793812,78.98546575424282,81.64949449682571,1.5688050514457568
person_5.mp4,front,388,6474,59.93419496354917,848,478,130.63366766592003,139.48375832784407,169.17609492347415,172.22040312793038,76.86859727603995,79.87216997751165,2.9401001307971586
person_5.mp4,front,389,6490,59.93419496354917,848,478,131.0093389880581,140.9954803124825,168.87978914403442,173.63192413937674,77.09448986688838,80.46635655051455,2.9742790668363193
person_5.mp4,front,390,6507,59.93419496354917,848,478,132.42345613461455,142.66450923768156,169.48789639976013,175.31564387378936,78.41923833919147,81.44515994073353,1.97761902140375
person_5.mp4,front,391,6524,59.93419496354917,848,478,133.6693164984195,141.35964341580708,170.30056882143228,173.8666926668727,79.03786651479135,82.57290763353286,1.998429655385216
person_5.mp4,front,392,6541,59.93419496354917,848,478,134.99401030893168,140.83041145018922,171.49052720908767,174.03125638863622,78.82505175678034,82.22278970948727,1.7365882946380475
person_5.mp4,front,393,6557,59.93419496354917,848,478,136.0841617098556,141.6353518203681,171.6354165930771,174.93884763246464,79.89795572272119,83.10202948463672,1.1562467450408884
person_5.mp4,front,394,6574,59.93419496354917,848,478,137.5590305554884,142.97561363823246,171.72944553803612,174.7624247009972,80.88481835289024,84.2277799693362,1.5862682803818862
person_5.mp4,front,395,6591,59.93419496354917,848,478,137.3402411793504,142.11664953533247,171.40809200296022,173.8341571251014,81.20762100915825,84.44132288776841,1.7143762756540366
person_5.mp4,front,396,6607,59.93419496354917,848,478,137.9565615344713,143.53680318210166,171.5829817083619,174.47505541222645,82.08880795622592,85.49168612822683,1.4705916003691504
person_5.mp4,front,397,6624,59.93419496354917,848,478,138.3928138216346,144.65981554104377,171.14627416383854,175.20692729954473,81.73455437812969,85.58004698119629,1.3967687409780736
person_5.mp4,front,398,6641,59.93419496354917,848,478,138.17713687452363,143.05960586861076,171.02669841103025,173.7870597040477,81.59401686198952,85.25678106049284,1.6135251347383002
person_5.mp4,front,399,6657,59.93419496354917,848,478,138.43586697181937,142.7676805107555,171.3875663932616,173.74154730046487,81.40187888395016,85.55204169405346,1.2685087588119455
person_5.mp4,front,400,6674,59.93419496354917,848,478,138.58322999125443,143.98019822489323,171.24054649019035,174.19343248374588,81.60312249621363,85.58052384899466,1.3894892731968462
person_5.mp4,front,401,6691,59.93419496354917,848,478,138.110151903117,142.21103366485636,171.04834433311663,172.985003343338,81.30267458707517,85.09381074401567,1.5186347040370805
person_5.mp4,front,402,6707,59.93419496354917,848,478,138.10581829019978,143.15028946929172,169.32647838783004,173.0608466862396,81.06329388486645,85.18005008424777,2.815444276394683
person_5.mp4,front,403,6724,59.93419496354917,848,478,137.91324544922045,142.7369874244965,169.42891790400813,172.83976764877931,80.99854024162218,84.71356859602088,2.8319391191075636
person_5.mp4,front,404,6741,59.93419496354917,848,478,138.83308000435028,143.67128654103362,168.06825522400345,171.6872493701607,81.47055585247973,85.09425529770371,4.839246637022329
person_5.mp4,front,405,6757,59.93419496354917,848,478,138.94308488320814,144.24108912031693,165.45920127781423,171.0435265989538,81.87468152641338,85.26858687839987,7.235755576892744
person_5.mp4,front,406,6774,59.93419496354917,848,478,139.28026222730762,144.52649970968292,165.27550525327877,170.5060014182863,82.13801712045193,85.65443887980364,7.62054464003564
person_5.mp4,front,407,6791,59.93419496354917,848,478,139.70814729653156,145.15468400981416,165.1705634176087,170.68493700185252,82.42667421583646,85.84654002617702,8.188587719436036
person_5.mp4,front,408,6807,59.93419496354917,848,478,139.91181526501902,145.40010777076637,165.24997976861647,170.37339894732582,82.54512323833558,86.09701607630159,8.399747347893673
person_5.mp4,front,409,6824,59.93419496354917,848,478,140.3388304608637,145.48107371842133,164.43657036630987,169.9609439476125,83.16242768665177,86.49844246548777,8.959553041516607
person_5.mp4,front,410,6841,59.93419496354917,848,478,140.8043859558463,145.9285293526925,164.71520053266113,169.98721762063718,83.53291735019526,86.97453264679629,8.93411528014808
person_5.mp4,front,411,6858,59.93419496354917,848,478,141.09391241388025,145.4967456019232,165.54390277477086,169.74749842840492,83.92069806777766,86.92558721411577,8.442042599034513
person_5.mp4,front,412,6874,59.93419496354917,848,478,142.01978064256153,145.86086795091427,166.45401246808498,169.98246428533528,84.33057091130073,87.20919154857691,8.149895044961973
person_5.mp4,front,413,6891,59.93419496354917,848,478,141.9318413353775,145.61614549417143,166.22429625985305,170.9184918055438,84.3717347996385,86.29539422767417,8.386074293471259
person_5.mp4,front,414,6908,59.93419496354917,848,478,141.88151196490617,145.1526907515814,165.97326758691923,169.75293020326083,84.48434786453787,86.1743112225903,8.862144564654061
person_5.mp4,front,415,6924,59.93419496354917,848,478,143.9779842233194,146.0267712888444,166.82565143622406,170.0997077385104,85.36316443433194,86.58550668562958,8.942091455903016
person_5.mp4,front,416,6941,59.93419496354917,848,478,143.7612557508808,145.56699741589674,166.60669432328348,169.10009229338374,85.31219349948456,86.50976386694433,9.266727028747395
person_5.mp4,front,417,6958,59.93419496354917,848,478,143.43118496594312,145.15076871209695,165.63203105238526,167.82355940598998,85.09811147330082,86.17476874300877,10.251298245098086
person_5.mp4,front,418,6974,59.93419496354917,848,478,143.54186307227815,145.3457609125873,166.03734487866308,168.06521161380255,85.14576307762475,86.40928582060725,9.80354928718959
person_5.mp4,front,419,6991,59.93419496354917,848,478,143.06776007043186,145.35367809252674,166.39392193475453,167.60919043427828,84.29867436503497,86.20239321595186,10.08678114432772
person_5.mp4,front,420,7008,59.93419496354917,848,478,142.6436151346559,145.24913511662288,166.43749222779545,167.76426745217753,84.17787026625285,86.26857282212042,9.838991572198779
person_5.mp4,front,421,7024,59.93419496354917,848,478,143.15846934316642,146.1635875227559,168.52324190213992,169.7355285900393,85.13621751359037,87.69481126965528,7.052691210363477
person_5.mp4,front,422,7041,59.93419496354917,848,478,141.96985028283567,145.771861570957,168.62207826077528,169.74756352055078,84.69442886516052,87.5932145572767,6.394001789532519
person_5.mp4,front,423,7058,59.93419496354917,848,478,141.15512735545474,145.1341420254438,168.51651793268854,169.66322974682123,84.38458673037078,87.38396817370813,6.132242727374437
person_5.mp4,front,424,7074,59.93419496354917,848,478,141.1992170623113,145.24651020662296,169.64150457615207,170.14805049962388,84.51203684887501,87.68225594899258,5.099391376257225
person_5.mp4,front,425,7091,59.93419496354917,848,478,141.16772895659471,145.272361457045,169.46592260498696,170.16743742810408,84.47214373331722,87.63014272527192,5.161769648975947
person_5.mp4,front,426,7108,59.93419496354917,848,478,141.28977095525272,145.32888412249633,169.22775535251395,170.0962898917884,84.56222267625243,87.72467604851158,5.36372683849576
person_5.mp4,front,427,7124,59.93419496354917,848,478,141.05112995337598,145.13972068288967,170.0291607418295,170.69019649509463,84.71528735148402,87.94122893725515,4.263639520995476
person_5.mp4,front,428,7141,59.93419496354917,848,478,141.46699565438604,145.69968115225757,169.96236045966825,170.779626478173,85.03003987459698,88.34241388544694,4.239228139831366
person_5.mp4,front,429,7158,59.93419496354917,848,478,141.48005435570957,145.6925641132435,169.18539557895136,170.23050154441063,84.99590921791368,88.27250978592896,5.00281423589096
person_5.mp4,front,430,7175,59.93419496354917,848,478,140.84991835114533,145.20688237615158,168.93918788725756,170.29692913770214,84.77729589558729,87.91620220458205,5.162661940106289
person_5.mp4,front,431,7191,59.93419496354917,848,478,141.0021170640109,145.13514922591037,169.19534765411024,170.50874515469744,84.51139587570613,87.6259148524032,5.2579015275205165
person_5.mp4,front,432,7208,59.93419496354917,848,478,141.10263545528946,145.36602351609793,169.15762073132692,170.59566482606917,84.56193520470804,87.69580225074475,5.313767100301186
person_5.mp4,front,433,7225,59.93419496354917,848,478,141.3936587404646,145.5692147975222,170.0257196323847,172.0031083636877,84.67987928819473,87.79929895127158,4.068191806254251
person_5.mp4,front,434,7241,59.93419496354917,848,478,141.38592586742234,145.53881614324192,169.66319203915242,171.74680420525007,84.26667953343113,87.21502800530241,4.892388234738773
person_5.mp4,front,435,7258,59.93419496354917,848,478,140.24916278521493,145.05420148529765,170.2644282735062,172.13212152892118,83.80486472084017,86.9192323087316,3.97312636729928
person_5.mp4,front,436,7275,59.93419496354917,848,478,140.41530120763989,145.08313905650883,169.77228898879184,171.99188946782226,83.69345035039719,86.64172949002696,4.619254067093483
person_5.mp4,front,437,7291,59.93419496354917,848,478,138.45905703747007,144.3860758093128,168.96127645079815,171.52573873298198,82.94664765382566,86.28945307599213,4.6611920291889755
person_5.mp4,front,438,7308,59.93419496354917,848,478,138.47126672843547,144.47872678546847,168.93514940164957,171.49179741941785,82.93388622773412,86.32340795624806,4.713204382649681
person_5.mp4,front,439,7325,59.93419496354917,848,478,138.11209106256612,144.28198941730432,169.01273406118924,171.49891461635437,82.78405817281623,86.17362830096732,4.4856755822012175
person_5.mp4,front,440,7341,59.93419496354917,848,478,138.0862953650461,144.3025513924011,168.49013075560995,171.1021690424136,82.7419658991699,86.16693023915947,4.941136783649387
person_5.mp4,front,441,7358,59.93419496354917,848,478,137.5576112673018,144.0192741568142,168.3080787251327,170.77321693775957,82.35555681357306,85.89489394439491,5.1904184845943995
person_5.mp4,front,442,7375,59.93419496354917,848,478,137.35499508097274,143.76539125263534,167.18695523716468,169.38951170498703,81.76252299427631,85.54245726413384,6.834608819043564
person_5.mp4,front,443,7391,59.93419496354917,848,478,137.30407783864476,143.7920350955213,167.4636931668954,169.4063421584938,81.74536305569694,85.60839468575078,6.616340893958928
person_5.mp4,front,444,7408,59.93419496354917,848,478,136.86528539032105,143.2821815740736,166.76885520131574,169.2183160252302,80.8851808742245,84.78591201327468,7.29155776354432
person_5.mp4,front,445,7425,59.93419496354917,848,478,136.7073281291447,143.23998529750656,166.83137597936843,169.41266292407835,80.72390129375003,84.74445236179673,7.2072251143249275
person_5.mp4,front,446,7441,59.93419496354917,848,478,136.44518773113668,143.10432402187462,166.75843847510507,169.5132779973818,80.52643439919457,84.60665667513413,7.144040535260319
person_5.mp4,front,447,7458,59.93419496354917,848,478,136.10725238097046,143.12578367501777,166.24901185264133,169.6310359724879,80.19186073709567,84.48778170072072,7.457927757067582
person_5.mp4,front,448,7475,59.93419496354917,848,478,134.81647248511663,143.14422481109406,165.4923624696955,169.65704613373043,79.68587522768877,84.39767964781194,7.35451570885066
person_5.mp4,front,449,7492,59.93419496354917,848,478,134.74518207069252,143.33818081722964,164.63904461290326,169.26173893926835,79.52471744025546,84.41292245453896,8.00943664575619
person_5.mp4,front,450,7508,59.93419496354917,848,478,134.07490445367952,142.84221112847226,163.97375211842146,168.59092946318611,78.79155647244977,83.80636021551398,8.680180978432357
person_5.mp4,front,451,7525,59.93419496354917,848,478,132.68902123516511,141.73359776794226,164.83338440559436,167.83880294204965,78.20671617825938,82.73232452818243,7.730172418078233
person_5.mp4,front,452,7542,59.93419496354917,848,478,132.67936807065212,142.1454485134215,163.90298756202915,167.09229196137272,78.1847599190722,82.82817255074534,8.441573797650882
person_5.mp4,front,453,7558,59.93419496354917,848,478,129.9978984845325,140.9754965581231,162.6801130776896,165.74317938250718,76.94574583058113,82.52953038223097,8.1590565726455
person_5.mp4,front,454,7575,59.93419496354917,848,478,129.7274524969795,141.50107830633547,161.49265005203654,164.65630211255396,76.83747439115167,82.60843801557424,9.384365039809424
person_5.mp4,front,455,7592,59.93419496354917,848,478,128.72259365683786,141.7742931055802,160.81085426271162,164.37177881559813,76.27959819675847,82.70727582463778,9.86539767224565
person_5.mp4,front,456,7608,59.93419496354917,848,478,128.7560297627375,141.84793336676995,160.4570156460628,164.64743147392696,76.57535367410055,82.62783911356699,9.894530810319804
person_5.mp4,front,457,7625,59.93419496354917,848,478,129.92209993190053,141.99188560995793,160.35350462432544,164.15034740933734,77.01746490789672,82.64865831113454,10.560889706594825
person_5.mp4,front,458,7642,59.93419496354917,848,478,130.16348418079005,142.2116860669195,159.22234798204687,163.52523689608455,77.23125369965238,82.77464706898138,11.447439466527433
person_5.mp4,front,459,7658,59.93419496354917,848,478,129.942044789881,141.1869927521846,157.93375588068028,161.37776630083636,76.82514929982007,81.93244777944766,13.639889866896995
person_5.mp4,front,460,7675,59.93419496354917,848,478,130.94220291457898,140.290271727803,158.6644586838066,161.4949121434841,77.17940392542253,81.8571925283328,12.96673468164085
person_5.mp4,front,461,7692,59.93419496354917,848,478,131.73504444915747,140.45189090596477,158.77361015483376,161.4927931827622,77.49132418647095,81.63862275973476,13.13042495912803
person_5.mp4,front,462,7708,59.93419496354917,848,478,132.16480050961349,140.2947570956834,158.4391108071078,159.65875327700635,77.13146155850717,81.61484659705438,14.613124073307413
person_5.mp4,front,463,7725,59.93419496354917,848,478,131.1509952859443,139.2279003119023,157.9515005708709,159.3409074142256,76.64755990494592,81.33133239673236,14.662174349862939
person_5.mp4,front,464,7742,59.93419496354917,848,478,130.45731696211175,137.97902790707863,158.4717887056705,159.91554759709527,76.26270092864401,80.9461762936758,13.601836455042017
person_5.mp4,front,465,7759,59.93419496354917,848,478,130.1844071530064,137.1484397877686,158.32579896712758,160.12542863571795,75.91474641376453,81.32672698019108,13.27841487744896
person_5.mp4,front,466,7775,59.93419496354917,848,478,129.11787492399262,135.26153767966915,156.56248992879105,158.74895984689743,75.06493006637803,80.55776792992887,14.006265228346532
person_5.mp4,front,467,7792,59.93419496354917,848,478,128.88051667771245,133.796343409333,156.80188431597216,157.8968809766461,74.58008293409095,80.57675426700725,13.823533261014866
person_5.mp4,front,468,7809,59.93419496354917,848,478,127.08785672822204,131.95407121291785,155.67459367263615,156.95179983212304,73.45269888478963,79.98730485384034,13.953592801945037
person_5.mp4,front,469,7825,59.93419496354917,848,478,124.3557112864613,127.24291276560062,152.78200983647906,153.19375793966475,72.14585676198564,77.91422424243774,15.25873402325939
person_5.mp4,front,470,7842,59.93419496354917,848,478,122.46702094141234,119.38868569301019,147.36330924643872,145.4750386116541,72.26431128836713,77.20304987719628,17.845979251668894
person_5.mp4,front,471,7859,59.93419496354917,848,478,121.69764450495087,116.40474297974541,146.3855230012302,142.6569161989964,72.47159426451458,76.7141442671206,17.70005666434827
person_5.mp4,front,472,7875,59.93419496354917,848,478,120.76867218724115,112.48883055535582,142.85794309410912,137.43077079421246,72.70039548102159,76.16326639947478,19.754777375849184
person_5.mp4,front,473,7892,59.93419496354917,848,478,121.73417982276386,112.81366660754148,144.6264576895816,137.9758227396802,72.71598588642452,75.8558621202341,19.12995690386136
person_5.mp4,front,474,7909,59.93419496354917,848,478,121.71534135907449,112.33783390389941,145.21034849281497,137.89480550532843,72.06767902530095,74.91723494486351,18.905315779171588
person_5.mp4,front,475,7925,59.93419496354917,848,478,120.95535724305027,110.52770554143412,143.25839843246925,136.20130577855542,71.46405478761453,73.91096973965274,20.078974916644906
person_5.mp4,front,476,7942,59.93419496354917,848,478,120.30844565935645,109.79352489419405,141.83038755921385,135.27340830887763,71.64543975544379,74.22928878939611,20.58222283264992
person_5.mp4,front,477,7959,59.93419496354917,848,478,119.17718155154418,107.39263886756751,139.0338197291012,131.6799011549482,72.03065671904317,74.46066719510212,22.034392354114896
person_5.mp4,front,478,7975,59.93419496354917,848,478,113.92436014408928,101.1990817259421,134.42763508348568,127.86003744242971,72.58851204155346,73.67858307741834,20.286945052116195
person_5.mp4,front,479,7992,59.93419496354917,848,478,113.09079954118417,97.76791123896751,137.42566863281152,127.43823111538136,72.34931425729829,72.8491520153087,17.09683742320676
person_5.mp4,front,480,8009,59.93419496354917,848,478,108.99485859492117,92.94555023876323,137.97997604436992,126.52631693054168,71.00029413555967,70.95914307755233,13.749787212404053
person_5.mp4,front,481,8025,59.93419496354917,848,478,106.9449225849173,91.55757839167904,139.8402350999315,126.36478130187767,72.8699712456344,71.57789414169471,8.905953482848396
person_5.mp4,front,482,8042,59.93419496354917,848,478,101.1229073260884,88.24625104507784,138.63122313116344,128.05597882321769,73.69062466472595,72.12202203705867,3.43202702921264
person_5.mp4,front,483,8059,59.93419496354917,848,478,98.05858469341872,87.15462028971383,135.05806444621368,128.01654587188258,76.45094948911266,74.61742525395377,1.636390128499373
person_5.mp4,front,484,8076,59.93419496354917,848,478,90.7834080509375,83.71125604727709,126.17848644809413,124.49487043200799,75.07314975944436,73.01437123993045,2.0211216982629336
person_5.mp4,front,485,8092,59.93419496354917,848,478,87.58140094223425,81.31111922454298,123.62662972301894,122.38126877840371,76.9074752942257,74.97927425877764,2.2695131932876533
person_5.mp4,front,486,8109,59.93419496354917,848,478,86.71093264618676,81.3475557071784,125.36107589027363,125.50893346036491,78.52894527033136,76.78352968409743,6.717229400031873
person_5.mp4,front,487,8126,59.93419496354917,848,478,84.57449302961456,81.7673910400613,122.36016529062462,125.86280482553109,79.21630082839263,78.71608096102277,7.79309195944539
person_5.mp4,front,488,8142,59.93419496354917,848,478,82.5953868410451,79.93187845690967,121.58175927874592,122.91515869187766,77.49165933346198,77.69770459784934,5.5041876424661735
person_5.mp4,front,489,8159,59.93419496354917,848,478,78.0676149324173,75.13940970942883,110.80919910227918,111.68219496522467,74.5802011840445,74.90274195647473,5.108261987560861
person_5.mp4,front,490,8176,59.93419496354917,848,478,76.18189729263231,72.73350845883779,111.00753553784601,110.65378469149985,71.39647456563009,72.0753182381334,8.132044318103528
person_5.mp4,front,491,8192,59.93419496354917,848,478,71.9497757401555,70.90999514948554,104.85630551136849,105.16610642320518,70.63183293191551,71.35232315147225,11.944778507791131
person_5.mp4,front,492,8209,59.93419496354917,848,478,68.94267155154715,68.5153380287193,98.01310845187263,97.80959390019837,69.0301891888568,69.87907547992634,18.652198806541378
person_5.mp4,front,493,8226,59.93419496354917,848,478,65.27017285597597,65.31628880602885,81.88426052943589,84.86108170700842,66.16820628140626,66.82144515041514,32.43827585143588
person_5.mp4,front,494,8242,59.93419496354917,848,478,63.64105100810898,65.45462004539809,80.48956509092008,83.43418344596876,66.82165657151292,67.8274812825372,32.679378588383514
person_5.mp4,front,495,8259,59.93419496354917,848,478,58.56943946020096,60.86063497499137,67.63793552009874,70.46685488893628,62.70928440493182,64.1315495036121,44.56349976437158
person_5.mp4,front,496,8276,59.93419496354917,848,478,56.32796083914278,57.985669559452205,60.06990485652906,61.9620657057998,60.17355224278446,61.401137108033154,52.01549082965364
person_5.mp4,front,497,8292,59.93419496354917,848,478,56.38001057309405,57.22113270063163,57.08260545084326,58.3232743676812,60.481779161145006,60.8404860394863,55.090632642396585
person_5.mp4,front,498,8309,59.93419496354917,848,478,57.52652539002185,58.77169980511716,58.522175185797344,58.965206968165305,61.94466187057966,62.09245914091344,54.260004128892675
person_5.mp4,front,499,8326,59.93419496354917,848,478,59.182016524006016,59.39581630112491,57.92066157271964,57.453004331699255,64.38104781827813,62.652534089328945,55.63788919266309
person_5.mp4,front,500,8342,59.93419496354917,848,478,60.30099060877945,61.06060014423385,58.70658831190683,58.49514571903493,64.72511287610229,63.97114457138714,55.102617683258
person_5.mp4,front,501,8359,59.93419496354917,848,478,56.12725520937008,58.85081787970681,53.11739351426311,54.74417997333234,62.14941460620631,62.20625060828689,58.52175526410041
person_5.mp4,front,502,8376,59.93419496354917,848,478,54.60389819168818,56.310410150921236,51.545969509027294,52.33412504788751,61.08986344009157,60.484424309708764,59.73000647028066
person_5.mp4,front,503,8393,59.93419496354917,848,478,53.224889386098646,55.128477362041174,50.26552356913176,51.83021167024869,60.694834135036146,59.31105476559925,60.294964594575106
person_5.mp4,front,504,8409,59.93419496354917,848,478,50.74859604842272,54.08725323206057,47.95718045931116,50.83154224862356,59.316840464734796,58.93940393465053,61.10340554731099
person_5.mp4,front,505,8426,59.93419496354917,848,478,52.7233060518263,54.87348705269572,49.87554279212083,52.327734915997524,61.439373535380284,60.19474502632281,59.87395491588863
person_5.mp4,front,506,8443,59.93419496354917,848,478,52.49820252308409,53.93268537182332,51.58613535309648,53.25748569490932,61.53620104326732,60.549824286045094,58.362207934239564
person_5.mp4,front,507,8459,59.93419496354917,848,478,51.99938669201114,53.6298942758356,49.88042070803365,51.635331214005504,60.67783627020243,60.320887748551165,59.853656810133074
person_5.mp4,front,508,8476,59.93419496354917,848,478,51.71397072211277,53.00830023528169,50.44256826049421,51.38815304261953,60.834485743562254,60.802378726103534,59.59023433953604
person_5.mp4,front,509,8493,59.93419496354917,848,478,50.32715797861962,51.47805273032788,48.589109897128694,49.311550785498625,59.32700943050658,59.73818779604555,60.82796514207594
person_5.mp4,front,510,8509,59.93419496354917,848,478,49.09027067182271,49.883951248914244,46.607768185859044,47.14287916987827,58.42430856182735,58.71533343536077,61.701489789104386
person_5.mp4,front,511,8526,59.93419496354917,848,478,50.002088698861286,50.24960670996373,47.56994175687589,47.24075543513616,59.19653251833334,59.062181774407115,61.09617610510004
person_5.mp4,front,512,8543,59.93419496354917,848,478,51.024349421448065,51.587807635284285,47.28123565760154,47.006368057753335,60.239392085585756,60.6766495504775,61.2950703561092
person_5.mp4,front,513,8559,59.93419496354917,848,478,53.28055241020684,53.30784339033808,47.996560746026155,47.69337954929692,62.38824702422294,62.502166071507105,61.1328740753604
person_5.mp4,front,514,8576,59.93419496354917,848,478,54.15107940045367,54.815354809507156,48.53782133214555,48.43184164576972,63.84945588323228,64.1956591056625,60.55325922435751
person_5.mp4,front,515,8593,59.93419496354917,848,478,53.58041772236829,54.17044424931593,47.93726940945816,47.354840683164376,63.76409546719666,63.60249041738073,61.06552113991417
person_5.mp4,front,516,8609,59.93419496354917,848,478,52.02203189427809,53.17985902813753,47.284579369097735,46.423586748493165,62.62334493805139,63.549273989320696,61.80921382105952
person_5.mp4,front,517,8626,59.93419496354917,848,478,49.43898773473924,51.23586869971792,44.8304683481891,44.51208295407719,60.01936938096829,62.13959450803062,63.227530713015874
person_5.mp4,front,518,8643,59.93419496354917,848,478,50.07185266448587,51.642523331248434,45.256782583556166,44.706965928405864,60.7355431191306,62.27491642375742,62.914153331082794
person_5.mp4,front,519,8659,59.93419496354917,848,478,49.06181428218195,50.99546223914336,44.178151495664125,44.113710474019626,59.535558704407656,61.49174092977917,63.33942635102684
person_5.mp4,front,520,8676,59.93419496354917,848,478,49.60209884791904,51.29038409635029,44.75969835855895,44.6255235773385,59.941127165662245,61.77639221609946,62.71232711105858
person_5.mp4,front,521,8693,59.93419496354917,848,478,50.16430119424187,51.451086328490796,45.16974211715171,44.75587664910096,60.07719649602993,61.85933957200255,62.525969632673096
person_5.mp4,front,522,8710,59.93419496354917,848,478,49.999837437288264,51.51774492002152,45.46338346239419,45.04545742661948,60.1268544123693,62.15456163547036,62.27945885930426
person_5.mp4,front,523,8726,59.93419496354917,848,478,49.82399048364747,51.82581535941586,45.31779433817305,45.23905537396137,59.62573174198277,62.1796535956359,62.5260192483319
person_5.mp4,front,524,8743,59.93419496354917,848,478,50.14829863171081,52.13973701682475,45.37301682637652,45.22101889296269,60.096990735126674,62.82685258398414,62.59478670923888
person_5.mp4,front,525,8760,59.93419496354917,848,478,52.55466206058787,53.42402515029975,46.430793904742075,45.7713231117125,61.55602666410162,63.79281548225528,62.43158887357659
person_5.mp4,front,526,8776,59.93419496354917,848,478,53.681191141478315,53.81373482782936,46.9571204084967,45.838120229118104,62.24440984137658,64.11906661285717,62.40722353077979
person_5.mp4,front,527,8793,59.93419496354917,848,478,53.80186291519068,54.37879592700639,47.34030081493762,46.56666654944589,62.35908711466284,65.2174879448285,62.17860971612803
person_5.mp4,front,528,8810,59.93419496354917,848,478,53.590583827475186,54.23812667165035,47.264029650733626,46.49818657987738,61.88904083755612,64.67689551785347,62.184625331561634
person_5.mp4,front,529,8826,59.93419496354917,848,478,53.16716716077726,54.92051825622179,47.62184120794819,47.69036976824576,62.14025899709961,65.81806611472376,61.55496543437977
person_5.mp4,front,530,8843,59.93419496354917,848,478,53.24338136591772,54.439002316335255,48.30619732094423,47.58714205187644,60.65534135273699,65.0146937693365,61.46874107859205
person_5.mp4,front,531,8860,59.93419496354917,848,478,53.80922656677428,55.099950453718,48.4386769001965,47.78560025561533,61.243088492895765,65.81484764335771,61.52749542770754
person_5.mp4,front,532,8876,59.93419496354917,848,478,54.348288576198435,54.77011261591697,49.353465347694076,47.093345168970394,60.26689715581841,65.32411829478899,62.072493703506574
person_5.mp4,front,533,8893,59.93419496354917,848,478,54.8551484753747,54.76262126922558,49.84539054678834,47.313525050025355,60.41823940195184,65.34100095634616,61.96487841976761
person_5.mp4,front,534,8910,59.93419496354917,848,478,54.832974564763916,54.39953549554335,50.424536264475506,47.505757670272565,59.84182464727571,65.52724230576194,61.59038358646181
person_5.mp4,front,535,8926,59.93419496354917,848,478,56.4324874330484,54.68448244679208,52.0608386834962,47.99661023818686,59.36394577634031,65.34648773114994,61.47736362965556
person_5.mp4,front,536,8943,59.93419496354917,848,478,56.404735581798256,53.045433208339915,51.72437024942362,47.146556182632686,58.532520984349524,63.13925369080457,61.946834227016176
person_5.mp4,front,537,8960,59.93419496354917,848,478,58.79276122326808,53.24002348723482,54.524264769859265,47.39578573482267,57.65572747459162,62.71970011343325,62.43067575442236
person_5.mp4,front,538,8977,59.93419496354917,848,478,58.5720777287661,52.72517701344578,53.960548885000414,46.655375049200124,56.47350012385929,62.11792793323885,63.338548234084286
person_5.mp4,front,539,8993,59.93419496354917,848,478,61.95681039974704,53.93157323705762,57.086756696896714,48.33564214470807,57.76205519636428,62.188569544510976,62.51529442479054
person_5.mp4,front,540,9010,59.93419496354917,848,478,64.34008271844242,54.59165238774198,59.06059444317971,49.23235340989251,57.78406519497132,61.639177170346855,62.460535523107936
person_5.mp4,front,541,9027,59.93419496354917,848,478,65.36422555503346,55.75603457025461,61.7149135980439,51.664527368316236,56.9230577528625,61.0288788221678,61.79825591649587
person_5.mp4,front,542,9043,59.93419496354917,848,478,66.11849050292152,57.157864685353886,61.94599536879168,52.30551050715265,56.71212340931108,61.10689325469073,61.91551823280943
person_5.mp4,front,543,9060,59.93419496354917,848,478,73.86124024013921,61.464950089937396,69.09484325672284,55.98815708792867,58.66500929686235,62.775853867095236,60.88890749750596
person_5.mp4,front,544,9077,59.93419496354917,848,478,87.86825607256603,65.9702376653214,84.91638757452424,59.80546650725998,59.65570382461223,64.4838944192903,60.17961175291296
person_5.mp4,front,545,9093,59.93419496354917,848,478,84.37231998008944,65.14555161564974,80.1815655271085,59.07007422255226,59.13079450696445,63.9771653641798,60.15478561576752
person_5.mp4,front,546,9110,59.93419496354917,848,478,88.10059754029149,68.94212845378222,84.56247702167433,63.354680390238144,59.891067613474426,64.41003812655393,59.39732435486264
person_5.mp4,front,547,9127,59.93419496354917,848,478,88.57354621762926,71.98582081088828,84.50241258416601,67.47667643040691,63.407622890674546,66.57891303346717,56.24204241967615
person_5.mp4,front,548,9143,59.93419496354917,848,478,87.46097794559245,70.64821138632499,84.09126325917885,67.39182914258907,62.13642072479179,64.8581205578091,56.12764608514639
person_5.mp4,front,549,9160,59.93419496354917,848,478,87.95959250078145,70.32469530638423,84.07201717526384,68.10446322992739,61.665823853411446,63.03068551290348,55.89010661484048
person_5.mp4,front,550,9177,59.93419496354917,848,478,91.95245356286819,74.63499989085534,87.73278562543682,72.5540258346652,65.52088271226869,64.81741342979711,53.51852841479757
person_5.mp4,front,551,9193,59.93419496354917,848,478,93.77799705073193,77.0300882171522,90.9125438232991,77.26402333385941,66.3401974630639,65.2591194155857,50.99960284904767
person_5.mp4,front,552,9210,59.93419496354917,848,478,95.52012570850265,76.54531042932263,96.15677119310028,81.7572637770647,68.33523791232271,66.19425356956735,45.750425809484504
person_5.mp4,front,553,9227,59.93419496354917,848,478,91.5787825566971,78.08145832552775,97.07233208103565,86.85833612981311,66.97983366387041,65.51422991268352,42.484929337991304
person_5.mp4,front,554,9243,59.93419496354917,848,478,98.08811535248525,82.27212719084397,109.13506596016761,96.66707485233806,69.38192804825762,67.66314556755403,34.63726294157823
person_5.mp4,front,555,9260,59.93419496354917,848,478,101.43107033145199,87.27472018561133,115.70703550134125,105.87951156811309,70.8931103907184,69.02397038816102,30.04256391476929
person_5.mp4,front,556,9277,59.93419496354917,848,478,99.3441750900198,89.44744876834238,120.01461799395828,111.9850646528459,69.99841247021183,69.71137306557415,24.57030456279474
person_5.mp4,front,557,9294,59.93419496354917,848,478,104.6255810891703,92.60273816327681,130.0585138793813,123.09626227768584,71.05993086251118,69.37785575594607,17.978425966534036
person_5.mp4,front,558,9310,59.93419496354917,848,478,108.88290250718441,97.33752743940325,139.49239742641666,131.8155950940311,71.50860685866765,69.94826664622046,13.632236884644316
person_5.mp4,front,559,9327,59.93419496354917,848,478,120.2139183949438,104.76592470296629,163.40078656716676,153.7482944521693,74.33695170621766,72.38409434552943,3.950791279034345
person_5.mp4,front,560,9344,59.93419496354917,848,478,124.71461467189633,112.53203124922584,168.06034395636263,163.06455795178397,74.74822772909489,73.15839235379794,7.462522142770704
person_5.mp4,front,561,9360,59.93419496354917,848,478,126.60337376174479,114.85608970163936,168.37671296172275,163.72032288547533,74.78865623739284,73.78616140569157,6.025325322011665
person_5.mp4,front,562,9377,59.93419496354917,848,478,126.17927095163924,116.65208103443847,169.21765701215526,169.20212290499802,75.87353425021945,74.99533129682659,11.922270653767702
person_5.mp4,front,563,9394,59.93419496354917,848,478,127.06699475999625,118.27238750432669,169.19747227298214,169.06520825497785,74.68985443240105,74.20575871545027,9.909896193934166
person_5.mp4,front,564,9410,59.93419496354917,848,478,127.8777464745906,119.8988216530544,169.3992084908658,170.2951781002895,75.2829469765908,74.83806177018384,9.120149712848495
person_5.mp4,front,565,9427,59.93419496354917,848,478,130.45821733607528,119.63545840596609,168.9481304217575,167.9781587848194,76.26046732196221,75.3642474895635,8.605720631730888
person_5.mp4,front,566,9444,59.93419496354917,848,478,130.5907348020407,122.37979463635415,169.22576716900682,169.9286346339113,77.38224843826445,76.59029143924243,9.27297102726649
person_5.mp4,front,567,9460,59.93419496354917,848,478,132.50319609110153,128.81114361610662,169.16713189153126,172.6216070524587,79.01605857196785,78.68139865677632,8.81057654812349
person_5.mp4,front,568,9477,59.93419496354917,848,478,132.22322018779843,129.6093137044796,169.64493941363247,171.6186485927503,78.89591349453701,78.54099954773346,5.8660828781526835
person_5.mp4,front,569,9494,59.93419496354917,848,478,134.66332556920165,134.43940488518768,169.65434041442046,173.77930894641605,80.48487587210401,80.3693816102716,5.198481059102205
person_5.mp4,front,570,9510,59.93419496354917,848,478,135.1909602494312,135.88795624415786,169.75135370554065,174.34749115755693,81.2289512100113,80.74009117311537,4.725601733140341
person_5.mp4,front,571,9527,59.93419496354917,848,478,136.96207636596304,138.7534687505318,169.95714172625034,174.12227347785296,82.644966502116,82.37539089167976,3.591190419064646
person_5.mp4,front,572,9544,59.93419496354917,848,478,136.97409230849308,141.06781924241184,169.91279528839632,174.34955632433682,82.93942885498244,82.57356563202335,7.502698894488451
person_5.mp4,front,573,9560,59.93419496354917,848,478,136.4731817365532,141.060777547113,170.2211860041567,174.8216777334801,83.67438446088528,83.35175178027357,7.8563467567277785
person_5.mp4,front,574,9577,59.93419496354917,848,478,136.20279174929075,142.02227454406977,170.76170420000975,175.504587684382,82.47826195182715,83.56572066618102,5.292029344848801
person_5.mp4,front,575,9594,59.93419496354917,848,478,139.47533094520867,144.46370104619655,170.94463700446514,175.70156346128778,82.85552670206302,83.79888597502499,1.9768791077740513
person_5.mp4,front,576,9611,59.93419496354917,848,478,137.4869446688916,143.40710301953644,171.00108962308389,175.73555909332993,81.83621726374498,83.02975394412866,1.6834462252755145
person_5.mp4,front,577,9627,59.93419496354917,848,478,138.070480787153,144.14951179063803,171.15578309660114,175.78703281953685,82.08690264742106,83.46532268266047,1.31250295758563
person_5.mp4,front,578,9644,59.93419496354917,848,478,137.6399145627777,143.2270358408645,170.70817147692787,175.1930313938814,82.08137108234021,83.46908756348655,1.2422294439836779
person_5.mp4,front,579,9661,59.93419496354917,848,478,138.92578205528122,143.60613719557162,170.65779212641064,174.59883967878523,82.84560330717915,84.09889166523338,1.682906920956194
person_5.mp4,front,580,9677,59.93419496354917,848,478,139.0268123314552,144.28033949668884,170.62679634245896,174.70251407705055,83.18452111262819,85.28526319581744,1.5991699301832067
person_5.mp4,front,581,9694,59.93419496354917,848,478,139.16019812317637,144.52473028213177,170.9598233263763,175.578711170537,83.8454692559999,85.55226569565602,1.1485328286511292
person_5.mp4,front,582,9711,59.93419496354917,848,478,138.89335883148422,144.76668785897454,171.1774366841289,176.15918531255505,82.89069670218291,85.52647980182002,1.4680339811344127
person_5.mp4,front,583,9727,59.93419496354917,848,478,139.10141620953243,144.10389712952608,171.18269637119406,175.3185917242291,82.82588256610845,85.93131389610092,1.219739088290519
person_5.mp4,front,584,9744,59.93419496354917,848,478,139.5493293917433,143.15600403589593,170.4483765091696,174.34118617743047,83.45149408387425,84.67901289440803,1.2821430883702285
person_5.mp4,front,585,9761,59.93419496354917,848,478,139.0350344355667,143.7670009658457,168.69398951081118,172.90542340106236,83.10175764526682,84.7061278212359,3.0655319906266945
person_5.mp4,front,586,9777,59.93419496354917,848,478,138.5270195036044,144.15313821477557,165.74721186678744,169.99550476735706,82.43221130235617,84.28062095872279,6.651987889252318
person_5.mp4,front,587,9794,59.93419496354917,848,478,137.75462491563007,143.5733375668904,165.27290978458845,167.99450128238237,81.68406498158,83.49518561531794,8.209338020753497
person_5.mp4,front,588,9811,59.93419496354917,848,478,137.69150025165723,143.13975355521413,165.9763086719327,167.84934801433772,81.76547467810842,83.67374044843723,7.601231863138394
person_5.mp4,front,589,9827,59.93419496354917,848,478,138.04895503999688,143.704037116671,166.53508976571695,168.42040911369878,81.86827475553812,83.56177240698968,7.41043568917091
person_5.mp4,front,590,9844,59.93419496354917,848,478,137.31605537979763,142.88145403802505,166.70786296657056,167.90931249719083,81.12804044176785,82.511049239688,7.687932894646924
person_5.mp4,front,591,9861,59.93419496354917,848,478,137.68038929000988,142.93036584100517,167.1476011138055,167.93252029741754,81.42567618838108,82.79608129089857,7.648271138843727
person_5.mp4,front,592,9877,59.93419496354917,848,478,138.19846469373041,143.25973708343656,167.18513030919456,167.8439689720809,81.86852851926943,83.17711398542342,7.939503869698906
person_5.mp4,front,593,9894,59.93419496354917,848,478,138.16144272580553,143.25999859727744,166.92261015532804,167.60196092125545,82.1167201344688,83.54316939350997,8.074817386232564
person_5.mp4,front,594,9911,59.93419496354917,848,478,138.72395994979664,143.82136343111588,165.78603236195195,167.03758914822748,82.50901963176936,83.9458430215655,9.468760098076784
person_5.mp4,front,595,9928,59.93419496354917,848,478,137.9154695400341,143.0914848247817,165.0028924451514,166.2488555758486,81.98746044158345,83.2942077564499,10.122596346071857
person_5.mp4,front,596,9944,59.93419496354917,848,478,137.8704585475218,143.28467236184525,165.46989452238813,166.8540207398716,81.80051347689779,83.75761629798502,9.509264166301962
person_5.mp4,front,597,9961,59.93419496354917,848,478,137.4679400120764,142.8872267050028,164.7601265939242,166.62039404302053,81.69932273260672,83.33115846757826,10.085508809969363
person_5.mp4,front,598,9978,59.93419496354917,848,478,137.35315989644693,143.37167531214703,162.8761888605356,165.9948310110066,82.02481986334641,83.84181523674046,11.604562982171121
person_5.mp4,front,599,9994,59.93419496354917,848,478,138.72620582008412,143.00516107846622,165.6284423889524,166.02008194709418,82.5224664177195,83.13207136636181,10.346326767881887
person_5.mp4,front,600,10011,59.93419496354917,848,478,139.32842951850603,144.58142775814127,164.9561475466265,167.16724671711128,82.61502968599343,84.06943401369067,10.67056192115682
person_5.mp4,front,601,10028,59.93419496354917,848,478,140.98089795226912,145.14037084337966,166.3478524857592,167.8162773836294,82.72038203587131,84.21637231707165,10.491444874662704
person_5.mp4,front,602,10044,59.93419496354917,848,478,143.52114078697304,145.6513910975902,167.21551490662713,167.9972284450062,83.80322489945503,84.74798039772566,10.22882185059597
person_5.mp4,front,603,10061,59.93419496354917,848,478,145.8471251658833,147.86149136577325,166.70079616459637,168.5293813770765,84.7510948556714,86.14716505401152,11.456972791526686
person_5.mp4,front,604,10078,59.93419496354917,848,478,146.131367101586,147.86712078532756,167.98357897305044,169.31748480870993,85.6406743229671,86.8614700009836,9.834102030835204
person_5.mp4,front,605,10094,59.93419496354917,848,478,146.20274788548187,148.18882114747467,167.20671358629994,169.0094912857527,85.57268826963151,87.0085185318169,10.619985880629367
person_5.mp4,front,606,10111,59.93419496354917,848,478,146.17954077805695,148.80272354152822,167.65016323953606,169.30548304063223,86.01761319219295,87.82844119189106,9.954322497118111
person_5.mp4,front,607,10128,59.93419496354917,848,478,145.95249225120293,148.32941520770135,167.72309837430637,169.24424905034135,85.86600746163815,87.6844580979585,9.692116892545913
person_5.mp4,front,608,10144,59.93419496354917,848,478,145.6145128414454,147.83715712181947,167.34410197449446,168.53406311538987,85.83604651129747,87.54857772925514,10.085779055068672
person_5.mp4,front,609,10161,59.93419496354917,848,478,145.22071138460745,147.26602257838925,167.5546282248461,168.66335329259027,85.01883337116406,86.66456984549376,10.069813293905632
person_5.mp4,front,610,10178,59.93419496354917,848,478,144.7597611254905,147.09316884722904,167.64889978635344,168.65102961459482,84.6816280078525,86.58430850190068,9.985798128182656
person_5.mp4,front,611,10195,59.93419496354917,848,478,145.30073240379673,147.04612756820273,168.3971247499406,168.60342123811512,84.75738396980242,86.42805322756192,9.673943968684357
person_5.mp4,front,612,10211,59.93419496354917,848,478,145.16776316601243,146.92983110515337,168.6777478789763,168.83787852597044,84.65896077544076,86.30709599307959,9.311718891498339
person_5.mp4,front,613,10228,59.93419496354917,848,478,144.8389655668944,146.7932454520514,168.7361087465172,168.4767069542908,84.13477912607873,86.08519426522189,9.651216208372505
person_5.mp4,front,614,10245,59.93419496354917,848,478,145.50388581411318,147.35931015042988,169.5934791440168,168.71481938615327,85.46175423391104,87.496387081248,8.291106061787042
person_5.mp4,front,615,10261,59.93419496354917,848,478,145.2152771515486,147.21945723942733,169.15116996873752,168.41747133822082,84.3302191408382,86.56471396561366,9.510547375234948
person_5.mp4,front,616,10278,59.93419496354917,848,478,148.82889402701306,148.82208898786075,171.79079356882139,171.74408615844425,87.80536895882007,88.65768772527333,5.761469009488091
person_5.mp4,front,617,10295,59.93419496354917,848,478,149.82840201141983,149.68083340240085,171.67851757055485,171.40776306646939,88.75709874545213,89.6363770048802,5.9181988002471035
person_5.mp4,front,618,10311,59.93419496354917,848,478,150.0692867723693,149.87203503184807,171.45197591914288,171.21093481766866,89.131770638352,90.02509468744725,6.139841822034867
person_5.mp4,front,619,10328,59.93419496354917,848,478,149.7455282931747,149.7932266520293,171.33766316175073,170.81709951924182,88.79459226294979,89.79489330484033,6.304424175422509
person_5.mp4,front,620,10345,59.93419496354917,848,478,149.27922936550584,149.00608951471668,171.44483685392638,170.41422048447146,88.35794522280933,89.15163297825997,6.239136045407577
person_5.mp4,front,621,10361,59.93419496354917,848,478,149.06858889449674,148.8199050573475,171.17409508853402,170.23239501313816,88.2173262584396,89.06699401466147,6.44486801690937
person_5.mp4,front,622,10378,59.93419496354917,848,478,148.4674647534094,148.4460917133128,170.79853563033703,169.98777071022778,87.81972119149148,88.80226686593035,6.657681204123592
person_5.mp4,front,623,10395,59.93419496354917,848,478,147.80014353681207,148.2592650544607,170.21362937290883,169.81709200404558,87.45472398040852,88.78119088492838,6.924334760878865
person_5.mp4,front,624,10411,59.93419496354917,848,478,146.91617627775517,147.88968817573627,170.14801442499189,170.07354598766258,87.11878465887841,88.53580653880715,6.542932142037044
person_5.mp4,front,625,10428,59.93419496354917,848,478,146.01315635858037,147.69173813498398,169.8890323864881,169.81693737067226,86.59617795740256,88.43099044237198,6.583571252164197
person_5.mp4,front,626,10445,59.93419496354917,848,478,144.49569246073136,147.53087438120824,166.32395231209117,168.85461663929982,85.90194960832432,88.53570328476194,8.724255897226383
person_5.mp4,front,627,10461,59.93419496354917,848,478,144.155219878107,147.38990587558447,166.3675867109084,168.8292356864384,85.70081662171151,88.30254157646723,8.526504660000992
person_5.mp4,front,628,10478,59.93419496354917,848,478,142.43328219008643,147.54532605060535,166.5152750061761,169.51355146038586,85.17167622863697,88.2859077856899,7.3279345509064076
person_5.mp4,front,629,10495,59.93419496354917,848,478,141.16442560433407,146.5752282766793,165.1601182397818,168.88913337525835,84.06286250661431,87.47052091877309,8.444927511357701
person_5.mp4,front,630,10512,59.93419496354917,848,478,140.5197682765615,146.26779543138565,164.89889147912425,168.92859340976247,83.70824963303293,87.31536254432233,8.301480536037019
person_5.mp4,front,631,10528,59.93419496354917,848,478,139.6102026013464,146.0889031710201,164.38517220206677,168.78586558738533,83.46726948408121,87.01863758626111,8.206697748013601
person_5.mp4,front,632,10545,59.93419496354917,848,478,139.6266730603531,146.2480258581715,164.2186450417146,168.62490024030436,83.42028104600669,86.91057212985818,8.186354126153711
person_5.mp4,front,633,10562,59.93419496354917,848,478,138.04691291404967,145.7439229618446,163.8572566256267,168.44163905445245,82.30437357163491,86.14078253779262,8.411871070487647
person_5.mp4,front,634,10578,59.93419496354917,848,478,137.73755678537378,145.63103544642027,163.37060187735256,168.26416846217782,82.23630311665197,85.88758034365142,8.621119562519015
person_5.mp4,front,635,10595,59.93419496354917,848,478,137.324479542232,143.25735107992452,162.67948509269874,166.78648939427526,81.86499277505084,85.41373345230603,8.846104181004794
person_5.mp4,front,636,10612,59.93419496354917,848,478,137.23987849652585,143.01313418101344,160.47499172674566,164.04131235733828,81.59162136517868,85.63585615333807,11.195382814937986
person_5.mp4,front,637,10628,59.93419496354917,848,478,134.9720114433171,139.04487949055905,160.0655541417415,161.71331276977705,80.54700852922828,84.16536850952257,11.416725243660542
person_5.mp4,front,638,10645,59.93419496354917,848,478,134.21860466263985,137.3361552790126,159.3291918026114,159.78741013958847,79.59714080483113,83.64294325423903,12.934585318040487
person_5.mp4,front,639,10662,59.93419496354917,848,478,131.8132308590638,134.59373359184127,158.81754743375262,158.48604508818164,77.13770957292002,81.01606070352128,13.959798028865865
person_5.mp4,front,640,10678,59.93419496354917,848,478,130.5880640628929,134.003739539872,158.4094344731445,157.32100909545642,75.17429371154127,79.80275484447115,15.311312728269883
person_5.mp4,front,641,10695,59.93419496354917,848,478,131.9681554384516,134.33332118324802,159.00894805059804,158.67615058566886,75.36904458637414,79.77788700327751,14.469202400359999
person_5.mp4,front,642,10712,59.93419496354917,848,478,131.989071499187,134.69118054814953,160.13952436135884,159.6411590335163,75.41607693868717,79.47180916412574,13.192268944955144
person_5.mp4,front,643,10728,59.93419496354917,848,478,130.99155026734792,132.80752515841655,160.2964040321748,158.36096794009183,74.98051417742833,79.27940364983023,12.668921191162429
person_5.mp4,front,644,10745,59.93419496354917,848,478,128.26757989154962,130.1377343162251,159.78459422128208,158.5572124330539,74.75731383708921,79.91545885295294,10.170651919893025
person_5.mp4,front,645,10762,59.93419496354917,848,478,127.59945741893083,128.20148569234692,159.75370241673164,157.49161810890382,74.03788049410282,79.37699205964911,9.511405061524767
person_5.mp4,front,646,10778,59.93419496354917,848,478,127.57459665762569,127.16387365937076,160.5041817161224,157.67465689119632,73.29667484455452,78.7219085230423,8.530921640468591
person_5.mp4,front,647,10795,59.93419496354917,848,478,127.59392792790416,125.30271468202065,163.7464474524647,161.39719042712997,73.57563802625675,78.6177645644946,3.6004954935470326
person_5.mp4,front,648,10812,59.93419496354917,848,478,126.33445799335287,121.58952744230005,162.4719158932255,158.92894121145494,72.46652901617651,77.09199752015314,4.1922116291212435
person_5.mp4,front,649,10829,59.93419496354917,848,478,124.62697161758959,115.85687655146229,160.92410769395715,153.6539850662483,72.01634657099801,76.07986690643197,4.964660584250962
person_5.mp4,front,650,10845,59.93419496354917,848,478,125.08924142182433,116.29621260712109,160.32922664108818,153.38828815232625,72.28823915259666,76.53497516098697,5.217770052879091
person_5.mp4,front,651,10862,59.93419496354917,848,478,119.6877862299189,105.70159218812017,151.78501993173708,142.7861039303378,70.39024409735187,72.46225743130456,9.66891682425126
person_5.mp4,front,652,10879,59.93419496354917,848,478,117.92041686964482,101.98571324650192,148.7320914983229,138.4746817229672,70.24812570980285,71.83214566225692,10.760603792852095
person_5.mp4,front,653,10895,59.93419496354917,848,478,116.91767935321703,100.7820341781185,149.03384317339066,137.3458681185821,70.15496726735277,71.54256347925917,10.216540061813925
person_5.mp4,front,654,10912,59.93419496354917,848,478,111.32592007188101,95.74180533441567,146.88163820121716,133.1994204673549,69.69021410029254,70.62125142567115,8.804138127884665
person_5.mp4,front,655,10929,59.93419496354917,848,478,99.58580548867091,88.89279074648755,136.14023897805257,127.68722917457357,70.36718373584844,70.65741930031787,6.812014121143318
person_5.mp4,front,656,10945,59.93419496354917,848,478,98.24883443050557,90.93440821039775,124.22507787975258,121.02163205097018,67.17393667991865,68.9338950157417,18.76260711199027
person_5.mp4,front,657,10962,59.93419496354917,848,478,90.53838288158778,83.39521150044465,121.43170627233536,116.05191801948169,65.0068822130044,67.00613706109556,17.18234749031049
person_5.mp4,front,658,10979,59.93419496354917,848,478,86.27009748722494,81.5600330930671,115.67642345983501,118.05354067240428,66.254438995482,67.81419009012015,14.550238979649777
person_5.mp4,front,659,10995,59.93419496354917,848,478,77.59552265749029,73.93893092465984,110.53690591238957,112.71851343155323,61.51609641870778,65.09730879999313,16.42269032983589
person_5.mp4,front,660,11012,59.93419496354917,848,478,72.6894221446914,70.20637587487232,99.67840496213503,104.46407194753266,60.664504383561706,65.00420338750894,22.352627588250783
person_5.mp4,front,661,11029,59.93419496354917,848,478,65.28050891218848,64.44474901982417,84.40617542410907,91.5741054357396,58.21879803797515,62.192747325368956,30.929447973727164
person_5.mp4,front,662,11045,59.93419496354917,848,478,66.663802068683,63.949621803806224,92.61988100804564,96.72667844473324,58.928831907970455,62.983098357745305,25.546597961951548
person_5.mp4,front,663,11062,59.93419496354917,848,478,61.915215815701366,60.522267688809215,86.62307098763124,90.26676944492684,55.953566317029534,60.42281621043253,31.244077611375406
person_5.mp4,front,664,11079,59.93419496354917,848,478,58.89679389084324,57.87291849744339,82.91714115800433,87.32951678493923,55.77833392665323,59.85338461340843,32.388510389789246
person_5.mp4,front,665,11096,59.93419496354917,848,478,55.51527303826775,54.33100423570662,76.84713218798552,80.87662202323233,54.40634128251037,58.066558752584505,36.642877047320326
person_5.mp4,front,666,11112,59.93419496354917,848,478,53.88910832141507,52.4233818537556,67.03007680981176,70.69835386136813,52.18463415689011,55.63033692840689,45.77460202463101
person_5.mp4,front,667,11129,59.93419496354917,848,478,54.753120491207994,52.73200270958824,66.03941073545029,68.92802437749505,52.35374938478144,56.34155649141676,47.85402814408066
person_5.mp4,front,668,11146,59.93419496354917,848,478,55.06467790190327,53.94573665482742,62.11824606514952,64.25641257746375,52.8398300953072,56.68827513320629,52.324606454341904
person_5.mp4,front,669,11162,59.93419496354917,848,478,54.2227382658438,52.334657407168635,60.83860471143114,60.564526431801056,51.65382632671158,55.37171167774572,54.6067977100029
person_5.mp4,front,670,11179,59.93419496354917,848,478,55.56116196389327,50.09120438721458,56.30232889262072,53.86077947132582,52.36409180276638,53.93384923837905,60.32771975198953
person_5.mp4,front,671,11196,59.93419496354917,848,478,52.503344767481614,47.94932623202315,53.62209143810645,51.76074167517677,48.72112713706651,52.68589762082505,61.76466819906495
person_5.mp4,front,672,11212,59.93419496354917,848,478,51.440511277735844,48.76382479850018,52.788183619119934,52.54580991098115,49.22953677738862,52.569397990793426,61.365793237080055
person_5.mp4,front,673,11229,59.93419496354917,848,478,44.19567295468349,43.59518665405224,45.50810236521759,46.25226770052302,45.60691887214179,49.609698889844296,65.22867541959839
person_5.mp4,front,674,11246,59.93419496354917,848,478,47.34867349314955,46.71009679786814,47.05043190238275,47.843683388164735,47.64160716356672,51.607421044279604,65.13817183571952
person_5.mp4,front,675,11262,59.93419496354917,848,478,49.07495259006817,47.55027274864787,49.314674730523336,49.89822005635573,49.97026962577757,52.72416174622709,63.097751012581924
person_5.mp4,front,676,11279,59.93419496354917,848,478,47.276550165329986,46.19792209755156,47.29554303262469,48.461078597137444,49.73186633499359,52.395197956930545,62.9809822760842
person_5.mp4,front,677,11296,59.93419496354917,848,478,48.34912695645906,47.14008204527352,49.21182797359977,49.95652872040325,51.23534035086508,53.97596035664372,61.65599315682347
person_5.mp4,front,678,11312,59.93419496354917,848,478,49.22071570694856,47.74945083091463,50.14914665272509,50.19217079050643,50.55411779968829,54.19641710198355,61.65884614128487
person_5.mp4,front,679,11329,59.93419496354917,848,478,48.853154375447644,47.70070667956349,50.081904513355134,50.47594764119432,50.906838321475774,54.97587818629862,61.217679675065035
person_5.mp4,front,680,11346,59.93419496354917,848,478,48.841664114257064,48.182446118594,49.75590105859186,49.86377599648895,51.76444197877897,55.54260603126438,61.30995744555143
person_5.mp4,front,681,11362,59.93419496354917,848,478,49.42123780812707,49.037985162803594,50.34836474111614,49.79817260586103,54.771412956828804,55.565662876364826,61.2145194404044
person_5.mp4,front,682,11379,59.93419496354917,848,478,49.20735049391982,49.93698263230351,50.14177658270291,50.0727222357837,54.95574538746247,57.36592045817354,60.846905099247664
person_5.mp4,front,683,11396,59.93419496354917,848,478,50.40726452395866,51.96255102328868,50.2260587776235,50.43590805616126,56.127158388958016,58.51967149664278,61.056170329825065
person_5.mp4,front,684,11413,59.93419496354917,848,478,51.711421204247,53.18608095060209,49.67335664101853,50.925903920055276,59.017747657345566,61.65956453457289,60.64132703956831
person_5.mp4,front,685,11429,59.93419496354917,848,478,52.83822144196989,55.322940297705514,48.73174859589322,50.69879101577854,60.96769703694143,64.78761504616197,60.67447393532801
person_5.mp4,front,686,11446,59.93419496354917,848,478,50.244628226131304,54.175821360937974,47.047011007203885,49.59171419670322,59.088520718346395,63.63943495450951,61.02094684160539
person_5.mp4,front,687,11463,59.93419496354917,848,478,48.410312981772776,51.887025379849696,45.03492719229417,46.3329100149703,57.42727910979834,61.71575442180907,62.84436690821255
person_5.mp4,front,688,11479,59.93419496354917,848,478,47.880596509187,50.48489994454346,44.98240847548079,44.96907290150255,56.98579683539937,61.43135907656511,62.99655574641151
person_5.mp4,front,689,11496,59.93419496354917,848,478,47.34498109174098,49.27623794271362,43.55180679418178,42.89328366270478,56.46672075836984,60.369331363436814,64.30316798227702
person_5.mp4,front,690,11513,59.93419496354917,848,478,46.348471572397074,48.446193470950114,42.04848582653605,41.08422134195246,55.258900188597714,59.37409273651438,65.83165661633666
person_5.mp4,front,691,11529,59.93419496354917,848,478,46.53379791310212,48.54471810884819,42.5253512783354,41.34655189803887,55.84182437012821,59.81759017094374,65.48561226394443
person_5.mp4,front,692,11546,59.93419496354917,848,478,47.17511999570474,49.6392753680116,43.08171119761124,41.72388358020144,57.079377460088736,61.13003008068439,64.93774401738833
person_5.mp4,front,693,11563,59.93419496354917,848,478,48.248976681244656,50.99349311885625,43.34127736109259,41.964181032905856,58.566231875696324,62.70690674624756,64.64874215647752
person_5.mp4,front,694,11579,59.93419496354917,848,478,48.16315833380159,50.667757730926546,43.43503762320504,42.46751885511155,58.01257149579134,62.14394099516614,64.42926981553127
person_5.mp4,front,695,11596,59.93419496354917,848,478,47.93691031053834,50.70884732859441,43.638115234178784,42.94385476815033,57.12413746251092,62.01191987270753,64.25427784971079
person_5.mp4,front,696,11613,59.93419496354917,848,478,48.23494299026682,50.93679558062586,43.46585892370048,42.97980975398204,57.463542729576766,62.13193741984803,64.27248513326478
person_5.mp4,front,697,11629,59.93419496354917,848,478,48.49004076231794,51.01475426624799,43.354354411747984,42.8871524883872,57.56183612417196,62.13208444487357,64.35819163441128
person_5.mp4,front,698,11646,59.93419496354917,848,478,48.945990730859656,51.75704910128555,43.781750693448394,43.52891263599335,58.42117871791253,63.01599665996663,63.90706097818565
person_5.mp4,front,699,11663,59.93419496354917,848,478,49.697835883215525,52.77818251892264,44.995020608771405,45.45205915172769,58.894240224872874,63.80760825240726,62.75534769358324
person_5.mp4,front,700,11679,59.93419496354917,848,478,50.99506556227572,54.42496569569532,45.43076622568279,46.3187066283758,59.532593969226305,64.38983353365411,62.81735975716917
person_5.mp4,front,701,11696,59.93419496354917,848,478,54.03633324544475,56.11999975349065,46.85802269420776,47.0515805727722,61.27759430991969,65.3916060622508,62.46592797380793
person_5.mp4,front,702,11713,59.93419496354917,848,478,55.89189301268435,58.60014951318743,48.52351110868437,49.854322487284165,63.42933243408875,67.0896305902906,60.88105967207021
person_5.mp4,front,703,11730,59.93419496354917,848,478,58.640881995321394,60.047981739968044,49.9175405634377,50.87406257191722,64.87072234877729,67.89560347184704,60.9404443111451
person_5.mp4,front,704,11746,59.93419496354917,848,478,58.80659002909627,60.929426153547624,51.35197370642413,52.95541412877515,63.90913146403335,66.98346319985909,60.5849521983033
person_5.mp4,front,705,11763,59.93419496354917,848,478,60.244131735638064,61.73942057411389,52.69647608568929,53.860120099751036,63.427138548801054,66.34199608803272,60.77353348992367
person_5.mp4,front,706,11780,59.93419496354917,848,478,59.07819086475228,61.00156468341339,52.86511999538132,53.79565485660791,61.16554262742557,64.21415617464835,60.534459439427366
person_5.mp4,front,707,11796,59.93419496354917,848,478,60.28083347436549,61.23482489281946,54.16328954228187,53.92395343031295,61.28181661664771,63.07728811487368,60.53340575391991
person_5.mp4,front,708,11813,59.93419496354917,848,478,60.32185705648537,62.05559502227425,53.288899519085035,53.44676360022651,59.87651270471265,62.02124984588831,61.50281825953475
person_5.mp4,front,709,11830,59.93419496354917,848,478,61.22824004686118,61.89966888389307,54.959274518055594,54.832935237883085,58.05445615893429,60.61325823748233,61.02408512074153
person_5.mp4,front,710,11846,59.93419496354917,848,478,62.035310733157395,63.19351507844097,56.68052080667071,56.88334966828087,58.892580534968864,60.88788727062538,59.93267500097036
person_5.mp4,front,711,11863,59.93419496354917,848,478,64.51359951706335,65.16681240300345,59.61516784621153,58.60638584726931,60.338281312073974,62.08098102744604,58.700473859908236
person_5.mp4,front,712,11880,59.93419496354917,848,478,65.05330159073678,65.05925215368605,59.6795310141658,59.29264086314347,60.37501734466521,61.46999942839541,58.58036567845939
person_5.mp4,front,713,11896,59.93419496354917,848,478,66.63982820042573,66.55401102990741,60.397680258873265,60.93897904410677,61.20795501277012,61.87200181361719,58.0524316358973
person_5.mp4,front,714,11913,59.93419496354917,848,478,68.39804846650401,66.79473014988997,59.06947134321746,60.30696771828869,62.560370562838855,60.81645187834915,59.21660351014154
person_5.mp4,front,715,11930,59.93419496354917,848,478,67.7057389258427,66.75096922125107,58.41576366324144,60.554532901248415,62.09567654521974,60.10935885449574,59.014454086354206
person_5.mp4,front,716,11946,59.93419496354917,848,478,67.02896895710849,67.24658497911689,60.51546578509337,62.46097424052977,62.66714673038775,60.8217968454375,57.030409895506445
person_5.mp4,front,717,11963,59.93419496354917,848,478,70.8245527389053,70.19732368676277,67.34701300889354,68.84765803924803,65.52601410544293,63.605410567642366,51.20509812950682
person_5.mp4,front,718,11980,59.93419496354917,848,478,74.64777099401698,74.1561120693196,75.14601414276183,76.27180339609485,68.62897159969476,67.03441331472584,44.40549527729851
person_5.mp4,front,719,11996,59.93419496354917,848,478,80.82204180513257,76.16233219446276,84.76580723564459,82.13659612808404,70.5274742105733,68.10475954647843,39.90434801184343
person_5.mp4,front,720,12013,59.93419496354917,848,478,79.80346385295327,78.96188286896279,93.00962673714837,90.79904629065494,71.76354046876568,71.06113132919165,30.29797805355458
person_5.mp4,front,721,12030,59.93419496354917,848,478,84.27203584946024,83.54534085199259,111.3621976329269,110.84431843669239,74.98963447464631,73.69986610039733,13.157733165406924
person_5.mp4,front,722,12047,59.93419496354917,848,478,87.45132341889703,84.84249169251306,109.81908847873162,110.0197599399017,74.98713358662367,73.03818473662703,17.118646764698006
person_5.mp4,front,723,12063,59.93419496354917,848,478,90.13590001398084,87.3780794165669,121.94676751192591,121.2421552444218,77.22443821480107,75.05675781067896,6.357414370249917
person_5.mp4,front,724,12080,59.93419496354917,848,478,97.34104959055985,91.376080653565,133.26094597893328,129.45074880196296,81.8662581148796,78.25282045149609,3.574988571116055
person_5.mp4,front,725,12097,59.93419496354917,848,478,98.23827312221341,95.06322107262022,131.3679194455061,130.85085377535844,81.39997936811159,79.19257550361337,3.134524746103585
person_5.mp4,front,726,12113,59.93419496354917,848,478,104.85191458607228,99.6603075184083,141.06910258630597,138.85642696501912,79.12650843498025,76.64817857933977,3.1171818301852707
person_5.mp4,front,727,12130,59.93419496354917,848,478,108.01373055877434,105.45340988735848,147.9257004622559,146.8641510670519,79.41177253919123,77.13278027175087,3.87157069350578
person_5.mp4,front,728,12147,59.93419496354917,848,478,110.9109849806639,106.87476947367291,152.63665944683655,149.2453470888452,78.33146033281032,75.97704763013567,4.216951766269573
person_5.mp4,front,729,12163,59.93419496354917,848,478,111.63473096137945,110.87252609543467,153.18286418992798,151.74609894052134,77.10631042140035,75.43825701118642,2.8689713647194903
person_5.mp4,front,730,12180,59.93419496354917,848,478,119.18124073716345,115.71708410222254,160.94628807743302,158.4939491420333,78.13068619260477,76.36237774096767,4.5415068345892875
person_5.mp4,front,731,12197,59.93419496354917,848,478,118.161337731107,116.96145928971005,160.87761902536792,158.90876452139304,77.2120287930217,75.8331632882801,4.566414140413092
person_5.mp4,front,732,12213,59.93419496354917,848,478,118.10144181253621,121.06887853548876,160.99775791704505,161.246118190159,75.6087319218612,75.86283515095347,3.068138318238978
person_5.mp4,front,733,12230,59.93419496354917,848,478,117.75657345881963,121.14889026839433,160.38784983394783,161.5037407393539,74.85978034518546,75.42259238989077,2.465117409580482
person_5.mp4,front,734,12247,59.93419496354917,848,478,116.36072480485407,120.8942825594551,159.0954491077695,158.72588500528903,74.00075936850138,75.00172251190314,2.6921803546483196
person_5.mp4,front,735,12263,59.93419496354917,848,478,117.97583523053952,124.38594289660853,160.16168289395367,160.95150737053208,74.92077122410974,76.44779842528877,2.571855296083363
person_5.mp4,front,736,12280,59.93419496354917,848,478,121.29322827209414,125.87849030092153,164.84583306630878,165.54197446781114,76.62819728246936,76.92491812774706,4.000261668976781
person_5.mp4,front,737,12297,59.93419496354917,848,478,123.55080198327101,130.9775115977114,164.31379816447682,167.19163754983987,77.30505706882235,78.30180555936627,2.3978121007452966
person_5.mp4,front,738,12314,59.93419496354917,848,478,126.19963353121261,133.03043087067672,165.81690653438682,168.61997619423425,78.59409927540487,79.29109246168576,2.629967108175371
person_5.mp4,front,739,12330,59.93419496354917,848,478,127.33119380344577,136.41941622287885,162.94430841508083,168.7102865900996,79.46201827458364,80.50600569828477,2.532358263588827
person_5.mp4,front,740,12347,59.93419496354917,848,478,127.73439317737112,134.873446417898,164.8602559759259,168.2318830239133,79.10696862943107,79.61657287827946,2.157417245867944
person_5.mp4,front,741,12364,59.93419496354917,848,478,129.6919149091616,136.95100188167547,166.84154806835664,169.4928239153895,78.7230198575512,79.82830552627074,2.140039640157095
person_5.mp4,front,742,12380,59.93419496354917,848,478,134.56004150708424,138.91686817419333,168.5325806540624,170.08296185871285,80.11178721296898,80.60877151465046,2.158322983494548
person_5.mp4,front,743,12397,59.93419496354917,848,478,131.39691691848077,140.26848773843545,167.10105040032545,169.2793952282222,79.04513793574269,79.36608003725156,3.466471059883781
person_5.mp4,front,744,12414,59.93419496354917,848,478,131.32968797659078,140.84886034126689,162.73536260675252,166.2042297450664,78.82882858696522,79.79442279449785,7.799813556519178
person_5.mp4,front,745,12430,59.93419496354917,848,478,129.37941519114773,140.7467601104099,154.65373231428387,162.387345954269,78.39526897446275,79.976877792201,13.598264416437233
person_5.mp4,front,746,12447,59.93419496354917,848,478,128.69619980633865,140.47913179336732,152.4782821482131,162.63890235078367,78.31056844406632,79.56558932556815,14.569647541995614
person_5.mp4,front,747,12464,59.93419496354917,848,478,127.95693582196502,140.08794060756418,151.41724820224096,160.78867429091054,77.9679338492258,80.1305154847845,15.418647175616462
person_5.mp4,front,748,12480,59.93419496354917,848,478,127.65370891765889,140.01832317947154,150.2222639125986,160.21953875008566,77.68499366875527,80.01575251095396,16.385317633006682
person_5.mp4,front,749,12497,59.93419496354917,848,478,130.2372355535689,141.2184427480214,153.5102282100263,161.28663353078562,78.69186743499398,81.49758171032579,14.839009747776181
person_5.mp4,front,750,12514,59.93419496354917,848,478,131.2155194825573,142.07421044041362,155.32237894165232,162.04175900143667,78.73930542569441,82.32845244373154,14.125337939831343
person_5.mp4,front,751,12530,59.93419496354917,848,478,132.48002259010164,142.6663773032405,156.4114243940539,162.60212754714894,79.25427242658657,82.69864647180619,13.896240897559744
person_5.mp4,front,752,12547,59.93419496354917,848,478,133.82960604432887,143.2012452863598,157.34251893220076,162.68534629108106,80.04287426348877,83.17391688597891,13.625735907511368
person_5.mp4,front,753,12564,59.93419496354917,848,478,132.03692539271353,141.4778487754693,156.47852330999888,161.81779225253823,78.2974670721087,81.45578794815917,15.153538596481699
person_5.mp4,front,754,12580,59.93419496354917,848,478,132.03057767868216,141.63212974744295,156.29665440413032,162.22443285287667,79.11505503662933,82.44841930221791,14.155965109865276
person_5.mp4,front,755,12597,59.93419496354917,848,478,132.29638487869772,141.7291017657147,156.91239811689888,162.24825834330736,79.4051355857541,82.70482760888427,13.89995641505521
person_5.mp4,front,756,12614,59.93419496354917,848,478,133.8925398645937,142.38599417868733,157.98329792067543,162.02928968270191,80.39632629987314,83.3717927969352,13.639021782648065
person_5.mp4,front,757,12631,59.93419496354917,848,478,134.4528321160531,142.91473124486774,158.4062486916827,162.37027464433757,80.67763887401632,83.44145855534983,13.501323177532177
person_5.mp4,front,758,12647,59.93419496354917,848,478,134.66864048622332,142.5390740332081,159.1873880549432,162.17651826624302,80.4253059398305,82.92558704336534,13.450557667479378
person_5.mp4,front,759,12664,59.93419496354917,848,478,135.21717649922152,142.79256808193176,159.239444882962,162.5257957242835,80.02307802492925,82.22060148762684,14.32413973350247
person_5.mp4,front,760,12681,59.93419496354917,848,478,136.77200224127657,143.11167733563605,159.6944077052656,162.1029861000597,81.14056291479767,82.88461026749209,14.345134290522246
person_5.mp4,front,761,12697,59.93419496354917,848,478,137.6595039104787,143.24414984969266,160.37023362990854,162.09336408975233,81.62687193685186,83.03333693212471,14.155809313277006
person_5.mp4,front,762,12714,59.93419496354917,848,478,138.56455448877992,143.2295113275041,161.7336953836973,162.76193556852985,81.27002543461509,82.10430629293977,14.501923691397689
person_5.mp4,front,763,12731,59.93419496354917,848,478,139.61630315847694,144.05410926506795,161.75818077933914,163.65105592225362,81.9445290176287,82.21322157955899,15.109488473696691
person_5.mp4,front,764,12747,59.93419496354917,848,478,138.87277549183776,143.46149486839076,161.8880501974227,163.72975397299672,81.45147246855956,81.6405181324189,14.819508593874492
person_5.mp4,front,765,12764,59.93419496354917,848,478,138.82487653965515,143.7526988835834,161.51862889550924,164.40574690834944,81.47812396979867,81.49650421768133,15.211178482700364
person_5.mp4,front,766,12781,59.93419496354917,848,478,140.64814963382284,144.59980489113752,162.757112456028,164.8004162096244,82.32434512141604,82.14966837422446,15.005484617045411
person_5.mp4,front,767,12797,59.93419496354917,848,478,140.48366576238055,145.04095788247238,159.50607130288367,163.15185763004914,81.88184381406249,82.00743603056593,18.180348291083302
person_5.mp4,front,768,12814,59.93419496354917,848,478,139.93975439149733,144.79376493184648,159.08081522110925,163.3237866359163,81.99381860487684,82.27347922039266,17.521266561349172
person_5.mp4,front,769,12831,59.93419496354917,848,478,139.9119805740594,145.18252691887344,159.58940128229065,163.6778694655227,82.14899727666165,82.62953608088897,17.113910864231094
person_5.mp4,front,770,12847,59.93419496354917,848,478,138.79160943867123,144.25373632592667,160.0876586301049,163.4972651258944,81.67165597482237,82.00791463095888,16.652108651327588
person_5.mp4,front,771,12864,59.93419496354917,848,478,138.479749520797,143.73624052827572,162.6102971289183,166.10926083736038,81.61998186502974,81.9912970896523,13.553245025507218
person_5.mp4,front,772,12881,59.93419496354917,848,478,138.3786843099406,143.59046412064208,161.5275872860537,165.70234206943846,81.64847787217289,82.00727528220587,14.121593250991493
person_5.mp4,front,773,12897,59.93419496354917,848,478,138.2127249004141,143.60560430393895,161.56759103121644,165.83740908377675,81.60053401172999,82.21869874429981,13.820608409370225
person_5.mp4,front,774,12914,59.93419496354917,848,478,138.20388020208736,143.75813177717774,161.60184508913616,165.73436313288218,81.62273761924145,82.36061798432067,13.81537592662894
person_5.mp4,front,775,12931,59.93419496354917,848,478,138.3897873467399,143.63842882829545,162.15075969800148,165.93875603732204,81.74113669596431,82.41875768168633,13.33177943451292
person_5.mp4,front,776,12948,59.93419496354917,848,478,138.68074238719834,143.84052243359304,162.0971958207095,166.03235551891757,81.91973862412935,82.66381842654599,13.467880871544693
person_5.mp4,front,777,12964,59.93419496354917,848,478,139.10467578761885,143.86645844403895,162.82175105658516,166.38247141958323,82.26820040508217,82.90804096008797,12.909729708567145
person_5.mp4,front,778,12981,59.93419496354917,848,478,139.55649395277018,144.86175826970782,165.34973874817436,167.87750129131777,82.64156997136737,83.70505308440976,10.740025483033797
person_5.mp4,front,779,12998,59.93419496354917,848,478,138.62200024017176,144.7435664747146,164.44987729473954,167.76963165183028,82.69833972638354,83.88831697355292,10.82928290257355
person_5.mp4,front,780,13014,59.93419496354917,848,478,138.68974952941073,144.87600388460672,164.71940700777353,167.53021533884305,82.60527590414968,83.99399357572253,10.77979861796357
person_5.mp4,front,781,13031,59.93419496354917,848,478,138.8845279994554,144.7974078790811,164.57673604038968,167.12973903293351,82.65297582253365,84.03548724995485,11.000723972776186
person_5.mp4,front,782,13048,59.93419496354917,848,478,138.53661587201879,144.32815743509593,164.59981334745757,167.0047549127495,82.0303780449535,83.56184020111459,11.114210677590329
person_5.mp4,front,783,13064,59.93419496354917,848,478,138.89831489812062,144.8481284807973,166.42262410036565,168.98073312942938,82.25044033199408,83.78281238988981,9.071087560892902
person_5.mp4,front,784,13081,59.93419496354917,848,478,138.43377770382,145.02087650399062,165.2959411050741,168.63370093657053,82.4012851889589,84.40151749321994,9.331698842633484
person_5.mp4,front,785,13098,59.93419496354917,848,478,138.18426752964976,144.82475029161887,164.83243280931225,168.1385937410377,82.27488807919025,84.24196203014127,9.743448440345322
person_5.mp4,front,786,13114,59.93419496354917,848,478,138.78843577748523,145.29380035002146,164.80873957924328,168.4527818948359,82.87946664376891,84.86096922367453,9.530996917032747
person_5.mp4,front,787,13131,59.93419496354917,848,478,138.19665706928473,145.18166726515148,165.96897656254592,169.08087746208616,83.1986414792078,85.67852798007905,7.55614440032371
person_5.mp4,front,788,13148,59.93419496354917,848,478,140.6090635803661,146.93493825128863,166.579036849925,170.40258061116748,85.54289227865101,87.88603684675417,6.300442561810288
person_5.mp4,front,789,13164,59.93419496354917,848,478,139.833272966563,146.10093784768097,166.6278691614264,169.51808739742046,84.85361982248888,87.06720041555273,6.666209722707007
person_5.mp4,front,790,13181,59.93419496354917,848,478,139.34370918707873,145.87200407520442,168.66547718264368,171.769484398406,84.84723145196527,87.44681186262702,3.8546449231605955
person_5.mp4,front,791,13198,59.93419496354917,848,478,138.8567342817249,145.6130553656703,167.5326489075331,171.65840167690408,84.79203928014641,87.50384375495038,4.105491478215546
person_5.mp4,front,792,13214,59.93419496354917,848,478,138.48653558261896,145.51336121483868,167.02239398741222,170.15151683123761,84.35353187540669,87.01489959494494,5.27868224346487
person_5.mp4,front,793,13231,59.93419496354917,848,478,138.54653774649975,145.23920109505818,166.88533566232186,169.22154818361656,84.34727799987229,86.79161535050156,5.821177557960448
person_5.mp4,front,794,13248,59.93419496354917,848,478,138.1067858628395,145.36008779059205,165.35813491382052,168.70052815969174,83.84783739750385,86.7523313744245,6.921259885810031
person_5.mp4,front,795,13265,59.93419496354917,848,478,138.0764024520871,145.4693197565621,165.12197734679972,168.4113351240062,83.65435065964864,86.6725285389729,7.251181500408757
person_5.mp4,front,796,13281,59.93419496354917,848,478,137.37731651778267,145.4317728413307,162.67589849811276,167.62928572474874,82.59848889128416,85.72362866080246,9.672288652348882
person_5.mp4,front,797,13298,59.93419496354917,848,478,136.1992457956452,144.50542539550142,161.72728220650782,166.8163147783064,81.56846353325373,84.2348234979704,10.828323895437887
person_5.mp4,front,798,13315,59.93419496354917,848,478,136.5072773919418,145.15347266018662,159.9737266803545,166.49207682886916,81.58389113640914,84.48038376615362,12.532164151846741
person_5.mp4,front,799,13331,59.93419496354917,848,478,134.71695189452973,144.03571620719464,157.87175045827567,163.4104800090313,80.10392146969345,83.15289613330273,15.196108933251764
person_5.mp4,front,800,13348,59.93419496354917,848,478,134.3562255457217,143.93687340610145,158.43839560550583,163.86330434074094,79.8356328956344,82.86310784555937,14.405342420631746
person_5.mp4,front,801,13365,59.93419496354917,848,478,134.5372633519666,143.94829853587902,157.8740045397183,162.28087410905783,79.57790057121119,82.6007524824734,15.857116381631043
person_5.mp4,front,802,13381,59.93419496354917,848,478,135.11899193424688,143.7529480753488,158.93990264424892,162.8917684738538,79.63052547046902,82.46093415622035,15.330252952505415
person_5.mp4,front,803,13398,59.93419496354917,848,478,135.41960452973404,143.88060827340962,158.68581113151066,162.3186763782149,79.18061133439156,82.07146546175532,16.396349451896803
person_5.mp4,front,804,13415,59.93419496354917,848,478,135.33698979905935,143.7471748245077,158.5280230242607,162.0156460210913,78.98351213370896,81.87309224476965,16.534906523647805
person_5.mp4,front,805,13431,59.93419496354917,848,478,135.4410668438618,142.75350942672455,157.5232808464541,160.77700879155896,79.2654156385731,81.52355672317907,17.235780875285652
person_5.mp4,front,806,13448,59.93419496354917,848,478,135.54692678883035,140.46384148906512,154.60476061298283,157.85369972647896,79.36844142554129,80.14135476022282,19.498066351763715
person_5.mp4,front,807,13465,59.93419496354917,848,478,134.07303730645327,137.58668468999448,151.916273796916,154.7391421284066,78.34915472424198,79.6871107862849,21.29465262430781
person_5.mp4,front,808,13481,59.93419496354917,848,478,132.9638679532326,137.0347946436886,151.4651301072437,154.81440600015242,78.23764544921583,80.58923676906196,20.269961079850972
person_5.mp4,front,809,13498,59.93419496354917,848,478,127.5037101609372,131.01655634377394,147.51426279570583,150.9583970464427,75.95408031520927,78.36878663255187,21.003151341994094
person_5.mp4,front,810,13515,59.93419496354917,848,478,126.71366620548113,130.86072912768054,148.31783204056643,150.88429459319198,75.43350032006505,79.03293723174298,19.981211108406015
person_5.mp4,front,811,13532,59.93419496354917,848,478,124.83387577198899,128.36635165429644,146.6934927242867,148.00621676335086,75.50905714252698,79.95462519961586,19.877117045636435
person_5.mp4,front,812,13548,59.93419496354917,848,478,125.72352951717166,127.18972883146648,146.59561429214062,145.5307648473711,76.74568752290395,81.02130783920505,19.64768633031386
person_5.mp4,front,813,13565,59.93419496354917,848,478,126.14740306274423,127.34834026674046,146.50915959642103,144.9132601897681,77.4149381226171,81.72672779320371,19.39402305594504
person_5.mp4,front,814,13582,59.93419496354917,848,478,126.04462828069711,123.90259696009024,146.71423210125525,143.2239400847393,76.93056520267156,80.7371402453913,18.695416859081856
person_5.mp4,front,815,13598,59.93419496354917,848,478,127.57468847808806,125.62028138816044,148.64119183510508,146.13371815446408,77.57425927540251,81.57072609452865,17.013067970417673
person_5.mp4,front,816,13615,59.93419496354917,848,478,127.77816647621978,123.40916477740109,152.14841529359117,148.0979340649075,77.41188910577662,80.71112562504115,13.580355767793666
person_5.mp4,front,817,13632,59.93419496354917,848,478,127.28432789682584,118.4389740524561,157.88364473407177,148.33262826982184,75.45128235888477,78.37948538360317,8.67918999754123
person_5.mp4,front,818,13648,59.93419496354917,848,478,126.36704570297476,114.5840484774457,154.99340884393595,145.40832105246218,74.78358490436536,75.72212221295496,10.794918441356742
person_5.mp4,front,819,13665,59.93419496354917,848,478,123.99287005847826,113.4975099385119,150.47811893676047,140.404391078578,72.16375852568515,76.48869521860338,15.54816259575139
person_5.mp4,front,820,13682,59.93419496354917,848,478,111.43226936217573,95.8999573269494,136.12991221373352,125.3942335874168,70.01771622742508,70.5066326675389,17.661504178741286
person_5.mp4,front,821,13698,59.93419496354917,848,478,100.92821627571175,90.10501534550977,126.41024341781399,122.56691199261836,69.89593954739883,69.9439375255606,15.789095992130548
person_5.mp4,front,822,13715,59.93419496354917,848,478,98.55443961632155,87.90177472388426,124.02572490183286,121.22511349370706,69.39144263889098,69.22651872479655,15.677757203373135
person_5.mp4,front,823,13732,59.93419496354917,848,478,90.15792565618858,83.04958399988513,112.31035935457302,113.28881536267292,70.93464440680555,70.29867853092469,16.274667752580015
person_5.mp4,front,824,13748,59.93419496354917,848,478,88.40541029561854,81.95867023764774,107.10276997827577,108.8332403878227,69.32127819619636,69.46217979248371,21.212255680761274
person_5.mp4,front,825,13765,59.93419496354917,848,478,83.7620263563676,77.25946464158302,97.1161025290232,96.60004140082606,68.8460231324121,68.30612117849951,27.388683221716217
person_5.mp4,front,826,13782,59.93419496354917,848,478,81.15501773059,77.30927415015056,92.56185841767994,94.61224808945076,72.3931421537763,71.36241078282512,25.406944350413298
person_5.mp4,front,827,13798,59.93419496354917,848,478,82.01739972583283,78.25734709616312,93.54345473818587,97.98380811389308,77.00859148156846,74.87916231628463,18.113876990396204
person_5.mp4,front,828,13815,59.93419496354917,848,478,78.3907298164285,75.75735145492442,84.29821403369361,88.70230276677685,74.39219577004525,73.27720864241427,26.956295795218946
person_5.mp4,front,829,13832,59.93419496354917,848,478,74.0740974645235,72.42990837176595,84.62838825714825,87.43387366225555,71.84591600345288,71.04872278067332,26.09281787581624
person_5.mp4,front,830,13849,59.93419496354917,848,478,66.61242946952983,65.34907213646619,77.6279727155747,79.25758639600502,65.24734371690937,65.3075760718528,34.07179525105469
person_5.mp4,front,831,13865,59.93419496354917,848,478,65.36189011364232,65.2411467011543,79.9361075950472,81.8519654596725,65.14340280803604,65.9950702814171,31.081126987247913
person_5.mp4,front,832,13882,59.93419496354917,848,478,62.5554431028082,63.085508375778495,75.26767397430812,78.01111645672381,62.85747025617651,63.60713131733196,35.741064938060205
person_5.mp4,front,833,13899,59.93419496354917,848,478,62.51074083116941,63.31060202865588,72.72556232804367,75.77865827961034,62.049442067321706,62.910992728733085,39.15957456932883
person_5.mp4,front,834,13915,59.93419496354917,848,478,57.722214307911344,59.70897034456395,68.35354713946137,71.27669019833291,59.72768940545418,60.86735460933634,42.43950389495079
person_5.mp4,front,835,13932,59.93419496354917,848,478,52.101677955561264,54.67945861524131,57.94311322847941,60.29722220779889,55.55347560460697,57.284533255463906,51.80474055084499
person_5.mp4,front,836,13949,59.93419496354917,848,478,49.93600146636989,54.09414818146401,51.4278522308605,53.68491722351027,54.74262722282327,57.340299642220685,57.84487693273307
person_5.mp4,front,837,13965,59.93419496354917,848,478,51.35513211039199,55.185686074912844,47.457186700833425,50.35055825078446,55.554241004327146,58.11655937324474,61.88866950434376
person_5.mp4,front,838,13982,59.93419496354917,848,478,46.749529423554655,49.604389331115875,45.15385525257608,46.596216712384184,54.08480308361364,53.45131561934953,63.928114603879514
person_5.mp4,front,839,13999,59.93419496354917,848,478,45.620541683136516,48.06457578170875,42.34540789898846,43.72779754989391,53.62415321017517,52.46027138260199,66.69600547586418
person_5.mp4,front,840,14015,59.93419496354917,848,478,44.22723534226945,46.83288548432115,43.1211904322844,43.96169913117151,51.79646875273404,50.64122815987847,66.28164684456314
person_5.mp4,front,841,14032,59.93419496354917,848,478,45.38672220090078,47.99865511123664,43.99171854004282,45.615769202777926,52.15324321329556,51.48262565346117,65.51700902788481
person_5.mp4,front,842,14049,59.93419496354917,848,478,46.39758291193827,48.46971637116522,45.31621253671823,47.26643390336344,54.028042424584456,52.50866808695075,63.9659979685051
person_5.mp4,front,843,14065,59.93419496354917,848,478,46.98864169829285,49.21339501994779,46.06493980810361,48.507626076822966,53.79784860051555,53.47585646875752,62.820112626586216
person_5.mp4,front,844,14082,59.93419496354917,848,478,46.71685329386863,49.38203602082104,46.825048207040716,49.86701173177662,53.016207459363336,53.80756115230825,61.58257613994823
person_5.mp4,front,845,14099,59.93419496354917,848,478,45.81289654497797,48.99148209990266,45.89110025652622,49.3211571474561,53.44050411612429,53.885970350539075,61.66747412224373
person_5.mp4,front,846,14115,59.93419496354917,848,478,45.84768612398314,48.79740967692293,45.9037293547552,48.975648250835484,54.32708789570023,53.66469175668509,61.62161265268455
person_5.mp4,front,847,14132,59.93419496354917,848,478,45.733252191416234,48.11283999157948,46.141274220997275,49.48816714271113,55.29168516209752,54.3130488918171,60.729623733227115
person_5.mp4,front,848,14149,59.93419496354917,848,478,45.47591534946815,47.5431578349377,45.952852605606566,49.27334282055402,55.276638177496984,54.81249887300437,60.522058036219164
person_5.mp4,front,849,14166,59.93419496354917,848,478,46.39135844983875,48.14541043861104,46.137530156870504,50.100904330229746,56.11450031619696,55.29882929438141,60.57497818892969
person_5.mp4,front,850,14182,59.93419496354917,848,478,46.83362037160072,48.14684380379436,46.6146162785756,49.568823952187685,55.97615565303543,55.77311147528708,60.28711819834124
person_5.mp4,front,851,14199,59.93419496354917,848,478,47.369988168547046,48.333420022660704,46.97177942911185,49.29970593270606,55.96130035587616,56.104731864518264,60.13079427027245
person_5.mp4,front,852,14216,59.93419496354917,848,478,48.075252059129596,49.036054652936286,47.85851723780203,49.99672523869059,56.20433007258923,56.76553191372915,59.47277411256607
person_5.mp4,front,853,14232,59.93419496354917,848,478,47.943404304822316,48.967138710060006,46.72668252235285,49.37554977332881,57.503953971624654,57.565110035275694,59.82198479890207
person_5.mp4,front,854,14249,59.93419496354917,848,478,48.49654542731767,49.65480429803008,46.296537179219534,48.8723377263959,58.64595744441979,59.283193080329625,60.06661762569799
person_5.mp4,front,855,14266,59.93419496354917,848,478,48.47933860196181,49.532742386874716,46.14008185374776,48.59803384204869,58.27416177274846,59.21194250423013,60.19319502813245
person_5.mp4,front,856,14282,59.93419496354917,848,478,48.674010099809266,49.518512871359725,45.80407063327527,48.47754449572078,58.65608717573622,59.55180313142419,60.268247934042726
person_5.mp4,front,857,14299,59.93419496354917,848,478,48.78911094750542,50.99392092885249,46.39120560731404,50.62075350592018,58.532309373789936,60.66289051222148,59.37196422080836
person_5.mp4,front,858,14316,59.93419496354917,848,478,49.48991853345015,51.01169899022682,46.91982019395581,50.62944536342199,59.14833271564706,61.00501866940588,59.14169874343977
person_5.mp4,front,859,14332,59.93419496354917,848,478,50.054300184483985,51.7707766940205,47.24765193903577,51.00998384995361,59.2239485604821,60.8623483379045,59.09543303633824
person_5.mp4,front,860,14349,59.93419496354917,848,478,50.662644703624984,52.0176730804504,47.68114963602807,51.030066559293175,59.25670892841314,60.818353221626175,59.024992314486106
person_5.mp4,front,861,14366,59.93419496354917,848,478,51.21426885142966,52.22643989498577,47.81535499578357,51.243993113406496,59.25467007288046,60.58847430743573,58.9443786774072
person_5.mp4,front,862,14382,59.93419496354917,848,478,50.50587031578937,51.289899577299146,47.39448619387136,51.203302932792504,58.540354155016885,59.1177138395021,59.096072895771115
person_5.mp4,front,863,14399,59.93419496354917,848,478,51.777727861763374,52.55530974110192,47.75966041528491,50.906999358495895,59.350825988933714,59.68254428694025,59.52230934218482
person_5.mp4,front,864,14416,59.93419496354917,848,478,52.07464665062297,52.97242556958433,46.42072887120017,48.57967703848593,58.44842935305803,58.958674348025895,62.02915166122212
person_5.mp4,front,865,14432,59.93419496354917,848,478,51.889515110987716,53.62068692547418,46.63793901751725,48.518591373812356,58.641894518154515,58.314530009333765,62.34054510128963
person_5.mp4,front,866,14449,59.93419496354917,848,478,52.763061753493645,54.46642242746719,47.27315924259418,49.22488228488722,58.83677916365464,58.176295570765106,62.46239423324105
person_5.mp4,front,867,14466,59.93419496354917,848,478,54.67069516466764,55.901227576181796,48.76132348241695,50.13877770170764,59.634189432467885,58.47555418781543,62.35982059648356
person_5.mp4,front,868,14483,59.93419496354917,848,478,55.977468935630725,57.215943083502545,48.1560135080798,49.85417556553414,59.63208060359078,58.300950370842386,63.44998235458998
person_5.mp4,front,869,14499,59.93419496354917,848,478,57.190693573195084,58.876589496154764,49.52554067856225,51.48807232173001,60.78129043606552,59.385773623466726,62.57302675581519
person_5.mp4,front,870,14516,59.93419496354917,848,478,58.160050862719814,59.74908153226078,48.94747312709154,50.997081747485936,60.556248522996924,59.52942561719824,63.50135001880018
person_5.mp4,front,871,14533,59.93419496354917,848,478,61.06431438012411,61.468096245791045,50.96443450180917,52.64324439575333,62.639157627668624,60.451571744768415,62.734340082286856
person_5.mp4,front,872,14549,59.93419496354917,848,478,61.11117369325653,61.94207213720894,50.43477392597348,52.88999691718758,62.541950106988644,60.39217324217811,63.05774489546952
person_5.mp4,front,873,14566,59.93419496354917,848,478,62.414903930024416,63.32581030003239,50.68740050754786,53.50980645739629,63.64560319550229,61.49125619655639,62.47193000600765
person_5.mp4,front,874,14583,59.93419496354917,848,478,63.317139438775826,64.74198379746372,51.922308902784955,55.23371099122732,64.35418881487314,62.48555729997635,61.41378850858934
person_5.mp4,front,875,14599,59.93419496354917,848,478,65.63168226547646,65.92842133532808,54.17769794000526,56.42153661785437,66.19519118621949,63.16955774094631,60.48907291502877
person_5.mp4,front,876,14616,59.93419496354917,848,478,65.30758100281493,66.21226301443124,52.48175511788179,55.492949289575265,65.70217460121559,63.5504261809233,60.04143444284972
person_5.mp4,front,877,14633,59.93419496354917,848,478,64.7526084366055,65.98252314277846,52.106424046927195,55.745597458175865,65.21842334637289,63.54595786588892,59.609771067788515
person_5.mp4,front,878,14649,59.93419496354917,848,478,63.929349977637536,65.28558773175901,53.05840590407377,56.68826843103469,64.36805061936303,63.16013688030728,59.074986635703176
person_5.mp4,front,879,14666,59.93419496354917,848,478,68.36644857740944,68.95057476108357,61.19327422892628,62.463297615819116,67.34956073526551,65.78641532472585,53.72874427547938
person_5.mp4,front,880,14683,59.93419496354917,848,478,69.11005741143303,68.72144758803942,60.7846004255834,63.21247240776121,67.11108639164719,65.48461317035961,53.84321096402696
person_5.mp4,front,881,14699,59.93419496354917,848,478,71.9537575784975,70.99408106734325,68.63922224881125,71.24283641782762,69.2691669334069,67.24989823875048,46.659445149452445
person_5.mp4,front,882,14716,59.93419496354917,848,478,77.11961374990418,72.66800921149681,73.42153156510228,75.01219416056033,73.53878131741065,68.2384555496537,44.041212264236776
person_5.mp4,front,883,14733,59.93419496354917,848,478,82.93625790014472,80.51727760080115,85.66552425610891,87.11891810439379,74.95650534979401,72.78695378618305,36.25760364526624
person_5.mp4,front,884,14750,59.93419496354917,848,478,80.9454217533835,78.32951524064484,93.2515268261877,94.69963150647845,72.94405478694061,71.24968533471946,28.204143654493308
person_5.mp4,front,885,14766,59.93419496354917,848,478,86.3058396889641,82.32683210618247,106.03816346503379,106.10650820023103,75.48344960609457,73.35313000836179,18.952230997130993
person_5.mp4,front,886,14783,59.93419496354917,848,478,92.44669032039113,87.3345264587902,124.52447286091586,120.96653015551973,79.55491529054596,76.6099854952072,4.997722444917585
person_5.mp4,front,887,14800,59.93419496354917,848,478,100.32548222050907,91.18835654821719,136.73718349864487,129.83380115994834,84.25911807979189,79.477411668828,4.976442458722684
person_5.mp4,front,888,14816,59.93419496354917,848,478,107.5004637259789,97.09854375736634,149.56926312613257,143.43872317363335,85.39113991969944,81.21334144122356,12.026326269272943
person_5.mp4,front,889,14833,59.93419496354917,848,478,105.20236219529447,96.59000214982188,148.6223189162937,141.8370344799948,83.17508814704372,79.74574509146325,10.707816822916636
person_5.mp4,front,890,14850,59.93419496354917,848,478,108.58743909826967,101.40070333651606,149.76548661377097,147.80540862020624,83.36579477831312,80.0452238708642,10.32154432828325
person_5.mp4,front,891,14866,59.93419496354917,848,478,117.30621237770019,105.2244116055859,162.3135785992954,155.8983594771602,83.77698588872592,79.7888289367873,14.769240721237672
person_5.mp4,front,892,14883,59.93419496354917,848,478,118.62610311495892,107.03186989608378,163.70570274124518,158.66868124619333,80.69019835738145,77.86865372534531,12.926498383978558
person_5.mp4,front,893,14900,59.93419496354917,848,478,120.72221791670488,108.1576356512789,164.0168558590864,157.01790904498287,79.06685190452104,76.57765782303892,9.614318473638184
person_5.mp4,front,894,14916,59.93419496354917,848,478,120.81866404658268,115.60575525986643,161.79287511035955,161.73222001338746,78.5053650167416,77.9401473783918,6.5465835914138415
person_5.mp4,front,895,14933,59.93419496354917,848,478,123.40706346910873,121.07738862756565,161.47970512163428,163.26971243113184,81.25413408859808,81.26113876889447,5.802226594083427
person_5.mp4,front,896,14950,59.93419496354917,848,478,128.03284572742297,127.15438946328453,167.46575091897947,171.97829579792955,82.68419307846764,83.35154466432498,11.419460887640561
person_5.mp4,front,897,14966,59.93419496354917,848,478,126.96931497548913,129.58006053272965,167.36637367038477,171.41030466698862,80.2544479893585,81.16302090400113,7.699121306065272
person_5.mp4,front,898,14983,59.93419496354917,848,478,127.6480450925241,130.0511163353029,167.01733064571226,170.18367792746665,79.91892267113901,80.726647315679,5.49675604300928
person_5.mp4,front,899,15000,59.93419496354917,848,478,128.3765312894871,132.8095618758685,165.9961867978879,169.88166886903429,81.50929994890247,82.3464758837803,4.331599755349543
person_5.mp4,front,900,15016,59.93419496354917,848,478,130.2406445430081,133.4484231490524,165.80561394134625,167.94966666447783,81.49463503850072,82.38251659564453,2.1647957630262358
person_5.mp4,front,901,15033,59.93419496354917,848,478,131.19357205572481,136.57436108272964,165.6951115567347,170.5510771736733,82.18313345725254,82.83520965420895,2.113531405402459
person_5.mp4,front,902,15050,59.93419496354917,848,478,132.3908265915316,135.92555911014375,168.23545850912,170.97229836722087,81.16124685489594,81.63823431890184,2.672227997994289
person_5.mp4,front,903,15067,59.93419496354917,848,478,135.92648111843454,137.9797335736854,168.4274943854928,170.76206863982645,83.2232259979714,82.95379966337491,2.085001411091371
person_5.mp4,front,904,15083,59.93419496354917,848,478,134.83867675614687,139.38941233753715,168.3886341324699,171.3065804917007,83.32592579941553,83.93311483689324,2.3869997432012653
person_5.mp4,front,905,15100,59.93419496354917,848,478,133.69541669647882,141.36727433443411,166.89971516717145,173.00522323650833,82.0378139638061,83.11315302951843,1.9809406010494914
person_5.mp4,front,906,15117,59.93419496354917,848,478,132.60954168236495,140.8246060569303,166.68009757653599,171.85167857309946,82.13623568240114,83.61025853409159,1.9461480166079712
person_5.mp4,front,907,15133,59.93419496354917,848,478,130.0947090228123,140.0135827651134,165.61885440095435,171.08610405050527,81.08602777370915,83.09199191308326,2.1644863622033577
person_5.mp4,front,908,15150,59.93419496354917,848,478,128.57503086614554,140.09857169889122,165.2615344601455,171.02581135730904,79.91914661565048,82.5128266034031,2.3748364736109546
person_5.mp4,front,909,15167,59.93419496354917,848,478,129.6620897851584,140.22838258811777,166.6874511982733,171.3632265166055,80.07056423892433,82.46110811956139,1.9971646754783654
person_5.mp4,front,910,15183,59.93419496354917,848,478,128.69374141295617,140.07589331470652,163.19055907062142,171.06874788489029,79.4193647918616,81.46564590934506,4.412779558982955
person_5.mp4,front,911,15200,59.93419496354917,848,478,129.98325839555042,141.04944499394134,161.35503954495536,169.80704612058707,79.34203130068192,80.53590811762473,7.794650278629576
person_5.mp4,front,912,15217,59.93419496354917,848,478,130.39687190774285,141.64473748158886,160.9173765555491,169.0380071723817,79.7545264104186,81.58480334676219,8.246816755619227
person_5.mp4,front,913,15233,59.93419496354917,848,478,131.16158246053746,141.28930694087458,161.06957100722352,167.5647123814189,80.84509638288529,82.79786203775473,8.101016037663513
person_5.mp4,front,914,15250,59.93419496354917,848,478,131.62902668066695,141.16586455329286,162.54021297113965,167.6405896128655,80.36558204258944,82.43001872460152,7.857652676924174
person_5.mp4,front,915,15267,59.93419496354917,848,478,132.22366143556525,141.34244863610934,163.39514903035922,168.2080985544248,80.53516258763187,82.38031494020142,7.547571969628296
person_5.mp4,front,916,15283,59.93419496354917,848,478,131.72357986735983,142.124088360864,161.91441419369883,168.8870559393843,80.52524235204781,82.5651845978036,8.35102745042963
person_5.mp4,front,917,15300,59.93419496354917,848,478,131.54843732239692,141.86538307702665,162.00351898736182,168.30947554929975,80.41242014223327,82.73828039045635,8.223982228285335
person_5.mp4,front,918,15317,59.93419496354917,848,478,133.63746307780173,142.64411624264352,163.19489483183727,168.7480400600287,80.9370217144145,82.91079571132795,8.237679352808778
person_5.mp4,front,919,15333,59.93419496354917,848,478,133.26822526906722,142.17643199457044,162.9381844198624,167.95842623313084,81.16058845428901,83.14551981602467,8.026806662502137
person_5.mp4,front,920,15350,59.93419496354917,848,478,133.68233162297952,141.35468891962915,163.94763236749367,166.9672473705611,80.81697655222364,82.57803208086517,8.306684761267906
person_5.mp4,front,921,15367,59.93419496354917,848,478,134.36517834208155,141.09731699509,164.7947941402898,166.3325701587151,80.46462068527693,81.84099749057874,8.840892307876397
person_5.mp4,front,922,15384,59.93419496354917,848,478,133.03238308038456,140.43217586215746,163.02320054473606,165.18204447083804,79.99821057455637,81.31061285748052,10.154717524068214
person_5.mp4,front,923,15400,59.93419496354917,848,478,132.59556868019365,140.81077217414423,160.3541771121214,165.12217931530606,79.27447007123178,80.14965659240906,12.673398248111425
person_5.mp4,front,924,15417,59.93419496354917,848,478,133.03158107632638,140.91474553046933,160.52234658546405,163.97592025981007,79.17098033049473,80.08164679635432,13.597630036081407
person_5.mp4,front,925,15434,59.93419496354917,848,478,133.80622286294687,140.84537520968075,162.49451276857965,165.07983825186153,79.03873664556069,79.94666637254483,12.434942138868761
person_5.mp4,front,926,15450,59.93419496354917,848,478,132.71983010597648,140.50179174507926,159.9378906537961,163.95312269432424,78.58301881843533,79.19220929160605,14.302488233539963
person_5.mp4,front,927,15467,59.93419496354917,848,478,133.92746901347468,141.31979528967287,161.3908235054129,164.89993488795577,79.35661467842836,80.2457308336224,13.083954613355724
person_5.mp4,front,928,15484,59.93419496354917,848,478,135.3375734411658,141.61090532399817,162.843559485827,164.2405414472879,79.87423061237959,80.80813981300831,13.27653342856787
