video,view,frame,timestamp_ms,fps,frame_width,frame_height,left_knee_angle_deg,right_knee_angle_deg,left_hip_angle_deg,right_hip_angle_deg,left_ankle_angle_deg,right_ankle_angle_deg,trunk_angle_deg
person_12.mp4,front,0,0,59.93021113940909,848,478,148.5272576879841,147.3422816716538,173.16840654442194,169.9695572907053,77.50097527413517,80.25170221407754,12.689754059262425
person_12.mp4,front,1,17,59.93021113940909,848,478,157.296203530288,151.43504813271903,175.54027076382525,170.13824042907873,79.92343355529025,82.59210874814936,16.052961245694824
person_12.mp4,front,2,33,59.93021113940909,848,478,159.67156076011446,152.57105408631645,175.47908078699956,170.02957023732193,81.02990684448136,82.50180347388493,17.222493297996834
person_12.mp4,front,3,50,59.93021113940909,848,478,160.73949882735636,154.39582298283236,175.52556878965046,171.33387013903686,81.77706449114716,82.99723664694393,17.86836816254873
person_12.mp4,front,4,67,59.93021113940909,848,478,162.8566921432884,154.7519658423119,175.53107804619503,171.15301120991532,82.96367312585261,82.8509758779222,18.714139027747418
person_12.mp4,front,5,83,59.93021113940909,848,478,160.98547301245574,154.06307540371643,175.5776136655493,172.4765033658821,82.2043403221121,81.20233197391136,17.99653201822546
person_12.mp4,front,6,100,59.93021113940909,848,478,161.43271340668804,154.86354710109643,175.56304714045328,172.58212931235482,82.44405673712785,81.66878917071958,18.13030488335353
person_12.mp4,front,7,117,59.93021113940909,848,478,162.17692295428702,154.64394780348755,175.42657667021476,172.40865762579804,83.97765814995408,81.42237819427508,17.935942707966515
person_12.mp4,front,8,133,59.93021113940909,848,478,162.014951597202,154.6317863536632,175.36614150782717,172.49783322590622,84.13249781854297,81.56491044278506,17.67464282879844
person_12.mp4,front,9,150,59.93021113940909,848,478,161.85140604615606,154.4022417982172,175.27550848315366,172.2244481378428,83.91935363157808,81.64026712880687,18.125906480164772
person_12.mp4,front,10,167,59.93021113940909,848,478,161.56820379747722,154.07642191169856,175.4398043396986,172.6326838244852,83.66768451360124,81.04728758664739,17.968693130438975
person_12.mp4,front,11,184,59.93021113940909,848,478,162.6381213133365,155.23012118166542,175.50180949049496,173.32937011719073,84.42646022011905,81.75724746702646,18.42416981034993
person_12.mp4,front,12,200,59.93021113940909,848,478,159.45866038335595,154.33192009044893,175.4692672845571,173.32850456074695,81.88572013388044,80.49091590156783,18.215557126229214
person_12.mp4,front,13,217,59.93021113940909,848,478,160.48414609394817,155.6381159582451,175.44948189532835,173.65487515196025,82.32966803203585,81.48464034159814,18.787734582131336
person_12.mp4,front,14,234,59.93021113940909,848,478,160.78759950016467,154.97891985018646,175.58181332354633,173.41383284858574,82.29840711965622,80.98088292183566,18.440440756039276
person_12.mp4,front,15,250,59.93021113940909,848,478,160.08940004800687,153.99624101612673,175.54779992028116,173.14900439331365,81.53081674023858,80.20317612062232,18.415749948863336
person_12.mp4,front,16,267,59.93021113940909,848,478,160.70310799882455,154.49786965799888,175.5742648496943,173.28757429901478,82.08320352544872,80.7100860768485,18.64091712815912
person_12.mp4,front,17,284,59.93021113940909,848,478,160.3336724802735,154.23698493540604,175.5612910342884,173.15509136078225,81.77275011715633,80.62160925111081,18.518671036841894
person_12.mp4,front,18,300,59.93021113940909,848,478,160.29560456887296,154.66942292804907,175.5787213212114,173.32036162443512,81.23814510211706,80.36177729280054,18.503763692186574
person_12.mp4,front,19,317,59.93021113940909,848,478,160.35763071041706,154.67479217860586,175.59200922350914,172.95103543645595,81.20295668843754,80.4112372535646,18.785352088320273
person_12.mp4,front,20,334,59.93021113940909,848,478,161.32891370640135,155.03187648632775,175.59289338693918,172.89488969620683,81.63243469313683,80.52449913812964,18.85668540880416
person_12.mp4,front,21,350,59.93021113940909,848,478,162.2111303432646,154.94638159618358,175.58777455331125,172.80933160620097,82.31925356810335,80.62421073341953,18.923393430353112
person_12.mp4,front,22,367,59.93021113940909,848,478,161.1572240002863,154.5759191073513,175.57684980072858,172.50515015262553,82.19588168653594,80.6057452464464,18.860300832117584
person_12.mp4,front,23,384,59.93021113940909,848,478,160.02303660185484,153.4278466494789,175.51162825337173,170.20625538572708,80.514471237754,80.75749218697112,19.102517417552026
person_12.mp4,front,24,400,59.93021113940909,848,478,162.02166081187707,154.06984353012223,175.581681533111,170.66169320666924,82.12415804159846,81.3751306207338,19.1604239724758
person_12.mp4,front,25,417,59.93021113940909,848,478,162.30079348432477,154.06564103305536,175.46212424339015,170.0399872625884,82.24741063476563,81.88059130456043,19.37993353168948
person_12.mp4,front,26,434,59.93021113940909,848,478,162.51959738072966,154.24328512083443,175.59248713681026,170.01081390824098,82.54747856244222,82.35900094278288,19.796992210008373
person_12.mp4,front,27,451,59.93021113940909,848,478,161.74099187380426,153.82516847750088,175.55142450611044,169.8549835565373,82.0832231955923,81.98842825768685,19.749488829271257
person_12.mp4,front,28,467,59.93021113940909,848,478,160.4970042245726,152.95288444034597,175.5350980611284,170.12352087602264,81.00896351206259,80.75001055268598,19.674932224577606
person_12.mp4,front,29,484,59.93021113940909,848,478,159.2582773487874,152.34439139297598,175.51758800297577,170.56334167017027,80.2225679788304,79.61912848864947,19.48006478434338
person_12.mp4,front,30,501,59.93021113940909,848,478,158.39210562388442,152.11491252719574,175.41175063438354,170.774583729847,80.17138019595212,79.5972111531749,19.448706221605992
person_12.mp4,front,31,517,59.93021113940909,848,478,158.14123999316064,152.06528223400122,175.35338524695985,170.90031929650803,80.0391732335188,79.35253382740885,19.41257915463952
person_12.mp4,front,32,534,59.93021113940909,848,478,162.38084660259756,154.70351240791777,175.03749923413102,170.096892754611,82.14881471630757,82.35133061278164,19.606879259030073
person_12.mp4,front,33,551,59.93021113940909,848,478,163.5939749012077,154.91014345037874,174.84554787398307,170.21858917286696,83.06854068260502,82.49309831766512,20.132358242876574
person_12.mp4,front,34,567,59.93021113940909,848,478,163.90408141069014,154.1203092907032,174.82802049833504,168.97976823360213,83.26910750484836,82.39343859833994,20.114004606539293
person_12.mp4,front,35,584,59.93021113940909,848,478,162.77367135934202,153.15612651814513,174.85215357735675,168.93599345921854,83.0595357227559,82.01884850384755,19.86570314508548
person_12.mp4,front,36,601,59.93021113940909,848,478,162.89221283023937,153.27614400004063,174.75184531855683,169.54514838525094,83.16238417735023,81.79612669740874,19.683955097041714
person_12.mp4,front,37,617,59.93021113940909,848,478,162.18239025321245,152.60365289606648,174.7329868573858,169.39638832789012,82.9729854072338,81.40489195336183,19.535804362848783
person_12.mp4,front,38,634,59.93021113940909,848,478,162.33564595138554,152.95228973468974,174.7156736702044,169.73155640825757,83.3647655685312,81.33971353886345,19.556852128889666
person_12.mp4,front,39,651,59.93021113940909,848,478,162.52975462492404,153.00456188446776,174.685885256929,169.88911499431947,83.42337958392031,81.33875093251359,19.47721409140014
person_12.mp4,front,40,667,59.93021113940909,848,478,162.25892595177345,152.30876978679566,174.65886978010926,169.48556102624124,83.40031647618848,81.02307697865989,19.462334147947324
person_12.mp4,front,41,684,59.93021113940909,848,478,159.89681121604832,150.993816920244,174.74597977038744,169.60364499090858,82.34580311553326,79.99873897907939,19.51951981351865
person_12.mp4,front,42,701,59.93021113940909,848,478,159.68102115691656,151.5834183660547,174.7010166871045,169.02832162955656,82.46159040391646,80.97727012640621,19.465064505707495
person_12.mp4,front,43,718,59.93021113940909,848,478,158.86271306451818,151.7447372254734,174.614273119755,169.17366611384463,81.58996197482004,81.11605585799715,19.56421423089184
person_12.mp4,front,44,734,59.93021113940909,848,478,158.7703808156519,152.105233747744,174.55986883445559,169.22522018939532,81.57104726095841,81.49170246707162,19.42648131613022
person_12.mp4,front,45,751,59.93021113940909,848,478,159.31049181045165,152.86188398552943,174.4626501431662,168.93765561371455,81.68533074467858,82.4163444535175,19.393958480584786
person_12.mp4,front,46,768,59.93021113940909,848,478,157.9045308943427,151.97514058371246,174.4220882118454,168.73548186823356,80.86929219489426,81.977085231443,19.343604996452033
person_12.mp4,front,47,784,59.93021113940909,848,478,157.84636532804745,151.83745960676592,174.36363366975093,168.77232574984177,81.07952662008768,81.98893307790273,19.357423673070222
person_12.mp4,front,48,801,59.93021113940909,848,478,156.2619453675766,150.77674672911442,174.319699020311,168.34944074855045,80.45426076073188,81.47584478987572,19.28665092367255
person_12.mp4,front,49,818,59.93021113940909,848,478,156.63116986141569,150.226696897801,174.3131085614827,167.5448896180187,80.34231608576592,81.13009860552621,19.41126413533713
person_12.mp4,front,50,834,59.93021113940909,848,478,152.61838100225944,147.44841539696054,173.64688820069426,167.68653742508852,78.86995984402891,78.64887271629753,19.399416744908073
person_12.mp4,front,51,851,59.93021113940909,848,478,155.2473659526396,148.70295048408784,174.04229233263536,167.89391221526887,79.99787150573168,79.3254559233996,19.59685706540326
person_12.mp4,front,52,868,59.93021113940909,848,478,150.79925012754308,146.07547846947602,172.70562451880915,167.98402376059093,78.43635450853223,77.05605091002666,19.490542970607567
person_12.mp4,front,53,884,59.93021113940909,848,478,150.65807908273356,146.56209757991178,172.62375668429178,167.9700198822963,78.46210463109834,77.42808411669311,19.6951616008686
person_12.mp4,front,54,901,59.93021113940909,848,478,149.3324345019443,146.17102149865022,172.01236055540923,167.95281680916594,78.35800028124017,76.58032451797934,19.752865886416
person_12.mp4,front,55,918,59.93021113940909,848,478,150.06096867090065,146.66317468771106,172.18695763854075,168.0447743381589,78.74008666993464,77.14051804095192,19.760510446162716
person_12.mp4,front,56,934,59.93021113940909,848,478,149.79074836091016,145.95701281254185,172.0185357139288,168.5030599162588,78.78411866226327,75.78285013176445,19.879453894435752
person_12.mp4,front,57,951,59.93021113940909,848,478,150.12353818126226,146.94470333050276,170.67930791434586,168.98200755073663,79.87913570537665,76.38916102723626,19.87912001412611
person_12.mp4,front,58,968,59.93021113940909,848,478,149.2285221006524,146.5041473084863,170.31431486328802,168.8686448061228,79.58131928165473,75.67038465091974,20.06566264067537
person_12.mp4,front,59,984,59.93021113940909,848,478,149.73416641341234,147.1180653522682,170.18812118126309,169.12212712403561,80.75323334046779,76.33516529184396,19.6418210535961
person_12.mp4,front,60,1001,59.93021113940909,848,478,147.9046003835751,146.47952519293045,169.05398736292378,169.71655126375416,80.44016262692057,75.58307058692782,19.629391212611985
person_12.mp4,front,61,1018,59.93021113940909,848,478,146.77915488893433,146.97900243656565,168.36753412205368,169.70605056656444,80.84285301636461,76.11158913139413,19.215909598169446
person_12.mp4,front,62,1035,59.93021113940909,848,478,145.9033228272868,147.3072331177418,167.40808999014706,169.76467889117947,80.84286599214687,76.476410652972,19.188102447043725
person_12.mp4,front,63,1051,59.93021113940909,848,478,146.02966389826648,147.35541586728564,166.93717072865718,170.79453395707404,80.54523249546602,75.78550771818176,19.81824312810938
person_12.mp4,front,64,1068,59.93021113940909,848,478,146.37296866277532,148.04067281177572,167.1425086745456,170.70347561999807,80.48449107821226,76.34353473248568,19.88963523381525
person_12.mp4,front,65,1085,59.93021113940909,848,478,146.70205868799857,147.98706199961714,167.41899322080857,170.6524304638343,80.92084601201537,76.28832761229665,19.83261584613052
person_12.mp4,front,66,1101,59.93021113940909,848,478,144.01673786734392,147.23212233895208,165.6376198170367,169.9376651242881,80.47203983621763,76.48470682271818,19.872779614886674
person_12.mp4,front,67,1118,59.93021113940909,848,478,145.32246657379451,147.64116311430809,166.4270997215128,169.40736710404272,80.63309824470096,77.5771950840481,19.979537356421673
person_12.mp4,front,68,1135,59.93021113940909,848,478,146.85959969828323,148.36037054889337,166.11420696831104,168.64557874951402,81.44493525522294,78.69378505655206,20.644618505715027
person_12.mp4,front,69,1151,59.93021113940909,848,478,150.8223027812004,150.69077094287655,167.16028772199905,165.21711681944893,84.20462651890844,83.97076884037186,19.777321839334512
person_12.mp4,front,70,1168,59.93021113940909,848,478,151.18104273062374,144.12062178527054,167.13388170966377,158.3366073126549,84.90986256808247,84.82199649517592,19.29410743069415
person_12.mp4,front,71,1185,59.93021113940909,848,478,137.47344918085994,134.65697055101217,153.45206096764474,150.79048030193604,84.86936722439641,83.35675120306496,19.71110046957928
person_12.mp4,front,72,1201,59.93021113940909,848,478,121.05745524732993,125.69913421524765,135.84117890866906,143.32145789795067,82.7265650910752,79.29548734614396,21.23930563704971
person_12.mp4,front,73,1218,59.93021113940909,848,478,108.75151910899957,114.39796900819213,125.51263908565596,133.79161053147706,79.62700951577047,76.7403483046101,22.169845729218938
person_12.mp4,front,74,1235,59.93021113940909,848,478,109.16228993538974,116.20369195323451,125.2588723348167,134.2013818050714,80.26208878650051,78.0703054045638,22.198662407897665
person_12.mp4,front,75,1251,59.93021113940909,848,478,100.89458820745212,110.43066721588251,117.31780606685628,130.40322761285776,77.02357420742787,74.90344143918564,23.272031097846483
person_12.mp4,front,76,1268,59.93021113940909,848,478,92.09027135737897,99.04137389515118,109.58027388549348,119.54236870873612,74.53258443897994,72.78747435908018,24.267783434004606
person_12.mp4,front,77,1285,59.93021113940909,848,478,92.99525397446477,100.87579018445051,113.77026450101792,123.77288689879565,75.97613559100962,76.04458529718826,20.53392261377176
person_12.mp4,front,78,1302,59.93021113940909,848,478,96.21706503110794,99.57973899844501,118.61167331002424,124.01445922418533,77.85544375791474,77.61227314511781,17.405316319865978
person_12.mp4,front,79,1318,59.93021113940909,848,478,85.27124820344139,88.09843829143713,111.05570617874031,114.02710713436288,73.35812748302044,73.0901727075909,18.38907062680462
person_12.mp4,front,80,1335,59.93021113940909,848,478,87.36795162918135,88.1150154400008,111.00803673688449,111.47402427593724,74.28181924501358,73.93856418932474,20.226939591743587
person_12.mp4,front,81,1352,59.93021113940909,848,478,88.9931982279378,87.35651253334636,108.90661573843889,108.29786415381358,76.78940892946939,75.92624310911505,20.247076304562267
person_12.mp4,front,82,1368,59.93021113940909,848,478,84.32556579077286,84.6343378664105,106.61972922457689,106.76548871714868,74.95028366646874,74.56415183726976,20.540035631306502
person_12.mp4,front,83,1385,59.93021113940909,848,478,82.81281434715348,82.3053492294037,103.8806384153214,103.88815989992739,76.31483460064536,75.50484329486991,19.809132465060173
person_12.mp4,front,84,1402,59.93021113940909,848,478,81.11422781485354,81.81600342914541,101.30189931697404,102.24102484550863,76.88129302173517,76.16509839227679,20.048635770583882
person_12.mp4,front,85,1418,59.93021113940909,848,478,82.05214898468991,82.67509270725124,100.74674544541033,102.87711531569126,78.75990398312034,77.6859186060181,19.149217061365793
person_12.mp4,front,86,1435,59.93021113940909,848,478,77.33895308986347,77.30997676677218,83.34599196418382,87.18933216174796,75.18119715849457,73.69740854701607,32.14082350774981
person_12.mp4,front,87,1452,59.93021113940909,848,478,77.08349701326128,76.8806848731899,84.31721004903368,86.88528329421321,76.96334948453723,75.67188499932391,30.232715341065
person_12.mp4,front,88,1468,59.93021113940909,848,478,80.09532468718258,80.09009251926882,88.57165440745541,94.57651377975411,80.28054811599569,78.31449680812395,25.461476305356943
person_12.mp4,front,89,1485,59.93021113940909,848,478,76.42902008990669,78.0703764962315,86.49671672434064,91.81114641109684,77.38394630965345,76.0041311709542,27.096216919765556
person_12.mp4,front,90,1502,59.93021113940909,848,478,77.60308976699248,78.33957374080943,86.69924993222004,91.00380777199956,79.12147763930885,77.12139962720705,26.803244495877717
person_12.mp4,front,91,1518,59.93021113940909,848,478,72.1097042035566,74.248770623928,84.99439765101688,88.72616235235327,74.80917415676406,73.4064696247709,28.141981649342487
person_12.mp4,front,92,1535,59.93021113940909,848,478,76.37447784457376,77.65300188807711,87.70538804411402,93.37987622652822,78.57264425705586,76.33555827269527,25.033065849140034
person_12.mp4,front,93,1552,59.93021113940909,848,478,69.3840604742245,71.89334822476597,75.91308347959615,80.56473371260498,72.16200248847943,70.19510553688461,36.413289156213175
person_12.mp4,front,94,1568,59.93021113940909,848,478,69.59787592549937,70.15641219664131,72.13514670474956,76.1579452221967,72.44220521471856,68.48146249559159,41.244368711362846
person_12.mp4,front,95,1585,59.93021113940909,848,478,66.08376768449376,67.79339340985669,67.08234340864817,71.79052224575722,68.78239012527486,65.76026965915723,44.92700782323967
person_12.mp4,front,96,1602,59.93021113940909,848,478,61.12374169096713,65.58763106377528,61.083230832865894,66.5887633061271,65.31911597437454,65.49083368707174,49.7635301431156
person_12.mp4,front,97,1619,59.93021113940909,848,478,63.22926498741206,66.19021399259209,61.56304612740423,65.93502789610989,67.31654566381954,66.06288423354506,50.45552182447357
person_12.mp4,front,98,1635,59.93021113940909,848,478,63.06651535962382,65.27307753302654,63.510446653390055,69.12825291415562,67.42220500548251,65.0645029259642,47.07901060658393
person_12.mp4,front,99,1652,59.93021113940909,848,478,66.1920925218679,68.33844994303853,72.74136112634847,77.94830508058615,70.32389111026052,69.0817494646825,38.77877824832865
person_12.mp4,front,100,1669,59.93021113940909,848,478,65.66952072007712,66.13784077110449,69.40787616431501,73.33874503786782,70.38343717857008,67.77628731730621,41.99269285264423
person_12.mp4,front,101,1685,59.93021113940909,848,478,65.17759127485097,65.80350785123623,69.41131396030013,73.15464178802839,70.81653488038125,68.10099973393868,41.543525719046876
person_12.mp4,front,102,1702,59.93021113940909,848,478,59.88857350734957,62.259116514583305,64.9559270213426,68.80729804945867,67.40075955008146,65.7231021118262,44.27555616408904
person_12.mp4,front,103,1719,59.93021113940909,848,478,63.04233424343262,64.08817832238594,72.05539922371989,74.71951538333894,71.59482261885316,69.71360058321267,37.70863557302961
person_12.mp4,front,104,1735,59.93021113940909,848,478,58.8983785975574,60.32019286202529,69.53198082389588,71.87734447935699,68.41696671727004,66.70886599875728,39.01254803909329
person_12.mp4,front,105,1752,59.93021113940909,848,478,59.29887603973259,59.79853637594643,70.61963768574823,72.42422976931446,69.3134535146333,66.01297632225366,38.24619368573578
person_12.mp4,front,106,1769,59.93021113940909,848,478,62.90856951258007,59.75712524648663,87.86378489681309,89.08608673270531,75.91298118684539,68.34125390860703,21.678908586376956
person_12.mp4,front,107,1785,59.93021113940909,848,478,60.87607157680442,59.72980555642699,82.09789860408857,83.88540288048401,74.0429131180072,69.85260593622789,26.67299058703336
person_12.mp4,front,108,1802,59.93021113940909,848,478,62.94522238007553,63.64115911635526,98.84007505372035,104.11082488258658,77.83645657533934,75.06876540449242,8.295244740806533
person_12.mp4,front,109,1819,59.93021113940909,848,478,62.061773188838316,62.307545832678606,91.40942888827855,95.87574253002994,79.39883499386787,77.7378438488939,16.22847995939761
person_12.mp4,front,110,1835,59.93021113940909,848,478,61.05342506581013,60.6782664409132,87.34708817499423,91.34429096488621,78.59432713517626,77.6538067017756,19.96572761976999
person_12.mp4,front,111,1852,59.93021113940909,848,478,52.17064971371457,52.6532015051445,60.33597401794448,63.59223228545338,68.75619405537182,67.2258882921688,45.47909985223134
person_12.mp4,front,112,1869,59.93021113940909,848,478,51.778364951873435,52.10049137036903,63.7171077783305,66.40713608399918,67.2731630913591,66.71726825263697,42.6504490388851
person_12.mp4,front,113,1886,59.93021113940909,848,478,50.23497014583404,50.70743027613211,64.23091245365949,66.64510894258038,65.52902066748281,65.80030362827927,42.25881073008925
person_12.mp4,front,114,1902,59.93021113940909,848,478,48.50576337455408,48.478105125421564,58.89240256634449,61.61872194289448,63.03568715399882,63.8833118531448,46.14861201356808
person_12.mp4,front,115,1919,59.93021113940909,848,478,45.95155118525335,46.75808946835254,51.69725121890382,54.2091915579658,59.882042855910065,62.401916080033445,52.44439711091823
person_12.mp4,front,116,1936,59.93021113940909,848,478,45.13125456004769,45.42192263533598,50.83576378152316,52.34993217119112,59.419941472573505,61.61971183224714,53.092210085814166
person_12.mp4,front,117,1952,59.93021113940909,848,478,45.09708217547027,45.405282947801325,51.14922792787496,52.894688609880056,59.949632986184355,61.66352163907922,51.96427614717972
person_12.mp4,front,118,1969,59.93021113940909,848,478,44.37236427950552,44.55002824677854,47.564398039394575,48.71278347931533,59.23282720596774,60.85702173630564,55.63353985087185
person_12.mp4,front,119,1986,59.93021113940909,848,478,44.34259139576128,44.53438299084465,47.9547955759289,48.586279135238556,59.40401323894011,60.773166914693775,54.87836476320704
person_12.mp4,front,120,2002,59.93021113940909,848,478,43.94523305529498,44.65446562331059,48.48682542750976,49.1186943164317,59.265174812309674,60.969313388766636,53.87887833180691
person_12.mp4,front,121,2019,59.93021113940909,848,478,43.00607445379488,43.37989393741105,45.53428751395692,46.210176542748265,58.52111043258422,59.99880672972866,56.52164393358153
person_12.mp4,front,122,2036,59.93021113940909,848,478,42.046915163830064,42.48896523668933,43.34560731019349,43.33464429775628,57.07234956166743,59.053363919693105,58.686108901329
person_12.mp4,front,123,2052,59.93021113940909,848,478,43.302030955031356,43.46707673082107,43.71702121763515,43.531909335254376,58.32687891006703,60.33593186902884,58.28390051261691
person_12.mp4,front,124,2069,59.93021113940909,848,478,43.82954478874006,44.38798912620751,42.981152610497176,43.15474460302466,59.18691931521485,61.46575298519599,58.155203656100845
person_12.mp4,front,125,2086,59.93021113940909,848,478,43.07308448371667,43.89508295660647,42.85290137988299,42.468795006333785,58.882748443718626,61.348446556927215,57.94054523628155
person_12.mp4,front,126,2102,59.93021113940909,848,478,41.84737300794247,43.1589942987401,41.91437685879566,41.289494767117574,58.71370949300174,61.54492799108988,58.40403691995886
person_12.mp4,front,127,2119,59.93021113940909,848,478,40.98319232099123,42.4398085285374,42.25263814020031,41.26642492665199,58.394744890904306,60.93286804781057,58.10323509547704
person_12.mp4,front,128,2136,59.93021113940909,848,478,41.210523324342944,42.27682317631879,40.99899377317726,40.75776885496485,58.50981484851766,61.33123478160886,58.35538889086167
person_12.mp4,front,129,2153,59.93021113940909,848,478,39.48399826654956,40.09212773875016,39.97925988302637,39.57871884167258,57.15172170898186,60.06759847421276,58.87616868872171
person_12.mp4,front,130,2169,59.93021113940909,848,478,38.82301733388487,39.7086314659906,39.28833769193089,38.28455971049049,56.33303749474428,59.50739042065493,59.65599184284004
person_12.mp4,front,131,2186,59.93021113940909,848,478,38.063324697371236,39.40579326634221,38.12810688975531,37.256499031497036,55.75820536883552,59.50299356889329,60.837356478861054
person_12.mp4,front,132,2203,59.93021113940909,848,478,37.783331810732314,38.87145670057762,38.431182016506064,37.35124351730661,55.827808674386326,58.97711369349737,60.562659286545134
person_12.mp4,front,133,2219,59.93021113940909,848,478,38.64640011835516,38.72989573215145,40.07897504066961,38.7851020737151,56.96652551273326,58.95185336283462,58.989804668651175
person_12.mp4,front,134,2236,59.93021113940909,848,478,39.765804458791045,40.590709549814264,42.637593236803106,41.68836511613151,58.83087871239198,62.561491882539585,56.294367510708476
person_12.mp4,front,135,2253,59.93021113940909,848,478,40.594299923378536,40.58282383603662,43.02161440485018,42.579534468881036,59.72398297282188,65.34330498604619,55.86609613130123
person_12.mp4,front,136,2269,59.93021113940909,848,478,40.330485795385236,39.24632632149645,43.01701372187741,42.5612899515976,59.98924392114726,64.00992072310281,55.88130915544167
person_12.mp4,front,137,2286,59.93021113940909,848,478,40.36896286683412,38.939062526117716,43.44822461405905,43.248403789564584,61.33017440628776,63.886971487991744,55.406360745240036
person_12.mp4,front,138,2303,59.93021113940909,848,478,40.074119025732614,38.718028946192746,43.61695105145581,43.496881275646345,61.2755821235322,63.54121778706023,55.35349693650905
person_12.mp4,front,139,2319,59.93021113940909,848,478,39.60367421114568,39.21259632252931,42.4313289879482,41.9486109879786,59.84406149367984,62.6733935692541,57.08568889611996
person_12.mp4,front,140,2336,59.93021113940909,848,478,38.786410656343605,38.89400249308401,42.249037116153005,41.434193053519095,57.72030982273666,61.44953879362743,57.6633594275945
person_12.mp4,front,141,2353,59.93021113940909,848,478,37.66040739551203,36.319372481911905,40.98536744427056,39.635831881053235,56.330769839480034,58.40614059840441,58.85222048940568
person_12.mp4,front,142,2369,59.93021113940909,848,478,37.17082829444751,36.2706963539693,40.627963247937075,39.398220357349054,55.070547393333825,57.5361063834861,59.12337378687778
person_12.mp4,front,143,2386,59.93021113940909,848,478,37.41903070450506,36.884962256993845,40.46268258227236,39.19297098887498,54.99241846907243,58.05311699534329,59.43610058399515
person_12.mp4,front,144,2403,59.93021113940909,848,478,37.337629527431126,37.20360298678779,39.68046645987319,38.421474167920834,54.076009605428936,57.2966280802316,60.73965711933836
person_12.mp4,front,145,2419,59.93021113940909,848,478,38.426284135621295,37.59386316998012,40.06382596916818,38.910956351826535,54.30346553707455,56.915324810559774,61.05455848119721
person_12.mp4,front,146,2436,59.93021113940909,848,478,38.770955348392924,38.19239686208075,39.53995920047481,39.23290056866061,53.79296868323717,56.31694526768066,61.843835176462164
person_12.mp4,front,147,2453,59.93021113940909,848,478,40.620327150791965,39.29265024168076,42.24762036864444,41.42251139747527,54.62262984801079,56.4050487716358,60.83056163350697
person_12.mp4,front,148,2470,59.93021113940909,848,478,40.98435870204879,39.377506807533834,43.72837208463481,42.734914447582256,54.18659304601985,56.09836712517342,60.09360417676382
person_12.mp4,front,149,2486,59.93021113940909,848,478,41.27351093792457,39.502586056226505,44.07234791472922,43.04364122964906,53.81187960931587,55.58822755235692,60.52683493759969
person_12.mp4,front,150,2503,59.93021113940909,848,478,42.530891208072575,40.384642507313345,45.170974763864066,44.59523716150505,54.11662287884028,55.856423074900995,60.0230194307478
person_12.mp4,front,151,2520,59.93021113940909,848,478,43.42859444896626,41.59227281431605,47.12056091875335,46.319859248059565,53.65488619121282,55.33697518173273,59.24404280120071
person_12.mp4,front,152,2536,59.93021113940909,848,478,44.51579447991111,42.45590082720291,49.67270172860379,49.166010475517965,53.83915916812515,55.41862825669899,57.675022409406836
person_12.mp4,front,153,2553,59.93021113940909,848,478,47.19610115046705,45.40811289544829,54.67207545798948,55.06141903715655,55.43885268328179,57.081846687737084,53.60408460000413
person_12.mp4,front,154,2570,59.93021113940909,848,478,48.468232700456795,46.83433254694831,57.78323870894267,58.05152745506866,56.16595325723201,57.578791114812844,51.50196568353339
person_12.mp4,front,155,2586,59.93021113940909,848,478,46.356522938612095,45.38302548621549,57.255269176875416,57.84994469436588,53.86040903788454,55.134861988760385,52.29055576308673
person_12.mp4,front,156,2603,59.93021113940909,848,478,49.62082207767416,48.01068992884072,64.42587305805645,64.86389001206733,56.601990999825915,57.588456319352694,47.10549013788494
person_12.mp4,front,157,2620,59.93021113940909,848,478,51.67502178102415,49.80898110274474,72.22271668639344,71.90652040405571,57.459347119899576,58.099883427409125,42.45870377281044
person_12.mp4,front,158,2636,59.93021113940909,848,478,53.93060468056487,52.50412078675068,85.27503969008836,85.08791329315325,59.16351092011394,58.95796622555781,30.37125567494356
person_12.mp4,front,159,2653,59.93021113940909,848,478,53.252899063432466,51.78331832094514,79.73871445521914,78.28200509745,56.593696315971265,55.828322947245745,37.18680595565216
person_12.mp4,front,160,2670,59.93021113940909,848,478,59.68406664945969,57.89731051619496,97.13882172583249,94.65262760632739,61.02217473322173,59.45172138587734,24.132766642674024
person_12.mp4,front,161,2686,59.93021113940909,848,478,54.9220200448449,55.08587840006378,84.43684908287825,83.75050609812206,56.08851320590824,54.34209142440168,35.13897925797913
person_12.mp4,front,162,2703,59.93021113940909,848,478,55.76704754816119,55.314104314071585,85.23970028263761,84.23400514086303,54.57162528474385,52.60228937160662,35.898912522379604
person_12.mp4,front,163,2720,59.93021113940909,848,478,57.41840907360845,60.447218520578865,84.84971872639125,87.22054515554134,54.6285300719271,52.790784049505284,37.79689558391085
person_12.mp4,front,164,2737,59.93021113940909,848,478,61.56457014652933,66.5761817424701,87.53665714826231,92.70625230357138,55.01566188035515,53.40665407927896,37.851238190828866
person_12.mp4,front,165,2753,59.93021113940909,848,478,66.49851918268804,71.14335515856789,93.61622894676077,98.93905459349135,57.32905369202934,56.36898397225573,33.67164130034505
person_12.mp4,front,166,2770,59.93021113940909,848,478,63.91900706440076,70.54539041429334,93.22473292404624,100.9816520807595,57.40897019166178,55.7145800466583,30.791902108809836
person_12.mp4,front,167,2787,59.93021113940909,848,478,71.29940330548006,76.71965160102252,97.94660545290974,104.73750320621036,58.933609886083254,56.78827661651346,32.65715993307502
person_12.mp4,front,168,2803,59.93021113940909,848,478,74.90703864620016,77.81170879450413,107.17102510041293,109.31899070635394,59.451939997296634,57.752699861803265,27.261963792061454
person_12.mp4,front,169,2820,59.93021113940909,848,478,73.56382176346028,77.30966728790185,105.88826346318834,108.58924535686691,59.85256800892057,58.57855848998825,26.572904038592114
person_12.mp4,front,170,2837,59.93021113940909,848,478,82.95091767840147,89.93163018164618,114.23371881316491,120.79946764372332,64.75235169342591,63.746406098515635,23.569157016505013
person_12.mp4,front,171,2853,59.93021113940909,848,478,93.46847517337669,101.19269155569857,127.23085986464687,133.50677110541622,68.12798548868646,67.131589203967,18.549170880403445
person_12.mp4,front,172,2870,59.93021113940909,848,478,95.13985298766622,100.46384618754817,132.23720358273775,135.92678715795554,66.85677575605838,66.34922198608034,15.973443827019853
person_12.mp4,front,173,2887,59.93021113940909,848,478,101.58184009065684,107.34556884967736,133.48154816326013,138.12549558649886,69.85252300578699,70.10256241288553,18.339584549465005
person_12.mp4,front,174,2903,59.93021113940909,848,478,108.38532182610413,113.53227546417388,137.8378985070753,140.81764443636155,70.78540690155444,71.96121279434729,20.109978537274007
person_12.mp4,front,175,2920,59.93021113940909,848,478,110.56378430080596,115.3332457688844,140.31756647271195,142.24136771530667,70.68474596561308,72.54860531320287,20.22415701749765
person_12.mp4,front,176,2937,59.93021113940909,848,478,118.1488197477372,121.37230195360901,145.644780038989,147.59871892495966,72.18533910876938,73.59673929411393,20.888160955355715
person_12.mp4,front,177,2953,59.93021113940909,848,478,124.77518536383677,124.14631988752394,152.7454169682389,150.8145684283908,74.17841030414361,75.30996142718938,19.164338488311188
person_12.mp4,front,178,2970,59.93021113940909,848,478,129.5093425129132,129.78726890059073,154.76190226886587,153.7961874941937,76.02253223475869,76.71481939804579,19.532793209847355
person_12.mp4,front,179,2987,59.93021113940909,848,478,134.32269597948846,134.20000054002304,158.75179494266138,156.85583277661388,76.31297116579809,77.29883148976002,19.530532083180244
person_12.mp4,front,180,3003,59.93021113940909,848,478,141.08843495729903,139.65160294224106,162.43902933326987,158.80472205662815,78.57786924562198,80.11544340687756,19.36121933805724
person_12.mp4,front,181,3020,59.93021113940909,848,478,143.23741372792688,141.86597849099144,163.67070954024706,159.98268624233611,79.20536221921236,81.10834623319704,19.255920073173627
person_12.mp4,front,182,3037,59.93021113940909,848,478,146.09166111060227,143.63135638818375,165.96265506266633,160.60267501209086,78.85369725093102,81.36829472362021,19.85636114245303
person_12.mp4,front,183,3054,59.93021113940909,848,478,143.38101994043754,144.41191704694484,163.61522496926116,165.01510511751874,78.0806510261572,78.83634038860457,20.466053863008423
person_12.mp4,front,184,3070,59.93021113940909,848,478,145.5575043414102,146.306696723942,164.12383892827958,166.49560888520435,78.97587527638657,79.00340260728352,20.681658688591902
person_12.mp4,front,185,3087,59.93021113940909,848,478,148.8313506569412,148.36286450686404,164.98563322778153,167.87524247729675,80.78318960064145,79.72373224731463,20.976063244230833
person_12.mp4,front,186,3104,59.93021113940909,848,478,152.49331995654214,151.11858845131354,166.52419814341664,169.92950698029193,82.40712516814821,79.79344716575055,21.122905486164736
person_12.mp4,front,187,3120,59.93021113940909,848,478,151.3185010922241,150.82443372972853,166.42244725073726,169.1045807661019,81.24605256643608,79.93938467568998,21.129687253097437
person_12.mp4,front,188,3137,59.93021113940909,848,478,153.18662545513465,149.9921055486132,168.4957041415752,167.59220786436072,80.83628166730948,80.25871675371903,21.18143981108258
person_12.mp4,front,189,3154,59.93021113940909,848,478,154.01513476625703,151.30138916745074,170.01273538034053,168.91407744230045,80.17791967448697,80.12896636840223,21.24425669366945
person_12.mp4,front,190,3170,59.93021113940909,848,478,152.9695314125987,149.9648534389478,169.12399638543448,169.11403120509237,80.04805464258423,78.45765482998023,21.330663132108985
person_12.mp4,front,191,3187,59.93021113940909,848,478,156.87321663811449,149.0850561794885,172.25554792262722,167.20170383410658,80.99130810998234,79.75276968003756,20.978401842549797
person_12.mp4,front,192,3204,59.93021113940909,848,478,157.59288210828475,149.16869885720195,172.28622758794893,166.36421815308432,81.39857900208361,80.71032317296424,21.09550075156233
person_12.mp4,front,193,3220,59.93021113940909,848,478,155.16335785810782,148.13065699466313,171.3935693414291,165.7119476403545,80.50287844827616,80.00553167384757,21.09294352999239
person_12.mp4,front,194,3237,59.93021113940909,848,478,154.85922487924344,149.41086456635128,170.3509967061786,167.19055761108754,81.4065667857716,80.35750244198415,21.155757445710066
person_12.mp4,front,195,3254,59.93021113940909,848,478,155.01667821915373,148.46775163461322,170.96720051065552,167.1532090289434,81.58300126674564,79.86959739828482,21.02486210008086
person_12.mp4,front,196,3270,59.93021113940909,848,478,159.01848130830209,151.17938247971946,172.11446860463658,169.2187480956115,83.87070565334106,80.7066439112962,20.868123666011577
person_12.mp4,front,197,3287,59.93021113940909,848,478,158.66676899211004,151.05483135792932,171.7761596655668,169.59509661535873,84.07228421485824,80.38375759039467,20.69695187265923
person_12.mp4,front,198,3304,59.93021113940909,848,478,156.49675779992626,150.4210558182643,170.97464227317278,169.81870861016532,82.85870006270474,79.5179695811549,20.867303658442815
person_12.mp4,front,199,3321,59.93021113940909,848,478,156.72408988587432,150.77199688375714,170.74208479139295,170.16170843604456,83.62441007610808,79.56393309059536,21.079672654674297
person_12.mp4,front,200,3337,59.93021113940909,848,478,156.6684233837018,150.18660696085635,170.13814269447923,169.88923855779313,83.78385487641779,79.40259331313965,21.293523036591807
person_12.mp4,front,201,3354,59.93021113940909,848,478,157.21755320814177,151.708041257107,169.3519449210469,170.42442327162826,84.65626754246124,80.42753155994302,21.348565989760626
person_12.mp4,front,202,3371,59.93021113940909,848,478,159.37376667621146,150.96462137221408,170.49495163990073,170.01750306776492,85.15362283471858,80.05803233529103,21.530618593818854
person_12.mp4,front,203,3387,59.93021113940909,848,478,158.7345449003597,152.69299379805963,170.13344864476645,170.8977764714306,84.77207239588935,80.83405373869141,21.524282791194725
person_12.mp4,front,204,3404,59.93021113940909,848,478,160.80610894227866,152.03420529305242,171.27834991244296,170.37126828963596,85.41704906531085,80.8357032094753,21.584804166256152
person_12.mp4,front,205,3421,59.93021113940909,848,478,160.7731385652496,152.1080203409623,171.23262667709753,170.40205654155153,85.3505681825902,80.87379239592431,21.581385955700842
person_12.mp4,front,206,3437,59.93021113940909,848,478,160.86347203136017,152.3524353520573,170.46483744405592,170.15019715344965,85.27318578639137,81.03041536931119,22.19573184085159
person_12.mp4,front,207,3454,59.93021113940909,848,478,161.02193216086326,152.0462850671359,171.28130165594618,169.95143363552208,85.43211133870884,81.44234399189806,21.927834938038337
person_12.mp4,front,208,3471,59.93021113940909,848,478,160.91180362640296,152.253706085666,171.3872306463793,170.23935907158037,85.62550096040098,81.04352435260448,21.982638388217236
person_12.mp4,front,209,3487,59.93021113940909,848,478,161.1040541659696,152.55583898888892,171.2909170009371,170.43864454309676,86.0086089870924,81.86260981723811,21.73173194773654
person_12.mp4,front,210,3504,59.93021113940909,848,478,160.84227445212892,152.68037489743827,171.43773391006,169.9866984011093,85.69784397386562,82.45367700738657,21.608579054159883
person_12.mp4,front,211,3521,59.93021113940909,848,478,161.36771474363266,152.80948945359444,171.7174485130656,169.7207617204796,85.86522121209197,82.9069692662845,21.672481334477435
person_12.mp4,front,212,3537,59.93021113940909,848,478,162.14255159294072,153.31939968049141,172.27061586663726,169.67673498847157,86.17755578286325,83.62652996726924,21.470679041212104
person_12.mp4,front,213,3554,59.93021113940909,848,478,162.26754654096098,154.90935313423654,172.51106720172575,169.78023384424577,86.2239015297312,84.60224323322409,21.279903389313155
person_12.mp4,front,214,3571,59.93021113940909,848,478,163.16009774109006,155.12291524764458,173.26617430841355,169.63316734453173,86.46012185585015,84.81311587342002,21.24619033279226
person_12.mp4,front,215,3588,59.93021113940909,848,478,162.57834104499125,155.40838391808458,173.27463579652374,169.75023995274265,86.0855264991819,84.69726349578838,21.133764071553788
person_12.mp4,front,216,3604,59.93021113940909,848,478,164.09147226614238,155.5282324105242,174.56757239931272,169.9151133010168,86.64207734677129,84.81910364864575,20.731694389075113
person_12.mp4,front,217,3621,59.93021113940909,848,478,163.08633589989884,154.61021777931464,174.28414591876552,170.27984241338615,86.08017567181635,83.97912715071996,20.739991691875808
person_12.mp4,front,218,3638,59.93021113940909,848,478,163.90797943457483,156.3987034708235,174.63325477556128,170.34477692197757,85.92855538389325,85.40720931312345,20.833386935192102
person_12.mp4,front,219,3654,59.93021113940909,848,478,163.77009498220244,156.45549863369158,174.61467662397305,170.14690811084185,85.94695590866698,85.31369632454708,20.74400769373707
person_12.mp4,front,220,3671,59.93021113940909,848,478,164.60853097651471,156.53074517559838,175.00056368362647,169.91918523719582,86.29541269370199,85.53796696020613,20.617695247853103
person_12.mp4,front,221,3688,59.93021113940909,848,478,164.01951665615232,156.15751556123365,174.78459967096256,169.87163032034132,86.04776851936415,85.08308878971332,20.666661329903633
person_12.mp4,front,222,3704,59.93021113940909,848,478,163.72509911509485,155.88041838647416,174.6671685252697,169.82149156932454,85.92253899864409,84.86469311221505,20.699987412480176
person_12.mp4,front,223,3721,59.93021113940909,848,478,164.85049814063794,155.61172840074806,175.152797299613,169.71284654531112,85.97445889432967,84.69956878196555,20.733731021039027
person_12.mp4,front,224,3738,59.93021113940909,848,478,163.63632780258132,155.44540314062178,175.14656325153038,169.57054271485134,84.80141779005966,84.68447485539541,20.817490471694544
person_12.mp4,front,225,3754,59.93021113940909,848,478,163.04325951078627,153.69446965328729,174.976371148027,168.90405431398705,84.17142013259142,82.17415976765399,21.286559112292096
person_12.mp4,front,226,3771,59.93021113940909,848,478,160.59975210040454,151.10114632630774,174.98413810384795,170.06860935142615,81.66688496658628,78.2505790158915,21.746221074321422
person_12.mp4,front,227,3788,59.93021113940909,848,478,159.63018488496493,151.43373438105525,174.8356855705835,169.7293563642961,81.05905678350214,78.65358654382858,21.84603455545044
person_12.mp4,front,228,3804,59.93021113940909,848,478,155.6660639977945,148.78032387500423,174.45586948260345,170.37095084228068,77.43451341345734,73.50846217393232,22.682348011843807
person_12.mp4,front,229,3821,59.93021113940909,848,478,153.33157196432393,149.41200977696076,174.37795061029655,171.4159040132742,75.44218747450493,73.20724098653862,22.70655302016113
person_12.mp4,front,230,3838,59.93021113940909,848,478,152.80617430394386,150.35307064022086,174.17514993636436,171.7371247531563,75.26585082966632,74.59225206845015,22.378312617039683
person_12.mp4,front,231,3854,59.93021113940909,848,478,153.5231096079101,150.62854591051322,174.12958781653475,171.4307810112295,75.77633546949585,75.39769482475799,22.14279527353902
person_12.mp4,front,232,3871,59.93021113940909,848,478,152.35884144350257,150.37134572432097,174.18621527157717,171.28266750032387,74.82217479481376,75.50588428334636,21.776667716667564
person_12.mp4,front,233,3888,59.93021113940909,848,478,152.41364129822662,150.25770203094646,173.93021770015213,171.4442950755766,75.11144263756022,75.42020613015816,21.669567125086544
person_12.mp4,front,234,3905,59.93021113940909,848,478,152.2875063892579,150.12252909269452,173.90966690219446,171.60909027899916,74.92043886849711,75.75376236566971,21.384663412129044
person_12.mp4,front,235,3921,59.93021113940909,848,478,153.69429403490724,151.20350144983914,173.91756998751123,171.61730836208864,75.99532718907743,76.96512607247304,21.107692481655526
person_12.mp4,front,236,3938,59.93021113940909,848,478,153.86201032189823,149.62911619044056,173.74561379287925,170.42011568082046,76.23327431325005,77.51750345691168,21.021790377963953
person_12.mp4,front,237,3955,59.93021113940909,848,478,154.7453864329385,149.91152708136082,173.75986319114367,170.11615690200446,77.04674632402826,78.66696713278688,21.12261087522927
person_12.mp4,front,238,3971,59.93021113940909,848,478,152.11927620900664,146.54656222226293,173.19672310785154,168.3093893664674,76.28589423802956,77.66564849867646,21.315294188495294
person_12.mp4,front,239,3988,59.93021113940909,848,478,149.65863263370568,142.81446586995335,172.08276113557397,166.1299446090834,75.75537174568619,75.97421434010492,21.554889063675024
person_12.mp4,front,240,4005,59.93021113940909,848,478,146.43346033322717,140.54286546171286,169.48733964391963,162.64312427897076,76.12210887022354,77.92452229750863,22.14565779416043
person_12.mp4,front,241,4021,59.93021113940909,848,478,141.338851466446,134.35974566312177,164.63878316318335,156.27125569690074,77.48826303172473,80.02463565979527,21.88961807706895
person_12.mp4,front,242,4038,59.93021113940909,848,478,137.0053076393825,131.62675149436757,159.47510449543566,153.76402088138119,77.95404650318905,80.73876797487613,21.524368078125075
person_12.mp4,front,243,4055,59.93021113940909,848,478,127.0518372740176,121.19095330912576,151.03086764622014,144.61238476808282,76.28327108242244,79.4297862814916,21.634986075449483
person_12.mp4,front,244,4071,59.93021113940909,848,478,118.64170711445392,119.59371557021775,139.41314140918556,142.8625852468853,77.97984418556054,79.32839678128622,21.89487671833895
person_12.mp4,front,245,4088,59.93021113940909,848,478,111.13585375429963,113.55463845781934,132.81529129722503,137.2861729784566,76.4594318343756,77.87287149598721,21.87322791463998
person_12.mp4,front,246,4105,59.93021113940909,848,478,98.07739037762234,100.13191718732789,122.45389523290581,126.67384023121618,73.22829177407233,74.24394227140543,22.122724323680583
person_12.mp4,front,247,4121,59.93021113940909,848,478,85.83736523897676,91.65140558180933,110.98981590598915,118.28231377291085,69.9674290431006,70.99382189893919,22.894159836818915
person_12.mp4,front,248,4138,59.93021113940909,848,478,85.3251578446192,88.93595610037019,107.87750502801019,113.54452390940914,72.59768928228615,72.65739613216675,22.52622656166884
person_12.mp4,front,249,4155,59.93021113940909,848,478,84.97420873354964,90.4941115417231,109.04256030645146,116.62102772432338,72.87802444218515,73.28989484217249,21.130799124117548
person_12.mp4,front,250,4172,59.93021113940909,848,478,87.72223057023089,88.58948839067831,113.82320737717443,115.48542960587143,76.5378747252083,76.65425587084796,15.826633791884523
person_12.mp4,front,251,4188,59.93021113940909,848,478,77.06602197050097,82.32514171889638,106.27265580680375,109.6256451145468,71.62320948936606,72.08113297269503,18.152266204533056
person_12.mp4,front,252,4205,59.93021113940909,848,478,73.28882052620553,77.63274988574874,101.98613129147077,104.14552273902663,70.19773760957551,70.30413810111877,19.633169841990586
person_12.mp4,front,253,4222,59.93021113940909,848,478,73.9299296289641,76.60117267488312,94.5757819482286,96.28363725916242,69.41486353521593,68.80201014945041,26.922730466189805
person_12.mp4,front,254,4238,59.93021113940909,848,478,66.94839675864857,70.71610297560821,84.80175731459468,88.11201772184545,66.04863712559211,65.71489825186164,31.714400135830097
person_12.mp4,front,255,4255,59.93021113940909,848,478,73.13585754793714,75.03068273840606,84.74084627102408,89.70353413194103,73.26533533087267,71.40988350444859,29.805886231129747
person_12.mp4,front,256,4272,59.93021113940909,848,478,66.55066257107785,68.08411825242358,81.13464251309645,84.70963394403692,68.41632312339662,66.44595793383515,32.171068553025876
person_12.mp4,front,257,4288,59.93021113940909,848,478,68.31670840396269,69.59003647285549,82.02688397562001,84.3135896589757,71.0360096657761,68.7517736206101,31.086846699158368
person_12.mp4,front,258,4305,59.93021113940909,848,478,69.03112365950415,70.65670381222274,83.62239495267855,88.13635710142425,71.7597023431139,69.57134802894959,29.217412823149086
person_12.mp4,front,259,4322,59.93021113940909,848,478,67.11259979477835,68.47990741438599,82.88124173506178,87.01253670333081,70.87981775057195,68.44217644792572,29.349963711491508
person_12.mp4,front,260,4338,59.93021113940909,848,478,63.8119312910547,65.27302613412722,74.53711379814574,79.07136198910578,68.33068638664624,65.69137578159487,35.606429221687975
person_12.mp4,front,261,4355,59.93021113940909,848,478,58.08754408080962,59.90191821037329,64.07698144899517,68.44740423235869,63.01158718423344,60.694955125181345,44.891087466777925
person_12.mp4,front,262,4372,59.93021113940909,848,478,57.730743728672415,58.9060175316723,61.75937046242151,65.59822150046028,62.98640783226179,60.399056701101934,47.09087892961669
person_12.mp4,front,263,4388,59.93021113940909,848,478,56.19041020061016,56.77371176021418,60.86081128084164,63.43537974011745,62.494247474042965,59.84239574020349,47.811631219880105
person_12.mp4,front,264,4405,59.93021113940909,848,478,55.075682619371314,55.41389815107494,59.25020044791683,61.58333953953114,62.47590253088055,60.15578923082686,48.61195042503774
person_12.mp4,front,265,4422,59.93021113940909,848,478,54.982994034548035,54.91798309294613,58.617183100180235,59.61875740008183,62.86994574183345,60.53356509669464,49.58212688943114
person_12.mp4,front,266,4438,59.93021113940909,848,478,53.99611429418462,53.56672561582154,58.03706413930213,58.77347877570904,62.29888421310629,60.20914860162179,49.96256309846412
person_12.mp4,front,267,4455,59.93021113940909,848,478,50.47260211631746,50.09795380783246,53.228599888229994,53.22294263632648,59.69585150227169,57.727542413964315,54.1072013619349
person_12.mp4,front,268,4472,59.93021113940909,848,478,48.98356507768156,48.976130169971164,51.16241653336539,50.88136466672117,58.806242935541555,57.48380573740396,55.65389878623165
person_12.mp4,front,269,4489,59.93021113940909,848,478,47.33296470589994,47.842601112099395,50.14901354664338,50.39329810420785,58.03250716888166,57.41815370586483,55.82569202080166
person_12.mp4,front,270,4505,59.93021113940909,848,478,46.938459674039805,47.11885253599772,48.93307459170284,48.683614895264064,58.09326723807278,57.53594039960227,56.955095520807326
person_12.mp4,front,271,4522,59.93021113940909,848,478,47.201747345305066,47.831313252892585,48.055613779330166,47.880255242187616,59.851089074442385,59.5906970275765,57.81726756787455
person_12.mp4,front,272,4539,59.93021113940909,848,478,45.277652409601835,45.91232807685285,47.07756528935687,47.41056004117554,58.60579723687174,58.52169721631398,57.55033457135822
person_12.mp4,front,273,4555,59.93021113940909,848,478,44.10400099718253,45.20041172257524,45.94396862539095,46.06305411195352,58.02401984064091,58.23044007413649,58.28029760433888
person_12.mp4,front,274,4572,59.93021113940909,848,478,43.27753946462125,44.14314492526785,44.82251101437625,44.83197984994568,57.95291893765826,57.891069547213355,58.78232095072405
person_12.mp4,front,275,4589,59.93021113940909,848,478,44.30524344839659,45.279254515770155,44.89908149176675,45.40862201003104,58.66630082648978,58.67097700140019,58.77026875082183
person_12.mp4,front,276,4605,59.93021113940909,848,478,43.76104687350508,45.13061714127128,44.37832235833088,45.14259471262345,58.311428846236545,58.83514096140061,58.8832247667454
person_12.mp4,front,277,4622,59.93021113940909,848,478,43.33228242823157,45.05830625465735,42.140084188206465,43.65981538455033,58.128154487140776,58.98438292912686,60.23998557220973
person_12.mp4,front,278,4639,59.93021113940909,848,478,42.96997391429934,45.322397529120586,41.314269472611684,42.59156645295492,57.526933269480196,61.32186183219313,61.37436998666831
person_12.mp4,front,279,4655,59.93021113940909,848,478,42.437639701527516,44.42342383231195,40.07510932478834,41.37283078703289,57.110341401215955,59.704125338456016,62.16535810835593
person_12.mp4,front,280,4672,59.93021113940909,848,478,42.215188737529374,43.71486038170757,39.9294423187601,40.48394547665907,56.69807771737456,58.586910953461675,62.14594569381666
person_12.mp4,front,281,4689,59.93021113940909,848,478,41.50896430835729,42.92369856433868,39.31234440246756,39.86979092546302,56.620657555382046,58.240701272032396,62.235729525751594
person_12.mp4,front,282,4705,59.93021113940909,848,478,40.93691371419935,42.748118854041415,38.67180428413028,39.15270823665045,56.30861036857794,57.892292084876644,61.87970352096362
person_12.mp4,front,283,4722,59.93021113940909,848,478,42.43718494923589,43.861897043561626,38.38062096917926,38.74211972265658,57.98409364814119,59.717380221818544,61.521012524951274
person_12.mp4,front,284,4739,59.93021113940909,848,478,40.67660386547075,42.67388480598375,37.39954232116338,37.68940487410509,56.89426406039829,58.88652841195814,62.00543093880765
person_12.mp4,front,285,4756,59.93021113940909,848,478,40.67320667266484,42.48899444939809,37.912337329255365,37.69694860601919,56.85677223295967,59.068042968359244,61.31264919967896
person_12.mp4,front,286,4772,59.93021113940909,848,478,39.01827534665796,40.999424277881936,36.99224220479757,36.201260229854405,55.3939885245094,58.00197925553045,62.10780068151489
person_12.mp4,front,287,4789,59.93021113940909,848,478,40.09529455711468,42.05938000467046,37.388385096454485,36.279477021037906,56.0110556093789,59.14612606854118,61.50878527065833
person_12.mp4,front,288,4806,59.93021113940909,848,478,40.364810557656504,42.0552497848529,37.285052541905486,36.10915757712712,56.60649966834507,59.73157228468454,61.335452103258824
person_12.mp4,front,289,4822,59.93021113940909,848,478,39.494278650817265,41.33404191078539,37.67418969682994,36.531715668228074,56.662822197559066,59.45312877710969,60.581583597440556
person_12.mp4,front,290,4839,59.93021113940909,848,478,40.10086120491384,41.64738465162697,37.89530122126673,36.77783716586693,57.68517619668144,60.325126083673574,60.09096470895831
person_12.mp4,front,291,4856,59.93021113940909,848,478,39.8708970195382,41.279689182733506,38.036681335643436,36.78653865910613,57.80467838304337,60.53716670866864,59.605629278868975
person_12.mp4,front,292,4872,59.93021113940909,848,478,40.49826455465183,41.83316132473731,39.050041127442846,37.71465042303634,58.653232919987005,61.55421431484828,58.545933092815844
person_12.mp4,front,293,4889,59.93021113940909,848,478,39.85323844238722,41.07166816098076,39.18953078303311,37.98386585079692,58.23653352725351,61.10313411975134,58.09115779203139
person_12.mp4,front,294,4906,59.93021113940909,848,478,40.05754703483815,41.68079184911808,40.37516338579125,39.257725029853155,59.43574652460549,62.587725658058936,56.53977098373139
person_12.mp4,front,295,4922,59.93021113940909,848,478,39.85797192799459,41.71212706399581,40.235660602287766,38.97913592638146,59.50071540670145,62.872247622722874,56.588602982948764
person_12.mp4,front,296,4939,59.93021113940909,848,478,40.03011541660602,41.88655862067346,39.55279973541967,38.24299342892129,59.60358926389744,63.056332278784446,57.177712644455866
person_12.mp4,front,297,4956,59.93021113940909,848,478,39.59006735004766,41.34550587614245,39.70795506114418,38.10124868858818,59.18377655316694,62.78192445307025,57.24343705284767
person_12.mp4,front,298,4972,59.93021113940909,848,478,40.27074452928563,41.76492394887058,40.78877593374166,39.15504771467632,60.11121905558507,63.66962841200071,56.137074495619785
person_12.mp4,front,299,4989,59.93021113940909,848,478,40.26558417361184,41.839509732332964,40.949002454840695,39.27013781978819,60.289246044993156,63.85264752859055,55.93143211389915
person_12.mp4,front,300,5006,59.93021113940909,848,478,42.10548829253173,42.025493228917945,44.35445647910748,42.844803624185886,61.894121110914675,63.64751138668535,52.53328347187314
person_12.mp4,front,301,5023,59.93021113940909,848,478,43.08222986694294,43.22335642857078,46.06933557679439,44.75618093986753,64.72223214285904,67.92384662607871,50.8760310884463
person_12.mp4,front,302,5039,59.93021113940909,848,478,42.681289680376416,42.668346216677364,44.28403403703967,42.39358201256117,63.82605407335596,66.87797649167294,53.10078697460971
person_12.mp4,front,303,5056,59.93021113940909,848,478,43.43744264876053,43.90774558401981,46.57809129839789,45.324749161087205,64.21853435641637,67.86024573111149,50.73884849156558
person_12.mp4,front,304,5073,59.93021113940909,848,478,43.12357565039265,43.76095407242293,45.7897088687539,44.57908507020741,63.71360392788467,67.60942243554065,51.574474441748286
person_12.mp4,front,305,5089,59.93021113940909,848,478,42.744363600277836,43.541432659817495,44.33498374829139,42.86098405061936,63.09757903944871,67.21450470072206,53.288851151204724
person_12.mp4,front,306,5106,59.93021113940909,848,478,41.62686891413449,42.30672930415574,41.742019767167434,40.29668409718342,60.893200357413164,64.90376692599875,55.96017360182948
person_12.mp4,front,307,5123,59.93021113940909,848,478,39.197818822843274,40.17897199456249,38.58791634741555,37.19737248846994,58.02152577439147,61.63585737692307,59.143591503685855
person_12.mp4,front,308,5139,59.93021113940909,848,478,38.041673072115984,38.90132509826874,38.80366289544317,37.56497130380937,55.634807760465286,59.415302784655175,59.43973115560868
person_12.mp4,front,309,5156,59.93021113940909,848,478,38.711934000533155,39.77436230827659,39.35383731125039,38.346901944207076,55.52038642949541,59.203345944454504,59.40775317095515
person_12.mp4,front,310,5173,59.93021113940909,848,478,38.98128014528199,39.91301374499013,39.34562320384977,38.696676926964585,54.86870628898876,58.4136348096692,59.945023996991836
person_12.mp4,front,311,5189,59.93021113940909,848,478,40.36972797580043,40.61325755788603,40.15344099629027,39.13710071151096,55.1142021946362,58.27252699218728,60.501318457005056
person_12.mp4,front,312,5206,59.93021113940909,848,478,42.05900097463893,41.85022970083844,41.66129021424187,40.600686309427246,56.014619065302085,58.541148656349726,60.113779631630074
person_12.mp4,front,313,5223,59.93021113940909,848,478,43.7429028372041,43.51715180837757,42.9035075678948,41.959472850403635,56.70805566701598,59.14322310793696,59.90942653526405
person_12.mp4,front,314,5239,59.93021113940909,848,478,43.77634867141482,44.06239035076683,43.67614869595053,43.14019638286565,56.491429998577296,58.53999729922282,59.634564343224596
person_12.mp4,front,315,5256,59.93021113940909,848,478,45.152486329321796,45.53581802266129,45.564772545609095,45.256641823414114,56.72017412076508,58.791171532196735,58.59473076293059
person_12.mp4,front,316,5273,59.93021113940909,848,478,45.5336812127723,45.83338816336384,45.76619314208911,46.40273697852043,57.38018670829746,58.595511676284296,57.81876616029343
person_12.mp4,front,317,5289,59.93021113940909,848,478,45.92814714170438,46.674480645821674,47.773746330755756,47.58453422355372,57.309762740187374,59.029014570360715,56.48928481597875
person_12.mp4,front,318,5306,59.93021113940909,848,478,45.212180932033284,46.31690524870111,50.27373378759633,49.58475317582909,56.730925003115104,58.493853784468705,54.499987226411385
person_12.mp4,front,319,5323,59.93021113940909,848,478,44.87560082833967,45.74805425164397,51.135154508237214,50.586566936605955,55.60592654677552,56.89095891828123,54.19832447314976
person_12.mp4,front,320,5340,59.93021113940909,848,478,45.13945651910665,45.66438403097181,52.40661343834923,51.54992067803726,54.857832206752576,55.94860653099531,53.299949354235515
person_12.mp4,front,321,5356,59.93021113940909,848,478,43.64484939830946,44.597880687635566,53.04261785197134,52.709865191271454,52.557629067417835,53.00302489742136,53.12645883701566
person_12.mp4,front,322,5373,59.93021113940909,848,478,45.79596693166804,46.2891498493244,56.306291142675335,55.15111286479193,53.55911046556161,54.03546456201415,50.96813551450243
person_12.mp4,front,323,5390,59.93021113940909,848,478,49.18007597298739,49.19855244570708,59.74877935992512,58.70999322575824,55.03567903643769,55.61512012101381,48.93532085302593
person_12.mp4,front,324,5406,59.93021113940909,848,478,50.99204834236515,51.65200628414799,61.339992045679665,61.270017967404634,56.06136907491206,57.20217769004658,47.67849320080927
person_12.mp4,front,325,5423,59.93021113940909,848,478,52.11494700475842,52.666751710761105,65.31869339626714,65.21263123146355,54.64220089066746,54.955759672812604,46.594576565530694
person_12.mp4,front,326,5440,59.93021113940909,848,478,52.31208101890843,53.44769315858307,64.6626025052373,65.7052468693814,53.795331459631555,54.22363609863762,47.59920903067824
person_12.mp4,front,327,5456,59.93021113940909,848,478,53.45942084493806,54.37622677979674,70.05092097523679,69.81010025122512,53.84427847460349,53.85114741191252,44.590177345160214
person_12.mp4,front,328,5473,59.93021113940909,848,478,58.61511481702129,61.263401318808135,81.1303275059158,81.204624501373,57.187413580805355,57.889816126669544,36.75773141708743
person_12.mp4,front,329,5490,59.93021113940909,848,478,61.39667284922925,62.44184486991517,84.66468959030934,85.13524603004277,57.8604793733504,58.02123517063223,34.82703811539574
person_12.mp4,front,330,5506,59.93021113940909,848,478,65.34665589716562,65.77695718036634,95.01338399595525,94.32298195306605,58.84644704977867,58.54943761529745,29.07291441141747
person_12.mp4,front,331,5523,59.93021113940909,848,478,68.53001712687667,70.63127952107484,103.21497999054111,102.89357831037441,60.95285237243014,61.03756267096371,23.060065282864734
person_12.mp4,front,332,5540,59.93021113940909,848,478,78.59235814273748,82.96801579472147,111.73054310573012,114.11975335807956,63.046616410785255,63.23591706530717,23.29665174354569
person_12.mp4,front,333,5556,59.93021113940909,848,478,83.81614296609665,84.9529687238112,117.38760365955976,117.14615839230505,66.80310780008769,66.55328615020741,19.542935549557907
person_12.mp4,front,334,5573,59.93021113940909,848,478,93.34264208200217,91.00264412939543,128.30564342021185,124.29494619134697,68.53693833110445,68.92769626035202,17.11477673688038
person_12.mp4,front,335,5590,59.93021113940909,848,478,97.60115319360891,100.58165882811988,129.83861683221517,131.60812203952796,70.53062555037913,72.94582219660441,18.22531931719022
person_12.mp4,front,336,5607,59.93021113940909,848,478,98.55486831998147,102.08994311316054,125.04966581108377,130.1763370021692,73.37829994572698,73.99765479328045,19.441255414467147
person_12.mp4,front,337,5623,59.93021113940909,848,478,94.18150046254314,97.48679765459786,125.99221620371232,127.84191295383178,69.38362965378921,71.37808388553799,19.843699900600193
person_12.mp4,front,338,5640,59.93021113940909,848,478,111.3327578835706,116.00475503111187,137.3069238714245,141.76938627684393,74.02143572754522,75.33925445025913,20.057028542117873
person_12.mp4,front,339,5657,59.93021113940909,848,478,118.79792160925692,119.4477522935955,142.66663941598486,143.26954220572765,75.1953088868009,76.48572297723041,20.605635168466282
person_12.mp4,front,340,5673,59.93021113940909,848,478,130.46246453164943,126.49001223274364,153.77489910890776,149.6541159362176,78.0913529243853,78.8928985331739,18.669349656692216
person_12.mp4,front,341,5690,59.93021113940909,848,478,136.41063415166374,130.64413493505197,159.8914363975689,153.5750227689807,79.28737473190232,79.95145456384095,17.231367442818296
person_12.mp4,front,342,5707,59.93021113940909,848,478,138.24848643121783,134.29842467330909,160.17900864109515,155.85644774489765,79.2608267699362,80.08184239959385,17.893217521522917
person_12.mp4,front,343,5723,59.93021113940909,848,478,133.81057058623384,130.76111456663617,158.49942208024893,154.70676885240633,76.15763799273662,77.81003771779761,18.631756513978395
person_12.mp4,front,344,5740,59.93021113940909,848,478,142.29980129574517,137.9175305439594,163.64684741573998,158.05347441718254,79.0294050254049,80.70432032285294,18.504997081779454
person_12.mp4,front,345,5757,59.93021113940909,848,478,145.56099361416796,142.0238433457314,163.63048347387252,160.853165963753,80.37550075263741,81.5181094324076,19.129670114840614
person_12.mp4,front,346,5773,59.93021113940909,848,478,144.61239348724246,139.79353463101822,164.89581413215373,159.267962323414,78.70423886847486,80.12144564857843,19.220719407318526
person_12.mp4,front,347,5790,59.93021113940909,848,478,142.16291974850512,140.63292928271164,164.37430993116385,160.95366005339704,76.92134890280865,78.91754339284948,19.584269484690815
person_12.mp4,front,348,5807,59.93021113940909,848,478,149.8338856587522,146.31466229255315,168.0859196939056,163.70569476229247,80.44553716796162,80.6769528887488,19.51165867449897
person_12.mp4,front,349,5823,59.93021113940909,848,478,154.00439926957804,147.69747474616776,170.04772237715466,162.56450022698027,83.0295943131078,83.0362876090501,18.87139675872475
person_12.mp4,front,350,5840,59.93021113940909,848,478,159.05663063160935,148.75891670142556,172.1907932869691,161.88283599924083,84.4543116050486,84.73586859390706,18.577619452392767
person_12.mp4,front,351,5857,59.93021113940909,848,478,160.2570747514655,151.72406561372793,172.362192233846,164.3750745751624,85.46049816627355,86.14913792651043,17.726119154431903
person_12.mp4,front,352,5873,59.93021113940909,848,478,162.43425596196678,152.78902810247772,172.62881183781093,165.53639878982762,87.03137713911624,86.22464950372512,17.56396995085305
person_12.mp4,front,353,5890,59.93021113940909,848,478,164.64164308570005,153.14385189989147,172.83094391473398,164.91183773677017,87.03340090807953,86.88925135310545,18.339447766388542
person_12.mp4,front,354,5907,59.93021113940909,848,478,164.8848293266183,155.37414319853863,172.88897616125246,167.77868055686682,86.1765369571232,86.29041494116632,18.6528407930894
person_12.mp4,front,355,5924,59.93021113940909,848,478,161.8857112547554,153.28616418488042,173.0661854015096,169.03574908920945,83.63007552182523,83.41149302727791,18.86570068953373
person_12.mp4,front,356,5940,59.93021113940909,848,478,158.28390447180692,150.44199357159084,173.14777149308793,167.7936404675942,81.82188997810336,82.22860603352024,18.838172259805084
person_12.mp4,front,357,5957,59.93021113940909,848,478,157.04219569496894,150.64130997422984,172.8822228548772,169.38605080052326,81.58326916552234,80.9987274952476,18.895670048117303
person_12.mp4,front,358,5974,59.93021113940909,848,478,154.2809770028719,151.74202001410453,170.23446780919272,170.8745801691362,80.63874454640025,80.10906526377362,20.109721814298286
person_12.mp4,front,359,5990,59.93021113940909,848,478,155.92632721038999,150.5257222435676,172.42307581792238,170.29451015075392,79.58606363578885,79.55582210373731,20.139671046895664
person_12.mp4,front,360,6007,59.93021113940909,848,478,163.1657032059088,154.16755622959772,173.42639451058224,170.84597274284675,83.10276063083967,82.2747538961845,20.19291063857946
person_12.mp4,front,361,6024,59.93021113940909,848,478,160.99931480400377,153.3762898606872,173.0025189927538,169.93822817675922,83.40139254318642,82.86491602398613,20.060333035696186
person_12.mp4,front,362,6040,59.93021113940909,848,478,162.06573906818008,153.37604657555121,173.50023304738784,170.55484230658632,83.5483538486719,82.68628376708325,19.79942215659959
person_12.mp4,front,363,6057,59.93021113940909,848,478,162.7736066995756,152.92562653489563,173.60403250524425,170.40448596964492,82.1338204692166,82.48943833774821,19.705306933981266
person_12.mp4,front,364,6074,59.93021113940909,848,478,162.24782385574636,153.04851175153962,173.78581703827422,171.54018174387073,82.28040295938969,81.59234442030508,19.6714270941632
person_12.mp4,front,365,6090,59.93021113940909,848,478,161.00269650610684,152.08540375708606,173.89139675894762,171.63768337076007,81.39227073114834,80.73029732550448,19.672250691937062
person_12.mp4,front,366,6107,59.93021113940909,848,478,161.38457051219447,153.2338003183214,173.97997359689032,172.75333420119935,81.33893037220005,80.77068663586498,19.780267453311573
person_12.mp4,front,367,6124,59.93021113940909,848,478,160.06716496896217,152.51294784587967,174.16510569045988,173.54082000030337,80.24421022990467,79.10204029028573,20.06882668911008
person_12.mp4,front,368,6140,59.93021113940909,848,478,158.36719497913597,151.64809594896516,174.2923667085381,173.7108187677616,79.73076019714699,78.64914528814276,19.97955457934549
person_12.mp4,front,369,6157,59.93021113940909,848,478,160.34884533907362,153.52178037728487,174.46143105784407,173.92069100317855,81.00965957077878,80.23739020413193,19.892814735900956
person_12.mp4,front,370,6174,59.93021113940909,848,478,161.3913934137735,153.54885738786334,174.58552495435254,173.92806980111789,81.89936777487074,80.86422980830169,19.86435589387095
person_12.mp4,front,371,6191,59.93021113940909,848,478,160.5672008001035,152.8666063356565,174.71835780928774,174.28006061529865,80.72211719802783,79.24445884118099,19.948090533697762
person_12.mp4,front,372,6207,59.93021113940909,848,478,161.07338993587632,153.15433630680192,174.844733005929,173.95773633912623,81.41693989337354,80.23129249554859,19.85649078131829
person_12.mp4,front,373,6224,59.93021113940909,848,478,162.77492413129707,154.63014045727527,174.95298215046142,174.04733994910032,82.3280759889913,81.60366279959615,19.854918865343393
person_12.mp4,front,374,6241,59.93021113940909,848,478,163.4130882034947,154.33940306976058,175.07180334672915,174.07764396993764,84.27594591950839,82.03847652841478,19.537326379818467
person_12.mp4,front,375,6257,59.93021113940909,848,478,164.41123900194663,155.61036149168098,175.27146579554832,174.3368246350192,85.16800401233766,82.48087881430013,19.418438919477033
person_12.mp4,front,376,6274,59.93021113940909,848,478,165.75583090850438,157.09932206648122,175.1620705186293,174.2952524432689,85.69061196330914,85.58218763966165,19.090320942855914
person_12.mp4,front,377,6291,59.93021113940909,848,478,164.36893047882188,156.19302976959304,175.29296615725184,174.47195666627024,84.35098857205864,84.83199719899235,19.111118286366438
person_12.mp4,front,378,6307,59.93021113940909,848,478,166.09458843058005,157.64486832839745,174.89894276203003,174.30854093005792,84.98351272593635,86.99333204234665,18.945209217310193
person_12.mp4,front,379,6324,59.93021113940909,848,478,166.56759827513227,158.9441472108947,175.2696369578943,174.1697587540228,85.74073738197869,88.131878443117,19.101474301248253
person_12.mp4,front,380,6341,59.93021113940909,848,478,167.66642123631055,158.97980541553343,175.46816745831552,174.20038786940324,86.83564189763597,88.34793563920125,19.15395398355486
person_12.mp4,front,381,6357,59.93021113940909,848,478,168.15592710947683,160.07652553320193,175.52292853043144,174.4292133926271,87.6346784959352,89.45501177045365,18.85746551671825
person_12.mp4,front,382,6374,59.93021113940909,848,478,169.366807335862,160.06358651210098,175.53959381528514,174.32617850235934,88.72190186837203,89.60933883937382,18.908925311728257
person_12.mp4,front,383,6391,59.93021113940909,848,478,168.82382538671953,159.98472719623607,175.57638122723392,174.09632851837515,88.40301878484647,89.71664272885876,18.779120755165103
person_12.mp4,front,384,6407,59.93021113940909,848,478,169.52620714285916,159.95151187685235,175.60563600352737,174.26911937305832,89.77520344477131,89.7359703850836,18.896506848030377
person_12.mp4,front,385,6424,59.93021113940909,848,478,169.06121201024428,158.71089270571574,175.67358573300865,174.18051727730492,89.15971028826029,87.72897110356337,19.216407482960054
person_12.mp4,front,386,6441,59.93021113940909,848,478,169.09864115659715,158.24809671201007,175.68001100797042,173.86247689790463,88.95093830582465,86.90822965304586,19.612815645048933
person_12.mp4,front,387,6458,59.93021113940909,848,478,168.52850519524958,158.08445866908232,175.656632381054,172.8422826624393,88.92341118920744,87.5564023068328,19.508838800330047
person_12.mp4,front,388,6474,59.93021113940909,848,478,169.48049556458528,156.64690116317217,175.57485036732146,173.8165356136102,89.37895671700696,84.6209618884719,19.84386947788004
person_12.mp4,front,389,6491,59.93021113940909,848,478,169.4039015799129,157.56311189523183,175.60732441157228,173.03686651752582,90.29274079494145,86.14392072487861,19.77025463716752
person_12.mp4,front,390,6508,59.93021113940909,848,478,169.06394978758772,157.20639289564735,175.4820935988673,173.9478670082769,89.65858113776333,85.43255333926402,20.009338876319976
person_12.mp4,front,391,6524,59.93021113940909,848,478,168.38541275467583,156.5328882268828,175.4994703950795,174.28881899106116,88.94784510208156,83.807462622933,20.246642996545017
person_12.mp4,front,392,6541,59.93021113940909,848,478,168.2321032261064,158.54333706791155,175.76091447722723,174.23091965811676,87.72546714173492,85.47459489141973,20.22128899961054
person_12.mp4,front,393,6558,59.93021113940909,848,478,168.4461515284048,157.53211158967758,175.4975314103867,174.53340855604876,86.55179049182041,84.08027756227203,20.306238727901103
person_12.mp4,front,394,6574,59.93021113940909,848,478,168.18906339124717,158.48977111230673,175.53026919817324,174.44720350444175,86.33969645444104,85.6280722249877,20.260715052751998
person_12.mp4,front,395,6591,59.93021113940909,848,478,168.7019084810491,158.63933518593979,175.6064467741038,174.344565228212,87.01702795067285,86.23675150753874,20.243733671119887
person_12.mp4,front,396,6608,59.93021113940909,848,478,168.4888380936593,160.13463538038698,175.66676724372516,174.36704335824646,86.73744816313987,87.59954707367217,20.12229597654556
person_12.mp4,front,397,6624,59.93021113940909,848,478,168.07804817538332,159.78100847248268,175.4168638324974,173.70274481417758,85.92165664516192,87.57876958337383,20.09726935512458
person_12.mp4,front,398,6641,59.93021113940909,848,478,168.8222077398026,158.5591939885548,175.41287154486275,173.96790438217894,86.17580448040184,85.64144572574835,20.476591478165993
person_12.mp4,front,399,6658,59.93021113940909,848,478,168.33951481391495,158.8736052643015,175.48170592465078,172.93737821578515,86.07468275337921,86.46752077490869,20.397199662809115
person_12.mp4,front,400,6674,59.93021113940909,848,478,168.67216654511944,158.7624751297842,175.37212357305947,172.7780276742887,85.78555260101808,86.49747548310313,20.54972744757522
person_12.mp4,front,401,6691,59.93021113940909,848,478,168.46360324197724,158.52449313745214,175.0933907063831,172.55066814303248,85.08804271182422,86.30462782908961,20.455160570434362
person_12.mp4,front,402,6708,59.93021113940909,848,478,168.5708135375223,158.25504415132409,175.11910500120504,172.34930950681522,85.31226280884393,86.18903860015745,20.497827443631223
person_12.mp4,front,403,6724,59.93021113940909,848,478,167.6476718555364,157.5721991570972,175.3257922658137,172.24529562444417,84.4821356639694,85.49890745009763,20.617589504633443
person_12.mp4,front,404,6741,59.93021113940909,848,478,168.60493959049927,157.58083634191195,174.0810079052799,171.81033859805098,84.71503533342865,85.56010058403483,20.257855820928878
person_12.mp4,front,405,6758,59.93021113940909,848,478,168.59979564246083,157.86948857253145,174.22894936003416,171.64100238342294,84.68813512986895,86.10834192444337,20.221770992918195
person_12.mp4,front,406,6775,59.93021113940909,848,478,168.12051366096514,157.01946701855954,173.76595993986564,169.79394795072102,83.95050966341184,85.71947722665958,20.445482141796937
person_12.mp4,front,407,6791,59.93021113940909,848,478,167.44549958128533,156.0879567223835,173.11963680381103,169.6232373783217,83.01652716397537,85.20470436601029,20.00952799606389
person_12.mp4,front,408,6808,59.93021113940909,848,478,165.07946054803517,155.61782118183947,172.89181438227556,169.99490606618528,81.44127877932964,85.01850537037465,19.65584776066412
person_12.mp4,front,409,6825,59.93021113940909,848,478,165.3219741329436,154.77440321718984,172.60244568221324,170.4003053928383,82.13421832697556,84.42448218462134,19.413051945732747
person_12.mp4,front,410,6841,59.93021113940909,848,478,162.5042343135363,153.61188242437672,173.76881386140747,170.59503378364346,81.30009785818689,83.54502946244621,19.19700207632452
person_12.mp4,front,411,6858,59.93021113940909,848,478,161.81168582847255,152.74247827341452,173.56566843196273,170.37407044448648,80.79655756368003,82.96948598179844,19.000812657574546
person_12.mp4,front,412,6875,59.93021113940909,848,478,160.51774241322374,152.07717679691794,173.74584820347843,170.02427119786503,80.38825163237811,82.70328844661714,19.04438614166083
person_12.mp4,front,413,6891,59.93021113940909,848,478,155.98494278493283,149.63116873758608,174.60185583671523,170.95507561086126,78.4479233289296,80.11279069274305,19.089948065283043
person_12.mp4,front,414,6908,59.93021113940909,848,478,153.88488098927965,150.11937426227527,174.1986606964791,170.8751227660463,77.63813492066573,80.35281533725535,19.08008453682256
person_12.mp4,front,415,6925,59.93021113940909,848,478,154.33443111925118,150.53377322815584,172.44867266432962,170.48647738791013,78.84473777090125,80.30382651234508,20.31076728749929
person_12.mp4,front,416,6941,59.93021113940909,848,478,155.39058766284668,150.8968382777476,171.5511903443972,170.16517522858229,81.19140697076706,80.33692348029307,20.456355164909915
person_12.mp4,front,417,6958,59.93021113940909,848,478,153.28928402270813,150.56656600413615,170.13798222666063,169.9849763104826,81.24350601471448,80.36905169288012,20.56694407902591
person_12.mp4,front,418,6975,59.93021113940909,848,478,153.420254639337,149.46731205814805,170.3137575557688,169.26490586383318,81.20269856011045,79.93089656689767,20.661248553496463
person_12.mp4,front,419,6991,59.93021113940909,848,478,152.27975333470255,148.60811373506212,168.53384849124245,168.0570163319519,81.2002932185207,80.15790518678816,20.89574274105034
person_12.mp4,front,420,7008,59.93021113940909,848,478,148.56008978102716,146.99437443085316,166.48895525951673,166.89813201699738,79.4912253891762,79.8828850982132,21.27453509135273
person_12.mp4,front,421,7025,59.93021113940909,848,478,150.59118487839478,147.09542330531883,166.2847934658468,166.85861239743872,81.84894858033809,80.12993731758098,21.00626158002069
person_12.mp4,front,422,7042,59.93021113940909,848,478,150.67296830248716,146.97231597448723,166.07031293265695,167.10569347701605,82.70558329313128,80.72421880777478,20.566148877165208
person_12.mp4,front,423,7058,59.93021113940909,848,478,150.02918166639478,146.23548798341972,165.6464562209744,166.16207242901513,83.22217834513943,81.55677780507338,20.262071653560145
person_12.mp4,front,424,7075,59.93021113940909,848,478,147.11357806833294,140.98694806559894,164.090504166433,162.37535705301576,82.50332800654856,81.6818206474469,19.986404687812037
person_12.mp4,front,425,7092,59.93021113940909,848,478,143.62015915403478,136.2913135069809,159.7260742725843,154.60819647229312,83.89702878235958,83.87194871039435,19.34827416627072
person_12.mp4,front,426,7108,59.93021113940909,848,478,123.67963134089459,124.0601578028248,139.9622611179982,144.9211421087467,82.02354362815966,79.53211265191592,19.68243580129962
person_12.mp4,front,427,7125,59.93021113940909,848,478,125.49933692411153,121.86257874799536,139.51779982246336,140.85503139609003,84.67068461208058,80.78894202368697,19.682526340212082
person_12.mp4,front,428,7142,59.93021113940909,848,478,113.33543409439827,107.77014032709332,134.3434133826046,130.61161667927377,80.8246487549833,79.35176952970771,17.557223044726506
person_12.mp4,front,429,7158,59.93021113940909,848,478,109.26377524134872,108.19396523865252,133.78058659659632,133.70620152416208,81.53346126467191,80.58006805287555,13.446301586143838
person_12.mp4,front,430,7175,59.93021113940909,848,478,101.67494194881377,105.95436327550081,126.9873400506266,131.8405013153445,79.50875754895989,78.68099552032386,14.43307601961634
person_12.mp4,front,431,7192,59.93021113940909,848,478,93.15880418226294,97.99919559100508,118.70110217348218,123.51954829514845,77.26946897071295,76.59878913776701,16.024251731082273
person_12.mp4,front,432,7208,59.93021113940909,848,478,85.60060520944846,90.05855211362295,112.3309179587631,115.06927601375251,74.90525521937676,74.59318987788147,16.787611453550685
person_12.mp4,front,433,7225,59.93021113940909,848,478,81.5450848607758,86.43382838823403,103.46704317868885,109.13666849887443,74.23406236573096,73.90672318454926,19.76230188480978
person_12.mp4,front,434,7242,59.93021113940909,848,478,83.68504122545313,84.72853301837002,104.36361544700824,106.2219046424011,74.96097224360312,74.27438629513063,20.402570122772172
person_12.mp4,front,435,7258,59.93021113940909,848,478,78.57887866218937,81.14751371220991,94.37071760487478,96.4704067654004,71.89976100285224,71.73997109655366,27.314697216863816
person_12.mp4,front,436,7275,59.93021113940909,848,478,79.7713147746116,82.26417115684903,95.35682524139357,96.85217332029792,72.36706728430458,72.59714523257699,26.928385273346006
person_12.mp4,front,437,7292,59.93021113940909,848,478,77.22792297707768,79.36454819121063,89.41442917713947,91.75472130859846,72.25978727248459,71.94167104749613,29.12553743795161
person_12.mp4,front,438,7309,59.93021113940909,848,478,78.9285205495961,81.79728365106874,91.38381445354106,94.34610236797218,73.79595814873507,73.56518152916226,28.073315720339806
person_12.mp4,front,439,7325,59.93021113940909,848,478,77.65890008412241,80.47905731740009,89.86892193235254,92.85479818004794,74.29536355734055,73.85735433686574,27.84826189948924
person_12.mp4,front,440,7342,59.93021113940909,848,478,74.64381103456542,75.3721699182553,84.04593278062197,86.14112980946159,70.76636185181798,69.71797126808084,33.78817670801478
person_12.mp4,front,441,7359,59.93021113940909,848,478,67.99349163611812,70.18086742742022,78.98653928906153,79.54125424528827,65.77890602750534,65.74918313569272,38.04842854423076
person_12.mp4,front,442,7375,59.93021113940909,848,478,68.65000105604939,72.45361968508843,76.31818630373748,77.31343782691063,66.49413003873036,67.01426106420038,40.60681661027004
person_12.mp4,front,443,7392,59.93021113940909,848,478,64.44292931244418,68.1636690070779,70.9277970759382,72.4362149486209,63.51933260918272,64.0510034610339,44.07040479921069
person_12.mp4,front,444,7409,59.93021113940909,848,478,62.845789337174494,66.84424471819307,68.9392933484428,71.02828198008217,63.173834653053305,64.1806897083891,44.19827207041423
person_12.mp4,front,445,7425,59.93021113940909,848,478,60.9810895352114,63.92921558740921,63.55680422321957,65.64477049951698,62.13802926154815,62.589870026801485,47.99311930006026
person_12.mp4,front,446,7442,59.93021113940909,848,478,60.21408728265004,63.20822063858117,64.24015943725522,66.2527990725112,62.03230781920699,62.80790470892679,47.02495471873241
person_12.mp4,front,447,7459,59.93021113940909,848,478,60.8809156883461,63.174896728735646,64.37134758575449,65.3167070930503,62.9030708441549,63.34413969768057,47.258432003259244
person_12.mp4,front,448,7475,59.93021113940909,848,478,60.87327852924271,63.314887961062205,63.897533418602904,65.10510203374164,62.86576584280884,63.318105334126095,48.02997805506485
person_12.mp4,front,449,7492,59.93021113940909,848,478,57.67680084182904,59.80236381111129,59.36520328242697,61.24072512576595,61.456896330395764,61.80098253651703,50.02056908507121
person_12.mp4,front,450,7509,59.93021113940909,848,478,56.803225934796586,58.13533766995433,57.29768542152107,59.31623711107037,61.22865361421026,61.08100566081653,51.37995706940664
person_12.mp4,front,451,7525,59.93021113940909,848,478,56.017134569921055,57.13431738413915,53.611210546284944,56.21696169257026,61.460883724795096,61.26570655806648,54.03309676506593
person_12.mp4,front,452,7542,59.93021113940909,848,478,51.270579907630925,52.22546233117287,49.83949006787918,52.32023056342179,58.986584891734154,58.975642073586336,56.033261107232626
person_12.mp4,front,453,7559,59.93021113940909,848,478,49.808520574201275,49.86397364152932,49.73608207531146,51.309686502242776,58.35151808603239,58.062736246692616,55.70692307932177
person_12.mp4,front,454,7575,59.93021113940909,848,478,48.85128197524844,49.50371130027413,48.2171483189433,49.83686559261034,57.856733655447506,58.02939102179921,57.000826211055816
person_12.mp4,front,455,7592,59.93021113940909,848,478,47.73039788385943,49.11735975809892,47.59704664314987,48.36298036732382,56.686620767930286,57.39062636009851,57.93184878656488
person_12.mp4,front,456,7609,59.93021113940909,848,478,46.81312757481809,47.67744995495774,46.12707432870409,47.23816505149347,57.71775967847596,57.98140346381395,58.15284897714203
person_12.mp4,front,457,7626,59.93021113940909,848,478,46.67075608977248,47.634407925799394,46.64086424345763,47.51803782996649,57.57827498833951,58.0906509811503,57.78737099213976
person_12.mp4,front,458,7642,59.93021113940909,848,478,45.93148761730413,46.977377540588726,47.21907323459844,47.632586526140464,57.695056419081176,58.6091038291209,56.97901370878375
person_12.mp4,front,459,7659,59.93021113940909,848,478,44.349696105996365,45.368548937893,45.516034573939706,45.887250194788805,56.60255444466966,57.67208163669575,58.12885660760541
person_12.mp4,front,460,7676,59.93021113940909,848,478,43.42391813671274,44.676347300165354,43.69487913312887,44.581263644908596,56.091127299144894,57.277738516594596,59.09321944418613
person_12.mp4,front,461,7692,59.93021113940909,848,478,43.69580824203639,44.82744883126144,43.031778881703076,43.892173918272505,56.84074049113276,57.77745408856307,59.56767527675181
person_12.mp4,front,462,7709,59.93021113940909,848,478,43.480175682409985,44.50562663930742,42.466471004551266,43.2152851286244,56.99655499090326,57.810528323519414,59.956342641647
person_12.mp4,front,463,7726,59.93021113940909,848,478,42.84357972026252,43.785295460734645,42.90377745893515,43.648779047397596,56.627574912436096,57.299617653905806,59.16681099452322
person_12.mp4,front,464,7742,59.93021113940909,848,478,42.19606928371875,42.80705578271497,41.40036145645561,42.11109681818098,56.409771588060316,57.145431338718744,60.097469601121865
person_12.mp4,front,465,7759,59.93021113940909,848,478,42.514926681456224,43.339804660263184,40.782083220157126,41.55110723115912,56.8514945959383,57.41352180589412,60.66396885882235
person_12.mp4,front,466,7776,59.93021113940909,848,478,42.59184386688278,43.489642160101305,40.934442433227375,41.32875798724185,56.744147829977535,58.997032718142954,60.64791624521285
person_12.mp4,front,467,7792,59.93021113940909,848,478,43.07417805917314,43.567189020771096,40.791382426657144,41.503612537221024,57.91004800678868,59.00451803633824,60.64015175548871
person_12.mp4,front,468,7809,59.93021113940909,848,478,42.794757116218975,43.74703847538296,39.62176862395002,41.094569008254226,58.23424167916983,59.58507911175571,60.96806360097606
person_12.mp4,front,469,7826,59.93021113940909,848,478,43.876388549311265,44.99824187609355,39.692782541883325,40.75027610778134,59.50063395954046,61.07388953754869,60.75122095763947
person_12.mp4,front,470,7842,59.93021113940909,848,478,42.969120326951575,44.28594266039796,38.80610200667661,40.00213035269116,58.79283776254049,60.65215586152699,61.19063696712134
person_12.mp4,front,471,7859,59.93021113940909,848,478,42.9090257697397,43.701165390972925,39.15145860472546,39.64972108581949,58.66368944266941,59.846507033696675,61.09422044307283
person_12.mp4,front,472,7876,59.93021113940909,848,478,43.762713903386896,44.09965113188952,38.88917907418546,39.18781831041025,59.81944344377126,60.72016048639911,61.06820930892996
person_12.mp4,front,473,7893,59.93021113940909,848,478,43.08013510836887,43.542661163490735,38.678001731968045,38.67629235895001,59.49062797338838,60.46481053717512,61.0210662134563
person_12.mp4,front,474,7909,59.93021113940909,848,478,42.48216857231424,43.31074805616656,39.13745865841501,38.90135107085207,59.22838587373293,60.74563679103538,60.26976105047119
person_12.mp4,front,475,7926,59.93021113940909,848,478,41.69327772130114,43.1920999133969,39.475952265812936,38.82059703568436,58.58683306763437,60.70652406736029,59.72679688770527
person_12.mp4,front,476,7943,59.93021113940909,848,478,41.24377615863357,43.06347722685063,39.231557861329776,38.42777310544163,58.16888215359361,60.63922024249987,59.73525523329294
person_12.mp4,front,477,7959,59.93021113940909,848,478,40.127212760449815,41.887412809253966,39.05390428888122,38.4113472420929,57.133875886668925,59.42512177438087,59.74960475515501
person_12.mp4,front,478,7976,59.93021113940909,848,478,40.14929459448529,41.63940767505859,39.04047457008635,38.396374119801024,57.209369912536516,59.514167343848015,59.44017192196584
person_12.mp4,front,479,7993,59.93021113940909,848,478,40.176490696234126,41.41726094903284,38.481662692507,37.995900350432436,57.51391017946178,59.85817342985169,59.54684114605799
person_12.mp4,front,480,8009,59.93021113940909,848,478,40.245659746221975,41.28723539862127,38.07552219203578,37.53928962977127,57.758874209606894,59.91887531472781,59.54721889341901
person_12.mp4,front,481,8026,59.93021113940909,848,478,40.305051822062175,41.36506446134184,38.569927314435354,38.45496526201973,58.167978351305386,60.40581576675517,58.39803226080617
person_12.mp4,front,482,8043,59.93021113940909,848,478,41.63662499768634,41.944766992265485,39.795354624115284,39.90795561740897,59.57498856532502,61.771190979645155,56.93013267456026
person_12.mp4,front,483,8059,59.93021113940909,848,478,41.74598121825652,42.13242462338302,41.902359428252446,41.96352804502372,59.92636338372535,62.1469360044347,54.686324473666
person_12.mp4,front,484,8076,59.93021113940909,848,478,42.12620236698915,42.5315163529014,40.955372006476544,40.89924767872283,60.17894227218422,62.470368377696936,55.48019325432113
person_12.mp4,front,485,8093,59.93021113940909,848,478,41.257944662610335,41.72428450611569,39.93573736420315,39.81259637419327,59.41394075268185,61.593596984486496,56.59973662365918
person_12.mp4,front,486,8109,59.93021113940909,848,478,39.8163934352725,40.321510391809824,39.602339653363806,39.70890486150177,57.97345001590253,60.089082415205105,56.72072558732417
person_12.mp4,front,487,8126,59.93021113940909,848,478,40.408760795512386,40.908613732823824,39.36121397666811,39.396301973349864,58.49331797607539,60.63331819854053,57.08876580093702
person_12.mp4,front,488,8143,59.93021113940909,848,478,39.83779258556913,40.38119543280531,39.48387764782585,39.502068553183314,58.037488033593036,59.990674410962846,57.10706404831568
person_12.mp4,front,489,8159,59.93021113940909,848,478,40.2127839243074,40.813282208840526,39.854976603032206,39.86190942793458,58.37952987115285,60.40160118407972,56.74296101709342
person_12.mp4,front,490,8176,59.93021113940909,848,478,40.66022680946161,41.007518971498094,40.69621542521053,40.905184771561146,58.94648203106115,61.008795393804085,55.88197148254874
person_12.mp4,front,491,8193,59.93021113940909,848,478,41.20745819079514,41.62599302823148,40.94274149517733,40.984709794721766,59.49831028331953,61.75816025769755,55.848341312464136
person_12.mp4,front,492,8210,59.93021113940909,848,478,40.769183239060965,41.24931460409701,40.37808116800231,40.625990208547314,58.86955797430844,61.54108132567649,56.50094624961209
person_12.mp4,front,493,8226,59.93021113940909,848,478,40.82209585865514,41.074636337110725,40.35973653583568,40.57291824152307,58.76195965457232,61.42597938053179,56.6705889720397
person_12.mp4,front,494,8243,59.93021113940909,848,478,40.20225834219755,40.4729883605729,39.790282427664344,40.12182637364214,57.82361024262073,60.391288925210496,57.657284532391294
person_12.mp4,front,495,8260,59.93021113940909,848,478,40.06761129846524,40.07497533316669,39.06862765872724,39.497478451338964,56.82572010464509,59.36105765109243,59.388579613738116
person_12.mp4,front,496,8276,59.93021113940909,848,478,41.61503939644065,41.18391967195104,39.70732118564315,40.13262543016786,57.76608085223515,59.93053494933385,59.787606098078456
person_12.mp4,front,497,8293,59.93021113940909,848,478,42.36338395926452,41.88448493051094,40.94744582154434,41.21161073349196,57.89904238451437,59.86949866660586,59.64357842199683
person_12.mp4,front,498,8310,59.93021113940909,848,478,44.03806307873857,43.711988338098045,42.01906299897723,42.35442069449143,58.45558124373855,60.41915638102112,59.307544245253894
person_12.mp4,front,499,8326,59.93021113940909,848,478,43.55921299904871,43.490320840381095,43.57592492840528,43.70122322637205,58.117762222780456,59.81906404930948,58.04982279298924
person_12.mp4,front,500,8343,59.93021113940909,848,478,43.66461790660191,43.25022084887923,45.05363352797214,44.60936261947238,57.30747736360354,58.68262164480787,57.68344862204599
person_12.mp4,front,501,8360,59.93021113940909,848,478,42.922580572104984,42.96288136369335,45.184438244184484,44.70326086311572,55.57551141385192,57.38995437911809,57.95718070996553
person_12.mp4,front,502,8376,59.93021113940909,848,478,43.741813386526175,43.5775740216277,46.00727154471553,45.41336146596685,55.96717576906231,57.557951340741766,57.609715645215566
person_12.mp4,front,503,8393,59.93021113940909,848,478,43.72303549956124,43.88158904394825,47.349615917751954,46.80145542738171,55.78250466040543,57.27537952688905,56.62356883807145
person_12.mp4,front,504,8410,59.93021113940909,848,478,44.34403693642053,44.604266809814945,49.98963893276858,49.52190943799511,55.9985431153402,57.32775130622577,54.64365645202239
person_12.mp4,front,505,8426,59.93021113940909,848,478,44.33379943017083,43.5443824827564,51.40349833273754,50.8441883155346,55.360634169210975,55.79863404460805,53.339694774254745
person_12.mp4,front,506,8443,59.93021113940909,848,478,45.36812509085767,44.01098250945672,51.52222131096311,51.432899038629756,55.085269811821824,54.664151076837456,53.590431901535105
person_12.mp4,front,507,8460,59.93021113940909,848,478,45.566603780934884,45.074787936847684,53.78949337547185,53.792223085110834,54.60893795712778,54.55821855785682,51.78227685666577
person_12.mp4,front,508,8477,59.93021113940909,848,478,46.54238644118611,45.70042163125539,54.96559520898013,55.20292484039323,55.37404109546771,55.063815004965456,50.72778036076904
person_12.mp4,front,509,8493,59.93021113940909,848,478,46.78240318314027,46.27924390374079,57.01727649376898,57.146077892634,54.687347128362404,54.49512280657557,49.7360148126341
person_12.mp4,front,510,8510,59.93021113940909,848,478,48.49855935865675,48.700455675111606,59.168809988574125,59.97613766493408,52.811069843295236,52.53611720298017,47.9719238488889
person_12.mp4,front,511,8527,59.93021113940909,848,478,50.80431377976592,52.04652140402201,63.18261202896667,64.79147817970248,56.21848533767226,55.65943688203835,44.38809294396295
person_12.mp4,front,512,8543,59.93021113940909,848,478,50.19906595221296,51.63588344187575,62.03936167139905,64.85697438912142,55.10761607249378,54.534567390872375,46.36779810882919
person_12.mp4,front,513,8560,59.93021113940909,848,478,55.32528373382229,56.23552801622647,65.93112332634121,68.4524859210921,56.95834934536455,56.121873500023256,46.309292277230696
person_12.mp4,front,514,8577,59.93021113940909,848,478,58.758524649629244,59.613671791256834,74.05705249435918,75.56012505748396,57.55860355102778,56.61156698441513,42.67909683078659
person_12.mp4,front,515,8593,59.93021113940909,848,478,59.41093685749826,60.387848459265406,78.09283662585706,79.87796921665307,58.65647387600314,57.84806200372313,38.09426481032263
person_12.mp4,front,516,8610,59.93021113940909,848,478,63.355819326728074,63.88875090458994,86.25516820414161,88.14099139738829,60.2531855509458,59.5566017672432,32.25124487724102
person_12.mp4,front,517,8627,59.93021113940909,848,478,66.8918641777603,66.48787292297507,90.47938684966391,90.92630615791396,59.41455885301516,58.540650664401916,33.42840149271021
person_12.mp4,front,518,8643,59.93021113940909,848,478,75.21033172940565,77.91617176026372,105.84005856175482,108.68000227647724,62.51503598200831,62.32946658132432,24.329693058076675
person_12.mp4,front,519,8660,59.93021113940909,848,478,77.0877785230941,81.12146690129036,104.03747050309745,109.00630387924994,62.50161902829815,62.27498802305892,27.72287502793389
person_12.mp4,front,520,8677,59.93021113940909,848,478,84.09773063809617,91.3135357681783,111.63104414282934,119.94261301455572,65.18175202465954,64.49999844951255,25.57619947489053
person_12.mp4,front,521,8693,59.93021113940909,848,478,92.95433773692513,94.88186095905185,131.5411845661591,131.89787397397453,68.52082340369736,68.34234226080396,12.205669705645613
person_12.mp4,front,522,8710,59.93021113940909,848,478,102.1448593308966,103.71893355295977,134.08269563435633,136.32574223140875,70.1529679158494,69.8308730079431,16.562494209193122
person_12.mp4,front,523,8727,59.93021113940909,848,478,114.19256236532976,118.13753143811796,140.5962770304428,144.4581656000879,72.97465324180871,74.07774339620221,18.98650863217106
person_12.mp4,front,524,8744,59.93021113940909,848,478,123.60391431436155,125.19451950010992,144.29422586066983,147.96460372316255,77.3423386696686,76.15691036860714,20.12118685676264
person_12.mp4,front,525,8760,59.93021113940909,848,478,129.4855503814307,127.92445581432618,152.02166606557753,151.69668748572403,76.37514933640719,75.2058470707592,20.115238066390223
person_12.mp4,front,526,8777,59.93021113940909,848,478,137.00139993015532,132.38431003711932,159.7953042918001,154.6007570990424,77.54924703761216,76.71532282729709,19.18914441153421
person_12.mp4,front,527,8794,59.93021113940909,848,478,136.3544552273055,130.00008673373813,160.6154968769042,153.01370405630206,76.54290590488138,76.47337775717952,19.219915910412045
person_12.mp4,front,528,8810,59.93021113940909,848,478,137.26772195827022,135.61378784645805,161.76355458363298,157.94125400820917,76.20118357648805,77.70804935921365,19.02292129322368
person_12.mp4,front,529,8827,59.93021113940909,848,478,143.97188515897048,141.73810615364198,166.33602531332934,162.22245853266213,78.5512535054292,79.32293630320278,18.038437749765738
person_12.mp4,front,530,8844,59.93021113940909,848,478,144.74686166503005,143.85777984366226,164.63432854192075,163.8227730745705,79.37527845271251,79.31899900883633,18.97967741916752
person_12.mp4,front,531,8860,59.93021113940909,848,478,151.77173882177178,148.23349279291259,169.18238807748145,164.83510376505586,81.39549236605497,81.06177265881824,19.04017567451958
person_12.mp4,front,532,8877,59.93021113940909,848,478,149.49168717337798,149.35317567566935,168.62818936972175,167.43156066802953,79.40322355787606,79.54263658464762,19.170900296566877
person_12.mp4,front,533,8894,59.93021113940909,848,478,152.34197071955754,149.39415584224707,168.73086431783665,166.40715499677316,81.44425676748469,80.51318235889931,19.594402304140914
person_12.mp4,front,534,8910,59.93021113940909,848,478,150.0361073449137,147.29947358993843,168.1637200988655,165.65580058179083,80.44269324040734,79.54153580720799,19.662160579292195
person_12.mp4,front,535,8927,59.93021113940909,848,478,147.6181618736279,147.13934672176435,168.39330731600137,166.71501680340373,77.58288591884309,78.4300406000724,20.245356257375395
person_12.mp4,front,536,8944,59.93021113940909,848,478,155.43745659931145,148.6485502567719,171.31797070379355,166.21543291688732,80.26174494442338,80.18743839230322,20.297844220323427
person_12.mp4,front,537,8960,59.93021113940909,848,478,156.99563109888675,151.7745887515637,170.60434624249427,168.97858223435148,82.04450494355461,81.20603159242633,20.323717219724443
person_12.mp4,front,538,8977,59.93021113940909,848,478,158.05764559438967,151.01257512208255,172.14158220318055,167.98356395927976,81.00889211963195,80.93680875375352,20.52231972413071
person_12.mp4,front,539,8994,59.93021113940909,848,478,158.486608462932,151.33889640658455,172.78704512937028,169.03593375615282,80.43277335751291,80.33538815357699,20.67165320991405
person_12.mp4,front,540,9010,59.93021113940909,848,478,156.91796894920287,149.98838410374748,173.26437670886096,168.5386982305962,78.61785505986472,79.47596934031546,20.746949364438322
person_12.mp4,front,541,9027,59.93021113940909,848,478,161.07517343936775,152.57681941418898,174.0019387348517,170.53579720463458,79.95036372853099,80.26046728796108,20.721666163712428
person_12.mp4,front,542,9044,59.93021113940909,848,478,161.5922841876618,152.2020921801155,174.19590703418547,168.82914732897606,82.60997099259602,82.06627173375477,20.73105538016611
person_12.mp4,front,543,9061,59.93021113940909,848,478,160.96169365208712,155.46533109515036,173.45689428715377,171.81730867042324,84.15145575129439,83.34745729246313,20.753260854495522
person_12.mp4,front,544,9077,59.93021113940909,848,478,159.60750379916115,153.45544227328858,172.39460736821712,171.64651917281964,84.08236496515548,81.47110774367596,20.880706365478385
person_12.mp4,front,545,9094,59.93021113940909,848,478,161.25061732692149,152.5242935186038,173.27894709284587,170.93939725100384,84.9501294190915,81.11335172590633,20.903954370400246
person_12.mp4,front,546,9111,59.93021113940909,848,478,159.0940804307878,151.3695784863152,172.10540493331982,171.65119194830248,84.45890992335143,78.97025663398291,21.19875481453673
person_12.mp4,front,547,9127,59.93021113940909,848,478,161.9242730242499,151.85374354798455,173.78101803814812,170.45759531139234,85.2190123585362,80.35214695267439,21.0832039933812
person_12.mp4,front,548,9144,59.93021113940909,848,478,159.5116542073432,153.13616582409557,171.53886018475112,171.06176928694143,85.38791431115726,81.62451856671646,20.974765363145373
person_12.mp4,front,549,9161,59.93021113940909,848,478,158.9398489793739,152.60444535595033,171.1522503019451,170.8512970147563,85.38712520063983,81.47240309732922,20.96399745140562
person_12.mp4,front,550,9177,59.93021113940909,848,478,160.11918278639672,153.03109325452223,171.12488168812325,170.95787568575582,86.82021677632841,82.13451198819179,20.82508752465899
person_12.mp4,front,551,9194,59.93021113940909,848,478,160.95741796883485,153.94994803355746,170.5712716239765,172.2553273206846,87.46350602179731,81.81037222302763,21.00989647819159
person_12.mp4,front,552,9211,59.93021113940909,848,478,161.95522539460606,154.25832301943842,170.48075093779772,172.26461669437998,88.5591942765746,82.32485033195837,21.047215883235392
person_12.mp4,front,553,9227,59.93021113940909,848,478,162.08369683875992,154.2592402023778,170.09045404839162,172.20219679979004,89.32121585422615,82.69217312516147,21.051317971524696
person_12.mp4,front,554,9244,59.93021113940909,848,478,162.72316208372007,153.3717763385899,171.43826011681048,171.762766101439,89.71337523611727,82.36453091256594,20.969748164505816
person_12.mp4,front,555,9261,59.93021113940909,848,478,162.09028733026852,153.78667260119335,170.77118312637185,172.62276296301172,89.477993611041,82.91812917062666,20.942729230062767
person_12.mp4,front,556,9277,59.93021113940909,848,478,163.3006275590332,157.11683189564798,173.13334297248616,172.65335673275308,89.37124734945726,85.64932530826641,20.687177904547255
person_12.mp4,front,557,9294,59.93021113940909,848,478,162.05482217823592,153.51220915782952,172.14057356689102,172.28369532751034,88.79846607568878,81.19425461654161,21.55578905324392
person_12.mp4,front,558,9311,59.93021113940909,848,478,162.20694444967404,156.70555821021625,171.64266810876765,172.8261174476668,89.84161234686242,85.31422347331747,20.851207672670178
person_12.mp4,front,559,9328,59.93021113940909,848,478,162.99442231456104,156.49864805804924,172.33223051833292,172.34744172063952,89.72817834817427,85.31097590834933,20.796652153614698
person_12.mp4,front,560,9344,59.93021113940909,848,478,162.75915121018733,155.646394533968,171.92045621996698,172.21670794257906,89.41040546102835,84.02055805458282,20.883608743694566
person_12.mp4,front,561,9361,59.93021113940909,848,478,163.40158362673313,154.9077603691967,172.51955209062476,171.65299290128104,88.51248096602833,83.64397807041094,21.318453420943293
person_12.mp4,front,562,9378,59.93021113940909,848,478,163.72838524109923,155.22161748463063,172.03968925203054,171.8843513718262,89.44507090926454,83.82118902370041,21.321052641462067
person_12.mp4,front,563,9394,59.93021113940909,848,478,164.27143304705152,154.34039917189693,172.76647473534928,172.39688990095712,88.31900727681952,81.457603390803,21.897982213846227
person_12.mp4,front,564,9411,59.93021113940909,848,478,163.44690692801174,157.27020584781303,173.3498968412697,172.33608845123308,88.26732637152313,84.3849316265905,21.665500778946924
person_12.mp4,front,565,9428,59.93021113940909,848,478,164.43545058311585,156.45680530511555,175.6988077689323,172.98497600374787,85.96949249477294,82.93268707242039,21.618715363137557
person_12.mp4,front,566,9444,59.93021113940909,848,478,163.6770128625424,155.75185795023913,175.02808085503614,172.69175186048386,85.6047311889431,82.54495020720086,21.52528688367526
person_12.mp4,front,567,9461,59.93021113940909,848,478,163.47795072445646,156.06745391777926,174.5170657002042,173.3805670998762,85.86642672157157,82.6950152805741,21.575088232162297
person_12.mp4,front,568,9478,59.93021113940909,848,478,163.19773151012126,157.1535624108661,174.97837245436497,173.58417719176163,86.14931883238557,83.61609903127241,21.15730857448737
person_12.mp4,front,569,9494,59.93021113940909,848,478,163.54614030080367,157.3808013894046,175.13420370947253,174.15723636532624,86.30788937328774,83.7288422608331,20.707977699065108
person_12.mp4,front,570,9511,59.93021113940909,848,478,163.5411824546279,157.55743790247854,174.89199263762717,173.84701665346836,86.47281056286398,83.46003977154787,20.67381001167349
person_12.mp4,front,571,9528,59.93021113940909,848,478,164.16882323459845,157.4445048816424,175.7120711812557,173.28362756493266,86.23058709168275,83.74469990085112,20.512341375841526
person_12.mp4,front,572,9544,59.93021113940909,848,478,163.96019262480695,157.68365247520526,175.59794426970174,173.53384130244646,86.08379963241826,84.13278060327355,20.230915301548535
person_12.mp4,front,573,9561,59.93021113940909,848,478,164.21041274581006,157.22081575568308,175.70210455271103,173.25852183184287,86.3330031372726,83.85901089508657,20.041099381668854
person_12.mp4,front,574,9578,59.93021113940909,848,478,163.89103031082723,156.54812257686072,175.58006827281903,173.32098626597724,86.03858137272353,83.09438717250106,20.02299009905932
person_12.mp4,front,575,9594,59.93021113940909,848,478,163.8882634803809,156.0305654739603,175.5461974576577,173.4173137857747,86.22317067832205,82.29763027979949,20.03353111967666
person_12.mp4,front,576,9611,59.93021113940909,848,478,164.31688757195522,155.29769997807563,175.71604669004492,174.33713581401858,85.79863684055333,80.40521226304607,20.188111455606432
person_12.mp4,front,577,9628,59.93021113940909,848,478,164.4576545939415,156.34241886737078,175.76450245883342,174.69289936769795,85.79999889859825,80.95787543857602,20.2126781404483
person_12.mp4,front,578,9645,59.93021113940909,848,478,164.38229776866177,156.33982495996557,175.68474937463978,175.32912886115818,85.97346494632741,79.93422923453537,20.337452649388027
person_12.mp4,front,579,9661,59.93021113940909,848,478,164.88864551526686,157.05131101456817,175.98826114803123,175.27767730582403,85.77393058821878,80.54210623860295,20.421729652558778
person_12.mp4,front,580,9678,59.93021113940909,848,478,164.45154217777423,157.19714924170728,175.94443648007203,175.35490317739746,84.95955837458719,80.12803847527113,20.66471461681167
person_12.mp4,front,581,9695,59.93021113940909,848,478,164.76124459313172,158.14371143439917,175.89869067896674,175.45498951973752,85.04915166238575,80.81961150083895,20.640875301775278
person_12.mp4,front,582,9711,59.93021113940909,848,478,165.16201786407888,157.965807909816,176.12664254327825,175.32399245892105,85.44383525484342,80.91505944560896,20.586271490933488
person_12.mp4,front,583,9728,59.93021113940909,848,478,165.26600012598277,158.13647810486574,176.1193068728919,175.22512403856825,85.60369773274087,81.25779372807729,20.58718245136225
person_12.mp4,front,584,9745,59.93021113940909,848,478,164.9519471077084,157.88746413358928,176.2172449328671,175.00655568897596,84.74273535365101,80.99929698120303,20.743335628233655
person_12.mp4,front,585,9761,59.93021113940909,848,478,166.01010398567288,157.86219797888447,175.9315994566141,174.74119891646362,84.47345986572869,80.51442279669473,21.05210813351989
person_12.mp4,front,586,9778,59.93021113940909,848,478,165.56255222740694,157.9343455136178,175.69154033757178,174.67410443017945,84.3319988661598,80.27021445286175,20.966825309466802
person_12.mp4,front,587,9795,59.93021113940909,848,478,164.82654067680636,157.71334440096982,175.36786988900772,174.4468819801371,83.61545052665562,80.32178388851257,21.037507433739307
person_12.mp4,front,588,9811,59.93021113940909,848,478,164.88035147269798,157.53947659838713,175.31480941222694,174.3143079445945,83.93255378992053,80.16270581461316,20.95592938466768
person_12.mp4,front,589,9828,59.93021113940909,848,478,162.8815878350055,155.6521517279418,175.39363051981914,173.93029835273737,81.97629184077745,78.28848532474356,21.306300307984966
person_12.mp4,front,590,9845,59.93021113940909,848,478,161.31865145457064,154.79743757126016,175.201535540282,173.3308044990404,81.3076860392776,78.2201888961426,21.17946775591122
person_12.mp4,front,591,9861,59.93021113940909,848,478,161.08958690395474,154.39568758043973,175.105660545926,173.00347453371492,81.33728154100045,78.19103857150947,21.094580062525512
person_12.mp4,front,592,9878,59.93021113940909,848,478,158.10837536566262,152.4279598964818,174.91037842554027,172.96991219303766,79.56859852233205,76.68628395687993,21.163377193878894
person_12.mp4,front,593,9895,59.93021113940909,848,478,157.8845423472398,152.22401331690065,174.3268428987003,171.1686097034405,79.89290301150486,78.10234333623332,21.567015870930682
person_12.mp4,front,594,9912,59.93021113940909,848,478,156.6735269510294,152.07884636444555,174.05485016815382,171.0632608959732,79.5839808340064,78.16443505514664,21.44032088600692
person_12.mp4,front,595,9928,59.93021113940909,848,478,157.1787338114497,151.5118213233311,173.8047277033293,169.59870463916428,79.89947037907105,79.6368082102813,21.33559583601365
person_12.mp4,front,596,9945,59.93021113940909,848,478,154.3281510846071,149.19601880603318,172.89020755673457,167.86147278668273,78.27013395352697,80.39045080267736,21.013201572674223
person_12.mp4,front,597,9962,59.93021113940909,848,478,152.21842469444866,147.98813309398815,171.8605705435515,167.36985320998517,77.46089390658724,79.24039556202688,21.13818016036006
person_12.mp4,front,598,9978,59.93021113940909,848,478,146.0060290179696,146.21657687246008,167.77300844750263,166.2131114824857,76.86133596683398,80.47180293162167,21.293721096295062
person_12.mp4,front,599,9995,59.93021113940909,848,478,142.876094068586,141.79359481925718,164.70820436884628,163.91814432743934,76.83936645766147,78.30180928209612,21.372391878769275
person_12.mp4,front,600,10012,59.93021113940909,848,478,142.33809343580788,141.01537331629993,163.60707039074654,163.3757278513527,76.95622624458322,78.05241901736478,21.76431730723613
person_12.mp4,front,601,10028,59.93021113940909,848,478,144.17903768416807,136.51169332852317,161.73622838661495,157.60452336285016,80.6009444540376,80.17188693090087,21.431649898542613
person_12.mp4,front,602,10045,59.93021113940909,848,478,148.66382766527815,138.74482644385716,162.5047307334133,155.6275996473844,84.51798257430379,84.57361699651992,20.572116203808406
person_12.mp4,front,603,10062,59.93021113940909,848,478,138.05946832765372,132.43567058249974,150.85851327061164,150.63270231231874,85.5637151240042,83.69017635935221,19.936733640949168
person_12.mp4,front,604,10078,59.93021113940909,848,478,127.83937278793222,125.56993835985288,146.18454584190286,146.3409839717756,82.61072732675332,82.43250242820838,19.42853762111703
person_12.mp4,front,605,10095,59.93021113940909,848,478,119.46869140388708,117.00077896213044,140.08831853390882,138.2928988927558,82.87791668326348,82.1029452833151,17.43890890846171
person_12.mp4,front,606,10112,59.93021113940909,848,478,109.93126020947281,110.69711018361527,131.39116192172887,133.73055698957467,79.83120855927746,78.61521824895459,18.771214937130388
person_12.mp4,front,607,10128,59.93021113940909,848,478,105.19942331658385,104.77923486118779,127.24756949106589,129.39904936985675,80.17750788816598,78.92847266754204,16.93749297548857
person_12.mp4,front,608,10145,59.93021113940909,848,478,101.53819826948134,102.25513176654468,125.52952373710856,128.34972049266185,80.65267581457096,79.87208832795011,13.9090580771985
person_12.mp4,front,609,10162,59.93021113940909,848,478,104.96144504154468,102.05017193444542,125.7064230236871,125.27543255170738,85.50866223554576,83.75307600291896,12.26816225153623
person_12.mp4,front,610,10179,59.93021113940909,848,478,95.47453138238106,94.46321466861053,118.16704391135862,118.2528368641701,80.95694791724573,80.11648589882971,14.462249316977893
person_12.mp4,front,611,10195,59.93021113940909,848,478,93.5769003783933,92.50212676492667,115.61376443439151,115.45102222151509,80.37525271239663,79.38836461322862,15.641281660415872
person_12.mp4,front,612,10212,59.93021113940909,848,478,88.62254800150055,87.47319515117842,107.47203543395136,108.35704457475214,77.55979649850933,76.38887843246263,19.491905203234154
person_12.mp4,front,613,10229,59.93021113940909,848,478,89.26014568935932,87.75262398688697,106.36162288353769,106.80165224917681,79.6261565119669,78.34301588100787,19.53957637399809
person_12.mp4,front,614,10245,59.93021113940909,848,478,73.918959668208,74.7398460219264,90.84197190551771,90.5944191176997,68.33203092290466,68.36376122921871,30.91111928205876
person_12.mp4,front,615,10262,59.93021113940909,848,478,71.5424333660343,72.74138625655772,84.26659395906641,85.34378400844587,67.92334414061878,67.98459207291819,34.234538145394104
person_12.mp4,front,616,10279,59.93021113940909,848,478,68.49130418399582,70.6615984238551,78.92109656716129,81.82216020549839,67.54959914532783,67.7532477016092,35.55887041394371
person_12.mp4,front,617,10295,59.93021113940909,848,478,65.21127129141982,66.45467104649548,75.10963415116687,77.07696897355412,64.14918504512208,64.01474912739573,39.458155661051364
person_12.mp4,front,618,10312,59.93021113940909,848,478,63.24136360302368,63.64671287348567,70.54870336960148,71.99933036863528,62.68134548278411,62.34326036540383,43.381755181517306
person_12.mp4,front,619,10329,59.93021113940909,848,478,64.39929339729758,65.43522284584454,72.12326358522841,74.16727466052248,64.24882730647067,64.3082499234435,41.62597776973701
person_12.mp4,front,620,10345,59.93021113940909,848,478,60.03526243793374,61.41319670195699,66.15130437487753,68.63016813450335,61.004759309038846,60.99805376815424,46.25410576203515
person_12.mp4,front,621,10362,59.93021113940909,848,478,58.68849815379837,59.79876902133324,67.36191100082024,68.7411922518689,60.33725888589965,60.23248743642951,45.03897716593678
person_12.mp4,front,622,10379,59.93021113940909,848,478,57.516077644774924,59.04514598946721,66.78970544091673,68.28178934669606,59.90802908996635,60.31139857995984,44.96640093130953
person_12.mp4,front,623,10395,59.93021113940909,848,478,57.995163467872594,59.3540449915389,66.94801121940061,68.0170301390519,61.396529697093605,61.62274081008588,44.053283373028236
person_12.mp4,front,624,10412,59.93021113940909,848,478,58.07311642229069,58.93842214016284,64.66645443915259,65.63798677931341,61.50398745606432,61.573268358276195,45.872456469732796
person_12.mp4,front,625,10429,59.93021113940909,848,478,54.58222920852857,56.00169564522042,58.82668115834222,60.879845327287185,59.118556171909276,59.555141117559174,50.02320828909735
person_12.mp4,front,626,10445,59.93021113940909,848,478,54.74050224372025,56.65346872417489,58.765984769839996,59.994737583224875,59.46719245295827,60.17907576448407,50.4078630262855
person_12.mp4,front,627,10462,59.93021113940909,848,478,52.67884030012542,53.73922086060774,56.556495897389915,57.26172268422496,57.982575072047986,58.26392102335267,52.41126187060091
person_12.mp4,front,628,10479,59.93021113940909,848,478,52.88353932746168,53.77015434608198,57.3598572726541,57.984899283531696,58.144563399717185,58.57032473923447,51.57541032531347
person_12.mp4,front,629,10496,59.93021113940909,848,478,50.31249918482328,51.16132350506965,56.684014659563765,57.086349334754374,56.98910451914386,57.65638686258394,51.44572458873229
person_12.mp4,front,630,10512,59.93021113940909,848,478,51.14427923998159,51.25745480890671,55.4244872024874,55.41624001563899,57.30636319532862,57.84933231712503,53.108795669006916
person_12.mp4,front,631,10529,59.93021113940909,848,478,49.48392522520191,48.58732766222693,53.57006692814157,52.409863861717874,56.189974644435274,56.39606812049847,54.81025870297286
person_12.mp4,front,632,10546,59.93021113940909,848,478,49.304921802234,49.04239131456342,54.3187425485747,53.22892129643262,56.598819937616916,57.334560727749064,53.73956771685775
person_12.mp4,front,633,10562,59.93021113940909,848,478,47.87396334184913,47.31793485258504,54.50504401103319,52.87148377032217,55.76232545262307,56.509275296083466,53.206149882738615
person_12.mp4,front,634,10579,59.93021113940909,848,478,47.85757385893988,47.29166942056221,54.743994654252866,52.68631263025817,56.00454890734258,57.37937501836151,52.852129915029025
person_12.mp4,front,635,10596,59.93021113940909,848,478,47.02499192341477,46.75979623610104,54.64187715402263,52.88371017546116,55.75626576391815,57.292831224987744,52.46045339290033
person_12.mp4,front,636,10612,59.93021113940909,848,478,46.814931813298905,47.0490158126268,54.98499007227311,53.401614883104635,57.50759438267219,58.61131277679058,52.43286284887659
person_12.mp4,front,637,10629,59.93021113940909,848,478,45.314560674820555,45.22948850360826,55.07704954048258,52.88909378969883,56.61435658589924,58.093027972438534,52.089175654044126
person_12.mp4,front,638,10646,59.93021113940909,848,478,45.77561093719948,45.38315506701575,56.09657222468874,54.187823123062685,58.744967536321845,59.10396041947926,50.60073802236301
person_12.mp4,front,639,10662,59.93021113940909,848,478,46.61689893162729,45.922671841992326,56.53354058681734,54.4421187119592,59.831520309642364,60.62785180326297,50.17413010477359
person_12.mp4,front,640,10679,59.93021113940909,848,478,45.79158631878421,44.736694813096065,55.620885294585726,53.07649862451289,59.340810929799915,59.54494997168614,51.11515563193147
person_12.mp4,front,641,10696,59.93021113940909,848,478,45.58324303516741,44.65013473255684,54.9445593362628,52.3231864186639,59.38916440415327,60.18810687530987,51.741372275315555
person_12.mp4,front,642,10712,59.93021113940909,848,478,45.40461422373232,44.604127382495754,53.68609715410642,51.61640125044587,58.966446847063494,60.833892703241915,52.623960795238595
person_12.mp4,front,643,10729,59.93021113940909,848,478,44.03499785573619,43.1988381025404,51.938156355655806,49.763005955494805,57.960796790774914,59.364976848312345,53.96009857658467
person_12.mp4,front,644,10746,59.93021113940909,848,478,43.816736634262014,42.60769690157691,51.842451949779104,50.09049656529583,58.10064493893263,59.52832439831019,53.52938695730766
person_12.mp4,front,645,10763,59.93021113940909,848,478,43.64227273878387,42.58369085768936,51.0799757971077,49.28758561112289,58.43634083488408,59.60964756099798,53.95042703489758
person_12.mp4,front,646,10779,59.93021113940909,848,478,43.731030101682684,42.904268988791344,50.21965467645254,48.69025985160216,58.3764737441632,60.21474812254712,54.12427538351127
person_12.mp4,front,647,10796,59.93021113940909,848,478,44.42573165564802,43.53601949612275,49.513973252690334,48.215738287794935,59.43587991722041,61.491751407567214,54.094356169107854
person_12.mp4,front,648,10813,59.93021113940909,848,478,43.28766388710885,42.70701918682577,48.863442413815584,47.33509795515831,58.49251476927848,60.26726487907927,54.414089037577256
person_12.mp4,front,649,10829,59.93021113940909,848,478,42.49455906061968,42.25723225984846,45.99520550555024,45.04020830595618,57.443865925889625,59.66406013968298,56.33313065053909
person_12.mp4,front,650,10846,59.93021113940909,848,478,41.89070466286465,41.49419502730485,45.7145337551175,44.347093877322244,57.34297238287501,59.27543357829136,56.443118500374474
person_12.mp4,front,651,10863,59.93021113940909,848,478,42.063830428434144,41.6865059785639,46.0193086412759,44.08000216627773,58.03915467741515,59.869678459206696,56.07906018186343
person_12.mp4,front,652,10879,59.93021113940909,848,478,41.36028820992686,41.631520923092026,44.22585623326096,43.09434380471662,57.607844286418874,59.83605052167558,56.65071574909162
person_12.mp4,front,653,10896,59.93021113940909,848,478,41.07555463249158,41.34965191220506,43.5814050071688,42.59179515742711,57.345061238006274,59.748886844233795,56.96915157874962
person_12.mp4,front,654,10913,59.93021113940909,848,478,40.34186650928434,40.905979479506726,42.98806051061086,42.23217511781942,56.793105471124065,59.46244017304096,57.33469754306765
person_12.mp4,front,655,10929,59.93021113940909,848,478,40.745754222548385,41.22727738616388,43.058489214325235,42.014807980841475,57.29724228016652,59.84409875885924,57.24417929634853
person_12.mp4,front,656,10946,59.93021113940909,848,478,39.93886642671119,40.6840818410304,42.4156941188295,41.34209634396441,56.57316470545821,59.48822304466593,57.64314933446732
person_12.mp4,front,657,10963,59.93021113940909,848,478,39.186461481114605,39.99087061649859,41.70227647803149,40.605263875997686,55.76914774305151,58.80085110297052,58.12972156835631
person_12.mp4,front,658,10979,59.93021113940909,848,478,39.27740541628447,40.14620553966891,41.590465623968775,40.58625536085577,55.73794086479043,59.16110239411771,57.966272530452564
person_12.mp4,front,659,10996,59.93021113940909,848,478,38.874853507508654,39.98370871757068,41.27719629381791,40.165431820011875,55.59001143030692,59.207809138933975,57.961738257174176
person_12.mp4,front,660,11013,59.93021113940909,848,478,38.06413925709748,39.15301566095379,40.390604200261286,39.277949326169626,54.80305870924255,58.45557508961438,58.71179197479942
person_12.mp4,front,661,11029,59.93021113940909,848,478,37.94194496958408,39.32979609964074,39.91452256618684,38.99928481826078,54.755654799318584,58.40727274795561,58.94253815297445
person_12.mp4,front,662,11046,59.93021113940909,848,478,37.27343545903483,38.78859982104012,40.2226367538751,39.28997823276928,54.35372948290738,57.95443188364885,58.656565266149
person_12.mp4,front,663,11063,59.93021113940909,848,478,37.01614628802084,38.473817848542105,39.51678502735907,38.63260646441422,54.30890139635284,57.6085623773469,59.22453713192878
person_12.mp4,front,664,11080,59.93021113940909,848,478,37.801473966782694,39.14850114028256,40.01410885977848,38.96668109958902,55.04783450812888,58.474239123346116,58.79146095330669
person_12.mp4,front,665,11096,59.93021113940909,848,478,37.476084161112844,39.06774307302777,40.23214927573767,39.257756184314154,54.989437273743754,58.53134633319792,58.468502216931626
person_12.mp4,front,666,11113,59.93021113940909,848,478,36.95842018222193,38.5909557599218,40.30371125188017,39.42101443285411,54.557079782999416,57.97737015142585,58.26965634985953
person_12.mp4,front,667,11130,59.93021113940909,848,478,36.46343049582601,37.947760747585555,40.11968307201292,39.28562362558814,54.1419301816037,57.39414781163648,58.46280912322436
person_12.mp4,front,668,11146,59.93021113940909,848,478,37.15328028097697,38.45176607357599,40.45827964082553,39.55200195435737,54.32123074012468,57.44067383980538,58.41716416054833
person_12.mp4,front,669,11163,59.93021113940909,848,478,37.015580012957244,38.51652503920895,40.75206526599088,40.01463893342432,54.16713317271502,57.40811731650776,58.228136801679696
person_12.mp4,front,670,11180,59.93021113940909,848,478,38.25336286810037,38.912496415955104,41.61124548182151,40.884241771042085,55.25365516886598,57.985329260567575,57.64995998248053
person_12.mp4,front,671,11196,59.93021113940909,848,478,38.48351908930874,38.56916188169152,41.600961128640535,40.444044054586065,55.257926973932484,57.61091865394955,58.13932380326892
person_12.mp4,front,672,11213,59.93021113940909,848,478,39.57730523495156,39.738665404028254,42.048142580658386,41.060448867397554,55.856563438504125,58.239261180490516,58.188000430089346
person_12.mp4,front,673,11230,59.93021113940909,848,478,39.75736663045358,40.10634305951701,42.29221838324032,41.251624278039856,55.77383789090501,58.153939124140244,58.36943622653534
person_12.mp4,front,674,11246,59.93021113940909,848,478,40.665881999866045,40.879964081778766,43.73084660282358,42.449642965368405,56.59188701935312,58.94653197868426,58.066320736612006
person_12.mp4,front,675,11263,59.93021113940909,848,478,40.97025675128405,41.14039727122021,44.497509617283725,43.441131744791086,55.91236752492547,58.15133752234246,57.868289472601155
person_12.mp4,front,676,11280,59.93021113940909,848,478,42.12318952701891,41.4527138339979,45.7795459269215,44.5895807425251,56.307477597864505,58.01417724963599,57.51950254209387
person_12.mp4,front,677,11296,59.93021113940909,848,478,43.213287043571135,42.38423926012887,47.152816566770454,46.26982490075432,56.775846831345355,58.21550603595212,56.53011828166257
person_12.mp4,front,678,11313,59.93021113940909,848,478,42.82172957799948,42.02882394300866,47.988224431816406,47.11532774973166,55.58450582488307,57.112443615228656,56.15480863487229
person_12.mp4,front,679,11330,59.93021113940909,848,478,43.39020044468662,42.07744730261923,50.99968133974473,49.82939628062398,55.965237704624904,57.10434835054533,54.05119881169283
person_12.mp4,front,680,11347,59.93021113940909,848,478,44.08381989573426,43.032047398724636,51.09004465993441,50.64049433158105,55.90818252392942,56.81025024520613,54.07540693990542
person_12.mp4,front,681,11363,59.93021113940909,848,478,43.8360568764568,43.25473962820907,52.75316173437067,52.582256049077124,54.976844983881286,55.96331861930544,52.80427825144671
person_12.mp4,front,682,11380,59.93021113940909,848,478,44.56625702607532,43.15096608660978,53.74884652667469,53.41220776703772,55.35121549856505,56.78495199775832,51.81502108437995
person_12.mp4,front,683,11397,59.93021113940909,848,478,43.38859640779319,41.83297830389105,54.082947906243874,54.11939248569453,55.98487064679127,52.97761218052961,50.90494252694958
person_12.mp4,front,684,11413,59.93021113940909,848,478,43.818671498310344,42.8548513958682,56.419808742873464,56.1945616915202,55.18265896057989,53.86885793484417,49.10697134190523
person_12.mp4,front,685,11430,59.93021113940909,848,478,44.93091201069653,44.788153911629244,59.050890165079416,59.43676862546209,53.32364133549183,53.12000642932168,46.68681440456756
person_12.mp4,front,686,11447,59.93021113940909,848,478,48.523483131894075,48.74019698718553,62.73526677857443,63.91172918204107,56.362961587358065,56.82003042851669,43.14448310919121
person_12.mp4,front,687,11463,59.93021113940909,848,478,50.8696586530028,51.01344968778049,64.84501821679163,66.45652599729678,58.329920544416055,58.52429175793893,41.30357211146734
person_12.mp4,front,688,11480,59.93021113940909,848,478,53.97930413178536,53.81573968953225,73.37355800610412,75.24047490109996,61.0425396838529,60.57300944776392,33.569233641511076
person_12.mp4,front,689,11497,59.93021113940909,848,478,52.40596805190296,52.763561910043485,70.40238150527989,72.01216506029813,57.90172780671745,57.01775080704806,38.82288004735832
person_12.mp4,front,690,11513,59.93021113940909,848,478,50.822157777951915,51.06449426415445,69.22853676230044,70.6305500048951,55.135013946346895,54.380072162882826,41.662414363906905
person_12.mp4,front,691,11530,59.93021113940909,848,478,52.69441021047041,53.20592805161113,70.5399408702104,71.95617770261421,54.144400305048066,53.676174198424526,42.76786422350312
person_12.mp4,front,692,11547,59.93021113940909,848,478,55.71398904736309,56.455548543481626,76.9753991681503,77.60818735255226,56.38086620478615,55.98206271886852,38.46029144323335
person_12.mp4,front,693,11563,59.93021113940909,848,478,59.50741874069518,60.11718615988144,85.598705238022,85.50581218941623,57.322393528789995,57.10477278401279,33.611730854814795
person_12.mp4,front,694,11580,59.93021113940909,848,478,63.115226453772216,65.64300213566618,97.57699503580682,96.84042263213746,59.78714662212176,60.31769925781444,24.72041435641224
person_12.mp4,front,695,11597,59.93021113940909,848,478,68.60373526408159,70.21629691496967,106.44878329522251,104.96008861752082,58.750858835697734,59.03947626036658,23.125093062176926
person_12.mp4,front,696,11614,59.93021113940909,848,478,73.14501239077038,77.28821283099343,109.06569743843691,110.98498659657149,61.16687106045548,61.93565396193126,22.51315243007772
person_12.mp4,front,697,11630,59.93021113940909,848,478,83.27000559381723,87.14680164096013,118.68099770946642,121.54353344688455,63.889570076089214,65.21376491299134,20.6454239399262
person_12.mp4,front,698,11647,59.93021113940909,848,478,84.38706301545295,88.25941425729746,119.79285123616525,121.75326094823437,65.0807399632287,66.63229116923925,20.208497427877354
person_12.mp4,front,699,11664,59.93021113940909,848,478,103.63370523167501,99.6500010636379,137.765935495029,128.9877686465152,70.69544237164772,73.38012577871697,18.30658536273394
person_12.mp4,front,700,11680,59.93021113940909,848,478,110.14056560383763,105.07032016714179,145.15897079224877,134.91163185257454,69.90316212569998,73.8306196456946,17.802094762386698
person_12.mp4,front,701,11697,59.93021113940909,848,478,115.26778927166086,110.58599420632015,147.16443188828924,138.79002021685065,70.05853375403558,73.55414404796905,19.67563350522657
person_12.mp4,front,702,11714,59.93021113940909,848,478,123.18255583023972,118.28597052402195,151.7705823919519,146.38822235994098,72.12266886052534,74.26307796961059,19.550086145629848
person_12.mp4,front,703,11730,59.93021113940909,848,478,130.4112515332163,123.74131972264853,157.26950800872444,151.28438199504305,75.91036521094082,76.28052526693983,18.114244862510752
person_12.mp4,front,704,11747,59.93021113940909,848,478,130.75997990421843,125.76414640616348,157.47524696658883,153.5405137705286,76.28375826831389,76.08691247447126,18.038296965826948
person_12.mp4,front,705,11764,59.93021113940909,848,478,142.5048949055213,132.7789787273786,163.57383066989559,154.92590710844223,79.98149927399496,79.70514863116858,18.49491413591601
person_12.mp4,front,706,11780,59.93021113940909,848,478,145.16288530716128,134.90125210605797,165.3046489266907,154.87074450299113,80.49484870134567,80.63721048091165,18.63552846622824
person_12.mp4,front,707,11797,59.93021113940909,848,478,144.57929145497855,140.39621880227867,163.58662360191505,160.9050589302591,80.93308439636054,79.72283151735559,19.75420112861806
person_12.mp4,front,708,11814,59.93021113940909,848,478,149.5188165109958,142.24694559589824,166.84663494112183,160.7497857651005,80.76779142943319,81.22087995451018,20.219659066536526
person_12.mp4,front,709,11830,59.93021113940909,848,478,145.76128476327003,142.7254827817815,163.81742346835833,162.57021612125536,79.49836554209162,79.81501375410312,20.621978833338403
person_12.mp4,front,710,11847,59.93021113940909,848,478,147.8394295058364,142.100295721029,166.83502160578908,162.56529479084293,78.57405377286968,79.08044775724262,20.549367033458264
person_12.mp4,front,711,11864,59.93021113940909,848,478,145.15973522056802,145.12031592716957,165.33773018426214,165.63227600411696,77.47723782249847,78.24085363626547,20.923820628200907
person_12.mp4,front,712,11880,59.93021113940909,848,478,142.40429151988567,143.83637694457153,163.70528618489803,166.91932520880854,76.22742343984866,76.32538395629454,20.9520320207482
person_12.mp4,front,713,11897,59.93021113940909,848,478,145.01418011918224,146.6753864519951,165.11944106508378,169.085532874989,76.85944497957934,76.0420845484405,21.056681159780005
person_12.mp4,front,714,11914,59.93021113940909,848,478,146.5992030841268,147.19402167332976,166.28809851587752,169.09675922671693,76.82233460186168,76.22737769131169,21.398935427959348
person_12.mp4,front,715,11931,59.93021113940909,848,478,151.26051908078617,149.75207161936913,167.37401648124867,169.190903165292,80.15585343229259,78.76435304235765,21.49352593344829
person_12.mp4,front,716,11947,59.93021113940909,848,478,156.64531572077155,151.24627584159074,169.3633218386999,169.35121718169043,83.31258085310442,80.65921723820297,21.352206250461602
person_12.mp4,front,717,11964,59.93021113940909,848,478,155.32248722888872,150.4769675860144,169.17963446776858,169.9650713069848,82.29465135651132,79.59200797703875,21.43761604319751
person_12.mp4,front,718,11981,59.93021113940909,848,478,158.1179518556949,151.68085729732056,170.0544610544663,170.18124404777674,83.50198691357502,80.61844570659436,21.61551059525379
person_12.mp4,front,719,11997,59.93021113940909,848,478,158.66713998934577,150.90911763647003,171.68538919072452,169.39171346809763,82.11992985131931,80.48404934139282,21.545227953568975
person_12.mp4,front,720,12014,59.93021113940909,848,478,157.32154265708266,150.47698582669886,170.81071662884568,169.36046034043446,82.15507964273748,80.27527275385702,21.598663911147803
person_12.mp4,front,721,12031,59.93021113940909,848,478,155.36875877536394,150.0305096987916,170.81160108173452,170.3790518302701,80.44007402550226,78.78443896416333,21.57139322484442
person_12.mp4,front,722,12047,59.93021113940909,848,478,154.11733356844567,149.48083389857342,171.22358759543073,170.5156871178171,79.22224997185256,77.89790290311915,21.636094354882196
person_12.mp4,front,723,12064,59.93021113940909,848,478,155.87592446442136,150.1165753023108,170.88623545413878,169.89126627022793,81.24166090862758,79.6143956353535,21.582179344127102
person_12.mp4,front,724,12081,59.93021113940909,848,478,156.42886966221624,148.31154422249088,172.79994178559565,168.5490714594718,80.736694882191,79.51825852725813,20.972703752103513
person_12.mp4,front,725,12097,59.93021113940909,848,478,154.74808359669726,148.25973974619208,172.29294907295954,169.8321933996138,80.11450094686775,78.48039081281392,20.74652850321814
person_12.mp4,front,726,12114,59.93021113940909,848,478,154.27820346503344,150.3335914264084,171.23288325123988,171.23759871232696,80.85517152938382,79.5539871006174,20.821109156730852
person_12.mp4,front,727,12131,59.93021113940909,848,478,154.64513416228866,151.83356344685694,171.2078529385534,174.32722786396894,80.58528805706834,76.26329801056896,21.14904984533309
person_12.mp4,front,728,12147,59.93021113940909,848,478,154.84281582835166,152.05588645016152,170.71417223317547,173.33952394124503,81.44396054709404,78.34119043096457,21.32323434956146
person_12.mp4,front,729,12164,59.93021113940909,848,478,156.6537077728106,154.24125979631333,171.2846680830753,174.31707438441705,81.70389434394416,79.56068678628289,21.3177519233651
person_12.mp4,front,730,12181,59.93021113940909,848,478,157.23982398383367,152.58274421795926,171.53462455822876,173.3709133314813,82.56206806176472,79.1971716857084,21.28790349177939
person_12.mp4,front,731,12198,59.93021113940909,848,478,162.4041260863008,155.71178444703784,171.73418408034317,174.6641646809467,87.72819762957056,81.6623743457981,21.309589744534662
person_12.mp4,front,732,12214,59.93021113940909,848,478,162.45790650603763,153.28194696353162,171.640534319718,174.28837364354388,88.34538475517984,79.2921506576078,21.043538267912
person_12.mp4,front,733,12231,59.93021113940909,848,478,163.36294390449038,154.70661251897928,172.30796571190882,173.82064725900545,88.93471430374191,82.39406083235895,20.740694709173972
person_12.mp4,front,734,12248,59.93021113940909,848,478,163.12001505693988,154.65498645714948,172.32405267198237,173.74971150577062,89.08762006689587,83.01657550842842,20.469963963032214
person_12.mp4,front,735,12264,59.93021113940909,848,478,164.7634028980726,155.1377019312497,173.0458968024966,173.97275304233477,89.67528715457433,83.16984696825419,20.52836504260169
person_12.mp4,front,736,12281,59.93021113940909,848,478,164.37781811457424,155.36190433734083,172.65259848809305,173.99188276485054,89.79869965149933,83.56007644606954,20.38627755399001
person_12.mp4,front,737,12298,59.93021113940909,848,478,167.31032362612427,155.73118838165806,172.70943166641297,174.0442868354227,91.68338135925993,83.59973915893295,20.484568578364254
person_12.mp4,front,738,12314,59.93021113940909,848,478,166.47107393140354,155.43833304557188,172.9677282395897,173.74339143194263,90.76206491886808,83.53849337132591,20.429894375480657
person_12.mp4,front,739,12331,59.93021113940909,848,478,166.47277504201153,155.72695052183656,172.75715439355037,173.6777173123321,90.5593269016646,83.76607860618599,20.551625158805663
person_12.mp4,front,740,12348,59.93021113940909,848,478,166.6626377938487,156.60579717661454,172.99062397271555,173.45587340958022,91.07877566999954,84.48308323500788,20.27586446456986
person_12.mp4,front,741,12364,59.93021113940909,848,478,167.3583418986444,156.38855890015435,173.74977157855218,173.21695015636746,91.04010238579515,84.52740959206564,20.34167016572412
person_12.mp4,front,742,12381,59.93021113940909,848,478,167.2637314717601,156.07463071255066,173.62549317645608,172.99707266572287,91.18058149885087,84.52320444861932,20.372286854195547
person_12.mp4,front,743,12398,59.93021113940909,848,478,168.71406054400407,155.8136745553583,173.53346369909275,173.14925586107935,91.81562305698526,84.29486169480319,20.65231338599119
person_12.mp4,front,744,12414,59.93021113940909,848,478,167.902574276688,155.68383971240246,173.35471245028342,173.28396302686923,91.21222486394242,83.98020154921915,20.654727410107448
person_12.mp4,front,745,12431,59.93021113940909,848,478,167.34202504289385,155.98597469110805,173.31234246868587,173.25445680087597,90.91485569627764,84.4492565111912,20.515599219000485
person_12.mp4,front,746,12448,59.93021113940909,848,478,167.3791601551718,155.7952624966568,173.3420395420372,173.2844282006651,90.74285460719513,84.29200300055122,20.478190665591907
person_12.mp4,front,747,12464,59.93021113940909,848,478,167.6568777584577,156.88611603618537,173.63202285076378,173.10745078351144,91.22936156017738,85.35750492144176,20.37110854221587
person_12.mp4,front,748,12481,59.93021113940909,848,478,167.15969814466243,156.1955971544431,173.28795410130664,173.39822841600488,90.7120911079264,84.43499921733414,20.484016172842896
person_12.mp4,front,749,12498,59.93021113940909,848,478,166.78506200998817,156.49050034050958,173.5228065801818,173.39184206184734,90.37678038583095,84.49913395068546,20.279874334082944
person_12.mp4,front,750,12515,59.93021113940909,848,478,165.96995251226096,156.05922039023613,172.8262864017805,173.87340668587464,89.98845220626829,83.55292916676233,20.244047114636214
person_12.mp4,front,751,12531,59.93021113940909,848,478,165.88563697522264,156.95398401073217,173.20475478281065,173.8322425050607,89.77677793267813,84.5133315998685,20.056661456837812
person_12.mp4,front,752,12548,59.93021113940909,848,478,165.3661432984923,156.61487137156846,172.12444485308797,173.9996018624163,90.4954181511721,84.32371629636607,19.930435462225304
person_12.mp4,front,753,12565,59.93021113940909,848,478,167.0700700338424,156.82395133129117,174.19911564357898,174.04812877507482,89.74764408329206,84.04314173966402,20.053395758653444
person_12.mp4,front,754,12581,59.93021113940909,848,478,166.51698058655424,156.3088927700677,174.13961083143994,174.10814883482897,89.57444925784546,83.39258928556627,19.957246467756253
person_12.mp4,front,755,12598,59.93021113940909,848,478,166.27734101709183,156.41702292558986,175.27617588060565,174.1912563219237,87.93934571175589,83.12976413759816,19.92682160791247
person_12.mp4,front,756,12615,59.93021113940909,848,478,165.42740128056542,156.45611805070413,174.92672113552717,174.264137661022,87.88737808881189,82.91174958315602,19.759895417863998
person_12.mp4,front,757,12631,59.93021113940909,848,478,165.3757719536396,156.1824579522494,174.8084754627622,174.5443063240618,87.561646225635,81.71825758417849,20.035848098108847
person_12.mp4,front,758,12648,59.93021113940909,848,478,164.80423102875764,156.72355475225157,174.64490215863322,174.11799143524001,87.50346328603192,81.92844768510439,20.021385363630877
person_12.mp4,front,759,12665,59.93021113940909,848,478,164.9862582911114,156.30034336261951,175.86964316406724,174.3489453242158,85.5111322253066,80.4459177519778,20.17874004791574
person_12.mp4,front,760,12681,59.93021113940909,848,478,164.40456555786542,156.29210232797752,175.5257730633729,174.30474733600337,85.3955238069913,80.17054963659375,20.29637712100615
person_12.mp4,front,761,12698,59.93021113940909,848,478,164.34257740304898,155.67783145771995,175.7862125540719,174.48337166276877,84.6001208350461,78.42642595320073,20.67723344459952
person_12.mp4,front,762,12715,59.93021113940909,848,478,163.32679918487224,156.29332434280172,175.23347480759628,174.42443238844584,84.10284555093152,79.1049159149372,20.7771081197223
person_12.mp4,front,763,12731,59.93021113940909,848,478,164.0967990622266,157.71559651408558,175.2200027661571,174.0065538738209,84.82154224758398,80.34374267291247,20.736488297699385
person_12.mp4,front,764,12748,59.93021113940909,848,478,165.02916547854645,157.7574984170991,174.80629239632148,173.89816431015905,85.80272595544169,80.43917667397862,20.73940798172205
person_12.mp4,front,765,12765,59.93021113940909,848,478,163.1605850916332,157.0808595126402,174.934941880554,173.5074687670474,84.31094288179388,80.40812915829001,20.720424820900956
person_12.mp4,front,766,12782,59.93021113940909,848,478,161.32219419656022,155.69167108141323,174.08796932504862,172.0180027927878,83.3616132751965,80.50241351418387,21.227756818043922
person_12.mp4,front,767,12798,59.93021113940909,848,478,159.08752659627805,152.45437296782987,173.3915886836499,171.24684021478137,80.6145273048865,77.0917744113018,22.021449215810822
person_12.mp4,front,768,12815,59.93021113940909,848,478,158.63974041663676,152.66903005321933,173.2542621553014,170.78501733582155,81.36466885356137,77.90474749293722,22.01003587769135
person_12.mp4,front,769,12832,59.93021113940909,848,478,161.05766390958647,155.20201950458218,173.64495091955428,170.70160561838583,82.9063630907703,81.0778024366579,21.791986420968094
person_12.mp4,front,770,12848,59.93021113940909,848,478,161.6831379380481,154.79425261902713,173.3936365019239,168.42097265257743,83.54491738128324,83.60974510925553,21.643625241112737
person_12.mp4,front,771,12865,59.93021113940909,848,478,155.61137430931748,148.36694561163085,170.50356997061579,164.76453277047128,81.23215458454325,81.5099701773003,21.729510847413646
person_12.mp4,front,772,12882,59.93021113940909,848,478,151.3255348639155,145.29289025314594,167.78441544171704,161.57061052978003,80.67788827231912,81.54094347009652,21.68910636759641
person_12.mp4,front,773,12898,59.93021113940909,848,478,151.9975056363398,145.28133018183178,168.44437390494525,161.56242934727823,81.07047957501015,82.01547018969924,21.44335864158196
person_12.mp4,front,774,12915,59.93021113940909,848,478,150.0051019730025,143.5477887791424,167.2169162379684,160.36891065670216,80.15227935885854,81.54477682800392,21.615003246945285
person_12.mp4,front,775,12932,59.93021113940909,848,478,149.0317643055932,143.6118746914147,165.56377973227575,160.63454501011492,80.21558748326555,81.32191913974748,21.92227196850196
person_12.mp4,front,776,12948,59.93021113940909,848,478,144.32889648263202,138.8571840325267,161.9717923965323,157.94175162336117,79.45209518862312,79.8482471647605,22.063313682862255
person_12.mp4,front,777,12965,59.93021113940909,848,478,144.6325543636763,136.8707528114308,161.70541728455106,154.84504608485784,80.39157229628803,80.94612558230332,22.023069638223646
person_12.mp4,front,778,12982,59.93021113940909,848,478,140.17141420090127,131.19447093356584,156.0380889699313,148.989105743756,81.87363102911543,81.70466106425631,21.910740490920777
person_12.mp4,front,779,12998,59.93021113940909,848,478,145.23030488788956,132.6275282841328,158.5687520481436,148.29342843857756,87.69167838766512,87.0114054093127,18.558515887827376
person_12.mp4,front,780,13015,59.93021113940909,848,478,132.9645745914857,122.47875570870681,149.9447602657543,141.7970028515476,87.11529102125958,85.7808575196507,16.45468907114419
person_12.mp4,front,781,13032,59.93021113940909,848,478,119.86734611986891,117.00674126710149,138.4422375584405,137.04134154689928,85.86219887493904,84.95038504847571,16.00905305916647
person_12.mp4,front,782,13049,59.93021113940909,848,478,106.35351232926138,103.65693923188113,121.47368654893694,121.01217907556502,86.28306079161985,84.56919786062934,16.525738379583093
person_12.mp4,front,783,13065,59.93021113940909,848,478,98.06496462842902,97.16032506590273,116.33950055416601,118.91015254818569,83.41212772809313,81.5596601920987,15.08799356130345
person_12.mp4,front,784,13082,59.93021113940909,848,478,99.49963389192082,99.02977352770091,115.32094063378067,119.07349041863118,84.62613319093495,81.17903827760794,16.921607893602687
person_12.mp4,front,785,13099,59.93021113940909,848,478,99.26197522286925,97.60384940426243,115.77923514397641,117.91674566995667,86.41451533044511,83.85741039950975,13.92294947198432
person_12.mp4,front,786,13115,59.93021113940909,848,478,94.61714415353113,93.50376341593433,116.77425290189608,117.78754817652488,83.7167054535372,82.12338450989982,11.795435371850138
person_12.mp4,front,787,13132,59.93021113940909,848,478,86.60401319627002,87.73427617549252,111.76106266844674,112.48757932673674,79.53549731981833,78.85763397720197,12.98364938087599
person_12.mp4,front,788,13149,59.93021113940909,848,478,90.27688887567432,90.93295527326735,111.22465692400914,113.4354658008798,82.40882739810648,80.34885758179614,13.116900572123601
person_12.mp4,front,789,13165,59.93021113940909,848,478,83.2340308749619,85.19771301053281,103.89681951730682,106.10188212286502,80.10226352354506,79.1567267419506,14.600639413460124
person_12.mp4,front,790,13182,59.93021113940909,848,478,77.84177037292672,81.54624666281325,91.30009178629273,95.30522225865795,75.62381974245534,75.76902008070851,24.85150087345265
person_12.mp4,front,791,13199,59.93021113940909,848,478,71.5385512089137,75.00270714107764,83.2920672691966,87.20739088816661,71.73340644954429,71.6921644898312,30.803690757428434
person_12.mp4,front,792,13215,59.93021113940909,848,478,66.2907885131493,69.33385031445837,72.36829566932595,76.21878208568614,68.36210134911882,68.50619462355057,38.42355306157883
person_12.mp4,front,793,13232,59.93021113940909,848,478,64.14850235073646,67.25024454572203,71.8891447132766,75.96491990144965,67.27624892391518,67.10640689427262,38.93799696338527
person_12.mp4,front,794,13249,59.93021113940909,848,478,67.25974518740503,70.6454176987267,76.61425841324002,80.07602707505924,71.03456567788861,71.27900959376652,34.04691726019805
person_12.mp4,front,795,13265,59.93021113940909,848,478,67.38778423138419,69.76744215870009,75.97936903932117,79.83167213485245,71.19976839412087,70.61614896628338,34.765859125469575
person_12.mp4,front,796,13282,59.93021113940909,848,478,58.42645826028913,62.264656965281475,64.29554371237543,68.10115551561512,63.5743822813714,63.79869698259341,44.46610428274964
person_12.mp4,front,797,13299,59.93021113940909,848,478,54.75862557319174,59.403293680908696,61.20623703683267,65.76129205686271,60.69985461748614,61.288585877434954,46.72735323015206
person_12.mp4,front,798,13315,59.93021113940909,848,478,55.511200248630196,58.441617174386735,64.8545032904227,68.98375636538343,62.22592669058564,61.40518339379745,42.81376891715529
person_12.mp4,front,799,13332,59.93021113940909,848,478,53.126889471640865,55.98382125328339,59.692582284231094,64.19113829377736,60.339837984703806,59.45054016767228,46.74224457073346
person_12.mp4,front,800,13349,59.93021113940909,848,478,52.64229320303092,54.79862609460699,58.448098348824985,61.5605339345202,59.93805808905913,58.9268951617369,47.980935131152606
person_12.mp4,front,801,13366,59.93021113940909,848,478,53.23657027425498,54.81710791845509,59.98481301633544,62.62060498290989,60.57404689179245,59.53054725160737,46.82936502788581
person_12.mp4,front,802,13382,59.93021113940909,848,478,51.62701596868642,53.3206320678603,58.131529297668266,60.41740164439364,59.48176969819562,58.50438673833446,48.81480082534663
person_12.mp4,front,803,13399,59.93021113940909,848,478,52.82401821169697,54.29845137098508,60.39011209800444,62.55284063930227,61.808851527225,60.94976243817596,45.719936348854006
person_12.mp4,front,804,13416,59.93021113940909,848,478,50.5863335280138,52.06853085736313,57.70324305874844,60.56118994833531,60.45118235885761,59.76842861647866,47.32610479296793
person_12.mp4,front,805,13432,59.93021113940909,848,478,49.53778772974512,50.422210886212426,56.31528466532574,58.26883309157128,60.32060299566532,59.27535265313962,48.285048004015884
person_12.mp4,front,806,13449,59.93021113940909,848,478,47.43183003708965,48.41895708866924,54.86918383100529,56.666632784290805,59.577171077218274,58.55497903976565,48.978678252095584
person_12.mp4,front,807,13466,59.93021113940909,848,478,45.57507625530349,47.391439675019505,54.383186644835135,56.59864600904073,57.95700961839808,57.151503164808716,48.96088859249846
person_12.mp4,front,808,13482,59.93021113940909,848,478,45.86120801500047,47.663201626838635,55.366113828527745,56.869513883963975,57.70077492764999,58.09734672156238,48.372877716467165
person_12.mp4,front,809,13499,59.93021113940909,848,478,44.525920562472535,45.560087416777286,52.887549644921535,54.59698148799266,58.58114200709327,58.455840949611144,50.55928166685089
person_12.mp4,front,810,13516,59.93021113940909,848,478,43.786339484864506,44.39772378109559,51.17235766708488,52.818236013751324,58.41913956579672,58.03189937884799,52.388662636139564
person_12.mp4,front,811,13532,59.93021113940909,848,478,42.94455514302153,43.42731682767167,49.6352923061869,50.83475613398023,57.58245237092273,57.48499942955169,53.954945612333745
person_12.mp4,front,812,13549,59.93021113940909,848,478,42.373735592450004,42.52525274293146,48.18890566357035,49.21107009478923,57.383889230518996,57.42604540655081,55.35092627159768
person_12.mp4,front,813,13566,59.93021113940909,848,478,43.062279182412446,42.8837864820593,48.85243898730713,50.42236074765433,58.91531237753992,56.59330187819231,54.46183630550294
person_12.mp4,front,814,13582,59.93021113940909,848,478,42.0612334828014,42.64287487710045,48.980297518325074,50.36659386157149,57.857296916508325,57.41678863297577,54.36347261964315
person_12.mp4,front,815,13599,59.93021113940909,848,478,42.32939313872482,42.54433775102816,48.119914375445404,49.32116561790658,56.486515304402516,57.24243204037962,55.41020197964545
person_12.mp4,front,816,13616,59.93021113940909,848,478,42.7607761530501,42.58354874626545,47.284971427096956,48.839390316888114,57.301666921205076,56.83458234605946,55.76693487731241
person_12.mp4,front,817,13633,59.93021113940909,848,478,42.84040735044886,42.727147362658165,46.80947845904251,47.95422606781996,57.64894656273791,58.6117693611374,55.85366878667114
person_12.mp4,front,818,13649,59.93021113940909,848,478,42.57611147575806,42.74234199725375,45.00157703461156,46.203143631642774,56.71709487731214,58.29113968957237,57.32502250103383
person_12.mp4,front,819,13666,59.93021113940909,848,478,42.63228475461921,42.51549871816189,44.71565875824891,45.14551283932995,56.71987554344393,58.25681046377983,57.81722960656388
person_12.mp4,front,820,13683,59.93021113940909,848,478,43.18225878699116,42.98550755080882,44.3874042124938,44.73834249022516,57.43917276812054,59.092668310762775,57.93384877291262
person_12.mp4,front,821,13699,59.93021113940909,848,478,42.720910609867055,42.564953171969265,43.577250882901694,43.6242272379458,57.14659775569636,58.866510227755775,58.50688645837336
person_12.mp4,front,822,13716,59.93021113940909,848,478,41.95303050198403,42.216120001069676,42.929238576423074,42.59870735282603,56.89543854604515,58.816102912545105,58.79172232148129
person_12.mp4,front,823,13733,59.93021113940909,848,478,40.713479410966386,41.527996669911566,41.814193807814796,41.47054498027249,55.83199113047872,58.55319731802818,59.404867031091015
person_12.mp4,front,824,13749,59.93021113940909,848,478,40.28717522341583,41.334954548185166,41.312492587268856,40.68917914956889,56.165684157519976,58.69522012529526,59.2749310123605
person_12.mp4,front,825,13766,59.93021113940909,848,478,39.42676701603603,40.8087535051243,40.47122963224144,39.92335050669822,55.30018078115217,58.21640644055833,59.52355317270228
person_12.mp4,front,826,13783,59.93021113940909,848,478,38.304697535980495,39.83654429891427,39.654457923855766,39.209460376350656,54.504841253372234,57.66253889099212,59.95529326266336
person_12.mp4,front,827,13799,59.93021113940909,848,478,38.67051372030752,40.22942610775482,40.16481166608391,39.23661284881999,55.248766990330836,58.634581461651685,59.42520281295378
person_12.mp4,front,828,13816,59.93021113940909,848,478,38.19885688187109,39.808319397056124,39.935533333550254,38.709645727150146,54.782243018167996,58.522763100759384,59.570377576659425
person_12.mp4,front,829,13833,59.93021113940909,848,478,37.835018439589525,39.68822299497683,39.868646960252505,38.523488211785626,54.608535428595644,58.34037088307546,59.517973015460676
person_12.mp4,front,830,13849,59.93021113940909,848,478,37.879423904885385,39.60377867713072,39.630024526059415,38.402968055586314,55.066325613666294,58.70357531866724,59.45117714207595
person_12.mp4,front,831,13866,59.93021113940909,848,478,38.68411968667651,40.27710601043192,40.19566970964069,39.08103858234185,56.20809368666749,59.937405533310645,58.530298871386826
person_12.mp4,front,832,13883,59.93021113940909,848,478,38.375551626038614,39.823294470259654,39.86001457166363,38.79427084005958,56.66556046029645,60.333829280191615,58.488687909335404
person_12.mp4,front,833,13900,59.93021113940909,848,478,39.02196865186913,40.32390148075818,40.61922381631879,39.639105174217626,57.6622612776668,61.369234583137,57.276214294271035
person_12.mp4,front,834,13916,59.93021113940909,848,478,39.67732580420105,40.25519523085246,42.00837953673818,41.17727448581967,59.24634837540269,62.13188403959933,55.571138030466805
person_12.mp4,front,835,13933,59.93021113940909,848,478,39.36022949716453,40.12004532532964,41.863389956295,41.1349417732462,59.218349647481986,62.28508559801753,55.54933131115709
person_12.mp4,front,836,13950,59.93021113940909,848,478,39.2440233431453,39.841712423056535,42.00594208817323,41.11282832226449,59.33136646294839,62.21625931823362,55.366363868320114
person_12.mp4,front,837,13966,59.93021113940909,848,478,39.49984114416371,40.124957046988875,44.19591368864194,43.16439141703096,60.147240930365705,62.80783477571815,53.08957018014634
person_12.mp4,front,838,13983,59.93021113940909,848,478,41.407833409076765,41.60306879035777,47.95947657423597,46.78522776255239,62.80499390231214,65.14813189395014,49.16771802990255
person_12.mp4,front,839,14000,59.93021113940909,848,478,43.103686608802406,43.555025435830494,48.114419175651356,47.357786078561205,64.73340753570254,67.58494476088995,48.82569396122803
person_12.mp4,front,840,14016,59.93021113940909,848,478,43.13017925867598,43.31473881563067,48.2874796509956,47.39417155070268,64.76392347420247,67.2751460180307,48.710194105417195
person_12.mp4,front,841,14033,59.93021113940909,848,478,42.804396727747914,42.98282532233496,48.081256978333805,47.05802141172125,64.29364091148342,65.74978626631781,49.073572955579806
person_12.mp4,front,842,14050,59.93021113940909,848,478,42.790968764835945,42.880694192690974,47.83395350774138,46.612105263326434,64.19683871383224,65.79311957375748,49.53431375981112
person_12.mp4,front,843,14066,59.93021113940909,848,478,42.60115631543927,42.45873692003734,46.22809202961856,45.02564652131718,64.8447101020897,66.25098628950231,51.27795820935209
person_12.mp4,front,844,14083,59.93021113940909,848,478,42.44917329974655,42.61247218966679,47.7896459626147,46.37502554332021,64.07373401698482,66.82254153772034,49.988542861035924
person_12.mp4,front,845,14100,59.93021113940909,848,478,40.50245250729374,41.64326011805257,45.65803619109475,43.93621629937393,62.01372242563243,65.07179689171362,52.269332748168736
person_12.mp4,front,846,14116,59.93021113940909,848,478,39.75492324016908,40.18208950361753,42.85278421781529,41.07489494287718,61.22844059648772,63.00928442185978,55.06787274108855
person_12.mp4,front,847,14133,59.93021113940909,848,478,37.99071536886216,38.775211505720236,40.2390722356383,38.610575051454596,58.689537366570136,60.94545016714631,57.605307839945596
person_12.mp4,front,848,14150,59.93021113940909,848,478,36.54625175438198,38.245795174344636,38.76748544449022,37.07992846754024,55.77065388329007,59.10443450499536,59.70033679200434
person_12.mp4,front,849,14166,59.93021113940909,848,478,36.91243216376071,38.51898361873013,39.06220170483386,37.27599702688215,55.28275690464298,58.50055629423709,60.05976830274473
person_12.mp4,front,850,14183,59.93021113940909,848,478,36.46109427549033,38.34647199960904,39.478935263407486,37.61133465351486,54.22475131172891,57.442193926693534,60.27151840530666
person_12.mp4,front,851,14200,59.93021113940909,848,478,37.808900021567645,39.27364226312974,39.76774955798164,38.691393265042606,54.909498901967154,57.69197543313086,60.30800541205502
person_12.mp4,front,852,14217,59.93021113940909,848,478,38.65550871079824,38.89203031138384,41.07655332684187,39.89220431244318,54.88790050239398,57.004365966427585,59.89360715424189
person_12.mp4,front,853,14233,59.93021113940909,848,478,39.78279176895875,39.547598973538456,42.52136156979626,41.402866747843994,55.52072473509944,57.41947565986009,59.17334630829048
person_12.mp4,front,854,14250,59.93021113940909,848,478,40.3727337625013,40.3685989026856,43.3991747724135,42.15241808678558,54.986937280313185,57.15044877975824,58.95925767666756
person_12.mp4,front,855,14267,59.93021113940909,848,478,40.810823715841224,40.33441442846247,44.961961463570006,43.78981508553409,55.07667301968572,56.88629075456286,57.92281802996192
person_12.mp4,front,856,14283,59.93021113940909,848,478,40.63359951328322,40.24180179219994,46.02410252190274,44.81504280465424,54.65344280412392,56.46656462648458,57.38636562576612
person_12.mp4,front,857,14300,59.93021113940909,848,478,41.236046470719984,40.61570573160616,46.84378824073654,46.01992788693097,54.92080082330403,56.40687980874252,56.89302184942445
person_12.mp4,front,858,14317,59.93021113940909,848,478,41.59138864778149,41.136559012935265,47.720714591875186,47.284529853460924,54.788506740391554,56.08290475752254,56.327884318918905
person_12.mp4,front,859,14333,59.93021113940909,848,478,42.36250700918814,41.871573400354684,49.6000041836288,49.103873340297035,55.54638718500256,56.512210854426776,54.991028642799094
person_12.mp4,front,860,14350,59.93021113940909,848,478,42.43284128146436,42.274467332232085,50.54418181163331,50.26082751424534,55.18466676509743,55.79464153689658,54.15942807634347
person_12.mp4,front,861,14367,59.93021113940909,848,478,42.97612410513163,42.66404955006713,54.80695247723488,54.318953867706846,54.68060270632479,54.794368890441035,50.45016677732003
person_12.mp4,front,862,14383,59.93021113940909,848,478,44.236433267266996,43.870538535900764,57.5503526582177,57.57155012197328,55.98686062580786,53.675707912628475,47.572061298504174
person_12.mp4,front,863,14400,59.93021113940909,848,478,44.128403939660004,43.818977714142456,57.07539598555809,57.56250752192543,54.88285439449381,52.82215144820821,48.289097328693806
person_12.mp4,front,864,14417,59.93021113940909,848,478,47.01949090561171,46.85870799006058,60.77311150022957,61.5520941751133,54.95801656660371,54.751920039852926,45.18844089542598
person_12.mp4,front,865,14433,59.93021113940909,848,478,51.18113554087458,51.62989409612275,63.6070213590156,65.2463434565299,57.60713528822036,57.8456498523125,43.15117623899333
person_12.mp4,front,866,14450,59.93021113940909,848,478,53.70847518701052,55.48944999804416,64.48679287580069,67.27966389600195,59.06103253813367,59.626335554595194,43.17022184075112
person_12.mp4,front,867,14467,59.93021113940909,848,478,56.29120036240262,59.057505997598035,68.70124355958929,72.38782306950066,59.37475337870582,59.216438770157964,41.75200041091835
person_12.mp4,front,868,14484,59.93021113940909,848,478,56.32746239928206,59.585731769435995,68.69867329160432,73.28853553533273,58.452823883777164,58.22307147093866,43.03427127413203
person_12.mp4,front,869,14500,59.93021113940909,848,478,59.55336690177782,61.988026100353274,76.21699231323603,79.56116933446215,59.18081710276799,58.6614932858677,39.117515393969306
person_12.mp4,front,870,14517,59.93021113940909,848,478,62.07198030025719,64.73872210427929,83.59849562266542,86.90509010164075,61.318053002075644,60.92826103328078,32.962996452657855
person_12.mp4,front,871,14534,59.93021113940909,848,478,64.86472656726671,68.09380394754487,87.28605390808991,91.37001732280416,62.10484789268977,61.64599216813945,30.87254018879852
person_12.mp4,front,872,14550,59.93021113940909,848,478,69.62009193875832,71.9372305487519,93.03832480631641,96.47876016972229,64.02060511656565,63.14826118991482,28.954826066153778
person_12.mp4,front,873,14567,59.93021113940909,848,478,73.30601230504168,81.37266241358454,105.06121250807703,114.25412935502533,65.10335248294537,64.51667755045999,20.93259141537874
person_12.mp4,front,874,14584,59.93021113940909,848,478,82.78240479705212,98.59936857780579,103.94729887050731,123.29358405840665,70.59041968678963,68.60022100865467,26.602096944369162
person_12.mp4,front,875,14600,59.93021113940909,848,478,84.88181493367887,100.10034590876539,109.47863788672372,127.52083267047041,71.21303442830356,68.69401826704002,23.51292968955867
person_12.mp4,front,876,14617,59.93021113940909,848,478,90.96667871865877,102.50692456023938,126.12853813162602,136.64776049133002,70.20612608169665,68.58717031846301,15.544995549729048
person_12.mp4,front,877,14634,59.93021113940909,848,478,98.04079710238123,107.58473723731684,131.2618905609476,139.09392946489356,69.728383320305,69.81320872763244,17.67463740025797
person_12.mp4,front,878,14650,59.93021113940909,848,478,97.86670742610013,108.9319444454062,126.9316572281603,139.96612540370685,71.05948222627626,70.3158949741814,18.71731519033996
person_12.mp4,front,879,14667,59.93021113940909,848,478,109.00621597306119,121.01891149277422,133.74052786617415,148.97558863939182,73.1238984764725,71.51251371422296,20.72514324445432
person_12.mp4,front,880,14684,59.93021113940909,848,478,127.34852478200848,129.9260385702293,148.0137559872365,155.4092285090334,78.23774301100882,75.5824844871365,19.442992684240036
person_12.mp4,front,881,14700,59.93021113940909,848,478,132.69181055182946,136.11840135236983,151.48111436443102,159.0751996934039,79.33249604050658,77.37902584039459,20.43335643108027
person_12.mp4,front,882,14717,59.93021113940909,848,478,134.63886756247007,135.694035377527,154.10494124446308,158.0868924967713,79.32450735235605,77.03323872210734,19.97681603136435
person_12.mp4,front,883,14734,59.93021113940909,848,478,139.20581012693864,140.3916812668239,159.201641209494,162.8151947013314,78.9056943978278,78.16863559931662,19.620802513085223
person_12.mp4,front,884,14750,59.93021113940909,848,478,143.54534196149808,145.53321361446658,162.0454071893521,166.1579406078827,80.55833616649083,79.44611270317134,19.205748801746974
person_12.mp4,front,885,14767,59.93021113940909,848,478,142.87220079586444,143.85826298991324,162.15982083923302,164.3269114496444,80.92231908779436,80.19279907932187,18.173192621362393
person_12.mp4,front,886,14784,59.93021113940909,848,478,148.63162720525804,146.16380320274772,166.43689032997142,165.59194694809545,82.40663652047388,80.867317401785,17.87945242439091
person_12.mp4,front,887,14801,59.93021113940909,848,478,142.30051054203065,146.55319465338823,164.14149346668898,167.68831598757802,79.48831612190942,78.61330508018695,18.080841855524497
person_12.mp4,front,888,14817,59.93021113940909,848,478,142.94558600533267,147.94626882727883,162.90084613068785,168.43431345737616,80.92317442973508,79.24992061613705,18.953173397816343
person_12.mp4,front,889,14834,59.93021113940909,848,478,149.69913676333942,147.51293679788245,168.86769268779443,167.21079575285648,81.65939520157589,80.62301640384875,18.684776712993763
person_12.mp4,front,890,14851,59.93021113940909,848,478,147.60201067303683,148.3170530358707,168.49623532668923,169.51702713519737,80.63362080790827,80.15198992515039,18.564412555515855
person_12.mp4,front,891,14867,59.93021113940909,848,478,153.74797622758547,152.27054984247465,170.62291601681852,172.26707498765288,82.46830930545198,82.0066598226262,17.970000702902016
person_12.mp4,front,892,14884,59.93021113940909,848,478,152.78138924114938,150.60488267552253,170.31182900098585,171.79019881891207,82.9109114352307,81.53369455591347,17.67172263998278
person_12.mp4,front,893,14901,59.93021113940909,848,478,151.0628200863878,149.51731723468595,169.95642308017878,171.31774841667723,81.64313837978123,80.922131040378,17.76132614946009
person_12.mp4,front,894,14917,59.93021113940909,848,478,158.92017428311846,152.62317372481965,172.1494924341459,171.82760780234153,83.90611642253107,82.94070915977282,18.14555491373492
person_12.mp4,front,895,14934,59.93021113940909,848,478,161.20503850479807,156.536110663639,172.320450517251,174.29807026088233,85.20563613008812,83.37599003011675,18.49889329744464
person_12.mp4,front,896,14951,59.93021113940909,848,478,160.66884054958766,157.1164514915911,172.15299524053,174.54392733972313,85.18824283820055,83.41148787069933,18.393397558259764
person_12.mp4,front,897,14967,59.93021113940909,848,478,160.6965483121155,153.7867339589892,172.55904159868734,173.44050563608113,84.42081739090573,81.96085498097304,18.595462967545465
person_12.mp4,front,898,14984,59.93021113940909,848,478,160.70940863299182,156.05249333897467,172.56438572728769,174.70270344197408,84.14752294448235,82.24587708638492,19.00432213272949
person_12.mp4,front,899,15001,59.93021113940909,848,478,159.99786740248967,154.96215563678197,172.50003463978962,174.36593164647212,83.9379539428413,82.36818192382829,19.082029693863493
person_12.mp4,front,900,15017,59.93021113940909,848,478,157.90637195684664,154.18922002428872,171.8243221334529,174.36470966824817,83.76628183212506,82.04990923966864,19.277711060570923
person_12.mp4,front,901,15034,59.93021113940909,848,478,160.1355966111565,155.93325624856652,172.06910172701046,174.81640229186263,85.49504234629661,83.47901680620473,19.073343109552845
person_12.mp4,front,902,15051,59.93021113940909,848,478,158.9255915073885,155.11070494952926,172.22145724105872,174.93468625751683,83.66646580801283,81.8498136824397,19.490611296473602
person_12.mp4,front,903,15068,59.93021113940909,848,478,159.2690667714075,154.99830762794332,171.88523731243558,175.00425466737468,83.9624843261605,81.83893779723114,20.03803893728582
person_12.mp4,front,904,15084,59.93021113940909,848,478,158.60846010407752,155.50542777268367,169.97494945344147,175.37332686362677,83.93164524377607,80.3525408056284,21.34270575837191
person_12.mp4,front,905,15101,59.93021113940909,848,478,156.99215801263122,154.42448059414528,169.43069640647755,175.53807249181358,83.1260272959067,79.48002132833996,21.504743642346817
person_12.mp4,front,906,15118,59.93021113940909,848,478,157.69988439359906,153.21798430949926,169.96314578942588,175.0254892847463,84.20767631374378,79.69379402942639,21.294028100724702
person_12.mp4,front,907,15134,59.93021113940909,848,478,159.764652020096,152.06279869760044,171.26828832997094,174.22201646444384,85.62372366963466,81.67424386309463,21.080658914662273
person_12.mp4,front,908,15151,59.93021113940909,848,478,160.47875229861802,151.27752431681154,171.49038790766136,173.58828663704838,85.94685472808737,81.6865015028999,21.336213088924417
person_12.mp4,front,909,15168,59.93021113940909,848,478,162.48164384703009,154.00433800930932,172.62918972079467,173.0239857959268,86.94530437478471,84.31153543232041,21.16980311813437
person_12.mp4,front,910,15184,59.93021113940909,848,478,162.20077214916276,154.34790549483807,172.79165470178867,172.59843186921327,86.82347689048842,84.77847276914481,21.19184541514986
person_12.mp4,front,911,15201,59.93021113940909,848,478,161.91108976471935,156.15193386447177,172.96619156583967,172.12689319120815,86.15867532790216,86.67428483639763,21.038116324026277
person_12.mp4,front,912,15218,59.93021113940909,848,478,163.64392840182222,156.1626784339696,173.26101754984,172.02012455765816,88.37818032023094,86.62448415376053,20.87875958228467
person_12.mp4,front,913,15234,59.93021113940909,848,478,165.59263949324955,156.48574640919577,174.2593978540699,172.29534153540376,89.31764164762896,86.42014096687795,20.89344408872037
person_12.mp4,front,914,15251,59.93021113940909,848,478,165.14780044482276,156.37349167158823,174.28298257886428,172.20042324703098,88.79909454789407,86.24891383324588,20.921000825004395
person_12.mp4,front,915,15268,59.93021113940909,848,478,166.36232450869474,156.73774403390425,175.34140633513738,172.41727921426732,88.90314251005528,86.305860480345,20.53304821409079
person_12.mp4,front,916,15284,59.93021113940909,848,478,167.36630319283583,156.61299071465768,175.15316718141204,173.13114685370778,90.0706603491953,86.05369550258062,20.537542337839458
person_12.mp4,front,917,15301,59.93021113940909,848,478,167.15352318536108,156.77541866422652,175.33442106376154,173.70413664509823,89.51790165635148,85.68999002058412,20.52927875438874
person_12.mp4,front,918,15318,59.93021113940909,848,478,166.534880378157,158.36779903777926,175.1084489423246,173.21673457893206,89.8420752989425,87.0865779058803,20.575414130171684
person_12.mp4,front,919,15335,59.93021113940909,848,478,166.98076376732632,157.79119170933694,175.55000605022516,172.5266704559215,89.07582412886958,86.00042317259332,21.034109742988687
person_12.mp4,front,920,15351,59.93021113940909,848,478,166.3276074009562,158.83878163858637,175.3170237804267,172.82317642340993,89.02447138562752,87.21810823043465,20.881100406501552
person_12.mp4,front,921,15368,59.93021113940909,848,478,165.94216494584705,157.67116832290893,175.39361820742923,172.91326261183386,88.24134057937289,85.42620320929475,20.76004679214796
person_12.mp4,front,922,15385,59.93021113940909,848,478,165.63098967578074,157.65510844250184,175.29660000477668,173.30644735390075,88.15742808753343,85.41214409536505,20.669758543289092
person_12.mp4,front,923,15401,59.93021113940909,848,478,165.67544537709847,157.8783849971718,175.79375930067818,174.61923288778434,86.9084501863897,84.10451598618849,20.728327024832904
