video,view,frame,timestamp_ms,fps,frame_width,frame_height,left_knee_angle_deg,right_knee_angle_deg,left_hip_angle_deg,right_hip_angle_deg,left_ankle_angle_deg,right_ankle_angle_deg,trunk_angle_deg
person_18.mp4,front,0,0,59.94426331032221,848,478,149.94954505494664,147.3571908414688,157.5832566036881,170.8756512092904,84.75907771859393,77.18567687027937,23.69408914414713
person_18.mp4,front,1,17,59.94426331032221,848,478,150.70119827415456,148.16082160392273,158.83543961094696,167.23674885714271,82.93858927831663,79.18674808919587,24.633190130603175
person_18.mp4,front,2,33,59.94426331032221,848,478,150.64374731015272,147.31358906457197,160.61555931025526,165.06485015114973,83.12822612152482,82.75559126185551,22.10667561215678
person_18.mp4,front,3,50,59.94426331032221,848,478,150.73116240237792,147.69872394207076,160.86820425259938,164.70786528146655,83.4631304533572,83.6276162303357,21.96332921005253
person_18.mp4,front,4,67,59.94426331032221,848,478,151.12063855062422,147.28499802946172,161.21077147971954,163.95279974188307,83.64705213165512,84.05559173416323,21.658103250485485
person_18.mp4,front,5,83,59.94426331032221,848,478,149.4375555817249,144.96757212192716,160.37311840971503,163.48712334540278,82.80680724597887,81.86770029230699,21.950724451225465
person_18.mp4,front,6,100,59.94426331032221,848,478,148.7382122552616,145.27103404546318,160.13545801247872,162.97762570751902,82.5902332795734,82.82212819690034,21.618079076499466
person_18.mp4,front,7,117,59.94426331032221,848,478,148.54760514656766,145.41736831944948,160.29363163112052,163.41421792706183,82.28382759300936,82.51515538795499,21.789930775893094
person_18.mp4,front,8,133,59.94426331032221,848,478,148.78236704656612,146.3476957463287,160.60206391798695,162.79048562497306,82.3850195325143,83.60737032598877,21.45345181196516
person_18.mp4,front,9,150,59.94426331032221,848,478,148.5056752587563,146.44464742370792,160.70554081344,163.35205030247963,82.44398609442351,84.00287933602799,20.872925327583687
person_18.mp4,front,10,167,59.94426331032221,848,478,148.41647251506802,146.15471577652926,160.69402449120832,163.68766961113167,82.56202533346922,83.74035558902192,20.775633114543705
person_18.mp4,front,11,184,59.94426331032221,848,478,148.25511469883668,145.56418883819697,160.70727692429662,163.06829898568932,82.52791957989672,83.83545145721375,20.607661403666018
person_18.mp4,front,12,200,59.94426331032221,848,478,148.08773077036668,145.04619218484956,160.59458628268288,163.2780407635088,82.3182198785545,83.10356389271217,20.94116611287731
person_18.mp4,front,13,217,59.94426331032221,848,478,148.1141615291493,145.36281527493074,160.49828723215558,162.92060659839606,82.34149444939564,83.31800479139774,21.147412337822075
person_18.mp4,front,14,234,59.94426331032221,848,478,147.9840982757212,145.12693862097984,160.4075876237974,162.92871034637707,82.26975464633163,83.02158874859816,21.248448277635738
person_18.mp4,front,15,250,59.94426331032221,848,478,147.56651980330335,144.84349705163746,160.23997580982723,162.98821488197143,81.90741033534245,82.65977283843642,21.4068472935332
person_18.mp4,front,16,267,59.94426331032221,848,478,146.7839436236326,145.2074550190789,159.63290383968993,162.5542063081645,81.89638046847764,83.45409640659453,21.237070911762107
person_18.mp4,front,17,284,59.94426331032221,848,478,148.3114584848234,145.97661613339807,159.76805481320523,162.8431657918413,83.2419282559262,84.2514146452829,21.063158079370385
person_18.mp4,front,18,300,59.94426331032221,848,478,147.70000806905378,145.8784741064003,159.36124878227173,162.75998658033853,83.14513427937726,84.50677691884216,20.818182568877926
person_18.mp4,front,19,317,59.94426331032221,848,478,147.7758012389614,145.50175229895484,159.354557309555,162.50677785113908,83.1897163874688,84.16173875989675,20.928172320598968
person_18.mp4,front,20,334,59.94426331032221,848,478,147.49327325632453,145.39010033750327,159.43632822384413,162.48285321786182,83.03732764952922,84.01574831714326,20.895519232600545
person_18.mp4,front,21,350,59.94426331032221,848,478,147.23532967235192,145.11192637275002,159.2767680156197,162.55260749714125,82.88733375845025,83.66778737211946,20.949839220867972
person_18.mp4,front,22,367,59.94426331032221,848,478,147.47994702632644,145.76129626827378,159.44907101320257,162.59546559386374,83.0383390207562,84.28538059624275,20.830285045614872
person_18.mp4,front,23,384,59.94426331032221,848,478,147.5550629543573,145.48355917233644,159.23988792815615,162.44059433062847,82.99117285980478,83.98179677688056,21.0906755868177
person_18.mp4,front,24,400,59.94426331032221,848,478,147.6800832484417,145.97558779194418,159.7863058585281,162.82953495876765,83.10820530775847,84.69136514671243,20.495209749955524
person_18.mp4,front,25,417,59.94426331032221,848,478,147.71938086649263,145.77026363662753,159.7380216177421,162.73911414073558,83.04059273979512,84.35767216400282,20.565112342150417
person_18.mp4,front,26,434,59.94426331032221,848,478,149.65951824727944,146.2758741208818,160.78421468425807,162.73677280669426,83.8647324712938,84.83691906157284,20.60252272424833
person_18.mp4,front,27,450,59.94426331032221,848,478,149.6395623900066,146.2292955001611,160.8146816405171,162.4599142444812,83.90790939251566,84.85455122546006,20.623950505335234
person_18.mp4,front,28,467,59.94426331032221,848,478,151.03812926943147,147.15727882560273,161.7318061556931,163.74340524812982,85.37617546254619,86.08024240023735,19.164712665974225
person_18.mp4,front,29,484,59.94426331032221,848,478,150.94822562042074,147.0230559881834,161.72378754642602,163.45016434680343,85.16052727858364,85.83190999713851,19.33100089060359
person_18.mp4,front,30,500,59.94426331032221,848,478,150.5857387673565,146.6133128137324,161.12477607080805,163.25140344600885,84.94337693072903,85.43269427449178,19.713921537146042
person_18.mp4,front,31,517,59.94426331032221,848,478,151.31914885916376,147.22740508164924,161.57331288089594,163.8410377354075,86.07310082264279,86.35196071954344,18.78387883547575
person_18.mp4,front,32,534,59.94426331032221,848,478,151.78102046996926,147.89123310018357,161.73156887896184,163.93249626716297,86.46299207687454,86.9864905280538,18.613882864053107
person_18.mp4,front,33,551,59.94426331032221,848,478,151.69979751503203,147.82220107680754,162.0824815763109,163.61747302576427,86.27098003109488,86.79409715805096,18.599052163098303
person_18.mp4,front,34,567,59.94426331032221,848,478,151.45331291328472,147.26012189955586,162.28360442143693,163.61334064450705,86.31157887458971,86.15194255010447,18.568306785260617
person_18.mp4,front,35,584,59.94426331032221,848,478,150.44382043849208,146.75027381522634,162.06310530477498,163.5779842870226,85.6363671098821,85.74748538395941,18.697443156598823
person_18.mp4,front,36,601,59.94426331032221,848,478,149.20748196816146,145.979323390709,161.6397382387244,163.11817605193673,85.11230184739082,85.29856365704045,18.74208201884686
person_18.mp4,front,37,617,59.94426331032221,848,478,148.78634712246287,145.96804673973537,161.51255323767322,163.1414423158097,84.86725764386851,85.18709267534582,18.64675362243476
person_18.mp4,front,38,634,59.94426331032221,848,478,148.59707805225665,145.91269733605628,161.33510705859428,163.0523459210453,84.73625596519857,85.18843912704807,18.739822456688017
person_18.mp4,front,39,651,59.94426331032221,848,478,149.5157636968265,146.42066629372022,163.03851864414395,163.7872692571441,85.0590508618178,85.15542903840964,17.677624792113406
person_18.mp4,front,40,667,59.94426331032221,848,478,148.54445813301788,146.31419990475874,162.7010001318531,163.7287868325433,84.29188607915219,85.12427498369769,17.86394963401744
person_18.mp4,front,41,684,59.94426331032221,848,478,150.8567848257359,147.3843890787387,163.86433574842442,164.20649213169,84.86256466533551,85.41491602172782,18.274938308363872
person_18.mp4,front,42,701,59.94426331032221,848,478,150.29456779063722,147.30715545087583,163.94387530107045,165.30254070856523,84.77119777301435,85.4964829089002,17.360255373634068
person_18.mp4,front,43,717,59.94426331032221,848,478,151.53721918584108,147.8876773592013,164.06079013495315,165.4841116482146,85.46720395195051,85.78587747887563,17.48557547485824
person_18.mp4,front,44,734,59.94426331032221,848,478,150.29059591852135,148.08966084744117,165.45061905098135,167.63161518481735,85.7850280612403,87.04261125443074,14.224440086959898
person_18.mp4,front,45,751,59.94426331032221,848,478,150.45891749706138,148.83832236308422,165.35881854955082,167.20910387086374,85.72807188294857,87.58436542331195,15.003213624413359
person_18.mp4,front,46,767,59.94426331032221,848,478,150.35973973819324,148.50182093040522,165.2883781025534,167.3772493844831,85.84996159342782,87.46256566666185,14.676438596655878
person_18.mp4,front,47,784,59.94426331032221,848,478,150.9691267429874,149.27366976995452,164.85935781655326,167.70206598511163,86.05187261014312,87.63608362051151,15.219096249970045
person_18.mp4,front,48,801,59.94426331032221,848,478,149.5731214461088,148.21051092691678,165.09234658665773,167.51232490894807,85.48292871557749,87.07489482727739,14.319081746497815
person_18.mp4,front,49,817,59.94426331032221,848,478,148.69381193733687,147.92982192271256,164.67116064243578,167.98167499620064,85.32455109857383,87.22676118310049,13.774075581596835
person_18.mp4,front,50,834,59.94426331032221,848,478,148.76632807022912,147.86262269220092,164.79695254829988,168.0029874034056,85.08558964117712,87.15691098212024,13.736058268862768
person_18.mp4,front,51,851,59.94426331032221,848,478,148.6183872423134,147.58067367336534,164.11197324173625,167.55045922494654,84.90723106140797,86.89836492523172,14.599120031836753
person_18.mp4,front,52,867,59.94426331032221,848,478,148.10675145708373,147.39616849216233,163.89751922451322,167.04686550594556,84.5020171572584,86.71145176306838,14.707142589459567
person_18.mp4,front,53,884,59.94426331032221,848,478,145.03127899073837,145.0852956334906,163.15704585716645,165.91702427906776,82.9155049313386,85.88137104733106,14.825810468080126
person_18.mp4,front,54,901,59.94426331032221,848,478,142.22214110066588,141.77205779080143,162.11106891768995,163.02383019942198,81.18043206104474,84.42051558470757,16.40450866770653
person_18.mp4,front,55,918,59.94426331032221,848,478,140.50397506619257,137.73031446769178,160.75340458614102,159.99407397083786,80.29220810227115,82.2714267353103,16.89788537505173
person_18.mp4,front,56,934,59.94426331032221,848,478,134.97090890123985,132.58100038885775,158.36770988634686,156.11449650369826,77.78679027813934,80.3069870503335,18.438293526245264
person_18.mp4,front,57,951,59.94426331032221,848,478,130.61114357731392,126.16605231371587,154.61881779901677,153.7538661627241,74.79177771395727,76.96416593316484,19.909070458187557
person_18.mp4,front,58,968,59.94426331032221,848,478,129.31795628741003,124.73776231782732,152.79823550904896,152.15380655396382,74.53992471446495,76.53892124890045,20.341187819853793
person_18.mp4,front,59,984,59.94426331032221,848,478,120.89863399577376,112.88523871872498,147.73065361170433,142.79494535027862,70.52007475484862,78.7681807448609,20.131381430292006
person_18.mp4,front,60,1001,59.94426331032221,848,478,119.72068430524844,113.47862957529607,146.38934479325894,142.6370306323362,70.98917496938897,76.11292799653958,21.3056197391247
person_18.mp4,front,61,1018,59.94426331032221,848,478,119.0134856647641,113.74643144492573,144.4608963162899,142.80616250654003,72.59054892901185,75.31278145000675,21.440344879547954
person_18.mp4,front,62,1034,59.94426331032221,848,478,113.80774118643342,109.29094344373078,140.61015332815353,139.12061447930665,71.24923949382902,73.726259808394,21.963402247483305
person_18.mp4,front,63,1051,59.94426331032221,848,478,111.65292982092626,104.14211338740448,138.80029301594442,134.86367546736602,72.17985221589751,74.7152569584431,21.626433142358568
person_18.mp4,front,64,1068,59.94426331032221,848,478,110.28677478173195,100.78876270938707,137.69505151564562,131.48011157659866,71.33876311098646,74.18283832922887,21.8643470197351
person_18.mp4,front,65,1084,59.94426331032221,848,478,111.37573022147795,104.91737506377346,137.8749413886486,134.47007762280413,71.45629400636962,75.71231928956848,22.537187761128425
person_18.mp4,front,66,1101,59.94426331032221,848,478,108.05489061237296,101.00512629782713,137.11817623197018,131.64782479907004,68.91158009219774,73.1407486684391,23.71655065552778
person_18.mp4,front,67,1118,59.94426331032221,848,478,99.10458794953753,98.33169938099888,127.29408121455579,128.00362414006182,66.67603860915293,70.50363278663949,25.89645551078338
person_18.mp4,front,68,1134,59.94426331032221,848,478,99.43516560454279,95.87969774146525,127.5330235451275,126.59276351804584,66.73844267589321,68.75288964921741,25.69730098410939
person_18.mp4,front,69,1151,59.94426331032221,848,478,98.28548745605491,88.81828972437836,126.95774073306248,120.45645166078712,66.42000059188989,69.09690832977147,25.15710042540086
person_18.mp4,front,70,1168,59.94426331032221,848,478,98.24277305464894,88.67916276307501,127.32548355192847,121.23995074538047,68.12183308249875,67.74924497992549,24.861467449529112
person_18.mp4,front,71,1184,59.94426331032221,848,478,89.22946393608419,80.43061671941558,120.1859775266361,114.56739810933853,65.6048143148257,67.13966433672582,24.818652426106205
person_18.mp4,front,72,1201,59.94426331032221,848,478,82.86800350755789,75.74217657756066,114.38961814864035,111.1400369418485,64.31883992867793,66.45025782349536,25.2423469708904
person_18.mp4,front,73,1218,59.94426331032221,848,478,83.4001464156335,73.39146036010939,114.94491973880632,109.1122171747728,64.16382512119392,66.86575024714374,25.148677889247498
person_18.mp4,front,74,1234,59.94426331032221,848,478,80.08546748026868,72.82249689921665,112.0869876692105,109.02688924391516,63.087281433546146,66.17631848118981,25.242216423775822
person_18.mp4,front,75,1251,59.94426331032221,848,478,81.07145446294211,75.58239121896901,112.87787929010588,111.31601024001412,62.78224614480469,65.14479597294121,25.528135939808635
person_18.mp4,front,76,1268,59.94426331032221,848,478,76.2192416780446,69.073898061939,110.16429011890945,106.69067775112165,60.83238892471149,63.9720530494593,25.809736844888604
person_18.mp4,front,77,1285,59.94426331032221,848,478,71.83301014142951,63.69309237924446,106.75037151032218,101.46454954554962,59.65106417466889,62.730022796331205,26.15513476197311
person_18.mp4,front,78,1301,59.94426331032221,848,478,68.58993139987602,59.22425820510771,103.94808926768631,97.1920556698232,59.348492140220266,62.31227256667201,26.083714584140235
person_18.mp4,front,79,1318,59.94426331032221,848,478,66.34336372632023,59.51704501995201,102.01888492732765,97.8557958599422,59.607239234722435,62.39116493040128,25.840906116381607
person_18.mp4,front,80,1335,59.94426331032221,848,478,66.93204688110114,59.179556400631085,103.0353777753992,97.49899220900213,59.46332341805044,62.17426202289207,25.666818572303953
person_18.mp4,front,81,1351,59.94426331032221,848,478,67.39018881543511,58.375928981786075,104.13786339125454,96.60227910712446,60.12546123996798,62.565332719632075,24.682134377562885
person_18.mp4,front,82,1368,59.94426331032221,848,478,63.96013969244069,56.160276575552984,100.84801961302472,94.65784343352352,59.14274528189014,61.528197477048835,24.88139673601787
person_18.mp4,front,83,1385,59.94426331032221,848,478,62.97369032512743,55.985144621896886,100.3712652707083,94.68017952555527,59.12084227320836,61.3398244973359,24.919164103745842
person_18.mp4,front,84,1401,59.94426331032221,848,478,59.4533300559988,53.915674319834125,97.32587832771277,93.6539478170271,58.4219341381807,60.22923308049124,24.29555104822588
person_18.mp4,front,85,1418,59.94426331032221,848,478,58.94053422681804,52.93742354019975,98.04315618355628,94.8147662650233,58.501108505866604,60.74552239155133,23.12747506614296
person_18.mp4,front,86,1435,59.94426331032221,848,478,57.09336163317807,51.88720321333583,98.54014441482803,95.2398552473634,57.62042433513735,59.57921838179636,21.774280876567932
person_18.mp4,front,87,1451,59.94426331032221,848,478,55.92733537731748,51.53257913481151,96.02155341909263,94.05595630312742,58.22170105290739,60.00501837842314,22.037722582120747
person_18.mp4,front,88,1468,59.94426331032221,848,478,55.664460337184025,51.75181600640792,98.91010920497467,97.33542180505029,58.04946088061209,59.85689073963151,19.81820239196751
person_18.mp4,front,89,1485,59.94426331032221,848,478,52.760591119936294,49.78868488214093,95.46608339719134,94.4692822288576,57.108777155937865,58.64835256665554,20.34239737733189
person_18.mp4,front,90,1501,59.94426331032221,848,478,51.64811385965122,49.372387895871455,95.38992016555405,95.04986855247624,57.34340525746127,59.013758269135984,19.481194810961863
person_18.mp4,front,91,1518,59.94426331032221,848,478,52.43149422201892,49.180266775239275,97.32591141755505,96.02318363302476,59.14383074735189,57.250990211363764,18.49048842077004
person_18.mp4,front,92,1535,59.94426331032221,848,478,52.2828517955636,48.641805025388386,98.31664077498074,97.113061782083,60.086239996596355,58.68053952334282,17.25390557233389
person_18.mp4,front,93,1551,59.94426331032221,848,478,51.5268573022726,48.296970199180336,98.4553414245226,97.64630829937201,59.39166200496508,57.26946329362387,16.810864741268105
person_18.mp4,front,94,1568,59.94426331032221,848,478,50.336856598312,47.40161383630231,97.5757884909213,96.8547314999954,59.21730892071507,59.69054452112853,16.800450623767766
person_18.mp4,front,95,1585,59.94426331032221,848,478,48.96979979062641,46.147477678920424,96.4898484167183,95.63461182838495,58.56577896981594,58.32185967231826,17.410451632268426
person_18.mp4,front,96,1601,59.94426331032221,848,478,47.96877830177121,44.57867727907027,95.07452500549529,94.11764276869312,59.22310941771635,59.074264844366425,17.7753023644416
person_18.mp4,front,97,1618,59.94426331032221,848,478,48.774325428181726,45.42955077419342,98.28295990667854,97.64668215028544,59.45580986081988,59.725506914929866,14.80410689294772
person_18.mp4,front,98,1635,59.94426331032221,848,478,48.236158281067844,46.628028615863855,103.21283834468517,104.06456864638174,57.62982046541871,67.27580457139966,9.276262309645732
person_18.mp4,front,99,1652,59.94426331032221,848,478,48.68710935842708,46.022486833396265,99.76526486872824,98.72550869685863,59.5028209736261,67.49378443572236,13.403327547563132
person_18.mp4,front,100,1668,59.94426331032221,848,478,47.28786470024708,44.65851802154885,99.99729004370009,98.81517221857152,60.13834539861263,70.07083825004644,12.379397257996807
person_18.mp4,front,101,1685,59.94426331032221,848,478,45.94950957106095,43.04392977373851,97.31446503793684,96.05369624097013,59.91117144456993,68.48506962899549,14.142300101213829
person_18.mp4,front,102,1702,59.94426331032221,848,478,43.904601033014885,40.99295512913222,94.6692950940311,94.083105250277,59.5214107436939,66.9833751619804,15.218433112156692
person_18.mp4,front,103,1718,59.94426331032221,848,478,42.299682322515096,39.706103744210864,93.04857630200581,91.47792466784705,58.6374722462855,66.49471449822313,16.49593555486598
person_18.mp4,front,104,1735,59.94426331032221,848,478,42.621048380507496,39.56656552452625,92.81335939090773,90.98037493157341,58.62991509342598,66.35607576936991,16.763072015336483
person_18.mp4,front,105,1752,59.94426331032221,848,478,42.02121459444687,39.23283681698214,91.92003447172762,90.1200006875451,57.25901925470499,66.1190280559527,17.435066479395335
person_18.mp4,front,106,1768,59.94426331032221,848,478,41.343649624293,38.25620291295358,90.46156282958583,89.14200064746173,59.249637717825436,66.7277980836047,17.657485815758832
person_18.mp4,front,107,1785,59.94426331032221,848,478,40.635493429930094,37.80481477683186,86.78791800500855,85.47002225189138,58.12900982241559,65.79061397946873,21.31632857817314
person_18.mp4,front,108,1802,59.94426331032221,848,478,40.658657789085936,37.50671904757727,89.29112037133568,87.47909082730857,60.06775912719979,68.48419422465932,18.663564630028347
person_18.mp4,front,109,1818,59.94426331032221,848,478,40.42886159932502,37.010567864569836,90.31048133171177,88.87095913540536,60.191782226436395,70.93112611732055,17.185348775681135
person_18.mp4,front,110,1835,59.94426331032221,848,478,39.62258093845716,36.67610283467002,90.42006668470894,89.19903332272028,60.8291322769062,71.34697280377272,16.48877451277936
person_18.mp4,front,111,1852,59.94426331032221,848,478,39.135987685570605,36.3194269330923,89.02431972441444,88.60453497658168,63.858173049903485,71.54480759668688,16.862447364677454
person_18.mp4,front,112,1868,59.94426331032221,848,478,38.2601163534043,36.022223044089145,88.87974337030165,88.65660219792977,65.25402347892062,70.65948344027264,16.322170090880864
person_18.mp4,front,113,1885,59.94426331032221,848,478,37.83150815081039,35.80254212599274,91.41446855330673,90.9405187438768,65.48979519269584,71.1812433943524,13.641653101100323
person_18.mp4,front,114,1902,59.94426331032221,848,478,36.944666453356746,35.30812557325326,89.79823277478854,89.88183841692711,65.80890935208754,73.30750934228266,14.359992805899513
person_18.mp4,front,115,1918,59.94426331032221,848,478,35.994795068088976,34.73915913305607,88.16638151428926,89.16204558653715,66.14954566055471,72.21203811190081,14.84087594627219
person_18.mp4,front,116,1935,59.94426331032221,848,478,35.76469044135267,34.12643031331331,87.95211309638835,88.62730419020652,67.27678627263155,73.5905449107317,14.670003679408968
person_18.mp4,front,117,1952,59.94426331032221,848,478,35.64714292849229,33.71811268906144,88.45609411020193,88.16605650773826,68.0294983869342,74.39451517921185,14.291298780992888
person_18.mp4,front,118,1968,59.94426331032221,848,478,35.063051279688786,34.09944591249387,89.92516798234895,89.3262239290172,67.93483666376704,78.0671344069114,12.669128445033328
person_18.mp4,front,119,1985,59.94426331032221,848,478,35.484988971453895,34.60885509479824,90.2349688877919,89.83341692908635,68.91965931102507,80.81773091260948,12.221411535377394
person_18.mp4,front,120,2002,59.94426331032221,848,478,36.29377138931701,35.219410276321895,90.93111061294451,90.48494304103986,71.45202254507876,82.56136134882745,11.75707128641119
person_18.mp4,front,121,2019,59.94426331032221,848,478,36.602979604538206,35.05898424680215,90.24253127799028,90.29050412324129,72.34898213582494,83.463016190983,11.988002444146389
person_18.mp4,front,122,2035,59.94426331032221,848,478,37.68479184161616,35.95751959840394,92.4511820241435,92.37532551534981,74.91603337388771,84.87307062422555,10.003324589481378
person_18.mp4,front,123,2052,59.94426331032221,848,478,38.006485291076515,35.770653862112944,93.58030968483874,93.46984854761172,77.13743636977482,83.80576233287694,8.653204692640701
person_18.mp4,front,124,2069,59.94426331032221,848,478,38.52528538620777,35.919345192705464,93.56146478101896,93.88056490536073,77.70554956170487,83.90073022865556,8.410122496169556
person_18.mp4,front,125,2085,59.94426331032221,848,478,37.925962902692426,35.894470271394745,93.41042307492638,93.78745282471974,77.58205377732459,84.11634806719064,8.33802380764722
person_18.mp4,front,126,2102,59.94426331032221,848,478,37.84068309816952,35.740958747459416,93.2472854041217,93.42651747103982,77.72761407326672,84.12469293025784,8.511873943198463
person_18.mp4,front,127,2119,59.94426331032221,848,478,37.8941830846962,35.60273967751622,93.26597109403815,93.2537151764206,78.60156874436318,84.3814725870621,8.595591239105214
person_18.mp4,front,128,2135,59.94426331032221,848,478,37.78811754172937,35.68822773862327,93.02333396870804,93.15003600594217,79.02113213646257,84.34764672009325,8.752549363373857
person_18.mp4,front,129,2152,59.94426331032221,848,478,37.62279406768014,36.20596671070111,93.87910023629385,93.6228184762236,78.34774631090286,85.49777010621773,8.185043473218785
person_18.mp4,front,130,2169,59.94426331032221,848,478,37.7833885150354,36.226542102248985,93.79838807844791,93.56915518289745,78.6352984965443,85.41609494424134,8.167525773106346
person_18.mp4,front,131,2185,59.94426331032221,848,478,37.57750095444881,36.3930448770705,93.32787103485707,93.36399744649991,77.15397518895837,84.22850452962525,8.491781105095239
person_18.mp4,front,132,2202,59.94426331032221,848,478,37.558606479435596,36.23285102550918,93.32520036461817,93.52613473785622,76.58944464299552,83.74866571231145,8.510073830865231
person_18.mp4,front,133,2219,59.94426331032221,848,478,37.553080655377286,36.362042383510484,93.1824015198433,93.44939051973718,75.95943232774647,83.31950110925803,8.77464510233972
person_18.mp4,front,134,2235,59.94426331032221,848,478,37.603256921898705,36.343588825917806,93.08945497134114,93.35553722049124,75.7863138321375,82.79571416332391,8.910143584114445
person_18.mp4,front,135,2252,59.94426331032221,848,478,37.59840182884665,36.050771224486354,93.69427814301261,93.73111656950752,75.5040073113461,82.04034522345887,8.470383768009373
person_18.mp4,front,136,2269,59.94426331032221,848,478,37.18169973860494,35.718377581905365,93.49104639666602,93.53837034748652,73.59937582990467,80.71667813234629,8.590880343625743
person_18.mp4,front,137,2285,59.94426331032221,848,478,37.26368435461743,35.89575393219086,93.41586043524013,93.71944770514781,73.67844339148972,80.62656045109841,8.735292061394995
person_18.mp4,front,138,2302,59.94426331032221,848,478,37.28815338009148,35.84987908644986,93.59381007316662,92.80859390116738,73.54161479469693,80.46782234900678,9.278713097021015
person_18.mp4,front,139,2319,59.94426331032221,848,478,38.9180669531605,37.57652134069093,94.85365648143961,94.14009466971706,74.7983056260271,79.65208396898808,9.038203213546119
person_18.mp4,front,140,2336,59.94426331032221,848,478,39.138833656040404,38.30757689131189,95.88088342517128,94.96932053578337,73.9041619796435,79.77568696249273,8.961510760813965
person_18.mp4,front,141,2352,59.94426331032221,848,478,39.585866274736325,39.01483813515906,96.57219707877431,95.74901698243131,72.64540166285467,79.49437614314397,8.991835657885387
person_18.mp4,front,142,2369,59.94426331032221,848,478,40.50451256836846,40.315269148630364,97.46622639050491,96.71252127944108,72.27897834845744,78.39233973236249,8.985130885022894
person_18.mp4,front,143,2386,59.94426331032221,848,478,42.15607529225236,41.85524708248977,98.67912469857804,97.85869019515765,72.42105673580365,78.40145746647323,8.968073494949842
person_18.mp4,front,144,2402,59.94426331032221,848,478,42.97222847214085,42.36030064054027,99.17516403134131,98.13886233267088,72.59387472133454,78.42614473521459,9.202505939483824
person_18.mp4,front,145,2419,59.94426331032221,848,478,44.318245994557685,43.87093727056056,100.27701109506822,99.40853257068528,70.83047018093015,76.82043393325084,9.591647940797143
person_18.mp4,front,146,2436,59.94426331032221,848,478,45.49560572226408,45.10142519694214,102.27372976670614,101.98066432019259,70.47624501948991,76.49350883504867,8.601805316234925
person_18.mp4,front,147,2452,59.94426331032221,848,478,46.465280154308395,46.095121725747916,103.18614895220131,102.68822912055451,69.57720539095197,75.45724827361624,8.718857463723348
person_18.mp4,front,148,2469,59.94426331032221,848,478,47.28539640949686,46.648571054590825,104.13321528204014,103.06879252055278,68.37303255191775,74.22371538641923,8.80458638644758
person_18.mp4,front,149,2486,59.94426331032221,848,478,47.33897612822441,47.0805211839378,104.42557477840082,103.29848941578558,68.07386579210998,73.2473131946945,8.756644355678409
person_18.mp4,front,150,2502,59.94426331032221,848,478,47.81684967522377,46.877894197712024,103.38537193951453,102.81855041410832,69.30932422349171,70.18097681814304,9.77807125072515
person_18.mp4,front,151,2519,59.94426331032221,848,478,48.166768621853016,46.41317561500467,101.583965607302,101.55458334559718,66.8369488572567,69.04047508183142,11.704480162057981
person_18.mp4,front,152,2536,59.94426331032221,848,478,50.49986185299346,47.420269284056126,103.96364454401758,101.97018941519589,64.13526267272002,69.33342955274897,11.772952980163774
person_18.mp4,front,153,2552,59.94426331032221,848,478,50.299069894944026,45.82924246457933,99.93310699880548,96.77315450618133,61.62660519787505,63.36080525661979,16.189886156102254
person_18.mp4,front,154,2569,59.94426331032221,848,478,53.47786676729051,46.522056084974764,102.8242135691721,97.49458465724103,60.930014429865864,63.901018502115974,16.269473463638857
person_18.mp4,front,155,2586,59.94426331032221,848,478,54.48461387421315,46.97998912158024,103.48488499459059,97.94646707614753,61.628189836860564,63.828530224854404,16.314491148436307
person_18.mp4,front,156,2602,59.94426331032221,848,478,54.58453661452278,47.49782585696938,101.91718474905767,96.71468502584969,61.932726493499985,64.18713814113983,17.81633175322792
person_18.mp4,front,157,2619,59.94426331032221,848,478,55.94320690310973,49.10497267075123,101.3747615161614,96.40153832544357,60.632300642436604,63.60327566058455,19.677512971660914
person_18.mp4,front,158,2636,59.94426331032221,848,478,56.029843091496545,50.040920852516635,100.79200692021651,96.54251895158558,62.34642797249666,61.832473040290864,20.050270917782388
person_18.mp4,front,159,2652,59.94426331032221,848,478,56.444062402077826,50.87699151438944,101.91315873091449,97.85181474499093,61.910138334958695,63.259650115345764,19.100977580475973
person_18.mp4,front,160,2669,59.94426331032221,848,478,57.34430576052414,51.634955052969595,102.15554920116902,98.8475756708117,61.79759009139513,63.7685061649686,18.76131547333669
person_18.mp4,front,161,2686,59.94426331032221,848,478,59.0458845191441,52.84963409113935,102.9046591239322,99.76700347606193,60.27961577373601,62.93259931346554,19.110356313439386
person_18.mp4,front,162,2703,59.94426331032221,848,478,61.28499535157931,53.65188105482156,103.13200420714452,99.7517902193108,59.7697650755506,64.14744860633812,20.592012562574357
person_18.mp4,front,163,2719,59.94426331032221,848,478,63.07094060199573,54.83793383245497,104.03635181155416,99.58602830909427,60.269482330802674,65.62287018454333,21.258483397826748
person_18.mp4,front,164,2736,59.94426331032221,848,478,64.88792021949085,55.866205991506256,106.92450424561385,100.63265489966243,60.68724506265424,66.70996208934388,20.431285609127617
person_18.mp4,front,165,2753,59.94426331032221,848,478,67.04581348449165,57.713815622275135,108.49086747503291,102.19470093731103,61.28970876323465,66.17861072059766,20.37478827459183
person_18.mp4,front,166,2769,59.94426331032221,848,478,67.13816545892243,58.53830721748643,106.81299296011525,101.68175530050618,66.31782816123564,66.2841428456075,21.036994325303905
person_18.mp4,front,167,2786,59.94426331032221,848,478,69.2419697243888,58.920886569137046,109.09454139858265,102.16676220765541,62.08096512105683,65.46672598951885,20.76553324834255
person_18.mp4,front,168,2803,59.94426331032221,848,478,70.06631042549044,59.571899774675785,110.06855461487825,103.13888425023762,60.97779919161459,65.57689304994193,20.389600084377086
person_18.mp4,front,169,2819,59.94426331032221,848,478,73.26124882068018,60.58014376265806,114.66477482829625,103.82164465842773,61.005659281351406,64.34015517193106,19.57533823119752
person_18.mp4,front,170,2836,59.94426331032221,848,478,76.47741365723947,63.32473910344767,115.29492103180152,105.13084053594612,61.69198967122278,65.56244593198335,20.12303979430293
person_18.mp4,front,171,2853,59.94426331032221,848,478,78.89982667214528,66.13363603975624,117.15411758239878,107.0533933572307,61.209199227341365,65.12073671132984,20.99196911181766
person_18.mp4,front,172,2869,59.94426331032221,848,478,78.4825985505832,68.97478065908132,114.03924558174229,108.54979042462256,61.132805102613915,64.99681637822364,22.926173110643525
person_18.mp4,front,173,2886,59.94426331032221,848,478,78.83555233358685,68.39280105217958,113.84045698327974,107.99183309001505,62.61795802926194,67.74668781756104,22.19063437587611
person_18.mp4,front,174,2903,59.94426331032221,848,478,79.51899528903839,71.86193852927009,114.05624508732927,110.17996768479053,61.142514527000486,65.50062783728448,22.84519622933795
person_18.mp4,front,175,2919,59.94426331032221,848,478,82.07970790211355,74.0287301079575,116.0089804828727,111.41244183041468,61.406204928533896,65.45548776748305,23.08913151114524
person_18.mp4,front,176,2936,59.94426331032221,848,478,83.73370301233854,74.14196406092002,116.93698417651176,111.02218818321842,62.22688149621797,65.92774734806707,23.20986617169923
person_18.mp4,front,177,2953,59.94426331032221,848,478,90.4874726778145,84.1360482995278,121.95703093151155,119.04743132051645,62.27352408003215,66.98210930085433,23.953031974125846
person_18.mp4,front,178,2969,59.94426331032221,848,478,94.4818877817071,86.16425921968967,126.05917151864492,120.62582937634257,62.15124925636088,67.06030890697875,24.043221899122404
person_18.mp4,front,179,2986,59.94426331032221,848,478,101.12464177461445,91.86790594125031,132.14221302244417,124.80707345591416,63.483270464668315,69.2869766732473,23.43187670481891
person_18.mp4,front,180,3003,59.94426331032221,848,478,106.43105521661958,98.28754983576003,136.91916425176836,131.24620696733433,64.65393906480952,70.04023718425299,22.766014936703744
person_18.mp4,front,181,3019,59.94426331032221,848,478,105.90186590349282,97.00734678008394,138.3585259189387,130.03927167334865,64.17432029761542,70.01060736102052,22.259327168915583
person_18.mp4,front,182,3036,59.94426331032221,848,478,112.83238456548422,99.47529768122334,143.49577254893836,131.9142520694691,65.74288918403906,70.51505037411891,21.719628380592795
person_18.mp4,front,183,3053,59.94426331032221,848,478,113.43460673750366,100.49950217195223,141.65147217525555,131.96666278835582,67.50695737628652,71.50957854996508,21.614576457042364
person_18.mp4,front,184,3070,59.94426331032221,848,478,116.86610325751958,104.44067945324676,144.98082880275751,136.62420773017348,67.61165571788746,71.17117293905902,21.29630076984296
person_18.mp4,front,185,3086,59.94426331032221,848,478,122.6485286852741,109.11333696169073,148.3070785997333,139.68887675271367,69.49717064957504,72.60142529005496,21.150117883199748
person_18.mp4,front,186,3103,59.94426331032221,848,478,125.7880229306228,113.03312666625467,150.7729399862167,143.5417253430387,70.6922665491013,72.74111670494749,20.598529354465356
person_18.mp4,front,187,3120,59.94426331032221,848,478,128.56182489561004,113.41812144948472,151.30784427991122,142.5524975708288,73.17714591137386,76.26725676253857,19.955470362861547
person_18.mp4,front,188,3136,59.94426331032221,848,478,127.79471057204206,116.562623449658,152.33125735438466,146.76657686773754,71.8514713383995,76.06871015580468,18.1034492994962
person_18.mp4,front,189,3153,59.94426331032221,848,478,134.41384081982386,125.07999432166561,156.784940550077,152.2070619036449,73.98112866540045,77.54018331972314,17.847286450751444
person_18.mp4,front,190,3170,59.94426331032221,848,478,140.9584620282663,131.59533510427127,160.45719808169704,156.04948595989046,76.44816692877346,79.05202112381458,17.929388595588243
person_18.mp4,front,191,3186,59.94426331032221,848,478,139.2197526827399,132.1199062475694,161.2274325998179,157.49460156038367,77.16722244405204,80.73886564437032,15.728289004022118
person_18.mp4,front,192,3203,59.94426331032221,848,478,142.28071115962868,138.48221308269467,164.02165708290468,162.7525069849522,78.14330086545752,81.31101919983384,14.629369885472165
person_18.mp4,front,193,3220,59.94426331032221,848,478,146.52459520925612,144.6559300396888,166.32240360341657,167.33700964574297,81.15875124370172,84.41650657731894,13.325366452606389
person_18.mp4,front,194,3236,59.94426331032221,848,478,145.278295270517,141.9558744904847,167.41024966625474,168.49980397937054,81.08875657594037,84.08726975171827,10.409479587503952
person_18.mp4,front,195,3253,59.94426331032221,848,478,142.3272447003857,140.337951911875,165.6751824030984,167.69374256780992,78.37900551249115,80.58905082117444,11.940357322634014
person_18.mp4,front,196,3270,59.94426331032221,848,478,145.18451082139808,144.1732081833567,166.66476085016356,169.49333650638007,80.25154689229507,81.12088549945416,12.478250044902863
person_18.mp4,front,197,3286,59.94426331032221,848,478,144.62633203983765,143.6428160857294,166.10651957116025,169.09870705506384,80.00020065199938,82.69183252375281,11.937476510741684
person_18.mp4,front,198,3303,59.94426331032221,848,478,143.1153975457794,143.12742058844654,166.27957276706965,169.25338106552317,79.11247449087571,82.60279012930056,10.90665015774656
person_18.mp4,front,199,3320,59.94426331032221,848,478,143.03590273856355,141.77606265694183,166.93567176158805,169.44122468950715,79.59632796313831,80.62870851531811,9.537466498204468
person_18.mp4,front,200,3336,59.94426331032221,848,478,145.36016844899382,142.40945264898983,169.1633050272688,170.74533627915747,81.43382863587377,81.28948920155258,7.478589495540297
person_18.mp4,front,201,3353,59.94426331032221,848,478,147.94659417469256,143.5610242828482,170.15511108444016,170.9943529505499,82.6588092378403,82.1257731424255,8.068566634293562
person_18.mp4,front,202,3370,59.94426331032221,848,478,145.48469556758076,143.21254132823478,168.93911017341958,169.89247731980234,80.70223602896247,82.67680463996828,9.11661406985916
person_18.mp4,front,203,3386,59.94426331032221,848,478,145.93119572398385,143.77057360477005,168.66502040412857,170.3334457715,81.50573448916326,83.09662170457462,8.945627925682103
person_18.mp4,front,204,3403,59.94426331032221,848,478,146.69732227437336,143.86700242886388,168.54316860017306,170.40787335807664,81.470393299197,83.32631961622427,9.471179323633526
person_18.mp4,front,205,3420,59.94426331032221,848,478,149.6125544013545,145.82983817601402,169.72195438265015,171.09399578331607,82.93314496426306,84.48164141892477,9.879776524048427
person_18.mp4,front,206,3437,59.94426331032221,848,478,149.5779775752897,146.07522753801547,169.56954706596818,170.14656495325798,83.18664495665838,84.88048176949042,10.549536115929046
person_18.mp4,front,207,3453,59.94426331032221,848,478,147.80026610259992,144.8627930909516,168.256011464335,168.62645184147036,82.35830536387724,84.38800538125547,11.361642902039842
person_18.mp4,front,208,3470,59.94426331032221,848,478,148.0208002780071,145.0203099832175,167.8584209991786,168.63987864587315,83.60636377176422,84.89352095392006,10.835534526227239
person_18.mp4,front,209,3487,59.94426331032221,848,478,148.10883527188295,144.94618962228614,167.70575419897048,168.49534886156428,83.77170103609528,84.89997846790116,10.927079241568297
person_18.mp4,front,210,3503,59.94426331032221,848,478,150.18456700986027,145.5917677438215,168.9863400566782,168.8152172646434,85.00733687612681,85.4739519759601,10.662367403334937
person_18.mp4,front,211,3520,59.94426331032221,848,478,151.41579081476328,145.87302676488585,169.08383795821692,166.692594929079,84.4421254845633,84.49227806818396,13.40152748988888
person_18.mp4,front,212,3537,59.94426331032221,848,478,150.23039055270175,145.85045285172095,167.35880703664517,166.17509457199694,83.60977535555152,84.16004590459958,14.971324247684805
person_18.mp4,front,213,3553,59.94426331032221,848,478,150.26959293602553,146.2476509284752,165.94186884942593,165.64198553716272,83.47107450015217,84.36708112033521,16.322992985099322
person_18.mp4,front,214,3570,59.94426331032221,848,478,149.91435088955276,146.0176541792742,165.97667729433098,166.23037935236547,83.64726580469454,84.65720563851539,15.68256739948506
person_18.mp4,front,215,3587,59.94426331032221,848,478,150.69675743452518,146.1094268902906,166.53714469205303,166.74411335969486,84.24849645453833,84.63724984967173,15.289217173657251
person_18.mp4,front,216,3603,59.94426331032221,848,478,150.3969254021902,146.0605345553198,166.67464187699767,167.37232712570994,84.13452280618037,84.63190518142758,14.40518224601082
person_18.mp4,front,217,3620,59.94426331032221,848,478,151.64859822184695,147.63965674939777,167.33787871302056,168.1909076481709,85.468400838311,86.23647618450356,13.37924172819804
person_18.mp4,front,218,3637,59.94426331032221,848,478,151.0664210782504,147.48379252845368,167.06079109877294,168.3000965089247,85.24227125216963,86.34465309558401,13.274925533855528
person_18.mp4,front,219,3653,59.94426331032221,848,478,150.66078054667346,147.0557547077984,166.88781962077758,168.3231483399998,84.95046844193017,85.9107889363823,13.288876108807692
person_18.mp4,front,220,3670,59.94426331032221,848,478,152.83428403145413,147.69746410232574,169.06697528778693,168.97300445981818,85.22809707278343,85.8058193452939,12.977259443734233
person_18.mp4,front,221,3687,59.94426331032221,848,478,152.9930907242573,148.19902004630643,169.0385116252796,169.25860614178097,85.09743118974221,85.90981162831397,13.136200679249434
person_18.mp4,front,222,3703,59.94426331032221,848,478,152.4855161068708,148.11441201274226,168.73696701145187,169.21625988881328,84.80629136453109,85.91533412294454,13.144990645374126
person_18.mp4,front,223,3720,59.94426331032221,848,478,151.91366080014106,147.81300635547274,168.8385289965665,168.75337399186083,84.20540221066211,85.52343281590046,13.483786003204154
person_18.mp4,front,224,3737,59.94426331032221,848,478,150.38375660895835,147.44244662476936,168.62052458967082,169.23498671112264,83.89222664991179,85.53124254050998,12.619505579041968
person_18.mp4,front,225,3753,59.94426331032221,848,478,150.16015268835704,147.27528158242518,168.15466254375914,168.55502785487081,83.89307779547781,85.42855663981605,13.176221464029775
person_18.mp4,front,226,3770,59.94426331032221,848,478,150.14544368032574,147.4283029714047,166.68362582633384,167.93322424084897,83.94243991901568,85.54243191151963,14.45511886429496
person_18.mp4,front,227,3787,59.94426331032221,848,478,150.42778455804114,147.51381192463964,166.82086650470538,168.0643023697876,84.09012931210101,85.65613300060626,14.43241776071095
person_18.mp4,front,228,3804,59.94426331032221,848,478,149.94100876301442,147.26108421086198,166.58303512835522,167.89703234069847,84.02748565443355,85.51143875878445,14.408141603249712
person_18.mp4,front,229,3820,59.94426331032221,848,478,149.88406167874493,147.15518981954614,166.33165943591976,167.1634992651629,84.05253125823224,85.51646478148207,14.919834664673143
person_18.mp4,front,230,3837,59.94426331032221,848,478,149.38528639820413,146.86310684368817,166.0198583134216,166.6462198683069,83.7036257660255,85.37906031874431,15.35791547387197
person_18.mp4,front,231,3854,59.94426331032221,848,478,148.9043679630381,146.58990986476647,165.8892923383595,166.34681026880776,83.26774603317362,85.19694859887444,15.569887629519718
person_18.mp4,front,232,3870,59.94426331032221,848,478,149.13195680777403,146.61323954803711,165.83608321611314,166.10530552740548,83.37939150265237,85.11971386196784,15.80310751198622
person_18.mp4,front,233,3887,59.94426331032221,848,478,149.91838341486442,146.65244686976882,164.90045377596178,165.02803492788667,83.37056201807115,84.80644983527885,17.532194671456406
person_18.mp4,front,234,3904,59.94426331032221,848,478,149.9544433409024,146.65137284628287,164.9588098787139,165.55960502680946,83.49022079355197,84.85981093994255,17.196458481800427
person_18.mp4,front,235,3920,59.94426331032221,848,478,149.91791716705177,146.68025266073033,165.37325951166994,165.7797708105792,83.34849769477385,84.88343682038544,16.907521916455
person_18.mp4,front,236,3937,59.94426331032221,848,478,150.2398415891035,146.57069077302566,165.56444418180675,164.4943081382068,83.32407412613723,84.69836713212982,18.049315101489235
person_18.mp4,front,237,3954,59.94426331032221,848,478,150.25338648156517,146.6089493080806,165.71776969736533,164.9926797081337,83.3612692480815,84.71403775928718,17.628804907635725
person_18.mp4,front,238,3970,59.94426331032221,848,478,151.10308522205915,146.8065292394291,165.98684272023084,165.20029542429603,83.73661961209001,84.84324422340408,17.59793229081743
person_18.mp4,front,239,3987,59.94426331032221,848,478,151.41522893114993,147.1603381770798,166.1281483962899,165.356089491135,83.85036508713245,84.97738444856354,17.41366718881923
person_18.mp4,front,240,4004,59.94426331032221,848,478,152.61411521256423,147.53972575174043,166.84846458023728,165.43164539531224,84.22906039671265,85.07899811364481,17.567732593244344
person_18.mp4,front,241,4020,59.94426331032221,848,478,152.73481412617483,147.60330024300336,167.12155257309263,165.81821768608114,84.33088656400822,85.08760246523984,17.22228946396733
person_18.mp4,front,242,4037,59.94426331032221,848,478,152.74668537599678,147.70777248035787,167.14146483586606,166.0549329011402,84.37056029325664,85.14776438144817,17.11320079731265
person_18.mp4,front,243,4054,59.94426331032221,848,478,152.50455541329558,147.84967173579435,167.11409701148742,166.27393814266256,84.33752890387892,85.19761213201538,16.97605724612208
person_18.mp4,front,244,4070,59.94426331032221,848,478,153.51242501737696,148.14669973761642,168.24598761053107,167.726530851655,85.04730857834068,85.54219072533424,15.591091930813489
person_18.mp4,front,245,4087,59.94426331032221,848,478,153.80142336331244,148.29404898310966,168.8291234777255,168.31419451831067,85.27573687622173,85.65617102677925,14.897153045443133
person_18.mp4,front,246,4104,59.94426331032221,848,478,153.67907177243183,148.28175313657957,168.68268603136258,168.2671641704562,85.19555752299222,85.63463458918017,14.96110735095104
person_18.mp4,front,247,4120,59.94426331032221,848,478,153.64019628117364,148.2325256046894,168.7179196361519,168.5591045115051,85.39940418567141,85.75233364908412,14.559912459368707
person_18.mp4,front,248,4137,59.94426331032221,848,478,153.1271862552109,148.29963676797837,168.87220554024861,168.95464373397112,85.26030276083472,85.85540532414852,13.935538968192395
person_18.mp4,front,249,4154,59.94426331032221,848,478,150.6482970459161,148.04689133663794,167.7534214219662,168.9111012894767,84.95154185210704,86.46043408142312,13.043354454560427
person_18.mp4,front,250,4171,59.94426331032221,848,478,151.33373071159377,148.16334032536557,168.133832029826,168.69706617574658,85.09182048033027,86.55146216072428,13.149958946676206
person_18.mp4,front,251,4187,59.94426331032221,848,478,151.43422886427814,148.1976077750484,168.1083578503615,168.56834592949858,85.14409288100788,86.52057475568043,13.197625960727846
person_18.mp4,front,252,4204,59.94426331032221,848,478,151.44674544332597,148.34927667840117,168.19787623459243,168.4243786343755,85.07376484626407,86.68633339463584,13.311820433161772
person_18.mp4,front,253,4221,59.94426331032221,848,478,151.7668402405003,148.44071833310315,168.3827204272597,168.5113817502359,85.18117134464168,86.66097665693309,13.310047356242103
person_18.mp4,front,254,4237,59.94426331032221,848,478,150.93962230078617,148.2535100195539,168.14023562567854,168.86723716949666,84.76631838159072,86.56699797853493,13.006870277834933
person_18.mp4,front,255,4254,59.94426331032221,848,478,152.03341500710502,148.43628408179154,167.32025672931252,167.83452194174475,84.92608951200897,86.54385679249124,15.201148731762645
person_18.mp4,front,256,4271,59.94426331032221,848,478,152.1227693401104,148.609803335909,166.155018020322,166.88266038880224,84.84185969397673,86.27352419771528,16.6606449672382
person_18.mp4,front,257,4287,59.94426331032221,848,478,152.5520553380647,149.01476288086383,166.36528496041882,167.01936897486283,84.94300978825162,86.42846105759394,16.594304096159618
person_18.mp4,front,258,4304,59.94426331032221,848,478,152.6465116384785,149.2710012434421,164.42793026261535,165.9056179817183,84.85656424325765,85.81565315918051,18.888785683860558
person_18.mp4,front,259,4321,59.94426331032221,848,478,155.75622669167612,149.41449850948266,165.3830831583205,165.75231344148472,85.14581547707624,84.86534608237776,20.09055543600266
person_18.mp4,front,260,4337,59.94426331032221,848,478,155.691869924631,149.67780798085516,165.3356648226877,166.95639447964663,84.97386791815474,84.24470183265542,20.259392917970644
person_18.mp4,front,261,4354,59.94426331032221,848,478,151.4825606290978,146.4598939683177,162.85731909474933,165.66345013028626,83.02420792495472,82.49911755934026,20.79591994676233
person_18.mp4,front,262,4371,59.94426331032221,848,478,151.09043663426218,144.07003864342911,162.46873226081905,163.69843990021758,82.99813671939823,80.20572545513737,20.698468892312132
person_18.mp4,front,263,4387,59.94426331032221,848,478,143.94679499838307,135.8518398390739,157.2820570434451,156.9083864312863,80.1702008008965,77.62258096788186,21.916222543979526
person_18.mp4,front,264,4404,59.94426331032221,848,478,142.18887745729558,132.4580037546731,156.6784114024779,154.65050958796226,79.63631398706391,77.09948989667916,21.815783252145163
person_18.mp4,front,265,4421,59.94426331032221,848,478,137.368105869153,126.71182777388078,153.1148236561281,149.795559542265,77.96938174051982,75.42316630209216,22.859683486549212
person_18.mp4,front,266,4437,59.94426331032221,848,478,134.43706560805614,124.84669492585881,150.97363235043613,149.51289693226488,76.84994037683717,74.39470702139839,23.505592950455895
person_18.mp4,front,267,4454,59.94426331032221,848,478,126.5971835058223,119.2998622170297,145.8805177783412,146.10473594189733,73.73986254592654,72.41074038770043,24.215534643301563
person_18.mp4,front,268,4471,59.94426331032221,848,478,113.54751473732226,111.46944531611585,136.27326337346463,140.78628985919173,70.70518583678935,69.52877811620229,24.156682298871807
person_18.mp4,front,269,4488,59.94426331032221,848,478,109.72109489009799,105.1412855699462,133.7333583914045,136.35125797169107,69.43311909571227,66.06356760561,24.339747519682167
person_18.mp4,front,270,4504,59.94426331032221,848,478,109.70949788670472,99.92256743365226,134.25924416577803,132.00032157227707,69.92857768742626,68.5309410240755,24.253208528778597
person_18.mp4,front,271,4521,59.94426331032221,848,478,105.47833351948482,101.90034894828197,130.46607999782466,133.30969085753244,69.2550401583919,67.97261435576337,24.552350245317264
person_18.mp4,front,272,4538,59.94426331032221,848,478,109.1733393970123,104.62131163208706,133.4193621276026,136.010488592461,71.01425112775117,69.45022121068831,24.324182628226286
person_18.mp4,front,273,4554,59.94426331032221,848,478,111.3547872176283,107.12002887196824,135.034415086326,138.08108085324727,70.90240876799433,69.91230709663827,24.358154332645764
person_18.mp4,front,274,4571,59.94426331032221,848,478,111.03008759411829,107.73266289160728,136.9755214975752,139.30497686812734,69.89398249405555,69.56926655890058,24.49498679550007
person_18.mp4,front,275,4588,59.94426331032221,848,478,106.44184037537211,102.41749791637643,133.9677253621708,134.92370690204496,67.73419910659189,66.96559489064215,25.008664174168793
person_18.mp4,front,276,4604,59.94426331032221,848,478,101.79352504106569,97.66272790479964,130.9301228241707,130.5607278316942,65.97230221986023,68.46942544875823,24.928424634934537
person_18.mp4,front,277,4621,59.94426331032221,848,478,95.10106404227434,91.47965020357006,125.57212956548364,125.67474982984525,65.90555268346044,68.04344250547663,25.000618307802778
person_18.mp4,front,278,4638,59.94426331032221,848,478,88.01325661081825,84.45565698091266,119.95058687583183,119.47453244344017,64.52912757817774,66.18192476935083,26.105567218622905
person_18.mp4,front,279,4654,59.94426331032221,848,478,86.84417115466319,86.37205841592575,117.80316216365473,120.98429429372152,64.23895319285654,66.67491217925624,25.962257744967932
person_18.mp4,front,280,4671,59.94426331032221,848,478,85.52599410787877,87.63150280922774,116.53956963491589,121.87154580994685,63.07405387075093,67.55150794182718,26.33621026956871
person_18.mp4,front,281,4688,59.94426331032221,848,478,77.85598018328449,79.26371809245325,108.38236414876002,114.66390930011224,61.40918937938116,64.6295505592286,26.736424486937537
person_18.mp4,front,282,4704,59.94426331032221,848,478,78.0727534425029,78.44064454736154,108.24491575012718,112.90564372672654,61.984642762504926,64.63818166655822,27.029527773078083
person_18.mp4,front,283,4721,59.94426331032221,848,478,77.73768837784807,79.0886789335315,107.51303476361039,112.36134510503734,60.984631379820506,62.98755958550968,28.287168897895015
person_18.mp4,front,284,4738,59.94426331032221,848,478,72.8488425067882,70.61879778768278,103.73673112978945,104.54639934639982,60.26895656890934,62.45216813183912,28.315194600745876
person_18.mp4,front,285,4754,59.94426331032221,848,478,71.2958823367979,68.83504291135527,102.00962726846454,101.90135353143475,59.36859400629253,61.3687680074484,29.53695219961283
person_18.mp4,front,286,4771,59.94426331032221,848,478,70.34962684291963,63.57317015731151,102.18886379132131,97.47420033243942,58.74759963556783,60.80134751638484,29.268047995334435
person_18.mp4,front,287,4788,59.94426331032221,848,478,66.88159787441458,61.822778018651434,98.36961453760586,95.23974415061558,58.6326673591053,60.15345184362798,29.10168515515939
person_18.mp4,front,288,4804,59.94426331032221,848,478,66.23508231823857,62.27201749651423,97.55311861327415,95.75076246841246,58.90019754327327,60.68805580278824,29.229394823132626
person_18.mp4,front,289,4821,59.94426331032221,848,478,61.423788942987606,58.101662073936666,94.54407780511299,93.85598686752496,57.98228348615408,59.34500396607287,27.889808302069348
person_18.mp4,front,290,4838,59.94426331032221,848,478,62.42883368336518,59.29584094212447,94.1124352266016,93.97148196862372,58.723816492889554,59.85900800065247,28.292231928236433
person_18.mp4,front,291,4855,59.94426331032221,848,478,61.185482829124915,58.929887600327724,92.58783223791146,94.2607204894984,58.7702034382537,59.96687852311169,28.069801718261125
person_18.mp4,front,292,4871,59.94426331032221,848,478,62.174015513635815,60.153839647885036,94.82861127157433,96.65045397643827,59.23119138809565,60.55790391901072,27.07839338031649
person_18.mp4,front,293,4888,59.94426331032221,848,478,59.97170754510335,57.39680417099269,94.14564757045653,96.05640043780559,58.924147602544366,60.0706908165389,25.80640652419095
person_18.mp4,front,294,4905,59.94426331032221,848,478,59.27498285244124,55.65889200444177,95.54132605785725,95.98105867280225,59.5150211629121,60.71821378324431,24.386199722256737
person_18.mp4,front,295,4921,59.94426331032221,848,478,58.60298398186225,55.01473049631925,95.65071805574891,96.33452094581119,59.25489483126348,60.61701110558732,24.15296553357704
person_18.mp4,front,296,4938,59.94426331032221,848,478,56.969022289103926,53.941366021491795,96.33595008299181,97.69444705714137,59.30155024930088,60.37908075781074,22.778694786677907
person_18.mp4,front,297,4955,59.94426331032221,848,478,55.00826742509183,51.834427123789176,93.75227674104018,95.4510118379319,58.695487267878114,59.43951507194912,23.98488454592841
person_18.mp4,front,298,4971,59.94426331032221,848,478,54.571637148722665,51.139871766500356,93.63590254805712,94.58967414457582,59.09236691680923,59.900138503594434,24.004826792906524
person_18.mp4,front,299,4988,59.94426331032221,848,478,53.92917316636139,51.55242102376719,93.12591514400125,94.81149809125199,58.95647416696168,59.362163924060646,24.23719349581898
person_18.mp4,front,300,5005,59.94426331032221,848,478,52.93647878633722,49.59646362466525,93.07983831327293,94.21807395467478,58.606628398160126,60.0982930496726,23.535090054987794
person_18.mp4,front,301,5021,59.94426331032221,848,478,53.24232251172608,51.222212660789694,94.33628730934132,96.39148745154844,58.938672913594665,62.083913787641336,22.609939215695174
person_18.mp4,front,302,5038,59.94426331032221,848,478,53.01196905302963,51.91914654676759,95.78727606889146,98.4814469773352,59.290121765840084,67.01726939501886,21.00492712951265
person_18.mp4,front,303,5055,59.94426331032221,848,478,51.52200129020774,49.045049009056804,95.77777470665445,96.52418538463097,59.55895113204748,62.9363781424702,20.05634613151859
person_18.mp4,front,304,5071,59.94426331032221,848,478,51.32519973168622,48.28040057048425,97.14960173130277,97.63336788013797,59.811778443913425,62.93171005091252,18.525930031280026
person_18.mp4,front,305,5088,59.94426331032221,848,478,50.75767747656013,48.72131730914569,98.3172787811126,99.61730451494871,60.28937567421871,61.248667502281414,16.91831199367984
person_18.mp4,front,306,5105,59.94426331032221,848,478,48.94566523233265,48.09092888312942,96.14795570519316,98.95779903778866,60.11696359398051,61.592234349672374,17.29613839827967
person_18.mp4,front,307,5121,59.94426331032221,848,478,49.16619740208238,47.84459342776857,96.09600328059369,99.71851064124712,60.52553363547309,63.332389022999514,16.77634769465246
person_18.mp4,front,308,5138,59.94426331032221,848,478,47.38946356932889,46.20138670609729,94.45765128737845,98.10586457739919,60.15595641732029,63.41472278529982,17.25616804821779
person_18.mp4,front,309,5155,59.94426331032221,848,478,47.78130653244618,46.09031800681965,94.38394502936589,98.64617751490822,60.06333562565626,63.8116027740486,17.089903349528736
person_18.mp4,front,310,5171,59.94426331032221,848,478,47.24205829722279,45.681550116964324,93.52853713560519,98.52187142694348,60.197098348933054,63.82603677476681,17.090972955301034
person_18.mp4,front,311,5188,59.94426331032221,848,478,46.49055795203311,44.89385406362283,92.21496607870526,97.3737859432335,60.41073496007828,63.712724920792105,17.644541006788508
person_18.mp4,front,312,5205,59.94426331032221,848,478,45.182059760464796,43.161623245388576,88.42150512538487,92.73126753443752,59.29127522646452,62.85924323440715,21.014339570616276
person_18.mp4,front,313,5222,59.94426331032221,848,478,43.80876299965844,40.904566383001814,86.78727079924397,88.6760875077741,59.32460704802557,62.34854007965602,22.2130956486484
person_18.mp4,front,314,5238,59.94426331032221,848,478,43.78183873152972,40.72733733550219,87.76714180780651,89.92628764936762,60.22631148519153,62.78025598877158,20.831078771121042
person_18.mp4,front,315,5255,59.94426331032221,848,478,43.41379620396121,40.348635907003334,85.04505205962833,87.41262278040274,60.436832566999826,62.416070389933246,23.061775909556847
person_18.mp4,front,316,5272,59.94426331032221,848,478,42.51620850659666,40.08383188373218,83.27597926060318,85.69495192043978,59.90636307822659,61.71464839506854,24.201467738569786
person_18.mp4,front,317,5288,59.94426331032221,848,478,42.524190312101844,40.11995938057241,82.35181771921823,84.33457186721432,59.11993710463042,62.316580140924096,25.357139671706637
person_18.mp4,front,318,5305,59.94426331032221,848,478,42.21922937576134,39.78933988736129,82.67673532087271,84.19827585427313,57.93851474973812,62.898069761031664,24.928126747900873
person_18.mp4,front,319,5322,59.94426331032221,848,478,42.09436337692313,39.196630020731895,82.74602436160121,83.91390595293802,63.13593188358278,61.477435184037,24.749080824477513
person_18.mp4,front,320,5338,59.94426331032221,848,478,41.43673223434404,38.89873651494933,82.57858624871068,83.7160821823483,63.226559449799325,65.34672630034811,24.776405748599075
person_18.mp4,front,321,5355,59.94426331032221,848,478,39.9338681429756,36.86179612096884,81.75899650354519,82.66691621167028,63.88986854527973,66.17623161239254,24.369062627980952
person_18.mp4,front,322,5372,59.94426331032221,848,478,40.23723796217399,37.46178833311056,85.60018911540728,86.72265359441029,64.92197932775531,65.55030794846688,20.326685380118814
person_18.mp4,front,323,5388,59.94426331032221,848,478,39.16737953977414,36.612367806726226,84.6862160372667,85.83878944690706,64.6075354114754,66.34970798585574,20.59287899939491
person_18.mp4,front,324,5405,59.94426331032221,848,478,37.67992442901718,35.92651922781372,83.19818248169652,84.99241038064568,64.5988320220269,66.8651149638897,21.064884145500663
person_18.mp4,front,325,5422,59.94426331032221,848,478,37.45883229196659,35.49688360370881,82.82411149435983,84.33412672299156,64.30412464850788,67.7134673975738,21.196216004460727
person_18.mp4,front,326,5438,59.94426331032221,848,478,36.74870908478149,35.570560622483434,82.2817730149301,84.04923235734479,64.8874061563652,66.63018999552581,21.33303293193458
person_18.mp4,front,327,5455,59.94426331032221,848,478,36.50720861906384,35.049545754628305,81.98256780720159,83.65410899882129,65.43912695659178,66.93961839127935,21.312233395254914
person_18.mp4,front,328,5472,59.94426331032221,848,478,35.60236073605175,34.455083349916706,82.63963945492792,84.56490959572076,66.46477079886209,68.55039609922056,19.678997671951254
person_18.mp4,front,329,5488,59.94426331032221,848,478,34.70935092945214,33.48879370975854,82.4645344903346,84.09911718218139,66.5699551945803,69.32563732012582,19.139214768568973
person_18.mp4,front,330,5505,59.94426331032221,848,478,34.85736709086117,33.382701127914544,83.2245226515797,84.74105304691986,66.86849339115467,68.72127420892829,18.25109617880753
person_18.mp4,front,331,5522,59.94426331032221,848,478,34.77894801390443,33.13565378290954,83.01555410099829,84.29963551824805,67.08636286248907,69.15821244656372,18.33223283250473
person_18.mp4,front,332,5538,59.94426331032221,848,478,34.81505108425644,33.04699377500288,82.99039397274298,84.44061514053031,67.19375788488814,69.73229371941073,18.05219313129366
person_18.mp4,front,333,5555,59.94426331032221,848,478,34.79081193122854,33.35476995484527,84.44470855471164,86.16591741589075,67.35598819318331,69.44316476029921,16.273723120082014
person_18.mp4,front,334,5572,59.94426331032221,848,478,34.240382334978776,33.13209322142968,84.01684308876831,85.81876397747456,66.33129308228591,72.80958790119738,16.509956537228167
person_18.mp4,front,335,5589,59.94426331032221,848,478,34.00182345563045,32.799442628983954,83.85948119803297,85.86433034918174,65.83262967316477,73.4142910843797,16.41495141809673
person_18.mp4,front,336,5605,59.94426331032221,848,478,33.92068166609997,32.60684352071918,84.71186230326747,87.37808004824103,65.86075517772117,73.25440671836984,15.088219518689128
person_18.mp4,front,337,5622,59.94426331032221,848,478,33.567501681285265,32.43388975188407,83.98962932868172,86.68228379110585,66.77143711967993,73.30635983415462,15.505145630226849
person_18.mp4,front,338,5639,59.94426331032221,848,478,33.332076765433996,32.32165673422287,85.30365995269341,88.75697881060086,66.84271112328507,74.76117573702409,13.597176053268706
person_18.mp4,front,339,5655,59.94426331032221,848,478,33.24277837756899,32.27052284654141,85.01052984949892,88.40555259488289,66.53967528967273,74.21525544325814,13.792489481345486
person_18.mp4,front,340,5672,59.94426331032221,848,478,33.277455340433164,32.25745474060874,85.62928434834154,88.67942328299796,66.32104791791024,74.95170588461419,13.365436331213155
person_18.mp4,front,341,5689,59.94426331032221,848,478,33.31923471688403,32.22627757045324,85.35661547407818,88.335800209479,65.69581287467918,74.57815942250602,13.743425816796575
person_18.mp4,front,342,5705,59.94426331032221,848,478,33.295691723999525,32.27148335591684,85.46243680042808,88.36132899628085,67.22992373121305,74.97706396309513,13.702360979314056
person_18.mp4,front,343,5722,59.94426331032221,848,478,33.16186598988742,31.955498920921677,85.02754244082325,87.82845959616755,66.99155039794077,74.53650076272419,14.087294240246512
person_18.mp4,front,344,5739,59.94426331032221,848,478,33.161256201406864,31.81837419647948,84.88863656643991,87.72372374544433,67.17547509617917,76.64393575219327,14.214062689640002
person_18.mp4,front,345,5755,59.94426331032221,848,478,33.17387721496861,31.646877436534616,84.85308253222782,87.50743545474155,67.24383250142519,76.75791704502866,14.307598886189897
person_18.mp4,front,346,5772,59.94426331032221,848,478,33.22542891571974,31.610839592082794,84.87885560920853,87.49408528779341,67.18004935391862,76.39331766415852,14.336200568311206
person_18.mp4,front,347,5789,59.94426331032221,848,478,33.45851078445521,32.1394814316208,85.24180864419661,88.36100217656765,67.70348059277784,78.77117341173037,14.098133294637908
person_18.mp4,front,348,5805,59.94426331032221,848,478,33.52271579391574,32.03339308938749,85.19195068327382,88.30919262289888,68.95710219244506,78.34881675071387,14.250957526375196
person_18.mp4,front,349,5822,59.94426331032221,848,478,33.615301825025306,32.28162274127104,85.20338028504442,88.38386346864942,68.82033723391469,77.05361489035396,14.364329778716016
person_18.mp4,front,350,5839,59.94426331032221,848,478,34.42139250356866,33.0159136448442,86.00966843984757,88.90239343171397,69.32778196861729,78.62575681391448,14.078030109708308
person_18.mp4,front,351,5855,59.94426331032221,848,478,34.36434881145019,32.91561036008079,85.89219775561234,88.80566621822707,69.08913356272014,76.91725811328875,14.181140993400948
person_18.mp4,front,352,5872,59.94426331032221,848,478,34.28608412952679,32.503377931025426,85.8972867948903,88.2152787928491,68.76314084609515,75.59720956249727,14.46360091855954
person_18.mp4,front,353,5889,59.94426331032221,848,478,34.40299521902498,32.62171046140194,86.0232944638252,88.16056016424966,68.41080386470307,75.51006674984065,14.558131230612773
person_18.mp4,front,354,5905,59.94426331032221,848,478,34.58993034282257,32.80479258276115,85.75601199986482,87.65601642780344,68.13779700458218,75.0312761793126,15.128260964753183
person_18.mp4,front,355,5922,59.94426331032221,848,478,35.09041599815139,33.28520633659894,85.6778311653128,87.4853693246319,67.64740659905596,74.66371550898472,15.741627551091545
person_18.mp4,front,356,5939,59.94426331032221,848,478,35.48423381639361,33.6041060267476,85.37250906821951,87.02088644298199,67.58107734007173,74.44462240194613,16.56499675333247
person_18.mp4,front,357,5956,59.94426331032221,848,478,35.932137685413174,34.320367453457855,86.13506088172097,87.73457648514226,67.17697142387674,73.59504112259341,16.723898725909656
person_18.mp4,front,358,5972,59.94426331032221,848,478,36.509306842417786,33.88686515618957,86.113763375848,87.5291477085875,67.25373418267398,73.38359693686915,17.2131885674247
person_18.mp4,front,359,5989,59.94426331032221,848,478,37.26964982518336,34.65793214622392,86.66612201196011,88.34585079071687,68.09986677113899,70.14781695722436,17.154620885820442
person_18.mp4,front,360,6006,59.94426331032221,848,478,37.98744075742255,35.59540995870889,88.17646119791125,89.73070735193959,65.98254669480289,69.82149768442487,16.57544952785676
person_18.mp4,front,361,6022,59.94426331032221,848,478,38.50826444149518,36.556612837786986,89.37422956215082,91.39750655069487,64.81273721035954,69.20088371132496,15.832748366543065
person_18.mp4,front,362,6039,59.94426331032221,848,478,38.56572869140962,36.93579865118454,89.36448511134832,91.7320521688931,63.28783414222024,68.05250955317054,16.40761027318584
person_18.mp4,front,363,6056,59.94426331032221,848,478,39.153215412409935,37.429147145474374,89.25244593192402,91.2533802179293,63.28647111166893,67.85520349642087,17.448392624135607
person_18.mp4,front,364,6072,59.94426331032221,848,478,41.49738778928015,39.46751935965882,92.55777862432312,94.67289997055121,63.89891794509246,68.90042357104178,15.644425492998126
person_18.mp4,front,365,6089,59.94426331032221,848,478,41.87899663910914,40.161410423474024,90.79627244782294,93.21934127779151,64.83985143631736,70.66277221748584,17.646908111093087
person_18.mp4,front,366,6106,59.94426331032221,848,478,40.95955194929614,38.04008021774415,83.96794352469426,85.02110691814075,62.41499927748419,61.80734044185126,24.821442698904868
person_18.mp4,front,367,6122,59.94426331032221,848,478,41.73487957724512,38.768427741297906,85.85812101312489,86.7387812687455,61.34703214070692,62.79459622055674,23.739298113505825
person_18.mp4,front,368,6139,59.94426331032221,848,478,43.729311806339055,39.66013691528612,89.57017886765807,89.16847011101329,61.27828019646108,63.09934741471242,21.849624332551354
person_18.mp4,front,369,6156,59.94426331032221,848,478,45.04844309203434,41.048593068819535,91.24253779385654,91.027030622045,61.74247899516353,63.783251661208716,20.8521844870848
person_18.mp4,front,370,6172,59.94426331032221,848,478,46.02738818258817,41.634540405218765,92.6266157975555,92.16324874384836,61.67797100160783,63.45277768593851,20.293242888087043
person_18.mp4,front,371,6189,59.94426331032221,848,478,46.54239506620754,42.405300723538744,92.22914367194535,90.87631958306964,59.441533155640414,60.038273329431675,21.799578284762333
person_18.mp4,front,372,6206,59.94426331032221,848,478,47.2526232539799,42.94252565228525,93.48828647888882,91.58723971401045,59.060262226017365,61.504582645030474,21.411116525782415
person_18.mp4,front,373,6222,59.94426331032221,848,478,48.25870117805162,44.750772133052244,94.62878863158971,93.70124219386719,59.15180797082815,58.443575141116064,20.828873702921793
person_18.mp4,front,374,6239,59.94426331032221,848,478,49.064299471090685,46.506600569710535,94.27542521955675,94.35089904593295,58.3122258970925,59.60312509344249,22.204014694618422
person_18.mp4,front,375,6256,59.94426331032221,848,478,50.844222569593775,50.06452942715942,95.14329505679731,97.42390512067036,57.97319078663109,61.17622964163702,22.441558045572584
person_18.mp4,front,376,6272,59.94426331032221,848,478,52.776546930965914,52.37664294254596,97.36420622562582,99.42780552843706,58.12720304057624,62.97551573235118,22.35281182737843
person_18.mp4,front,377,6289,59.94426331032221,848,478,55.24499287975346,54.08818610115886,100.12222108004615,101.18495144618656,58.59094533051055,63.57143007767232,21.52775372871905
person_18.mp4,front,378,6306,59.94426331032221,848,478,56.07076934175107,54.78145970559611,98.9819005999112,99.86457460512385,59.09407266139493,63.357403172039206,22.81786779293284
person_18.mp4,front,379,6323,59.94426331032221,848,478,58.371578066153006,56.49143350475775,99.92086210038315,100.88223324146479,61.963449944214794,64.67578329943096,22.49848401705727
person_18.mp4,front,380,6339,59.94426331032221,848,478,57.55278218575707,54.95224335945934,98.17278174222136,99.09715584634326,61.86287222665691,62.75485380078167,23.257863385087497
person_18.mp4,front,381,6356,59.94426331032221,848,478,57.44872491509305,54.41837307437527,99.32090638225505,99.09608047379386,59.164740458849465,59.353846635050964,22.637530918695933
person_18.mp4,front,382,6373,59.94426331032221,848,478,58.019525471435834,55.77360915243975,98.72637202468239,99.18023114308714,58.355999817064095,60.53296882982868,23.250582377664056
person_18.mp4,front,383,6389,59.94426331032221,848,478,58.41663883518794,56.7468214362219,96.16126333603033,97.03261353426196,58.07268850378113,60.03531272871938,25.956693038360658
person_18.mp4,front,384,6406,59.94426331032221,848,478,59.37408827167005,58.87589480002454,95.30540673261781,96.5892943592187,56.60871753253211,59.90528440547957,27.821192688273058
person_18.mp4,front,385,6423,59.94426331032221,848,478,60.81012487053422,60.144179742240965,97.74227755331147,98.98222509715347,57.82803938776956,59.97243235259411,26.1570810932612
person_18.mp4,front,386,6439,59.94426331032221,848,478,62.16359865423206,60.8039947688989,99.24208535782184,100.1924870600392,57.89010952913205,59.583147571550725,25.217016536532885
person_18.mp4,front,387,6456,59.94426331032221,848,478,62.977569286864224,61.45866803256404,99.6057108221865,99.93777417549668,56.746471066502274,59.87046358567688,25.65572042531876
person_18.mp4,front,388,6473,59.94426331032221,848,478,63.725720176596965,62.124784942782384,99.78239474887025,99.398917518064,56.509919744862394,58.748853036614165,26.612250757962126
person_18.mp4,front,389,6489,59.94426331032221,848,478,65.0125930587747,63.77722357308613,98.80576704937683,97.97600081116185,55.91264221148793,58.33218111802851,29.223545171671482
person_18.mp4,front,390,6506,59.94426331032221,848,478,71.37464049821969,68.57049205909578,103.70644132603343,102.0433402555571,57.61579861700782,60.11082987237007,28.754189459368387
person_18.mp4,front,391,6523,59.94426331032221,848,478,73.87574547607025,74.80312174003005,106.03715001131577,107.84735297806863,58.257748997792056,61.71016496042299,28.412977533376004
person_18.mp4,front,392,6539,59.94426331032221,848,478,81.95250849594066,75.4101717935592,113.92859292144237,108.17692250189891,60.02773073072128,64.55558288760498,27.125574944708912
person_18.mp4,front,393,6556,59.94426331032221,848,478,84.815913815416,80.98030872785009,115.54346006320813,113.5191717850603,60.95265851728618,65.05243140290466,26.77510438515337
person_18.mp4,front,394,6573,59.94426331032221,848,478,87.82674038874069,85.66894591191955,116.80169714293326,118.13198621532105,61.466253780482695,65.15331005183867,27.502715837258712
person_18.mp4,front,395,6589,59.94426331032221,848,478,92.28607034936287,88.81323426654811,121.62373504748365,121.13763356622258,62.06747503018283,66.02663221347801,26.42901792308567
person_18.mp4,front,396,6606,59.94426331032221,848,478,99.22009608447435,93.89936329420816,128.87083619870236,125.06074786933311,63.600697053497115,67.91340497864205,25.321211514113283
person_18.mp4,front,397,6623,59.94426331032221,848,478,110.07217272798414,104.61937900432824,139.77070916237682,135.63901326938472,66.2880430670536,70.44782443223838,23.688201817477076
person_18.mp4,front,398,6640,59.94426331032221,848,478,112.32355974751874,106.05225107397419,143.8572191058976,137.86215088301478,64.30388304607536,69.41629217213827,23.42942415818016
person_18.mp4,front,399,6656,59.94426331032221,848,478,119.18176098607648,110.15820720359405,150.19257107504038,141.96813032933133,66.41011039373558,70.99922577978555,21.9469992186702
person_18.mp4,front,400,6673,59.94426331032221,848,478,118.16996198836861,112.58846559787142,148.95784398014501,145.04050470528745,67.48305946725712,71.53165106957951,20.485900193449083
person_18.mp4,front,401,6690,59.94426331032221,848,478,124.6212785451616,113.52122186655691,152.81095081955363,144.56851254158943,69.26206884964638,72.18943926056879,20.66555172436659
person_18.mp4,front,402,6706,59.94426331032221,848,478,121.70909224386085,109.88717991808211,150.57060894796348,141.4468662140695,68.2014369290471,71.68768030884749,20.659317282053077
person_18.mp4,front,403,6723,59.94426331032221,848,478,133.0896648651653,117.14565659904306,157.77973345438664,146.0514949026345,74.10084288282494,75.74345518602462,19.159910162604252
person_18.mp4,front,404,6740,59.94426331032221,848,478,128.45723836111438,115.77472025610815,155.28379000658447,145.7709145476484,71.27239772606458,74.04711761809106,19.248284022252196
person_18.mp4,front,405,6756,59.94426331032221,848,478,131.23745719984527,120.11558280755679,157.6521789000612,150.5324792750132,73.95783009708882,76.0598907766717,16.92900011285244
person_18.mp4,front,406,6773,59.94426331032221,848,478,134.3255081965279,126.64956974862396,158.6804375784324,154.69081232578574,76.49977305615538,79.12135842565232,16.38699143097891
person_18.mp4,front,407,6790,59.94426331032221,848,478,138.00111349669876,132.58105655274392,161.29950856633005,160.36306573399438,77.8081206416386,79.219342854852,15.137983509527183
person_18.mp4,front,408,6806,59.94426331032221,848,478,142.17922407742049,136.18706501519108,163.83521843513768,162.37855897011005,77.85968868051836,78.87874466441922,16.00944305613276
person_18.mp4,front,409,6823,59.94426331032221,848,478,146.14818079314844,141.79709390057258,165.3416883179504,165.4286294164951,80.36188865507083,80.29254227405153,16.230376943244416
person_18.mp4,front,410,6840,59.94426331032221,848,478,145.8172932495707,140.36239531105082,165.8890015569854,163.93903293713396,79.0473007617474,80.13769675309288,16.607506681216247
person_18.mp4,front,411,6856,59.94426331032221,848,478,147.38324412833762,142.2985063430326,167.82077367194086,166.32575780322165,81.56600129070256,80.98018907027853,14.410756617873385
person_18.mp4,front,412,6873,59.94426331032221,848,478,147.90427673099552,143.97264189120483,167.49615092307187,167.25693080585424,81.95912683847841,82.5567297229042,14.462346331234833
person_18.mp4,front,413,6890,59.94426331032221,848,478,150.2961676721885,148.4023223480485,168.6374175109688,169.88137018470474,82.62718601496438,84.0900137690547,14.25551173073482
person_18.mp4,front,414,6906,59.94426331032221,848,478,149.49849834830914,148.249643514095,169.0079336993821,171.03563771910586,82.45790064833325,84.08463582483614,12.999009575859588
person_18.mp4,front,415,6923,59.94426331032221,848,478,148.52617876368646,147.7996776587722,170.19813064477577,173.14698203237367,80.76275856531251,82.88349963026805,10.342065208126403
person_18.mp4,front,416,6940,59.94426331032221,848,478,146.2596738280099,145.67091842873387,169.6805498535187,172.00382394364777,80.45455670241027,81.90668435560964,9.8027917257888
person_18.mp4,front,417,6956,59.94426331032221,848,478,145.9185656079884,145.54138286310302,170.248207188943,172.39889682425448,79.88865417050155,82.2295891926437,8.994411165092131
person_18.mp4,front,418,6973,59.94426331032221,848,478,145.6779117096911,144.6648449221798,170.26617921661082,171.45214465552883,80.51265748477641,82.18302537435508,9.096518671286416
person_18.mp4,front,419,6990,59.94426331032221,848,478,148.9127682223168,146.3910797629774,172.22007318755703,172.64701413322342,82.37504660450082,84.28310127324724,7.341960152191089
person_18.mp4,front,420,7007,59.94426331032221,848,478,151.89028399207825,146.70247697254018,172.627421532567,171.97951631148263,82.8564553386776,84.62739511704791,8.844063745595525
person_18.mp4,front,421,7023,59.94426331032221,848,478,150.07717811823414,146.79819437625625,170.97051174985958,171.4387317587403,82.95624744283955,85.05527849847545,9.550215309903717
person_18.mp4,front,422,7040,59.94426331032221,848,478,152.03388649403817,147.2292297711645,171.57170790888614,171.33790856005805,84.20395863957948,85.31091356300419,9.989390127842828
person_18.mp4,front,423,7057,59.94426331032221,848,478,152.12097555171218,147.49327620545307,171.32351497824635,171.24337736435132,84.50151662637114,85.54200517097621,10.26495924260314
person_18.mp4,front,424,7073,59.94426331032221,848,478,152.23440843035368,148.0154812766109,170.61729246882723,171.04472259821347,85.5681691448712,86.14615625301325,10.319959644605321
person_18.mp4,front,425,7090,59.94426331032221,848,478,151.8780685837797,148.010751005782,170.67116132374287,171.15927518131932,86.33792475706068,86.55006697926243,9.642507343099929
person_18.mp4,front,426,7107,59.94426331032221,848,478,152.44027889189707,147.91030961900182,170.53062406428324,171.96543071362453,87.3766546244976,86.78806940668795,8.941672468337984
person_18.mp4,front,427,7123,59.94426331032221,848,478,151.85108608741294,147.48463196876665,170.60186777088114,171.7065885849561,87.33675178104005,86.52030333794534,9.007751686223045
person_18.mp4,front,428,7140,59.94426331032221,848,478,153.8947022716627,149.12945429274356,171.63771826988548,172.45044385705572,87.94104435888651,87.33563414287636,9.130300484140431
person_18.mp4,front,429,7157,59.94426331032221,848,478,155.12999599618595,150.3719719000599,170.89719527220805,171.1716515430063,88.88810411448245,88.13829080834613,11.00715259112088
person_18.mp4,front,430,7173,59.94426331032221,848,478,157.30206370396496,150.4777941485509,171.85945770658876,171.23076796894105,89.7617530189866,87.94704862711585,11.141415382195936
person_18.mp4,front,431,7190,59.94426331032221,848,478,156.36988273865302,150.30859577299194,171.4518742099426,169.22888574512857,87.87376345183718,87.05422128477386,12.966089789735623
person_18.mp4,front,432,7207,59.94426331032221,848,478,156.50423277994207,150.66474511264653,170.63012180659516,169.3350658721351,87.80982427105702,87.48753677497291,13.457699696845909
person_18.mp4,front,433,7223,59.94426331032221,848,478,156.90120841866764,150.60337234531357,170.49113457892335,169.36659311354842,88.19019266382237,87.40373198334315,13.251810571974005
person_18.mp4,front,434,7240,59.94426331032221,848,478,156.27297886819588,150.51956984832745,170.35634934958682,169.3942082386336,88.02904440590424,87.53492506281557,13.087856904347142
person_18.mp4,front,435,7257,59.94426331032221,848,478,156.34625612891764,150.54034511713886,170.2478940404651,169.56464740668474,88.15812034443097,87.5208212420432,13.038752916484817
person_18.mp4,front,436,7273,59.94426331032221,848,478,158.52214763399434,150.93260586141076,169.14120485616675,166.12977946814513,88.35831563721705,87.73910328912719,16.521178710911567
person_18.mp4,front,437,7290,59.94426331032221,848,478,158.9178692801638,151.4145572248884,168.99290772860033,166.699011170994,88.42618830950023,87.72824054253803,16.61853893835159
person_18.mp4,front,438,7307,59.94426331032221,848,478,160.2700021779113,151.8483212218492,169.08200001697566,166.79278173482757,88.91729104235294,87.99131848899252,17.055297064172063
person_18.mp4,front,439,7323,59.94426331032221,848,478,159.42522217350185,151.795238933777,169.08419896028795,167.62649516363587,88.61047851429231,87.97363262745269,16.366531003354964
person_18.mp4,front,440,7340,59.94426331032221,848,478,158.59761611256195,151.33198826455367,168.9730704812604,168.04662973248543,88.29930597169844,87.55163371216955,15.957748701857192
person_18.mp4,front,441,7357,59.94426331032221,848,478,158.3877862602381,151.4020766570878,168.79658818956833,168.35434765348387,88.61642411670587,87.68132816149142,15.713664957244468
person_18.mp4,front,442,7374,59.94426331032221,848,478,157.8015995338217,151.14541611222552,169.23275933172536,168.32678692610952,88.37949042013383,87.43560503425019,15.319689212561668
person_18.mp4,front,443,7390,59.94426331032221,848,478,157.20419512267193,150.76542748426638,169.4781923516852,168.18753948454247,88.29939460203003,87.2564935896138,15.024372405266492
person_18.mp4,front,444,7407,59.94426331032221,848,478,156.6162597616808,150.99951864508566,170.4390802391703,170.0838541761037,88.55306768510783,87.7139146807338,12.94091135285135
person_18.mp4,front,445,7424,59.94426331032221,848,478,156.70557484248576,150.8644282333379,170.74495862148248,170.48698266104583,88.64092098863819,87.7203084097032,12.513324274243525
person_18.mp4,front,446,7440,59.94426331032221,848,478,155.085313631162,150.48597515704827,169.8186897743637,170.29556645711264,88.09334847348407,87.62120206894559,12.519539196447594
person_18.mp4,front,447,7457,59.94426331032221,848,478,153.08898363685432,149.92318630129466,168.00446490519158,169.7129950338324,87.17410385112443,87.12029006172949,13.192312330541496
person_18.mp4,front,448,7474,59.94426331032221,848,478,153.39761808120141,149.35691907810923,166.7458528291859,167.78266411626106,87.14329911802295,86.66780060589946,15.071110560481294
person_18.mp4,front,449,7490,59.94426331032221,848,478,153.525696326509,149.20229838641706,166.5950464696372,167.3320861378597,87.0293700369414,86.45758807893536,15.419137568831387
person_18.mp4,front,450,7507,59.94426331032221,848,478,153.48312072644714,149.06106836203222,166.6786345342295,167.36855975258973,86.91814991941146,86.29518288994697,15.35473353173721
person_18.mp4,front,451,7524,59.94426331032221,848,478,153.86550310757613,149.20348419970057,166.42511403974734,167.12169516010715,87.05996962790631,86.27297218508517,15.776331787606768
person_18.mp4,front,452,7540,59.94426331032221,848,478,153.61360959314777,148.97377380423043,165.25781238225454,166.22872780858572,86.7051888345267,85.98995581347549,16.91609583151452
person_18.mp4,front,453,7557,59.94426331032221,848,478,153.4354199601083,148.8119589034096,165.6927721304234,166.52554839995335,86.3550085004352,85.77225804717355,16.5817261747054
person_18.mp4,front,454,7574,59.94426331032221,848,478,153.42921731747455,148.764466586615,166.42135485893073,167.1956438659535,86.32121020870827,85.78716302559614,15.839826407347791
person_18.mp4,front,455,7590,59.94426331032221,848,478,153.4819904351997,148.76464686553857,166.4428979979989,167.15225976032997,86.43928429620316,85.86948455471692,15.659032535833262
person_18.mp4,front,456,7607,59.94426331032221,848,478,154.29089446908253,149.1086969724691,167.3245543136894,168.20826115415707,86.72980159108728,86.13401206541225,14.761986240213721
person_18.mp4,front,457,7624,59.94426331032221,848,478,153.89144851443376,149.02837644099907,167.06413972305242,168.3927774446224,86.72022032956161,86.20063493191458,14.45081120311312
person_18.mp4,front,458,7640,59.94426331032221,848,478,153.98690597816898,148.92630856605268,168.86082160487499,170.1452958889169,86.96181547072955,86.36475085742596,12.298554386889421
person_18.mp4,front,459,7657,59.94426331032221,848,478,154.80417250278924,149.2031787085587,168.93643680593127,169.92643990412066,87.45049456248317,86.61148929167516,12.478390982751588
person_18.mp4,front,460,7674,59.94426331032221,848,478,154.72467657005288,149.2418559045316,168.96652138854063,169.88493014803856,87.36107983903317,86.72626986448229,12.513923395484662
person_18.mp4,front,461,7690,59.94426331032221,848,478,154.67368089889916,149.32885948022127,169.17801490573476,170.04984322054375,87.3351567791592,86.882538911332,12.314100554026913
person_18.mp4,front,462,7707,59.94426331032221,848,478,154.7795930452182,149.55260514811957,169.32216460153256,169.9793408652889,87.35586731333828,87.05518099419241,12.386530870250487
person_18.mp4,front,463,7724,59.94426331032221,848,478,155.9488743650362,150.5046098075657,170.20991325765726,171.50471589108878,87.8719262776615,87.74409674930148,11.460872217785832
person_18.mp4,front,464,7741,59.94426331032221,848,478,155.7230955388742,150.3808609703294,170.60092820761966,171.98155444651866,87.68046833930187,87.8333588783969,10.828539188383973
person_18.mp4,front,465,7757,59.94426331032221,848,478,155.45398540894632,149.98516006289535,170.9829496790029,171.61140572402155,86.66987091929175,86.93808169173147,11.257954574968643
person_18.mp4,front,466,7774,59.94426331032221,848,478,156.19890644441142,150.50816748145792,170.57016822448313,171.1647203848051,87.33712004989512,87.58462513523412,11.703436061881915
person_18.mp4,front,467,7791,59.94426331032221,848,478,156.080329963043,150.55328768325398,169.87935816775433,170.92705234178342,87.09507965420313,87.61455844124696,12.204587390744681
person_18.mp4,front,468,7807,59.94426331032221,848,478,158.2191912215084,151.4716978345455,169.69487428863673,169.14172282791145,87.88583472918444,88.05990580449365,14.24467705004786
person_18.mp4,front,469,7824,59.94426331032221,848,478,156.6156583489278,151.33423828861325,168.25619030555225,168.49039095629456,87.33458813612869,88.31969284268851,14.900918513185323
person_18.mp4,front,470,7841,59.94426331032221,848,478,155.91016478983596,151.34236377636745,168.06049768186844,168.42823482324948,87.01689372238171,88.32062391023145,14.827345827938602
person_18.mp4,front,471,7857,59.94426331032221,848,478,152.4326438908873,147.97387656094838,164.65991807823124,164.96862562357245,84.9334363020654,86.06968035359206,18.061816991767103
person_18.mp4,front,472,7874,59.94426331032221,848,478,148.78933542420512,145.4325756089572,162.93406925639908,163.13915148905627,83.56019727328268,85.16619630727476,18.283462766946155
person_18.mp4,front,473,7891,59.94426331032221,848,478,146.73870347305024,141.87596766536385,160.70923418078067,160.6282013617234,82.65899909959366,83.98247656991268,19.88095184520116
person_18.mp4,front,474,7907,59.94426331032221,848,478,138.97426709686425,133.2097656884699,156.2510763080125,155.61439001346724,78.99284590415438,80.80742733769712,20.40729687209047
person_18.mp4,front,475,7924,59.94426331032221,848,478,136.7118742945273,128.43697021947258,155.05791641902292,152.30931867166308,77.97621738567418,79.14709739474826,20.06906531087519
person_18.mp4,front,476,7941,59.94426331032221,848,478,127.49772357297543,122.6341065356853,149.75619708724548,148.99691433860914,74.1434556888119,77.4834418875606,20.06283423667843
person_18.mp4,front,477,7957,59.94426331032221,848,478,117.37067214481998,111.84579754592791,143.95502169545537,142.65666459868655,70.93915362025506,74.67747699367968,20.502163996288296
person_18.mp4,front,478,7974,59.94426331032221,848,478,111.66530508040054,105.99484818030794,139.48332582428847,137.4368235213362,69.38507178557263,71.3396066071753,21.68156442274868
person_18.mp4,front,479,7991,59.94426331032221,848,478,110.7293229985587,104.95668773431026,138.48089841780063,136.54171567630883,69.25300765052955,70.65560588119845,22.13527186247866
person_18.mp4,front,480,8007,59.94426331032221,848,478,106.08612227326944,101.13871999417334,134.9445518305924,133.3346833428347,67.19853557360193,70.1631297897207,22.652331521148014
person_18.mp4,front,481,8024,59.94426331032221,848,478,104.67308890958492,99.13727859486663,133.93107384325992,131.81785218850675,66.694820150818,70.03374549679312,22.75832202503388
person_18.mp4,front,482,8041,59.94426331032221,848,478,97.60892928586448,93.5310764498147,128.56312158150882,126.9605879742896,65.53927143846862,69.03724508070711,23.362436015281016
person_18.mp4,front,483,8057,59.94426331032221,848,478,95.54089899104078,93.1054116069898,127.08532627705998,126.83643683093251,66.97863427195267,70.32959050969333,22.951850732784337
person_18.mp4,front,484,8074,59.94426331032221,848,478,91.45565635826134,89.86196212177408,122.64847059409719,122.81851091959373,66.33217675243387,68.13583024682508,24.552034318762736
person_18.mp4,front,485,8091,59.94426331032221,848,478,92.05428119919368,87.84141577808069,123.01715265893428,121.43240236507191,66.07645222352359,68.4108538026272,24.471914569992826
person_18.mp4,front,486,8108,59.94426331032221,848,478,88.21229556213208,84.38474255239184,119.79908915655466,118.6188989336626,64.3444457398763,66.22969073441247,25.434203724165446
person_18.mp4,front,487,8124,59.94426331032221,848,478,84.67081566986462,82.98101357724158,116.15129778137549,116.9473838859423,63.986144935166216,65.67245362317502,25.741660219327503
person_18.mp4,front,488,8141,59.94426331032221,848,478,82.98066656964224,84.80822430622891,114.72036001134424,118.66073758311413,63.46243337810327,66.30684179841631,26.290298166123367
person_18.mp4,front,489,8158,59.94426331032221,848,478,77.83514213517125,80.86872620121859,110.09718830154813,115.61032786091158,63.041334231627715,64.87499868019835,26.461482948625505
person_18.mp4,front,490,8174,59.94426331032221,848,478,73.0748463352578,76.19198658697901,106.24511791641011,111.5111557158842,61.11766477705336,63.08403347973888,27.15330847994231
person_18.mp4,front,491,8191,59.94426331032221,848,478,77.12871234716958,79.44381471045291,108.72418321925565,113.99952632971484,62.106951377979776,63.79288027192811,27.192064928785527
person_18.mp4,front,492,8208,59.94426331032221,848,478,73.020065146512,73.90932967456607,106.87763653943539,110.72930675357654,60.48723432475333,61.57113260554621,26.89959098533237
person_18.mp4,front,493,8224,59.94426331032221,848,478,70.7916636311982,74.41242089184875,103.85843399796266,110.38866194827763,60.346566842206066,61.40961505955731,27.50194760983312
person_18.mp4,front,494,8241,59.94426331032221,848,478,68.96755405793512,70.78904395996149,102.3733555392453,107.51447568363795,60.21334369801683,61.8733896051885,27.56109685638306
person_18.mp4,front,495,8258,59.94426331032221,848,478,66.90866142756519,69.59557431828013,100.88044889603108,105.92952208180313,59.70433498633455,61.185369807973245,27.825058950047527
person_18.mp4,front,496,8274,59.94426331032221,848,478,65.56309127660963,68.10369202888252,99.14327253406215,103.53182988126466,59.33751716045784,60.76696523034875,28.826436183322514
person_18.mp4,front,497,8291,59.94426331032221,848,478,65.05039970421552,65.49551229709502,98.69598676888569,100.12803968041126,60.25742882769915,61.2848479390041,28.44662685792841
person_18.mp4,front,498,8308,59.94426331032221,848,478,62.176978979685174,64.58719821122328,97.09674899617477,100.41748852833241,59.79620204525628,60.49232574544554,26.973175122479493
person_18.mp4,front,499,8324,59.94426331032221,848,478,59.860813585215546,59.53615790115151,95.41096744648085,95.34154730479717,58.5103905916477,58.106206367191355,27.221472203553873
person_18.mp4,front,500,8341,59.94426331032221,848,478,59.79013848038672,59.122734143630574,95.57642277334969,97.09353388805977,59.19486156273441,59.68511068019723,26.14046583128476
person_18.mp4,front,501,8358,59.94426331032221,848,478,59.9339393020245,56.36166283877331,96.8186700923127,95.3916984240663,59.57197504496763,60.05592951699447,24.82629722616431
person_18.mp4,front,502,8374,59.94426331032221,848,478,60.12891900930562,57.77230148447063,96.92571111145958,96.99276727246139,59.32875938204497,59.81646932632305,25.34844145050295
person_18.mp4,front,503,8391,59.94426331032221,848,478,60.64901837180584,57.9137198198656,99.38042292893208,98.32328735531493,60.24392252807325,60.50688847034026,23.501868273765794
person_18.mp4,front,504,8408,59.94426331032221,848,478,60.73288171308594,56.92120993734196,99.41137794684263,97.09404583821318,59.91189889645516,60.304556820782786,24.158446507470796
person_18.mp4,front,505,8424,59.94426331032221,848,478,58.560746153520014,53.727292442892676,101.61862460095706,97.66660023661012,59.3856092739926,59.63435006027441,20.769774801915847
person_18.mp4,front,506,8441,59.94426331032221,848,478,59.717810647089514,56.1297985274765,102.70714788372565,100.60285775266219,60.64487706362579,60.20895583775215,20.360274479668277
person_18.mp4,front,507,8458,59.94426331032221,848,478,59.77690616327985,55.522947176584914,103.2895314260908,100.25539850002491,61.623367109955375,61.70157210970665,19.693521526911375
person_18.mp4,front,508,8475,59.94426331032221,848,478,59.28726182695674,54.41656784682241,102.35324266428653,98.9047593503063,61.30976094027469,60.04556098120253,20.53297077843154
person_18.mp4,front,509,8491,59.94426331032221,848,478,57.60051859734154,53.617626922506695,102.31063448122366,100.01427280439201,61.91362693599877,58.761664259664656,19.219336707340275
person_18.mp4,front,510,8508,59.94426331032221,848,478,57.08262819581043,52.04426930323748,101.78581575191174,99.36454632187106,61.088223960474835,61.14298049343328,19.089618063060726
person_18.mp4,front,511,8525,59.94426331032221,848,478,54.85789190932543,49.44011147345086,100.26944878789168,97.67271475709349,60.920649563277685,61.56991206735933,18.984839379062404
person_18.mp4,front,512,8541,59.94426331032221,848,478,54.3061978465908,48.50729390151591,100.22627559877695,97.50307184665061,61.712936800690386,61.993885228644686,18.412109489392105
person_18.mp4,front,513,8558,59.94426331032221,848,478,54.20958199481527,49.09206879548478,100.98756852622682,99.40567635766985,61.107075372007344,59.43067376818475,17.270581780073858
person_18.mp4,front,514,8575,59.94426331032221,848,478,52.17055050918971,46.19542081219961,99.41246136943957,97.19383262127654,61.178103253490164,62.18980144334049,17.64344765959798
person_18.mp4,front,515,8591,59.94426331032221,848,478,51.72392959106312,46.00712074589435,98.67237429509244,96.39262908850272,61.25536079199608,62.42884386685439,18.167051879812735
person_18.mp4,front,516,8608,59.94426331032221,848,478,51.47304914039786,45.845166028929626,97.99152136458666,95.1755457401641,61.350678553436424,61.970913006810456,18.590132329582037
person_18.mp4,front,517,8625,59.94426331032221,848,478,50.55586889054191,45.848664115094245,100.03690774999222,98.60602462319625,61.599810970130676,62.798219909012595,15.283932854222742
person_18.mp4,front,518,8641,59.94426331032221,848,478,48.360488634340314,44.46557189843036,96.13020276305713,96.34397726395349,61.09275905117099,62.624750591574994,16.788239008421996
person_18.mp4,front,519,8658,59.94426331032221,848,478,47.69937038947814,43.768375198605796,94.02873861942649,94.35177943761448,60.5620604552216,62.45338285230245,17.808623725207294
person_18.mp4,front,520,8675,59.94426331032221,848,478,46.55976166397173,43.360687609044135,91.59029070784327,93.27173379895869,60.15146903481271,61.82179241584512,18.693024527678922
person_18.mp4,front,521,8691,59.94426331032221,848,478,46.37787560220704,42.79624745308794,89.93985724621356,92.39797775746943,61.01920021184582,62.78543596295507,19.332514083650086
person_18.mp4,front,522,8708,59.94426331032221,848,478,43.59003869733431,40.471362180102595,78.94258962560207,81.58505126944944,58.989683160607875,60.01951532959149,29.006659968468657
person_18.mp4,front,523,8725,59.94426331032221,848,478,43.65172218762451,40.446444367156744,80.63418382251399,82.67318801878719,59.164378392707455,60.69701890011573,27.70901899143344
person_18.mp4,front,524,8741,59.94426331032221,848,478,43.197243089097256,40.32721604415064,81.47036624856536,83.5316431500096,59.75407633545741,60.71691832094618,26.736976160707112
person_18.mp4,front,525,8758,59.94426331032221,848,478,42.713527489096144,39.90278633253343,81.32270880731103,83.69840176043685,59.96848874996674,61.26354721812325,26.4677211641155
person_18.mp4,front,526,8775,59.94426331032221,848,478,42.77427141192449,39.837447994560435,80.87978462956092,83.52307046938826,60.630089201429605,62.47422320802923,26.491572150075733
person_18.mp4,front,527,8792,59.94426331032221,848,478,42.1331258648888,39.452101109831816,79.39176706665401,82.5636430434212,60.38343006795508,62.157152139928186,27.560861683482504
person_18.mp4,front,528,8808,59.94426331032221,848,478,42.2452226697568,39.30962162634061,79.6801365421165,82.03885965203199,59.94639855965999,61.53053550758837,27.79369661755264
person_18.mp4,front,529,8825,59.94426331032221,848,478,41.38259347774453,38.24451752054945,78.29194999623415,80.5437287639433,59.11850131420028,61.60453326711779,28.672049715955552
person_18.mp4,front,530,8842,59.94426331032221,848,478,41.216418019975244,38.39683388832689,78.19009558161848,80.92188215757774,61.139754414631604,63.343806951521636,28.16998030576184
person_18.mp4,front,531,8858,59.94426331032221,848,478,39.73438969688911,37.204728041551526,78.01269535735538,80.32907792585651,61.202442699124035,63.85301577572011,27.757716925977515
person_18.mp4,front,532,8875,59.94426331032221,848,478,39.31173311128058,36.776751761193026,79.09962019371258,81.86356537370574,63.05147440637086,65.80650437258544,25.90460099039161
person_18.mp4,front,533,8892,59.94426331032221,848,478,38.923467161872615,36.36086153045735,81.30165412900453,83.96848191433652,64.1686512430894,70.04332687901146,23.21590197894501
person_18.mp4,front,534,8908,59.94426331032221,848,478,38.32303568849292,35.874610958803736,82.87791334974006,85.47314958754701,64.86754564693476,72.2236488629054,21.187537899588307
person_18.mp4,front,535,8925,59.94426331032221,848,478,37.61157322484075,35.417587631283446,83.08449677277625,85.68417940790805,64.72973378327971,70.82359358384446,20.504365087571095
person_18.mp4,front,536,8942,59.94426331032221,848,478,37.235702533487235,35.178626258280914,83.54008642790717,86.09939295366249,64.92194742630889,70.58856958653585,19.782200749287608
person_18.mp4,front,537,8958,59.94426331032221,848,478,36.194265313778985,34.66263997277823,82.3095172868111,84.82711524190842,65.05947295056725,71.48196572875011,20.443843856725454
person_18.mp4,front,538,8975,59.94426331032221,848,478,35.54229159639212,34.266383747703955,80.46367349840689,83.96624866509694,65.19807340500286,70.83137205066886,21.468529504508968
person_18.mp4,front,539,8992,59.94426331032221,848,478,35.05019554554316,33.77070606341264,78.01660814089594,81.9765802241184,65.17919509619142,70.36370276517275,23.343480949659643
person_18.mp4,front,540,9008,59.94426331032221,848,478,35.15243466471885,33.79556740067658,78.00396742141771,81.88072224905665,64.9349410094008,70.00257311045452,23.389316388440523
person_18.mp4,front,541,9025,59.94426331032221,848,478,35.256364764350366,33.7791223755273,79.28946967376119,82.64494700302653,65.41273687841843,71.4609247640956,22.30112454175355
person_18.mp4,front,542,9042,59.94426331032221,848,478,35.05783129679756,33.45427146419019,80.64136794144112,84.04639438069583,65.86834337447954,71.87578405743858,20.628640237539145
person_18.mp4,front,543,9058,59.94426331032221,848,478,34.7285183904048,33.258708841674355,80.05709504663466,83.59168624734819,66.00605864964041,72.1056676965751,21.072495700230622
person_18.mp4,front,544,9075,59.94426331032221,848,478,34.82931571247569,33.810855834272964,82.34283702174443,86.09917144881136,67.3006815425926,72.35097353854465,18.75919793502728
person_18.mp4,front,545,9092,59.94426331032221,848,478,34.54148001497839,32.987864346865315,82.25539666777311,85.95271857360376,68.04415025009804,73.68679547364549,18.405104498922746
person_18.mp4,front,546,9108,59.94426331032221,848,478,34.21318169644907,32.836002523211896,82.36281585289309,86.01672416010851,67.66373834665373,71.57639216145115,17.996757343557668
person_18.mp4,front,547,9125,59.94426331032221,848,478,34.15249599358381,32.4543874463924,81.89060765554561,85.55985650283903,67.42514356540448,70.65853591963008,18.133231893445227
person_18.mp4,front,548,9142,59.94426331032221,848,478,33.73857435093116,31.767311419437736,80.66160027626147,84.45926864231085,66.41215308443591,69.26417625266026,18.718287067765708
person_18.mp4,front,549,9159,59.94426331032221,848,478,33.29858602329194,31.59393012626192,81.39072414218334,85.49251477046728,66.3717901840789,69.0652281226589,17.570944996784593
person_18.mp4,front,550,9175,59.94426331032221,848,478,33.17412322869732,31.60438226606634,83.44139623126567,87.58817402324352,66.45665755206225,71.51044481287485,15.377589855418622
person_18.mp4,front,551,9192,59.94426331032221,848,478,33.25604596836922,32.069207079315795,83.62540348887808,88.43242127638639,66.66011962216376,74.52198509862642,15.050180978873177
person_18.mp4,front,552,9209,59.94426331032221,848,478,33.273334499567845,32.37014290331902,84.58404546448533,89.532763662319,67.5685265401987,76.40655620024287,14.079500470901
person_18.mp4,front,553,9225,59.94426331032221,848,478,33.151074354998975,32.25099636871945,85.08120799080913,89.9493668610381,67.61433525899237,75.60441659969833,13.465822347629292
person_18.mp4,front,554,9242,59.94426331032221,848,478,33.18454427655473,32.519749908990235,84.8125889584587,89.95674479680108,67.39414494981429,75.28739949560064,13.824609649481102
person_18.mp4,front,555,9259,59.94426331032221,848,478,33.628206702661814,32.70160596195217,85.5946263819503,90.66791900722305,70.13907482143684,75.0256489452382,13.21973898550607
person_18.mp4,front,556,9275,59.94426331032221,848,478,33.435801877693706,32.83924221221993,84.42133631242794,89.57945458621008,68.43204002881164,73.89570182488738,14.213275400017777
person_18.mp4,front,557,9292,59.94426331032221,848,478,33.32184230064256,32.79278210336595,83.89659202603183,89.1900573998073,68.09483798500881,73.6122033823122,14.678500611632703
person_18.mp4,front,558,9309,59.94426331032221,848,478,33.29337061626357,32.52249932186521,83.79052383652608,89.10495460193475,69.71074072178781,74.52242597523538,14.825878136882968
person_18.mp4,front,559,9325,59.94426331032221,848,478,33.22494696061474,32.38697965109012,84.06638465429826,89.2616338684687,70.32828816656183,74.70148497218975,14.732096840007893
person_18.mp4,front,560,9342,59.94426331032221,848,478,33.1798257454788,32.310756465961276,84.26113685816388,89.26502421432484,70.6171690898059,73.883923916904,14.66266950883435
person_18.mp4,front,561,9359,59.94426331032221,848,478,33.283653900773565,32.368005900110795,84.21931960179518,89.46224132070533,70.6319671450785,73.88854991472661,14.679228209016424
person_18.mp4,front,562,9375,59.94426331032221,848,478,33.3893501090401,32.45603372366464,84.88429628089703,90.04934580960372,69.69718599071365,73.94324307062672,14.04201368635776
person_18.mp4,front,563,9392,59.94426331032221,848,478,32.9231860957185,31.37025593221867,83.48898276720357,88.58411252825589,67.82301563143918,72.68788534006838,15.20370685999635
person_18.mp4,front,564,9409,59.94426331032221,848,478,32.50125269053525,30.735918927651735,80.49153853370711,85.93814496742073,66.18656093774246,70.97591095323659,17.77076094011333
person_18.mp4,front,565,9425,59.94426331032221,848,478,32.29695560149839,30.18916346873998,79.3405781258802,84.66690579343775,65.80729280686549,69.62901888578233,18.83833170311187
person_18.mp4,front,566,9442,59.94426331032221,848,478,32.61989057581199,30.011312017059115,76.21811207707124,81.10542178948837,66.48066590264706,69.83896340349685,22.43471216975613
person_18.mp4,front,567,9459,59.94426331032221,848,478,33.12525069442251,30.46087889489711,74.75195692319869,79.58580005156706,66.94673448311119,69.56709259978129,24.36508481759061
person_18.mp4,front,568,9475,59.94426331032221,848,478,32.75454969245287,30.891956232749735,75.46358661801536,79.97639893714471,66.94397302421102,69.62975058606585,24.33118465285239
person_18.mp4,front,569,9492,59.94426331032221,848,478,33.62034897213702,32.07462610605804,76.37150747025044,81.0032789208097,66.18384302013847,69.65001395531088,24.371096563103833
person_18.mp4,front,570,9509,59.94426331032221,848,478,35.172764784984224,33.039304403779845,78.34246449502086,82.79610321016688,66.10695567885551,69.14574457391768,23.684620881426536
person_18.mp4,front,571,9526,59.94426331032221,848,478,35.850999554419985,33.479666915109874,79.20781023686553,83.6618472690899,65.02586913549467,68.2727614214105,23.833392739343193
person_18.mp4,front,572,9542,59.94426331032221,848,478,36.99215163124697,34.84295057978844,80.99641448910083,85.21446715804177,64.36324717020362,67.062808205573,23.367239732603718
person_18.mp4,front,573,9559,59.94426331032221,848,478,38.305371756344,35.90118129474851,82.28097841897204,85.97444278370614,64.37331599310582,64.32713001761252,23.044319265811325
person_18.mp4,front,574,9576,59.94426331032221,848,478,39.00535012944434,36.498483719873796,78.85632177870151,83.2807312338243,63.40774980756609,65.03540496950522,27.011358362795026
person_18.mp4,front,575,9592,59.94426331032221,848,478,40.642846139044536,37.565271206643004,81.8527992411559,85.34341687551631,63.800157399683094,65.89008682206848,25.56818504415716
person_18.mp4,front,576,9609,59.94426331032221,848,478,40.475899044989134,37.0526402831331,79.28700962670298,82.6816660584499,63.61556809009535,63.435293278066936,28.01549947324006
person_18.mp4,front,577,9626,59.94426331032221,848,478,40.41285673921319,37.62760231016591,75.50121112824553,78.9183457056033,60.88563373224683,60.59692745138919,32.33517487051824
person_18.mp4,front,578,9642,59.94426331032221,848,478,41.14897598014218,38.28294920224351,77.58089223590251,80.2993618593114,61.70209034462684,59.59367520345685,30.770202588135856
person_18.mp4,front,579,9659,59.94426331032221,848,478,42.081610493798344,39.06201471070482,79.34768419141238,81.16148220735583,60.14345871586966,60.88456817609998,30.20613532076536
person_18.mp4,front,580,9676,59.94426331032221,848,478,42.80962930260706,40.2748553003398,79.04788980445718,81.64557536796043,63.752473747768136,59.228822838153604,30.410315524103265
person_18.mp4,front,581,9692,59.94426331032221,848,478,45.655930188365666,43.10355588979515,82.98200167161875,83.80053258483842,60.61034987959929,61.28753862534406,29.21546837315647
person_18.mp4,front,582,9709,59.94426331032221,848,478,47.89444334219985,44.17862833218699,86.04953633213408,85.84090494545805,59.653159415310306,60.743967720359755,28.132233912679133
person_18.mp4,front,583,9726,59.94426331032221,848,478,49.874458894356614,45.91631370164284,89.86958547428607,90.14487883993544,59.99335304427564,63.25001933816321,25.40098402404028
person_18.mp4,front,584,9742,59.94426331032221,848,478,52.116559671118566,48.3508860397539,91.97438152478523,93.0681999374716,60.33773966082181,61.98834398391936,25.02704536949338
person_18.mp4,front,585,9759,59.94426331032221,848,478,56.847049476522336,50.38209841100226,97.09753322236767,95.05282226916802,61.04140460012039,63.02980684567848,24.74110128935351
person_18.mp4,front,586,9776,59.94426331032221,848,478,59.959841832529825,54.62330178019115,103.29566723430457,102.61824475369833,62.100187913748506,65.13717237303833,20.248300830755326
person_18.mp4,front,587,9792,59.94426331032221,848,478,59.01515874747931,53.915286830591974,103.67461569014186,103.73569600806437,61.73303578671027,65.35745502952172,18.875587522224293
person_18.mp4,front,588,9809,59.94426331032221,848,478,58.128233312136096,51.816598903533304,102.42979974191474,101.91686692299653,60.82513695112074,64.59734556548472,19.342936877426396
person_18.mp4,front,589,9826,59.94426331032221,848,478,58.47428684983737,53.32857222196937,101.70311701530638,101.4807458270155,64.62121117163777,63.74240033476412,20.20513475133088
person_18.mp4,front,590,9842,59.94426331032221,848,478,59.07467559541766,53.674804818731346,100.48472410651975,99.70562878608455,61.70801787623335,63.53171491867979,22.38779349743462
person_18.mp4,front,591,9859,59.94426331032221,848,478,58.27329340558383,52.9976225186084,99.09896677327431,97.41222548267534,59.424958571825236,61.60634873290094,23.780987851298516
person_18.mp4,front,592,9876,59.94426331032221,848,478,59.78671687941971,55.33425615812663,99.47373911372898,98.89838345912003,61.17661601868306,62.51702830891442,23.942282378766453
person_18.mp4,front,593,9893,59.94426331032221,848,478,60.88309505813795,59.61632904026603,100.0582421797595,102.96611123614431,63.36850767617651,63.691911292004775,23.5965851167189
person_18.mp4,front,594,9909,59.94426331032221,848,478,62.34744816038041,62.049470668061105,98.95872926428407,102.73774006180534,62.93402439185147,63.220933228567546,25.468877640425116
person_18.mp4,front,595,9926,59.94426331032221,848,478,63.16657235907269,61.34343571795032,99.93190904397677,102.3844050425783,62.23944620111461,63.00092129114421,24.96792226796615
person_18.mp4,front,596,9943,59.94426331032221,848,478,62.88496954420116,59.89604461856697,98.93131824130892,99.19960742752701,59.17873839129903,65.32030436041869,26.483223357695675
person_18.mp4,front,597,9959,59.94426331032221,848,478,63.30080437867813,62.83065387420278,99.42186646454311,101.78104085244772,58.36361487746638,61.226242481974154,26.599438590171676
person_18.mp4,front,598,9976,59.94426331032221,848,478,63.47718006314329,62.26078222609083,98.33135667600958,98.95035258598986,57.314065273198146,60.03757517814269,29.01611493889221
person_18.mp4,front,599,9993,59.94426331032221,848,478,64.96157710515457,65.62152378588588,99.54350148478396,102.51251675810536,57.627457623713894,59.9634441332209,28.58053520206198
person_18.mp4,front,600,10009,59.94426331032221,848,478,71.19974132822132,71.17128506851925,99.55946921942245,102.00282663823403,59.46319682164508,61.70350840434207,32.534521084587325
person_18.mp4,front,601,10026,59.94426331032221,848,478,71.36072784389572,68.02769885624369,101.13649081899483,101.21813171282942,62.22419894789368,62.65877207826144,30.066923369265933
person_18.mp4,front,602,10043,59.94426331032221,848,478,72.73586591048826,73.82422183107676,103.56296285922028,107.0827835141845,60.56902663031188,62.83450878439928,29.091754391062892
person_18.mp4,front,603,10059,59.94426331032221,848,478,73.8160718912331,74.939659365537,101.29652254708475,103.56488169414969,61.74030066065606,62.10654308616139,32.46235658232107
person_18.mp4,front,604,10076,59.94426331032221,848,478,79.21603521071009,81.35359917832686,106.21213772786386,110.39953927284925,62.613511035853335,63.59219836455629,30.64696814037855
person_18.mp4,front,605,10093,59.94426331032221,848,478,78.62864824245885,80.2431976983489,105.83571797718842,109.52086611134146,62.27732767399541,63.22632029866286,30.50143419168902
person_18.mp4,front,606,10109,59.94426331032221,848,478,83.13195475658307,88.21180825558731,110.88849752796382,118.13156118348968,62.86354150059696,65.01831057892142,28.661085774432706
person_18.mp4,front,607,10126,59.94426331032221,848,478,85.01399715463133,91.08611213568541,112.68295281626709,122.62209118000189,62.656629116560865,65.00441183802745,27.890223233425477
person_18.mp4,front,608,10143,59.94426331032221,848,478,93.17337782541708,99.68744664637461,120.4914189153934,130.42246754297318,63.55050835897257,65.58133479523356,27.328368623567926
person_18.mp4,front,609,10159,59.94426331032221,848,478,97.07688314709821,102.12531631976894,123.94074139689211,132.49213545346188,64.92176397367496,66.78516739021815,26.525469253428145
person_18.mp4,front,610,10176,59.94426331032221,848,478,100.79539438293399,100.63480591099555,130.57702158918545,132.11899462801819,64.44456608784996,66.88881207990208,25.129796305747217
person_18.mp4,front,611,10193,59.94426331032221,848,478,104.58582001681344,99.63802986428377,133.77299824150055,131.70105260113357,65.6576555412895,67.9553072345383,24.096989394287757
person_18.mp4,front,612,10209,59.94426331032221,848,478,106.16724616514004,96.93978975221937,135.5199140924065,129.92166699099855,65.58079819237439,70.10919627993005,23.345546610518106
person_18.mp4,front,613,10226,59.94426331032221,848,478,110.06057684480663,99.62264861408565,139.0847372809667,131.8948701906115,66.71363009837418,70.83290499854203,22.71892660658661
person_18.mp4,front,614,10243,59.94426331032221,848,478,113.60136739941018,105.97222356915253,142.78093046908486,137.74239144969735,68.32437701650107,70.19834137314466,21.665906280662742
person_18.mp4,front,615,10260,59.94426331032221,848,478,120.83675234739947,111.44095809410695,148.96986074122353,143.75595834754697,71.24688732524253,72.18382881450142,19.022911617144523
person_18.mp4,front,616,10276,59.94426331032221,848,478,127.39986560445705,118.61496528687897,155.46854470486085,150.18660980630213,73.59207671292762,73.80246599941722,16.79785437080372
person_18.mp4,front,617,10293,59.94426331032221,848,478,125.675951399008,116.79360977136581,152.78000595412783,148.3872199419337,73.32955245934198,73.84788215834946,17.49652916410014
person_18.mp4,front,618,10310,59.94426331032221,848,478,124.11121340005579,117.95303665036225,150.56671659009626,148.44773982482565,73.13353090767107,73.52941532316552,18.43220149129511
person_18.mp4,front,619,10326,59.94426331032221,848,478,132.52187001081762,126.63508746585389,155.23416424464833,155.56987990486587,76.2951317376733,75.00621628136942,17.825485973061998
person_18.mp4,front,620,10343,59.94426331032221,848,478,129.89759867064814,127.10448575466408,153.29741225382418,155.66877364971418,75.27192935006215,74.5267005863091,18.453887073755602
person_18.mp4,front,621,10360,59.94426331032221,848,478,136.957588402004,132.52314052951428,158.6220642480949,158.62267990722304,77.59310744048477,76.93899363385759,17.928043878835844
person_18.mp4,front,622,10376,59.94426331032221,848,478,135.98077738310474,134.11476917673818,158.10436481269997,160.022780018666,77.83286349791226,76.57055621247116,17.554578240975005
person_18.mp4,front,623,10393,59.94426331032221,848,478,139.86221501955447,139.46191686547706,161.48442155859115,164.9505053664335,81.30744185467141,80.03023904801306,15.070503587036452
person_18.mp4,front,624,10410,59.94426331032221,848,478,140.3427716802866,138.6842994412475,164.2974998145363,164.92936115098408,81.93999031167661,78.55871868912476,12.256724646556163
person_18.mp4,front,625,10426,59.94426331032221,848,478,143.72105047143876,143.99715237151798,166.64402313118293,169.9624845338944,82.67315958294316,80.60904527111813,10.300660601205779
person_18.mp4,front,626,10443,59.94426331032221,848,478,143.0546087672891,144.86464725869718,165.3324064086438,168.08970721078794,81.54677459805609,81.46597261147211,12.637826121022417
person_18.mp4,front,627,10460,59.94426331032221,848,478,144.67145057031172,146.55512509208248,166.05252723377646,170.3639997598254,80.97561873902679,82.49754018880715,11.381311372364799
person_18.mp4,front,628,10476,59.94426331032221,848,478,144.1300194054083,146.7431141929038,165.6066267759705,169.84477439218304,80.58996726937781,82.3764106261167,12.439329645034993
person_18.mp4,front,629,10493,59.94426331032221,848,478,145.27802024270278,146.55988958430345,167.16652403584354,172.5517367056773,83.07163213345235,83.89732102827797,8.037062167115202
person_18.mp4,front,630,10510,59.94426331032221,848,478,145.6876920354028,147.09385728631298,167.07685232441716,171.29301792778136,81.45857237941706,82.8320669162823,10.576128370798763
person_18.mp4,front,631,10526,59.94426331032221,848,478,143.65358403854583,145.0536563858152,165.57821542065506,169.67600483730024,81.10596260175957,82.70238792354435,11.132655525845335
person_18.mp4,front,632,10543,59.94426331032221,848,478,142.05924315132526,143.53782694171414,165.5584229219515,169.03616090447244,79.87362023125628,82.23970454242065,11.278489204921152
person_18.mp4,front,633,10560,59.94426331032221,848,478,142.039817744678,145.40496817883,165.28372089194016,170.4059322167675,80.55539532158502,81.75640216643147,11.57011543691376
person_18.mp4,front,634,10576,59.94426331032221,848,478,142.87034572133325,144.14495971884097,166.31429737118884,170.63715201523704,80.9421100933879,81.87826377370651,10.18215996644494
person_18.mp4,front,635,10593,59.94426331032221,848,478,144.52747446786296,143.90916189121873,166.999425199859,169.8924028906613,81.79187847700197,82.07940667916064,10.520487248701835
person_18.mp4,front,636,10610,59.94426331032221,848,478,144.97790336816857,143.95953345879542,167.59822409439292,169.7664703350642,82.0055277018396,82.38797520861077,10.281720604086955
person_18.mp4,front,637,10627,59.94426331032221,848,478,146.40456959856982,144.6431696245652,167.81194925220748,169.95157562929847,83.30180761136421,83.46569806034171,10.088846313666417
person_18.mp4,front,638,10643,59.94426331032221,848,478,148.19016277574042,145.88254737988436,168.99186148605696,171.39420836390485,84.43651960823001,84.48398443270058,9.182028434865478
person_18.mp4,front,639,10660,59.94426331032221,848,478,149.88142168547662,147.22201125211467,168.72505730991077,171.43809984396208,85.63599749214305,85.2927934630627,9.994136487383598
person_18.mp4,front,640,10677,59.94426331032221,848,478,150.3218335663313,147.8708083457381,171.1076390552085,173.58687058027178,86.68928650388929,86.01887122607282,6.866912390395809
person_18.mp4,front,641,10693,59.94426331032221,848,478,151.1988394837852,148.45841265544712,166.2251294487747,170.39370154373884,87.99148238979635,84.96638780335678,11.75642299407466
person_18.mp4,front,642,10710,59.94426331032221,848,478,150.96494330845834,150.74922526430532,168.95549505912388,173.30098266294664,88.52878633559557,87.35880668332867,8.217237186099695
person_18.mp4,front,643,10727,59.94426331032221,848,478,152.60202298182944,149.58206039438878,169.9250414188598,173.06867521506973,89.43936278520079,87.19992094290897,8.270938989275283
person_18.mp4,front,644,10743,59.94426331032221,848,478,154.5574917099482,149.52690926373043,170.93672005345732,173.19431484211353,89.1892302219754,87.49273402049559,8.550292575097698
person_18.mp4,front,645,10760,59.94426331032221,848,478,154.57861328929323,149.82207285661667,169.50585058061355,171.2556598482457,87.9849170326446,86.41622823484403,11.365194040924155
person_18.mp4,front,646,10777,59.94426331032221,848,478,154.4026321212583,149.68973137838304,167.99699537159853,169.19940851597775,87.18941635523593,85.77696076699546,13.958862962909487
person_18.mp4,front,647,10793,59.94426331032221,848,478,154.66612141741604,150.0129900999098,166.08703146524704,168.42394625642078,86.92954120527344,84.99410492686023,16.636404181774182
person_18.mp4,front,648,10810,59.94426331032221,848,478,153.58927069255878,148.38552337794764,165.55652305821997,168.12172738518646,86.90662140161494,84.22987984395188,16.120647640098962
person_18.mp4,front,649,10827,59.94426331032221,848,478,153.19533758133915,149.2160321798835,164.77550983092527,168.38420919535122,86.6409568147365,84.83453228303888,16.51131652088308
person_18.mp4,front,650,10843,59.94426331032221,848,478,153.91745083262808,149.29293513480522,166.23099739830897,169.778379225304,87.67052816167276,85.91092814401516,14.501648197418836
person_18.mp4,front,651,10860,59.94426331032221,848,478,154.1807057871137,148.6404812611215,166.0463261634906,168.86739678538387,88.01804350688187,85.6803098382481,14.909669823281
person_18.mp4,front,652,10877,59.94426331032221,848,478,153.37964814536465,148.50981531630558,165.14928576836058,167.75181655609953,87.52082678407629,85.6489455372006,15.827998663812243
person_18.mp4,front,653,10893,59.94426331032221,848,478,153.54643477990007,148.78360893027497,165.5241717864951,168.36587198515141,87.89739047232808,86.18570915153286,15.110203406096694
person_18.mp4,front,654,10910,59.94426331032221,848,478,153.38221826073843,149.0005852027927,163.64842777002957,168.073520077235,87.8756488572901,85.24203783377243,16.83874165654648
person_18.mp4,front,655,10927,59.94426331032221,848,478,153.2388807903703,149.1282836933263,164.93921024840935,169.0930092455825,87.84553949040642,85.67279429561579,15.423269321677186
person_18.mp4,front,656,10943,59.94426331032221,848,478,153.0037271916875,148.75888567751338,161.85384834388455,167.65634006781784,87.75356129862074,84.65268586067207,18.506503992084873
person_18.mp4,front,657,10960,59.94426331032221,848,478,153.08374414632493,148.57282016832448,162.94298290387715,167.6963032379731,87.75194363740103,84.85950790072428,17.745998090476444
person_18.mp4,front,658,10977,59.94426331032221,848,478,153.30167221883113,148.52648357952958,163.60511885866373,167.86119541307036,88.02559990806922,84.96728013596788,17.217323466813045
person_18.mp4,front,659,10994,59.94426331032221,848,478,152.79442360140862,147.97003308007967,163.10274702917553,168.23953225578288,87.61645369995308,84.38240819400636,17.488806805695713
person_18.mp4,front,660,11010,59.94426331032221,848,478,152.37287765641358,147.99076413072828,163.4129320297362,168.10534398801335,87.27144028308977,84.53335647803144,17.2686028617351
person_18.mp4,front,661,11027,59.94426331032221,848,478,152.25089765789753,147.8673450775471,163.48004339482193,168.25496264073573,87.1975405520531,84.74266546456103,17.03292727052922
person_18.mp4,front,662,11044,59.94426331032221,848,478,151.51248159031064,147.36725577928414,161.1115750928663,166.27268935693442,86.71496504961048,84.21923194725464,19.454538536857196
person_18.mp4,front,663,11060,59.94426331032221,848,478,151.48309603188082,148.09715167493218,161.04244276328174,166.68123420134526,86.76007350284011,84.64280913311045,19.540145999804146
person_18.mp4,front,664,11077,59.94426331032221,848,478,151.35145751890914,148.1822929380523,161.47053643584053,166.96902430380956,86.69767025121092,84.87946247312104,19.118587635143275
person_18.mp4,front,665,11094,59.94426331032221,848,478,153.01798429115257,148.75365423813483,162.63579608678998,167.67918868695708,87.0409737128669,84.3593323568427,19.84894164351968
person_18.mp4,front,666,11110,59.94426331032221,848,478,153.0014289921379,148.36799473970405,162.81002394090112,167.41900935879377,87.1092079039029,83.97336477959303,19.688193667612982
person_18.mp4,front,667,11127,59.94426331032221,848,478,152.9443839914517,148.82153367669008,162.84453995477432,167.83861430369842,86.84845578575471,83.95938475087088,19.89325873978315
person_18.mp4,front,668,11144,59.94426331032221,848,478,152.6940516029727,148.94686435974583,162.8308994405873,167.90344569942155,87.01433781215785,84.61177998598873,19.577076496246853
person_18.mp4,front,669,11160,59.94426331032221,848,478,153.44172285014054,149.20378404485098,164.02687371351783,168.0967360247408,86.37287441091743,84.56524271341439,19.662897617426978
person_18.mp4,front,670,11177,59.94426331032221,848,478,152.78315673120483,149.24364147800836,163.99286342853645,167.99319665521972,85.9322012273866,84.73122305024222,19.409340743474406
person_18.mp4,front,671,11194,59.94426331032221,848,478,154.60919680123462,149.2365998933543,165.35403027714966,168.18073868222368,86.68162833593964,84.77625559780908,19.03562122533459
person_18.mp4,front,672,11210,59.94426331032221,848,478,155.1748346878063,149.34572925783547,165.59353186844243,167.54627099322065,86.67469877659255,84.65824002763136,19.63296344396784
person_18.mp4,front,673,11227,59.94426331032221,848,478,157.31349354771882,150.15020285415756,166.28318285627694,167.69020179527126,87.30487398518942,84.76406748232849,20.389074724769106
person_18.mp4,front,674,11244,59.94426331032221,848,478,158.14055137732916,150.4404453840772,166.30142724433492,167.3531863388708,87.35336937633274,84.6352530464193,21.040467252974736
person_18.mp4,front,675,11260,59.94426331032221,848,478,157.95310057539427,150.9231481712338,166.67751061746353,168.10620334415617,87.50700287427088,85.27027085496188,19.557965219988862
person_18.mp4,front,676,11277,59.94426331032221,848,478,157.1946293415176,151.55149341619767,167.11566395838065,168.44145229703125,87.05650089882633,85.98457451880233,18.856848631511816
person_18.mp4,front,677,11294,59.94426331032221,848,478,155.40118140817214,149.42405378566468,167.04676787918098,167.15532833506964,86.04362174419863,85.0085810225273,18.418184564802118
person_18.mp4,front,678,11311,59.94426331032221,848,478,155.1301844671499,149.91052796216056,168.08069716717702,168.49755535881596,86.05608604332278,85.9644892098359,16.698288170872896
person_18.mp4,front,679,11327,59.94426331032221,848,478,154.87888218613674,149.54718377723694,167.75032328484784,167.78971278606926,85.93007396338254,86.03312368310877,16.741479479035036
person_18.mp4,front,680,11344,59.94426331032221,848,478,153.77380407663927,149.290336255504,166.91980770387585,167.6555190617857,85.53286047699497,86.14646842076036,16.665467815233914
person_18.mp4,front,681,11361,59.94426331032221,848,478,154.29045350682978,149.33331954142864,166.10537970936306,167.21618774027493,85.99568957349807,86.2283856570461,17.14656795656938
person_18.mp4,front,682,11377,59.94426331032221,848,478,153.13084844593038,149.16465367904644,166.41419156759204,167.3749631815647,85.33290337194092,86.08034627060017,16.84958382776025
person_18.mp4,front,683,11394,59.94426331032221,848,478,154.18889417299616,149.7592686593534,166.80183900433494,167.40917294620587,85.73486047478377,86.50827981980217,16.895252359768865
person_18.mp4,front,684,11411,59.94426331032221,848,478,152.72438657962044,147.2626398470778,164.27796953687832,165.18851398566392,84.98689536065041,84.38337415250628,19.525300237210825
person_18.mp4,front,685,11427,59.94426331032221,848,478,151.07075191435487,146.1837539197782,162.5662015636594,164.83958997018576,84.28834163956529,83.80208369844057,20.131282594087082
person_18.mp4,front,686,11444,59.94426331032221,848,478,150.03387427697479,144.27421752433926,161.12941478923375,163.9169576037802,83.34261811292059,81.71826871261709,21.69724930097423
person_18.mp4,front,687,11461,59.94426331032221,848,478,148.0747621370813,143.785313345226,160.55000836475045,163.45691432662304,82.59749753104259,81.7840652312599,21.731940188916095
person_18.mp4,front,688,11477,59.94426331032221,848,478,147.30365686080938,142.88237537038387,160.5412937207959,163.5959611971139,82.02471446139074,81.23581725887021,21.617485540680402
person_18.mp4,front,689,11494,59.94426331032221,848,478,135.18014333149392,125.98310707681321,153.67850327047734,151.81411911371632,76.4920595843244,77.40381288179245,21.618535760938503
person_18.mp4,front,690,11511,59.94426331032221,848,478,132.63129597003726,124.99656248294039,151.8598672736173,151.3196877614801,75.401780869002,76.74127337291254,22.300269305994053
person_18.mp4,front,691,11527,59.94426331032221,848,478,127.89453463580227,115.02500922304495,149.6992652225026,142.58669269049463,72.86591215069372,77.47487252485006,22.012203336957818
person_18.mp4,front,692,11544,59.94426331032221,848,478,125.84300331084488,116.41525667113638,148.05833314651028,143.94520686979237,73.07222031661986,76.65822962001727,22.16753760011401
person_18.mp4,front,693,11561,59.94426331032221,848,478,117.39474412957784,107.86067150583104,142.24381551840398,137.9673517304876,70.43976500534431,73.48105373919653,23.072548990778525
person_18.mp4,front,694,11577,59.94426331032221,848,478,112.45941154149746,103.1262521736309,139.26838670184335,134.3936359018573,69.06676773518802,73.4889784085667,22.908692780087694
person_18.mp4,front,695,11594,59.94426331032221,848,478,111.9751354197956,103.21058714298964,139.15538945275725,134.46063557436483,69.41975913849375,73.56390447613971,22.872511731900502
person_18.mp4,front,696,11611,59.94426331032221,848,478,109.79463342608801,98.6910009604146,138.02676074052502,130.5247269299974,69.41541222937046,72.62045389333875,22.95548764370735
person_18.mp4,front,697,11627,59.94426331032221,848,478,102.71311158522572,94.95478009749033,132.45188075394984,127.7403033920917,68.82397328840413,71.00142406162594,23.064963241442655
person_18.mp4,front,698,11644,59.94426331032221,848,478,96.18373573652234,91.28281463353812,127.43992104184417,125.37575539522547,69.75643616501407,69.47012340245885,23.128624091308836
person_18.mp4,front,699,11661,59.94426331032221,848,478,95.835694471465,92.77738154061598,126.99616274178169,126.94666827547232,68.7002091651136,68.40929400713276,23.348093731839306
person_18.mp4,front,700,11678,59.94426331032221,848,478,89.81933130591051,88.53564844869753,121.87803536030162,123.62292874807258,68.69775554892954,68.5019686441141,23.418728710601588
person_18.mp4,front,701,11694,59.94426331032221,848,478,82.19936463513265,85.45682107420572,115.10272742654135,121.5395722138798,65.97092429096949,66.6853650069838,23.63752829959924
person_18.mp4,front,702,11711,59.94426331032221,848,478,80.12261943743782,84.13480226300122,113.2344261851533,120.6734442118971,65.82149030198643,66.40297623347097,23.703872557697203
person_18.mp4,front,703,11728,59.94426331032221,848,478,82.6462809907169,88.22192706536245,115.40948300879712,123.56602277059837,65.47328625016478,70.29046385154143,23.89036178895745
person_18.mp4,front,704,11744,59.94426331032221,848,478,79.66196200833572,82.50129637602716,112.99148169895773,119.1594685439718,64.9944423108934,67.2276891076241,24.2241714586587
person_18.mp4,front,705,11761,59.94426331032221,848,478,77.06725580601574,82.52345935280023,110.73496570136948,119.23134046772417,64.89467714059603,65.79731158530005,24.38421190887834
person_18.mp4,front,706,11778,59.94426331032221,848,478,81.2630238528395,83.8512501811162,114.58244667705533,120.06698955618577,62.3286687013509,65.64026638678145,24.476043938546628
person_18.mp4,front,707,11794,59.94426331032221,848,478,72.94934152179182,75.96245096493287,106.27458279648383,113.30294141902498,63.35585500394532,63.90678633667167,24.965992011898756
person_18.mp4,front,708,11811,59.94426331032221,848,478,70.27159334861793,70.59959175641018,104.90277493215358,108.33984208157904,62.500643138863,62.541166064519466,25.302001696208748
person_18.mp4,front,709,11828,59.94426331032221,848,478,68.14941143547533,67.44330800755701,102.6004875546032,104.78453103062088,62.362564831794295,61.99744277967517,25.34720345232941
person_18.mp4,front,710,11844,59.94426331032221,848,478,67.3424450655585,69.0693759182853,99.91374750520843,106.03591261621592,62.776651349585364,62.21269152484009,25.242881874978586
person_18.mp4,front,711,11861,59.94426331032221,848,478,65.68262486846875,66.6528426704464,99.70928074911062,103.63140953895176,62.31550478650325,61.70653260577891,24.546459703598437
person_18.mp4,front,712,11878,59.94426331032221,848,478,65.03919757224925,65.17067447590402,99.38598513787336,102.15443350628847,62.06026881450439,61.147593263156004,24.767554415603467
person_18.mp4,front,713,11894,59.94426331032221,848,478,63.9209454376597,63.952921380653024,99.13580628190256,101.56624368300167,62.54465562031676,61.74456963436503,23.522608042523427
person_18.mp4,front,714,11911,59.94426331032221,848,478,60.13374052218164,57.50564320272467,96.88091308130224,96.29923758584485,60.34359376930325,59.16728142591887,23.758456584700824
person_18.mp4,front,715,11928,59.94426331032221,848,478,64.05412340402992,60.44316013452423,101.54233840098199,100.97386499460247,63.20440555889183,62.2508254141986,20.669547459781032
person_18.mp4,front,716,11944,59.94426331032221,848,478,59.649098002863035,54.8305122957834,100.00313478475273,98.4264791321436,61.59927297053506,60.72380890503641,19.340569863363402
person_18.mp4,front,717,11961,59.94426331032221,848,478,59.02433764214532,55.685390093877544,101.73891745340838,99.2291691865452,61.1973220567551,60.4697306861136,18.52924130492054
person_18.mp4,front,718,11978,59.94426331032221,848,478,60.58193513131224,56.53583204645689,103.12956485642279,100.64419217178971,62.311791955579764,61.27060824633945,17.92328172697136
person_18.mp4,front,719,11994,59.94426331032221,848,478,61.59161732343416,57.509815191729274,103.09041099642958,102.16818074241112,63.081541279880724,61.68582290383066,17.571238854003894
person_18.mp4,front,720,12011,59.94426331032221,848,478,62.01119015192554,59.32568991278936,104.42605801373472,104.83269281780015,62.89979996220019,59.6549946740375,16.83566357157264
person_18.mp4,front,721,12028,59.94426331032221,848,478,61.39936377115631,57.42445827178576,104.36354590583333,103.34926800820112,61.65288135731491,61.80243907164891,16.949435901998882
person_18.mp4,front,722,12045,59.94426331032221,848,478,60.69093564207292,56.52495612329548,104.46041886448269,103.548454563155,63.004432437895126,62.82604823795173,16.097804681749754
person_18.mp4,front,723,12061,59.94426331032221,848,478,60.528552812648236,56.043291382094544,104.07514406260323,102.28824863186492,62.168843395620236,63.29698590167966,16.729609251583174
person_18.mp4,front,724,12078,59.94426331032221,848,478,60.38491502562473,56.8947732982356,106.09414202793057,104.9181089014846,66.39676227737769,63.50818158977134,15.014777672240498
person_18.mp4,front,725,12095,59.94426331032221,848,478,59.56321796449279,55.03587417753379,105.29869066765482,103.78126350673053,67.07276166667347,61.77449544656472,15.319766012797215
person_18.mp4,front,726,12111,59.94426331032221,848,478,58.99247748430171,55.1034479932405,104.68187403658573,103.07189796294303,67.24306381817051,68.17631074504656,15.781423119525215
person_18.mp4,front,727,12128,59.94426331032221,848,478,59.65127018702607,54.85818451858811,107.65769338482602,106.01147803438558,67.5379041182439,70.5136645015775,12.98956892371273
person_18.mp4,front,728,12145,59.94426331032221,848,478,59.28897858791938,54.451697601954244,105.50856207200374,104.13592273013118,68.36909108360295,69.04919453737048,14.64702666110866
person_18.mp4,front,729,12161,59.94426331032221,848,478,58.99322180056409,53.73609275122584,104.19522458685829,103.00535872365745,68.75864283003685,68.60092845166172,15.2403346209301
person_18.mp4,front,730,12178,59.94426331032221,848,478,58.725987736807994,53.20448665638315,103.39957558811072,103.14756633874703,68.89851916511171,69.2984077650124,15.119817273844214
person_18.mp4,front,731,12195,59.94426331032221,848,478,57.91274391058392,51.59865070064558,102.33488165943868,102.31042321563899,68.29952481938896,68.6441815509344,15.361529517086035
person_18.mp4,front,732,12211,59.94426331032221,848,478,56.497430731978646,50.04940407862917,100.68234666184408,100.58552200090402,67.95913372117921,67.00858434265473,16.087262957254037
person_18.mp4,front,733,12228,59.94426331032221,848,478,55.94777393126062,49.05053139692243,97.13812525177958,97.46578658511771,67.42577585426261,66.41256913352498,18.90785561493464
person_18.mp4,front,734,12245,59.94426331032221,848,478,55.39434849730762,48.974631049743905,97.62508119932889,98.60828729917169,68.67648181754848,65.41950754618179,18.127266143575003
person_18.mp4,front,735,12261,59.94426331032221,848,478,53.515723384901456,45.79359477345862,96.40445290467785,96.55407031560993,68.20136972283518,66.14159650685131,18.249383485058964
person_18.mp4,front,736,12278,59.94426331032221,848,478,51.732438083617616,44.66732614490146,91.79724584729288,92.65259137729956,69.40451176174201,65.13328403870146,21.452388182073108
person_18.mp4,front,737,12295,59.94426331032221,848,478,50.34789425727612,44.02095813099453,89.80953688159501,91.9026128092343,69.90010780988048,65.40025058025111,21.97788144874854
person_18.mp4,front,738,12311,59.94426331032221,848,478,47.17974719196466,42.24845250086838,78.93653860968513,83.02199459046467,63.73931675563464,62.39058845923545,29.810262953564326
person_18.mp4,front,739,12328,59.94426331032221,848,478,45.42861713359452,41.92954198871231,78.36081450108065,83.42898245328908,62.68166571087156,62.585242810326825,29.18460053497009
person_18.mp4,front,740,12345,59.94426331032221,848,478,43.752522968905154,40.49658123188848,71.64449174806902,76.30094606062012,60.724872673863096,60.63718532244714,35.12101796104262
person_18.mp4,front,741,12361,59.94426331032221,848,478,43.16516025008039,40.898715250189504,68.75681193193212,74.21368773805922,60.660687189781825,61.026610015435004,37.55689487221582
person_18.mp4,front,742,12378,59.94426331032221,848,478,41.94912919821935,40.31533511512844,65.82613886931169,71.66895174865068,59.39585312447721,60.80230497276215,39.887994553946875
person_18.mp4,front,743,12395,59.94426331032221,848,478,40.284985781402234,38.4638242718377,62.07918089794535,67.94598076152816,58.5570670379902,59.421317003084845,42.308801219216896
person_18.mp4,front,744,12412,59.94426331032221,848,478,40.28680138762624,38.19502080475442,63.0304432482619,68.82833397021366,59.628800386441405,59.70707600448431,41.01308785246791
person_18.mp4,front,745,12428,59.94426331032221,848,478,40.37809635553978,38.3322237725395,63.365039361961976,68.67891259693452,60.080480958661326,59.89034091716645,41.08504968533496
person_18.mp4,front,746,12445,59.94426331032221,848,478,39.29553263032445,37.70451940766806,62.30018764199292,67.84509350765205,59.63245082663775,59.84346776818486,41.31492706534606
person_18.mp4,front,747,12462,59.94426331032221,848,478,39.777954026195594,37.30655767219061,64.32092829273965,69.46186932181823,61.15410245103744,61.154477803448906,39.10844052116453
person_18.mp4,front,748,12478,59.94426331032221,848,478,38.88763192004499,36.020717932966114,63.73249604031711,70.19986519707798,63.38275912353223,61.41351996807304,38.26591680450652
person_18.mp4,front,749,12495,59.94426331032221,848,478,36.88409791848164,34.85805164518942,61.54996708740629,67.88569330132574,62.10838920222267,61.41600874615982,39.647351600580905
person_18.mp4,front,750,12512,59.94426331032221,848,478,36.271608879328,34.220514960422165,59.683292036395336,65.25612264157708,61.30185378072706,61.13683442270913,41.46607124687056
person_18.mp4,front,751,12528,59.94426331032221,848,478,35.831615331268075,33.97501350175306,60.33701072902216,66.14484558936515,61.76851577763975,62.17874431691672,40.18182767814802
person_18.mp4,front,752,12545,59.94426331032221,848,478,35.517538242092556,33.392112834906605,60.08297286260765,66.58981377829299,63.4044324126289,61.91850923099147,39.51863735448389
person_18.mp4,front,753,12562,59.94426331032221,848,478,35.71031952123558,33.46740331339789,68.86909662540917,74.65362113866392,65.06865569353643,63.98172716409922,30.539134569474882
person_18.mp4,front,754,12578,59.94426331032221,848,478,36.23153536586375,34.386108266745545,80.80774410387086,86.53281814326446,66.51294428916373,66.25804697663393,18.49420601455318
person_18.mp4,front,755,12595,59.94426331032221,848,478,35.54556691994809,34.034318232193414,75.12642943739137,81.01111286959726,66.24437400038758,66.99853507642806,23.729855121451475
person_18.mp4,front,756,12612,59.94426331032221,848,478,34.64945410624318,33.3564914447656,72.5923717369562,78.46506125317535,66.40306862305751,67.91149482967535,25.958777501163993
person_18.mp4,front,757,12628,59.94426331032221,848,478,33.68702274113874,32.409086580046214,71.40026519995908,75.71920145406135,65.17221172541255,67.63508257816733,27.746565991559777
person_18.mp4,front,758,12645,59.94426331032221,848,478,33.15726582087085,31.671530475806268,69.77793244238558,75.08583224889583,64.89722299271989,67.40263143701786,28.67810159407807
person_18.mp4,front,759,12662,59.94426331032221,848,478,33.41323285212991,31.47703659206721,70.46717798338081,75.64659870645762,65.10144203180265,67.91364045961402,28.048044101469674
person_18.mp4,front,760,12678,59.94426331032221,848,478,32.249917293669185,30.350428026872965,67.53079604016774,72.56121320690286,63.8498397436226,67.50556521938145,30.629786826199
person_18.mp4,front,761,12695,59.94426331032221,848,478,32.844223596596954,30.605035634717233,72.8595613655353,77.94486009809278,64.45629908507767,68.09523784776638,25.346863673517813
person_18.mp4,front,762,12712,59.94426331032221,848,478,31.812215641822856,29.31563656969651,65.60311169278896,71.11975333879705,63.61872728523763,67.37643767621547,31.83783090913823
person_18.mp4,front,763,12728,59.94426331032221,848,478,31.843725810954883,29.228297463899246,64.76652820571621,70.6656572898188,63.77758765499227,66.71928484505507,32.20205748110796
person_18.mp4,front,764,12745,59.94426331032221,848,478,32.504120944017735,29.64266525023672,67.18190859586139,73.25374473285846,64.91569650654502,65.66566924633655,29.76572370179304
person_18.mp4,front,765,12762,59.94426331032221,848,478,32.76972606834762,29.905389099322516,69.25775816987479,75.91826902150414,65.37487146844279,66.79695560178715,27.47714794548695
person_18.mp4,front,766,12779,59.94426331032221,848,478,32.796187262609145,30.05574380552118,69.489261291056,75.96200896510105,65.3922949448472,66.44149006189632,27.4791610537487
person_18.mp4,front,767,12795,59.94426331032221,848,478,33.70110630386051,30.83028297372151,76.54446731308191,83.19871624397989,67.44866541477971,67.90926031706616,20.549821645289565
person_18.mp4,front,768,12812,59.94426331032221,848,478,34.62919047812209,31.58863787422896,83.33421693945279,89.9117301313579,71.2296079515247,71.89354778803566,13.919198688841536
person_18.mp4,front,769,12829,59.94426331032221,848,478,34.24290943867506,31.620683753748256,82.22524789914581,89.04780548720451,69.76990092080051,72.89561383101622,14.87861148669267
person_18.mp4,front,770,12845,59.94426331032221,848,478,34.132326709586366,31.65920214550039,80.9286987892276,88.25896354226785,69.14518815553396,72.82595164226215,15.99675541840435
person_18.mp4,front,771,12862,59.94426331032221,848,478,34.09024568618707,31.616351419230543,81.39506834344732,88.49970831493275,68.69677216284812,72.72904741063063,15.599649273863653
person_18.mp4,front,772,12879,59.94426331032221,848,478,33.8788020128456,31.658233019349517,73.73295369790091,80.43030301081336,68.63559104170196,71.42064171305631,23.654885192302427
person_18.mp4,front,773,12895,59.94426331032221,848,478,33.53211332270474,30.89913068790757,69.65489856680331,76.17819535964891,68.38362759024491,71.17148717255009,27.82558477163386
person_18.mp4,front,774,12912,59.94426331032221,848,478,33.0525305774279,30.742405018964817,70.11002246592375,76.57081038787143,68.0076819548322,70.9817521992168,27.50587268163022
person_18.mp4,front,775,12929,59.94426331032221,848,478,32.592101934234414,29.772556739179176,69.56529739117933,75.1405038600553,67.21599299659283,69.08521818526214,28.270669835862027
person_18.mp4,front,776,12945,59.94426331032221,848,478,32.59016969812694,29.905176671921144,70.1512688644026,76.15650674700943,67.00259556755938,68.96158580428435,27.549973217365643
person_18.mp4,front,777,12962,59.94426331032221,848,478,32.143298699357054,29.64571138375156,67.1168186088241,73.35952862462302,66.05278633534684,68.17110609233643,30.678637180177258
person_18.mp4,front,778,12979,59.94426331032221,848,478,32.63618545789367,30.329133470431305,69.18759374079004,75.31730312034776,65.83394886384767,68.32787609705913,29.123782613930736
person_18.mp4,front,779,12995,59.94426331032221,848,478,33.15244241122015,30.95098620818906,67.51896664250732,74.5632133729822,64.33299832432273,67.29716282481479,30.975064998250343
person_18.mp4,front,780,13012,59.94426331032221,848,478,34.198464265472225,32.03365357218353,69.03760674965069,75.88758072743416,63.71597930549994,66.72744117787315,30.40379041234669
person_18.mp4,front,781,13029,59.94426331032221,848,478,34.68894399199548,31.792082769678665,70.29789755046907,76.87407730279773,64.16959648622881,66.15067412557967,29.723274605104884
person_18.mp4,front,782,13045,59.94426331032221,848,478,35.32498225061628,31.805255540962218,69.80454993495322,75.87218241980639,64.02258368231544,64.8104732159536,30.82858290826046
person_18.mp4,front,783,13062,59.94426331032221,848,478,36.728907912108355,32.83680352343832,71.3066407259853,76.94715804970708,64.62811002961162,64.9614478446134,30.339154189933662
person_18.mp4,front,784,13079,59.94426331032221,848,478,38.4279351110594,33.92917332527395,73.39109610270411,78.22783214457976,66.4775956094663,66.3656397173773,30.09779653289376
person_18.mp4,front,785,13095,59.94426331032221,848,478,38.98562762076697,34.85822889052529,71.86300166574532,77.88782158435349,64.39235315085143,66.65083814801658,31.74802114928249
person_18.mp4,front,786,13112,59.94426331032221,848,478,39.41238673544365,35.22468993409485,69.71772912868224,75.8359526718459,63.34292518484035,64.64276279734186,34.35231423440267
person_18.mp4,front,787,13129,59.94426331032221,848,478,40.86053085781884,36.06599202582014,71.86278865760303,77.56437822853566,62.125112930031605,62.595247612004684,33.366580597643036
person_18.mp4,front,788,13146,59.94426331032221,848,478,42.122508489580234,37.015960042051915,74.59526901044823,79.87300064016941,61.674037009163825,60.84845454251151,31.732889268003376
person_18.mp4,front,789,13162,59.94426331032221,848,478,42.90582171870405,38.058303301294465,73.64574526356084,79.79039618559999,61.258654475898794,60.56490963251632,33.138920262754105
person_18.mp4,front,790,13179,59.94426331032221,848,478,44.00212222513319,39.188784343404016,73.86488695339759,78.28459144825878,59.99094251361321,58.04250350500957,34.92263211218376
person_18.mp4,front,791,13196,59.94426331032221,848,478,48.948607951944325,41.82240790504879,79.11133175235193,79.86067056781746,62.29257055361674,59.56638906070116,33.757459074197314
person_18.mp4,front,792,13212,59.94426331032221,848,478,50.67100142239811,43.349212185743056,82.65893437694217,84.01428803354426,62.51674375091298,59.809872584950746,30.831461436040076
person_18.mp4,front,793,13229,59.94426331032221,848,478,50.25469997101288,44.017220225801076,83.2297247593112,84.4335818232815,61.338696751951964,59.5817938900002,30.40801052393829
person_18.mp4,front,794,13246,59.94426331032221,848,478,51.520915681364535,44.97163955566819,83.90388527106137,83.7049652860524,59.460524161687964,59.008785781317975,31.183579456861107
person_18.mp4,front,795,13262,59.94426331032221,848,478,53.30198099548764,46.319174796431035,88.58371418406053,87.76714523314013,60.11644200885459,60.17271045270942,27.783677686451764
person_18.mp4,front,796,13279,59.94426331032221,848,478,57.5240629271673,49.309679624908725,99.51716466844333,96.24393184152652,61.387277030700666,63.581134409919066,20.719040194949354
person_18.mp4,front,797,13296,59.94426331032221,848,478,55.628194556428724,48.93540291867239,96.7020659906653,95.00319720100286,61.37339236887826,61.98744634242345,21.42142536019667
person_18.mp4,front,798,13312,59.94426331032221,848,478,56.37892262825016,49.489163084404694,97.73673251245202,95.54767425968059,61.94763235826897,61.219355116710595,20.567228027219606
person_18.mp4,front,799,13329,59.94426331032221,848,478,57.51966688368996,49.76306680150503,100.39420228073062,96.38690426254036,60.39232376195944,60.60833105958687,19.223336896799122
person_18.mp4,front,800,13346,59.94426331032221,848,478,59.0000776875876,51.71632264576614,99.85936734013455,96.94721435337013,61.30702718239056,59.81690788456375,20.493495042058
person_18.mp4,front,801,13362,59.94426331032221,848,478,59.97416226263833,52.56941515626593,100.63451414598647,97.3060884745872,60.448247383388335,59.45750484928985,20.859953369035495
person_18.mp4,front,802,13379,59.94426331032221,848,478,59.230332533468264,54.00749573685324,99.24689237064796,97.73503593355248,60.207904370616035,59.18235226001819,22.498878677410175
person_18.mp4,front,803,13396,59.94426331032221,848,478,59.720419575599436,54.58122306249099,98.9730363472548,96.27355071964753,61.130091239753156,59.1867857550286,23.490715819465294
person_18.mp4,front,804,13412,59.94426331032221,848,478,62.648798946085115,56.502046513809944,101.74842991328116,97.49496042779771,59.90591757437905,59.863357469132495,23.28870303976292
person_18.mp4,front,805,13429,59.94426331032221,848,478,66.25463791229656,61.280217606103875,104.99281280395206,102.68724059276731,60.511809065452816,60.67966659358264,22.213736891684604
person_18.mp4,front,806,13446,59.94426331032221,848,478,66.05983336069971,63.96010339410176,102.8009671244597,102.80968482473567,61.58946807639853,61.069601267272944,24.158621568462735
person_18.mp4,front,807,13463,59.94426331032221,848,478,64.7028927714852,61.14949126188903,101.48960270091291,100.56793223547888,62.5666692069819,61.295469648207565,24.119234614013706
person_18.mp4,front,808,13479,59.94426331032221,848,478,65.74927861067535,66.9232440802788,101.73526080029585,105.66900187766342,60.750443372596976,60.61470493064055,24.935265038863843
person_18.mp4,front,809,13496,59.94426331032221,848,478,68.86251030582966,71.42439415749372,102.64366901259376,108.44014314720975,62.067446472588124,62.323672863647886,25.365301991250618
person_18.mp4,front,810,13513,59.94426331032221,848,478,72.10327490333417,74.54769158329754,105.99549923624868,110.32359615683423,61.26126961255067,62.20333738216358,25.82893099759721
person_18.mp4,front,811,13529,59.94426331032221,848,478,73.6693437897747,78.33432315228427,105.99048194508266,112.41480935190314,61.7130223307013,62.574018836117354,26.797026562153963
person_18.mp4,front,812,13546,59.94426331032221,848,478,72.71908603751011,78.1619681660627,103.22499221520815,111.39337686203213,60.57178657176112,61.45221271544757,28.480888324627724
person_18.mp4,front,813,13563,59.94426331032221,848,478,80.00360898585826,84.1131596036913,109.36535051266291,117.16701177524521,62.68496248028021,64.5387451460926,26.91331946939225
person_18.mp4,front,814,13579,59.94426331032221,848,478,76.14358123457848,80.15675665250096,105.62105117128792,113.46847510525218,61.62766071624759,62.31431421192802,27.84785979254541
person_18.mp4,front,815,13596,59.94426331032221,848,478,88.85272317437897,89.18806582322931,118.41765065101315,122.07852287868558,62.43075538258495,64.99095532338328,27.483137605924256
person_18.mp4,front,816,13613,59.94426331032221,848,478,87.24118727448841,88.92953770145887,116.11316187621557,122.18023714375677,63.24401290410666,64.75771437283258,26.56281760112683
person_18.mp4,front,817,13629,59.94426331032221,848,478,90.5257534016353,97.18509749580637,120.56553343967022,131.64521872708855,61.81917512392471,64.26306106892656,25.996927847896792
person_18.mp4,front,818,13646,59.94426331032221,848,478,103.94755865149199,103.68121881393347,133.57646723461096,136.17498405087574,63.962025013107734,66.76908698944624,25.159043904931302
person_18.mp4,front,819,13663,59.94426331032221,848,478,109.00449491547776,107.99271762654006,139.8773859926352,140.5841185567099,65.77338618546642,69.02419697059861,23.191972163214857
person_18.mp4,front,820,13679,59.94426331032221,848,478,110.94962488076109,108.42404574860576,142.86807160097348,142.5478285314305,64.86720962050175,67.9280129956161,22.50666330396886
person_18.mp4,front,821,13696,59.94426331032221,848,478,112.54740823767388,104.01844065225941,143.14066291071578,136.5250546714976,67.16089863754705,69.63069514755921,22.024297388969853
person_18.mp4,front,822,13713,59.94426331032221,848,478,118.99217234640388,111.19002544887427,147.86011001128279,143.56897109630063,69.63336627541811,70.91624297205662,20.456208390481674
person_18.mp4,front,823,13729,59.94426331032221,848,478,121.32167682115622,113.48565647359025,149.02251099068081,145.31013871203845,70.82474844314348,71.8791930863356,19.68818841159266
person_18.mp4,front,824,13746,59.94426331032221,848,478,127.80666061044023,119.5323777638611,152.01826308180492,148.68229087470198,73.71176312917737,73.99898092056586,19.7826120596846
person_18.mp4,front,825,13763,59.94426331032221,848,478,122.44270003985129,117.6687191665425,149.60544306252837,147.27420630623425,70.8139468536872,74.15827292166426,19.69656900925427
person_18.mp4,front,826,13779,59.94426331032221,848,478,125.551071843223,122.82139761321855,150.81509695090088,151.4393723153945,71.92025268442251,73.35446089740991,19.931547540242406
person_18.mp4,front,827,13796,59.94426331032221,848,478,131.82564762169756,128.40278069119142,154.39183925445295,155.1663915792193,74.41596547753349,74.15928764203318,19.894511662326206
person_18.mp4,front,828,13813,59.94426331032221,848,478,136.42624010534158,132.96016166655045,157.06925401734904,158.21517311454141,76.31484570049011,75.11292408129225,19.69340983635201
person_18.mp4,front,829,13830,59.94426331032221,848,478,138.578074823924,136.6809505297969,158.93573828283428,160.5493986871879,77.61828250459476,76.82532629610834,18.83804415297989
person_18.mp4,front,830,13846,59.94426331032221,848,478,137.18259877230096,135.320325707766,159.08757922859394,159.41123437282062,75.97409879554071,77.11681515440775,19.021440304036737
person_18.mp4,front,831,13863,59.94426331032221,848,478,142.4707156223728,140.04763526664266,161.77521113315865,162.6787898202305,77.7311847499261,79.76653712812914,18.706251641623616
person_18.mp4,front,832,13880,59.94426331032221,848,478,140.35269265548695,141.5386128618816,161.28760640671132,164.86926907285448,78.17259051924164,80.7534780920734,16.939108902807703
person_18.mp4,front,833,13896,59.94426331032221,848,478,142.3049680923577,142.69136063584173,163.56839225764904,167.21854483124918,79.55494392614679,80.43019770612132,14.947789407578487
person_18.mp4,front,834,13913,59.94426331032221,848,478,139.87690300270887,142.15826446882187,164.20788364940418,168.80683109949305,77.5836264731791,79.75762450786252,12.1939596172198
person_18.mp4,front,835,13930,59.94426331032221,848,478,142.68945986574047,144.06082064835815,164.77086167248498,169.18231728256856,79.62853543872403,80.91095915567723,12.982466736723037
person_18.mp4,front,836,13946,59.94426331032221,848,478,144.9156127518528,145.5586853405068,165.03288980287678,169.0549832089968,80.69850586446002,81.81102333075812,14.082602056138693
person_18.mp4,front,837,13963,59.94426331032221,848,478,144.83731147928415,144.4928245546925,165.29721643793778,168.9665439098591,79.85252535666818,81.30851056512927,13.573624968454427
person_18.mp4,front,838,13980,59.94426331032221,848,478,143.82085912696394,144.19414224173835,164.34834791490172,168.1679413451491,79.92798591683388,81.28722069185146,14.003825998973214
person_18.mp4,front,839,13996,59.94426331032221,848,478,145.46437425192727,145.01323845731346,165.58714259390482,169.1403174012703,81.15321750586625,82.3426752401037,12.282509770969673
person_18.mp4,front,840,14013,59.94426331032221,848,478,145.3738199971911,144.84431964325208,165.8651582794456,169.08076012140808,81.33784684099405,82.72554413688498,12.090446556507002
person_18.mp4,front,841,14030,59.94426331032221,848,478,147.42311390779668,145.676917941756,167.25995524119244,168.95825361814204,82.41308039690652,83.60486567056564,12.08689353981627
person_18.mp4,front,842,14046,59.94426331032221,848,478,149.07220144736502,146.09214948572384,168.2185684430254,168.9340815879425,83.1735821878995,83.93718979811965,12.299023778116307
person_18.mp4,front,843,14063,59.94426331032221,848,478,149.2621725433407,146.36317758238752,168.68166412855592,169.21675843505668,83.36549964293117,84.01364308332148,12.019515881661539
person_18.mp4,front,844,14080,59.94426331032221,848,478,150.43965049551463,146.6566353114235,168.8720565437946,169.2172234750909,83.92118241274166,84.25095851392587,12.382789305319434
person_18.mp4,front,845,14096,59.94426331032221,848,478,150.9196034947988,146.5912358999066,169.52495711241477,169.119531752842,84.19208262895094,84.08326895378718,12.085540047907825
person_18.mp4,front,846,14113,59.94426331032221,848,478,151.21408207392747,147.45302102817345,169.34004594300376,169.14502026695493,83.76537007082027,84.78729715694554,12.744542588448038
person_18.mp4,front,847,14130,59.94426331032221,848,478,152.01802949588088,148.11528246897,169.87606186133758,168.6309360563477,83.38715278631025,85.11554694073303,13.429832259183362
person_18.mp4,front,848,14146,59.94426331032221,848,478,149.8372995882229,147.82283450621642,168.6191293290234,168.49755862214317,82.55332192580575,85.04776164243911,13.550552618812667
person_18.mp4,front,849,14163,59.94426331032221,848,478,149.76970620114872,147.8216419705429,168.6264680539093,168.55812041839997,82.45608726345485,83.90164321436826,13.942882378754232
person_18.mp4,front,850,14180,59.94426331032221,848,478,150.77921713710077,147.55006521064385,169.76450444915696,167.98821636339704,82.05131712223516,82.4071450066652,15.13589409735483
person_18.mp4,front,851,14197,59.94426331032221,848,478,153.22895079482257,149.03135902443995,168.97392598635668,167.94729553755408,83.42532756827124,82.96769718199381,16.644788616624645
person_18.mp4,front,852,14213,59.94426331032221,848,478,151.65935338387956,148.97133742210798,167.98147778558848,168.84399479362273,83.26254470125312,82.53721178206968,16.40255883949988
person_18.mp4,front,853,14230,59.94426331032221,848,478,150.17852420126528,148.60802008876556,167.3671564870277,168.68660514125835,82.09310752098324,82.52571227066966,16.195939626117674
person_18.mp4,front,854,14247,59.94426331032221,848,478,150.95170994527834,147.81095408671524,168.0559975268644,168.43292614885235,82.57431474958403,81.67163061383302,15.826232183815463
person_18.mp4,front,855,14263,59.94426331032221,848,478,150.89168065085383,147.42449434440982,167.44021125638224,168.00774036618435,82.73145143679726,81.43250403057812,16.203667281231656
person_18.mp4,front,856,14280,59.94426331032221,848,478,151.88401547588546,147.97351496656674,167.644505349101,167.8557104768201,83.09440480625406,82.00249304163732,16.594176633760355
person_18.mp4,front,857,14297,59.94426331032221,848,478,151.21719584850058,147.81821754802624,166.79633627768902,167.69673790693386,82.5390671507176,82.0397376073175,16.85830068896851
person_18.mp4,front,858,14313,59.94426331032221,848,478,152.11227131458298,148.2180362616057,167.057226856583,167.37115046473443,82.83065228533354,82.4039060414813,17.285150880163325
person_18.mp4,front,859,14330,59.94426331032221,848,478,153.60766485082013,148.93622359172144,166.8863563654861,167.13953108607788,83.56807890949945,82.82544907889977,18.07485283424949
person_18.mp4,front,860,14347,59.94426331032221,848,478,153.21993360927345,149.48839076852434,166.00923678719107,167.1932307961052,83.18461476962057,83.22691884996672,18.591820462638484
person_18.mp4,front,861,14363,59.94426331032221,848,478,152.80976366690993,149.3656573544877,165.60283774158168,167.0806082625418,82.9410344858628,83.18510719236909,18.894434328613283
person_18.mp4,front,862,14380,59.94426331032221,848,478,153.31946815331153,149.73234656170868,165.8330112480659,167.245890695299,83.1471621672546,83.60375918724405,18.86597704888535
person_18.mp4,front,863,14397,59.94426331032221,848,478,152.44374791900037,148.82243744233776,165.54467387325946,166.04803225940609,82.81446091586476,82.93745245816633,19.495210574260255
person_18.mp4,front,864,14413,59.94426331032221,848,478,152.46579317822932,149.01425857511202,165.81326218033723,166.40221700686513,82.52362489390008,83.04322786719065,19.420663251148035
person_18.mp4,front,865,14430,59.94426331032221,848,478,150.9341112225783,148.91107886465522,164.76025925489975,166.1594311079219,82.5389395623767,83.08642055283782,19.14196431813497
person_18.mp4,front,866,14447,59.94426331032221,848,478,151.11649983998387,148.70093991858653,165.19374215702484,165.8361518266226,82.6108820779821,83.34305333164615,19.0964773240985
person_18.mp4,front,867,14463,59.94426331032221,848,478,149.4964786195546,146.95874864796906,165.41920412966496,165.95862995295755,81.02833432824899,81.75798657473132,19.298573118638473
person_18.mp4,front,868,14480,59.94426331032221,848,478,148.3254750478615,146.8709526426027,164.18204877467338,165.8686067764918,80.86252933466601,81.68404446507444,19.46055356947416
person_18.mp4,front,869,14497,59.94426331032221,848,478,149.8368857574951,148.3870737786711,164.9320400546203,166.30373845167432,81.94870014279626,82.77231641680255,19.411830807342927
person_18.mp4,front,870,14513,59.94426331032221,848,478,149.3727907648675,148.317525905262,163.4660524886394,165.93794781905237,81.6337191720254,82.93715530096328,20.100857658012007
person_18.mp4,front,871,14530,59.94426331032221,848,478,149.4191123142193,148.09135399201028,163.7937460155247,166.3332708056772,81.51284237978456,82.58725400327309,19.898437403693453
person_18.mp4,front,872,14547,59.94426331032221,848,478,151.7954458095198,148.74334343467217,164.30847068178957,166.31563953105987,83.02635840757218,83.04328744991233,19.85003311340287
person_18.mp4,front,873,14564,59.94426331032221,848,478,151.21241331264127,148.23213549691945,164.2545403074508,166.2030038488331,82.53611995190185,82.96433234899023,20.08179247723566
person_18.mp4,front,874,14580,59.94426331032221,848,478,150.6563339631739,147.88294404783332,163.46989468455158,165.4728993588195,81.83201152284028,82.57618504357632,20.83832909127294
person_18.mp4,front,875,14597,59.94426331032221,848,478,150.96869892131895,148.0357274255916,164.04987524078564,165.6303436834192,81.99126320768028,82.74794669220302,20.520934017421602
person_18.mp4,front,876,14614,59.94426331032221,848,478,154.88975296168462,148.92374995379888,166.65910604445855,166.2428811007604,83.16021206328581,83.2309572156594,20.52299706118571
person_18.mp4,front,877,14630,59.94426331032221,848,478,153.40450990854026,148.12388615178142,166.8163138853157,165.65592959350906,81.95951401738816,82.48347821860642,20.794866517331574
person_18.mp4,front,878,14647,59.94426331032221,848,478,153.61753568848513,148.50394056723502,166.92935381259772,165.68116661892665,82.12779093104372,82.77298387698332,20.691223806177028
person_18.mp4,front,879,14664,59.94426331032221,848,478,154.1689825023971,148.6324633803367,166.8502049974561,165.88136426916853,82.35070107960001,82.83500052876133,20.818951784272624
person_18.mp4,front,880,14680,59.94426331032221,848,478,154.29088811288105,148.37946676909144,166.92745853926394,166.33496722657742,82.4684359013582,82.21791023371416,20.761120287966207
person_18.mp4,front,881,14697,59.94426331032221,848,478,156.1182009619019,148.7363087846843,168.20247423710194,166.6081160113669,82.75061613817999,82.16957267971426,20.785308864408258
person_18.mp4,front,882,14714,59.94426331032221,848,478,154.8379890591892,148.99993981339892,167.95477504385786,166.52952081149516,81.88452900871775,82.71108932812622,20.802752459162026
person_18.mp4,front,883,14730,59.94426331032221,848,478,154.74965392244727,148.7611189772235,167.7961100705466,166.7796312467196,82.09700840504452,82.58453190123352,20.564868023629487
person_18.mp4,front,884,14747,59.94426331032221,848,478,154.65991397588493,148.8732476073018,167.77312259136653,166.7133371698352,82.17197502627909,82.40273629011958,20.681958171295346
person_18.mp4,front,885,14764,59.94426331032221,848,478,154.59422642601365,149.32884878397044,167.60748517223496,166.6493257516908,82.2654218865376,82.80117388337597,20.657540247641435
person_18.mp4,front,886,14780,59.94426331032221,848,478,153.38089582243293,148.89469819341113,167.1801311369891,166.23593896767267,80.99241177075734,82.3821431631498,21.042547309362604
person_18.mp4,front,887,14797,59.94426331032221,848,478,153.74862540946242,149.12548685526494,167.2252835300925,166.40837500570808,81.0486404626104,82.32940556457196,21.182710802716578
person_18.mp4,front,888,14814,59.94426331032221,848,478,155.2707397101508,149.06417267971707,167.79037005312705,167.0031756404375,81.90024786434739,82.34681505749744,20.60367770056592
person_18.mp4,front,889,14830,59.94426331032221,848,478,155.3662656875187,149.63697884911437,168.79735110383203,167.33602123566985,82.38287997883467,83.33862582581773,19.060179056581806
person_18.mp4,front,890,14847,59.94426331032221,848,478,153.56750261618774,149.22537043069332,167.44624031059465,166.97164611121642,82.54403084831476,84.04859367776318,18.387695498267107
person_18.mp4,front,891,14864,59.94426331032221,848,478,153.8444921537357,149.23896038932725,167.34969472909737,166.5388839700128,83.17185618646324,84.43347075516999,18.45317004300048
person_18.mp4,front,892,14880,59.94426331032221,848,478,154.82589676054536,150.54904196755265,167.16706237506304,167.94078881417607,83.54367862682027,84.83601963779405,18.89640999877382
person_18.mp4,front,893,14897,59.94426331032221,848,478,156.35062661910783,151.04633004653218,167.57218835998034,168.53407973215099,83.86005033743727,84.68607913573857,19.182944895820008
person_18.mp4,front,894,14914,59.94426331032221,848,478,156.01386252795365,150.64031105311676,167.07715564006645,168.21886387462507,83.57856368252668,84.13559395395119,19.748440669225673
person_18.mp4,front,895,14931,59.94426331032221,848,478,155.53218765975268,148.71904073125256,166.26621386421445,168.4454905089838,83.24573198040504,80.64232968977623,21.042403461934953
person_18.mp4,front,896,14947,59.94426331032221,848,478,155.1540775271758,149.18412869223496,165.90731339917846,168.889449075413,82.84324683133369,79.68457583319287,21.49743446115129
person_18.mp4,front,897,14964,59.94426331032221,848,478,151.5316700112472,147.49645615936734,163.87333536724276,167.97411639987467,81.23573482140887,78.5586569093419,22.015364739027596
person_18.mp4,front,898,14981,59.94426331032221,848,478,146.91122295232756,146.27102819594347,161.4268495788603,167.4115706953486,79.2827018714314,78.32073972711342,22.297147726254472
person_18.mp4,front,899,14997,59.94426331032221,848,478,142.96671084007775,144.36571714083874,159.83706914082202,166.31965420704216,77.61459730462052,77.20181485954295,22.515633940013835
person_18.mp4,front,900,15014,59.94426331032221,848,478,139.6433633048573,138.01830013259698,158.58336142605296,162.1754747924553,76.17573464932599,75.80219836402226,22.39105601788447
person_18.mp4,front,901,15031,59.94426331032221,848,478,139.63495440240277,131.02124044587413,158.9655085797389,156.62164758780025,75.84210205569418,76.83867734552462,22.343412760883666
person_18.mp4,front,902,15047,59.94426331032221,848,478,129.62767597544092,124.54373064393381,153.12248234359683,153.20892840630262,72.36039060146969,74.20471941839597,22.199036077400372
person_18.mp4,front,903,15064,59.94426331032221,848,478,125.12256251904638,116.22272907476825,150.45702235189958,146.31941590829183,70.38742858712986,74.7064724823982,21.64561847170194
person_18.mp4,front,904,15081,59.94426331032221,848,478,122.12621690880107,118.60609636242462,147.9678821772175,147.94468806106175,69.88034825994762,75.5812957826595,22.212645645960656
person_18.mp4,front,905,15097,59.94426331032221,848,478,114.55237429260971,110.74190059189978,142.5588519532925,142.33229773252802,68.02469000258615,73.63237351079405,22.403846661153903
person_18.mp4,front,906,15114,59.94426331032221,848,478,111.72039696418798,106.25783968854263,140.20308906124268,137.8460292505427,68.3308635157297,72.90908132867962,22.214005186300742
person_18.mp4,front,907,15131,59.94426331032221,848,478,112.72087980998236,103.18765884051737,141.61656528834368,135.1921869722181,69.83636646073806,71.45432430276625,22.230064487141146
person_18.mp4,front,908,15147,59.94426331032221,848,478,104.92633205874925,101.1709271688887,135.2281160663577,134.06471873248785,69.9558796469614,68.67367875907536,22.852494043483347
person_18.mp4,front,909,15164,59.94426331032221,848,478,105.53869438736177,105.45328437013883,135.60096603438075,139.09364735763972,69.80867851142062,70.22665737181389,23.324430917691924
person_18.mp4,front,910,15181,59.94426331032221,848,478,93.79787368071358,97.7212771925582,124.8989988394649,132.49913231225887,67.89600040202386,68.40832923442203,23.53414174074085
person_18.mp4,front,911,15197,59.94426331032221,848,478,89.7475405834961,96.69693575601762,121.01158575423815,131.9980158066283,66.44001227492835,66.73247500272915,23.832228877929044
person_18.mp4,front,912,15214,59.94426331032221,848,478,87.95187288723889,95.52989106796927,119.45587658951938,131.09528602977892,65.93834261100511,65.91544979384035,23.997212540407013
person_18.mp4,front,913,15231,59.94426331032221,848,478,87.51748390822134,97.08813037110038,119.58268221518881,132.71448712547559,65.40695711670328,68.10022518766603,24.150274565369532
person_18.mp4,front,914,15247,59.94426331032221,848,478,85.06767861666872,96.5267481908092,116.59327762055139,132.3500056040902,66.17670209606824,67.69708999111769,24.271982728264728
person_18.mp4,front,915,15264,59.94426331032221,848,478,81.46803887176458,93.18769912201071,113.43424421905254,129.22459167963535,66.67255071813555,67.7033183567927,24.006926052962324
person_18.mp4,front,916,15281,59.94426331032221,848,478,82.33606227531588,91.52038530998246,114.69400928604928,128.37576043376794,66.51697593930852,67.18753115214935,23.769820323309382
person_18.mp4,front,917,15298,59.94426331032221,848,478,82.62703450349638,90.89847636607196,115.59622729438794,128.35294294158575,65.365446837127,66.03179519923154,23.85014628115097
person_18.mp4,front,918,15314,59.94426331032221,848,478,80.40424871425766,86.62481565940942,113.11526546631214,124.20154369961776,64.94631183194112,64.46565533708271,24.153418404404498
person_18.mp4,front,919,15331,59.94426331032221,848,478,80.82450525391407,89.42203019109266,113.78016113628564,126.58536964270596,64.2163293265176,67.68810618367813,24.39492040215257
person_18.mp4,front,920,15348,59.94426331032221,848,478,79.07634350068494,88.1270376982196,112.50715707012559,126.07241586585717,63.37236226568489,67.02624025848222,24.831789597226177
person_18.mp4,front,921,15364,59.94426331032221,848,478,74.56276154221229,83.4965548365459,110.17154018980328,123.56535465418676,63.96532589920703,65.44229005782003,23.745359353210773
person_18.mp4,front,922,15381,59.94426331032221,848,478,70.40059764393953,82.32936795641595,107.14937683733777,121.91215663130922,62.33954578616561,64.33592809869714,24.291291538721254
person_18.mp4,front,923,15398,59.94426331032221,848,478,69.17943917720633,76.63936830988978,105.56718155805693,116.74306278185844,62.58104011518009,63.34223488739337,24.65020773431857
person_18.mp4,front,924,15414,59.94426331032221,848,478,68.84981946139327,74.85597909251688,105.78269579188418,115.31549794300432,62.57654109189209,62.92049290808357,24.54745612242764
person_18.mp4,front,925,15431,59.94426331032221,848,478,62.890743463862606,64.82259043666821,101.26631046904095,106.29286015182447,62.0585092029435,61.44080976623891,23.680432816869345
person_18.mp4,front,926,15448,59.94426331032221,848,478,64.67856521515935,64.76892415420956,104.65736287401202,108.59059471628022,62.378900765430075,62.927011017123014,21.734373381796335
person_18.mp4,front,927,15464,59.94426331032221,848,478,60.94844796974513,59.66006316665067,100.61032904765914,102.76161936644301,61.707790866377415,60.27501209189966,22.313228263161786
person_18.mp4,front,928,15481,59.94426331032221,848,478,59.420724081532825,55.827620455128574,100.23005967687544,100.11253938458316,61.68521942946458,59.318904264670586,21.23993693623203
person_18.mp4,front,929,15498,59.94426331032221,848,478,62.980665731978064,59.234964348534675,104.44661929687092,104.58096095992106,61.88385668114264,61.94364876757918,20.046759213700305
person_18.mp4,front,930,15514,59.94426331032221,848,478,63.96062255301821,60.40796722782675,104.78148829495144,105.48474897165495,63.87996965083998,62.806581188154084,20.138462455557544
person_18.mp4,front,931,15531,59.94426331032221,848,478,62.926924314990195,58.00797837138665,105.46031275059966,105.61734866300108,64.22444668920134,62.939689941699136,18.067297970386303
person_18.mp4,front,932,15548,59.94426331032221,848,478,63.77691016797594,56.03775604303734,108.03914255056257,104.45962885696737,64.25589946442146,63.69406523264984,16.130113585581068
person_18.mp4,front,933,15564,59.94426331032221,848,478,64.49988862587108,57.45606006996888,112.3014553039112,109.28188177362436,65.04290798822888,65.15092593723993,12.030545816472317
person_18.mp4,front,934,15581,59.94426331032221,848,478,64.37401109011032,56.12184248177559,110.77848506025691,107.48153367848208,64.82109334218121,65.62275437792526,13.700605020709904
person_18.mp4,front,935,15598,59.94426331032221,848,478,63.977606777734394,56.3416625231415,110.43621217706828,107.2745951175921,64.77158827684433,66.06309843819412,14.174608308072587
person_18.mp4,front,936,15615,59.94426331032221,848,478,63.29720123061759,54.72203629893956,109.15669375773204,106.20162086793434,66.17270461238088,66.87311921736482,14.395013644843338
person_18.mp4,front,937,15631,59.94426331032221,848,478,58.984548648232284,51.8818664575075,104.73276002417501,103.43781443926007,65.63632022917547,64.53166907073258,15.511449436955369
person_18.mp4,front,938,15648,59.94426331032221,848,478,55.90825418197325,49.305204098578635,100.95668849307337,100.25775925555413,65.0814086446878,63.352110919883025,16.48347970671716
person_18.mp4,front,939,15665,59.94426331032221,848,478,55.44247619853537,49.08547174320697,99.54938644776267,99.41405688300156,65.3396606488805,63.554676750945916,17.08961206201458
person_18.mp4,front,940,15681,59.94426331032221,848,478,55.209946919736105,48.40316185066174,100.00896143974721,99.35135710822698,65.2531370302508,64.22861805132347,17.028483062677942
person_18.mp4,front,941,15698,59.94426331032221,848,478,54.01747282712768,46.79833646262372,100.1798446548506,98.2398196529733,65.60789447649718,64.85798376741106,16.449622441118837
person_18.mp4,front,942,15715,59.94426331032221,848,478,54.48557460387869,46.801843016476234,99.74143347687613,98.38413052130085,65.68268884716166,63.86960495335054,17.080663505720704
person_18.mp4,front,943,15731,59.94426331032221,848,478,54.36661839393586,47.70602934416653,99.39074014078636,98.50293764764446,65.85637582687806,64.05679928267885,17.484204484362866
person_18.mp4,front,944,15748,59.94426331032221,848,478,54.61196959580223,46.649862424804944,98.75055503390053,97.53137580437503,66.70792727466866,66.00498977357599,17.4630054154927
person_18.mp4,front,945,15765,59.94426331032221,848,478,53.4760917809617,45.96620171399593,96.40898576576386,97.17743465355231,68.06214400475037,66.2322857362706,17.419901804656014
person_18.mp4,front,946,15781,59.94426331032221,848,478,53.25479713866982,46.10255230832734,95.7628662771403,98.01071903333298,68.0398336960945,66.48167927294293,17.274145432207415
person_18.mp4,front,947,15798,59.94426331032221,848,478,50.29241281811596,43.41946938197047,90.66332996974252,93.91709917330672,66.28384876085914,65.24893290821049,20.220764217050817
person_18.mp4,front,948,15815,59.94426331032221,848,478,49.99296000770445,43.40885230221498,89.88698137208927,93.98322788914456,66.4339923092951,65.7620561467699,20.527936279954616
person_18.mp4,front,949,15831,59.94426331032221,848,478,50.23365347856173,43.44246729728579,90.0665657395319,94.38884965943656,65.80102909693414,67.11775511047614,20.225192568636167
person_18.mp4,front,950,15848,59.94426331032221,848,478,50.21688389171866,43.89874990750171,95.90330283183876,100.57609963849927,71.11259231781906,68.07730379911318,14.297781595681803
person_18.mp4,front,951,15865,59.94426331032221,848,478,49.46742959438405,42.83074558406482,94.45631627096216,98.2034456303944,70.82873615246824,66.92803898848453,15.637295704968745
person_18.mp4,front,952,15881,59.94426331032221,848,478,47.990262257873454,41.61821856282617,92.77041022143186,96.58641169253688,70.85871403818531,67.44863905746233,16.277525342576286
person_18.mp4,front,953,15898,59.94426331032221,848,478,46.40151351455402,40.50046206550323,90.66656383883728,95.64912636363938,69.93060476896085,71.17458970828848,16.5879778055913
person_18.mp4,front,954,15915,59.94426331032221,848,478,45.64113105366555,39.352266789697,91.20287519726945,96.19675947576107,70.99308420858188,72.13366671858206,15.25157325457175
person_18.mp4,front,955,15931,59.94426331032221,848,478,44.42802732308317,38.15896802531789,90.11899826641394,94.64712852131706,69.85178031328695,73.6469358308131,15.869177691483443
person_18.mp4,front,956,15948,59.94426331032221,848,478,40.48386486568483,35.019515709429804,82.60525940611758,88.01465496343232,67.70430450337774,69.50306791880895,20.704936875785656
person_18.mp4,front,957,15965,59.94426331032221,848,478,39.774019221458175,34.4177658645217,81.40167775753072,86.4134262989777,67.93578188411794,68.50601124149976,21.549454790625447
person_18.mp4,front,958,15982,59.94426331032221,848,478,37.99875870188401,33.96133291664113,72.88670856943367,78.53153725877924,65.66867236433954,65.56594289141626,28.801393595287394
person_18.mp4,front,959,15998,59.94426331032221,848,478,37.695451357900005,33.86155170932571,74.3252087550324,80.10591163487976,65.90019730496394,65.43450189622884,27.073968742214173
person_18.mp4,front,960,16015,59.94426331032221,848,478,37.9416889384202,34.24908192546469,75.47555714726639,81.63953039313907,66.9700634986016,63.56418796241107,25.62963394813328
person_18.mp4,front,961,16032,59.94426331032221,848,478,36.485777981107255,33.24458580004649,75.1903636849891,81.40304848498772,65.17098783175852,64.76207678434896,25.066848025983546
person_18.mp4,front,962,16048,59.94426331032221,848,478,37.27689657334468,34.11521353363615,75.78517075224008,81.89582637446793,66.2174205392436,68.88377140394626,24.890487700443412
person_18.mp4,front,963,16065,59.94426331032221,848,478,37.02592021323847,34.28798497688741,75.89168212253968,81.75919308720155,66.87690990129732,68.03950042641166,24.867671654592918
person_18.mp4,front,964,16082,59.94426331032221,848,478,37.100980439680484,34.187983866772356,80.78102736688452,86.94580321495918,67.79115838355014,68.7583012249072,19.158080457986706
person_18.mp4,front,965,16098,59.94426331032221,848,478,37.0891169797842,34.31600736202337,87.42190279027591,94.14423834895595,69.20668702045175,70.27989654489082,11.791693863267355
person_18.mp4,front,966,16115,59.94426331032221,848,478,36.26217372022888,34.02213904107672,84.47728796352506,90.97242092563687,68.27376958299547,69.58620693444527,14.71216331758101
person_18.mp4,front,967,16132,59.94426331032221,848,478,36.06511822280695,33.66201699820792,83.44160172532179,89.32873374609999,68.51465055447993,69.59378438324254,15.851080952861405
person_18.mp4,front,968,16148,59.94426331032221,848,478,35.25487897834736,32.95777915094658,80.14336230124259,84.73102083604553,66.90853576700826,68.47786124215338,19.495282513769816
person_18.mp4,front,969,16165,59.94426331032221,848,478,35.69579639051669,33.082554836107676,81.5884316221415,86.29124110474807,67.88696329381239,69.27488216139926,18.062206516945302
person_18.mp4,front,970,16182,59.94426331032221,848,478,34.78145480053782,32.70362342247464,77.97283598598517,82.70261271675594,65.84683146891487,67.65529439978654,21.480099086135183
person_18.mp4,front,971,16198,59.94426331032221,848,478,35.547732518131276,33.061527800479524,80.27081846136996,85.18165069463926,66.77786111068387,68.72245206315577,19.455608305733612
person_18.mp4,front,972,16215,59.94426331032221,848,478,35.09076158802485,32.585843956697765,78.61062434088008,83.74705431052315,67.02313447475801,69.06569979230358,20.905116617360726
person_18.mp4,front,973,16232,59.94426331032221,848,478,35.488067316545475,32.81638184867832,79.6017715179969,84.55798322416744,67.65094742862573,69.54314773886975,20.20605086487617
person_18.mp4,front,974,16248,59.94426331032221,848,478,35.23986167560511,32.81248634432709,79.34319513375476,84.2016172100034,67.64782416395435,69.55087490041524,20.61582885179977
person_18.mp4,front,975,16265,59.94426331032221,848,478,35.07018330309694,32.37011105626574,79.79213833570564,84.64047174294532,67.89361165358771,69.95459646410917,20.086959998840257
person_18.mp4,front,976,16282,59.94426331032221,848,478,35.42969982782125,32.649419636633155,83.50817483417718,88.48938101626163,67.61639943673235,72.82365019012977,16.46517989923706
person_18.mp4,front,977,16298,59.94426331032221,848,478,35.668071430511716,32.803068663506465,87.64668495596285,92.8194437379218,67.56337849858832,72.38668174025723,12.350011078846416
person_18.mp4,front,978,16315,59.94426331032221,848,478,35.80637189089728,32.88568376961306,87.48510774656248,92.97909557913792,67.77495654132723,73.41326984288706,12.47747077376914
person_18.mp4,front,979,16332,59.94426331032221,848,478,35.508522113724915,32.27549569549929,83.27370153075975,88.63402390577245,67.59588878765166,72.35583490144185,16.67639265588749
person_18.mp4,front,980,16349,59.94426331032221,848,478,35.97389042482756,32.672344666141555,84.3311488576451,90.1681364137408,68.76595374493165,72.09757601543465,15.789051561212204
person_18.mp4,front,981,16365,59.94426331032221,848,478,37.11798217839467,33.21949072322623,90.61301138904156,95.2191894134389,70.27482613581738,71.82428716118989,10.673921174483189
person_18.mp4,front,982,16382,59.94426331032221,848,478,38.54951693722946,34.22775724158965,91.17971905341106,95.5805779820278,71.41427682222837,73.54147269840273,11.09288708526005
person_18.mp4,front,983,16399,59.94426331032221,848,478,38.4308095716839,34.22898421983877,90.75335903798691,94.68900047144712,70.32968030365647,71.97335778784314,12.460201385383783
person_18.mp4,front,984,16415,59.94426331032221,848,478,39.35354027689924,34.657235483163255,91.44089000121733,94.5344095172991,68.83009706602894,69.54528458312139,13.076157733615458
person_18.mp4,front,985,16432,59.94426331032221,848,478,41.63458214381272,35.581683280648726,87.47240346837997,90.05331153926099,68.1719335774019,69.28849292246483,19.090642877137107
person_18.mp4,front,986,16449,59.94426331032221,848,478,42.3913458903418,36.52665811826767,85.79153323894857,87.88543309531602,66.88770548605949,67.08044833871459,21.935833726503567
person_18.mp4,front,987,16465,59.94426331032221,848,478,45.01331989313444,38.479843961568356,89.19044292684606,90.62853954348621,68.17580097008579,68.33649007164625,20.989879843158295
person_18.mp4,front,988,16482,59.94426331032221,848,478,44.82641254172706,39.51760935232175,84.43285221874004,88.13232217532953,66.8013255060395,67.45683836233287,24.87295719084388
person_18.mp4,front,989,16499,59.94426331032221,848,478,45.760058495045364,40.211122120858654,84.80073771372953,88.99948219674987,64.22832762641595,61.623199169647975,25.195041422601467
person_18.mp4,front,990,16515,59.94426331032221,848,478,49.17768360779261,43.717728009687285,88.0456222383349,92.68945161346531,65.10673489358443,63.17839064722009,23.974162633263038
person_18.mp4,front,991,16532,59.94426331032221,848,478,49.614191804633386,44.50983145408932,87.46048753822656,92.8006926461782,64.81492684444196,64.20726112675288,24.700604386498206
person_18.mp4,front,992,16549,59.94426331032221,848,478,51.11354568162533,44.97128415185538,88.9604097297134,92.75627995876414,63.63322866318796,61.998072106053456,25.18645039925996
person_18.mp4,front,993,16565,59.94426331032221,848,478,53.10630501192306,45.52098833848881,90.97430867781473,92.88552827801738,63.690204183799366,59.06586353301705,24.823139705575304
person_18.mp4,front,994,16582,59.94426331032221,848,478,53.38108595970007,46.314806493134576,91.60666667654303,93.89651138434284,64.57875980390223,60.53303230373205,23.852943707759394
person_18.mp4,front,995,16599,59.94426331032221,848,478,53.422462935796126,46.95847590434799,91.7925340872909,94.47467591382541,63.68298938373051,58.9607125622971,23.879136053465952
person_18.mp4,front,996,16615,59.94426331032221,848,478,55.02111975649606,48.90837779340746,92.62857765729534,95.77685807948679,64.04012009367989,60.26704251987154,23.954301487309166
person_18.mp4,front,997,16632,59.94426331032221,848,478,59.57844507451632,52.674972188947045,97.49924214758914,99.02864256806846,65.19418333149954,63.1068626907892,23.483394816997084
person_18.mp4,front,998,16649,59.94426331032221,848,478,61.752216251914916,54.504783815199374,100.02179582688217,101.40190001934714,65.5986462606743,65.62565869988349,21.585428513661665
person_18.mp4,front,999,16665,59.94426331032221,848,478,60.2338138897314,53.459947409196936,99.71361957100943,100.94219331915602,64.37897692601884,66.2860785598438,21.255022747160233
person_18.mp4,front,1000,16682,59.94426331032221,848,478,61.19302649075293,54.69655423718371,101.07519693227609,102.58004704694078,64.90081462253445,67.05071761087176,20.11899825769509
person_18.mp4,front,1001,16699,59.94426331032221,848,478,61.06991685323709,57.561361433337964,100.62269989341827,104.69066920920058,65.23093384049685,64.71691710613209,20.003441448936304
person_18.mp4,front,1002,16716,59.94426331032221,848,478,62.31920181682643,60.065291563754535,100.89938113069537,106.78259130783442,65.19979596919576,63.9461908065803,20.05732915487172
person_18.mp4,front,1003,16732,59.94426331032221,848,478,64.82667964935153,65.66438734357443,102.9098840984151,112.80454713536703,64.57680438224058,64.94690154439478,20.003100502800354
person_18.mp4,front,1004,16749,59.94426331032221,848,478,65.86406945609397,64.38804961656095,104.77393408318869,111.62997051382152,63.5036113855999,64.59078991132266,20.225757339167647
person_18.mp4,front,1005,16766,59.94426331032221,848,478,64.00356057163685,63.28750837967169,100.79127168338806,107.50866085696636,62.23734511831527,62.36747939394215,23.6755178779207
person_18.mp4,front,1006,16782,59.94426331032221,848,478,63.900684113688065,63.983906882578445,98.66168913439348,106.97120420708006,61.220455211464916,61.97307965035098,25.61025410740794
person_18.mp4,front,1007,16799,59.94426331032221,848,478,64.35335970088387,68.46885381281389,98.90051092365148,110.93562844184156,59.99583776888556,61.89894994674856,26.54869501981711
person_18.mp4,front,1008,16816,59.94426331032221,848,478,66.5070515475957,74.8379169079734,98.8799061623054,114.24048853084467,58.59383581155171,61.09703965189599,29.80044805143748
person_18.mp4,front,1009,16832,59.94426331032221,848,478,68.66969211594626,78.15203958596081,100.30568724124495,116.2912497868074,58.6598595438879,61.37258504141613,30.470562058939638
person_18.mp4,front,1010,16849,59.94426331032221,848,478,72.84593802880153,85.653152177372,105.3589810330074,125.14835592948627,59.01314058864255,62.24541528616437,29.206769126438434
person_18.mp4,front,1011,16866,59.94426331032221,848,478,72.489945468479,81.88925531523554,105.64773438891476,121.44880419104908,60.30944274691081,62.78178581752324,28.056114057693552
person_18.mp4,front,1012,16882,59.94426331032221,848,478,73.7615930256572,81.64150121895518,107.55872589838347,121.48633288736954,60.87550130456058,63.03487656254331,26.6761317324417
person_18.mp4,front,1013,16899,59.94426331032221,848,478,75.61123589849558,86.82598245471199,110.30463133101325,127.21156753516874,60.484236360863775,62.58671456191863,25.723065985036076
person_18.mp4,front,1014,16916,59.94426331032221,848,478,78.52475750487268,87.79219274018268,112.87469425032332,128.25764238495012,61.70623445496883,63.996329981064015,25.04031217862539
person_18.mp4,front,1015,16932,59.94426331032221,848,478,82.0001366478878,92.07360282158787,115.77707257839015,131.7831745941969,63.159887039893306,65.76142602273134,24.393516515361856
person_18.mp4,front,1016,16949,59.94426331032221,848,478,83.01922032371975,86.35560748281571,117.48182410704422,125.273867257528,62.47284169342664,65.39274665546135,24.84342438482361
person_18.mp4,front,1017,16966,59.94426331032221,848,478,86.68626354945012,90.15034841766207,120.69675475944594,127.41563206279444,63.24321925811442,66.10628130294194,24.759940453353337
person_18.mp4,front,1018,16982,59.94426331032221,848,478,87.65530021758457,89.15919987839338,121.77980774413712,126.8788779365656,63.530893415915294,66.2745656415977,24.33604942336023
person_18.mp4,front,1019,16999,59.94426331032221,848,478,93.02321937246379,91.34480281733036,126.31448524398051,127.96747806918822,64.04922802418119,67.45255938038443,23.986123048877506
person_18.mp4,front,1020,17016,59.94426331032221,848,478,101.13750335048536,101.63386863463678,133.81796983887483,137.9999984745371,65.01259472417375,67.49140975542254,23.577854735127044
person_18.mp4,front,1021,17032,59.94426331032221,848,478,99.69789863623436,98.0081680021046,131.02621123411,134.1804514845953,65.91744120070035,69.52623666895283,23.454932616997887
person_18.mp4,front,1022,17049,59.94426331032221,848,478,102.22994218499844,97.75856752306818,132.36325509713208,134.83705712186241,67.96857631916775,66.0081280961497,22.41417367206994
person_18.mp4,front,1023,17066,59.94426331032221,848,478,104.92821893794063,102.16409403630556,134.40061722237024,137.9190701260619,68.10267964685195,69.16366777793131,22.009362172963694
person_18.mp4,front,1024,17083,59.94426331032221,848,478,111.07479448819373,106.46614862402276,139.00327965669806,141.1442964593081,69.30649697283853,71.13640443458635,21.444429296842014
person_18.mp4,front,1025,17099,59.94426331032221,848,478,112.74557475796075,109.26933966273859,141.06637079333674,144.2993709270119,69.07764283811761,68.971164868535,21.1822064516071
person_18.mp4,front,1026,17116,59.94426331032221,848,478,114.36673299776704,114.86167789109383,144.3006593841961,149.99967203486798,69.23880859769979,69.55247938373576,20.175315487950346
person_18.mp4,front,1027,17133,59.94426331032221,848,478,119.82547035250492,118.63904825430114,147.00202990416196,151.95603784034782,71.4492223701753,70.77338723744404,20.26648766478182
person_18.mp4,front,1028,17149,59.94426331032221,848,478,125.33769650589043,119.98301050905387,150.42619295955572,151.32175430748762,72.61972602855553,72.66329414640643,20.371777817555536
person_18.mp4,front,1029,17166,59.94426331032221,848,478,124.97302985427923,120.73754944665632,149.42897364741577,150.93922841266925,73.4880615059192,75.70667756888236,20.378335675944047
person_18.mp4,front,1030,17183,59.94426331032221,848,478,128.16315457770784,124.87002250471508,152.25251884717423,154.12552045748728,73.8692134273063,76.48722042518496,19.645827251982922
person_18.mp4,front,1031,17199,59.94426331032221,848,478,132.84324165584746,127.03035961449383,154.18861834054994,154.7898323345669,77.79672096725551,76.13259282643358,19.666568994469504
person_18.mp4,front,1032,17216,59.94426331032221,848,478,138.26442314301485,135.18123202699775,157.47257618029468,159.91791319816164,80.56661878310382,78.4519518316138,19.095432382222402
person_18.mp4,front,1033,17233,59.94426331032221,848,478,141.50525302369283,137.5935824728553,159.6709602427773,161.93667404043808,81.46549996056319,78.5787076909983,18.364324499720198
person_18.mp4,front,1034,17249,59.94426331032221,848,478,138.58243820056242,139.8325077556679,159.328979443707,164.18214303122176,78.89639241553981,79.73213858288447,16.851318480809283
person_18.mp4,front,1035,17266,59.94426331032221,848,478,137.6235620064523,139.04211429513828,161.8907741285255,166.21888399030536,78.24269003327463,80.07049310841134,12.50968339285362
person_18.mp4,front,1036,17283,59.94426331032221,848,478,137.87308098152377,140.52218932238324,162.73621348184207,168.22936018780254,78.53432220528617,81.35815159230424,11.07590478392459
person_18.mp4,front,1037,17299,59.94426331032221,848,478,140.1249660838454,141.74066709285177,165.73744227825875,169.55776581147606,79.86385227915068,81.82469725019017,9.156374451099861
person_18.mp4,front,1038,17316,59.94426331032221,848,478,140.33745184830823,144.76861137966515,164.05397799153926,170.4368756127766,79.92589300983016,83.88841196439006,10.567584939867373
person_18.mp4,front,1039,17333,59.94426331032221,848,478,141.95845042321488,145.81951841427033,163.73857584102356,170.65015783749536,81.0068853708499,84.07646903456666,11.160666584080875
person_18.mp4,front,1040,17349,59.94426331032221,848,478,143.86309145577437,145.8173382031443,165.23799109617457,170.82774595267148,82.10223544355254,84.03699465883996,10.403849069583142
person_18.mp4,front,1041,17366,59.94426331032221,848,478,144.84882843628512,147.13597339107434,165.24769270010916,171.74817532647396,82.81240264335544,85.35457256883598,10.800129911195727
person_18.mp4,front,1042,17383,59.94426331032221,848,478,145.58511841701008,145.52771932608044,167.0213045672306,171.73403330179377,83.35342173992464,84.49587525468121,9.594489234788222
person_18.mp4,front,1043,17399,59.94426331032221,848,478,146.33401620228253,145.449810574319,166.44351276624275,170.77717608866212,83.93739441242829,84.60749667891459,10.79652588203066
person_18.mp4,front,1044,17416,59.94426331032221,848,478,146.9996864173025,144.6450883579702,167.18207098398014,170.41191236544591,83.58187497144756,84.09151228685829,10.802323516932338
person_18.mp4,front,1045,17433,59.94426331032221,848,478,148.0677716145742,146.37553109908848,167.4297584088152,171.25695614563256,84.26066272249085,85.15093560841164,11.07547750595105
person_18.mp4,front,1046,17450,59.94426331032221,848,478,150.1420743536079,147.304140773689,168.65723342352948,171.60746430578104,84.11707797006405,85.75774055487204,11.478151041155028
person_18.mp4,front,1047,17466,59.94426331032221,848,478,146.54803572557617,145.70371833171725,167.24422664000414,170.97053892737796,82.65731718095735,85.08067616229224,11.237443690155724
person_18.mp4,front,1048,17483,59.94426331032221,848,478,150.43982803269503,147.93993388981986,166.70875986223845,169.8755508588882,83.32506791171684,84.15539209853993,14.96828965866495
person_18.mp4,front,1049,17500,59.94426331032221,848,478,149.00752531117038,147.370721875333,165.98559436608468,169.8977265754073,82.41663041784628,83.39191095108147,15.30281053162012
person_18.mp4,front,1050,17516,59.94426331032221,848,478,148.7766693407108,148.37454401189143,165.19266733843304,170.28508694995853,81.60444044884186,83.91614533316195,15.825150239685742
person_18.mp4,front,1051,17533,59.94426331032221,848,478,147.22528243811715,146.06899117211248,164.47929112583853,168.64403988535813,80.78877851065411,82.73478423271712,15.933587729884222
person_18.mp4,front,1052,17550,59.94426331032221,848,478,148.85506543436043,146.3677292005682,165.21666952591596,168.60917944825206,81.450303293347,82.96961624834401,15.910951871387763
person_18.mp4,front,1053,17566,59.94426331032221,848,478,148.5422247808596,145.80696230021223,164.06760534374513,167.4178434411569,81.6620450119326,82.65866419170874,16.81478424942294
person_18.mp4,front,1054,17583,59.94426331032221,848,478,149.85649789470392,145.71045898072376,164.05803937402573,165.21467146812077,82.12185821783868,82.8423702010405,18.092064442125842
person_18.mp4,front,1055,17600,59.94426331032221,848,478,150.37124514673093,146.33648923557612,163.357113000327,165.2403774384676,82.36738373373795,83.44382694933483,18.720880287685123
person_18.mp4,front,1056,17616,59.94426331032221,848,478,152.08567372310804,146.68716532686,164.285158937011,165.15709301289255,83.22208480640694,83.82426341575167,18.50479035956419
person_18.mp4,front,1057,17633,59.94426331032221,848,478,151.2157128068825,146.45515506879664,163.44544000306837,164.82981883429972,82.89930396032092,83.94447275232157,18.74411284647652
person_18.mp4,front,1058,17650,59.94426331032221,848,478,153.12532266644644,147.35455471189076,163.47899970126932,164.7029454650712,84.9812256430883,85.19569641548722,18.46201757140582
person_18.mp4,front,1059,17666,59.94426331032221,848,478,153.25816850596925,147.29732391667937,163.22689430625152,164.38685785522077,85.06687788761404,85.3460368877565,18.813052485986727
person_18.mp4,front,1060,17683,59.94426331032221,848,478,154.7557683838265,148.02811716756247,163.53638545063845,164.18584441854475,86.43311172957128,86.20213618668862,18.567468912241825
person_18.mp4,front,1061,17700,59.94426331032221,848,478,154.0182781589141,147.66616560084455,163.31692370285276,164.3155015818729,86.21374831744845,86.13911180060121,18.475880798022853
person_18.mp4,front,1062,17716,59.94426331032221,848,478,153.91751696267247,147.71415443844944,162.379377881818,163.82451972206147,86.04057546556999,86.20603956417598,19.244648377769735
person_18.mp4,front,1063,17733,59.94426331032221,848,478,154.377291930382,147.8043161730207,162.09147065135912,164.33978241578777,85.58274659383778,85.12812837083428,20.407448548235145
person_18.mp4,front,1064,17750,59.94426331032221,848,478,155.29409745176008,149.33333039944762,162.44773759801072,164.6550218825223,86.73311452567654,86.33674078931807,19.916227158416014
person_18.mp4,front,1065,17767,59.94426331032221,848,478,155.90395321746234,148.84443798868134,162.50733790759057,165.21414571984508,86.4680451371778,85.10295862836618,20.502986994724935
person_18.mp4,front,1066,17783,59.94426331032221,848,478,156.5566443002371,151.0352842908431,162.58709090183496,165.1494241265277,87.3702310442874,86.9217550589704,20.327017228696537
person_18.mp4,front,1067,17800,59.94426331032221,848,478,156.05024491847175,148.95588775853236,161.9761052024154,163.68136930169214,87.28416213562663,85.53570908519171,21.224076711052245
person_18.mp4,front,1068,17817,59.94426331032221,848,478,154.92573962694757,149.87792013642135,161.71770458529406,163.00576007333945,87.48940659272301,87.50520314372118,20.529565141341745
person_18.mp4,front,1069,17833,59.94426331032221,848,478,153.36041622607297,149.20656048022667,161.92046417695286,162.1828514627893,86.02609539851393,86.52844711912478,21.16325208230572
person_18.mp4,front,1070,17850,59.94426331032221,848,478,153.80498724991594,149.50311089781852,161.8792489829875,162.63942801471524,86.54734771668518,87.05881059046047,20.758568985046978
person_18.mp4,front,1071,17867,59.94426331032221,848,478,154.47955872924695,149.42579786991624,162.0383606238761,162.8955160824351,86.52769502912243,86.74732496646774,21.096257356975162
person_18.mp4,front,1072,17883,59.94426331032221,848,478,155.41013457974432,149.78637490558452,162.33297197060332,163.0219286308063,87.27275069628165,87.31500868183613,20.805286835468728
person_18.mp4,front,1073,17900,59.94426331032221,848,478,155.99581888846126,149.00187809194128,162.24225586107903,163.97103882011078,86.86280380067782,85.49591203449808,21.550350493406132
person_18.mp4,front,1074,17917,59.94426331032221,848,478,155.1088167237353,150.24816136151915,163.69995935873004,165.97246522885976,87.99813916419684,87.69177205457021,17.890216658917264
person_18.mp4,front,1075,17933,59.94426331032221,848,478,154.99230995562343,149.90260764901515,163.29509503428608,164.86865383287167,87.9053420607384,87.45377957148177,18.62366331958192
person_18.mp4,front,1076,17950,59.94426331032221,848,478,154.70356712383187,149.54661473210226,163.08051976920456,164.11984209034364,87.67960496312809,87.15983155071544,19.009884712219254
person_18.mp4,front,1077,17967,59.94426331032221,848,478,154.03612302097903,149.32260039110932,162.68462784257932,163.6443007032925,87.15313072187179,87.16268969618926,19.520809855447236
person_18.mp4,front,1078,17983,59.94426331032221,848,478,153.79693433249415,148.66771107792482,162.07508144986048,163.1255034698138,87.016554857777,86.67244249177884,20.165662758619426
person_18.mp4,front,1079,18000,59.94426331032221,848,478,153.38438680317958,148.4759184232086,161.5330361128585,162.79258715349255,86.82737934238195,86.51873770114238,20.51765154031723
person_18.mp4,front,1080,18017,59.94426331032221,848,478,154.04700223392695,148.78494121549198,160.92951544850817,163.2836924604452,86.7468089568115,86.29783603147862,21.315820542428412
person_18.mp4,front,1081,18033,59.94426331032221,848,478,153.1086121567922,148.68420894366702,160.30343205352506,163.22743416112485,86.59880578149969,86.51952437632382,21.14277823415597
person_18.mp4,front,1082,18050,59.94426331032221,848,478,152.8676934194022,147.30019859619966,161.50652457841187,163.04316579323708,84.95986395714017,84.46771640832186,21.639511764610404
person_18.mp4,front,1083,18067,59.94426331032221,848,478,153.09388211218658,149.50882965422642,161.21762472729725,163.93178165217049,86.35991825384143,87.22766570046453,19.881962195477787
person_18.mp4,front,1084,18083,59.94426331032221,848,478,153.2019797638478,148.0002531050267,161.3999606114483,163.7070430410122,85.9963369072633,85.32277304611917,20.59717264302839
person_18.mp4,front,1085,18100,59.94426331032221,848,478,152.96360763818822,148.7523881888916,160.98522029104518,163.4327384754792,86.20241964959835,86.25638421063198,20.584293668534084
person_18.mp4,front,1086,18117,59.94426331032221,848,478,152.08437739014954,147.4676859287574,161.67363633574908,162.9905243563892,84.64504039953202,84.7941737454977,21.302985491086364
person_18.mp4,front,1087,18134,59.94426331032221,848,478,154.67833154209163,148.14887028296081,160.92232700490263,163.12783931602678,87.59503277666917,85.62260584266362,21.121987934728114
person_18.mp4,front,1088,18150,59.94426331032221,848,478,154.18938425907416,148.38384283708442,161.32085462994007,162.9482900284327,86.7065037153734,85.60741623942957,21.363558118830564
person_18.mp4,front,1089,18167,59.94426331032221,848,478,155.35916077720873,149.87424798801214,161.51077337572013,163.14510457145101,87.75075692611959,87.13544743808323,21.146797546996602
person_18.mp4,front,1090,18184,59.94426331032221,848,478,154.534677271221,149.66431246292964,161.9340886432263,162.98234064466482,86.88738536093574,86.77750912432195,20.96876360687263
person_18.mp4,front,1091,18200,59.94426331032221,848,478,154.65673483828647,149.63196779382514,163.0811072141702,162.9748033760631,86.96063792187893,86.98833034558237,20.15101911549717
person_18.mp4,front,1092,18217,59.94426331032221,848,478,154.6677627967269,149.57312275758628,163.18849308932448,163.59463629743226,86.95247557254385,86.97275943021567,19.772704582341085
person_18.mp4,front,1093,18234,59.94426331032221,848,478,156.36418100648098,149.91269769818257,164.35119217016657,164.80918142188875,87.53003284373348,87.170136735913,19.147529547603508
person_18.mp4,front,1094,18250,59.94426331032221,848,478,156.29571616344913,149.07417144694105,163.3412384383915,165.30074579616038,87.444090703421,85.60185780522066,20.077636742231974
person_18.mp4,front,1095,18267,59.94426331032221,848,478,155.3309822915718,150.77919333224327,163.0801337379328,165.63431848216402,87.73752121109435,87.97059443453165,18.81380609297863
person_18.mp4,front,1096,18284,59.94426331032221,848,478,155.74467793198076,150.61590440292636,163.65981669874094,165.3490100359307,87.59846930559196,87.82985382742922,18.994532738931785
