video,view,frame,timestamp_ms,fps,frame_width,frame_height,left_knee_angle_deg,right_knee_angle_deg,left_hip_angle_deg,right_hip_angle_deg,left_ankle_angle_deg,right_ankle_angle_deg,trunk_angle_deg
person_19.mp4,front,0,0,59.94422845976918,848,478,145.47563213870058,146.9051078607274,171.59283885882974,173.58033732931668,76.10501704430682,72.35333381948044,20.834293689438233
person_19.mp4,front,1,17,59.94422845976918,848,478,147.64443447347085,148.2944202214463,171.50056558478485,174.43076688291399,78.14800743561248,74.45859678502916,18.8625632446652
person_19.mp4,front,2,33,59.94422845976918,848,478,148.89752684001323,149.05782542877284,171.34740930224493,174.11489757980692,78.92064221682308,75.83524010217123,18.783351215501487
person_19.mp4,front,3,50,59.94422845976918,848,478,149.15281448963566,148.91816190194325,171.76469997724544,173.9823816951544,79.22853405790326,76.21619468114922,18.489617500820994
person_19.mp4,front,4,67,59.94422845976918,848,478,147.76881226891462,148.2754723954433,170.71893916838803,174.0376556286872,78.39360510179849,75.73063523918837,18.361483523592657
person_19.mp4,front,5,83,59.94422845976918,848,478,146.6407864886638,147.27403091953283,171.1017145154259,173.5126760174979,77.5827530901099,75.78973065419684,17.975477486906986
person_19.mp4,front,6,100,59.94422845976918,848,478,144.19028396893106,146.5172079314962,169.30630532462968,173.31359015242654,76.41326888978244,75.23233083419082,18.11983454010285
person_19.mp4,front,7,117,59.94422845976918,848,478,143.90724231907376,146.23920910250078,169.3837249316895,173.1490486469918,76.0013950500675,75.17422985335524,18.31656365077209
person_19.mp4,front,8,133,59.94422845976918,848,478,144.5769871054888,146.28247824051067,169.29225624027885,172.7186701920813,76.48698504943593,75.36160525999595,18.389889106040194
person_19.mp4,front,9,150,59.94422845976918,848,478,144.79790401343917,146.17536029820494,169.52726762559394,172.78078107592464,76.5353599431616,75.29304314307241,18.334640561623576
person_19.mp4,front,10,167,59.94422845976918,848,478,142.9446589050642,145.44541455089697,168.13644297051863,172.19877748680057,75.66626122221493,74.87188594267944,18.74488213215201
person_19.mp4,front,11,184,59.94422845976918,848,478,142.50564338348894,145.37219546209815,167.95250848077882,172.29263877283586,75.3804803880795,74.64166020799377,18.784718509375928
person_19.mp4,front,12,200,59.94422845976918,848,478,142.2755255224447,144.93271628893115,167.56730883913934,171.7248660662371,75.29542885837024,74.31945164272508,18.844877434936233
person_19.mp4,front,13,217,59.94422845976918,848,478,141.6098536308749,144.22164126145967,168.29767294391712,171.81781853956957,74.51916593178056,74.44524202537781,18.820465201082985
person_19.mp4,front,14,234,59.94422845976918,848,478,143.0574524758019,145.09179766676127,168.28887035210437,171.63825952378366,74.92835443294932,74.87996876994765,18.814138440360885
person_19.mp4,front,15,250,59.94422845976918,848,478,141.69952813625696,145.2303198739233,167.1290233986225,171.66747114533686,74.60153653946769,75.2805384623562,18.834989406973076
person_19.mp4,front,16,267,59.94422845976918,848,478,142.12970584920402,145.297812055698,166.84582515705992,171.79953720324923,74.83825125839468,75.28126958404626,19.20997673884867
person_19.mp4,front,17,284,59.94422845976918,848,478,142.44388987824684,145.2163610249612,166.97648300425,171.64090698631946,74.82336657062288,75.2297303571669,19.315934348882276
person_19.mp4,front,18,300,59.94422845976918,848,478,142.42216263376292,145.3473983942145,167.62476486579774,171.81560342474404,74.98217334999008,75.32211695284374,18.959917560014595
person_19.mp4,front,19,317,59.94422845976918,848,478,141.5071236138936,144.3131006455545,166.48668504381635,171.57248013110123,74.54446648747256,74.14272428796096,19.332388774800318
person_19.mp4,front,20,334,59.94422845976918,848,478,142.45876417083434,144.72447393477185,166.9139172558258,171.64418393002444,75.31609859708307,74.73930747684433,19.160240010866463
person_19.mp4,front,21,350,59.94422845976918,848,478,142.8100505436799,144.82256106675348,167.4655791981343,171.53092192150626,75.40343184540953,74.91481523005375,19.03941041326182
person_19.mp4,front,22,367,59.94422845976918,848,478,140.73728228695865,143.69556886368088,165.98472397254497,171.70913625055044,74.47599812691153,73.45380328815727,19.16334738822492
person_19.mp4,front,23,384,59.94422845976918,848,478,141.0912593695088,143.7092142993953,166.27882510925542,170.82393359134107,74.90389377467878,74.0854793437215,19.075746300248714
person_19.mp4,front,24,400,59.94422845976918,848,478,140.99551293879335,143.27278571442767,165.7347059175106,171.18399390608647,74.47534986288146,73.45770620672494,19.579685479358663
person_19.mp4,front,25,417,59.94422845976918,848,478,141.2576283887071,143.81623523414976,166.7658469915649,170.76500497495542,74.61552244032701,74.3725984494416,19.066065660011418
person_19.mp4,front,26,434,59.94422845976918,848,478,141.70169438030857,144.4628658294293,166.4992194719939,171.98038182223206,74.27752005663449,73.82451655729005,19.27764742569642
person_19.mp4,front,27,450,59.94422845976918,848,478,142.14754695494005,144.9840114586404,166.92590270388462,171.40934663424738,74.51374838530266,75.1056302546206,19.01536000769371
person_19.mp4,front,28,467,59.94422845976918,848,478,143.31744678913253,145.59510416930863,167.59576190726378,171.782999773792,74.99218538902666,75.49931410725043,19.14936321782149
person_19.mp4,front,29,484,59.94422845976918,848,478,143.35226291066454,145.48279506175777,167.5037275732772,171.75168601203893,74.93588902211727,75.46678387732345,19.233492175385305
person_19.mp4,front,30,500,59.94422845976918,848,478,144.3411729224146,145.68418304098296,167.6849477803544,171.83199254166027,76.00079708411916,75.86881243198158,19.059170840303572
person_19.mp4,front,31,517,59.94422845976918,848,478,144.26309522976484,145.39655488970726,167.84877301052398,171.73329994801097,75.68672021824949,75.65286078423131,19.144332919710617
person_19.mp4,front,32,534,59.94422845976918,848,478,142.87252154225743,144.46322396274292,167.86676561501852,172.09212413681402,74.87876456438657,74.84399598718664,19.144949677184172
person_19.mp4,front,33,551,59.94422845976918,848,478,143.6656279625594,145.21990158653446,168.10319975673062,172.0775231559739,75.12775208568848,75.40178792854172,19.127807566283803
person_19.mp4,front,34,567,59.94422845976918,848,478,143.66483113640248,145.177193449426,168.10839735618876,171.9040663150646,75.1281408461481,75.24444221092513,19.13747449694335
person_19.mp4,front,35,584,59.94422845976918,848,478,142.83649333030877,144.87513173397906,167.5361454411087,171.80701127665446,74.86318367149359,75.16003617109052,19.202161418458527
person_19.mp4,front,36,601,59.94422845976918,848,478,142.76759691473194,144.47133503544987,167.68804804653692,171.8942518441444,74.69040916401735,74.69304417485955,19.199000797194294
person_19.mp4,front,37,617,59.94422845976918,848,478,142.16159169664402,144.3759874544289,167.16455502633073,171.50112925604924,74.62068355847806,74.60373184136338,19.530966744406705
person_19.mp4,front,38,634,59.94422845976918,848,478,142.4510922349416,144.42129042469105,167.33982464111338,171.47592955843677,74.71477450760541,74.66701562074373,19.555351916906297
person_19.mp4,front,39,651,59.94422845976918,848,478,143.1426261875873,144.63504049864557,167.42055210554508,171.68492676631948,75.3141706247304,74.84511594091232,19.41856527169744
person_19.mp4,front,40,667,59.94422845976918,848,478,142.75116983570132,144.10939050345416,167.40059940129203,172.16161294517252,75.47167970962947,74.5941903962326,19.396284035896503
person_19.mp4,front,41,684,59.94422845976918,848,478,144.43559354740262,145.3416073143232,167.72792295188393,172.1544993794104,76.30914919068496,75.64310722214968,19.498480887097198
person_19.mp4,front,42,701,59.94422845976918,848,478,144.60487850320416,145.9066188680756,167.92695298119605,172.81154498504029,76.525442797571,75.31012223302997,19.409547898554838
person_19.mp4,front,43,717,59.94422845976918,848,478,144.25573875149422,145.68153678593,167.91001177585187,173.0235369687265,76.0337805208275,74.60192951817041,19.40853727546797
person_19.mp4,front,44,734,59.94422845976918,848,478,144.32554011831544,146.0569115161747,168.73222707768787,173.06659971007227,76.09967519905297,74.83664353317896,18.940955116727622
person_19.mp4,front,45,751,59.94422845976918,848,478,144.43801014206392,146.21206243999984,168.18409813632437,172.82137535597403,75.96561619013485,74.51972418144622,19.231926609899016
person_19.mp4,front,46,767,59.94422845976918,848,478,145.3883151239356,147.09427935092174,169.6491725523368,172.4572567682419,76.80324362329958,75.99461667740485,18.50583037069372
person_19.mp4,front,47,784,59.94422845976918,848,478,145.32063521002044,146.71388700896364,168.8791932575546,172.30758031061535,76.73026238411333,75.88229535913064,18.911992912435114
person_19.mp4,front,48,801,59.94422845976918,848,478,145.76663248043005,146.8042059416904,169.3982147240405,171.79832520589315,77.28960350899385,76.20807585074286,18.77383423126927
person_19.mp4,front,49,817,59.94422845976918,848,478,145.01631317287178,146.53003719818517,168.30091729532109,171.60963467819388,76.47257299587373,76.11467669244067,19.416233110132907
person_19.mp4,front,50,834,59.94422845976918,848,478,145.42709202723063,146.42968560157328,168.75293488285476,171.20454689025553,76.90396809151908,76.0790464395963,19.280583597233576
person_19.mp4,front,51,851,59.94422845976918,848,478,145.49929269123928,146.63320443799282,168.97318313709977,171.71138576601092,76.85132558856439,76.3515696151185,19.025486917961864
person_19.mp4,front,52,867,59.94422845976918,848,478,145.687706383493,146.83109292959315,169.52642131031638,171.36387107658584,77.04482178415358,76.24152367050243,19.107571396938543
person_19.mp4,front,53,884,59.94422845976918,848,478,145.15216344221818,146.49557759507832,169.0863446782599,171.19290901767056,76.63281806708109,75.97147099791111,19.1811046937328
person_19.mp4,front,54,901,59.94422845976918,848,478,145.2219074615412,146.26110797153123,169.19446711816968,170.9968040909007,76.83432606595613,76.15339859972092,18.90068089446748
person_19.mp4,front,55,918,59.94422845976918,848,478,145.4121584330319,146.25594324098623,169.10698353274506,171.0824417072156,76.79827120611128,76.15342389962473,18.92286660828479
person_19.mp4,front,56,934,59.94422845976918,848,478,145.17177763688227,145.50591672715942,169.30024649748995,170.62189472223147,76.92696030118906,76.0517098309907,18.60585778641456
person_19.mp4,front,57,951,59.94422845976918,848,478,145.6098656113357,145.69447130348414,169.05815031848056,171.17694761057294,76.94087254853609,75.68136457075028,18.873002327471045
person_19.mp4,front,58,968,59.94422845976918,848,478,145.47399376951026,145.31559946724545,169.09783009604422,170.31501873669612,77.00932665053595,75.78131300197309,18.80467165396324
person_19.mp4,front,59,984,59.94422845976918,848,478,145.61263672803042,145.33240037036373,169.71561100643285,170.36977560135952,76.56842936667596,75.76651166910635,18.861646828990967
person_19.mp4,front,60,1001,59.94422845976918,848,478,145.57469252374275,145.33470358323487,169.9135459003761,170.51347261805293,76.5523945893596,75.83714934763148,18.70061738703995
person_19.mp4,front,61,1018,59.94422845976918,848,478,144.92674041050304,144.75176686032637,169.67164621283234,170.60708194296487,75.829915992974,75.14077170478988,18.811096982772508
person_19.mp4,front,62,1034,59.94422845976918,848,478,142.9961905978469,143.6221590834575,167.5165440591304,171.43835694376267,74.98180246041137,73.71557073595312,19.422338283515238
person_19.mp4,front,63,1051,59.94422845976918,848,478,142.48401886897472,143.02329937708674,166.84047898271646,170.12109031655478,74.75170571198326,73.55665440178923,20.304912344415502
person_19.mp4,front,64,1068,59.94422845976918,848,478,142.5319380839103,143.4694248487898,166.1112471081829,170.7019135456967,74.70621607243162,73.50876924829205,20.55276079128028
person_19.mp4,front,65,1084,59.94422845976918,848,478,143.25745906125942,144.05861448162702,166.21096086438388,171.14011602651706,75.0310187054665,73.84593496494698,20.365653999549792
person_19.mp4,front,66,1101,59.94422845976918,848,478,142.34570237495453,143.95750378313642,165.80772008757992,171.3396753434456,74.40989825878344,73.72211231573344,20.523875208452875
person_19.mp4,front,67,1118,59.94422845976918,848,478,143.45275848531978,144.44772506930556,165.9017501017758,171.44327233709376,75.67445180100925,73.82540663423295,20.518161213281278
person_19.mp4,front,68,1134,59.94422845976918,848,478,143.58084234427724,144.5319459198819,166.2858128113663,171.14785728628237,75.33562293259801,73.76243647615765,20.774002196197387
person_19.mp4,front,69,1151,59.94422845976918,848,478,144.674434465193,145.7994661404818,166.60126084197023,171.66250034493467,75.85967441448979,74.2514882445768,20.762740545886064
person_19.mp4,front,70,1168,59.94422845976918,848,478,142.57406079894633,144.8068694298921,166.4535751116181,171.3447684347045,74.04337071310133,72.87797639037584,21.276102365961034
person_19.mp4,front,71,1184,59.94422845976918,848,478,145.33163413506597,145.87096843647717,167.05781906234944,172.37411081142653,75.68507261588583,73.41918344171414,20.779607138216686
person_19.mp4,front,72,1201,59.94422845976918,848,478,143.0291227959786,144.820194457803,166.5880082462462,171.8308561635643,74.07700509032873,72.91596941459842,20.832366363695034
person_19.mp4,front,73,1218,59.94422845976918,848,478,143.80431197076618,145.1225595778355,167.0073708449186,171.68454645070005,74.40724606536811,73.0932640581593,20.951835057481418
person_19.mp4,front,74,1234,59.94422845976918,848,478,143.77776536772578,145.10578775220648,166.72960427084473,171.82582865157607,74.32579239463618,72.6559772855901,21.13315206351451
person_19.mp4,front,75,1251,59.94422845976918,848,478,145.21070341888392,145.48879771577077,166.72781595527445,172.02861302632456,75.04329058965462,72.43029716345357,20.956255147718448
person_19.mp4,front,76,1268,59.94422845976918,848,478,144.36068185892813,145.99797762315924,165.91289083901196,172.23263896338048,74.82422581678381,72.65650440176658,20.908614455730568
person_19.mp4,front,77,1285,59.94422845976918,848,478,144.22804244394737,146.41719822053705,165.43493142233046,172.3969325574747,75.25575580374225,72.83296952070975,20.84353287663685
person_19.mp4,front,78,1301,59.94422845976918,848,478,143.8120335206492,146.75873978730544,164.38070909536475,172.20407619800622,75.58514699840333,72.92147314600624,20.811412594354934
person_19.mp4,front,79,1318,59.94422845976918,848,478,138.94335071088219,146.12032531360703,160.88282423339547,171.89415057510206,74.15741598743844,72.57522486036508,20.802065767245924
person_19.mp4,front,80,1335,59.94422845976918,848,478,137.07410921494971,144.96052952884847,159.34135237399366,171.41639640407737,73.74951962856353,72.20832490037179,20.480768169314313
person_19.mp4,front,81,1351,59.94422845976918,848,478,136.93043977693898,143.4820255316842,158.1638066501836,170.2033481142581,74.77115248264185,72.19969095024386,20.4259245401464
person_19.mp4,front,82,1368,59.94422845976918,848,478,136.3333857827924,140.89880978194813,157.8438532639501,166.5959245468499,75.15229737306973,73.28003991681894,20.17101131405813
person_19.mp4,front,83,1385,59.94422845976918,848,478,138.41709116365328,138.8653901852073,158.84310364138298,164.87649859707767,76.55456978239879,74.10417257151641,19.73651679930184
person_19.mp4,front,84,1401,59.94422845976918,848,478,136.82838244935158,138.52808076487253,158.0711191866748,164.90281165423113,75.92470868318142,73.41281321144906,19.821483977204135
person_19.mp4,front,85,1418,59.94422845976918,848,478,135.71143359289977,136.26867419380162,156.53097714269578,162.9937410631403,75.92280541140167,73.29943723522214,20.172282242040794
person_19.mp4,front,86,1435,59.94422845976918,848,478,136.34699565800562,135.640616773726,157.50677525762643,162.1371176229976,75.94482161655257,73.73830824067429,20.234915174921817
person_19.mp4,front,87,1451,59.94422845976918,848,478,136.58809365308565,131.18802358177376,155.69056148550823,156.7669938347134,77.42307833984782,74.30333877603039,20.248864856275972
person_19.mp4,front,88,1468,59.94422845976918,848,478,138.42046567280195,132.63406397764197,157.8758669342227,157.38139641018296,78.04623951838205,75.0012519238047,19.71033904634406
person_19.mp4,front,89,1485,59.94422845976918,848,478,138.13799112258738,133.78627845652733,159.67307367735094,159.4478332554219,77.66969123878658,74.41238344949704,18.818935381420744
person_19.mp4,front,90,1501,59.94422845976918,848,478,139.21929229979295,129.60418903803324,157.94754785185287,153.71297347405954,79.31791333278467,75.5073635493432,19.145966978309865
person_19.mp4,front,91,1518,59.94422845976918,848,478,137.6178713892321,130.50970205436704,158.4876825714486,153.5843251870335,77.56478352614253,76.62993163108358,19.031942698589166
person_19.mp4,front,92,1535,59.94422845976918,848,478,136.96054281263432,128.7807658501476,158.78252731946776,152.41170650860312,76.8904175750074,75.8514982810878,19.036747633146195
person_19.mp4,front,93,1551,59.94422845976918,848,478,138.8976775901049,123.14164088053468,160.93105127013493,143.99581472538569,76.77457291548119,76.90959500670955,19.749463856631234
person_19.mp4,front,94,1568,59.94422845976918,848,478,130.0773030948017,116.89796949067365,154.99705714988193,141.72034135150136,73.16239341911314,73.27303938161769,20.218264307273156
person_19.mp4,front,95,1585,59.94422845976918,848,478,130.29298436016873,116.28287778219592,154.6781490052213,140.30492572825688,72.94280810261989,74.02507572672035,20.591840767263054
person_19.mp4,front,96,1601,59.94422845976918,848,478,129.44794986543988,115.53564918351265,152.58514634021893,138.6921305795007,73.63624916315224,74.76019109966326,20.588946269901097
person_19.mp4,front,97,1618,59.94422845976918,848,478,121.58178084514715,110.26133427083462,145.7217016688879,133.70127357242788,73.11832144230443,74.06402988293844,20.593938628509342
person_19.mp4,front,98,1635,59.94422845976918,848,478,115.4915556524219,103.9275305777446,138.5628909929811,126.34059794873674,73.81081510007647,73.84685769541171,20.839423438861267
person_19.mp4,front,99,1652,59.94422845976918,848,478,114.64119676972965,104.31423818671627,139.04659186251973,126.60647368595863,73.65452588076725,74.43264329981928,20.52166405681932
person_19.mp4,front,100,1668,59.94422845976918,848,478,114.41426038926593,96.52534252935386,141.77323299877386,117.1471244882483,71.53413409711646,76.64688045747047,19.649290093563188
person_19.mp4,front,101,1685,59.94422845976918,848,478,110.8513954063409,93.02762061698603,140.1324349787754,114.52390873262762,71.60991958701322,76.20252947797438,18.969909952877874
person_19.mp4,front,102,1702,59.94422845976918,848,478,95.85238038490124,84.04061429091725,127.21967323922412,107.3745359790414,70.33408607753637,74.2887662809149,18.63997101135581
person_19.mp4,front,103,1718,59.94422845976918,848,478,89.99079149905471,79.8145517980155,122.21346905400296,103.7243003594056,68.54290822598357,72.42705637082791,18.96265707116977
person_19.mp4,front,104,1735,59.94422845976918,848,478,82.96738925333196,77.51129235092225,113.27247594541554,101.86309662217519,69.3525673399339,72.59671447119574,18.968134345202856
person_19.mp4,front,105,1752,59.94422845976918,848,478,82.59307784659406,77.59144108464754,111.9238469472573,100.36769592950306,70.1934204178993,73.88394953510118,19.154387679578836
person_19.mp4,front,106,1768,59.94422845976918,848,478,82.12133277486494,77.27006903469588,110.79454627530232,100.10548477474696,70.71924594450505,74.23833262570614,19.215130999118937
person_19.mp4,front,107,1785,59.94422845976918,848,478,76.72725820172842,73.4014486987509,105.79287505026525,96.81481420978533,70.74767894667973,73.61052692989169,18.668805583878115
person_19.mp4,front,108,1802,59.94422845976918,848,478,75.77653126860757,72.64125319426357,106.4375849930597,97.08716696651133,69.5045590361784,73.15654243804615,18.608610265689943
person_19.mp4,front,109,1818,59.94422845976918,848,478,76.04183805026341,73.31614412283092,103.9471082647319,96.14884735789865,71.61337959965422,74.92577907682605,18.865148975304315
person_19.mp4,front,110,1835,59.94422845976918,848,478,74.42374611225053,70.88672683922347,106.44445872539694,96.32225567217434,70.0573756528257,73.13296784948884,17.465502532540665
person_19.mp4,front,111,1852,59.94422845976918,848,478,74.5965019528391,71.98882741697237,104.06076993879945,96.10732322296792,70.78782955907553,73.63290422409804,18.105762994229043
person_19.mp4,front,112,1868,59.94422845976918,848,478,73.51564186195452,70.48788155221328,102.7012888507492,94.88762083683795,70.43870897055633,72.98282744977249,18.42310561707629
person_19.mp4,front,113,1885,59.94422845976918,848,478,72.4765230008859,70.55869213219417,101.19684215968272,95.41561786088114,70.72332204474067,73.57186325810228,17.900991208426348
person_19.mp4,front,114,1902,59.94422845976918,848,478,71.94363721354685,69.11818318097015,105.05281109158109,97.40650291730677,69.94111953592025,72.80041762927134,15.575544758563572
person_19.mp4,front,115,1918,59.94422845976918,848,478,68.5865025916854,65.87071403939812,103.89896218950554,94.99815850387758,67.18416517094985,70.1557218808429,16.337695188173885
person_19.mp4,front,116,1935,59.94422845976918,848,478,66.53725571332228,64.34732557361652,104.40156581965698,94.8373402924037,66.15438345098485,69.16876588442355,15.539692913052317
person_19.mp4,front,117,1952,59.94422845976918,848,478,65.23295399075377,63.80879388658777,103.72106357893409,95.54331134602664,65.32897329448207,68.3484393499269,15.978335321323454
person_19.mp4,front,118,1968,59.94422845976918,848,478,66.48358579252964,63.924148271911506,108.5989290186562,98.4347260776445,64.69332245564013,68.7618890614145,12.709628126614396
person_19.mp4,front,119,1985,59.94422845976918,848,478,65.87946700464715,64.18783919143056,108.3128139748003,99.4965466081272,65.50694417687976,69.55419907191659,11.684194510925966
person_19.mp4,front,120,2002,59.94422845976918,848,478,66.51529517243299,65.0935861775831,107.11117348296355,99.72439316818514,67.54286965255677,70.79349660961387,11.59665712512508
person_19.mp4,front,121,2019,59.94422845976918,848,478,64.09400367255033,62.86441146641634,104.7631995315371,97.8077449020999,65.93590662279847,69.2655641331251,12.934199289572772
person_19.mp4,front,122,2035,59.94422845976918,848,478,66.27718895806662,64.46189473039992,105.74707166306978,100.0455956854225,67.81806133442565,71.10121551070604,11.730705981476001
person_19.mp4,front,123,2052,59.94422845976918,848,478,65.44644648237136,63.622261769502224,107.76960562267642,101.36271782120349,67.18365235416472,70.70779851375268,9.961576418736021
person_19.mp4,front,124,2069,59.94422845976918,848,478,64.86365911168251,62.68379982406977,107.99337689759523,101.2231588365667,66.03971818243099,69.01967648290484,10.129395414667048
person_19.mp4,front,125,2085,59.94422845976918,848,478,64.70103801990693,63.02446621269029,107.76642895609514,101.01701029863774,67.35225325538921,70.96446744056828,9.305041323750785
person_19.mp4,front,126,2102,59.94422845976918,848,478,64.32710667994434,63.04128345926003,107.92727155287619,101.7816491186807,68.25202300504563,72.17343609708813,8.112651345684082
person_19.mp4,front,127,2119,59.94422845976918,848,478,64.5318740102719,62.24369302004966,108.6749264007512,101.754422580753,69.4665788383002,69.10260772688036,8.07336075159042
person_19.mp4,front,128,2135,59.94422845976918,848,478,63.781983067716595,60.56634268178481,109.12032754406678,102.24277310900735,71.27125051998921,68.89322638439624,7.262065996637953
person_19.mp4,front,129,2152,59.94422845976918,848,478,63.54085090267062,60.118287427425436,111.76728418488663,104.47695504130364,71.98458748754547,69.43412893911375,4.639698858084501
person_19.mp4,front,130,2169,59.94422845976918,848,478,61.944200786224805,58.05689133516494,109.13565312697833,101.61692610091173,71.62633292393437,68.26523392963799,6.4417769700833745
person_19.mp4,front,131,2185,59.94422845976918,848,478,60.39130779811029,57.1206691010577,108.75329567259949,102.30017288518394,69.95750120484432,68.5829212249092,5.65519507725904
person_19.mp4,front,132,2202,59.94422845976918,848,478,58.60826467160542,56.723926206215104,107.5898075857633,100.43809703351084,68.20338667378243,68.52065702305214,6.556896799761731
person_19.mp4,front,133,2219,59.94422845976918,848,478,57.85243977668867,56.24138877350694,106.8168546731873,99.77866265206623,67.9527705902981,69.96334987346594,6.980948169032564
person_19.mp4,front,134,2235,59.94422845976918,848,478,55.040778926378884,52.28854454632301,106.48121789661988,98.84131809801715,66.26345911299258,68.5695729424916,7.440026600286456
person_19.mp4,front,135,2252,59.94422845976918,848,478,54.63619365725672,52.305372844157716,105.63234028421654,98.7808514044742,65.56618991749257,67.70236029047345,7.6988603188304445
person_19.mp4,front,136,2269,59.94422845976918,848,478,54.79618552431574,52.68505627453044,105.97404039329369,100.50248206117367,65.2840574661517,69.81539323503839,6.616419149045953
person_19.mp4,front,137,2285,59.94422845976918,848,478,54.94613273855402,52.57332879556337,105.64624917211599,99.8578173598024,65.02978693490128,70.30225167561846,7.0097828254058605
person_19.mp4,front,138,2302,59.94422845976918,848,478,54.43570654741232,51.78631929513987,105.34038776681247,99.07111117401705,65.18012822573967,69.36540050477875,7.05816207527981
person_19.mp4,front,139,2319,59.94422845976918,848,478,53.29004772939738,51.51038052689847,106.42351131427922,100.52465479430998,66.15719390565602,69.35033873606383,5.882814009458266
person_19.mp4,front,140,2336,59.94422845976918,848,478,52.739771537121776,50.657808098333945,106.07541036862011,99.31690070096315,65.53992829627894,69.56234712647144,6.324267798214076
person_19.mp4,front,141,2352,59.94422845976918,848,478,52.663441603916986,50.438508984806106,107.77549794188651,100.51935738155039,66.44321831836736,69.45555906297554,5.144401229972193
person_19.mp4,front,142,2369,59.94422845976918,848,478,52.895594588356495,50.618554988619515,107.75700041207263,99.8406469537602,66.57461284021282,69.27485321428317,5.656106843731004
person_19.mp4,front,143,2386,59.94422845976918,848,478,52.54354516123242,49.87439827681518,101.54401013788626,95.34819838108484,65.96071133250307,68.60372424890245,10.40093637298661
person_19.mp4,front,144,2402,59.94422845976918,848,478,51.572643062095736,49.56815364660654,96.23946157741766,92.01260736705994,65.20935629892728,68.2361763324114,14.384594318516779
person_19.mp4,front,145,2419,59.94422845976918,848,478,51.36179961783747,49.24327318731373,97.87616109761328,92.57866056524847,65.41703948319751,67.98043814412354,13.43295768836682
person_19.mp4,front,146,2436,59.94422845976918,848,478,50.67716566703801,48.910327699779835,97.97064498884535,92.55119654274787,65.33853421454255,67.59704651707244,13.82824301950553
person_19.mp4,front,147,2452,59.94422845976918,848,478,49.57775106127063,48.75176259168593,94.77153206951105,90.22717591575622,64.19573138972717,66.88380115499628,16.259275475834926
person_19.mp4,front,148,2469,59.94422845976918,848,478,49.76175792343559,48.790971898734156,96.39013919722466,91.15352719568632,64.02059011195993,66.90196565622199,15.163223256936112
person_19.mp4,front,149,2486,59.94422845976918,848,478,48.66046408625755,48.76517150640636,96.33772554196699,91.43783826407592,64.36716851667394,66.63544448841351,14.644995753505711
person_19.mp4,front,150,2502,59.94422845976918,848,478,48.75318484280708,48.86847422017747,96.2039583156479,91.66552797245416,65.15582635864578,67.13166980527963,14.454026104009614
person_19.mp4,front,151,2519,59.94422845976918,848,478,48.420812093238546,48.73292075323692,95.66108764114136,91.19916199510993,64.75718294470863,67.05331339474479,14.969406179938405
person_19.mp4,front,152,2536,59.94422845976918,848,478,48.82596802955123,49.339591220946765,95.92544398568403,92.55552962453326,65.07698029732944,67.68388052074737,14.438952555122814
person_19.mp4,front,153,2552,59.94422845976918,848,478,49.0195074791728,49.56739087130936,96.1649356648034,92.4412361798698,64.89281027547942,67.56009501664437,14.426798479387225
person_19.mp4,front,154,2569,59.94422845976918,848,478,49.140184984419896,49.46017151073466,96.6652808725434,92.15677358717842,65.10451173852962,67.43443867379747,14.439864027750602
person_19.mp4,front,155,2586,59.94422845976918,848,478,47.85744706494793,48.335711320042954,94.58324608037829,89.75113807893983,64.81044099258763,66.544674470602,16.215632585013775
person_19.mp4,front,156,2602,59.94422845976918,848,478,49.90056635764304,50.1754529584741,95.62042761792196,90.75460738246052,65.65160712941505,68.13578130233489,15.952264475541787
person_19.mp4,front,157,2619,59.94422845976918,848,478,50.27742419836887,50.16685253953668,95.33580973460543,90.43052741616839,65.84215743360711,67.76012997558769,16.27563712461046
person_19.mp4,front,158,2636,59.94422845976918,848,478,50.391631179071354,50.23487814920624,91.85962984405145,87.45850389207263,65.45353971763627,67.85211812032925,19.503878343772772
person_19.mp4,front,159,2652,59.94422845976918,848,478,50.443527403168666,50.33258241384651,93.37273147339123,88.62562849706842,65.56408025233475,67.6286806286891,18.204956257322674
person_19.mp4,front,160,2669,59.94422845976918,848,478,50.47927054596637,50.38552057067887,90.90635150651232,86.71816182718304,65.38913756415256,67.36051158484103,20.414804483335743
person_19.mp4,front,161,2686,59.94422845976918,848,478,50.94603428750361,50.79953499570586,90.8617631206058,86.61766665848637,65.47408805691683,67.12091100815893,20.591393437915162
person_19.mp4,front,162,2703,59.94422845976918,848,478,51.20907121601591,50.99639870331231,92.3602801975597,87.94847892171828,65.66008161880346,67.38500885065423,19.29454858772186
person_19.mp4,front,163,2719,59.94422845976918,848,478,50.789204922411486,50.270751616142064,93.24487935573865,89.14068866266213,65.32971052554029,67.60916894500444,18.354193146392483
person_19.mp4,front,164,2736,59.94422845976918,848,478,51.155816692899045,50.79126226123354,96.23486579958588,92.39592691564502,66.12792118835897,67.91526033506275,15.613140686076347
person_19.mp4,front,165,2753,59.94422845976918,848,478,51.699676890994574,51.72169927244189,98.60512133846406,93.7395143063538,66.21714117858623,67.8354431107692,14.488561927793679
person_19.mp4,front,166,2769,59.94422845976918,848,478,51.87321609357169,52.19325494966365,99.5002849388865,93.93096309393249,65.59886989655266,68.81869352983038,14.131367568451168
person_19.mp4,front,167,2786,59.94422845976918,848,478,52.80621973294986,53.14874412100646,101.33647527197203,95.00934177052328,65.5330388596996,69.47977933376832,13.206526232227342
person_19.mp4,front,168,2803,59.94422845976918,848,478,54.81764236078712,54.775963389274786,105.27373236503321,97.4736949285399,66.46027088798442,69.6269418195994,10.495525954371063
person_19.mp4,front,169,2819,59.94422845976918,848,478,54.13891399355388,54.79880303053212,104.93852437175343,97.68433855096882,65.4425970405637,69.257593136249,10.524561923352156
person_19.mp4,front,170,2836,59.94422845976918,848,478,54.569143198641676,54.81887962867759,104.34683321732042,96.96921655209333,65.38559307787438,68.77678817885842,11.427660213034997
person_19.mp4,front,171,2853,59.94422845976918,848,478,54.885880035276664,54.943714304874085,108.62253724330876,99.61406630716182,65.68444211790838,68.38561697936929,8.314543721000033
person_19.mp4,front,172,2869,59.94422845976918,848,478,54.56621159252259,55.04646037671859,107.21874170251195,99.47405553815665,65.14278964162222,68.00980468764865,9.005448320474128
person_19.mp4,front,173,2886,59.94422845976918,848,478,54.81017686828816,54.56403024114552,108.43934693058237,100.077507634161,65.76997269542626,67.31689597086641,8.139586296690899
person_19.mp4,front,174,2903,59.94422845976918,848,478,54.018316077722815,54.53442532195646,107.52313494639348,100.00791510647915,65.27933073227635,66.7880932092378,8.704705822803797
person_19.mp4,front,175,2919,59.94422845976918,848,478,53.68089281157341,54.44988886309813,107.644484926044,100.69394342857592,64.54111210394795,66.32538386210099,8.053127750331532
person_19.mp4,front,176,2936,59.94422845976918,848,478,54.09417273168206,54.768525002212144,107.04486306251218,98.58409269566111,63.71116196194362,65.80586740584084,9.591572407370215
person_19.mp4,front,177,2953,59.94422845976918,848,478,53.785355803820764,54.62856308597758,107.75437303177392,97.98498741330344,62.12784397551915,64.56470374667397,10.20211123722678
person_19.mp4,front,178,2969,59.94422845976918,848,478,54.21571833300253,55.20193025077446,108.61119933770033,98.06504454140787,61.43791964643704,64.58957120861356,10.273585290141511
person_19.mp4,front,179,2986,59.94422845976918,848,478,53.7858173210346,54.70668471905267,105.17035152488785,92.03116856311327,60.22327834501591,63.0460471815761,14.214712309008673
person_19.mp4,front,180,3003,59.94422845976918,848,478,55.8499681903307,56.35284565186612,107.8768133760549,93.92765717666666,60.88601678860192,65.07877120353177,13.131859572756039
person_19.mp4,front,181,3019,59.94422845976918,848,478,56.4695089542793,57.454354594440545,107.90399655539986,94.81875784365295,60.69820508529196,65.91697368923016,12.995175088685862
person_19.mp4,front,182,3036,59.94422845976918,848,478,57.52523035394116,58.62569493050042,108.76869452680847,95.99215912645793,61.6878348344107,66.63467112179187,12.299743460198957
person_19.mp4,front,183,3053,59.94422845976918,848,478,57.84002944980509,58.96837336446181,107.54467288884908,94.57408933142756,61.56877639753397,66.32559877125863,13.807438761514042
person_19.mp4,front,184,3070,59.94422845976918,848,478,59.25012540258731,59.7124178451488,106.80543232262289,94.01663089068131,62.7113212088112,67.12481438771258,14.926767652607074
person_19.mp4,front,185,3086,59.94422845976918,848,478,60.693754676170165,62.175805853461576,107.12412171730504,95.81191833507611,63.97787875703201,69.32619101632253,14.545715185934249
person_19.mp4,front,186,3103,59.94422845976918,848,478,61.09407135620404,63.19938856592435,107.67525003652536,96.92781853235294,63.36602897311059,69.37965159792651,14.300359788363389
person_19.mp4,front,187,3120,59.94422845976918,848,478,61.85843088270536,63.56798648745352,106.85100791733329,95.79881626169907,63.32191443413138,68.05798626114002,15.967720977751442
person_19.mp4,front,188,3136,59.94422845976918,848,478,61.809239030818965,63.227651571346264,105.71308103779737,95.477837794108,63.49724277711175,66.91256335940147,17.07255368904426
person_19.mp4,front,189,3153,59.94422845976918,848,478,61.98405514230167,63.002399485974436,106.37493633229195,97.04728876397265,63.96924792902375,66.50013596258188,16.07173660131446
person_19.mp4,front,190,3170,59.94422845976918,848,478,62.259217454951354,64.00286265874908,112.0936196796222,104.42327213220406,64.75920256317701,67.98118804465227,9.508852541349704
person_19.mp4,front,191,3186,59.94422845976918,848,478,62.16012624345168,63.91388120540331,106.78125207723583,101.17658591607254,65.04521764576234,67.71761656404033,12.335902525010379
person_19.mp4,front,192,3203,59.94422845976918,848,478,61.28799795395843,62.544898537138494,99.33489744522925,95.78934654559231,64.3256637387287,66.817411145675,17.769198611871495
person_19.mp4,front,193,3220,59.94422845976918,848,478,62.14331098869602,62.66079991633405,98.04287864691932,94.81222340721357,65.21780647084469,67.34921930327341,19.292929926449194
person_19.mp4,front,194,3236,59.94422845976918,848,478,62.949691579714795,63.014562773338405,94.26378352448556,90.53891211957611,64.9975056192884,67.32215808902441,23.472476206862936
person_19.mp4,front,195,3253,59.94422845976918,848,478,65.2915836493071,65.67528490382992,99.17187860031801,95.22186331279453,68.61458931019406,68.73862385745859,20.16978716409512
person_19.mp4,front,196,3270,59.94422845976918,848,478,65.70741243879388,66.0678782731671,101.84308077551046,97.32060856919219,66.83821064146967,68.68196260386117,19.079170363759996
person_19.mp4,front,197,3286,59.94422845976918,848,478,69.04427852943861,68.79803323526558,103.59437723034458,99.3527115068443,68.16238990789971,70.09164367314354,19.039517616156612
person_19.mp4,front,198,3303,59.94422845976918,848,478,69.05493421940827,69.39037096451355,102.32167088892189,99.91888544774716,67.90438952836821,70.58064024540239,19.06232376034087
person_19.mp4,front,199,3320,59.94422845976918,848,478,68.9934426803318,70.28571751234796,102.14897866371871,101.11792372371137,67.78934664803437,70.51316586229798,19.06374380565201
person_19.mp4,front,200,3336,59.94422845976918,848,478,71.58906072837762,73.55554966520768,104.29933945561224,104.51129971729608,68.09196178790751,70.69250955431957,19.422110509703966
person_19.mp4,front,201,3353,59.94422845976918,848,478,71.22143287359076,73.17049559074223,103.35161695982656,103.2831485758797,66.10213314877625,71.60285537126843,19.588970174425473
person_19.mp4,front,202,3370,59.94422845976918,848,478,74.2022690444023,76.2717121753743,104.63576699850303,106.14404614464539,68.34899645800166,71.48602304444847,19.906045469140214
person_19.mp4,front,203,3386,59.94422845976918,848,478,77.93930805614926,79.25096449202478,108.60313805555175,108.64546882654454,69.64606485311946,72.1947077916225,19.76605787470814
person_19.mp4,front,204,3403,59.94422845976918,848,478,86.83648125764226,85.68674068722521,115.23895412775924,113.70615517366652,71.69897316945408,73.79201722486079,20.165234950125452
person_19.mp4,front,205,3420,59.94422845976918,848,478,84.7492559247425,85.181331584071,116.62421522380619,115.16416062006483,68.5579594631199,71.15231332039268,20.704423790712127
person_19.mp4,front,206,3437,59.94422845976918,848,478,89.5171369521055,88.55801485618034,121.75247489933163,118.245449466661,69.57995128045089,72.35337513673099,20.000504500342995
person_19.mp4,front,207,3453,59.94422845976918,848,478,88.05519424427233,85.91514595316606,120.11060482956724,115.43664052361568,69.69776775034316,71.87305625767726,19.941074265296177
person_19.mp4,front,208,3470,59.94422845976918,848,478,101.16458421513812,93.15022072856904,134.5625861662326,122.30571783679352,69.75374440116067,73.05932314305026,19.7252593860534
person_19.mp4,front,209,3487,59.94422845976918,848,478,104.50917465761694,95.45406353545484,135.85685447222122,122.42617379156269,70.28210225907566,73.81758092019967,20.99967297230091
person_19.mp4,front,210,3503,59.94422845976918,848,478,105.12766022271055,104.00452587557152,135.67312291608346,131.85038784980262,70.51347351407667,72.40322574182275,21.268437327280637
person_19.mp4,front,211,3520,59.94422845976918,848,478,99.53004457026421,97.59816547553547,127.3635454944454,123.03177629910627,69.95449870834919,70.75826655035429,24.36939158705027
person_19.mp4,front,212,3537,59.94422845976918,848,478,104.19509602918744,106.41019608218103,132.7778751030918,132.58651568469486,70.27759958602698,71.43823777392538,23.6958376801225
person_19.mp4,front,213,3553,59.94422845976918,848,478,111.45161725056974,106.4316188501524,138.4138581953379,130.6129689573409,69.4074346148121,71.24480992323984,25.682883948941573
person_19.mp4,front,214,3570,59.94422845976918,848,478,111.88066206248403,111.52184481349515,137.26373595372814,137.09869558117973,70.37563994181174,71.59531602281045,24.74708533154076
person_19.mp4,front,215,3587,59.94422845976918,848,478,112.62609066699582,113.07504796701173,136.8770665878588,139.13396790287177,71.01129876634474,70.93202407924488,24.80252922536525
person_19.mp4,front,216,3603,59.94422845976918,848,478,115.84808127117682,112.7056352006309,142.01120414636515,139.4946952223645,68.71453507107535,70.27167701947226,25.207684582098103
person_19.mp4,front,217,3620,59.94422845976918,848,478,123.08356400066998,116.8623241967333,146.90880181357574,141.7876463169559,70.13073295689783,70.81314553336868,25.897238400942488
person_19.mp4,front,218,3637,59.94422845976918,848,478,121.60090405313534,123.63413778024211,147.25650469151898,150.34658420697502,69.20384362068262,70.57888623118257,25.487950951087768
person_19.mp4,front,219,3653,59.94422845976918,848,478,117.8090385427263,122.1838776296245,144.09798262961198,149.95531980210737,68.51486231848462,69.43140840445832,25.296346735641322
person_19.mp4,front,220,3670,59.94422845976918,848,478,121.39773399825853,124.54375396091986,147.96610144411477,152.30191323534987,69.10230072420703,69.71582155261133,24.895240539355342
person_19.mp4,front,221,3687,59.94422845976918,848,478,124.1221663780528,123.2980427324643,152.2113398131104,150.22828291457543,68.09246019291703,69.91105696927083,24.93169335710317
person_19.mp4,front,222,3703,59.94422845976918,848,478,126.13341367061616,126.98709028757337,153.3625856428348,153.86099651043332,69.30500818222085,70.47663686098677,24.641635199003115
person_19.mp4,front,223,3720,59.94422845976918,848,478,125.36238000780675,126.64872962526596,154.45895030019864,154.5256379898263,67.75283903172594,69.50733956459061,24.784921620574657
person_19.mp4,front,224,3737,59.94422845976918,848,478,124.58620773622478,126.20579304630996,154.88938896848032,154.19997187145404,66.63031745648019,68.86486909766387,25.02611461160702
person_19.mp4,front,225,3753,59.94422845976918,848,478,129.54638097584086,128.74222008317292,157.14016821305873,154.60157083272668,69.00877044004538,70.62117765835656,24.66816316078119
person_19.mp4,front,226,3770,59.94422845976918,848,478,125.10979640753987,130.4097653017982,154.44957774247254,159.1625152312292,66.72433460701026,67.66425425227912,25.06397828167613
person_19.mp4,front,227,3787,59.94422845976918,848,478,126.31897261793866,134.49172096919548,154.0821317428353,162.73396498860885,68.65883929345847,68.99670094550923,24.597399456858838
person_19.mp4,front,228,3804,59.94422845976918,848,478,126.70541511123321,134.50038357446084,153.58296302066236,162.90020247714043,69.01509592218378,68.31542913511143,24.47305670604387
person_19.mp4,front,229,3820,59.94422845976918,848,478,126.68310488503327,135.2071195965321,152.74990846435054,162.8808747286455,69.81708151004841,69.28563273313179,24.225355717768387
person_19.mp4,front,230,3837,59.94422845976918,848,478,127.93868003136878,136.26530543532212,153.75121648178293,164.09760880283054,69.96403039717508,69.20209728038905,24.02878333742573
person_19.mp4,front,231,3854,59.94422845976918,848,478,130.6692398000794,137.034942806871,155.72665773657,164.92276659748117,70.17110517425972,69.60454364948897,24.125940200552996
person_19.mp4,front,232,3870,59.94422845976918,848,478,135.40500547235052,138.57128826334008,158.95037627900078,165.15429783350967,71.01835455858887,70.27715315237263,24.113836290609658
person_19.mp4,front,233,3887,59.94422845976918,848,478,132.14578249601976,137.29530218254126,155.7805932697773,163.9153391058571,72.83188900267758,70.54931781950262,23.964551689891344
person_19.mp4,front,234,3904,59.94422845976918,848,478,134.22103786254226,137.54024457019028,156.69382925341168,163.78221436423883,73.7965643398341,71.26484676440313,23.624643007217035
person_19.mp4,front,235,3920,59.94422845976918,848,478,133.84606267338157,139.4501615658687,156.7851412014187,166.2615789115609,73.13405372789838,70.82958647002096,23.42973196582657
person_19.mp4,front,236,3937,59.94422845976918,848,478,134.13897492307356,137.8950876251009,157.17109684827534,164.89381040647856,72.3311934304257,70.15019923442993,23.68165724801159
person_19.mp4,front,237,3954,59.94422845976918,848,478,138.7940959201083,140.71564953023332,161.1644152568508,167.2054756653167,73.48441983718611,71.60774267346905,23.056942739170463
person_19.mp4,front,238,3970,59.94422845976918,848,478,137.3591197887626,140.70706588274314,159.40758652419075,167.81253736590864,73.16028423641079,70.78488800023688,23.27605043019244
person_19.mp4,front,239,3987,59.94422845976918,848,478,140.5142198590976,142.325593724911,161.58027062737878,168.98982341262132,74.53559540318142,71.40986916805234,23.289016944221284
person_19.mp4,front,240,4004,59.94422845976918,848,478,139.97127189682894,143.60190968803258,161.5139573958566,170.42610185457096,74.10335801461858,70.67216463972382,23.631336547683148
person_19.mp4,front,241,4020,59.94422845976918,848,478,140.7034836452263,143.49111399804283,162.66437881849137,169.9490694689609,73.91721791650494,71.08456632024509,23.707154175364682
person_19.mp4,front,242,4037,59.94422845976918,848,478,140.0335100541716,146.03823640175415,162.63778984851407,172.95265594433042,73.35625791010031,71.17498499899783,23.630491619575718
person_19.mp4,front,243,4054,59.94422845976918,848,478,142.22723671749347,146.69313890641158,164.07465890460668,172.87019716126346,74.14492034389451,72.37397392228111,23.36155850758413
person_19.mp4,front,244,4070,59.94422845976918,848,478,144.377282030414,146.47694897313414,167.44931255741986,173.3412888090162,74.0303293850474,72.46827144654205,23.167053034453613
person_19.mp4,front,245,4087,59.94422845976918,848,478,145.29053727030413,148.76934811713045,167.32015426683668,174.45614652443348,74.66070282741317,73.05603454731855,23.03609175059586
person_19.mp4,front,246,4104,59.94422845976918,848,478,143.95697222944992,149.32825565685147,166.4106819107482,174.94831604537134,74.16016039444203,73.52044674976229,22.7649302937227
person_19.mp4,front,247,4120,59.94422845976918,848,478,146.18794271792314,149.6305291454057,167.44864061900952,175.2857603953936,75.0033170615872,73.01335869254532,22.729926723071774
person_19.mp4,front,248,4137,59.94422845976918,848,478,145.28406571595738,149.2794625391232,166.85140335376468,175.36711969034224,74.7417082417821,73.40129446485591,22.62150429432609
person_19.mp4,front,249,4154,59.94422845976918,848,478,147.00834914671688,148.61249957301794,168.90846927790966,175.42559226290936,74.73444201989011,72.30090735163337,22.443447556206955
person_19.mp4,front,250,4171,59.94422845976918,848,478,145.1548279399552,147.62502125157317,167.71378102264683,174.95545375863801,74.33093859512722,72.67598540522845,22.297872240019768
person_19.mp4,front,251,4187,59.94422845976918,848,478,145.65195226717364,148.23345531514806,168.9064178072112,175.83422625123677,73.35688672784572,70.83582879703465,22.606685142142595
person_19.mp4,front,252,4204,59.94422845976918,848,478,144.44880372690278,147.67341726113077,168.30995638139302,175.44522384379914,73.18753421961048,71.12569804040079,22.621354823727522
person_19.mp4,front,253,4221,59.94422845976918,848,478,144.51584568656673,147.20656411115348,167.4603100885138,175.14757888096685,73.3329957747948,71.41337602662124,22.52589506206649
person_19.mp4,front,254,4237,59.94422845976918,848,478,146.2949342450311,146.32700136798917,167.39095934797723,174.72473601976893,74.97822550291416,71.03977444292657,22.513505400459778
person_19.mp4,front,255,4254,59.94422845976918,848,478,145.9262721169315,145.96751349120854,166.9853008035876,174.7125782916082,74.78999513753416,70.62980562589426,22.34518402894652
person_19.mp4,front,256,4271,59.94422845976918,848,478,146.91543537208804,147.32451719630023,167.4116669207761,174.24671736433058,76.21780988367145,72.89150645993199,21.86024167129389
person_19.mp4,front,257,4287,59.94422845976918,848,478,147.11731856449444,147.08339845346728,167.22858992619453,174.12342985948,76.49104249132023,72.81875024449056,21.816229521373504
person_19.mp4,front,258,4304,59.94422845976918,848,478,146.88245732600114,146.84464045548046,167.50068201592964,173.92674673594504,76.3402681594455,72.70064041290267,21.652732062627823
person_19.mp4,front,259,4321,59.94422845976918,848,478,146.64547116752317,147.22673474999797,167.52661338712852,174.07054918315347,76.28465729341339,72.8940454333669,21.588499337455307
person_19.mp4,front,260,4337,59.94422845976918,848,478,146.32107163027666,147.17789320916847,167.78424089631739,174.27107773117905,76.2528223321492,72.9485919817321,21.491368400939937
person_19.mp4,front,261,4354,59.94422845976918,848,478,147.10503688007893,147.59911738430102,168.08719504045138,174.15341926436884,76.52274421395857,73.32825091274567,21.52494542355246
person_19.mp4,front,262,4371,59.94422845976918,848,478,147.80072316472743,147.80771317392072,168.02612718758493,174.2893333797289,77.29204291300768,73.62878148642145,21.326448731064595
person_19.mp4,front,263,4387,59.94422845976918,848,478,148.11019331085728,147.8490562576242,167.89717062899257,174.47564278551175,77.4446468068861,73.8225391866951,21.165342030802382
person_19.mp4,front,264,4404,59.94422845976918,848,478,147.862588781797,147.53196273720297,167.8899232272527,174.66308377219568,77.30382962754543,73.26802759583127,21.164418236347533
person_19.mp4,front,265,4421,59.94422845976918,848,478,147.61279719534016,147.64983206449418,167.74321960951897,174.66109338241878,77.03789242708089,73.31487699208772,21.278389420448747
person_19.mp4,front,266,4437,59.94422845976918,848,478,147.217415454258,147.25841001780347,167.6861575443818,174.70496513732624,76.94251804668222,72.89279619215935,21.295759350032107
person_19.mp4,front,267,4454,59.94422845976918,848,478,146.22288519234283,146.97894005744274,167.7447451517975,174.7055324614382,76.14772193782652,72.65835851376076,21.248793345950638
person_19.mp4,front,268,4471,59.94422845976918,848,478,145.81210161936949,146.85520641061933,167.54003636198382,174.8970362539419,76.04330979338556,71.86819847131696,21.365189289744464
person_19.mp4,front,269,4488,59.94422845976918,848,478,145.18495642213077,146.88385510879667,167.15384756673146,174.82519620302804,75.86072299098102,71.85528683892869,21.39253032637064
person_19.mp4,front,270,4504,59.94422845976918,848,478,145.59082164537674,146.99451672289047,167.03769610385856,174.79756881359123,76.11174856222873,72.02218929942059,21.399756631578228
person_19.mp4,front,271,4521,59.94422845976918,848,478,146.10837913136717,147.37508510658049,166.64989440500142,174.73283817224635,76.52814290143733,72.32753311755081,21.398096039005637
person_19.mp4,front,272,4538,59.94422845976918,848,478,147.202997960028,148.0616368107005,166.79565868771022,174.7242944998343,77.48503427607793,73.00671943204532,21.256976066388372
person_19.mp4,front,273,4554,59.94422845976918,848,478,147.42509106228835,148.85763311630316,166.7457079476469,174.63080255403227,77.81540667333527,74.01204154979798,21.17436630054995
person_19.mp4,front,274,4571,59.94422845976918,848,478,148.6395797335284,149.15745174886186,168.03588107615735,174.3710164327709,78.44516002558905,74.52947112939192,20.853223963381076
person_19.mp4,front,275,4588,59.94422845976918,848,478,147.80998709015503,148.77577346303167,167.0141647931877,174.29347287423374,77.9924275395952,74.3292670312704,21.204143043495403
person_19.mp4,front,276,4604,59.94422845976918,848,478,147.60304026520924,148.63206619353045,166.97811085220232,174.23454432568735,77.86551658809788,74.2875819184976,21.24563857414607
person_19.mp4,front,277,4621,59.94422845976918,848,478,147.21705350402132,148.351269557363,166.54277820074168,174.10165714321445,77.65082028958989,74.0110422984575,21.28468574367047
person_19.mp4,front,278,4638,59.94422845976918,848,478,148.74422875812462,148.52997475828005,166.38557562293948,174.34210925150347,79.05897543354816,74.39768324435114,21.014435371643586
person_19.mp4,front,279,4654,59.94422845976918,848,478,149.4323530691482,148.78669728447932,166.40570372119026,174.51017727634954,79.56829282742356,74.70853443376369,20.869733864984543
person_19.mp4,front,280,4671,59.94422845976918,848,478,149.42722708413118,149.28605551376376,166.53626488085214,174.30646922906743,79.73365903274315,75.42910157859598,20.86435495827436
person_19.mp4,front,281,4688,59.94422845976918,848,478,149.1088746876399,149.24795139937763,166.59767104104907,173.94865358000638,79.37050322346046,75.67810875391301,20.936419394053928
person_19.mp4,front,282,4704,59.94422845976918,848,478,148.5181927864866,148.877377188157,166.42622803812822,173.8995873742851,79.02581365981496,75.36007133786138,20.964453296977815
person_19.mp4,front,283,4721,59.94422845976918,848,478,150.27602516286817,149.0474791488946,168.1394211754693,173.78408872659472,79.64798360255722,75.83696443060222,20.827811877405285
person_19.mp4,front,284,4738,59.94422845976918,848,478,147.68665083313562,147.1884847126305,166.4655094852132,173.82979362428807,78.30854883484545,73.69885318932853,21.16964169799626
person_19.mp4,front,285,4754,59.94422845976918,848,478,147.5637828853459,147.09699153142105,166.398862274954,173.65045369505657,78.20732387789698,73.82268099312992,21.284655815664227
person_19.mp4,front,286,4771,59.94422845976918,848,478,146.8923277700503,146.8515060462713,166.30856505041743,173.5636009217333,77.7283237101966,73.68239527180928,21.443475694139014
person_19.mp4,front,287,4788,59.94422845976918,848,478,147.1383391051483,148.00624470114937,166.48928975251965,174.0269827458415,77.78011301734944,74.06672357661465,21.528569244585004
person_19.mp4,front,288,4804,59.94422845976918,848,478,147.01301551739576,148.02418871754017,166.52376228918473,173.51826424769402,77.58859820754608,73.92680394584728,21.970870095508353
person_19.mp4,front,289,4821,59.94422845976918,848,478,147.82389327705155,149.27441742155588,167.1294908726487,173.53828313635785,77.97899006857222,75.21286131214899,21.82113540636515
person_19.mp4,front,290,4838,59.94422845976918,848,478,147.8770755259707,149.3783694191037,167.0106153563351,173.52397811105934,77.80759999026874,75.29753593259532,21.892670242388835
person_19.mp4,front,291,4855,59.94422845976918,848,478,148.15705743772966,149.43132247130168,167.03149111539398,173.45440752096826,77.89057476334123,75.27287023998974,21.929521575994954
person_19.mp4,front,292,4871,59.94422845976918,848,478,148.83162837406007,148.8014606390054,167.47814028023615,172.58866782076342,78.08020783278482,75.53169617900528,21.884384309596932
person_19.mp4,front,293,4888,59.94422845976918,848,478,152.84791053182184,149.5242171052426,170.81993571868898,171.56047477229197,79.12984627098658,77.27434416204078,21.347807488960033
person_19.mp4,front,294,4905,59.94422845976918,848,478,148.91274650308708,147.92932781498922,166.67394807737247,171.34768370627953,78.31164687808116,76.67389405686066,21.48024598707138
person_19.mp4,front,295,4921,59.94422845976918,848,478,148.79598540096293,144.89123678776292,168.53546530221405,167.85052728660767,76.54876980940686,75.02992058134463,21.822153373542506
person_19.mp4,front,296,4938,59.94422845976918,848,478,148.59147446173202,143.07061350080357,168.97170813857554,166.51658624706428,76.61277893593348,75.33487190631867,21.37692209552595
person_19.mp4,front,297,4955,59.94422845976918,848,478,148.62316876464422,140.649613974883,168.31030067098186,164.01927649416967,77.24296875856206,75.33714989743208,21.493909998048814
person_19.mp4,front,298,4971,59.94422845976918,848,478,148.3533786764799,139.40885047845558,167.91909282521237,163.07602766552634,77.21535794529848,75.03548117770016,21.487256994335098
person_19.mp4,front,299,4988,59.94422845976918,848,478,146.4456539764835,134.3728330833126,163.08005594398855,158.48383573033254,77.56756407967245,73.99838608382923,22.203831021246675
person_19.mp4,front,300,5005,59.94422845976918,848,478,141.67804698877418,130.01978744152618,156.99839494788233,153.94495012957958,78.73402501340269,74.40283448411346,22.12554151448081
person_19.mp4,front,301,5021,59.94422845976918,848,478,137.6523883856595,123.34910075599755,152.5743605138937,147.82916144189113,78.70793797645902,75.07369347408762,21.306208121254894
person_19.mp4,front,302,5038,59.94422845976918,848,478,133.97673095137685,124.56489182655399,149.7914962973552,148.34076447564289,78.87661354751809,76.3309717976714,21.372971451717266
person_19.mp4,front,303,5055,59.94422845976918,848,478,134.10888257241325,122.64915040401269,151.15645834479727,147.76677465371088,77.89758319646366,75.64016348761233,20.906503658779002
person_19.mp4,front,304,5071,59.94422845976918,848,478,126.79912651223353,113.8879880040247,144.49772537627234,138.45878758300304,77.33600075533114,75.44559687582996,20.896078041288426
person_19.mp4,front,305,5088,59.94422845976918,848,478,131.4904408174915,116.86261693615444,149.22750694803545,141.1761042035366,77.34596534810227,75.84425297720547,20.963260569606504
person_19.mp4,front,306,5105,59.94422845976918,848,478,133.75937248986986,120.33810388946675,151.57969161532813,144.78592455261162,77.13614984191202,75.49640756386923,21.096326206048847
person_19.mp4,front,307,5121,59.94422845976918,848,478,134.37193710874305,120.4716994268103,152.3918875348665,143.8066328868526,76.92546463413049,75.44701281056504,21.07156112149827
person_19.mp4,front,308,5138,59.94422845976918,848,478,132.51403814733865,119.68883463167008,151.89011076723048,143.29754860171852,76.66289755402603,75.86561238525339,20.707763349583246
person_19.mp4,front,309,5155,59.94422845976918,848,478,130.5567305955392,119.57326940404374,149.643833553767,143.44430744986127,77.00102205355269,75.3094156182143,20.67267986352394
person_19.mp4,front,310,5171,59.94422845976918,848,478,126.03543484634567,114.5354450550351,146.80455299321548,138.75401311790756,75.9396948812192,75.10572692351325,20.64409480187392
person_19.mp4,front,311,5188,59.94422845976918,848,478,124.99136440551116,114.01210168096716,144.99733308748878,137.93430894741505,76.59628319379587,75.40498126499455,20.731720265660584
person_19.mp4,front,312,5205,59.94422845976918,848,478,120.76625153580558,111.00619499178548,141.2359917178815,134.06378365052953,76.40856242584812,75.66520719924931,20.759047460332646
person_19.mp4,front,313,5222,59.94422845976918,848,478,118.33526536579055,110.57592422082053,139.66426577958387,133.98571442544767,76.44383624470545,75.12397807513206,20.218458891768574
person_19.mp4,front,314,5238,59.94422845976918,848,478,111.70488955830562,105.41254988270258,135.3477512615405,129.17237410256396,74.04728266076121,74.16529201899695,20.321655205930394
person_19.mp4,front,315,5255,59.94422845976918,848,478,111.66216858280704,103.47412460616141,135.54939223290674,127.91356526803543,74.41816631995418,74.4958766803478,19.622651942607877
person_19.mp4,front,316,5272,59.94422845976918,848,478,109.45187350284634,99.83675588832138,133.85633380108507,124.01517516906246,74.5214652212751,74.78153565894397,19.38004842681009
person_19.mp4,front,317,5288,59.94422845976918,848,478,107.18111999786146,96.82697051070538,134.0046423923919,121.41133925227453,72.73005526377331,74.66094772025278,19.422932541425066
person_19.mp4,front,318,5305,59.94422845976918,848,478,94.08007109168025,88.01415687811999,121.87396260292716,112.72861868270923,71.76000834893406,73.96778558860764,19.297510397606764
person_19.mp4,front,319,5322,59.94422845976918,848,478,90.86884067023938,86.03976319563307,118.15569564041199,111.04498699690808,72.33672232336477,74.03630082991704,18.835376447673855
person_19.mp4,front,320,5338,59.94422845976918,848,478,89.21933062941892,82.99624465605054,116.40615191335671,107.64880561545705,73.65187561569897,75.87951276522786,17.787229883556865
person_19.mp4,front,321,5355,59.94422845976918,848,478,84.10332263636053,79.71111443874625,113.60149937022756,105.68237442821203,71.29305644937688,74.48726601474709,18.346588286337386
person_19.mp4,front,322,5372,59.94422845976918,848,478,83.34512545038748,78.59070308140355,112.50507016870189,104.98418060547944,71.44471706815891,74.75170577685348,17.638491278183594
person_19.mp4,front,323,5388,59.94422845976918,848,478,81.83622922551655,77.68267766810628,110.9278554366344,103.69754749189939,71.9855174943198,74.73210710416824,17.442278723318996
person_19.mp4,front,324,5405,59.94422845976918,848,478,82.00421994905449,77.37926605977344,109.72129055261166,102.18085694609475,73.34756316973905,75.39172220985694,17.764675515841763
person_19.mp4,front,325,5422,59.94422845976918,848,478,80.67238728090845,75.45567769581058,112.28460013790544,102.75505661005529,70.45783848181244,74.50800279005595,17.379832440715578
person_19.mp4,front,326,5438,59.94422845976918,848,478,73.46354524072989,71.89104563617654,104.25022002276303,95.16469249878489,67.50354819199546,71.00988625557049,21.21530673371762
person_19.mp4,front,327,5455,59.94422845976918,848,478,72.28886725279554,70.68349923263119,100.87485075214875,93.73620163300158,67.48999683518296,70.72163562876304,22.370437874297096
person_19.mp4,front,328,5472,59.94422845976918,848,478,71.85081364572248,70.56852884428339,103.16915023143046,93.78314496668641,68.29331382441127,71.47513801307592,20.906939023178392
person_19.mp4,front,329,5488,59.94422845976918,848,478,72.42052312975714,71.20695873765938,103.77954574188922,96.7832585984286,69.12206830716246,72.42057240668112,19.31727785294064
person_19.mp4,front,330,5505,59.94422845976918,848,478,70.33657430380049,70.58723412516477,101.5311558787417,95.46746223872776,68.96471797881075,72.35905640828913,19.07607570394739
person_19.mp4,front,331,5522,59.94422845976918,848,478,70.07100025427616,70.06946939540049,101.89795449565044,94.99780541845647,69.21128226931779,72.57439745934246,18.649081645446085
person_19.mp4,front,332,5538,59.94422845976918,848,478,69.38793447297164,69.84075635052952,103.33290485236253,95.02758449884925,69.35834061470625,72.73751284105697,17.478961920094207
person_19.mp4,front,333,5555,59.94422845976918,848,478,66.59651929078076,66.99345366155275,103.05883188515573,94.36428506435873,67.08800213761627,69.96576489644865,17.779031125348997
person_19.mp4,front,334,5572,59.94422845976918,848,478,65.48316053349592,65.42270563019837,103.08903700868481,93.98578893726554,65.9882972484667,68.74547667294765,17.892115579481644
person_19.mp4,front,335,5589,59.94422845976918,848,478,65.66606730018768,65.52863039287821,108.46245346344412,97.25023536321031,64.27981456906434,68.10318512814545,14.603738646970307
person_19.mp4,front,336,5605,59.94422845976918,848,478,67.53907756203708,66.59340250513105,110.13257541789847,104.77237591860214,68.48379215487132,67.74382460160909,10.916909399926865
person_19.mp4,front,337,5622,59.94422845976918,848,478,65.26914084443102,65.70499268883658,108.10148156004857,104.14017780201722,66.07799609455068,68.29801220015581,11.573814955513036
person_19.mp4,front,338,5639,59.94422845976918,848,478,66.26076571588051,66.36632617514405,112.04164789928662,107.37216213883659,69.02519381042015,70.46158339099713,8.671539014126134
person_19.mp4,front,339,5655,59.94422845976918,848,478,63.824689885167395,63.371922295494464,108.62054703104002,102.50861596939224,66.38725772781358,68.05336813494175,11.62802402518048
person_19.mp4,front,340,5672,59.94422845976918,848,478,63.46206798422901,62.495960429825665,111.04482257066002,104.27475463204226,66.98299152606462,66.88192922076307,9.306382001434955
person_19.mp4,front,341,5689,59.94422845976918,848,478,62.08887906101196,61.46129788198039,110.31803688792121,102.5933309329174,65.57051606338999,67.29149961099928,9.824549167696995
person_19.mp4,front,342,5705,59.94422845976918,848,478,62.46244633631988,62.00205528877479,113.48917890391887,104.84110296818018,66.097012205841,68.47471390870435,7.447583463139843
person_19.mp4,front,343,5722,59.94422845976918,848,478,61.650926427065244,61.15431128910484,110.43590415655866,102.65088896187041,65.44978361307892,68.08227226555768,9.4331866603701
person_19.mp4,front,344,5739,59.94422845976918,848,478,61.44945238966786,60.43576703417713,111.59885624946408,103.56618620110811,65.54478066651208,67.9586475380389,8.096988079657466
person_19.mp4,front,345,5755,59.94422845976918,848,478,60.88225142274644,59.434434356331096,110.70877182349157,100.86706055504108,65.02588632589304,68.27707643128548,8.711995965142435
person_19.mp4,front,346,5772,59.94422845976918,848,478,58.97735353326291,57.776862656688266,107.78350146041004,98.80067480439138,63.02334578807117,66.92611955922716,9.93034911069618
person_19.mp4,front,347,5789,59.94422845976918,848,478,57.799969938423104,57.33294738841406,106.97223937763967,98.51776071468225,62.67116266553148,66.4954855750516,10.151652514026031
person_19.mp4,front,348,5805,59.94422845976918,848,478,57.45415130876856,56.33781200350583,106.55436699417591,97.62336511217379,62.526586418330915,66.06621049228677,10.442810386941696
person_19.mp4,front,349,5822,59.94422845976918,848,478,56.828553436363336,55.94146911977869,106.93644292493548,97.31603266549546,63.84851050002502,65.64933706735923,10.44439771220824
person_19.mp4,front,350,5839,59.94422845976918,848,478,56.21226988447542,55.706506501460225,106.65136889434623,97.20402979556519,63.75734176221848,66.2882751036053,10.49222701872535
person_19.mp4,front,351,5855,59.94422845976918,848,478,56.572247259666945,55.826740107669295,107.14225667731378,98.65831547396591,64.0741589258235,66.51841707999559,9.461482278349942
person_19.mp4,front,352,5872,59.94422845976918,848,478,56.2416868820518,55.24333068231316,106.77618681299727,98.0188770468292,64.5942987940926,67.88128102228367,9.82614398601921
person_19.mp4,front,353,5889,59.94422845976918,848,478,55.346396175478944,54.46453605324302,107.47755794856079,98.18273440222039,64.56186971116385,67.48128256288837,9.374234785342399
person_19.mp4,front,354,5905,59.94422845976918,848,478,55.17866492533267,54.04855191452435,109.12152314510111,99.16263371763816,64.56368186138681,67.48646515415662,7.9206674883134385
person_19.mp4,front,355,5922,59.94422845976918,848,478,55.1124690851557,53.74605707037648,109.50355450857545,101.491218930894,64.16893295054514,67.34632294057762,6.393773732255368
person_19.mp4,front,356,5939,59.94422845976918,848,478,55.80377917970055,53.90415678278082,108.5483805494117,100.34709142787219,65.77741966074021,67.81004954922803,6.8395840010884745
person_19.mp4,front,357,5956,59.94422845976918,848,478,55.60860865211317,53.90417003783779,107.77830302054723,100.04752329235264,66.04123013891198,68.0007059800278,7.079945377160826
person_19.mp4,front,358,5972,59.94422845976918,848,478,54.97233325687923,53.16137636629698,107.08264156116797,99.50663477520374,65.92314104754239,67.32407351254578,7.763655826624215
person_19.mp4,front,359,5989,59.94422845976918,848,478,53.98350113407111,52.372327155943104,106.85831800670393,99.53688585390265,65.49578512750635,66.41737042858601,8.194309733727405
person_19.mp4,front,360,6006,59.94422845976918,848,478,53.200328515104374,52.29079574130373,106.06118429208173,99.56230869214336,65.06629060361387,65.99327454921087,8.422465385763939
person_19.mp4,front,361,6022,59.94422845976918,848,478,51.91077621341382,52.30261526608097,105.6952395129211,99.93586783445423,65.27383509149638,65.70313659800101,8.652398396827879
person_19.mp4,front,362,6039,59.94422845976918,848,478,51.21876831869062,51.69877065344775,105.85965136899358,100.85816959641906,65.20405002628452,65.8517827238621,8.014501404327296
person_19.mp4,front,363,6056,59.94422845976918,848,478,50.36465832119951,51.299151407490186,105.11047910850489,99.99834612297732,63.62131501782399,65.17999402681397,8.243492472879828
person_19.mp4,front,364,6072,59.94422845976918,848,478,50.03764712988534,50.94415215218141,104.589926381359,99.54688631156698,63.56102942131643,64.69721146019067,8.439662113811279
person_19.mp4,front,365,6089,59.94422845976918,848,478,48.226562451173365,49.701349576398016,101.80054755975638,97.71814506960702,64.89763542725602,64.50944440346416,9.845927703947712
person_19.mp4,front,366,6106,59.94422845976918,848,478,48.258745087055644,49.325541047255605,100.71967424074677,97.33698419954835,65.14679602089603,64.26520011496268,10.41354771662227
person_19.mp4,front,367,6122,59.94422845976918,848,478,47.92243302516442,48.93820501424865,100.70940936505909,97.04183376635389,65.95747825121855,64.35760923015236,10.398189186239433
person_19.mp4,front,368,6139,59.94422845976918,848,478,47.492503100730005,48.41432566934009,100.64907777108758,97.0993519181572,66.43275083559695,65.4354299095378,10.13170348697019
person_19.mp4,front,369,6156,59.94422845976918,848,478,46.771051387754895,47.98680974942834,99.7990163842102,96.75915469131296,66.56282992461773,65.5804164968392,10.528531326034424
person_19.mp4,front,370,6172,59.94422845976918,848,478,46.316313924802536,47.716557941501655,98.54758604064598,95.87703042466654,67.14713234932707,65.45292518117544,11.444913681733958
person_19.mp4,front,371,6189,59.94422845976918,848,478,46.10250728572577,47.60771659745339,97.00553490003594,94.29876369613778,67.09162661597274,65.78603099120821,12.807939431104717
person_19.mp4,front,372,6206,59.94422845976918,848,478,45.86751795013405,47.40841138645842,96.91757475916792,93.9528286646801,67.12356063013723,65.9063832114782,12.876411150028693
person_19.mp4,front,373,6222,59.94422845976918,848,478,45.37364287374499,47.32914984797384,97.38228057192676,93.74964389008076,67.11042658403625,66.23335214335461,12.722768178484113
person_19.mp4,front,374,6239,59.94422845976918,848,478,47.19321568096594,48.10558632128267,99.99983066906617,96.33379338961669,68.2083441589237,67.11134173645782,10.575731404646485
person_19.mp4,front,375,6256,59.94422845976918,848,478,47.16622801912831,48.233136163264355,100.22234644674559,96.53488428449288,67.55557076810186,67.8855011280819,10.338487677336666
person_19.mp4,front,376,6272,59.94422845976918,848,478,47.14458005193752,48.27038193870512,100.19738048030199,96.17120117824025,67.29849042648746,68.1998941020461,10.49182349481744
person_19.mp4,front,377,6289,59.94422845976918,848,478,47.07583350799173,48.53639204588748,99.31011853598947,95.97133738590429,67.07781943881416,68.27711202413956,10.956023204108995
person_19.mp4,front,378,6306,59.94422845976918,848,478,47.2593143989787,48.57753947909513,99.29292374314605,95.76202291870598,67.82154869608146,68.3607196006657,11.03725055651188
person_19.mp4,front,379,6323,59.94422845976918,848,478,47.47323995905977,48.790381437587364,98.12609231061134,94.10546150896872,68.20959489439683,68.21768099046632,12.325303641695113
person_19.mp4,front,380,6339,59.94422845976918,848,478,47.480667493723764,48.83283838385042,97.96909991530713,93.46169588446047,68.30403152834002,68.01470552487822,12.696470073965854
person_19.mp4,front,381,6356,59.94422845976918,848,478,47.67923709882927,48.76623224383146,98.06836545688667,93.2553421994406,68.5635136635143,68.07425652284385,12.705456981759125
person_19.mp4,front,382,6373,59.94422845976918,848,478,47.627568446450695,48.62913045908237,97.28378437048701,92.48498665624714,68.09220011544419,68.00098083234828,13.338468351829265
person_19.mp4,front,383,6389,59.94422845976918,848,478,47.374645305783645,48.226051956670126,96.8931680865906,91.95179113331682,67.56651740590986,67.75649893233388,13.582036841321212
person_19.mp4,front,384,6406,59.94422845976918,848,478,46.8563782158023,47.75184459875636,95.46812621183501,90.32463010803504,67.05608125152531,67.34074725291669,14.927918082334932
person_19.mp4,front,385,6423,59.94422845976918,848,478,46.718860474352795,47.723010275139,94.81972123202804,90.09734197566986,66.90507156352132,67.66494763878356,15.287290826576408
person_19.mp4,front,386,6439,59.94422845976918,848,478,46.14641290613129,47.30512140576797,94.44007773880698,89.78745045754762,65.9651478689051,66.59257626954441,15.496177403921552
person_19.mp4,front,387,6456,59.94422845976918,848,478,46.3072476252758,47.27561522482754,94.23208175278813,89.42102345701508,65.95815047166268,66.85721302268682,15.560817872252002
person_19.mp4,front,388,6473,59.94422845976918,848,478,46.93885409998887,47.35394794738902,94.36083699013766,88.4438527235736,66.83093905039931,66.94555428024057,16.088801803257567
person_19.mp4,front,389,6489,59.94422845976918,848,478,46.228059594923806,47.04008955054856,92.2026984786308,86.82845705821154,64.95929499335944,65.52671283151243,17.348738576315462
person_19.mp4,front,390,6506,59.94422845976918,848,478,46.24969882558331,47.1897823418218,92.4357788607392,87.39754524135785,65.91922472937291,64.97241020037787,17.216522937937896
person_19.mp4,front,391,6523,59.94422845976918,848,478,46.68643589438778,47.36610635254905,92.18940418512808,87.15005396297147,65.21622700638437,64.88946968297792,17.62956694985043
person_19.mp4,front,392,6539,59.94422845976918,848,478,47.24737118784601,47.70889486926376,93.05424574511738,88.24106897124074,66.04745040116948,65.17882920684502,17.016875599063447
person_19.mp4,front,393,6556,59.94422845976918,848,478,47.85003653781302,48.93973190202382,94.38525125669518,89.158071889664,66.58509671247889,65.5671147341168,16.51139013562968
person_19.mp4,front,394,6573,59.94422845976918,848,478,48.9488022070303,49.505655178565874,94.88582768252236,89.62202698695033,66.92780380963703,65.50070581799676,16.358828960097608
person_19.mp4,front,395,6589,59.94422845976918,848,478,50.19135804998992,50.90901853609949,94.96693551720816,90.02787588535094,66.74575036507639,65.87367321562179,16.12500310974482
person_19.mp4,front,396,6606,59.94422845976918,848,478,51.4967062850876,51.21409433496427,97.50610075719844,91.28030686719008,67.3817856271884,65.76677503535406,14.890365757218394
person_19.mp4,front,397,6623,59.94422845976918,848,478,51.93014710348149,52.5039735525994,98.42942630222448,92.60913489862848,67.58159177887231,66.80131586054125,13.750518294229664
person_19.mp4,front,398,6640,59.94422845976918,848,478,52.395067834642795,52.26877431549795,100.27076656776394,93.47561645343009,67.41270649535484,66.17867180037624,13.094668507784931
person_19.mp4,front,399,6656,59.94422845976918,848,478,52.3088795516335,52.546477439185175,103.4196065317346,96.1125984369715,67.37700222080734,66.93581314410142,10.222222604952188
person_19.mp4,front,400,6673,59.94422845976918,848,478,53.26362257544727,52.97924338928348,102.81680183246026,96.20328376202619,67.90275737351566,67.2321368725866,10.795778126501778
person_19.mp4,front,401,6690,59.94422845976918,848,478,54.353800864235325,53.78125963639326,102.9229360128932,97.00608039998279,68.40668558200943,67.92788105714554,10.332821696848802
person_19.mp4,front,402,6706,59.94422845976918,848,478,53.62126444586991,54.06489092045794,103.26640647754562,97.00864142055697,67.52185783586818,68.16134792325727,10.379877712682015
person_19.mp4,front,403,6723,59.94422845976918,848,478,53.22931685068372,53.676057977614015,102.96498512368599,96.15272385333763,66.99832644865563,67.9987342747951,10.904008951622421
person_19.mp4,front,404,6740,59.94422845976918,848,478,53.093430582020304,53.1017208254301,104.68915877662208,95.90676203704892,66.74739071734611,67.64674444457606,10.058956640190997
person_19.mp4,front,405,6756,59.94422845976918,848,478,53.05000474248262,53.341012837912714,105.14139619459395,96.16536355950613,66.14906948850181,67.85630301133652,9.805937742444078
person_19.mp4,front,406,6773,59.94422845976918,848,478,53.043643247964,53.46294376893399,104.25205925487266,96.03918955374782,65.98055752117293,67.30158121622549,9.980543360226472
person_19.mp4,front,407,6790,59.94422845976918,848,478,52.64104605794247,53.033275799839224,101.95430785226134,93.6727937200455,65.12011728342547,66.43546429324589,12.080887647387339
person_19.mp4,front,408,6806,59.94422845976918,848,478,52.306154093924505,52.70120391765897,100.84105991249147,92.87724290799939,64.55176052651188,65.72635122739649,13.027768527394972
person_19.mp4,front,409,6823,59.94422845976918,848,478,51.744104635249116,51.76143557692483,98.43093407715808,90.07464533468966,63.5629234197191,64.22755224873171,15.078035964415257
person_19.mp4,front,410,6840,59.94422845976918,848,478,52.19065897163636,52.50347840579158,101.42939750353447,91.62074680866814,64.69199502164162,65.36064643906226,13.306257516220374
person_19.mp4,front,411,6856,59.94422845976918,848,478,53.16199374550222,52.95741365814065,101.63927719841949,92.47840977462693,64.83748093829229,66.05397589987571,13.154181588761826
person_19.mp4,front,412,6873,59.94422845976918,848,478,53.213541179221274,53.41258427425514,100.68353677348497,91.72714945658733,63.95163353699705,65.06877629923505,14.245269892002252
person_19.mp4,front,413,6890,59.94422845976918,848,478,53.79584958340792,53.46095392011474,100.92516345698223,92.77221081615839,64.55999814315004,63.7851882885912,14.203065439182287
person_19.mp4,front,414,6906,59.94422845976918,848,478,52.293751175838935,52.85191416686669,96.25600959996582,87.82291152886084,63.15662767927626,62.07712002096186,19.10572493778479
person_19.mp4,front,415,6923,59.94422845976918,848,478,54.0647582736283,54.127084830441106,96.69781667805569,88.4811918724874,62.96542197453133,62.73019938929258,18.78372927144204
person_19.mp4,front,416,6940,59.94422845976918,848,478,53.82706199708027,53.818838179219064,91.59214275099035,84.9678340667301,61.94923224893113,62.16848666567464,23.04236924816073
person_19.mp4,front,417,6956,59.94422845976918,848,478,55.3115732762629,55.63774564589523,94.07670952071908,87.99676030346315,63.12961476487693,64.18100323576755,20.499189014603058
person_19.mp4,front,418,6973,59.94422845976918,848,478,55.538152725571905,55.85286614419318,95.77127434397288,89.11066152761826,64.40005137869075,64.99981733248116,19.520194657620475
person_19.mp4,front,419,6990,59.94422845976918,848,478,55.853794708203175,56.5641741834588,95.20604567019963,90.02075726410666,64.25491477753567,65.26695471528986,19.71540601841879
person_19.mp4,front,420,7007,59.94422845976918,848,478,56.27170141386257,57.40823761462754,95.13671193418097,90.66541524504707,64.208418313375,65.78893074990691,19.797872788760536
person_19.mp4,front,421,7023,59.94422845976918,848,478,56.71980733043145,57.97284361576393,95.69566966900916,89.81117237989656,63.76208497839965,65.70743772436253,20.11693228454966
person_19.mp4,front,422,7040,59.94422845976918,848,478,56.98625183869776,58.13696564098672,94.8094247395066,88.26804325133617,63.61319921540822,65.89374954970785,21.13911948188309
person_19.mp4,front,423,7057,59.94422845976918,848,478,56.806086739301705,57.70629488163117,92.76057619611223,85.22378169015356,62.97839265889778,66.02594401855555,23.9171607652805
person_19.mp4,front,424,7073,59.94422845976918,848,478,57.84533809263581,57.87842246441487,94.59118917911337,87.0287101896325,63.87284100059373,66.33408865399184,22.44037312776492
person_19.mp4,front,425,7090,59.94422845976918,848,478,60.629247679870886,61.245965597622735,101.22653821292707,95.19860861656765,66.16367316777955,68.84627573227961,16.209283087585263
person_19.mp4,front,426,7107,59.94422845976918,848,478,61.40996058336036,62.190222875638455,102.7707258633339,96.86874634615965,66.78393997662813,69.46673325850168,15.365976819280291
person_19.mp4,front,427,7123,59.94422845976918,848,478,61.450745736232435,62.37564043801572,102.41224957918212,97.5025162845849,66.59577836203063,69.52156585405487,15.27338145407372
person_19.mp4,front,428,7140,59.94422845976918,848,478,61.63459579283736,62.60731181106276,102.30719198868128,97.93380823399266,66.21922627422734,69.57980266945935,15.443837058939254
person_19.mp4,front,429,7157,59.94422845976918,848,478,63.556016641583845,62.857080359056404,102.06298846278868,97.84232566363447,66.83381794364394,69.06621419571628,15.720849125551617
person_19.mp4,front,430,7173,59.94422845976918,848,478,65.0293421150101,64.33250277338615,103.34012994406793,98.86613745357151,67.70602079119315,69.8124716845735,15.589232594678132
person_19.mp4,front,431,7190,59.94422845976918,848,478,65.32219937922191,65.61834736043048,102.86498267836329,99.55547118513887,67.33309398474613,69.85051124302927,15.914709303527712
person_19.mp4,front,432,7207,59.94422845976918,848,478,67.7482279707654,67.18628727970876,103.21556777936647,100.07031235390313,68.48630435895652,70.06675561211587,16.87541206700872
person_19.mp4,front,433,7223,59.94422845976918,848,478,68.87917810655944,67.84677758793597,105.58322209951976,102.02013151516947,68.3497336732839,69.69536533329669,16.763571740118945
person_19.mp4,front,434,7240,59.94422845976918,848,478,70.34440006432173,68.78463669116316,106.69171464854469,102.34719424540017,68.29897532207629,69.15671241488646,17.575978211421006
person_19.mp4,front,435,7257,59.94422845976918,848,478,70.43785535469176,69.07910403911306,108.07864491513682,103.17081627920693,67.11669785825691,68.73596140505072,17.55636090195451
person_19.mp4,front,436,7273,59.94422845976918,848,478,73.52389812221338,72.04368633801813,109.63553481949779,105.6036785029037,67.36216016788602,69.4350987231247,18.18547063040898
person_19.mp4,front,437,7290,59.94422845976918,848,478,75.55240711595312,73.47437537395983,110.75497195336156,105.96877300604997,68.57085910541552,70.31074429378245,17.847289774981736
person_19.mp4,front,438,7307,59.94422845976918,848,478,76.61882636200613,74.26225332772422,113.70258916177791,106.7522313813642,66.57723677201594,68.96622721405818,18.64384095578028
person_19.mp4,front,439,7323,59.94422845976918,848,478,78.49091993693965,78.35909331102154,115.2059501647556,109.98120266074334,66.58015506608152,68.95102122155691,19.288790208926255
person_19.mp4,front,440,7340,59.94422845976918,848,478,80.06093345420709,84.37366864358384,113.34093056777706,116.22033098200156,67.44086367546646,69.91143591041848,20.14480520405274
person_19.mp4,front,441,7357,59.94422845976918,848,478,86.80202342313153,90.6387100663557,116.37977912441939,121.08259665216835,68.97595820950288,70.69545443773981,21.478977609664625
person_19.mp4,front,442,7374,59.94422845976918,848,478,86.57015779255455,91.27214344988303,115.0093883582091,121.27839930194428,66.98552770358432,68.42847479072634,23.980208814417555
person_19.mp4,front,443,7390,59.94422845976918,848,478,91.43159699414363,94.54050300587572,120.55710156378024,124.58725997904253,67.7473578445456,69.5244777181535,23.405149052269483
person_19.mp4,front,444,7407,59.94422845976918,848,478,96.46544698132698,98.47120006664261,123.4322313953891,125.66690881215612,67.11482191210031,68.90766321044492,26.700325419408745
person_19.mp4,front,445,7424,59.94422845976918,848,478,99.24881821429577,97.25891052971575,126.47987032554157,124.58104614493024,68.88170238312618,70.60489750331733,24.42196270910388
person_19.mp4,front,446,7440,59.94422845976918,848,478,103.91820045532366,99.53103399727294,132.34571564562683,127.43951706310456,69.0762370730651,71.8579339486513,23.67728042597512
person_19.mp4,front,447,7457,59.94422845976918,848,478,109.16963222503719,101.06790917162601,136.75948369886106,128.10801220558943,69.97881154415843,72.55962599440208,23.293666709338783
person_19.mp4,front,448,7474,59.94422845976918,848,478,107.92596717285501,100.26694799949293,135.0311072793641,126.81244366073221,70.02477588962064,72.83846204756647,23.614849856308368
person_19.mp4,front,449,7490,59.94422845976918,848,478,112.55247672036306,103.836296202154,138.53383630371576,129.5303953604342,70.56868985861726,72.76733436480986,24.233638366829204
person_19.mp4,front,450,7507,59.94422845976918,848,478,119.39036455434017,113.22910031423875,145.21443672322587,138.8004933788761,70.4515730716217,72.55469093208906,24.699163011366174
person_19.mp4,front,451,7524,59.94422845976918,848,478,120.95070326243466,117.4205665833989,146.96337097800077,143.5255804355011,70.29427547713806,72.71789018531052,24.315794008740188
person_19.mp4,front,452,7540,59.94422845976918,848,478,123.2702161250326,122.27691229161975,148.59506886620403,149.37603299508646,70.93477263732817,72.65480447059207,23.68925913207799
person_19.mp4,front,453,7557,59.94422845976918,848,478,125.36599926449678,120.68961878902299,150.96146770317026,146.94737616051233,71.51223446977707,73.46167596367941,23.11072638085385
person_19.mp4,front,454,7574,59.94422845976918,848,478,129.72654885625232,126.24491133538751,154.20419737031108,152.6063672074762,72.28853322261449,73.68749276503175,22.75001997501642
person_19.mp4,front,455,7590,59.94422845976918,848,478,129.49907675070077,130.4157505560487,154.66773529671175,157.51161741501735,71.70086265456553,72.95409960414325,22.45011246122673
person_19.mp4,front,456,7607,59.94422845976918,848,478,131.18670877939277,132.7870803486725,157.00241534907494,159.67073524969072,71.3384212663184,73.0075036204337,21.822783908412628
person_19.mp4,front,457,7624,59.94422845976918,848,478,133.03740608412647,132.8782631675222,158.09784350793407,159.0582665161043,72.07168173911052,73.58173046694016,21.679368070796503
person_19.mp4,front,458,7640,59.94422845976918,848,478,131.9170038076525,134.33813037489034,157.11613669160724,161.1997544893258,71.43217711467462,73.19475147720202,21.597454949233814
person_19.mp4,front,459,7657,59.94422845976918,848,478,131.93428640847318,133.00201818373733,156.2915797614518,158.54430235757172,72.31761008874561,73.87361831140993,21.53317376395139
person_19.mp4,front,460,7674,59.94422845976918,848,478,134.32606974814112,134.0148080524592,156.1814695224293,158.91477722756355,73.72711600326478,73.93843110514236,21.70296800414455
person_19.mp4,front,461,7690,59.94422845976918,848,478,136.15113937901523,134.85551220598688,156.6108181656573,158.97881220275283,74.66810936049691,74.47805908100926,21.594760187569626
person_19.mp4,front,462,7707,59.94422845976918,848,478,136.87740794625623,136.44473579061813,156.65468645840136,159.62614919638207,75.01834060954836,75.15389266151794,21.607909551357046
person_19.mp4,front,463,7724,59.94422845976918,848,478,136.5552046109154,135.61131244737163,156.426918148654,158.73271270838666,74.95916491910876,75.52818858274344,21.42667066394251
person_19.mp4,front,464,7741,59.94422845976918,848,478,134.6251473497835,133.88368390189885,154.84124442016565,157.16086727768362,74.94788511022432,75.35684787534753,21.278869234553255
person_19.mp4,front,465,7757,59.94422845976918,848,478,137.04091357955147,138.24322371474116,156.90560782546038,161.00536549491537,75.08955930397296,75.61594082692541,21.222355960855328
person_19.mp4,front,466,7774,59.94422845976918,848,478,138.8382524023478,137.74546883280922,158.24069959739697,160.24766666856902,76.42897560890293,76.97525748586797,20.52939264834308
person_19.mp4,front,467,7791,59.94422845976918,848,478,140.564796911053,140.83650834260965,159.93584985219277,163.42372394453466,76.51489232124332,77.1669753108581,19.938921146767658
person_19.mp4,front,468,7807,59.94422845976918,848,478,139.19494776752921,140.0622840853007,158.80588053940312,162.4543564338821,76.10685020200107,77.1396638291305,19.999525202053313
person_19.mp4,front,469,7824,59.94422845976918,848,478,140.30726980003277,140.67575484700382,160.2850110691309,163.562460930893,76.32890136055953,77.07213522094187,19.664277490666603
person_19.mp4,front,470,7841,59.94422845976918,848,478,140.1756012539331,140.0382304668108,159.69385107943185,163.40155794916103,75.54192183100957,75.8189699687092,19.99603037121453
person_19.mp4,front,471,7857,59.94422845976918,848,478,142.2179060424599,141.78949795216712,160.95124125043628,165.54862305736063,75.99423963586132,75.77507414444028,19.888064276098238
person_19.mp4,front,472,7874,59.94422845976918,848,478,142.13726600185254,143.57492841979177,160.68298717423164,168.38481490686937,75.42767817396793,74.62635350228474,20.194164845013464
person_19.mp4,front,473,7891,59.94422845976918,848,478,142.58483545644015,143.75010823432996,161.51307002563343,168.0987122888178,75.36247768732227,74.30689379155176,20.67873807997687
person_19.mp4,front,474,7907,59.94422845976918,848,478,144.17675314133248,143.771631208452,162.60438244066066,167.95137796197292,75.97886647354096,74.2152242762004,20.619616946039784
person_19.mp4,front,475,7924,59.94422845976918,848,478,143.46352003305293,143.2906080180417,163.48119181701347,167.28860145297003,75.02589490689235,74.6158569051296,20.685729896097072
person_19.mp4,front,476,7941,59.94422845976918,848,478,145.7091539186806,144.04277811131016,164.98014909147105,168.20801835938414,75.43313776711847,74.59524012627485,21.000022249387456
person_19.mp4,front,477,7957,59.94422845976918,848,478,144.5688092017972,144.20543605552314,164.06162529610907,168.63920809134225,74.84951920517787,74.39016243504544,21.46977909538521
person_19.mp4,front,478,7974,59.94422845976918,848,478,147.49323042098644,144.38050470082547,166.08620318038558,169.13935772248925,75.07407963072049,73.58381255612713,21.79808796606944
person_19.mp4,front,479,7991,59.94422845976918,848,478,146.7510234921475,143.97835127284023,165.98640576805167,169.00241265286755,75.21411396163232,74.04049168770193,21.694248056191142
person_19.mp4,front,480,8007,59.94422845976918,848,478,149.00849760394837,143.94619297174555,168.41680915615075,168.5379919466077,74.67192619911893,74.0210391433442,21.86896185360308
person_19.mp4,front,481,8024,59.94422845976918,848,478,151.6199898922815,144.59076763993752,169.61734488328761,168.51448833877748,76.2813378943935,74.87266482083326,21.748557546393762
person_19.mp4,front,482,8041,59.94422845976918,848,478,147.43518096419885,145.5791985661335,166.87344443519598,172.51399703806584,73.25209758145606,71.69014527396921,22.586600335433392
person_19.mp4,front,483,8057,59.94422845976918,848,478,148.36324753996894,145.74213638044304,167.86056590082222,171.6561927000449,73.50883916335249,72.16755618151433,22.658472757287612
person_19.mp4,front,484,8074,59.94422845976918,848,478,148.07399686581607,144.82588648807663,167.99332491188082,170.4126818238477,73.48524897054904,72.03242734703394,22.997709033399182
person_19.mp4,front,485,8091,59.94422845976918,848,478,148.60167347732832,145.71241611225213,169.08568321632035,170.63819487706462,74.17783434278581,72.83426193207046,22.793438432064082
person_19.mp4,front,486,8108,59.94422845976918,848,478,147.7895861873078,145.60129853001845,168.09654721657537,169.96912031807193,74.77237756777147,73.20920978961158,22.710408413974953
person_19.mp4,front,487,8124,59.94422845976918,848,478,150.31692389219825,145.51797648829117,167.88970122394372,170.19987554532145,76.46186571559073,73.83007851271121,22.28031129437834
person_19.mp4,front,488,8141,59.94422845976918,848,478,149.17134900058824,145.22805113114944,167.04178794828107,169.71793053966013,76.02260456383502,73.98449532138166,22.2652308224085
person_19.mp4,front,489,8158,59.94422845976918,848,478,148.84236565375386,144.92657056814292,165.93720573771267,170.17310259411084,76.17284601079598,72.81334107515946,22.793675439681117
person_19.mp4,front,490,8174,59.94422845976918,848,478,148.19893219615847,145.92915908259712,165.19250367387053,170.7322010536365,75.77790949534851,72.90295281607192,23.05635789901342
person_19.mp4,front,491,8191,59.94422845976918,848,478,149.80283671595907,148.0864543867775,165.3213878951709,169.9675821074915,77.1561141907127,75.88832509271978,22.462487723909046
person_19.mp4,front,492,8208,59.94422845976918,848,478,149.01039691785223,146.68704326746962,165.1210654977766,169.78140602948025,76.96173734427238,75.00304360559532,22.475644049489055
person_19.mp4,front,493,8224,59.94422845976918,848,478,148.65666023701195,146.40276419418473,165.12092259706455,169.64360542601761,76.88170458145984,74.98037466093965,22.377155349896523
person_19.mp4,front,494,8241,59.94422845976918,848,478,148.6050268062738,146.1273576988864,165.20213663814656,169.74307407523386,76.94757708958453,74.79806660877301,22.378346957184498
person_19.mp4,front,495,8258,59.94422845976918,848,478,148.20046047363886,145.9276927918046,165.0190194256364,169.6405308549557,76.92707545405732,74.88584128020483,22.357519932504413
person_19.mp4,front,496,8274,59.94422845976918,848,478,148.56898681223518,146.87619339358415,165.25106660449524,170.1645570371859,77.24004881982455,75.71307061409593,21.81774587504435
person_19.mp4,front,497,8291,59.94422845976918,848,478,148.853242378851,146.69352574102493,165.44270948939285,170.44140091401434,77.46542561715884,75.44729222239069,21.69761378082401
person_19.mp4,front,498,8308,59.94422845976918,848,478,149.2042043902169,147.36181916267438,165.47879440372301,170.5556443110383,77.71517238438094,75.91063288886657,21.377887072687123
person_19.mp4,front,499,8324,59.94422845976918,848,478,149.3290987743274,147.01719888170436,165.3906616754646,170.10724558363805,77.85769789359533,75.67706580957717,21.64766811636548
person_19.mp4,front,500,8341,59.94422845976918,848,478,149.3682109453005,147.7190016547905,166.40355437467105,170.31493952104293,77.58928975276197,76.3725069466866,20.850377931898283
person_19.mp4,front,501,8358,59.94422845976918,848,478,149.93124862352983,147.88525594052436,166.8392340916628,170.1516982660224,77.8899474602744,76.7038962901476,20.823879675084314
person_19.mp4,front,502,8374,59.94422845976918,848,478,151.03391350440754,148.4775255581826,168.19708512228044,169.8164017931326,78.42339998211693,77.3729670967986,20.347949726691027
person_19.mp4,front,503,8391,59.94422845976918,848,478,151.13201049678756,147.83153758521263,167.5831666429209,169.94436612630025,78.80740128552975,76.77549569543844,20.631355165386523
person_19.mp4,front,504,8408,59.94422845976918,848,478,151.09925079734154,147.44770794260742,167.6791267586173,169.27197156198812,79.06764957537096,77.06417923614865,20.54332944581735
person_19.mp4,front,505,8424,59.94422845976918,848,478,151.45738106593177,147.49213828110533,167.89767905955262,169.18110441485666,79.21013824048623,77.3050050727836,20.558158009524607
person_19.mp4,front,506,8441,59.94422845976918,848,478,152.61590778105455,148.06221021266387,168.54048402612332,168.61653846172203,80.1169315448287,78.57598537890166,20.527010794449993
person_19.mp4,front,507,8458,59.94422845976918,848,478,153.46610743235118,147.76373180646576,168.00438824906996,168.90453574667535,80.42170695228748,78.05533021489498,20.805442081529673
person_19.mp4,front,508,8475,59.94422845976918,848,478,152.9681858349678,147.5303815548604,167.5119297271102,168.9666168331629,80.0401511432986,77.69040374732697,21.039585849645224
person_19.mp4,front,509,8491,59.94422845976918,848,478,152.7367156479526,147.63852038904494,167.34090534915848,169.0790618453088,80.0264176552626,77.80683048148873,21.095673558778397
person_19.mp4,front,510,8508,59.94422845976918,848,478,152.54501207240386,148.1297004139836,167.40775667079686,169.62472492077708,79.78453702255581,78.33627019912673,20.969782812753962
person_19.mp4,front,511,8525,59.94422845976918,848,478,152.41886160285318,148.2861558273002,167.35600664966026,169.9541930044357,79.27518311789866,78.21953478476665,21.083854994377806
person_19.mp4,front,512,8541,59.94422845976918,848,478,151.74525014245202,147.69212953538351,167.25370023836157,170.15786911764235,78.6237874672769,77.47617482169744,21.165781784924487
person_19.mp4,front,513,8558,59.94422845976918,848,478,150.54824379898403,147.04753902578014,166.8795159410515,170.06596109353285,77.51401331808792,76.87381640931825,21.429641226835184
person_19.mp4,front,514,8575,59.94422845976918,848,478,148.94773102620132,146.50108371142804,165.70716885655628,169.92350905380442,77.19900094161011,76.42706128992259,21.49243141662508
person_19.mp4,front,515,8591,59.94422845976918,848,478,147.59160475628147,146.37036715532778,164.82155385540398,169.73219455513689,76.84715149300506,76.30729864423587,21.5575530693827
person_19.mp4,front,516,8608,59.94422845976918,848,478,146.3131435219107,146.0215849677022,164.1450727089827,169.4182970934257,76.3856250480043,75.8073160542451,21.73523302275892
person_19.mp4,front,517,8625,59.94422845976918,848,478,146.8349343847527,146.02873265349686,164.3376926965621,169.4445452975805,76.61982458029993,75.79037026792903,21.658371374766848
person_19.mp4,front,518,8641,59.94422845976918,848,478,146.52126832581803,146.02639378982275,163.86179916446267,169.7993157684371,76.5389121981083,75.48206247990032,21.637673872820567
person_19.mp4,front,519,8658,59.94422845976918,848,478,145.41837956168698,145.6366923597814,163.3170237566351,169.94255612049787,75.94777882003038,74.82577879573968,21.632187364020105
person_19.mp4,front,520,8675,59.94422845976918,848,478,146.02834143767444,146.00605754869844,163.3984290791963,170.14252048809072,76.39647754261901,75.26422127660454,21.3926894405938
person_19.mp4,front,521,8691,59.94422845976918,848,478,146.75966181061213,146.35449560591027,164.05195072281504,170.106874802443,76.92262358920293,75.40935208415786,21.069173108506902
person_19.mp4,front,522,8708,59.94422845976918,848,478,146.90360082144636,146.29543098394183,164.10646884041634,171.08056768072493,76.91729516596462,74.6480857165439,21.071771819403796
person_19.mp4,front,523,8725,59.94422845976918,848,478,144.78273124878604,147.15532666437915,162.59182100378584,172.93452560284686,75.82840535408823,73.47128413158902,21.43880490651005
person_19.mp4,front,524,8741,59.94422845976918,848,478,144.7529155148962,147.63292300646594,162.7634100397006,172.39611732508243,75.75127092907614,73.8964722819567,21.48781163951355
person_19.mp4,front,525,8758,59.94422845976918,848,478,142.3595006599333,146.6656788730202,160.5711884123387,171.56204410963528,74.82224502521197,72.49831642275657,22.725913164668636
person_19.mp4,front,526,8775,59.94422845976918,848,478,141.30124506923974,146.93039517616413,159.84205514621175,171.23431897993768,74.29689712002816,72.9258730586177,22.831561161986077
person_19.mp4,front,527,8792,59.94422845976918,848,478,141.17513411493945,146.14961428235875,159.93042119427656,170.56576923139477,74.20709957741526,73.16586968262995,22.69597832736088
person_19.mp4,front,528,8808,59.94422845976918,848,478,141.32057251297843,144.32611018694945,160.63833554101456,169.38246153544432,74.35288775738765,72.06129536569952,22.402007245378346
person_19.mp4,front,529,8825,59.94422845976918,848,478,142.3086400514683,143.19692147415986,160.75362505116922,165.30820375681884,75.60072261493478,75.6502403641371,22.129434425558337
person_19.mp4,front,530,8842,59.94422845976918,848,478,142.79446787018324,141.96546490288947,161.02972740017444,163.3349377563097,76.25576355587627,76.70269958680986,21.80002023288573
person_19.mp4,front,531,8858,59.94422845976918,848,478,142.44832171666974,135.17614775305967,159.15865419788457,157.10084721025214,77.28402013694283,75.88178868726759,21.93879473351988
person_19.mp4,front,532,8875,59.94422845976918,848,478,140.59321680791516,133.4282291059919,157.01336093190895,154.69944506892656,77.36977868272997,76.11817550761869,21.817265646250736
person_19.mp4,front,533,8892,59.94422845976918,848,478,141.14239460465186,129.42322396067087,157.21760897919464,150.3650178612091,78.04290370580206,77.0454499315059,21.62599546239622
person_19.mp4,front,534,8908,59.94422845976918,848,478,140.56946292943314,130.7032344592174,156.21948851024865,151.88822678444959,77.73760741561482,76.52080438159251,21.938473310979894
person_19.mp4,front,535,8925,59.94422845976918,848,478,136.3887401266338,124.03876956650831,151.85349583698397,144.17319816835436,77.95002673483083,77.16961691300169,22.141230506983735
person_19.mp4,front,536,8942,59.94422845976918,848,478,138.30717571268124,127.89222052391843,154.16712493632204,146.75177108834419,78.42009048771959,78.00277091280196,21.810141689180032
person_19.mp4,front,537,8958,59.94422845976918,848,478,135.00194232966328,126.37527668449323,152.38787190868385,146.761570418837,76.60998419610983,76.6049927070735,21.962365626456
person_19.mp4,front,538,8975,59.94422845976918,848,478,133.628673395161,122.43238532673081,151.02300600594575,141.85624251751915,76.93868738636225,77.55956432269362,21.787206616169144
person_19.mp4,front,539,8992,59.94422845976918,848,478,131.32528409312775,118.37029118264529,148.80711635221638,137.80950529030596,76.81827489506236,77.83489979713225,21.870633984587435
person_19.mp4,front,540,9008,59.94422845976918,848,478,122.75033029823136,110.29591994648247,142.97434877459867,131.28070313622413,74.47550719670241,76.56211398738563,22.00143224088064
person_19.mp4,front,541,9025,59.94422845976918,848,478,125.59595654909235,116.99977332500438,145.03794210891067,138.51319833870647,75.10100822403902,76.17962657406134,22.01621399354078
person_19.mp4,front,542,9042,59.94422845976918,848,478,121.09973158630766,109.98605751600599,140.6819019918845,129.87504851796407,75.36061312826527,77.92382656609006,22.030895838182463
person_19.mp4,front,543,9058,59.94422845976918,848,478,115.96311678789328,107.18999018141045,137.93121791257352,128.48286357850466,73.35178484297857,76.36941497659474,22.084914943929128
person_19.mp4,front,544,9075,59.94422845976918,848,478,103.01794517137708,96.61349075153764,125.94471129765815,118.22841992322996,72.95751774495966,76.01288544289453,21.935560632037138
person_19.mp4,front,545,9092,59.94422845976918,848,478,106.87193998341306,100.92645779650468,129.24976629285578,122.20143460575507,73.13949589238264,76.46257784948851,21.97323868939036
person_19.mp4,front,546,9108,59.94422845976918,848,478,103.0292151052105,95.23365024284479,124.9236483115432,116.28387395657313,73.89199464485147,76.46732791353863,21.967666695173683
person_19.mp4,front,547,9125,59.94422845976918,848,478,96.65024914816314,89.76958098070902,118.13505422805007,111.24085253930444,74.61003194220856,76.78918360978618,20.851576096638855
person_19.mp4,front,548,9142,59.94422845976918,848,478,96.47184094470316,91.02363238137174,115.15152193302785,109.74003502175866,78.22574549615851,79.39889581601598,20.205072905105425
person_19.mp4,front,549,9159,59.94422845976918,848,478,96.22179325550901,88.95382767420757,116.48176094065441,109.04338303654654,76.98609659591487,78.31651228579953,19.9425890323418
person_19.mp4,front,550,9175,59.94422845976918,848,478,92.77457713596955,87.53284132005646,114.07490113681511,108.15367705504525,75.85336501372855,77.53094631149418,20.16375890773673
person_19.mp4,front,551,9192,59.94422845976918,848,478,89.47867484906571,84.28563174614303,111.37443084805939,105.39794920035315,75.4042931025498,76.35518041581521,20.123771796289653
person_19.mp4,front,552,9209,59.94422845976918,848,478,89.91567255716367,84.97608494433784,111.22124959342105,104.51007499620323,77.19772439847016,78.1183123954226,19.666496975756473
person_19.mp4,front,553,9225,59.94422845976918,848,478,88.45918458210495,85.01720300484361,108.76317675474702,103.16354339197164,78.31161144675747,79.05030058217118,19.5558519167642
person_19.mp4,front,554,9242,59.94422845976918,848,478,87.68510635708809,84.45629232810772,106.6748258096308,101.8234706403082,79.0060026753031,79.76586646821886,19.466999451261724
person_19.mp4,front,555,9259,59.94422845976918,848,478,86.26946172265467,83.09588196814754,105.85883508639897,101.39127516227772,78.09613969975047,79.1602460980845,19.74246900852268
person_19.mp4,front,556,9275,59.94422845976918,848,478,86.18221819884576,82.80578049744435,106.5868147198356,101.56507296233694,77.99577198118153,79.25947360736792,19.30773023874581
person_19.mp4,front,557,9292,59.94422845976918,848,478,86.11301373693001,82.48212642510481,106.14966447096153,101.56822807061029,78.39944828803209,79.60151747874805,19.137760700359774
person_19.mp4,front,558,9309,59.94422845976918,848,478,82.21176248750412,79.43925424853887,103.47403382846703,99.18586423801722,76.67169263833341,78.22280436842534,19.61506766897025
person_19.mp4,front,559,9325,59.94422845976918,848,478,82.30507747039888,79.47998216142452,102.8591895123407,99.88987910438637,77.74691272961752,79.21102676562316,18.78304396475888
person_19.mp4,front,560,9342,59.94422845976918,848,478,80.71757920140332,77.89006239403334,103.35879216818083,100.39420714408799,76.62771279131938,77.93268523682532,17.44392368286077
person_19.mp4,front,561,9359,59.94422845976918,848,478,77.55073161627519,75.04709012712331,101.9012112708478,98.78904415826159,74.51238917806728,76.05966902740657,18.249370220003822
person_19.mp4,front,562,9375,59.94422845976918,848,478,77.5664367890661,74.05068276593218,102.69943621373437,98.36259875012296,74.08845632626608,75.84348091072091,18.41427469654422
person_19.mp4,front,563,9392,59.94422845976918,848,478,76.43768923799682,74.24167155354706,101.63872976244696,97.77078889113488,73.67591915058132,76.31997161033415,18.46939654769802
person_19.mp4,front,564,9409,59.94422845976918,848,478,75.85374663907953,73.75079766795355,101.93882883303644,98.12809088339793,73.12713241122712,75.6097373835991,18.646205973159883
person_19.mp4,front,565,9425,59.94422845976918,848,478,73.50237977906835,72.31214179131949,100.83070456152133,97.0060947765595,71.49936206602669,74.80490685696721,18.818309492658614
person_19.mp4,front,566,9442,59.94422845976918,848,478,72.14852597565111,71.5921532064935,99.48298177612763,96.0960803365964,70.98004246767239,74.34415325515519,19.06327854181794
person_19.mp4,front,567,9459,59.94422845976918,848,478,72.817526996831,72.00143916067388,99.24604631741,96.49125032349268,71.89511111257657,75.00787327816447,18.00613370023458
person_19.mp4,front,568,9475,59.94422845976918,848,478,73.85104866969859,72.39025366955732,103.22343342072296,100.25144864165934,72.59709613829423,75.51697670899122,14.874717817616208
person_19.mp4,front,569,9492,59.94422845976918,848,478,72.43714887102173,71.27755113607174,103.71541333551437,100.79868034276987,72.12043006425195,75.03556792425019,13.78705118056782
person_19.mp4,front,570,9509,59.94422845976918,848,478,72.33389342596017,70.9569147325205,105.3222739083944,101.5555369804605,72.80030893422325,75.46733141900326,12.10856950846557
person_19.mp4,front,571,9526,59.94422845976918,848,478,71.37298730402622,69.81124923877483,105.16490374244287,100.56339690330682,71.0942843721955,74.32907733011025,13.000825531804832
person_19.mp4,front,572,9542,59.94422845976918,848,478,70.02765633140018,68.00806107205189,104.62095891423633,99.65336370882335,70.23890783264878,73.67255564846421,13.23712684403814
person_19.mp4,front,573,9559,59.94422845976918,848,478,69.1590440672389,67.58808643097768,102.91250666637254,98.0545910193495,70.45860702064782,73.69880680713646,14.220663498606802
person_19.mp4,front,574,9576,59.94422845976918,848,478,68.44090593489665,67.07851545104039,101.25029970104893,96.56049228449523,70.74041840157588,73.73407428263586,15.091043380702757
person_19.mp4,front,575,9592,59.94422845976918,848,478,68.75832425998179,67.25772799553121,102.043161355771,96.9578856024438,71.11979991479949,73.97023149328224,14.564480938201056
person_19.mp4,front,576,9609,59.94422845976918,848,478,68.02744050563555,64.95360705062073,101.37451104973904,96.18818004125598,70.55001097834982,72.18426242435541,14.983707805803876
person_19.mp4,front,577,9626,59.94422845976918,848,478,67.45971628624626,65.32829754926782,102.19481239770307,96.06278588285919,71.48824075375643,73.48861114844341,14.890326921767201
person_19.mp4,front,578,9642,59.94422845976918,848,478,64.68111776193213,62.9079713453503,103.24124206689777,96.122675262565,69.58551486995735,71.14622265253156,13.711953771383516
person_19.mp4,front,579,9659,59.94422845976918,848,478,63.29326215302046,62.18958735805164,102.85298212236515,95.56283062125182,68.96783121434113,70.77571261466055,13.61777754711727
person_19.mp4,front,580,9676,59.94422845976918,848,478,61.10213001059241,59.80188065247878,101.66657051191893,94.50764854525943,67.45160923355837,69.45986061629193,13.87377377378664
person_19.mp4,front,581,9692,59.94422845976918,848,478,60.899848858444784,60.07439670220692,99.77497157900666,93.20697830961322,67.64224261382522,69.89654266324631,14.325280409371441
person_19.mp4,front,582,9709,59.94422845976918,848,478,60.700800195147814,59.52966578468252,102.2030308615702,94.4057007114164,69.56156014241657,68.52533492246803,12.712106769440949
person_19.mp4,front,583,9726,59.94422845976918,848,478,61.12087419224414,59.68921971741794,102.21302044181238,94.7857586252199,69.52314633873374,68.62248383563472,12.476730101448721
person_19.mp4,front,584,9742,59.94422845976918,848,478,60.15865644782373,59.594535087608534,104.8321711653723,96.45103135359457,69.54306146473435,70.42501020357362,10.218762791405833
person_19.mp4,front,585,9759,59.94422845976918,848,478,57.878295289840274,58.25500345274981,105.91016522906749,97.67237502455394,68.03648799829247,71.72173316973003,8.766692823867995
person_19.mp4,front,586,9776,59.94422845976918,848,478,56.49096847030541,55.61219050838107,106.38350570249618,99.73718562880904,67.09533478883903,70.31923699913519,7.416669166660163
person_19.mp4,front,587,9792,59.94422845976918,848,478,55.71991200994413,55.46393735782952,106.55649364852381,100.39325626426603,66.65709135098395,69.8603615127206,6.9094330103997645
person_19.mp4,front,588,9809,59.94422845976918,848,478,55.81743630802646,54.973163578509165,107.80622510726411,100.11017633144192,66.96560711516594,69.51259877660019,6.431064609689291
person_19.mp4,front,589,9826,59.94422845976918,848,478,56.06615386008228,54.74974288147439,107.50541292465829,100.3212749740156,66.86437838548296,69.42460369541038,6.227024374915221
person_19.mp4,front,590,9842,59.94422845976918,848,478,56.43110856112688,54.34697902749977,107.15103448437146,100.18942754209941,67.09560259492164,69.41445161000205,6.335149443250143
person_19.mp4,front,591,9859,59.94422845976918,848,478,56.47607553735932,53.77869579544628,106.51888913381157,100.74399545330061,67.25660770697348,69.34557906883428,6.262709497743884
person_19.mp4,front,592,9876,59.94422845976918,848,478,56.20744258969093,53.763722334355926,105.34306366933377,100.5682376891557,67.75757288893374,69.36737006376474,6.61549277207837
person_19.mp4,front,593,9893,59.94422845976918,848,478,56.44019245756026,53.81848489471398,105.05141865498064,100.41350639935071,68.01064477863414,68.85926816190074,6.760691889079636
person_19.mp4,front,594,9909,59.94422845976918,848,478,55.910094639874536,53.52561726627839,104.40761323371822,99.19278681876527,68.13325897647522,68.48051236747719,7.461825723286677
person_19.mp4,front,595,9926,59.94422845976918,848,478,55.16572077360848,53.163008256942156,104.06768282163169,98.65055705108746,68.59722047108478,68.6478480757244,7.740699164823284
person_19.mp4,front,596,9943,59.94422845976918,848,478,52.760974479307116,51.84249122040484,99.57420660172087,93.22326629267756,67.91254534866184,68.11934517046694,12.194915557100193
person_19.mp4,front,597,9959,59.94422845976918,848,478,52.12747013123084,51.615920828073655,98.98148064251613,93.10473535869461,67.39720554114311,67.9091991628515,12.398725209999213
person_19.mp4,front,598,9976,59.94422845976918,848,478,51.35230026435593,50.966061221433264,98.28853341045082,93.04525453465801,67.05066843202908,67.31880082048697,12.760394826650193
person_19.mp4,front,599,9993,59.94422845976918,848,478,50.586049967445405,50.81900077650798,97.71094617693545,93.13105782047278,66.98156143430299,67.42928272478964,13.068934017280526
person_19.mp4,front,600,10009,59.94422845976918,848,478,52.994084187936764,52.537901966565485,99.89715604481529,96.88544609496272,68.32719130823685,69.06631807609706,10.93169079584249
person_19.mp4,front,601,10026,59.94422845976918,848,478,53.099336094585894,52.64086811266919,100.26036715125221,96.61580442788056,67.7785840525989,68.63265366984244,10.865704802536895
person_19.mp4,front,602,10043,59.94422845976918,848,478,53.31352611478852,52.76035112243186,100.11992303709592,96.64411486947279,67.65890657180567,68.4759083661684,10.981878961693312
person_19.mp4,front,603,10059,59.94422845976918,848,478,54.01813402123417,53.37707383619754,101.16154504998103,97.5386900730882,68.36271934677345,69.1361429768673,10.345191367084468
person_19.mp4,front,604,10076,59.94422845976918,848,478,53.5940529526281,53.08243082140587,101.03838039051317,97.38261411743336,68.77193499863344,69.47420062109099,10.552516487693204
person_19.mp4,front,605,10093,59.94422845976918,848,478,53.82151256559175,53.220834347630245,101.55815320644676,97.75042064750481,68.59548453556552,69.26098906636048,10.167252373934353
person_19.mp4,front,606,10109,59.94422845976918,848,478,53.94785017650265,53.2764908581053,101.59866084318229,97.67170989100062,68.36655512447233,69.02223111732768,10.192661022728993
person_19.mp4,front,607,10126,59.94422845976918,848,478,53.69331377383621,53.38155667736861,101.25057120777483,97.62886851962789,67.9166223674139,68.94954273360662,10.371490096091808
person_19.mp4,front,608,10143,59.94422845976918,848,478,53.950150959232744,53.648890045298565,100.94711081913003,97.50976170071638,68.33016151758775,68.88877075673196,10.619033528763305
person_19.mp4,front,609,10159,59.94422845976918,848,478,53.72785681386698,53.7328071183815,100.16858149798493,96.11447732161001,68.0552893751006,68.69660720512313,11.65584581907574
person_19.mp4,front,610,10176,59.94422845976918,848,478,52.5967632064254,53.491948049911535,96.4531488966369,92.94977810556944,67.2231201248118,68.1998579024219,14.835047352681634
person_19.mp4,front,611,10193,59.94422845976918,848,478,52.58070075505049,53.504492687234915,96.66278889126663,93.51890824204092,67.16556283279856,68.16400610812285,14.486048378710155
person_19.mp4,front,612,10209,59.94422845976918,848,478,52.61650695901993,53.05951370392831,97.1595674955374,93.69202509590856,67.1386874520158,67.84160931004898,14.21713343009697
person_19.mp4,front,613,10226,59.94422845976918,848,478,52.51466476653505,52.86245945893496,98.22602532117637,94.3124228681906,67.17363488079178,67.687155836299,13.454812380532536
person_19.mp4,front,614,10243,59.94422845976918,848,478,53.003627007546164,53.27208019782934,100.18822361226694,95.87751172759106,67.69646795153511,68.19329336194777,12.10935735967385
person_19.mp4,front,615,10260,59.94422845976918,848,478,53.34494593615349,53.76502635204443,100.97401991630143,97.01901724550294,67.8500925822661,68.4433754832948,11.261329943110342
person_19.mp4,front,616,10276,59.94422845976918,848,478,53.535671013677906,53.89754371666305,100.5997036711744,97.1222722993059,67.81735971899724,68.10026639177266,11.474754687622292
person_19.mp4,front,617,10293,59.94422845976918,848,478,54.180811668553964,54.06341341068926,99.00471270203258,96.35963902680406,67.29374662558578,67.64413514539575,11.90130590683527
person_19.mp4,front,618,10310,59.94422845976918,848,478,55.433230177317334,54.58277472508022,99.76847961346122,96.71714325097182,67.50202374342044,68.00620742966589,11.785117902630706
person_19.mp4,front,619,10326,59.94422845976918,848,478,55.611323820614615,54.74868227415878,99.99762926847768,96.85586697189112,68.43345295842903,68.27992251472709,11.665701365078679
person_19.mp4,front,620,10343,59.94422845976918,848,478,55.04487063127937,54.87776366210556,99.85880339719657,96.69440251489056,68.21731295927763,68.30144372458054,11.751637557479327
person_19.mp4,front,621,10360,59.94422845976918,848,478,55.96867335209689,55.78006158883751,102.20609336613971,98.62848415500198,68.835504221539,68.73800579996347,10.230760845292082
person_19.mp4,front,622,10376,59.94422845976918,848,478,56.75713433256832,56.38400411719212,102.35648661931577,99.24275471720011,68.50008341888403,68.75377812670041,10.024876528354604
person_19.mp4,front,623,10393,59.94422845976918,848,478,56.86165190857524,56.94240565609972,103.98982632555696,101.10600221194703,68.67562481820507,69.26584081550064,8.779253260314034
person_19.mp4,front,624,10410,59.94422845976918,848,478,58.06902279154703,57.97856870493902,104.48227119232025,102.85016793720602,69.59199701505831,70.30181064921315,7.737908847202854
person_19.mp4,front,625,10426,59.94422845976918,848,478,57.951806795404806,58.12717648840674,106.86923608883377,104.15428013067724,69.56243881390229,70.36720874780175,6.265445709104386
person_19.mp4,front,626,10443,59.94422845976918,848,478,57.72936570110302,58.24860372905377,106.30366716065922,104.25773693406865,69.20971377637699,70.11449234420375,6.6886020050521715
person_19.mp4,front,627,10460,59.94422845976918,848,478,58.415689820122886,58.670224920473714,108.89424382607446,104.78983344278235,69.80783182315285,70.90478405542511,5.675975477216279
person_19.mp4,front,628,10476,59.94422845976918,848,478,58.67970631289786,58.591754030088765,108.23755044174912,103.520295458189,69.30791362147879,69.94159629734081,6.452255026497338
person_19.mp4,front,629,10493,59.94422845976918,848,478,59.36436905202359,59.19927545965564,108.52348854146001,103.64292942498857,69.30087446953122,69.80965639848446,6.583805778565948
person_19.mp4,front,630,10510,59.94422845976918,848,478,58.99573022286005,58.97335612431438,106.9982067546068,100.26695885312962,68.37869379283045,69.6526043033861,9.058542450148744
person_19.mp4,front,631,10526,59.94422845976918,848,478,58.7537042784018,59.09186210339403,106.88824984605172,100.47398357548707,67.49530514858691,68.99114771016941,9.224450172299537
person_19.mp4,front,632,10543,59.94422845976918,848,478,59.59938612553379,59.57626248764535,107.14528708467245,99.47757775864167,67.57540298528178,68.59055254615953,9.690010970791453
person_19.mp4,front,633,10560,59.94422845976918,848,478,60.11601758355377,59.84448080871238,105.09277042680098,97.97197058920891,67.6881879422211,68.97862846001449,11.728601684287444
person_19.mp4,front,634,10576,59.94422845976918,848,478,60.4122556969877,59.29879318287267,104.58801814466926,98.56237058392992,68.32453000520935,67.17467562066786,12.099056349187267
person_19.mp4,front,635,10593,59.94422845976918,848,478,60.15115636653252,59.278898138834386,103.14533543918802,97.44028371951087,67.4892413880307,66.13990064858841,13.61841638023135
person_19.mp4,front,636,10610,59.94422845976918,848,478,60.195769941308235,59.65914217127159,103.89037661246707,98.28944166769917,67.22871459051909,66.23420277378791,13.171332761057046
person_19.mp4,front,637,10627,59.94422845976918,848,478,60.6139673491699,60.06770157540173,100.28934251222574,93.74728952939117,65.62613459159975,65.59912014159175,17.063161609664093
person_19.mp4,front,638,10643,59.94422845976918,848,478,61.26026832794042,61.55779995167169,101.5882570288487,96.04433516211152,66.45842793398396,67.27449056755397,15.800043814638315
person_19.mp4,front,639,10660,59.94422845976918,848,478,63.3277103091402,62.708341613831756,101.34373034052443,96.39894006363265,67.60370290281311,67.99526518463756,15.684510810494109
person_19.mp4,front,640,10677,59.94422845976918,848,478,64.59085297692926,63.1736902403812,102.77913564944731,96.68634536160839,69.47149435721171,68.31708781860107,15.40123724001419
person_19.mp4,front,641,10693,59.94422845976918,848,478,65.2233351118081,64.15084069783195,102.602941404543,95.61714239392646,69.23818364048698,68.60129228960255,16.2697551350488
person_19.mp4,front,642,10710,59.94422845976918,848,478,65.34323528096056,64.68185662935119,103.0817999150991,96.40650703450652,69.01584467037702,68.82561850754409,15.821053987594933
person_19.mp4,front,643,10727,59.94422845976918,848,478,64.18843223015965,64.76400477309632,106.8277364058055,98.06771755980867,67.20968495463157,69.24518846012342,13.713859030276813
person_19.mp4,front,644,10743,59.94422845976918,848,478,64.15013503386348,64.07043788596613,107.42006812451449,98.40110825734772,66.69143340342043,67.17396070031732,13.681759521102773
person_19.mp4,front,645,10760,59.94422845976918,848,478,64.61838528285006,63.91942610402452,102.24658590864084,94.84021883223942,67.59268304191407,67.06251394691168,18.045435347389557
person_19.mp4,front,646,10777,59.94422845976918,848,478,65.02120486790568,64.36761217874245,103.6626480761913,97.32184698391013,67.71483028737968,67.12562315335374,16.794470501506524
person_19.mp4,front,647,10793,59.94422845976918,848,478,67.86041966780644,66.10111523209281,103.04288371828515,96.91181885583843,68.38458668015438,68.38321477022185,17.52433343054386
person_19.mp4,front,648,10810,59.94422845976918,848,478,69.1028556138372,66.93414531328419,105.22489639549082,97.90014483971277,69.27557275753811,69.52931761105937,16.639127566352144
person_19.mp4,front,649,10827,59.94422845976918,848,478,70.43831491968366,68.74015921976059,106.39618787643676,99.08922243927128,70.31423821120964,70.27754623013166,16.294916407587912
person_19.mp4,front,650,10843,59.94422845976918,848,478,71.29679265000436,70.34888698631072,105.65106787752173,100.19996065443382,70.16366862950987,70.17100364396781,17.31646047977208
person_19.mp4,front,651,10860,59.94422845976918,848,478,71.30139971807384,70.09921701013175,105.78729708322642,100.48806405021278,70.53001350730034,70.63075446586836,17.174069218696758
person_19.mp4,front,652,10877,59.94422845976918,848,478,72.34761369317722,70.91264655754877,107.94978607006566,102.66634410355087,70.18570313321136,70.63761356060922,16.87796436659876
person_19.mp4,front,653,10893,59.94422845976918,848,478,75.10541154024584,73.73004390516499,111.69323007694253,106.03237177096025,70.12662036429847,71.77669975530745,16.91533374780122
person_19.mp4,front,654,10910,59.94422845976918,848,478,76.92139673716534,75.41938458162035,114.245181949495,108.08106551777189,69.48709172764191,72.1708419759171,16.957480776720285
person_19.mp4,front,655,10927,59.94422845976918,848,478,79.12409682390857,79.62244937803021,114.91453053529084,111.60740164925808,70.36482803029214,72.23552557889067,17.235158866297706
person_19.mp4,front,656,10944,59.94422845976918,848,478,82.07757941265267,84.71674727414023,116.86889565138647,115.51764590460542,70.87985377491252,72.60287755728714,18.249768513425934
person_19.mp4,front,657,10960,59.94422845976918,848,478,79.13964255755211,82.82289767645905,114.30087278843578,112.75816430304975,69.99233450183962,71.0235398666461,19.321133121030538
person_19.mp4,front,658,10977,59.94422845976918,848,478,83.42326691147578,85.63660312332522,117.68255472250635,114.55486311107286,70.5761447453801,71.8961920356384,19.811766594274914
person_19.mp4,front,659,10994,59.94422845976918,848,478,83.23825082400883,85.6554564133463,116.72775799056093,114.66516320912943,70.1606961662624,71.44468440002794,20.419732373496828
person_19.mp4,front,660,11010,59.94422845976918,848,478,88.230348199229,89.26832526326426,120.1968714082432,117.53079425230702,71.79027942841044,73.12617302804264,19.979867602588335
person_19.mp4,front,661,11027,59.94422845976918,848,478,91.25825610628871,94.58253977647738,121.22239976464961,123.23578714474974,71.95631953011461,73.04368166708923,20.256813888164867
person_19.mp4,front,662,11044,59.94422845976918,848,478,93.9061247741783,96.13854266201339,123.5440094900491,123.48540570796116,70.83975576099698,71.91412864831301,22.057028687117587
person_19.mp4,front,663,11060,59.94422845976918,848,478,101.88395894282733,98.98493277916445,128.4005752816003,124.51355306108904,72.9127449349538,74.68978495096205,21.997389000491022
person_19.mp4,front,664,11077,59.94422845976918,848,478,98.10100084786552,97.19749384756052,125.15763165861753,123.25465380255757,72.38162686852364,74.42732520872187,22.74035058242098
person_19.mp4,front,665,11094,59.94422845976918,848,478,107.48478720629365,105.98352856372249,132.75927571976305,130.55880505655475,72.96804911769198,75.05784144325001,23.277897088890946
person_19.mp4,front,666,11110,59.94422845976918,848,478,107.34365347848005,108.04621100617145,132.8061730226459,133.88205182026894,70.88015003660445,72.89339590079167,24.135939730383203
person_19.mp4,front,667,11127,59.94422845976918,848,478,114.96133141871447,111.78799214969325,138.72125141917064,136.44846844132022,73.22852338136394,73.99256759846162,23.58042183809839
person_19.mp4,front,668,11144,59.94422845976918,848,478,113.89896534790964,111.5978443771473,137.92315400366587,136.0212919086822,72.90256098378683,74.37376970272747,23.292886861554184
person_19.mp4,front,669,11160,59.94422845976918,848,478,117.99489628464464,112.3815216826216,142.68126277972738,137.71991206893608,71.23345258058191,73.01770637710527,23.873100350345307
person_19.mp4,front,670,11177,59.94422845976918,848,478,120.13640294936899,114.1231860845956,143.35468686008068,139.08036423800442,72.00428251672629,73.64400206849963,23.553255894416175
person_19.mp4,front,671,11194,59.94422845976918,848,478,123.63127535087577,115.88428282763938,148.48241113942433,141.67851610326687,70.75029836286743,73.16212588849066,23.157127672297346
person_19.mp4,front,672,11210,59.94422845976918,848,478,120.95834299627407,117.14694581905339,147.2770340909216,144.4711934864772,69.04987879650594,71.20442389110752,22.90774822695097
person_19.mp4,front,673,11227,59.94422845976918,848,478,125.72024861598824,118.42594389523681,151.46203845205522,144.33627824933225,69.74953972052698,72.31230504200546,22.696000687790132
person_19.mp4,front,674,11244,59.94422845976918,848,478,126.08352135432321,122.79670565223823,151.35374449679293,149.62770984206395,70.27687126118138,72.01087129789349,22.322043834405033
person_19.mp4,front,675,11260,59.94422845976918,848,478,125.39975076194652,124.04409516228336,150.71816563406796,150.95041905227438,70.49652779364486,72.12353218471833,22.184685208356516
person_19.mp4,front,676,11277,59.94422845976918,848,478,128.6587529427505,123.57418828833595,154.88958396231268,150.12613403709537,69.81710224371677,72.24089506069168,22.706492749306
person_19.mp4,front,677,11294,59.94422845976918,848,478,130.9777080694103,124.45036563652289,156.754491589511,148.89391848548937,70.22643073654572,72.84963126140316,23.443123395534997
person_19.mp4,front,678,11311,59.94422845976918,848,478,131.54539576005504,127.4020700453694,156.30114503877047,152.53693016353066,70.83313602334384,72.3630895674413,23.475368081779397
person_19.mp4,front,679,11327,59.94422845976918,848,478,132.18846910292623,132.25294409778786,156.3518034110081,157.22540573329266,71.15153619357687,72.73428403772222,22.97458281514937
person_19.mp4,front,680,11344,59.94422845976918,848,478,131.6292575098352,132.37318171328315,156.3921817407897,156.84333267432456,70.57085584973804,73.2357032765572,22.685679903271318
person_19.mp4,front,681,11361,59.94422845976918,848,478,132.93140211207935,133.36171138385683,156.37277087929527,157.4046381601908,71.45437714478611,72.87523927195907,23.025669973640504
person_19.mp4,front,682,11377,59.94422845976918,848,478,134.85617853618464,136.59497162399896,157.86166462102838,159.02928917745967,72.56506905965868,75.24360082063524,22.680826063351045
person_19.mp4,front,683,11394,59.94422845976918,848,478,133.23800647858354,137.56549124686148,156.96701643378032,161.99359478041399,71.74018939148044,73.60626630913173,22.52279933691058
person_19.mp4,front,684,11411,59.94422845976918,848,478,130.50717746260085,136.0625182450404,155.91416538494633,162.4023285514944,70.13865430548331,71.91355911699154,22.37620736779762
person_19.mp4,front,685,11427,59.94422845976918,848,478,130.45185597103125,138.35769332568898,155.61921766148583,165.05808970767134,70.10219134279579,71.63600426121063,22.09022662553809
person_19.mp4,front,686,11444,59.94422845976918,848,478,133.90519359451733,140.30953394070735,158.0447983966715,167.13459313703487,70.58994807104754,71.42972288930825,22.002445126419442
person_19.mp4,front,687,11461,59.94422845976918,848,478,133.4638243759942,140.25096888316415,157.839827981158,167.77949251512644,70.68951320256654,71.00592682795042,21.720865505368298
person_19.mp4,front,688,11477,59.94422845976918,848,478,136.11655784209782,141.39636023757126,159.35743217106076,167.96057517405126,71.82579463277784,71.65293664599427,21.96282715404883
person_19.mp4,front,689,11494,59.94422845976918,848,478,137.58903300732086,143.27959914076814,161.18867352385203,170.52922571512178,71.785376222876,71.42315429152872,21.712050966351274
person_19.mp4,front,690,11511,59.94422845976918,848,478,136.92409018935365,143.2904123979416,160.1845812021912,170.01642649089487,71.54982112555984,72.00010045554482,22.044654041828185
person_19.mp4,front,691,11527,59.94422845976918,848,478,138.97553456062502,143.88770662162977,162.41520846269535,171.3279419651814,71.30100397238692,71.81730973354452,21.8487584759441
person_19.mp4,front,692,11544,59.94422845976918,848,478,140.5256981667634,144.14946968308686,162.11251943812172,172.11007173721697,71.57647608505135,71.08235581846786,21.967236236235497
person_19.mp4,front,693,11561,59.94422845976918,848,478,141.51401731763207,145.82416126020448,163.1147208236044,173.9745579292704,72.13398879493832,71.25999303643769,21.74480864339642
person_19.mp4,front,694,11577,59.94422845976918,848,478,143.2323382897094,146.15347537685483,163.4371927638615,174.21206561580277,72.13970681881428,71.01340393351875,22.334820457513885
person_19.mp4,front,695,11594,59.94422845976918,848,478,144.19592352176358,146.70172269725032,165.49648997624203,174.96998266944428,71.65445488796536,70.15659702740881,22.574654260325417
person_19.mp4,front,696,11611,59.94422845976918,848,478,142.54186860091045,146.3913570122891,164.45673277637522,175.0268315481106,71.02267850036552,70.42210411411024,22.65234898724105
person_19.mp4,front,697,11627,59.94422845976918,848,478,145.42108360033333,148.15906201464432,165.44794544866704,175.43650439919406,71.51984844615444,71.10945225354082,23.254782065668092
person_19.mp4,front,698,11644,59.94422845976918,848,478,143.8039970988834,145.74464812485678,166.94742674672221,174.8457025732016,69.55908650068757,69.64423996429576,23.76664913467924
person_19.mp4,front,699,11661,59.94422845976918,848,478,141.6411602420036,145.41676828364868,164.43506305404475,174.64602032676106,68.65540865110037,69.83345579441918,24.239962371727955
person_19.mp4,front,700,11678,59.94422845976918,848,478,142.63914193681003,145.8486628824388,165.1663428439655,174.94407983469716,69.45891514231398,70.39600540982799,24.022764322653373
person_19.mp4,front,701,11694,59.94422845976918,848,478,142.57203026365357,145.26760686955012,165.6595793569087,175.07571931248356,69.46307673114374,70.04692507698603,23.799206570089776
person_19.mp4,front,702,11711,59.94422845976918,848,478,142.91179276798755,145.30954896842263,166.28290370403627,175.42858856411007,69.30164418431931,69.6757579857716,23.763635884483424
person_19.mp4,front,703,11728,59.94422845976918,848,478,143.92005685821383,145.2497838454588,167.7263684239894,175.00740498376615,69.32592092495824,69.94074166300415,23.682933083367782
person_19.mp4,front,704,11744,59.94422845976918,848,478,144.32681204275545,145.6091916257641,168.47688440891096,175.44605658999149,69.13303203232428,69.8481775316883,23.6910017089293
person_19.mp4,front,705,11761,59.94422845976918,848,478,145.7461165229284,146.79161496505188,169.08057336736346,175.74234183411122,69.74920287801065,70.49048555154425,23.724369215031484
person_19.mp4,front,706,11778,59.94422845976918,848,478,146.0254447524577,146.93413127864238,168.89175822876942,175.6505185465081,70.46683950755832,71.02425784062376,23.531947523899216
person_19.mp4,front,707,11794,59.94422845976918,848,478,146.8162973184545,146.94780789181388,169.17633374857817,175.52990840806748,71.2193470330333,71.21936279901914,23.289095224151488
person_19.mp4,front,708,11811,59.94422845976918,848,478,145.75466393325857,146.36098464135702,168.4585746977329,175.1718462699792,71.06533741577972,71.30633613480265,23.248166375911612
person_19.mp4,front,709,11828,59.94422845976918,848,478,145.2753287220588,146.4568805282401,168.09564980557624,175.0519774074141,71.27135817071512,71.42596610088773,23.328075545320626
person_19.mp4,front,710,11844,59.94422845976918,848,478,144.791229718969,146.97674758571588,167.71295812237028,174.7532190221923,71.09365124853205,72.08740995234852,23.339020816427173
person_19.mp4,front,711,11861,59.94422845976918,848,478,147.04909702151255,146.85745041622462,167.73470084067287,174.66326700472862,72.86165268052706,72.45478698703776,23.131584051380308
person_19.mp4,front,712,11878,59.94422845976918,848,478,146.60790615266615,146.65032178318106,167.29560748080004,173.646267671303,72.96967650463509,73.10435625836432,23.115374858936526
person_19.mp4,front,713,11894,59.94422845976918,848,478,147.04597792034934,146.45462723698415,167.07392627041082,173.5719369921084,73.33207514072339,73.15224876210824,23.09357503590706
person_19.mp4,front,714,11911,59.94422845976918,848,478,145.73410706637864,146.2674429873647,166.5004338968879,173.52236274907835,72.78179979758733,72.99017981666205,23.00022768461562
person_19.mp4,front,715,11928,59.94422845976918,848,478,146.16731321854863,146.89632234236544,166.42919066902732,174.18382859810993,72.81139526876969,72.78441113967247,23.041221641824343
person_19.mp4,front,716,11944,59.94422845976918,848,478,145.9101119104551,147.5391260749649,166.4080324988717,174.04344382025272,72.75349317939992,73.38499398673113,23.01351361105454
person_19.mp4,front,717,11961,59.94422845976918,848,478,145.68151556018142,147.29083630204843,166.31485124250813,173.7148573927974,72.65122811595732,73.29304482121066,23.184455347160863
person_19.mp4,front,718,11978,59.94422845976918,848,478,145.95661237857726,147.00333343296234,166.55673074218706,172.46084701311133,72.68352176433136,74.00860762893218,23.125952812773612
person_19.mp4,front,719,11994,59.94422845976918,848,478,145.74120698746685,146.40330965518373,166.35478922084104,172.1972906979552,72.73516563365975,72.91537809563408,23.30503842071042
person_19.mp4,front,720,12011,59.94422845976918,848,478,145.81628826428084,146.6226603576085,165.81104320528468,172.0977965146314,73.10964033104007,73.79257262844142,23.05990478603235
person_19.mp4,front,721,12028,59.94422845976918,848,478,145.7601714550971,146.55465164523483,165.89286496050292,171.97590755910406,73.0499422784258,74.049520323976,22.933638842474014
person_19.mp4,front,722,12045,59.94422845976918,848,478,145.06915975275086,145.92456279750957,165.38042417472303,171.86680405676123,73.21439367222897,73.79645180314992,22.84756520408967
person_19.mp4,front,723,12061,59.94422845976918,848,478,145.0637317716633,146.03203238154944,165.4880775340854,171.8306775689954,73.07867541015933,73.94349504068661,22.81311004044592
person_19.mp4,front,724,12078,59.94422845976918,848,478,145.07230295316734,146.26508339678384,165.44098267216984,171.96189734349736,72.99933819353504,74.12773417240386,22.820833756814693
person_19.mp4,front,725,12095,59.94422845976918,848,478,144.36718711589663,145.34072315831617,164.72652889800514,171.5032302321835,72.97335578397423,73.66962697249873,22.87560181284588
person_19.mp4,front,726,12111,59.94422845976918,848,478,144.39462809483962,145.28767056217714,164.7517812100703,171.49548750133474,72.79207890194114,73.42967315978306,22.878208007143783
person_19.mp4,front,727,12128,59.94422845976918,848,478,144.03774036121214,145.03639897726183,164.353347353372,171.61335038336927,72.93404168097865,73.27992850388686,22.74250876587294
person_19.mp4,front,728,12145,59.94422845976918,848,478,144.3274530599744,145.2937226778452,164.39199178724112,171.84409000422238,73.06213008129899,73.31490767565789,22.68238579909173
person_19.mp4,front,729,12161,59.94422845976918,848,478,143.79622652359217,145.50229321566576,164.28983889171803,172.29799892531446,72.71353221324028,73.23565410377613,22.677764333778228
person_19.mp4,front,730,12178,59.94422845976918,848,478,143.77264416981933,145.49165374264908,164.12766204953653,172.76813441084312,72.49561932253522,72.54369850070842,22.789249845289778
person_19.mp4,front,731,12195,59.94422845976918,848,478,143.65858245308223,145.60586295891014,164.12400643078905,172.76972267167417,72.63267746201197,72.70881172408657,22.727031915764826
person_19.mp4,front,732,12211,59.94422845976918,848,478,144.12882296010002,146.01847154918767,164.33817678775117,173.20197160813075,72.76679845361332,72.77036367817256,22.60072883951175
person_19.mp4,front,733,12228,59.94422845976918,848,478,143.83108881352717,145.93606792592956,163.64087672650047,173.19426053495107,72.97324336833911,72.67288407839956,22.60303354292503
person_19.mp4,front,734,12245,59.94422845976918,848,478,143.10983031545695,145.40899596419794,163.46135808356323,173.37636267350493,72.54898992143964,72.59030681482092,22.531789490271567
person_19.mp4,front,735,12261,59.94422845976918,848,478,144.3135127577725,147.49707827675843,164.15204183970303,174.2468398179849,72.93855368255868,73.90512440552891,22.538547369517655
person_19.mp4,front,736,12278,59.94422845976918,848,478,144.81271615130254,148.37918355430875,164.3518005323648,174.05417395140628,73.693210496225,75.06103903937871,22.463350006919498
person_19.mp4,front,737,12295,59.94422845976918,848,478,145.06599266699035,148.1959332702175,164.184324649897,174.0270997955584,74.41502776639312,74.97792985025386,22.108669843363746
person_19.mp4,front,738,12311,59.94422845976918,848,478,144.82233471537796,148.09913677590202,164.3888651111882,173.97530697509765,74.19779954110106,74.90866480032848,22.040383045565196
person_19.mp4,front,739,12328,59.94422845976918,848,478,144.70459310291938,148.05831798369806,164.3845753318021,173.94449648954964,74.16327530733035,74.82332440598891,21.98510270084082
person_19.mp4,front,740,12345,59.94422845976918,848,478,144.83855047306216,148.44252827288204,164.96587545404157,174.11522776287416,74.13380874031517,75.11070784361274,21.662584931828157
person_19.mp4,front,741,12361,59.94422845976918,848,478,144.42709513736986,147.85042002238936,164.44146741627353,174.0320234288887,74.01116549936083,74.46950782724316,21.70484204477411
person_19.mp4,front,742,12378,59.94422845976918,848,478,144.44616266915966,147.89068771159634,164.5715414976508,174.1061288622093,74.11605210713579,74.52201189166394,21.561190368834605
person_19.mp4,front,743,12395,59.94422845976918,848,478,144.66101585928973,147.6276352389126,164.36535948813008,174.40620683075056,73.9028103274577,73.50655908158869,21.719577127096823
person_19.mp4,front,744,12412,59.94422845976918,848,478,145.58718980025048,148.78633046506863,165.33741453975935,174.4346689906218,75.0833016925131,74.66909299115461,21.09593097104882
person_19.mp4,front,745,12428,59.94422845976918,848,478,145.74593032651404,148.72518877394018,165.0513382582376,174.3556230086536,75.99958198345837,74.75783352600487,20.970060812080003
person_19.mp4,front,746,12445,59.94422845976918,848,478,145.55575161300115,148.70976343542995,165.50410253128072,174.36223282770135,75.931814445821,74.7033652673672,20.715846051413983
person_19.mp4,front,747,12462,59.94422845976918,848,478,146.16662075419356,148.67247468359986,166.17703828439733,174.4014303201571,77.04603847532493,74.72743902465909,20.02363854829245
person_19.mp4,front,748,12478,59.94422845976918,848,478,145.36564890986313,148.2192039757205,166.1763818234035,173.85026725527237,76.66303639830036,74.48446382443302,20.021194495152173
person_19.mp4,front,749,12495,59.94422845976918,848,478,145.62169218424242,148.31759583193949,165.296857621688,173.84368358904496,77.03857879349904,74.64551748486362,20.208140711841704
person_19.mp4,front,750,12512,59.94422845976918,848,478,144.8236946691176,148.09858361721993,165.44913023584698,173.4273364314059,76.6040685349684,75.1106550831132,19.99939328245707
person_19.mp4,front,751,12528,59.94422845976918,848,478,143.69628462184963,147.8530418507311,165.18906073524593,173.19194667838858,76.18443665421172,75.073639999259,20.041070327591182
person_19.mp4,front,752,12545,59.94422845976918,848,478,143.81744914920148,148.67143685872003,164.85926002480554,172.86298649453363,76.58544233545639,76.1667384643637,20.23107351864248
person_19.mp4,front,753,12562,59.94422845976918,848,478,141.47953534913583,146.04080524851915,162.5171628023035,170.61682458210225,76.1208577845294,75.77445578146023,20.432371491547222
person_19.mp4,front,754,12578,59.94422845976918,848,478,141.27626157239155,144.08388026489447,162.30497404305433,168.7909061175102,75.78514917218523,75.51558307745611,20.6539210627948
person_19.mp4,front,755,12595,59.94422845976918,848,478,138.81086246405062,141.86730411262886,160.69565866568112,167.33222418166633,75.20146229481077,75.054978686875,20.726045532358476
person_19.mp4,front,756,12612,59.94422845976918,848,478,137.83555714049712,139.44844613786003,159.4142344258473,165.4605283246647,74.82724091678112,74.55036856364185,20.789602327947573
person_19.mp4,front,757,12628,59.94422845976918,848,478,138.21565949890197,139.53361836513594,159.72871036552783,163.96059398842957,74.80696662627173,75.63280183808166,20.9360674744811
person_19.mp4,front,758,12645,59.94422845976918,848,478,138.2853834550564,137.76997156894197,158.55358380074446,162.6704935088401,75.9793861717861,75.35371063036986,21.187712075294936
person_19.mp4,front,759,12662,59.94422845976918,848,478,137.39310486651726,137.68525840796252,158.2402926090675,162.26864764582655,75.76629160465467,74.97553698566408,21.408613685387483
person_19.mp4,front,760,12678,59.94422845976918,848,478,138.83249675136355,134.63510723872793,157.7540540692729,158.39495148594517,77.30266180977502,75.55129886567744,21.55415489390352
person_19.mp4,front,761,12695,59.94422845976918,848,478,138.5197078165617,132.3096853606652,155.9917052963739,155.0848056784311,78.61705443651044,76.40398376344143,21.649114487414597
person_19.mp4,front,762,12712,59.94422845976918,848,478,137.52644997425926,129.98885098725145,153.15123605146016,151.87616468412986,79.52340808450016,76.21716730448271,21.715294654821342
person_19.mp4,front,763,12728,59.94422845976918,848,478,137.64640640096485,131.00727333918618,154.52218213145667,152.57346552813556,79.25972362069221,77.18703826206509,21.092876745973438
person_19.mp4,front,764,12745,59.94422845976918,848,478,134.89637788908362,128.3131962074172,152.73364617251934,150.363689396337,78.49803010034472,77.01380253214697,20.933248195118857
person_19.mp4,front,765,12762,59.94422845976918,848,478,134.95337198457574,123.65251033295708,151.9183728985023,144.73619809488963,78.91728569669743,78.09707243355979,20.791622084129887
person_19.mp4,front,766,12779,59.94422845976918,848,478,119.16008219237685,109.1601308498855,139.58000751582082,131.81150508813053,76.85245327333911,77.3377767521184,20.174276747940194
person_19.mp4,front,767,12795,59.94422845976918,848,478,116.19319307246316,106.86126316131322,136.92878093438011,128.5531099049534,77.94628394691212,78.26761053362148,19.627604567707277
person_19.mp4,front,768,12812,59.94422845976918,848,478,118.68804234338702,109.0671367773672,140.40188654002594,131.08368444506092,76.7975434926539,77.63155165094524,19.81475319905369
person_19.mp4,front,769,12829,59.94422845976918,848,478,105.96969885176608,99.3005307262115,128.3828377938263,120.68602884012455,76.69623577864873,77.2856131157218,19.680620862536177
person_19.mp4,front,770,12845,59.94422845976918,848,478,109.19831704204759,101.81532010649443,132.81884968687618,123.07729394439062,76.50239052989669,78.26738188431561,19.485092492962533
person_19.mp4,front,771,12862,59.94422845976918,848,478,112.15721720820366,101.67278975254405,136.48297984675395,123.2874942144009,75.43627037978594,78.19734460521389,19.82467162487213
person_19.mp4,front,772,12879,59.94422845976918,848,478,104.56034369320155,96.15003423729746,131.130180995467,118.2223210737137,73.64153603170391,77.43065854872367,20.08258396344816
person_19.mp4,front,773,12895,59.94422845976918,848,478,105.87058177416188,96.66597413107833,132.44685310588383,119.02659483379963,73.37060940312683,77.06973440441956,20.1321356733995
person_19.mp4,front,774,12912,59.94422845976918,848,478,101.18980387378048,95.26932689442187,128.63994942389203,118.37487808772018,72.91900921037929,77.25202532619727,20.10962037987323
person_19.mp4,front,775,12929,59.94422845976918,848,478,97.76528984986825,93.54246880543644,124.56747802674428,116.32146991470478,74.25777285059658,78.30342043307694,19.172634402632887
person_19.mp4,front,776,12945,59.94422845976918,848,478,92.65174473940743,88.74220353719944,119.50919943339183,112.50038516256151,74.08559134180443,77.78363310524627,18.635374433682237
person_19.mp4,front,777,12962,59.94422845976918,848,478,91.27166144071614,87.06042186823906,117.93125428022208,111.03603635629685,74.56079056173583,77.80542610325259,18.74916007591656
person_19.mp4,front,778,12979,59.94422845976918,848,478,88.2311960544202,84.33493379673456,112.82835336248611,107.06086941957447,76.03995171452888,78.34226108336448,18.32255497919956
person_19.mp4,front,779,12995,59.94422845976918,848,478,87.7819064258888,84.4195999214244,112.37309827523478,107.2375932096268,75.96377367060416,78.65913359033466,17.972727485318703
person_19.mp4,front,780,13012,59.94422845976918,848,478,84.18654730684183,80.9811832516345,110.06914324537509,105.28223155599082,74.5139298504048,77.05901354926436,18.146604090751584
person_19.mp4,front,781,13029,59.94422845976918,848,478,82.5542065928423,80.48297989341054,108.12771147298895,103.7988604415593,74.83923138652095,77.48357396027636,17.841137768139067
person_19.mp4,front,782,13045,59.94422845976918,848,478,83.77083737632395,80.89712956967725,108.86574191669219,103.47537020045608,75.9032335362338,78.66313133056177,17.33322496796208
person_19.mp4,front,783,13062,59.94422845976918,848,478,82.05210750876243,80.08833161061303,107.97378107342772,104.0800231168833,75.03692262409763,78.05394386966353,17.098861397715762
person_19.mp4,front,784,13079,59.94422845976918,848,478,78.67041901546696,77.80211558014815,104.9393820677992,101.53801337309861,73.71745237534138,77.12716423514898,17.298205916758825
person_19.mp4,front,785,13096,59.94422845976918,848,478,76.99571667732437,77.07967522301732,104.19520618326024,100.79544421604395,73.2158383697917,77.0283966133616,17.22525905993728
person_19.mp4,front,786,13112,59.94422845976918,848,478,75.03869446926139,74.38207079669345,103.10965680645546,98.70613968824266,71.97724771244746,75.55560951403262,17.70603734714715
person_19.mp4,front,787,13129,59.94422845976918,848,478,77.12634882267452,75.65734892565317,104.42194165693228,99.41897898124972,73.90087611098761,77.3719376859275,17.498119866897653
person_19.mp4,front,788,13146,59.94422845976918,848,478,76.61711096585026,75.48792471865289,105.90178960148104,100.4882953251334,73.74028014719406,77.57593912955355,16.165708214598855
person_19.mp4,front,789,13162,59.94422845976918,848,478,74.87578047415339,73.95403424624492,104.325926352549,98.48886451917859,72.92429703733593,76.7332883419963,16.561187339654193
person_19.mp4,front,790,13179,59.94422845976918,848,478,75.2544049223294,73.372403410125,107.08681602127227,100.28473803677628,72.1849068577522,76.33155837731104,15.568735234893225
person_19.mp4,front,791,13196,59.94422845976918,848,478,71.89058780753625,71.07076149835343,104.2531605928674,98.31176039067738,70.65301059381277,74.7838147806723,16.064213816945152
person_19.mp4,front,792,13212,59.94422845976918,848,478,70.71328998680356,69.63281691590183,102.92685089500182,96.62280879140124,69.92623453977244,73.97811771451784,16.44285952123246
person_19.mp4,front,793,13229,59.94422845976918,848,478,70.57687925601827,70.00580326496365,103.56524445628843,98.25517288050554,70.71657773857103,74.9677316355963,14.87070769641815
person_19.mp4,front,794,13246,59.94422845976918,848,478,70.9847265312714,69.21208206152163,105.46492034770912,98.12505545327893,71.53125627479983,75.51722433750079,13.495388994964436
person_19.mp4,front,795,13262,59.94422845976918,848,478,70.24089498875814,68.81372338193488,105.15277777184153,98.35559484838033,70.52614327806063,74.7992689213219,13.966514601049143
person_19.mp4,front,796,13279,59.94422845976918,848,478,70.28941739568067,68.48060266702272,107.15062712226015,100.41521588424773,71.00356859999341,74.39723516123657,10.96329503268115
person_19.mp4,front,797,13296,59.94422845976918,848,478,69.2234616635803,67.6377214016363,106.169369240754,99.29404561749433,70.20432908102171,74.01187223091424,12.043839592956386
person_19.mp4,front,798,13312,59.94422845976918,848,478,69.51989847162939,66.58549738159388,107.73853207168281,98.66705351179621,69.22288851657798,72.95250683346141,11.852181031350913
person_19.mp4,front,799,13329,59.94422845976918,848,478,68.86672661936572,65.85582189476276,106.77127674802794,98.37178993769277,69.71573803753228,73.00377680353606,11.992385586767675
person_19.mp4,front,800,13346,59.94422845976918,848,478,64.80651124381663,67.50195097933596,110.3204668274655,102.71304669865852,69.11460365670311,78.73995649018579,8.255073071771989
person_19.mp4,front,801,13362,59.94422845976918,848,478,63.97311580018447,65.7937741229912,111.60143436692614,101.60099086198342,67.56566320996184,79.16641825781231,8.218444323351884
person_19.mp4,front,802,13379,59.94422845976918,848,478,64.55995384829289,64.93989675360795,112.87891001674635,102.93503943603046,67.41687898706418,76.7068182302797,6.844641554217856
person_19.mp4,front,803,13396,59.94422845976918,848,478,64.64323057572307,64.99233698698087,112.26943583552152,103.25343832516364,67.71549810980501,77.85566878442671,6.805814326153973
person_19.mp4,front,804,13412,59.94422845976918,848,478,64.3134521711594,63.604281195396325,111.95456008487892,103.14245641460437,68.24371972273926,76.05310143210176,6.650681576360271
person_19.mp4,front,805,13429,59.94422845976918,848,478,63.52744562012134,62.26868404377473,110.47033042753965,101.96690888287158,69.60050154421836,74.44870448921341,7.270644628143063
person_19.mp4,front,806,13446,59.94422845976918,848,478,63.90273874710324,62.20177328588524,110.27874081519435,102.255677552253,70.79071436818514,74.2171117072397,7.066129913966106
person_19.mp4,front,807,13463,59.94422845976918,848,478,63.334061887165866,61.31212825704455,109.12795703484447,101.32264903478737,70.68659617185689,73.68870150057745,7.552649328789092
person_19.mp4,front,808,13479,59.94422845976918,848,478,62.633304567487464,60.32163071615445,108.30445722706112,100.46766069956814,69.9727219674754,72.88382810623236,8.160180387443217
person_19.mp4,front,809,13496,59.94422845976918,848,478,62.20389028747898,59.61523590220785,107.56919169557905,100.04296923567327,70.28683278831147,72.7611147401577,8.138360775317114
person_19.mp4,front,810,13513,59.94422845976918,848,478,61.907191986786266,58.2136911473722,107.76937428891246,100.40203885630282,70.00711554555247,71.5140589792269,7.709243468481812
person_19.mp4,front,811,13529,59.94422845976918,848,478,60.4452681348575,56.5920817347477,108.2052677906248,101.2079305900742,69.54580442856498,69.75222216617985,7.2961966563635325
person_19.mp4,front,812,13546,59.94422845976918,848,478,59.58613312364512,56.40726102803032,108.45532046002651,102.28295905832545,69.21078461969779,69.40562506886003,6.846284452041447
person_19.mp4,front,813,13563,59.94422845976918,848,478,59.324313995846396,56.80182833410072,108.64959149470936,102.8598327685916,68.87200492512869,69.53001242960983,6.3016689955784635
person_19.mp4,front,814,13579,59.94422845976918,848,478,58.89287441902782,56.794810383051626,108.14325180295968,102.5544537157629,68.69898573028831,69.53940434555871,6.506997193279515
person_19.mp4,front,815,13596,59.94422845976918,848,478,58.64337874249408,56.46291471039808,109.50876405057964,102.94399421233645,69.38581744692885,70.10433696886088,5.597770889531302
person_19.mp4,front,816,13613,59.94422845976918,848,478,59.024061614578805,56.397984121194106,109.47764311759997,103.09296737047917,69.74895913437499,70.49639323561264,5.581582668919803
person_19.mp4,front,817,13629,59.94422845976918,848,478,57.825073990278966,55.83882780722803,108.6415861969993,102.79127821157682,69.27950189918826,70.12650095301987,5.806422162767029
person_19.mp4,front,818,13646,59.94422845976918,848,478,58.138027617147586,55.63597276264883,108.2993435065862,102.28044862391093,69.58684170368322,69.37674839312763,6.122300846865381
person_19.mp4,front,819,13663,59.94422845976918,848,478,57.548975820648245,55.45064043170447,107.92503701390326,101.66829274244938,70.10037173307114,69.44629695369744,6.393548791547492
person_19.mp4,front,820,13679,59.94422845976918,848,478,57.12410884871857,54.404157323586524,107.60608110614646,101.20995820708804,69.81858392971445,68.33867395068125,6.4220728656946715
person_19.mp4,front,821,13696,59.94422845976918,848,478,56.277641841633034,53.857881056382894,108.02391854802255,102.32621832789306,69.96036897383793,67.76343692973082,5.604408241157501
person_19.mp4,front,822,13713,59.94422845976918,848,478,55.86546612983287,53.86581224841123,107.51470441838927,102.21620047501258,69.63665474486066,68.70629914449428,5.630597418231994
person_19.mp4,front,823,13729,59.94422845976918,848,478,55.23490375172,53.215871208535916,107.87433499283392,103.61074375431163,69.92400607434502,69.34623171234139,4.766416690790152
person_19.mp4,front,824,13746,59.94422845976918,848,478,54.13902958796776,52.64766487098853,107.35614573536937,102.25074057207573,69.29997121819191,69.36768681022059,5.2729511956576
person_19.mp4,front,825,13763,59.94422845976918,848,478,52.41799916428305,51.045423409262284,106.5432284816691,101.12241444238258,68.42035259483124,68.90196902017914,5.549637493476028
person_19.mp4,front,826,13779,59.94422845976918,848,478,51.53327335611636,50.656826986821,105.6413350393598,100.54815193691199,68.23418190196232,68.8877048562917,5.957068795398001
person_19.mp4,front,827,13796,59.94422845976918,848,478,50.457083638423256,50.47547388276576,104.64754292521236,100.2520238082042,67.48604867438087,68.83961371008002,6.281219433655218
person_19.mp4,front,828,13813,59.94422845976918,848,478,50.120275757031024,50.57165659477422,104.11249537951518,99.5600760378554,67.94218258284842,69.05957689538167,6.879669754046052
person_19.mp4,front,829,13830,59.94422845976918,848,478,49.94733469653832,50.38072610578336,102.39116790193307,96.69502771498887,69.07837535227156,70.06797081450505,9.210141325594416
person_19.mp4,front,830,13846,59.94422845976918,848,478,49.58702117051092,50.22512924199157,101.32416908029148,95.76715411186885,69.45336924516556,69.54709929361668,10.193465049683688
person_19.mp4,front,831,13863,59.94422845976918,848,478,49.2438113532384,50.233737220953365,100.85228355938364,95.96215983814767,69.83963703067639,69.6179003337918,10.493750938824046
person_19.mp4,front,832,13880,59.94422845976918,848,478,49.06465177077435,49.84205899692375,99.44492253792363,95.14790540607149,68.92630992726588,68.58493906784047,11.414164580583744
person_19.mp4,front,833,13896,59.94422845976918,848,478,49.08460368141505,50.14770063477845,99.6075610285639,95.33497172803355,69.34569700366931,69.30897662329656,11.20388759857297
person_19.mp4,front,834,13913,59.94422845976918,848,478,48.4168888621658,49.233435698871126,98.71687781719638,94.83684382244051,69.0545226362118,68.7170055506326,11.44600631943284
person_19.mp4,front,835,13930,59.94422845976918,848,478,48.307766168328094,49.06371201396219,99.03235014199775,94.83615336765018,69.32725562042161,68.75517645800336,11.252327943253821
person_19.mp4,front,836,13946,59.94422845976918,848,478,47.94297245355984,48.59359274860558,97.7816115876177,93.20871974348269,68.83590068554861,68.61029426056263,12.465297813982351
person_19.mp4,front,837,13963,59.94422845976918,848,478,47.09294078994215,47.770988731024225,96.88983143237087,92.09056907724742,68.16581277634803,68.02826389722361,13.110747184588668
person_19.mp4,front,838,13980,59.94422845976918,848,478,46.490865837553045,47.4769489868172,96.13989703562773,91.50043792544868,68.37863013062466,67.9543398216959,13.545180039261862
person_19.mp4,front,839,13996,59.94422845976918,848,478,45.589548737825595,46.615294403367706,95.84861772172582,91.1963832757207,68.10572376816673,67.31949812694894,13.530014427150324
person_19.mp4,front,840,14013,59.94422845976918,848,478,46.014466512617915,46.9429248039192,95.88441610951149,90.844217861022,68.74387528180172,67.30825093557615,13.80075402340684
person_19.mp4,front,841,14030,59.94422845976918,848,478,46.313070398944674,47.13087858160282,96.21372398699584,91.05220438978122,68.89335298836427,67.44572641283551,13.559472699461958
person_19.mp4,front,842,14046,59.94422845976918,848,478,46.41327165379164,47.332228767710845,96.4665770755071,91.4187976542502,68.99213577035208,67.64620823750423,13.284272034565612
person_19.mp4,front,843,14063,59.94422845976918,848,478,46.37804108880886,47.472796954943256,95.93338953874657,90.69850352515573,68.87973387396893,67.6901115232316,13.93259298167231
person_19.mp4,front,844,14080,59.94422845976918,848,478,46.4228521870532,47.58559251175577,95.8561668630964,90.84408153518001,69.01531536234394,67.71130514334654,13.962032170256123
person_19.mp4,front,845,14096,59.94422845976918,848,478,46.49254211047195,47.96990126820916,95.96843533491185,91.2886597951975,69.01559944405676,67.92571692037868,13.791970437324283
person_19.mp4,front,846,14113,59.94422845976918,848,478,47.05405783626976,48.90657267775765,95.94323172867149,91.80723079092562,69.19613545779576,68.47586275608818,13.819393130867295
person_19.mp4,front,847,14130,59.94422845976918,848,478,47.63197099012572,49.08081307549237,96.36371950174528,92.00377849743926,68.9907037786269,68.30152222646598,13.634132821759676
person_19.mp4,front,848,14146,59.94422845976918,848,478,47.760178607006125,49.17483535112243,95.79392149752229,91.88138773830609,68.17172841453338,67.64340511020532,13.939084663454766
person_19.mp4,front,849,14163,59.94422845976918,848,478,48.204127021822764,49.6189269672016,96.13765775945559,92.87327758744004,68.20283492913342,67.81510460091344,13.450496591951875
person_19.mp4,front,850,14180,59.94422845976918,848,478,48.79707630497734,50.41344663368365,95.27805222029824,92.21058410783337,67.9301976393053,67.43832733391578,14.226460241451871
person_19.mp4,front,851,14197,59.94422845976918,848,478,48.688799453292326,50.69779934654049,92.96059182786713,90.27555088415966,67.5836442677207,67.0683996766717,16.517027849240677
person_19.mp4,front,852,14213,59.94422845976918,848,478,49.065251232038975,51.44304696861802,93.60915817039002,90.63937953235713,67.63585999293086,67.13165557722654,16.44953225962891
person_19.mp4,front,853,14230,59.94422845976918,848,478,49.95907665407779,52.21042242416718,94.48394623128574,91.44544686377088,67.6265721632008,66.7587868312842,15.925651990640665
person_19.mp4,front,854,14247,59.94422845976918,848,478,50.80288736127039,53.25155775618778,95.28059609233017,92.75864210564073,67.83168819871723,66.67553951513158,15.271874374243179
person_19.mp4,front,855,14263,59.94422845976918,848,478,51.861567502783195,54.48444693136935,97.90230032272342,95.60100921877158,68.53717236808399,67.48233113766797,13.04429272950048
person_19.mp4,front,856,14280,59.94422845976918,848,478,52.95632618342572,55.454710537981164,99.03677099592048,96.60978105531768,68.44561200068902,67.83616828786381,12.140578635340106
person_19.mp4,front,857,14297,59.94422845976918,848,478,53.39956835523288,55.642369959742986,99.3576904414239,97.03074288873592,68.59788249023914,67.9796562368555,12.073628496245263
person_19.mp4,front,858,14313,59.94422845976918,848,478,54.62055679750665,57.04703473504597,103.9194347866831,100.01327899134867,69.55814444649273,69.20082546699582,8.736565603556741
person_19.mp4,front,859,14330,59.94422845976918,848,478,55.955932023665625,56.953520859921,103.22630660977558,97.98311662335206,70.72032037726925,67.5093978665374,10.804899057410987
person_19.mp4,front,860,14347,59.94422845976918,848,478,58.45390980356951,59.53121717555382,104.56761820382886,100.4398437405626,70.95775611059263,70.26397639029818,8.356164281916081
person_19.mp4,front,861,14363,59.94422845976918,848,478,59.442523615466435,58.75417771295629,105.06152792396499,100.59258469679686,73.05189884243055,68.3807406461753,8.641421975076822
person_19.mp4,front,862,14380,59.94422845976918,848,478,59.137827885471545,59.475422518688944,108.76818940371018,102.7574832087305,72.2776064965694,69.2792058492156,6.421444905643787
person_19.mp4,front,863,14397,59.94422845976918,848,478,59.91347632760239,60.16878117764623,107.823985807182,102.25504295742064,70.83033573334544,69.41818854942903,6.883325981940495
person_19.mp4,front,864,14413,59.94422845976918,848,478,59.39116997874082,59.733492339703474,106.72770940688265,101.4467160929016,69.15012903276177,68.86923294257306,7.470708082396908
person_19.mp4,front,865,14430,59.94422845976918,848,478,59.58219036399908,59.63319805454618,106.00587143346326,99.49685400546079,68.26313019620561,68.3157609422782,8.58449697794216
person_19.mp4,front,866,14447,59.94422845976918,848,478,58.70826008361804,59.10905999069712,105.65599119981542,97.67189023608383,67.27994919288349,67.60826476059268,9.782094464357296
person_19.mp4,front,867,14463,59.94422845976918,848,478,58.803238139205206,59.15613588819534,105.17561576690352,96.72852377905048,67.40716316388543,68.80528246028973,10.912242765753769
person_19.mp4,front,868,14480,59.94422845976918,848,478,58.367742017922936,58.842540541301126,99.23582172242044,90.57820931941785,65.64087145335006,66.23660663911379,16.89565727607381
person_19.mp4,front,869,14497,59.94422845976918,848,478,59.79279959078846,59.97277151057255,99.95801335158424,93.7045742480748,67.18057404866943,67.15779635457034,15.39502617736214
person_19.mp4,front,870,14513,59.94422845976918,848,478,60.757862874025896,61.015727444447904,98.99434941550864,94.59349718286947,67.39611190708912,67.35741977622787,15.957937306672635
person_19.mp4,front,871,14530,59.94422845976918,848,478,60.76329145056164,61.04587743212698,98.91483250574555,93.60252965393002,67.24600148814214,67.0113235000458,16.70150668873305
person_19.mp4,front,872,14547,59.94422845976918,848,478,60.890863935385795,60.115036633464044,95.61616497230042,90.74683887074076,67.71035048059856,66.56257667805849,19.949249597219215
person_19.mp4,front,873,14564,59.94422845976918,848,478,61.65318071839876,60.962522305292914,95.14141107169684,91.38488232123223,68.92961260351207,67.42825353749848,20.361348125008423
person_19.mp4,front,874,14580,59.94422845976918,848,478,63.61590354852021,63.247713719478945,97.7532551698781,93.89403093071365,70.6716777456463,69.1675891695786,18.578335055743267
person_19.mp4,front,875,14597,59.94422845976918,848,478,64.48069417933128,65.09533140273561,100.39552791053308,97.65322801794441,68.41331631806399,68.86846633842919,17.52544197878862
person_19.mp4,front,876,14614,59.94422845976918,848,478,65.98006990671595,67.20611326840366,104.08255920958062,102.04137384105226,68.79381112344574,70.09640924420127,14.825429555515978
person_19.mp4,front,877,14630,59.94422845976918,848,478,66.50514292300385,67.46619666641337,103.75286023438706,101.67568558674246,68.87089542161921,70.3533678720196,15.297442174258709
person_19.mp4,front,878,14647,59.94422845976918,848,478,67.80443000268922,67.78468562730346,103.67137343013046,101.42080841034074,70.41570763591722,69.25707764869443,15.57227373087038
person_19.mp4,front,879,14664,59.94422845976918,848,478,69.3597216570599,70.13385031102797,103.86189929038953,101.93235133252989,71.58415973982945,71.2215088954186,15.836143468274273
person_19.mp4,front,880,14680,59.94422845976918,848,478,71.27984348279969,69.77769335835234,100.95722918300238,98.62036302452259,71.05620116908095,69.97299855424701,18.702296531870562
person_19.mp4,front,881,14697,59.94422845976918,848,478,71.5747299330308,70.88003019711178,101.19373681053298,99.67456994297038,71.51746074483096,71.6361704154256,17.95171577833833
person_19.mp4,front,882,14714,59.94422845976918,848,478,72.62510965597572,71.98681916638013,101.64510163774172,100.48917825057505,72.10393305675878,72.7463224609568,17.55563144192215
person_19.mp4,front,883,14730,59.94422845976918,848,478,72.87471950965738,71.59379646339171,101.84209721987803,100.03881281277394,72.01373896292796,72.28632168483696,17.552688424507252
person_19.mp4,front,884,14747,59.94422845976918,848,478,70.90767283361346,70.79582889360427,104.83574340536272,102.82955678684543,68.47384154616914,70.878833687025,18.42710311427463
person_19.mp4,front,885,14764,59.94422845976918,848,478,70.0626517528704,70.1586362632446,104.62403202481657,101.23580679184374,67.48293720767582,69.92099662748608,19.382951939795177
person_19.mp4,front,886,14780,59.94422845976918,848,478,70.7647958204017,70.17303963419772,105.11806803974363,100.1112990584107,67.22886336638689,69.63178279336739,19.805584095918576
person_19.mp4,front,887,14797,59.94422845976918,848,478,71.86518626652642,72.79399746613416,104.5745281838462,102.73295621851828,67.06919613615193,68.92013110128464,20.426525925621963
person_19.mp4,front,888,14814,59.94422845976918,848,478,75.07307959563431,75.85127618849533,109.2342131529954,106.84011483967404,66.35239624569459,69.03126049892529,20.591556208946077
person_19.mp4,front,889,14830,59.94422845976918,848,478,81.12199755409935,81.95709072692588,114.49020428732746,113.06781186781265,66.42005591373945,69.28501242603673,21.3714955573694
person_19.mp4,front,890,14847,59.94422845976918,848,478,83.76811614300603,83.4663065073275,117.65915698179126,114.28121120073442,65.82495052537686,69.43356983082205,22.175296909550337
person_19.mp4,front,891,14864,59.94422845976918,848,478,90.03904526589001,89.03645508770349,122.4120619793101,119.2674415611783,66.70665448049158,69.99487838881457,21.771953471977266
person_19.mp4,front,892,14880,59.94422845976918,848,478,92.50828589202078,87.29189448732158,123.82345308681258,117.06537912908193,67.37842412827838,70.53920027449145,21.373898203643993
person_19.mp4,front,893,14897,59.94422845976918,848,478,98.63736919081667,92.12140797979542,129.21722453251675,120.95856777747775,68.6612418184884,71.88032821060627,21.504534639134157
person_19.mp4,front,894,14914,59.94422845976918,848,478,99.45549092181693,95.41843079521671,129.30972855664902,125.4120654974354,68.70383911990879,70.87378780862316,21.298038285336723
person_19.mp4,front,895,14931,59.94422845976918,848,478,114.65312337217236,110.20290158826444,141.28775321521806,137.72559320452228,71.0136830570182,72.92883248839291,21.700776458151804
person_19.mp4,front,896,14947,59.94422845976918,848,478,118.44872133867588,114.3240646847416,145.35911869588108,142.73717454887233,70.65744827891251,72.65678231327107,21.453221608226595
person_19.mp4,front,897,14964,59.94422845976918,848,478,118.73768511741778,119.8872078982955,144.6005719804895,148.84632570314724,71.19026993436134,72.28602320894433,21.498261947103178
person_19.mp4,front,898,14981,59.94422845976918,848,478,119.8655475418389,116.50895673647346,146.05955151004864,145.74100433932858,70.33023527328452,71.62126980521015,21.534381568828366
person_19.mp4,front,899,14997,59.94422845976918,848,478,123.58843824052119,120.0344931330482,149.86553269360357,149.45102695913778,69.8960664004817,71.4961234246064,21.772188317379484
person_19.mp4,front,900,15014,59.94422845976918,848,478,128.49725815087564,123.24085536478694,153.32887137413138,151.06287768705985,70.62562766134506,71.19980042780976,23.042224620938047
person_19.mp4,front,901,15031,59.94422845976918,848,478,126.65198258001746,127.26794860101026,149.55275046561147,155.36900742225083,71.65997393659752,70.35578081795619,22.704583850031504
person_19.mp4,front,902,15047,59.94422845976918,848,478,124.60604043826507,126.7014516192038,148.79506049660762,154.74891625522187,70.64835086325374,69.99821866127793,23.48676838332838
person_19.mp4,front,903,15064,59.94422845976918,848,478,127.03674664268445,131.32270888337266,150.39274703544356,159.615930436029,71.64154945703424,70.37550433564233,22.558866308291055
person_19.mp4,front,904,15081,59.94422845976918,848,478,130.9099481152047,131.93679134915254,154.59554274119847,158.91600906400416,72.10159794756383,70.90624388047786,22.809552861136222
person_19.mp4,front,905,15097,59.94422845976918,848,478,130.41721810278537,132.56077379312347,156.03892017115749,160.16993781547617,70.15488959512204,69.71464373641655,23.12323337397722
person_19.mp4,front,906,15114,59.94422845976918,848,478,133.93410073122988,136.33035894480886,156.6153468358461,161.9613772050138,72.27033122060773,71.95874272030052,22.85238318394149
person_19.mp4,front,907,15131,59.94422845976918,848,478,132.88729023502745,138.38082896780026,154.30260614899748,163.10910131155225,73.15303199474553,72.50444248110041,22.642287375989103
person_19.mp4,front,908,15147,59.94422845976918,848,478,134.0312017633748,137.5140996519636,155.3459318809476,161.3358805571128,73.70990423671459,73.4717028636438,22.45748116337857
person_19.mp4,front,909,15164,59.94422845976918,848,478,135.0588558900156,139.40183706797507,156.17464876676598,163.23096402197842,74.13448154020824,74.36165684483497,21.717991206248836
person_19.mp4,front,910,15181,59.94422845976918,848,478,138.45872515918805,138.6167646644948,159.75539772686892,161.5223719860425,74.17878636231157,75.25576361672101,21.577749027688487
person_19.mp4,front,911,15197,59.94422845976918,848,478,137.40772385197863,140.19177453726638,159.22661947400752,163.06883839204818,74.30834240524251,75.67936952084311,21.38568747392672
person_19.mp4,front,912,15214,59.94422845976918,848,478,138.92343282444222,142.47202828185166,159.71459853562783,165.5473142427133,74.8128320004463,75.83535395879873,21.021193035295195
person_19.mp4,front,913,15231,59.94422845976918,848,478,138.78668774439373,140.66024345946008,159.7689338143251,164.37286204331681,74.31198931520917,75.19763660181285,20.969831597494903
person_19.mp4,front,914,15248,59.94422845976918,848,478,139.40282715982366,142.7203697418767,160.35286756102292,167.20802014457877,73.9812859011677,74.51142889576275,21.19397802070157
person_19.mp4,front,915,15264,59.94422845976918,848,478,141.6007620553423,144.19105367064427,161.4401026262246,169.36623607041338,74.81806163100349,74.17954515567016,21.18265170868162
person_19.mp4,front,916,15281,59.94422845976918,848,478,141.34409193129142,145.33899653589245,160.92286343499103,170.0674134292656,75.14443651279016,74.83193068555687,20.889694000889858
person_19.mp4,front,917,15298,59.94422845976918,848,478,142.0856121700288,144.32922101065807,161.791927971655,168.75441724687354,75.17750360041205,75.10225230649176,20.84984921431456
person_19.mp4,front,918,15314,59.94422845976918,848,478,145.62553950926932,145.28458719710972,164.26313462179115,169.05081558995062,76.08586709053803,76.00017263528213,20.894240188515095
person_19.mp4,front,919,15331,59.94422845976918,848,478,144.2845180793589,145.98321881507616,163.97830849642466,171.9876045180594,74.61269644104352,73.36643115929482,21.345226056392914
person_19.mp4,front,920,15348,59.94422845976918,848,478,144.11863105496766,146.74162482551188,163.17038160955389,172.21596128215472,74.69927167518357,73.53060310789304,21.878863889912594
person_19.mp4,front,921,15364,59.94422845976918,848,478,143.59422532048106,146.01808771243,162.98499551741233,171.54756986968695,73.93230716790244,73.2721057013457,22.35118517233212
person_19.mp4,front,922,15381,59.94422845976918,848,478,143.05725627894145,145.35908671090937,163.08349317779187,171.31415554619235,73.42950501975874,73.20668224207675,22.552134097978627
person_19.mp4,front,923,15398,59.94422845976918,848,478,143.7670535712639,145.57634866898644,165.00972517585814,172.1920317925091,72.71518448534714,72.69596132995665,22.68321130808366
person_19.mp4,front,924,15414,59.94422845976918,848,478,144.71996441287683,146.64754892425344,167.00062620424396,173.83752701972736,71.25251353556908,71.70729106965078,23.10824673680844
person_19.mp4,front,925,15431,59.94422845976918,848,478,147.2337607375101,146.6166611041904,169.93086107890576,173.81896738480097,71.25479932217172,71.64866505094479,23.45401121758353
person_19.mp4,front,926,15448,59.94422845976918,848,478,146.38934604895837,146.50496776358213,169.83479182296162,174.25657488441095,70.98359455368612,71.25212688671094,23.49968540431883
person_19.mp4,front,927,15464,59.94422845976918,848,478,146.35115499231372,147.46554570127944,168.77976887442378,174.856032437588,70.85246620806018,71.36442557747276,23.687122126340128
person_19.mp4,front,928,15481,59.94422845976918,848,478,147.47548528998956,147.8937377172691,169.72075694709957,175.17244477963922,71.14773446513588,71.25332531094915,23.737617010565966
person_19.mp4,front,929,15498,59.94422845976918,848,478,146.51972506070402,147.30125577091863,169.1560224470069,174.13739662199515,71.35231416851649,72.09921825234434,23.661363108494623
person_19.mp4,front,930,15514,59.94422845976918,848,478,145.8916608367377,147.42501328024844,168.66907697899362,174.45949020645938,71.70750259803434,72.39187095984033,23.431383154489055
person_19.mp4,front,931,15531,59.94422845976918,848,478,145.02223152967002,147.28488918484845,167.7597218340626,174.3216086936939,71.54938501754245,72.52112162359332,23.403891512942725
person_19.mp4,front,932,15548,59.94422845976918,848,478,144.98918815100967,146.86824697384483,167.33440985123977,173.99695837134382,72.07955076069314,72.76655386422225,23.254485618814186
person_19.mp4,front,933,15564,59.94422845976918,848,478,144.48308355398558,146.51501629313498,166.75879648943948,173.64805315479018,72.21505969674689,72.91649033386449,23.16056051712767
person_19.mp4,front,934,15581,59.94422845976918,848,478,144.46168499323485,145.70039160316853,166.61045643936743,173.36199806864508,72.30033526440552,72.63912054383815,22.97947456289458
person_19.mp4,front,935,15598,59.94422845976918,848,478,144.15460541985706,145.5620744062439,166.63412098120997,173.19904992105282,72.15253930522742,72.84862450810802,22.79492072543213
person_19.mp4,front,936,15615,59.94422845976918,848,478,143.98143901641203,145.39943257906594,166.47513980292845,173.09639323655634,72.21942429365738,73.02056357062148,22.751646454153256
person_19.mp4,front,937,15631,59.94422845976918,848,478,144.2961309093304,145.6701143864899,167.17314192066945,173.95499907574046,71.72334020232955,72.25504731019517,22.97506464395293
person_19.mp4,front,938,15648,59.94422845976918,848,478,146.17586290571575,146.6195350719088,168.187281927339,174.1892905863359,72.57994946908724,72.77143118851396,22.958459279579074
person_19.mp4,front,939,15665,59.94422845976918,848,478,146.09581983830654,146.39401286399885,167.88526990932556,173.9246897423081,72.70653506599878,72.82333495677618,23.094960464432425
person_19.mp4,front,940,15681,59.94422845976918,848,478,146.09850170102496,146.72857058788497,167.72452037711648,174.03085523137057,72.72633859219805,72.92488429168002,23.143613977582532
person_19.mp4,front,941,15698,59.94422845976918,848,478,146.80442550252127,146.37340748816882,167.70113430057256,173.8412654818311,73.3056104742092,72.88374136617468,23.119453336083147
person_19.mp4,front,942,15715,59.94422845976918,848,478,146.4281160738594,146.57890749092994,167.51373358536048,173.66154028137896,73.16603611294907,73.18181427919589,23.096886407676998
person_19.mp4,front,943,15731,59.94422845976918,848,478,146.04211458449757,146.53170113127862,167.29923101937484,173.60359159969818,73.01547822346285,73.23907518622634,23.099069413735393
person_19.mp4,front,944,15748,59.94422845976918,848,478,145.72987630440147,146.61229704108578,167.17329538655824,173.57629379955122,72.92914764680945,73.37528548222863,23.0707546847223
person_19.mp4,front,945,15765,59.94422845976918,848,478,145.61868633435884,146.4702234372875,167.1588682001594,173.45646313252834,72.88308408560326,73.39888441308725,23.050717089016487
person_19.mp4,front,946,15781,59.94422845976918,848,478,146.26784451586926,146.44685580039038,167.90902160623284,173.41462560389067,73.15826395506029,73.49508746289759,22.912961683053368
person_19.mp4,front,947,15798,59.94422845976918,848,478,146.11235270764527,146.5351079425665,167.81599174897784,173.4545658854835,73.11563763980206,73.53580818904068,22.90486953076846
person_19.mp4,front,948,15815,59.94422845976918,848,478,146.19365023147543,146.4398877094651,168.20175367664436,173.84934723031103,72.6228650568747,72.54536942672327,23.160582084833223
person_19.mp4,front,949,15831,59.94422845976918,848,478,146.71341534191285,146.51057009277935,168.63505887794256,173.7744064524756,72.61157085740903,72.7432143891109,23.167553532817838
person_19.mp4,front,950,15848,59.94422845976918,848,478,146.5759835392492,146.94429223219993,168.4201936123456,174.053465436074,72.31679818846999,72.71415076827184,23.192439099925735
person_19.mp4,front,951,15865,59.94422845976918,848,478,146.42054980790326,146.76013925976275,168.37005373296313,173.93290542876383,72.260110260446,72.67975292381111,23.152857462866823
person_19.mp4,front,952,15881,59.94422845976918,848,478,146.74591907197734,147.40312131541083,168.38130599011544,174.7942641540279,72.35827007279092,71.82935575297378,23.34786470560091
person_19.mp4,front,953,15898,59.94422845976918,848,478,148.17128236858548,146.92590915986762,168.46689775434197,174.63096751098502,73.743342556806,71.36445781033747,23.27859203057856
person_19.mp4,front,954,15915,59.94422845976918,848,478,147.1836776714043,146.68238700950715,168.25579550320256,174.40778227844143,72.69698161747121,71.1148553095298,23.505344429228746
person_19.mp4,front,955,15931,59.94422845976918,848,478,146.6807480119569,146.511591660376,167.9644556770658,174.51707348837326,72.60847893642743,71.00820236330365,23.28042853871249
person_19.mp4,front,956,15948,59.94422845976918,848,478,146.75936882098125,147.03698097404668,167.9740982451287,174.57309484615948,72.6658125805768,71.61182014783357,23.238741334398078
person_19.mp4,front,957,15965,59.94422845976918,848,478,146.52610819217225,146.66271904002724,167.84896081573666,174.43728175990947,72.56966140531922,71.35810881059832,23.221610483419592
person_19.mp4,front,958,15982,59.94422845976918,848,478,146.34048718661188,146.6569269055462,167.80392393089733,174.50019746302513,72.72099035787599,71.3565720291595,23.00777697045417
person_19.mp4,front,959,15998,59.94422845976918,848,478,146.12937289234037,146.80110644671296,167.76085484556705,174.48494755439202,72.66233173797656,71.63303579335738,22.944116228503233
person_19.mp4,front,960,16015,59.94422845976918,848,478,145.63536950787616,146.8897234008241,167.59749871309083,174.49668250292356,72.26798214549535,71.73972749376769,22.977215659080535
person_19.mp4,front,961,16032,59.94422845976918,848,478,145.38527127009073,146.51174547589977,167.42042744661757,174.1492801761225,72.30646009070378,71.64277742336618,22.972776969971097
person_19.mp4,front,962,16048,59.94422845976918,848,478,145.21658128807906,146.33029884143244,167.59691011233838,174.12543030174848,72.2875645153959,71.60530482076273,22.773467695760246
person_19.mp4,front,963,16065,59.94422845976918,848,478,145.29100406378748,146.4665915234195,167.4928607614192,174.57485011831562,72.19153793823399,71.20838371502036,22.81710771147629
person_19.mp4,front,964,16082,59.94422845976918,848,478,145.2554357634886,146.6598467791643,167.83395196259335,174.55443135899938,72.46249146322846,71.40081812269463,22.585077000024842
person_19.mp4,front,965,16098,59.94422845976918,848,478,146.1148759768344,146.96138395202314,168.84079639586605,174.47979511696732,72.99495141512563,71.63633932034506,22.550749290752794
person_19.mp4,front,966,16115,59.94422845976918,848,478,145.64032848611964,146.67932206823463,168.64888653737532,174.4739468111544,72.54111760011077,71.24431702744639,22.707777698901484
person_19.mp4,front,967,16132,59.94422845976918,848,478,146.59966972793745,148.51378335832453,168.88506802534104,174.9740780544652,73.15918670413289,72.01596570356905,22.699123634937745
person_19.mp4,front,968,16148,59.94422845976918,848,478,146.3600839568667,148.9982155053486,169.05833443030832,175.2734445053057,72.73683139511155,71.77016827550705,22.690575151829762
person_19.mp4,front,969,16165,59.94422845976918,848,478,145.69847427642125,148.8566455692434,168.575070118584,175.1427072581305,72.41874308146862,71.74605789345861,22.795415009108993
person_19.mp4,front,970,16182,59.94422845976918,848,478,144.97227052116529,148.76572184928744,167.40076170593153,174.91927474185886,72.60973496247357,72.18367678437693,23.028120776933783
person_19.mp4,front,971,16198,59.94422845976918,848,478,143.9478356232163,148.95059010065557,165.20570294780293,174.87019839518007,73.70951644760348,72.37603162913064,23.024992991926094
person_19.mp4,front,972,16215,59.94422845976918,848,478,143.63464715148282,148.90908462317182,165.33698810457545,174.88408639241052,73.46202813443352,72.15453363729631,22.94426747008703
person_19.mp4,front,973,16232,59.94422845976918,848,478,142.4683325444795,149.35232198125547,163.8353178625832,175.02328100922853,73.15168822575106,71.83744317328706,22.999387268911104
person_19.mp4,front,974,16248,59.94422845976918,848,478,140.8467807603665,149.18905598861494,162.36627744280372,174.9419339021016,72.76698435477877,71.9602760631689,23.121741131267573
person_19.mp4,front,975,16265,59.94422845976918,848,478,142.51735020744295,150.8123799109593,163.2474058522207,175.07130090781024,73.86871593657483,72.64763076286782,22.94313933932858
person_19.mp4,front,976,16282,59.94422845976918,848,478,142.38647223964364,151.39489279850307,161.61161653282397,174.85137910740636,75.14894449820936,74.2762851570522,22.469741521062584
person_19.mp4,front,977,16298,59.94422845976918,848,478,142.39377396258814,151.05302554630597,162.5676806682097,174.73036011865634,74.59490921168553,74.23999843289496,22.426427980481915
person_19.mp4,front,978,16315,59.94422845976918,848,478,143.9933571866844,151.24934851093263,163.23155577054365,174.61041300885145,75.26718879498213,74.45046767232941,22.410558034454954
person_19.mp4,front,979,16332,59.94422845976918,848,478,143.78041763073193,147.7344963649139,162.0063939771789,172.71656677638964,76.21211519278673,74.71972470953541,22.413971353694127
person_19.mp4,front,980,16349,59.94422845976918,848,478,142.43734008797318,143.69745946768506,161.32138068698697,170.4637787045951,75.434831530309,73.41551354868663,22.70554899488721
person_19.mp4,front,981,16365,59.94422845976918,848,478,141.42497977287925,141.15632389124346,159.6758451568501,167.60043153981525,76.05471006260888,74.49485416633696,22.240934651500545
person_19.mp4,front,982,16382,59.94422845976918,848,478,135.67622437049445,136.55633681841894,154.9239122157618,164.10412973201568,75.13357541489917,73.63476021626963,21.88647988222904
person_19.mp4,front,983,16399,59.94422845976918,848,478,131.70461644153536,132.80443181124278,152.4427845144327,160.75501004106633,73.62924283971611,72.66925010781301,22.114899670726874
person_19.mp4,front,984,16415,59.94422845976918,848,478,132.75749422106364,127.30432538581823,152.5527977626222,153.01109493628562,74.73773284793216,73.72885651707382,21.889402614779325
person_19.mp4,front,985,16432,59.94422845976918,848,478,134.69986943322033,129.88337299697506,153.76480444081483,154.74637645901328,75.81110522247012,74.84499749756385,21.80877073862108
person_19.mp4,front,986,16449,59.94422845976918,848,478,133.69781594725163,130.73984201004419,153.07820570745164,156.03825715601255,75.35771037283504,74.41595532343227,21.6067333566948
person_19.mp4,front,987,16465,59.94422845976918,848,478,129.87615809722394,126.49430364500289,150.09817483864666,152.37443918665537,74.5423201501539,73.90169402074336,21.575193341533332
person_19.mp4,front,988,16482,59.94422845976918,848,478,128.24208328993922,122.04910320609987,148.35001358129787,147.65293842474165,74.60933670789753,74.26834638931004,21.830185807268577
person_19.mp4,front,989,16499,59.94422845976918,848,478,128.80819059028875,119.44895111097208,147.4684733794553,144.33715661396883,75.37473155270654,74.70662608656797,21.876380689522545
person_19.mp4,front,990,16515,59.94422845976918,848,478,130.33120582593378,123.98684814642587,150.6948964194851,148.75254839874148,75.20397449285167,74.73703125226419,21.2796691626645
person_19.mp4,front,991,16532,59.94422845976918,848,478,129.70563065461826,120.1891214684002,150.52001391669032,145.02654804036564,74.86162706885611,74.31133168074422,21.315991579057453
person_19.mp4,front,992,16549,59.94422845976918,848,478,126.14714800807491,118.33003844966598,148.19365981104949,143.46549996761854,74.31016181477045,74.1729162811784,21.113175444443563
person_19.mp4,front,993,16565,59.94422845976918,848,478,123.16085995777391,112.34929369152958,146.09829201453408,137.36968988822207,73.84373968351984,74.1135755267138,21.159661788322026
person_19.mp4,front,994,16582,59.94422845976918,848,478,119.42446648885488,106.13927117997329,141.88766283989568,130.12340235933053,74.77191774434615,74.50149008884877,20.993457611604743
person_19.mp4,front,995,16599,59.94422845976918,848,478,113.14354160055746,100.70800216381689,137.60518460337644,125.19525506331244,73.06723356277084,74.25535657985353,20.928808394576368
person_19.mp4,front,996,16615,59.94422845976918,848,478,106.35145177725903,95.93412572082914,131.12220848293785,119.5871242785046,74.02533468652044,75.16467109223986,20.291344676265783
person_19.mp4,front,997,16632,59.94422845976918,848,478,106.8597838754664,95.1262246408977,132.76052015780883,118.5313175536895,73.48939790833194,75.82194101617478,20.358261183320558
person_19.mp4,front,998,16649,59.94422845976918,848,478,100.07922231275192,88.69217402266467,126.4733762945903,112.38353866502496,73.80112017695349,75.36638888126686,19.40972990099732
person_19.mp4,front,999,16665,59.94422845976918,848,478,100.97327583724385,87.96215294234642,129.1020531617353,113.10586548758039,73.37923573153422,75.08416580921855,18.397639822713888
person_19.mp4,front,1000,16682,59.94422845976918,848,478,103.79861997148889,89.73448430000609,130.98295986197013,113.57574554640827,74.11959035003969,76.34052690840824,18.606266261397003
person_19.mp4,front,1001,16699,59.94422845976918,848,478,98.58967226289761,84.2818550860313,127.5562540612394,109.74042343846392,73.47259024075579,76.29950093449764,16.936525631502164
person_19.mp4,front,1002,16716,59.94422845976918,848,478,96.82259107246747,84.87896182280858,127.99445986291344,111.62946280202935,71.83446918703562,75.59991644832083,17.26834394069859
person_19.mp4,front,1003,16732,59.94422845976918,848,478,92.47682705666377,81.95861890739414,124.57444461410667,109.23046323102828,70.36250834504936,74.70365094984855,17.393858524745333
person_19.mp4,front,1004,16749,59.94422845976918,848,478,87.898976989401,80.70949470137157,119.68904140596972,107.34409065903768,70.83284845835264,75.19672134700242,17.48641110523973
person_19.mp4,front,1005,16766,59.94422845976918,848,478,87.00405394524812,80.80066088374998,116.22464052636298,105.63249143408375,73.63234973047899,77.18469458979719,16.432491478003058
person_19.mp4,front,1006,16782,59.94422845976918,848,478,84.09944391609476,78.91007380637127,114.03951182784918,104.23572069562383,72.69797010538245,76.73356592643047,16.308322764501632
person_19.mp4,front,1007,16799,59.94422845976918,848,478,82.18282167351329,76.61908459670296,113.25997890503085,103.05798219198977,71.01706186680231,75.47966196679448,16.65736865793165
person_19.mp4,front,1008,16816,59.94422845976918,848,478,79.46596572016553,75.43366348837762,110.80384244765808,101.85763764987304,70.79183094324932,75.45329497405842,16.882437891864996
person_19.mp4,front,1009,16832,59.94422845976918,848,478,76.77428932443594,73.81408014158565,107.24097631173568,99.11434433780478,70.76900585059516,75.2133043176081,17.245180865507983
person_19.mp4,front,1010,16849,59.94422845976918,848,478,74.77870460540173,72.04873094388036,105.4709997398468,97.92157616453328,70.15917405914848,74.5283105493946,17.644398278441088
person_19.mp4,front,1011,16866,59.94422845976918,848,478,74.09892264462846,71.60516093057248,104.38721374519852,97.14412788669281,70.17683381541931,74.62175697395001,17.928153622980155
person_19.mp4,front,1012,16882,59.94422845976918,848,478,73.61041427498736,71.1915793758132,103.79903838453743,96.75336346295904,69.60247383437935,74.01846697570403,18.10511340793126
person_19.mp4,front,1013,16899,59.94422845976918,848,478,72.36373048085505,70.03486234464233,102.75326780936258,95.609359265928,69.26933989646481,73.881607627589,18.308172559662882
person_19.mp4,front,1014,16916,59.94422845976918,848,478,69.6472374502635,67.5732001801535,101.32739978168391,94.22312865427755,67.76491166786616,72.49273725726897,18.428445717179194
person_19.mp4,front,1015,16932,59.94422845976918,848,478,69.8743914505133,67.31958028049232,101.99193029439749,94.40204842728502,67.91657057243441,72.95796265821329,18.359659983385633
person_19.mp4,front,1016,16949,59.94422845976918,848,478,70.07438123436255,67.21594126963247,102.34842496012841,94.57092346509927,67.92058549755781,72.87126820529771,18.131220652450303
person_19.mp4,front,1017,16966,59.94422845976918,848,478,70.19720359536427,67.4443971106886,103.63959320341108,94.91837137957339,67.55645417171692,73.63410360595857,17.82158255570519
person_19.mp4,front,1018,16982,59.94422845976918,848,478,68.82422062342495,66.40679634815308,103.05086066969507,95.56929164671818,67.20331950154937,72.79494227550984,17.389581742103378
person_19.mp4,front,1019,16999,59.94422845976918,848,478,69.30042780045328,66.99791793000429,104.11387986612574,96.96857425835836,67.6597992132446,72.96499870614234,16.191009464627594
person_19.mp4,front,1020,17016,59.94422845976918,848,478,69.44965754256751,66.35197081814853,108.29799415046055,99.99116422629,67.51541337412027,73.07313921747232,12.616216320638502
person_19.mp4,front,1021,17032,59.94422845976918,848,478,68.69651619931835,66.36174572657973,108.7338016167582,99.98963834023137,66.93637254952401,72.55169812051874,12.675114200939383
person_19.mp4,front,1022,17049,59.94422845976918,848,478,68.67391838571606,66.11136981143007,107.60396736005058,98.20490472255258,67.69032000249328,73.63196330088624,13.05937843634714
person_19.mp4,front,1023,17066,59.94422845976918,848,478,68.8854891184283,65.32269290630583,109.37036347316328,99.64736749771178,66.60540787432598,72.03749409688062,12.015290614265128
person_19.mp4,front,1024,17083,59.94422845976918,848,478,70.19880083191258,67.1285679314148,109.90003304888386,100.7205385561834,68.72239282278328,73.85782380955129,11.445839022703536
person_19.mp4,front,1025,17099,59.94422845976918,848,478,70.1096552951561,66.17584325211718,112.13325737000018,103.1071672657409,71.25305188697926,71.67486885250172,9.297222833712777
person_19.mp4,front,1026,17116,59.94422845976918,848,478,69.89036102590872,65.59065268091102,112.72135395009198,104.39649686574381,72.10661366524377,73.84357849145748,8.478312985931309
person_19.mp4,front,1027,17133,59.94422845976918,848,478,67.87870279107364,63.168873213928855,111.44799883268726,103.94820115750491,71.3509425545551,72.14294291368837,9.243400184490108
person_19.mp4,front,1028,17149,59.94422845976918,848,478,66.81925692160303,63.07339304086199,110.73692569804487,102.91410663529575,69.22583794236674,71.81154740523681,9.67257582502011
person_19.mp4,front,1029,17166,59.94422845976918,848,478,66.74089188001285,62.35847705238187,111.80590632789843,103.81196778722644,70.10156472917954,72.31875905754855,8.722351985620978
person_19.mp4,front,1030,17183,59.94422845976918,848,478,65.76940429752732,61.348771990109014,115.24761619826755,106.80264433157633,69.14242555262058,71.48428457428378,5.672845368374079
person_19.mp4,front,1031,17199,59.94422845976918,848,478,63.39278316284679,60.54950910137651,116.09575895798197,108.33623102111987,67.4137405715483,71.36442165846694,4.564398920834746
person_19.mp4,front,1032,17216,59.94422845976918,848,478,62.61275609843884,60.16870754648769,118.35003830143192,109.89684185049501,66.49172611903079,70.6230754095131,2.7659379730987568
person_19.mp4,front,1033,17233,59.94422845976918,848,478,62.20028563788074,59.02812195181799,117.43437049671448,108.33421145682298,65.83553782954867,69.86070993174893,3.4109201451523363
person_19.mp4,front,1034,17249,59.94422845976918,848,478,62.588904109027546,59.294503014743256,116.19720774025282,107.01067752588814,67.77543333466113,70.60179789555104,4.219689555038116
person_19.mp4,front,1035,17266,59.94422845976918,848,478,62.67537311040149,59.52684958922466,113.80986047844397,104.95505216730137,67.76547955151179,71.14978732398274,5.616684414126007
person_19.mp4,front,1036,17283,59.94422845976918,848,478,62.87267665080337,59.43630384534701,112.24316240426832,103.45508010099431,67.12784028971512,70.64031891658502,6.46137811523148
person_19.mp4,front,1037,17299,59.94422845976918,848,478,62.50362859434451,58.98567339381945,110.25597968826406,102.26488058604325,66.37170075428683,69.8583269924409,7.380220461675761
person_19.mp4,front,1038,17316,59.94422845976918,848,478,63.904812459491275,59.80405841067316,110.40038006167431,102.48342388104764,67.75343413937472,70.64641826018351,6.89735721404028
person_19.mp4,front,1039,17333,59.94422845976918,848,478,63.54957604515084,59.250986985618205,109.11173272337354,101.43854551279759,67.95813371035469,70.39037900881348,7.302842729841418
person_19.mp4,front,1040,17349,59.94422845976918,848,478,60.708710816619885,57.9789447264032,107.00540184344982,100.26192142742738,66.60296010664015,69.48104106921394,8.1624616319031
person_19.mp4,front,1041,17366,59.94422845976918,848,478,59.577274763041984,57.27475611306154,106.65250609361533,100.22045226909556,65.77198031461262,69.0443729383528,8.346502419160931
person_19.mp4,front,1042,17383,59.94422845976918,848,478,59.57105015978674,56.82618607596481,106.84802376644843,100.01639072921436,65.50367921291642,68.62769618145228,8.262092537744673
person_19.mp4,front,1043,17400,59.94422845976918,848,478,58.579217692241926,56.471231067051804,106.3395321277733,100.10864552346642,65.09001092182338,67.89048861618063,8.384191668169805
person_19.mp4,front,1044,17416,59.94422845976918,848,478,58.80888274577744,55.64505094328265,107.16040108727252,100.7156781408815,65.05314825213443,68.0883130360547,7.600008587952791
person_19.mp4,front,1045,17433,59.94422845976918,848,478,58.92373092968931,54.98270384476785,106.59347941320583,100.76486492196209,65.94744625971126,67.5379242858784,7.7591412914562055
person_19.mp4,front,1046,17450,59.94422845976918,848,478,59.04490814830377,55.172248884908676,106.2941909648355,100.92917789241652,66.35138954228647,67.72615245860536,7.99450179136989
person_19.mp4,front,1047,17466,59.94422845976918,848,478,58.58011783700296,55.57955908489101,107.32776809750452,102.7010807567354,67.45316560037985,68.33117258975369,7.015180954439945
person_19.mp4,front,1048,17483,59.94422845976918,848,478,58.4598732064477,55.444935944828956,105.25966844721239,102.15734811494941,67.31148281001114,67.78803986784843,8.008031941036581
person_19.mp4,front,1049,17500,59.94422845976918,848,478,58.65426519910939,56.12817492106829,105.46188053355715,102.95899823008963,67.53464788507257,68.40804830585705,7.59870607796513
person_19.mp4,front,1050,17516,59.94422845976918,848,478,58.57795289366876,55.60556684017632,105.14542441374692,102.25822909343458,67.70568143379042,67.85198416251735,7.791420961203041
person_19.mp4,front,1051,17533,59.94422845976918,848,478,58.908068458006724,56.55626245830658,105.69966498397156,102.41751929689224,68.57931733716424,69.48734441446662,7.304942106890518
person_19.mp4,front,1052,17550,59.94422845976918,848,478,58.260636309642976,56.03426035718963,107.32263089322399,104.30572751187069,69.05227474030363,69.7419211225472,5.635737953071734
person_19.mp4,front,1053,17566,59.94422845976918,848,478,58.01778128651467,55.61852193792807,107.37296244132904,103.76220760719733,69.20357383567766,69.87301672881513,5.893212684543206
person_19.mp4,front,1054,17583,59.94422845976918,848,478,57.856932414970345,55.26716197903451,107.10117759047435,103.2915067626346,69.23764771214432,69.9208146965161,6.243342727731686
person_19.mp4,front,1055,17600,59.94422845976918,848,478,57.114299486461235,54.813773249363884,104.00949425545335,101.51009869814202,69.08851634689377,69.10386045183849,8.068449660406715
person_19.mp4,front,1056,17616,59.94422845976918,848,478,57.43877013958375,55.01747993110742,99.92774277833301,98.66066073279661,69.53247167175883,69.06424412618425,11.227582568310893
person_19.mp4,front,1057,17633,59.94422845976918,848,478,56.868531163870145,54.60899113507735,98.84515041396037,97.8239426985921,69.62115300063034,68.66982204119311,11.976116845521307
person_19.mp4,front,1058,17650,59.94422845976918,848,478,56.767571533501076,54.57931579414426,98.22662898408012,97.35623327400096,69.98469160965936,68.83613524110584,12.332546205777534
person_19.mp4,front,1059,17666,59.94422845976918,848,478,57.0503760130783,54.61973804140338,98.39262486717367,97.0265439175881,70.29457211319391,69.12190795389695,12.307130655091061
person_19.mp4,front,1060,17683,59.94422845976918,848,478,56.67482519719798,54.7580587093473,98.83677059633668,97.59985552969427,70.768538632201,69.92421634074044,11.630708025159391
person_19.mp4,front,1061,17700,59.94422845976918,848,478,55.34220886142442,53.35812479442276,99.21104820222821,96.83455886869193,69.84411314786907,68.84894073210342,11.406223215271613
person_19.mp4,front,1062,17716,59.94422845976918,848,478,54.260130691056766,52.69745353049874,99.07510332032017,96.02625424936066,69.1876822401164,68.36361647337813,11.609585187240741
person_19.mp4,front,1063,17733,59.94422845976918,848,478,54.25775306971375,53.020305203133354,99.29515233330288,95.82822834626054,68.91743901948188,68.66601978017239,11.486110364282041
person_19.mp4,front,1064,17750,59.94422845976918,848,478,53.89492492074949,53.01914098731433,99.54493057097888,96.35176789216675,68.85586187802924,68.89357152675844,10.927351654755677
person_19.mp4,front,1065,17767,59.94422845976918,848,478,53.562855250680705,52.67896264060318,99.62247406420455,96.24211521144164,68.71045805602377,68.66265192531547,10.890514688435372
person_19.mp4,front,1066,17783,59.94422845976918,848,478,53.796174598265964,52.46868082395339,99.68264640223144,96.36396932030688,68.93603512141145,68.61019208872288,10.77690119819888
person_19.mp4,front,1067,17800,59.94422845976918,848,478,53.78283769194011,52.921169345753505,100.47376250861724,97.91630195218275,68.66513795111544,69.28320419890889,9.809670874088013
person_19.mp4,front,1068,17817,59.94422845976918,848,478,53.64453434758123,52.64069642943643,100.5936688608166,98.48036222825162,68.89303671302038,69.39641397929692,9.561461709496035
person_19.mp4,front,1069,17833,59.94422845976918,848,478,53.9688076107748,53.0729961488241,101.93113231584212,99.53337223836438,69.48837723969122,69.8725277844821,8.582695250114323
person_19.mp4,front,1070,17850,59.94422845976918,848,478,53.55950298453029,53.22885945550509,102.6368630660693,99.55822424374885,69.8135729372048,70.11888166754566,8.407140792174767
person_19.mp4,front,1071,17867,59.94422845976918,848,478,53.614436396553074,53.14024077638329,102.5379550506342,99.46728605807638,69.31076829969699,70.13765935842741,8.47327225452461
person_19.mp4,front,1072,17883,59.94422845976918,848,478,53.65460836553637,52.858513095236425,102.59645472818364,99.67117509047218,69.3443395236158,69.93362135926063,8.338429832108046
person_19.mp4,front,1073,17900,59.94422845976918,848,478,53.051791554850105,52.6102844559406,101.89700860903378,99.44675485119296,68.949117821608,69.54746935187158,8.5682634528762
person_19.mp4,front,1074,17917,59.94422845976918,848,478,53.268042249041095,52.97402288081444,101.9254032719659,99.47393653313671,69.04043989361074,69.7745421628125,8.613103919693282
person_19.mp4,front,1075,17933,59.94422845976918,848,478,53.57469608128547,53.25896414849548,103.02212001971844,100.20323754922147,69.2895703389599,69.99420432083271,7.791799466686476
person_19.mp4,front,1076,17950,59.94422845976918,848,478,55.37743934417135,54.10592608379481,104.58775496867162,100.92643271722783,70.83480360558997,70.9114115702085,7.316638716859769
person_19.mp4,front,1077,17967,59.94422845976918,848,478,55.33170795793931,54.46490034587764,104.46425542154479,101.20134466678289,71.24372490303594,71.14377405496114,7.326004693858626
person_19.mp4,front,1078,17983,59.94422845976918,848,478,55.57281220746972,54.35603622543057,104.29641757217912,101.39007536931396,70.81541364364799,70.60105945954099,7.206906573929243
person_19.mp4,front,1079,18000,59.94422845976918,848,478,55.96935693094562,54.931401260571064,103.88958876577637,101.30114149615007,70.59764461386237,70.37217364515669,7.330211251689235
person_19.mp4,front,1080,18017,59.94422845976918,848,478,57.20620342760211,56.101948839906,103.60747356696862,100.8676765476167,71.0724179209565,70.94701925624277,7.799236668356025
person_19.mp4,front,1081,18033,59.94422845976918,848,478,57.032232347349876,56.42357210068057,103.89499278450754,101.29910169140942,70.73824003627861,71.05938985394882,7.7731696007596405
person_19.mp4,front,1082,18050,59.94422845976918,848,478,57.353522413354,57.3050301310021,106.7812602080372,104.26150977170124,71.02883753876628,71.90689968255144,5.5703369406691
person_19.mp4,front,1083,18067,59.94422845976918,848,478,57.81105072896345,57.508459073592206,107.32948296040651,104.39097762206829,71.16316410779856,71.96657990862275,5.519217393785485
person_19.mp4,front,1084,18083,59.94422845976918,848,478,58.018214696322836,56.600749661175136,106.26074889972448,101.53163295256832,70.06335732306331,70.50312006415929,6.635628020253416
person_19.mp4,front,1085,18100,59.94422845976918,848,478,58.015118128713894,57.13479995395261,106.97706196594054,102.35010147794517,70.30218943103432,70.31018456512663,6.310308564827723
person_19.mp4,front,1086,18117,59.94422845976918,848,478,58.35425321368948,57.07855169087529,107.05656526363202,102.31049863031394,69.628052970921,70.19845715894168,6.406055207592179
person_19.mp4,front,1087,18134,59.94422845976918,848,478,58.562877355568084,57.68477278055553,108.68884089751685,103.76597206273237,69.89858617518115,69.9724708118584,5.491484071240138
person_19.mp4,front,1088,18150,59.94422845976918,848,478,58.39228016490382,58.095955963346974,104.62596787531395,99.86598454045654,68.66570205676294,70.74304258458069,9.140586577874785
person_19.mp4,front,1089,18167,59.94422845976918,848,478,58.88599263191774,57.97985534021654,100.72418989110818,96.62245446707747,68.41223785217723,69.50224597559078,12.551572736627309
person_19.mp4,front,1090,18184,59.94422845976918,848,478,57.10085924737336,57.03364671734919,99.18335537071673,94.72742949632352,67.0271819612439,68.57618046753593,14.227275727108475
person_19.mp4,front,1091,18200,59.94422845976918,848,478,58.57901972140117,56.73914416952333,103.43353035886183,96.94493579920531,68.86633536357925,67.9993324242914,12.024561327614846
person_19.mp4,front,1092,18217,59.94422845976918,848,478,58.6171854655221,57.35081548201618,102.02737549122355,97.71297165821335,67.86183868189526,68.05626817794784,12.68995644500647
person_19.mp4,front,1093,18234,59.94422845976918,848,478,57.546659159941626,56.55473579113243,99.54287715891125,96.07417937923712,66.97300572295731,67.23370099291408,14.712377172102512
person_19.mp4,front,1094,18250,59.94422845976918,848,478,58.316862010580095,57.049744957737936,100.32286751257904,96.68809432756747,66.56546172339729,66.20654699510041,14.340813139957138
person_19.mp4,front,1095,18267,59.94422845976918,848,478,58.71355116416868,57.49880630768484,99.96718811980729,96.34066463501563,66.929189325586,65.89096085120435,15.18170003839799
person_19.mp4,front,1096,18284,59.94422845976918,848,478,59.523581297250466,58.222118202006286,100.34775818264075,96.98742354984792,67.65931035030572,65.29017643184115,15.199385381249012
person_19.mp4,front,1097,18300,59.94422845976918,848,478,58.68096333686133,58.834263433016446,101.59969001180009,97.62975073549644,65.72092765754783,65.32018052570376,14.779391992870428
person_19.mp4,front,1098,18317,59.94422845976918,848,478,58.482713439245444,58.40826235770943,100.1752233763941,95.76074213703711,64.46184959187607,63.678133338586704,16.470424132498145
person_19.mp4,front,1099,18334,59.94422845976918,848,478,59.594634742781444,59.9291401907882,100.59370865161193,96.90383232097581,64.72662830313597,64.77230459370043,16.037692676208902
person_19.mp4,front,1100,18350,59.94422845976918,848,478,61.163292497027086,61.236722118999204,98.6305612409722,95.3920472529039,64.98688375318804,65.43454460503736,17.861191117992828
person_19.mp4,front,1101,18367,59.94422845976918,848,478,62.64974976534885,62.70933148232364,95.53445106149,93.20141191233242,65.79769973437486,66.38990078464795,20.565330006951413
person_19.mp4,front,1102,18384,59.94422845976918,848,478,62.95342105817945,64.0307634787336,97.83183289363132,95.62719676048657,66.182074676059,67.73957702077917,18.563990859519812
person_19.mp4,front,1103,18400,59.94422845976918,848,478,63.09825940922794,62.474161711813494,97.01241449109936,94.6592179131517,66.72943406708457,67.07297638775337,19.236125749325335
person_19.mp4,front,1104,18417,59.94422845976918,848,478,66.59180092295907,64.12347763092151,100.13186987184783,96.73139921762463,69.1355149658588,69.1828123228791,17.567133377628945
person_19.mp4,front,1105,18434,59.94422845976918,848,478,65.80254261039906,64.44459422717122,101.83001708905465,97.44846595347083,67.24988997237605,70.23118100209737,17.188554630776324
person_19.mp4,front,1106,18450,59.94422845976918,848,478,69.29790654653021,65.75068805142936,99.79271563450818,95.11794131208505,69.19254123775966,70.19348224617903,19.08421061054485
person_19.mp4,front,1107,18467,59.94422845976918,848,478,67.00554915582526,64.831644600951,103.49554078943585,97.05614167427616,66.02677111351619,68.29706845779918,18.58551689333728
person_19.mp4,front,1108,18484,59.94422845976918,848,478,69.56480728934059,66.99199134015034,104.25017219462151,98.38404724349398,67.97228679130394,69.93939029760244,18.3514151435282
person_19.mp4,front,1109,18501,59.94422845976918,848,478,68.95253776010776,66.56304534167722,105.18807008484364,99.86759533751781,66.73175507824726,69.60954539278507,18.134413262265916
person_19.mp4,front,1110,18517,59.94422845976918,848,478,68.7473118879265,66.68643404180115,102.86116329754485,98.59911957633352,66.72997836173622,69.67998658467336,19.4822400440706
person_19.mp4,front,1111,18534,59.94422845976918,848,478,69.79439249301426,68.41811017247568,103.76095276188198,100.88343169817956,67.17716911740702,70.27206942604856,18.700692900983363
person_19.mp4,front,1112,18551,59.94422845976918,848,478,73.46881445067467,73.7526931462591,107.46879982706024,106.10328134372513,68.01448976036632,71.76051101917376,18.118818791497
person_19.mp4,front,1113,18567,59.94422845976918,848,478,72.72365964973567,71.9247804303334,105.60149383322334,104.13366607901402,68.02724904001177,71.8152450966374,18.574027061911274
person_19.mp4,front,1114,18584,59.94422845976918,848,478,80.64521606343665,80.9132958921517,114.03607501131877,112.23350750481347,69.00154099000544,74.0550240348335,18.004793649600565
person_19.mp4,front,1115,18601,59.94422845976918,848,478,80.29769955328923,78.20925088052222,114.58689515000023,110.57487564967376,66.74690306377259,71.57067871778064,18.58498189266641
person_19.mp4,front,1116,18617,59.94422845976918,848,478,84.16291071245625,80.84588889023728,116.04563253215755,111.36739950266778,69.31725498459625,73.66299853254476,18.122137265248305
person_19.mp4,front,1117,18634,59.94422845976918,848,478,83.56678563743286,82.01414876543095,117.28052054153412,113.75058148464993,68.56834838819348,73.11395175464887,17.907381826792598
person_19.mp4,front,1118,18651,59.94422845976918,848,478,100.7255227855191,92.35232106764683,131.62841188694424,121.74515440113935,69.84301339334927,74.63622771594567,18.698639693289717
person_19.mp4,front,1119,18667,59.94422845976918,848,478,102.13081401402191,94.53078988896495,131.5257812290124,123.31885419397133,70.64824432694004,74.39574898597809,19.210370672305494
person_19.mp4,front,1120,18684,59.94422845976918,848,478,116.87943078340952,111.70723252197645,144.69795604069515,139.06432647929628,71.75425512010739,75.88038519364761,20.766133164369492
person_19.mp4,front,1121,18701,59.94422845976918,848,478,118.3631320780263,114.38747877198603,146.78526330071645,142.59278401039336,69.42825349337167,73.59984984440374,21.37791280659472
person_19.mp4,front,1122,18717,59.94422845976918,848,478,121.39112099609142,114.49778098320105,149.65105197027555,142.51992994025574,69.73627808633891,73.11591290127582,21.459107000583405
person_19.mp4,front,1123,18734,59.94422845976918,848,478,120.4492576584605,115.93444396445497,148.1501827637113,143.85717215384858,70.1958573165029,72.4119891833408,21.306987817797175
person_19.mp4,front,1124,18751,59.94422845976918,848,478,124.1150722330198,116.73217236090863,150.99708020901684,144.55941143968525,70.01303233365157,72.59942555377665,21.18474812760146
person_19.mp4,front,1125,18767,59.94422845976918,848,478,124.5405909916868,121.76642318914152,151.4258413041564,150.45637514568216,70.10997569651425,72.41164345819013,20.92783115840635
person_19.mp4,front,1126,18784,59.94422845976918,848,478,127.2132990955263,125.45810826039896,152.85975686242344,152.4816072346304,71.27106931098156,73.47827228197275,20.591389222859032
person_19.mp4,front,1127,18801,59.94422845976918,848,478,131.30446235400368,129.75429853441173,155.5304303664693,156.12931530854883,72.37753124187805,73.75455640135421,20.37738037441185
person_19.mp4,front,1128,18817,59.94422845976918,848,478,127.76530659152124,129.52195751433374,154.5659013188402,157.3987880418588,70.27086179913282,72.82422358854299,20.119945625559346
person_19.mp4,front,1129,18834,59.94422845976918,848,478,127.08984466245806,131.1466276619276,153.03827845231461,159.5092109330298,70.9714921832018,72.15407373828887,20.433183847399285
person_19.mp4,front,1130,18851,59.94422845976918,848,478,132.95253052236657,132.57533469247107,155.831280901372,158.43252855770942,73.05596905695755,74.06794962322853,20.504851118091793
person_19.mp4,front,1131,18868,59.94422845976918,848,478,137.63570574675535,136.77476668345986,161.07140955449216,161.42827340101096,72.82209504937289,75.18475659625804,20.387512710063486
person_19.mp4,front,1132,18884,59.94422845976918,848,478,144.19966762798344,138.76270066910786,163.97710169160345,161.28477879310896,75.96299918494809,77.96782769852229,19.96235863742605
person_19.mp4,front,1133,18901,59.94422845976918,848,478,145.60800211635805,140.10419007348202,164.7483857255221,162.17409622092632,76.05125043682133,77.831864941915,19.85164360628838
person_19.mp4,front,1134,18918,59.94422845976918,848,478,143.5970612282808,141.08465052178477,164.25502972451545,163.55429021352634,74.8431290724014,77.37008923037145,19.68487623252677
person_19.mp4,front,1135,18934,59.94422845976918,848,478,144.17063990809152,143.3757914108147,164.228390424704,165.3328059576427,75.82618562451174,78.21149208110124,19.311804136922643
person_19.mp4,front,1136,18951,59.94422845976918,848,478,146.11538343802238,143.71960158649998,166.21773996383433,165.23547341510394,76.03257680756045,78.74074093298134,19.15004381711708
person_19.mp4,front,1137,18968,59.94422845976918,848,478,146.0199928226997,144.10141779440423,165.96625159751602,166.30595313662442,76.4322573213955,78.32016332284172,18.6542835457127
person_19.mp4,front,1138,18984,59.94422845976918,848,478,148.03822967449491,142.99652020268653,168.74186787933462,165.19361821335696,75.93813079350357,78.70134165303544,18.485641850327703
person_19.mp4,front,1139,19001,59.94422845976918,848,478,148.65711951090861,143.96391235896493,169.49540551233633,167.0743352408716,75.72444366294884,77.94018151428118,18.423794417920334
person_19.mp4,front,1140,19018,59.94422845976918,848,478,148.2207332882567,144.40254156653447,169.28872439920545,168.14315426504797,75.52982240973053,77.44867431321411,18.608636293300954
person_19.mp4,front,1141,19034,59.94422845976918,848,478,147.38444750770486,145.66034706526125,168.41496352289096,170.63206795485328,75.2194497594402,76.03684946466183,18.733004191635352
person_19.mp4,front,1142,19051,59.94422845976918,848,478,153.34997214325116,147.35284538254828,170.88935484388912,170.17212516895782,78.5789512173097,78.40329903479837,18.706792658316495
person_19.mp4,front,1143,19068,59.94422845976918,848,478,150.30867592910985,145.71072134264887,170.26214809551706,170.07780766731815,76.27341454712877,76.78796630290908,18.884184895713123
person_19.mp4,front,1144,19084,59.94422845976918,848,478,150.69003050828238,147.11517798091808,170.00758492638326,171.8766972666856,76.8484277018732,76.007367912398,19.410146121018307
person_19.mp4,front,1145,19101,59.94422845976918,848,478,150.64313463006064,148.28544305366577,169.3845442012394,173.16606723351583,77.11030173539284,75.86875609941107,19.59311540707906
person_19.mp4,front,1146,19118,59.94422845976918,848,478,148.80838073704928,147.49377176448445,167.47100735908074,173.45789722864131,75.96481856486322,74.21043004644855,20.659936353473487
person_19.mp4,front,1147,19134,59.94422845976918,848,478,150.08265653398743,147.61887570200835,168.84828298279598,172.4356709398216,76.4116927806601,75.87433848420864,20.446121258205114
person_19.mp4,front,1148,19151,59.94422845976918,848,478,148.29257047047696,146.30386915364156,167.803332706408,172.09364515780095,75.8426243450144,74.29038680942057,20.927358183782133
person_19.mp4,front,1149,19168,59.94422845976918,848,478,149.59807476260426,147.14917030345717,169.32596856095606,172.28021804702084,76.17421852084594,75.19557963529503,21.000942397015468
person_19.mp4,front,1150,19184,59.94422845976918,848,478,149.34214683117884,147.31098942892115,168.9726173937021,172.15971789127028,76.0459620744251,75.47935678128371,21.28886129389357
person_19.mp4,front,1151,19201,59.94422845976918,848,478,149.41738700828296,145.72516012439678,168.55467436892508,170.65974405284496,76.76971313371143,75.70497778729253,21.092394202619317
person_19.mp4,front,1152,19218,59.94422845976918,848,478,151.51251991922382,146.04021753477826,169.83977421820933,170.41247650986386,77.40304421106087,76.0666185615036,20.943346389801036
person_19.mp4,front,1153,19235,59.94422845976918,848,478,149.62927269443034,145.89387528528144,168.5097082139151,170.04199038637233,77.26011213959245,76.11379210949741,20.983212943733864
person_19.mp4,front,1154,19251,59.94422845976918,848,478,149.0677725607491,145.82049183114165,167.89292792445764,169.69984087396972,77.30426768280131,76.041732238933,21.11520412064675
person_19.mp4,front,1155,19268,59.94422845976918,848,478,148.87137767228776,146.4348822697148,167.64901817095702,170.33080812071248,77.28652698479159,76.2102512701089,21.07168426357834
person_19.mp4,front,1156,19285,59.94422845976918,848,478,149.21896298798248,145.88560008659903,168.14941162565847,169.98351550833905,77.14807563673845,75.6624562028585,21.267036704670883
person_19.mp4,front,1157,19301,59.94422845976918,848,478,149.40319520786412,146.12794006861765,168.51036019743768,170.76082298209778,76.88299904323873,75.40340822626543,21.336076450320704
person_19.mp4,front,1158,19318,59.94422845976918,848,478,148.71525796266477,146.6327300637954,168.45311297087815,171.84915558250262,76.5696394019149,75.03467075473054,21.267644173514604
person_19.mp4,front,1159,19335,59.94422845976918,848,478,148.58831306660153,146.92293016716226,168.0171203112556,171.6965803640033,76.46861039710429,75.26308011262851,21.3418295582538
person_19.mp4,front,1160,19351,59.94422845976918,848,478,149.0130948074229,146.58595768219504,169.51708005839924,171.85712186261634,76.15084939879682,74.73097976946445,21.181944509864817
person_19.mp4,front,1161,19368,59.94422845976918,848,478,148.88617203034065,146.3426601670505,169.06627215045657,171.48123171843278,76.28225535043526,74.87232493757134,21.14779083100773
person_19.mp4,front,1162,19385,59.94422845976918,848,478,148.59292722769783,146.3176045786511,168.70720588112997,170.94856248276682,76.29821864656479,75.07117754882137,21.2776894652198
person_19.mp4,front,1163,19401,59.94422845976918,848,478,149.1847327439445,145.98262013560392,168.81056445966206,170.7769738364612,76.38147725122833,74.61995822938134,21.352110507871107
person_19.mp4,front,1164,19418,59.94422845976918,848,478,149.1152025389389,146.21369947143847,168.62671053820563,170.71961478126133,76.6616753183132,74.9963839683673,21.335183622246603
person_19.mp4,front,1165,19435,59.94422845976918,848,478,149.2186833900165,146.19348335628072,168.8043828134057,170.8582337663505,76.36064366595902,75.06102007088599,21.180812548975553
person_19.mp4,front,1166,19451,59.94422845976918,848,478,149.63039800837296,146.45283666481288,168.70653089980004,170.8760369108512,76.52009943451004,75.35040320162337,21.35561227606293
person_19.mp4,front,1167,19468,59.94422845976918,848,478,149.90168014684878,146.34348022475567,169.03617363794828,170.970844727153,76.52083874409082,75.12981374728258,21.19465710168741
person_19.mp4,front,1168,19485,59.94422845976918,848,478,149.5647267502885,146.38866066746766,168.8558755956449,171.0955303096227,76.24269387042087,74.92977733607118,21.185116368874148
person_19.mp4,front,1169,19501,59.94422845976918,848,478,148.2528390346292,146.27713089092904,169.11630393634374,170.99445226783376,75.24891654006329,74.91987035534291,21.21146898643134
person_19.mp4,front,1170,19518,59.94422845976918,848,478,147.9855189374703,145.78106677447198,169.2149775850374,170.97284767765407,75.48616308329072,74.68214732357406,21.003331024101996
person_19.mp4,front,1171,19535,59.94422845976918,848,478,147.94608229675706,145.7814355546305,169.98217644070232,170.93831799461927,75.4438552335168,74.76132890577125,20.90504603302353
person_19.mp4,front,1172,19552,59.94422845976918,848,478,147.60477741054152,145.3963564813249,169.86888434850408,171.26402438489433,75.46988486768095,74.20566423085462,21.095681485115595
person_19.mp4,front,1173,19568,59.94422845976918,848,478,147.70546083694967,145.6472277664249,169.9431054199575,171.12086568806703,75.60914987888985,74.29545774598651,21.035796379785303
person_19.mp4,front,1174,19585,59.94422845976918,848,478,147.32345174220595,145.8069566039899,170.38064318474792,171.13936862504434,75.70406707250841,74.3769179927161,20.70359775837748
person_19.mp4,front,1175,19602,59.94422845976918,848,478,146.69776302124342,145.7442302904185,169.8379460568786,170.92929394855562,75.39780269707654,74.20969996654851,20.895169850238663
person_19.mp4,front,1176,19618,59.94422845976918,848,478,146.78858409190354,145.9119204002467,169.53518996823348,170.56697690742203,75.60570771229553,74.42011562073384,20.95690382257413
person_19.mp4,front,1177,19635,59.94422845976918,848,478,146.8346166078223,145.96002482727675,169.34809282312557,170.67762293752054,75.53050517678685,74.29200519376064,21.039246063550802
