video,view,frame,timestamp_ms,fps,frame_width,frame_height,left_knee_angle_deg,right_knee_angle_deg,left_hip_angle_deg,right_hip_angle_deg,left_ankle_angle_deg,right_ankle_angle_deg,trunk_angle_deg
side_person10.mp4,side,0,0,29.997570619280832,848,478,169.36189330253703,168.21082330047432,167.32835460057728,145.22277233133394,99.69602080351143,87.87481508049788,12.561324582172757
side_person10.mp4,side,1,33,29.997570619280832,848,478,169.56201505271324,169.91635885408317,169.47642176678926,136.9551972218968,91.8180869833458,92.32199370793536,14.487986418732348
side_person10.mp4,side,2,67,29.997570619280832,848,478,170.15584807504902,170.98970021190897,171.1108226716635,134.30047896135838,91.68219978426697,95.01024812601744,14.47808358147534
side_person10.mp4,side,3,100,29.997570619280832,848,478,170.11232763043333,171.08963491454884,171.61366448252195,133.9542240396251,92.81833239082104,95.30720870305701,12.872611224633193
side_person10.mp4,side,4,133,29.997570619280832,848,478,169.96564200432607,171.09422778206638,171.2260281287776,134.8327981560212,93.56613295422477,94.4547382451118,12.79707159470505
side_person10.mp4,side,5,167,29.997570619280832,848,478,169.660240938573,170.72745082695508,170.58852305174315,134.18598692819225,95.32121070848082,93.33721530807011,12.890075164151503
side_person10.mp4,side,6,200,29.997570619280832,848,478,169.3743222123262,170.85801052162785,170.21129992844183,134.21929593414364,94.53984523366456,94.5803861255756,13.013479358897786
side_person10.mp4,side,7,233,29.997570619280832,848,478,169.0600626509395,170.454917216327,170.94334801173247,134.67396159768347,92.97019142818954,94.5634119488762,13.018462831168238
side_person10.mp4,side,8,267,29.997570619280832,848,478,168.6249036028977,169.22806322625408,170.89095929083152,136.28622151607598,92.01824495257065,92.18887824264083,13.26281780574941
side_person10.mp4,side,9,300,29.997570619280832,848,478,168.23820870615444,168.36446425143663,170.77596349144474,138.49818502215518,90.7182559258082,89.03344087807656,13.707223109835276
side_person10.mp4,side,10,333,29.997570619280832,848,478,167.7004575114202,167.42894730307464,169.93437165074988,139.42370493597502,90.68283868432647,89.52139456977166,14.41205434363172
side_person10.mp4,side,11,367,29.997570619280832,848,478,166.91342911532956,165.05688331741095,168.90622779833066,141.98358362584332,92.70973965909039,91.47507943129509,14.199596558073484
side_person10.mp4,side,12,400,29.997570619280832,848,478,165.41865720623954,164.4837675959017,166.90613296267082,140.3764456191433,96.00366947869274,87.53601910185486,13.263083877061186
side_person10.mp4,side,13,433,29.997570619280832,848,478,163.25309842918242,162.90113549500214,165.51471908276463,139.65658223935438,97.63549461419667,93.65339956638276,13.523842544780543
side_person10.mp4,side,14,467,29.997570619280832,848,478,161.15878474839784,161.49398655213307,163.95706385088116,138.55502323804723,95.35993346552748,100.40641844104562,13.651018074849887
side_person10.mp4,side,15,500,29.997570619280832,848,478,158.36919834605408,158.35402019359927,161.9552037458225,140.60023799049813,95.01197279902546,104.66952594661268,16.422301135674715
side_person10.mp4,side,16,533,29.997570619280832,848,478,155.2323901792826,156.71376334639172,159.67249488294536,140.3709855091183,92.01728944682871,106.2418723669065,17.09883939763166
side_person10.mp4,side,17,567,29.997570619280832,848,478,152.0258641412232,155.30620419043447,157.78070824430603,140.28366660532603,92.2522705205806,104.99193567629247,17.21940754794447
side_person10.mp4,side,18,600,29.997570619280832,848,478,149.0157579308744,153.09673389127403,154.81341332356274,140.94002701047148,95.423837590879,105.5224699764327,17.729328089450583
side_person10.mp4,side,19,633,29.997570619280832,848,478,146.720340876631,147.88465484466445,153.4705363317996,143.65427396644782,98.07117151152254,113.83800878858914,16.846552927274953
side_person10.mp4,side,20,667,29.997570619280832,848,478,143.58526744447005,144.21566201775343,150.1934707869029,144.96026524001752,99.20490759274959,115.97726230641172,17.32610212414037
side_person10.mp4,side,21,700,29.997570619280832,848,478,142.23002623085,139.83471451315674,149.1492731311696,147.17503836279502,99.58200341502926,117.39907915337542,18.33596727950952
side_person10.mp4,side,22,733,29.997570619280832,848,478,139.02569118038247,130.91209413288752,146.69669970647377,151.0886029312208,100.18213405780062,121.36045715809111,19.904951396528897
side_person10.mp4,side,23,767,29.997570619280832,848,478,136.47292863159382,134.55264575826513,144.65875485129226,147.890212744293,99.31628220213764,121.53725552604938,20.366030231494133
side_person10.mp4,side,24,800,29.997570619280832,848,478,134.4062923460081,132.81677879873058,141.70723431331032,146.73672228326492,101.41991788840191,125.46769897663054,20.403269771793845
side_person10.mp4,side,25,833,29.997570619280832,848,478,130.83869115571258,128.60624734100827,137.61827927987656,144.7902805542884,101.32839237407936,127.65416324587122,20.619672514683725
side_person10.mp4,side,26,867,29.997570619280832,848,478,127.45321966250292,128.73616253286932,134.47684740344758,142.47504612780438,102.16069363172899,127.77642512583635,20.99831905870312
side_person10.mp4,side,27,900,29.997570619280832,848,478,125.57296219300785,129.90921670773062,134.26183923205662,139.4715641742771,111.83961550686281,125.09309211623822,21.158496358349698
side_person10.mp4,side,28,933,29.997570619280832,848,478,122.55856231615248,133.81523089972012,132.88004166493718,134.59006924785055,120.01785913926058,140.16127049228348,20.95210132990966
side_person10.mp4,side,29,967,29.997570619280832,848,478,121.79853567162714,134.9396590771985,132.37366826772958,131.2308003954079,121.6060302340331,141.0848771373539,21.534006682786103
side_person10.mp4,side,30,1000,29.997570619280832,848,478,119.59515300561127,134.7124660423292,129.5822696996875,129.405128194998,127.24771856903119,143.45056211592868,23.34216386395368
side_person10.mp4,side,31,1033,29.997570619280832,848,478,118.10899823743924,135.13112838602964,127.51847916250537,129.5565867122841,126.57719301632382,143.66376166640367,25.521708820634437
side_person10.mp4,side,32,1067,29.997570619280832,848,478,117.12445877557288,134.7032842885175,125.39514803379942,129.12870809168584,122.27287367222571,142.62607163273358,27.508732605715366
side_person10.mp4,side,33,1100,29.997570619280832,848,478,114.54885196757168,133.32195821472772,122.09418052857463,129.118432589124,120.2636077054562,139.65970450222284,29.764007959765845
side_person10.mp4,side,34,1133,29.997570619280832,848,478,112.34125204880526,132.5555464967177,119.47379119841862,127.46153005122834,116.5269192772237,136.1032402387694,30.984413858977288
side_person10.mp4,side,35,1167,29.997570619280832,848,478,112.05970862831758,131.21036885524373,117.11294826672597,126.73054977661614,113.02954742345943,134.20881236338934,33.48272859491797
side_person10.mp4,side,36,1200,29.997570619280832,848,478,111.30939074531291,131.05784568852442,115.9955573342033,124.92185644145567,112.92523392896955,133.70929900317904,33.66356644475695
side_person10.mp4,side,37,1233,29.997570619280832,848,478,110.12806022618065,130.19646703537694,114.50373761044129,123.58730169783883,117.43337817013061,133.68377091147497,34.27555305053219
side_person10.mp4,side,38,1267,29.997570619280832,848,478,109.3786620481905,128.75473586433165,113.32495311516632,122.40912174360903,115.91819333299354,133.11763380822293,35.075386916187014
side_person10.mp4,side,39,1300,29.997570619280832,848,478,108.43985541834104,127.83637216816255,111.72134284271765,119.10169330568701,114.18421603441762,133.71921884655612,34.6780819270271
side_person10.mp4,side,40,1333,29.997570619280832,848,478,107.24727471781031,126.90541792607489,109.45254741823341,117.66588649643235,103.70855603147194,131.1074300852916,34.83532441859563
side_person10.mp4,side,41,1367,29.997570619280832,848,478,105.26595297273349,126.4089928692415,106.88657203607113,115.47550778533864,103.9523351919612,131.3419937078838,34.85459215485435
side_person10.mp4,side,42,1400,29.997570619280832,848,478,103.56908786731125,123.3617103236075,104.12856128564312,113.01918202900512,102.51419062854825,128.35324275809876,34.84044660326859
side_person10.mp4,side,43,1433,29.997570619280832,848,478,101.4464983159711,124.22331232294177,101.5909375291588,110.20533663704047,102.53073076450137,129.48917881333693,33.76034629228433
side_person10.mp4,side,44,1467,29.997570619280832,848,478,98.11697457556895,128.08671971854523,97.88427071676917,109.50692466628611,101.32982729893027,129.7366997575654,34.250476564424034
side_person10.mp4,side,45,1500,29.997570619280832,848,478,92.60387059719382,133.241596055775,90.16606012177381,110.75104178778334,99.28348376577141,131.14165272176922,35.40201811394935
side_person10.mp4,side,46,1533,29.997570619280832,848,478,90.72663275189308,131.75042349636803,88.58301137643674,109.60293385046162,101.45138204276797,132.23230866465084,35.47411222844076
side_person10.mp4,side,47,1567,29.997570619280832,848,478,90.53844351056436,131.39781998211342,88.66106667468684,108.06422484253285,101.96577237792332,131.34463287962876,35.376151575590015
side_person10.mp4,side,48,1600,29.997570619280832,848,478,88.5174066356314,130.54997914633097,86.51270430786556,106.19110469513893,102.01530192022544,131.68102002573102,34.85711259341632
side_person10.mp4,side,49,1633,29.997570619280832,848,478,88.22247687324521,130.6996058171584,86.694198258819,104.91530780504328,99.88615664295142,133.51092606058685,34.344812812422646
side_person10.mp4,side,50,1667,29.997570619280832,848,478,87.22662707503756,130.30290721500617,85.89513405888621,104.5612385778108,98.2564916221786,133.7358488386366,34.37880200510361
side_person10.mp4,side,51,1700,29.997570619280832,848,478,86.36629687786333,129.67357506411986,85.95376633032542,103.80592181991783,109.18079692876397,133.0845104007454,34.27490115341719
side_person10.mp4,side,52,1733,29.997570619280832,848,478,85.95745199875913,129.40186192031257,85.36871509673526,104.375142461929,110.4216407725817,134.295018165156,34.777450736998844
side_person10.mp4,side,53,1767,29.997570619280832,848,478,85.7733678442561,128.61256154542355,85.52087992979128,104.27707333922281,109.4844620686335,132.56249102639148,35.317001639322044
side_person10.mp4,side,54,1800,29.997570619280832,848,478,84.85253761579908,127.35094733306008,84.45743607341154,103.68019387304814,111.07966598786386,133.50697928472042,35.0800553999705
side_person10.mp4,side,55,1833,29.997570619280832,848,478,84.80069324253436,127.65449107071711,84.58968947213438,102.6643031312372,111.14939182581186,142.6167582049124,35.13160546241442
side_person10.mp4,side,56,1867,29.997570619280832,848,478,84.06334960955424,127.38602394783838,84.17563936872983,103.01010484599422,112.04637127411917,144.22542151233097,35.94154460486009
side_person10.mp4,side,57,1900,29.997570619280832,848,478,82.41688172703498,127.99052593767969,83.02256179774186,102.03817781237497,114.21213431234956,143.68306586976297,35.59162481119731
side_person10.mp4,side,58,1933,29.997570619280832,848,478,80.99764390282155,129.16815435324563,82.08844040555276,101.7755651503363,114.2322632373687,145.6462044703526,35.16200126617683
side_person10.mp4,side,59,1967,29.997570619280832,848,478,80.52028990696881,129.14207224288944,81.65016747263297,101.9414095006137,114.71285435023414,141.53840455046512,35.109354559342975
side_person10.mp4,side,60,2000,29.997570619280832,848,478,80.19256807876235,129.86067721020248,81.60979569621406,101.97814003286052,117.95186876541312,138.83350988748145,34.9296914213932
side_person10.mp4,side,61,2033,29.997570619280832,848,478,80.32637695264398,128.30352129984644,81.94804697139709,101.51944078935607,118.10541636381274,135.7653926050281,34.82981400145406
side_person10.mp4,side,62,2067,29.997570619280832,848,478,80.54069275728958,126.84801345281275,82.27139002756768,99.97459310167804,117.92090796456857,142.3486700110298,33.97078303478598
side_person10.mp4,side,63,2100,29.997570619280832,848,478,81.40476077448616,127.3706332520339,83.25972933438703,99.32862711723168,117.55123487173258,144.0085485634898,33.30695338683132
side_person10.mp4,side,64,2134,29.997570619280832,848,478,83.05375326911981,127.27928716939267,84.9215756433463,98.15987339502837,118.41004079322674,141.20887275216683,32.437860783789496
side_person10.mp4,side,65,2167,29.997570619280832,848,478,86.06083638003801,127.79794984283296,88.04487302450968,98.80767418751441,118.98182145992874,139.6179140224447,32.01518428500255
side_person10.mp4,side,66,2200,29.997570619280832,848,478,88.16844697901294,127.80726148033314,90.28135196974276,99.52616497669446,117.7331904420888,137.844497928807,31.903875765580153
side_person10.mp4,side,67,2234,29.997570619280832,848,478,91.48585378503465,127.56542224309753,93.77585421260329,101.6819487874262,115.73316175773624,135.25598354046784,32.5117228972163
side_person10.mp4,side,68,2267,29.997570619280832,848,478,93.84100556362546,127.71610641170743,96.19628918799086,103.128716538551,106.81986719858556,132.459484240256,32.316964463815694
side_person10.mp4,side,69,2300,29.997570619280832,848,478,96.88581571431413,129.08646175129508,98.6753180494748,105.66145551211419,103.43964742814796,133.44777372999172,32.8593768506619
side_person10.mp4,side,70,2334,29.997570619280832,848,478,99.30557269751583,130.1863238840128,101.26850199653666,107.42441706019339,106.11104196461136,130.87663078085026,32.59604545493819
side_person10.mp4,side,71,2367,29.997570619280832,848,478,104.20913894538857,130.57760510638542,106.27424969543193,109.34546037916105,103.32086539321506,130.84662088475915,32.172588237118596
side_person10.mp4,side,72,2400,29.997570619280832,848,478,111.52993450457488,134.55110306786548,113.49193925036404,112.59344303224813,105.22490172435741,134.5115200043914,32.72460742409257
side_person10.mp4,side,73,2434,29.997570619280832,848,478,113.38745181486158,134.09232484250822,115.47091926111358,115.33627021593995,105.85900550501697,133.0804505888173,32.475907682648696
side_person10.mp4,side,74,2467,29.997570619280832,848,478,115.39600986173411,134.88672775529773,118.15937628871653,118.63800372599832,110.1322406523621,133.00710825321968,32.42235753645718
side_person10.mp4,side,75,2500,29.997570619280832,848,478,115.47620622837212,133.74086184711558,118.97049799480072,123.3985420264013,117.44008065686243,135.7251866171575,33.665017714476136
side_person10.mp4,side,76,2534,29.997570619280832,848,478,116.82937366813859,135.0590233617188,121.45639831680748,125.88054790447264,121.40077397174814,136.85727321444742,32.63760910312657
side_person10.mp4,side,77,2567,29.997570619280832,848,478,120.42927606654095,136.3218564248041,125.19737839424366,125.39099086114203,123.83915531350232,139.95610589650485,30.11345495277803
side_person10.mp4,side,78,2600,29.997570619280832,848,478,122.43580913815593,139.10089149226644,127.55111699994386,124.79250009160704,123.18879342186568,141.78266437452365,27.56950333708665
side_person10.mp4,side,79,2634,29.997570619280832,848,478,125.14677502149141,141.01834552807424,130.7629702002922,123.04327618769172,122.92378652778213,141.73594271161147,24.16802159265956
side_person10.mp4,side,80,2667,29.997570619280832,848,478,129.10665922156525,141.87176594650776,135.46764725117276,124.44486553590521,125.55846904430355,142.2772176798755,21.472017308868153
side_person10.mp4,side,81,2700,29.997570619280832,848,478,130.36732245000934,142.3358042942238,137.3250517271889,128.0543139157556,128.82336558043136,141.555085678715,20.44317616483354
side_person10.mp4,side,82,2734,29.997570619280832,848,478,133.70885506262954,143.19377934222825,140.23588843714143,130.0339773956833,121.78385354925683,140.16121126567023,20.2790615982237
side_person10.mp4,side,83,2767,29.997570619280832,848,478,132.51457840790775,141.21987148978477,140.69153030299714,134.72245102867294,124.80105357789354,140.07065349054005,19.890131460526185
side_person10.mp4,side,84,2800,29.997570619280832,848,478,133.11675538724666,137.46450567495262,142.26880611017646,138.17612780555422,120.9609952589116,132.4844883862963,18.781685381330938
side_person10.mp4,side,85,2834,29.997570619280832,848,478,134.23242540245838,139.26305554872133,143.5504674055475,138.24864579816528,106.62544074985243,133.66767819030656,17.866717229530618
side_person10.mp4,side,86,2867,29.997570619280832,848,478,138.9764667855209,139.04597734060386,146.13788500295203,140.1281006065279,100.67003865361072,128.1965307574713,17.257687808313648
side_person10.mp4,side,87,2900,29.997570619280832,848,478,141.19413864309476,138.95691920817046,147.68999183897446,141.04943066432187,100.97597704830858,126.4040989571916,15.910114344249447
side_person10.mp4,side,88,2934,29.997570619280832,848,478,144.14894920671838,139.33558317309033,150.2138011251065,142.1861854765177,109.0961326313645,124.53003547146706,15.622031328502668
side_person10.mp4,side,89,2967,29.997570619280832,848,478,145.2078284839352,141.0748266138467,151.43712604662457,142.63901788011395,103.90090238506465,123.92621388721305,14.011565311187132
side_person10.mp4,side,90,3000,29.997570619280832,848,478,146.1629267279645,142.19183662634356,152.95848418391498,143.347485726363,98.40589477817959,122.61528865479683,13.824437123701545
side_person10.mp4,side,91,3034,29.997570619280832,848,478,146.7414964461238,147.2931456730948,153.23451977256457,140.56361551048764,98.72254540536314,128.43338404383954,13.342167307396085
side_person10.mp4,side,92,3067,29.997570619280832,848,478,146.11104878618997,149.80461312203371,152.47100063464487,138.00432821938358,96.77868687136255,118.2109018832668,13.24480110321058
side_person10.mp4,side,93,3100,29.997570619280832,848,478,147.15496981392596,153.6297338803687,152.8343948174422,135.75183943341898,94.38773269132344,114.12965128952845,14.148314052755294
side_person10.mp4,side,94,3134,29.997570619280832,848,478,149.4401803019922,157.68128080975367,154.57783335467104,132.98083064761659,93.60170861988038,111.86918917363971,14.156297679155074
side_person10.mp4,side,95,3167,29.997570619280832,848,478,152.29488477839615,159.16763414745017,157.1181005413851,134.23247059270994,92.00993362214325,106.70129567830416,14.34676290925426
side_person10.mp4,side,96,3200,29.997570619280832,848,478,155.8680369456896,162.1657464346017,159.4434468819887,133.40513998484144,91.52355369920863,103.23767453316349,14.515840799869117
side_person10.mp4,side,97,3234,29.997570619280832,848,478,157.40726860598807,161.01489700278375,160.56762223979368,136.38370430116814,93.31344001320815,116.99797097565217,14.087791971067965
side_person10.mp4,side,98,3267,29.997570619280832,848,478,159.29445123911353,161.24551644519423,162.34091992252635,138.20459988603216,91.00600241923128,92.69860607777261,13.932863175700238
side_person10.mp4,side,99,3300,29.997570619280832,848,478,161.11109600161535,162.28183822262915,164.03789354004692,138.62178848071187,87.70328915426128,81.34393635897709,13.668271423892223
side_person10.mp4,side,100,3334,29.997570619280832,848,478,162.1736352577856,166.27675638276028,165.24991675200036,138.49230867933332,84.63086109789394,84.21338930044668,13.114667783680074
side_person10.mp4,side,101,3367,29.997570619280832,848,478,165.1795080704407,167.530291177417,166.8256612516994,138.59339762738787,87.51168773194365,90.02629597872767,13.13333219728755
side_person10.mp4,side,102,3400,29.997570619280832,848,478,167.4271286441227,168.33637852467442,167.85131647984508,137.62575565707738,89.20375719384587,79.08427792191296,13.350604251138435
side_person10.mp4,side,103,3434,29.997570619280832,848,478,168.7277317813954,170.35586784751752,168.96584598761794,139.04073554953843,88.41567258431257,83.46466101261565,13.064326631730893
side_person10.mp4,side,104,3467,29.997570619280832,848,478,170.22594026304145,170.05103001887173,170.08876800673337,141.57622678894109,89.05701148166062,83.87756417841759,12.91652677623785
side_person10.mp4,side,105,3500,29.997570619280832,848,478,171.3458629063059,169.46116325927565,170.81426055766963,141.99162192382198,88.30486808460054,84.623053337203,12.870676589074115
side_person10.mp4,side,106,3534,29.997570619280832,848,478,173.79442036361,168.7780008934696,171.41185648426853,141.72497736257645,93.10418013223853,85.4373008384445,12.591542632227936
side_person10.mp4,side,107,3567,29.997570619280832,848,478,174.86905323779737,168.43436975742057,172.38654335204427,141.99920038393944,94.58845553187223,84.6935367305183,12.543698670673885
side_person10.mp4,side,108,3600,29.997570619280832,848,478,175.55664936073975,169.7909537883077,172.19257541198778,139.41867934879247,94.79497354395859,84.43109964383225,12.516290011499967
side_person10.mp4,side,109,3634,29.997570619280832,848,478,176.1654481675082,170.19198004660205,170.91508676962866,136.91283895576743,95.1138533059026,85.8737932414477,13.027512663718161
side_person10.mp4,side,110,3667,29.997570619280832,848,478,176.01367748412892,170.23700643883944,170.28259576779897,136.7211259004244,95.31514300327738,86.45099055243404,12.893440001677474
side_person10.mp4,side,111,3700,29.997570619280832,848,478,175.4699524880861,169.79046852337376,170.21331610921618,137.6084777778021,94.86671645657107,87.27965520266498,13.207457951648752
side_person10.mp4,side,112,3734,29.997570619280832,848,478,175.5302734558809,169.29444392643296,170.22360049843223,137.78847309813438,94.81523415153693,88.16863954933622,13.267331279898528
side_person10.mp4,side,113,3767,29.997570619280832,848,478,175.40130102991972,169.2792494686168,170.20838285731617,137.85837337423644,94.57396576959643,87.21340193241558,13.327613577191428
side_person10.mp4,side,114,3800,29.997570619280832,848,478,175.83337042293158,169.04143625878817,170.6197453922083,138.99094593050253,95.30818600875031,87.33343775562648,13.322892041451889
side_person10.mp4,side,115,3834,29.997570619280832,848,478,175.39019323210542,168.92900242411878,171.984849112379,139.65038689738176,92.20460072993701,86.98489964543029,13.536158573343236
side_person10.mp4,side,116,3867,29.997570619280832,848,478,175.76324045750496,168.75990044429184,172.85008774939467,140.30391071779755,92.16824252101482,87.81989244016073,13.48992284460489
side_person10.mp4,side,117,3900,29.997570619280832,848,478,176.15800718932027,168.3408980444706,173.35510872328976,140.5500482443071,91.78229587550952,88.31148884193053,13.476896163133262
side_person10.mp4,side,118,3934,29.997570619280832,848,478,176.31095735391818,168.27489474412224,174.5914256866893,141.72552221074423,91.12782275229745,86.5860176271988,13.38872583417624
side_person10.mp4,side,119,3967,29.997570619280832,848,478,176.44502183969428,168.34453727676325,174.45913866948663,141.95573384920203,91.63082017103636,86.93931509940623,13.374813500455852
side_person10.mp4,side,120,4000,29.997570619280832,848,478,176.06301971058946,168.24617908358545,175.00125930464048,142.31330020529802,91.09167726073353,86.85757400935789,13.375174864337543
side_person10.mp4,side,121,4034,29.997570619280832,848,478,176.41799504590404,168.261121308043,174.82287090166793,142.05952992423684,90.34147858092305,85.89314473451789,13.40469858732481
side_person10.mp4,side,122,4067,29.997570619280832,848,478,175.95990635457142,168.50411705286734,175.2947192776133,141.95698672525216,90.83927248190334,86.51627686480593,13.421152469603406
side_person10.mp4,side,123,4100,29.997570619280832,848,478,175.91354363725543,168.3832517337955,174.98937304420227,142.44744032124893,91.34535512534144,86.42783083801541,13.42342187014137
side_person10.mp4,side,124,4134,29.997570619280832,848,478,175.10120459559306,168.39132976121405,175.19510717360723,143.58223626084146,90.50914318397425,86.08639498397433,13.507023054122596
side_person10.mp4,side,125,4167,29.997570619280832,848,478,175.13529073062787,168.06901578796155,174.84930628614512,143.60054994935837,90.97959711832914,88.43827565501172,13.62309542183807
side_person10.mp4,side,126,4200,29.997570619280832,848,478,174.6537746614582,167.59640858518156,174.5104016105844,143.67978177318736,90.0640089760601,87.7802704966268,13.875460999522312
side_person10.mp4,side,127,4234,29.997570619280832,848,478,174.45197581854305,167.82096938420034,174.3973318647908,144.11076120200138,89.94598033450855,87.1888931119425,13.70405756377555
side_person10.mp4,side,128,4267,29.997570619280832,848,478,174.56007692799133,167.25704512047022,174.11114495237743,142.7633852125379,89.97404214966816,87.24973659412812,13.96272637082875
side_person10.mp4,side,129,4300,29.997570619280832,848,478,174.70901678607345,167.36245986999674,173.58058917358682,142.93049803706666,90.69718088427013,86.5254630090913,14.063387542983337
side_person10.mp4,side,130,4334,29.997570619280832,848,478,174.75642040391799,167.52535778620046,172.74829844900358,141.3613335855744,91.20578596027059,87.78911119776558,14.349192824080871
side_person10.mp4,side,131,4367,29.997570619280832,848,478,174.6177658359263,168.1733700130521,171.97290458296976,139.28112676366862,91.4848152345013,89.79852648972177,14.537741452470929
side_person10.mp4,side,132,4400,29.997570619280832,848,478,174.54629966071735,168.70332439419815,171.35415420871269,139.56275378701915,92.32855926576927,89.59903124126224,14.42446536374023
side_person10.mp4,side,133,4434,29.997570619280832,848,478,174.1562428598452,168.99057507003724,170.87198590351616,138.8096191986925,92.63100161476105,90.53099264402658,13.996925488713028
side_person10.mp4,side,134,4467,29.997570619280832,848,478,173.61710299286017,168.53461359573984,170.12101657024928,139.12550583808627,92.44711416804877,88.88737296549034,14.083953315983871
side_person10.mp4,side,135,4500,29.997570619280832,848,478,173.15601572628714,168.64845438568102,169.67830853441276,138.50394123949178,92.46747870377368,88.34357070543601,14.130716017572533
side_person10.mp4,side,136,4534,29.997570619280832,848,478,172.3605321356486,168.73218058822368,169.0876211494321,138.4386139487208,93.52908084840087,88.51759746152162,14.000075241016862
side_person10.mp4,side,137,4567,29.997570619280832,848,478,171.6884853519358,168.69206569781363,168.37663651043655,137.86391102212326,94.10062891302576,87.38883356986996,13.88407139568775
side_person10.mp4,side,138,4600,29.997570619280832,848,478,170.32841535770146,168.9300593788209,168.45107850828097,139.26345951205937,92.22652628316297,83.82656154268287,14.398873347628035
side_person10.mp4,side,139,4634,29.997570619280832,848,478,168.7660440047336,167.62822418588544,169.70844298704495,141.61021330269227,89.93589809245168,82.52457051765141,14.711461198648468
side_person10.mp4,side,140,4667,29.997570619280832,848,478,168.30852951617712,166.91133026779144,169.15175277632306,141.92487947521184,89.89423654892879,79.95082985413622,15.109103658943999
side_person10.mp4,side,141,4700,29.997570619280832,848,478,167.14550677521757,166.0913554963121,168.82081394169276,142.1806473369855,89.51992129353239,81.70625680436277,16.00375546353794
side_person10.mp4,side,142,4734,29.997570619280832,848,478,165.6931632249091,166.71230736692513,167.6888604207199,139.69306086812395,89.24505136966411,84.39148277295072,16.359089181578003
side_person10.mp4,side,143,4767,29.997570619280832,848,478,163.48326557716425,166.22853447772724,166.02343591581317,139.77428843422683,87.90211982662619,85.96532704482378,16.571158859346586
side_person10.mp4,side,144,4800,29.997570619280832,848,478,162.2983011999887,166.1748161676446,164.9930585903572,138.8299384851925,91.01106217019338,88.720791329915,16.601968406362257
side_person10.mp4,side,145,4834,29.997570619280832,848,478,160.5911845472694,165.05574971291492,163.8118109828752,138.0974794362348,91.34317100450582,91.16601410835969,16.300059502291198
side_person10.mp4,side,146,4867,29.997570619280832,848,478,159.4254636755877,163.98504949491993,162.69186621852984,136.76454459084493,92.34594814902718,97.91760842180022,15.793827415364929
side_person10.mp4,side,147,4900,29.997570619280832,848,478,158.71710508973425,164.43119643143515,161.62637311630547,133.38221750115378,93.52233678326577,103.63945983753878,16.10654566361844
side_person10.mp4,side,148,4934,29.997570619280832,848,478,157.739824595598,164.00505566857342,160.50292673469866,132.61571210593132,96.45348158301837,108.81921078712682,16.14391618324557
side_person10.mp4,side,149,4967,29.997570619280832,848,478,155.90079796955956,162.82963841249324,159.21518399967977,132.11234904290228,99.60835661036722,112.16039852906455,16.766269505317243
side_person10.mp4,side,150,5000,29.997570619280832,848,478,153.7923655946459,162.11573481685843,158.1920866334416,131.90959327303838,98.84085381895225,113.23108293174919,17.26409803739256
side_person10.mp4,side,151,5034,29.997570619280832,848,478,153.22516662909533,161.19997634427364,156.4054148820592,133.69221430925668,96.22919654061184,116.89676427626307,20.504853092618596
side_person10.mp4,side,152,5067,29.997570619280832,848,478,151.29468532511896,157.59480226058253,154.4037464205337,136.3163200428794,95.32991435489213,129.6583991131954,20.74598409660722
side_person10.mp4,side,153,5100,29.997570619280832,848,478,149.91240945577144,153.2738779287039,152.9375132613894,138.29736039550778,101.59236813834255,124.57763142404072,20.589261959301975
side_person10.mp4,side,154,5134,29.997570619280832,848,478,147.82237805093598,153.2424673574878,150.86802735144116,134.61543093335985,103.32258378955535,125.14266574534918,20.077538705810387
side_person10.mp4,side,155,5167,29.997570619280832,848,478,143.1968274929222,147.43963783509756,145.67487877819246,136.24686434667942,110.88033255565708,129.05666505283236,18.945656320827943
side_person10.mp4,side,156,5200,29.997570619280832,848,478,141.22769505440334,146.0346991415788,143.82086758829783,134.97418904277814,106.66074792974696,130.14993463984686,19.07040543392623
side_person10.mp4,side,157,5234,29.997570619280832,848,478,138.26321999463093,142.59011651774145,141.18860828589635,135.34666910574623,108.9821879872711,130.7845052198688,19.1064902311202
side_person10.mp4,side,158,5267,29.997570619280832,848,478,136.90530422813828,142.17382245052795,139.650550349099,133.75868602388007,122.11232077871784,127.66921310698976,20.318177827312795
side_person10.mp4,side,159,5300,29.997570619280832,848,478,134.42510178704103,140.31731549232427,138.2049453470233,132.5427458288683,125.41906691945242,130.32219280682057,20.188016033823846
side_person10.mp4,side,160,5334,29.997570619280832,848,478,131.90024624187987,139.46181379024748,136.4020256138145,131.9557109807702,125.68792933075366,129.69300546156254,22.16504825312819
side_person10.mp4,side,161,5367,29.997570619280832,848,478,128.409099463996,139.19029832507792,133.97065621003173,129.91642865194478,130.1329452238995,132.656663030356,22.84709014439472
side_person10.mp4,side,162,5400,29.997570619280832,848,478,126.35255483601384,139.07827527456803,131.07807739450865,126.46182192861286,126.74734078118486,139.58234105655225,22.180987571058456
side_person10.mp4,side,163,5434,29.997570619280832,848,478,123.72674762974898,138.13754194379226,128.99867510858599,124.88823524281912,130.11360912192282,139.54651448708992,22.897972558843016
side_person10.mp4,side,164,5467,29.997570619280832,848,478,120.51915274481038,138.73323525018924,125.69369628873872,119.50136642464726,126.43036738700874,141.44304623717585,23.14163937513177
side_person10.mp4,side,165,5500,29.997570619280832,848,478,120.32143045729784,138.7121881984653,125.26940014519025,122.22674375457042,125.40952499626823,140.27577953991184,27.081985970012195
side_person10.mp4,side,166,5534,29.997570619280832,848,478,117.55866546977948,137.10584656182226,122.65937794510899,123.7039463772121,128.75364569462278,139.5319218375979,31.106079251833613
side_person10.mp4,side,167,5567,29.997570619280832,848,478,116.3909888987431,135.01774874909904,120.61241429222017,125.35339187431536,124.37484489485124,138.68470409771564,34.68656030589395
side_person10.mp4,side,168,5600,29.997570619280832,848,478,114.69580364634216,133.78046872289275,118.57032483550127,123.75653177039088,124.28234254135621,137.94162336793664,35.99215801841913
side_person10.mp4,side,169,5634,29.997570619280832,848,478,111.47322727505585,131.03556223585764,115.21755176830382,121.33365896992866,115.6302240894213,134.0994729529037,36.51297101880496
side_person10.mp4,side,170,5667,29.997570619280832,848,478,109.17661335140602,129.4404371859444,112.59214632983219,117.82705151978666,113.11608281094644,133.68254569599017,35.731833622343515
side_person10.mp4,side,171,5700,29.997570619280832,848,478,106.72450381140337,129.10702691389093,109.71655699907322,115.77474409213312,115.78497072154097,134.19093278230227,35.85448412484184
side_person10.mp4,side,172,5734,29.997570619280832,848,478,104.42022805814301,128.23920243541497,106.91586957675538,112.44186702977753,109.74659519635846,134.05519734082924,34.85953978879079
side_person10.mp4,side,173,5767,29.997570619280832,848,478,98.59003115701363,127.49820669156811,100.78651937565041,110.62864045172284,107.01118297983653,131.8355935922097,34.64279613536016
side_person10.mp4,side,174,5800,29.997570619280832,848,478,93.12023141722315,127.51913400513244,94.34179778897588,108.5273911703998,104.43504918108579,131.25842283403082,35.03846555858345
side_person10.mp4,side,175,5834,29.997570619280832,848,478,88.73179813463935,128.11555994331766,88.33298589086118,107.98764087221822,101.81968091957032,130.8075829141379,35.531292613432704
side_person10.mp4,side,176,5867,29.997570619280832,848,478,86.59710624623747,127.4339446843726,86.57280535532884,106.2616377921103,104.8448125380052,131.32213735705068,35.58804123751491
side_person10.mp4,side,177,5900,29.997570619280832,848,478,86.65351663353762,129.2809342654876,86.60757973020579,106.69593944445158,105.88426873109192,132.81074106795592,36.06696996068804
side_person10.mp4,side,178,5934,29.997570619280832,848,478,86.06053374408482,129.49474866780588,85.61008275112303,106.16948532091482,106.19985773911024,134.61929148100856,36.32961660869505
side_person10.mp4,side,179,5967,29.997570619280832,848,478,84.86304452489414,128.17402241432188,84.6994253059985,104.54496033513446,109.41541322558584,133.6251940103845,35.69376157043875
side_person10.mp4,side,180,6000,29.997570619280832,848,478,83.25960358527995,127.61119514313005,83.02999119611417,104.2422621383809,108.36435723668839,133.9911756854383,35.63245502647634
side_person10.mp4,side,181,6034,29.997570619280832,848,478,82.792530946825,128.0229902307581,82.3071404816935,104.73778777486629,108.10871854389259,135.33225209863258,36.00897772686162
side_person10.mp4,side,182,6067,29.997570619280832,848,478,82.48011036948664,127.80560645839341,81.93792198995119,104.97793536565169,109.0406249797266,135.4844130328058,36.37130171062629
side_person10.mp4,side,183,6100,29.997570619280832,848,478,81.47253053945907,127.61626560659482,80.81146811219237,104.25576867896318,109.39249476082742,135.85625510508936,36.23303581419208
side_person10.mp4,side,184,6134,29.997570619280832,848,478,81.35427389165811,126.35721120549726,80.9255900064778,101.23316737428756,109.38329979353556,135.1709616246954,34.825346957814915
side_person10.mp4,side,185,6167,29.997570619280832,848,478,81.22441593396013,126.94978632473651,81.01596974755985,99.8657810182639,113.8339388158266,135.07053273731583,33.934789237893334
side_person10.mp4,side,186,6201,29.997570619280832,848,478,81.25943596375973,126.61683821715792,81.0157296408748,99.54178011947795,113.4296954580366,134.55520741145767,33.72403894073044
side_person10.mp4,side,187,6234,29.997570619280832,848,478,81.44208886947662,126.32026851752074,81.20292929422395,99.72329158996757,112.35748153754976,134.05095378008625,33.57375477504311
side_person10.mp4,side,188,6267,29.997570619280832,848,478,83.1184113113904,127.08564114724709,82.88934006643123,100.71871143741245,111.52134240512207,134.95006612878777,34.021664645146394
side_person10.mp4,side,189,6301,29.997570619280832,848,478,86.80549829654932,127.30135751670169,86.25701045767944,101.02257484530982,111.0243118516179,134.71430874985714,33.77852609792573
side_person10.mp4,side,190,6334,29.997570619280832,848,478,88.32551720309937,129.27930629540865,87.67485425531434,102.20429159677361,106.72375961499463,134.14297586046354,33.688884980056514
side_person10.mp4,side,191,6367,29.997570619280832,848,478,89.93263792201301,129.24461897572672,89.50834034724633,102.6088863618993,107.10032591568181,133.9092062644625,33.45946927545772
side_person10.mp4,side,192,6401,29.997570619280832,848,478,92.38586670238126,129.58446740837636,91.88792816159932,105.30216296621361,105.39436199884882,131.991861085978,33.727066263986906
side_person10.mp4,side,193,6434,29.997570619280832,848,478,94.83216931757588,131.58976493169,94.23631596359827,106.47286258575166,105.33269694152675,133.00084635483415,33.42900220221485
side_person10.mp4,side,194,6467,29.997570619280832,848,478,100.44438583646378,130.60434361073027,100.62348724601456,107.63136741284723,108.21439310479772,132.42781023484156,33.191906221627434
side_person10.mp4,side,195,6501,29.997570619280832,848,478,103.88975101158451,131.78037238626402,104.44658052316083,109.68349210176933,106.49227936342636,132.14364947254188,32.9280019625031
side_person10.mp4,side,196,6534,29.997570619280832,848,478,110.5123354983892,132.17527064657398,111.24154381972859,112.9047682158238,106.80818826178931,132.38666006189632,33.9419342906788
side_person10.mp4,side,197,6567,29.997570619280832,848,478,114.14520532140884,132.1400077070877,115.03546374927855,115.66258387986963,106.78166339843733,132.31499045635584,33.22470569386866
side_person10.mp4,side,198,6601,29.997570619280832,848,478,115.83315038871135,132.61400064779048,117.07935074647989,120.48857632784343,111.086614428326,132.21159207252373,34.50541504530042
side_person10.mp4,side,199,6634,29.997570619280832,848,478,117.76831291426014,133.62761587829505,120.37767574434153,124.73469281032249,117.03310160320308,133.99740912989438,34.968072128565495
side_person10.mp4,side,200,6667,29.997570619280832,848,478,119.12539013921166,134.25280865645422,122.58245911723482,126.42603201050866,114.5327233418136,133.96335422455311,34.02911465651854
side_person10.mp4,side,201,6701,29.997570619280832,848,478,119.85346983208656,134.6886641869341,124.01309688852255,128.43405138675612,118.0932539433094,135.46393172606616,33.36058298572947
side_person10.mp4,side,202,6734,29.997570619280832,848,478,120.02278074724121,135.57497068724564,125.36294514878455,130.3307762150091,122.24854412453635,138.58784164079802,32.2033162724569
side_person10.mp4,side,203,6767,29.997570619280832,848,478,122.00406832905682,137.7436062424713,128.27405432342024,127.29816470444003,121.75588085058429,139.5432052129807,27.33124261355755
side_person10.mp4,side,204,6801,29.997570619280832,848,478,128.1744928745483,140.35849302970598,135.05611279982014,121.6936559233414,123.82478243055346,141.7933260512954,20.168962307163607
side_person10.mp4,side,205,6834,29.997570619280832,848,478,130.49138179433325,142.44414131948795,137.8631663755197,125.55963106604845,123.35096266051174,144.27485088390492,19.823007558691007
side_person10.mp4,side,206,6867,29.997570619280832,848,478,133.82831402636762,143.93361319510197,140.56496338956677,127.21929712857056,118.87098367990532,145.2143914171141,19.242206734351825
side_person10.mp4,side,207,6901,29.997570619280832,848,478,134.8488799931976,143.82159680958225,142.6728988728273,129.39330518017275,117.94749452881457,142.97381280286186,18.186860025434907
side_person10.mp4,side,208,6934,29.997570619280832,848,478,135.20912396872703,139.6566031612049,144.65456543664234,135.26815477855197,119.11935455882187,138.2697803345627,17.517651035725134
side_person10.mp4,side,209,6967,29.997570619280832,848,478,140.4729070952716,136.43126083852928,148.52718952136692,140.02277757020443,111.34045121926147,128.27163831450662,16.777557149486704
side_person10.mp4,side,210,7001,29.997570619280832,848,478,141.82686486227558,137.68024429638106,150.57085993667133,141.53328622942607,94.07454186048395,126.69518095140283,15.653864376022433
side_person10.mp4,side,211,7034,29.997570619280832,848,478,143.88507626610385,140.20011204015015,152.41251218307926,141.50967401325994,92.52649673447239,121.54765924029712,14.42383005990861
side_person10.mp4,side,212,7067,29.997570619280832,848,478,145.31060261798152,144.9272574138331,151.75078525425704,139.02768029442515,95.95991768098155,127.72797587811058,13.14054295074046
side_person10.mp4,side,213,7101,29.997570619280832,848,478,147.39107448456076,154.10763998680133,152.9044168915933,132.83193107923742,97.42926659526812,118.47082441932898,13.424803045033492
side_person10.mp4,side,214,7134,29.997570619280832,848,478,149.76127509089758,157.8846042792668,154.65964048156079,131.60984917300502,96.81702868813221,112.92709069500378,13.337566525852845
side_person10.mp4,side,215,7167,29.997570619280832,848,478,153.35196307404885,162.7015238510296,158.03210061653516,129.46633681953466,96.88632779856272,111.54028340985073,14.119064009698157
side_person10.mp4,side,216,7201,29.997570619280832,848,478,158.11728047692924,164.1309163687716,161.4815812205984,131.62537154948376,99.42731151727253,104.03260728255657,14.140369350469554
side_person10.mp4,side,217,7234,29.997570619280832,848,478,160.2675307489097,163.41613239505705,163.43681017400237,135.60208666576506,94.09614132212965,83.84524832336398,14.085755368725309
side_person10.mp4,side,218,7267,29.997570619280832,848,478,162.90435112332275,168.00363110574784,165.19744206630276,135.83867114744902,91.81667342036653,84.99802436814853,13.532012796987432
side_person10.mp4,side,219,7301,29.997570619280832,848,478,165.8994759475292,170.56698302837918,167.15546459181905,137.74767064555147,91.04928835306184,87.2970227046072,12.970864435707204
side_person10.mp4,side,220,7334,29.997570619280832,848,478,167.78185597109865,170.9446921057178,168.29856432932286,140.16142376827517,89.39299635633884,86.00326271023654,12.841895988098175
side_person10.mp4,side,221,7367,29.997570619280832,848,478,169.29944799874153,169.58242814304342,169.44704831857078,142.57367074621854,88.2268170210918,81.15043576307659,12.905465100357453
side_person10.mp4,side,222,7401,29.997570619280832,848,478,170.9101971778426,169.45742946728132,170.63313841653394,142.94022534223174,88.75687083368106,78.84118207767325,12.802937323820931
side_person10.mp4,side,223,7434,29.997570619280832,848,478,172.72086778799726,169.86095569691614,171.56564208207453,143.15186761062733,87.9760001652774,79.62748877944503,12.620663620500117
side_person10.mp4,side,224,7467,29.997570619280832,848,478,173.3487534108203,169.75613883874743,172.42062888560753,143.30516201680504,87.93958939887922,80.00234598528176,12.593423083232269
side_person10.mp4,side,225,7501,29.997570619280832,848,478,174.15862025442456,169.41518152176369,173.08238459531188,143.66933670509192,88.84680819962811,79.924606414799,12.783523847159639
side_person10.mp4,side,226,7534,29.997570619280832,848,478,176.47869367323358,169.1767324183359,173.43461229228288,143.4154465215133,91.7313748667686,81.54490991304343,12.627129041500181
side_person10.mp4,side,227,7567,29.997570619280832,848,478,176.80989078813639,169.66191397379185,173.31405124449486,141.09972159055724,91.95359187519645,82.30804276356328,13.102507647287673
side_person10.mp4,side,228,7601,29.997570619280832,848,478,177.23600498713395,170.20406341231802,173.01232384389195,139.7117990387796,93.14488548456022,86.28136210415704,13.146058626272604
side_person10.mp4,side,229,7634,29.997570619280832,848,478,177.11737666109326,170.11725466264468,172.9248645064054,139.8161368699399,93.32257804223502,86.57998290653009,12.977294516520107
side_person10.mp4,side,230,7667,29.997570619280832,848,478,177.50750712954675,170.2406426984871,172.13434650354128,139.15240663525273,93.61216913816547,85.71254631450469,13.65949228899489
side_person10.mp4,side,231,7701,29.997570619280832,848,478,176.8541193956742,170.54610677397338,172.02387129949682,139.32598528100908,94.02179176042752,85.74225442744101,13.932775486720923
side_person10.mp4,side,232,7734,29.997570619280832,848,478,177.0180530923654,170.38749066448327,171.57667555379936,138.81923199842674,93.33973894052953,87.3259803503196,13.949287918925835
side_person10.mp4,side,233,7767,29.997570619280832,848,478,176.15492033979123,170.29507966101912,174.66821451104047,138.955878562294,88.73591398875668,86.19925611964658,14.469602325992403
side_person10.mp4,side,234,7801,29.997570619280832,848,478,176.43739417807092,170.3877362130975,174.43606547377397,138.87136168491966,90.91199868602503,84.5404903394058,14.30427954186156
side_person10.mp4,side,235,7834,29.997570619280832,848,478,176.60185438383166,170.08007365308825,175.3513992234816,140.78755169647243,88.70490853163778,83.75419523876816,14.555697539794123
side_person10.mp4,side,236,7867,29.997570619280832,848,478,176.17981502178984,169.77023271559517,175.19833628900832,143.55884604010302,87.34632518221063,83.72456407979037,15.522948544765457
side_person10.mp4,side,237,7901,29.997570619280832,848,478,176.2458649323186,169.30916888382063,174.52628714241087,143.89103096987648,87.45145380110269,84.58751505179457,15.851973390246577
side_person10.mp4,side,238,7934,29.997570619280832,848,478,175.71016306037467,169.25042116674862,173.98889055388025,144.88677636756898,86.44740942157487,83.65823243703001,16.673587392096294
side_person10.mp4,side,239,7967,29.997570619280832,848,478,175.74513647879348,169.54643477388913,173.99500498727383,144.0057420180145,87.0580085985024,84.784182268033,16.23711879758007
side_person10.mp4,side,240,8001,29.997570619280832,848,478,175.99673809265775,169.6668255311684,174.0009409304234,143.29065307165507,87.67850288621405,84.8937885752284,15.840539956922843
side_person10.mp4,side,241,8034,29.997570619280832,848,478,175.92086644639963,169.66627124806058,173.9934591905182,142.2073623543948,87.76353990937217,85.06495904867194,15.603986168073812
side_person10.mp4,side,242,8067,29.997570619280832,848,478,176.66337348851985,169.84395952925487,173.86085901849066,141.41895596919628,88.28824546298203,85.38852077116525,15.455623239634246
side_person10.mp4,side,243,8101,29.997570619280832,848,478,176.71805844846423,170.06938692690926,173.30391336567934,140.6276478233031,89.44561151815464,86.19510292236988,15.018071458466345
side_person10.mp4,side,244,8134,29.997570619280832,848,478,176.39011493725562,170.3212898938715,173.40703506472744,142.35060692101143,89.70118271311033,85.51314440671726,15.002928991945579
side_person10.mp4,side,245,8167,29.997570619280832,848,478,176.59402196609707,169.98677422000608,173.21077616000946,141.81870061339225,90.71994161581685,88.40078843552543,14.834371724069248
side_person10.mp4,side,246,8201,29.997570619280832,848,478,176.47937430535222,169.98568773261886,173.60367080788245,141.45545362446128,90.35806174582054,88.64032574729718,14.642869799260327
side_person10.mp4,side,247,8234,29.997570619280832,848,478,176.22532104765023,170.15388263178016,174.11485823292224,140.9817845617897,90.4201220423691,87.61696599853816,13.611841176875403
side_person10.mp4,side,248,8267,29.997570619280832,848,478,176.3217640942097,170.39731261810564,172.84846410899098,140.504882738393,92.17894010180626,88.62350008319869,13.083130480469578
side_person10.mp4,side,249,8301,29.997570619280832,848,478,176.1086722416746,170.37842887981682,172.352570007228,139.1034395182242,91.987489949457,89.13284823231989,13.269264166164428
side_person10.mp4,side,250,8334,29.997570619280832,848,478,175.77267823078338,170.606513802531,172.4016058124361,139.05466015990586,91.56873711265878,89.89625861075059,13.32072866021083
side_person10.mp4,side,251,8367,29.997570619280832,848,478,175.9922041594085,170.63773325086714,170.74673617252193,138.2374776936618,93.72774855950037,90.46860414317891,13.329633939904287
side_person10.mp4,side,252,8401,29.997570619280832,848,478,175.53278265329567,170.78248394488608,171.30523075580572,138.3587945890301,94.19336936637755,90.31396391027667,13.381560911629613
side_person10.mp4,side,253,8434,29.997570619280832,848,478,175.00323910684747,170.62504241786428,171.1065935620063,138.74861845257914,93.93546877754446,88.62121758094024,12.966985230716597
side_person10.mp4,side,254,8467,29.997570619280832,848,478,174.7454617591417,170.52771739487787,171.13245360006036,138.84283203610542,94.22206276658677,88.65890377676178,12.762915830998057
side_person10.mp4,side,255,8501,29.997570619280832,848,478,174.10372494534272,170.31529934573572,170.69942046121687,140.3848587390669,94.35113896602257,85.62559668989928,12.719178722684553
side_person10.mp4,side,256,8534,29.997570619280832,848,478,172.68598601836993,169.58151331324407,170.11216577606683,142.2697412615379,94.05328932878481,84.93300972691978,13.018098021920267
side_person10.mp4,side,257,8567,29.997570619280832,848,478,171.33426953946778,168.50761693220292,169.32110809841575,142.86901557680378,94.1113384298115,85.06015987395672,13.162333218516777
side_person10.mp4,side,258,8601,29.997570619280832,848,478,169.9024883929526,167.48398046838687,169.0014665770778,144.08425054776734,92.87261455888513,85.9626500530988,13.88083724954563
side_person10.mp4,side,259,8634,29.997570619280832,848,478,168.697399852794,166.46379046648582,168.31460854990914,144.59106225081086,92.1095059285338,85.25176028881272,14.476264812990397
side_person10.mp4,side,260,8667,29.997570619280832,848,478,167.19084216708174,166.79094625087538,167.7836757166641,142.5604347238837,91.62684970290026,86.46831590338584,14.46922818515016
side_person10.mp4,side,261,8701,29.997570619280832,848,478,165.77703627804775,166.744323203819,167.5283018145986,141.63214304749118,90.96984592351393,85.63432715869544,14.471113650534807
side_person10.mp4,side,262,8734,29.997570619280832,848,478,164.16432886488113,166.75607397321738,166.22454944738934,140.05670566576057,91.29824279152608,87.90289063043036,14.96178527042933
side_person10.mp4,side,263,8767,29.997570619280832,848,478,163.20947467800306,167.87365350437457,164.83484974783443,135.57611332143156,90.59230267583244,92.24218870821174,15.905721243416785
side_person10.mp4,side,264,8801,29.997570619280832,848,478,162.7003724524554,168.9877780415413,163.9415207507263,131.74406550442555,93.81702338367482,98.33504953445978,16.286915343765337
side_person10.mp4,side,265,8834,29.997570619280832,848,478,160.91250250525744,167.63127131075646,162.46725764415913,132.91179753966506,93.26164507005483,98.26240647139551,16.607767757192875
side_person10.mp4,side,266,8867,29.997570619280832,848,478,159.99308191958738,167.60170255180708,161.5050773973488,129.5442429675501,94.26902510858245,110.91752225242554,17.195993517068935
side_person10.mp4,side,267,8901,29.997570619280832,848,478,157.5007224313404,165.16735881115,160.19296057694584,130.88647252886813,97.65135613076443,116.61951943777312,17.58491113602231
side_person10.mp4,side,268,8934,29.997570619280832,848,478,155.68977346101047,163.86498327762888,158.69831859446683,131.05570228463895,96.82192371193022,108.29287007910331,17.824610922376465
side_person10.mp4,side,269,8967,29.997570619280832,848,478,154.07511898314996,159.86642329054982,157.22851640466766,134.38123031907506,98.39656024820152,124.04334070577679,17.936878595971606
side_person10.mp4,side,270,9001,29.997570619280832,848,478,151.69993159625486,158.49480440603097,155.23837716673904,132.9511596637613,97.26754236515654,123.66823280653857,17.72057644659662
side_person10.mp4,side,271,9034,29.997570619280832,848,478,149.37726460820383,155.73731010566476,152.83461694263488,132.63112451354692,102.71256197265939,129.8408940169922,17.047577136257487
side_person10.mp4,side,272,9067,29.997570619280832,848,478,144.60639242749798,150.4879415326206,148.00249986798462,134.60243310852735,105.8823959625591,125.73438808298832,16.40748885410301
side_person10.mp4,side,273,9101,29.997570619280832,848,478,141.18329124534455,144.46478501721109,144.50104176435275,135.73451634447187,104.29918244506938,125.67226385251342,15.935878909460378
side_person10.mp4,side,274,9134,29.997570619280832,848,478,139.5276332460356,138.99557018011876,143.20237979829386,136.80482726385796,95.92653980511207,123.12849760028365,16.772238502230284
side_person10.mp4,side,275,9167,29.997570619280832,848,478,136.74289595813258,137.37874710604163,141.74566980010974,136.20017521356408,112.94232472807934,124.96938891326863,18.247853356270056
side_person10.mp4,side,276,9201,29.997570619280832,848,478,133.04382121194547,134.77404278716557,139.09539919145917,135.7549928202565,119.76864514095999,127.53792555302225,18.48242139755578
side_person10.mp4,side,277,9234,29.997570619280832,848,478,129.95076553973186,134.3199063427415,136.36926716899333,136.586976038922,118.36892591093195,128.48154950618428,22.504788522443253
side_person10.mp4,side,278,9267,29.997570619280832,848,478,126.18337329366454,134.4478393061331,132.5093845417559,139.3553130610841,119.53213693964442,136.9529318373039,29.349861016632232
side_person10.mp4,side,279,9301,29.997570619280832,848,478,122.23063960398287,132.46294701386302,129.59397154012402,136.8094879588734,123.63212316769693,137.4463491535446,29.31612057328492
side_person10.mp4,side,280,9334,29.997570619280832,848,478,119.56087648954767,133.16732399873501,126.68596131107233,134.75825597271023,117.02467486107679,139.42320606806743,30.785459798432125
side_person10.mp4,side,281,9367,29.997570619280832,848,478,117.53966196966347,133.27266016715217,124.96557713376579,131.31122645110443,121.96474048102776,139.4930406189498,30.86734315270148
side_person10.mp4,side,282,9401,29.997570619280832,848,478,114.95525371853131,134.19505302766288,121.4946396222044,129.45551445747014,119.04497426364323,138.75763369702312,32.90592117446528
side_person10.mp4,side,283,9434,29.997570619280832,848,478,113.46763468386473,134.51227447449403,119.13581066303267,128.42562836791808,117.29923660259384,136.34355055095085,34.5644096782333
side_person10.mp4,side,284,9467,29.997570619280832,848,478,112.67825887002256,134.34973707188743,117.69836744100637,127.84959051128556,120.3203236075472,135.94089910423102,36.63386500067521
side_person10.mp4,side,285,9501,29.997570619280832,848,478,112.57562654403065,134.76723607390937,117.91170771589479,126.3108732174363,124.97463928093711,137.17591580385815,36.971856639623645
side_person10.mp4,side,286,9534,29.997570619280832,848,478,113.68959772754867,135.85979502719024,118.55045656853552,124.45308587159616,126.94613203040304,138.64720257915005,36.93607588598852
side_person10.mp4,side,287,9567,29.997570619280832,848,478,112.76477034905203,135.05055816395716,116.90092820020499,122.87930362719685,122.43783177240388,137.2451838056073,37.27945521779881
side_person10.mp4,side,288,9601,29.997570619280832,848,478,110.98361542298785,133.6635231235738,114.7183666757443,119.47019072629794,119.83247520147337,136.75640552872778,37.03156992503801
side_person10.mp4,side,289,9634,29.997570619280832,848,478,109.78494689002876,133.40282254809722,112.70287952876016,116.91073225417813,112.70404050655105,136.24344893884412,36.7169261653542
side_person10.mp4,side,290,9667,29.997570619280832,848,478,106.14314749606346,129.4923665604761,108.30354740077817,112.09609825208922,108.9781489799822,131.66626583159058,34.47721740835053
side_person10.mp4,side,291,9701,29.997570619280832,848,478,97.13454500263046,129.57029835574522,98.38029645069346,108.8202447277235,102.44255455055306,128.26128906191045,32.394744359295586
side_person10.mp4,side,292,9734,29.997570619280832,848,478,95.85667659730181,129.1310612150474,97.62965133450433,106.43665544516342,107.44622140122962,130.54559417106972,32.115107077312565
side_person10.mp4,side,293,9767,29.997570619280832,848,478,92.39976784408535,128.68140756259615,93.9351632900332,104.4550848871377,106.94035983990466,131.44917540401394,31.577168405338348
side_person10.mp4,side,294,9801,29.997570619280832,848,478,89.39246130525729,127.94589605862252,91.23305621942983,103.16253624756907,108.94703690013334,131.4499214437703,31.497825580403997
side_person10.mp4,side,295,9834,29.997570619280832,848,478,88.1532270673716,126.81947832649304,90.12755273077805,100.71335994506218,111.85199814185849,132.36002030033026,30.307195597811887
side_person10.mp4,side,296,9867,29.997570619280832,848,478,87.88085982163597,126.41118341003924,90.02714115633562,100.47095238411096,107.26499674098562,134.24125873510783,30.84595404412443
side_person10.mp4,side,297,9901,29.997570619280832,848,478,84.13498044146347,124.39883769123982,86.3034178276123,99.08217740594432,111.91469309573407,132.89479817407766,30.439997726246663
side_person10.mp4,side,298,9934,29.997570619280832,848,478,82.5503276597397,123.2271355705327,84.6605825866267,98.05387551805543,113.23255385880636,132.49049311772995,30.190755513914148
side_person10.mp4,side,299,9967,29.997570619280832,848,478,82.64213639664578,123.73627837418368,84.30186429501812,98.4322557436415,110.90114650631459,133.25116093531724,30.56670197087951
side_person10.mp4,side,300,10001,29.997570619280832,848,478,82.98437121425727,123.77857393876961,84.66137485411735,98.22447697097003,112.42025989154585,133.8654341101668,30.97784157004025
side_person10.mp4,side,301,10034,29.997570619280832,848,478,82.47239936465832,124.27751354522611,83.82631349096378,99.62743444467205,112.25421810888326,132.78883877318412,31.858126690690224
side_person10.mp4,side,302,10067,29.997570619280832,848,478,85.57493426783229,125.12528989749971,86.73239526949064,100.52552689857065,110.35917995386774,133.12017728886815,32.42840308710184
side_person10.mp4,side,303,10101,29.997570619280832,848,478,85.50064686209133,125.22249504026922,86.6916833685864,101.81817775735442,111.0701762028943,133.86432375849185,33.45720834613734
side_person10.mp4,side,304,10134,29.997570619280832,848,478,85.17967577120255,126.14424460651058,86.34432682155187,101.55268075554208,111.81242711580585,135.2943357215484,33.34981285117437
side_person10.mp4,side,305,10167,29.997570619280832,848,478,84.7870413320663,126.32542244322975,85.85375316828319,101.52611194691205,112.30039571034129,135.59181946875856,33.44945567319671
side_person10.mp4,side,306,10201,29.997570619280832,848,478,85.60407910220079,125.63758548178114,86.73782941221236,101.63987030022214,115.5386837738703,135.52189494570396,33.68702203988706
side_person10.mp4,side,307,10234,29.997570619280832,848,478,85.52156215939266,126.00310863810692,86.66853919552447,101.58660230456094,115.41281304261096,135.69812931768467,33.626843329317914
side_person10.mp4,side,308,10267,29.997570619280832,848,478,83.9432832871381,124.9023940300341,85.25817823915813,99.77146594369472,115.35728974422068,134.8293327668927,32.36002541802346
side_person10.mp4,side,309,10301,29.997570619280832,848,478,83.81155867199719,124.84110000319255,85.19037164754532,99.45524039896827,115.08437181022417,134.94891269526096,32.145625205571584
side_person10.mp4,side,310,10334,29.997570619280832,848,478,83.74481936292929,124.77015263644016,85.1565683135797,99.01117095205362,115.04256278366401,135.4151477699432,31.56281727903464
side_person10.mp4,side,311,10368,29.997570619280832,848,478,83.83074115267966,124.76254837898016,85.24317143830832,98.59563026250316,116.87210684422652,135.7487591013312,31.43787768030938
side_person10.mp4,side,312,10401,29.997570619280832,848,478,85.13452686475735,124.53991192749766,86.66657312147201,98.41182235015505,115.51700743168617,134.02436059235393,31.24910400924602
side_person10.mp4,side,313,10434,29.997570619280832,848,478,85.42143609959074,124.57808801466595,86.78276834277706,98.89340048607926,110.28748975242108,134.03166161275902,31.189289131165985
side_person10.mp4,side,314,10468,29.997570619280832,848,478,86.15042596269939,124.13754336611672,87.6066267407442,98.74580920680084,112.06490741667696,133.53802523803097,30.776008012954613
side_person10.mp4,side,315,10501,29.997570619280832,848,478,87.39469673033894,122.93155154540639,89.15327262403191,97.84936468046538,112.40433258434166,132.73121598605056,29.959329345919265
side_person10.mp4,side,316,10534,29.997570619280832,848,478,91.17923454041083,126.23257268043398,92.84360980795825,99.84224356238856,110.32397232357711,132.68367565704062,29.490651225464134
side_person10.mp4,side,317,10568,29.997570619280832,848,478,95.68017466956414,128.2443003858508,96.80916846140508,103.58813333993338,105.3700519558758,131.23974603975373,30.058871325079075
side_person10.mp4,side,318,10601,29.997570619280832,848,478,103.15508461994942,131.8172410548904,104.3512927811629,107.63715181885404,104.98273316497998,131.89697264156348,30.89812687438625
side_person10.mp4,side,319,10634,29.997570619280832,848,478,109.5924434245452,131.78496530801448,110.57301212021116,112.09787605778764,104.33175746645931,131.36422000898895,31.534924570668082
side_person10.mp4,side,320,10668,29.997570619280832,848,478,114.44193482751731,133.6473653831137,114.82712930338171,116.34424670004641,105.58523352741152,130.05700101460891,31.44940401596318
side_person10.mp4,side,321,10701,29.997570619280832,848,478,123.75748357014163,135.39089254462914,123.8436498883978,123.60016770064469,104.2010310655673,130.40330200828254,33.119563319829695
side_person10.mp4,side,322,10734,29.997570619280832,848,478,124.45563188554682,136.26925726951615,124.72586789816485,127.51040465029743,106.04462122714781,130.0332585318804,32.123944830863906
side_person10.mp4,side,323,10768,29.997570619280832,848,478,127.21951463053139,138.46828567333426,128.47304320880667,129.99524491504715,110.83070033146811,129.43719961022185,30.363772809295597
side_person10.mp4,side,324,10801,29.997570619280832,848,478,127.7097427483447,139.76529171202623,129.95379123772278,131.53467090302016,114.60813804132425,131.23688224116472,28.903588776063476
side_person10.mp4,side,325,10834,29.997570619280832,848,478,136.08146413977184,143.79383844510903,137.88972158247233,125.14888408940101,119.19727158867255,134.54615458988363,20.459779406276105
side_person10.mp4,side,326,10868,29.997570619280832,848,478,141.2656271417968,148.16847767298418,141.94610154942177,125.92388749789666,115.98982084277817,134.76546230963984,18.866931356593906
side_person10.mp4,side,327,10901,29.997570619280832,848,478,141.95577773622153,149.07065930799848,143.70615467725463,130.63595863243998,113.00461530861178,133.1308375400917,18.61829109586606
side_person10.mp4,side,328,10934,29.997570619280832,848,478,145.04290789891363,150.6236669408394,146.3633017658722,131.86042711387853,98.798921154898,125.34607128409475,16.17865677852467
side_person10.mp4,side,329,10968,29.997570619280832,848,478,147.8929020916856,151.2696058350829,149.2130036737093,136.2935106084302,98.0732467686098,124.17935403976841,15.330599176463599
side_person10.mp4,side,330,11001,29.997570619280832,848,478,150.76292902167785,156.72738639485723,151.25341675208216,133.98584454454488,98.33494823098405,120.72068780931308,15.467312890034323
side_person10.mp4,side,331,11034,29.997570619280832,848,478,154.4771747366754,161.61112935272686,153.8345199916741,130.87899851634592,99.23390790250994,121.97233970936415,15.056417510110709
side_person10.mp4,side,332,11068,29.997570619280832,848,478,158.34382323998034,164.31048943083192,156.34603822773173,131.33352551213397,95.83972998072157,117.26193601708144,14.775296731809101
side_person10.mp4,side,333,11101,29.997570619280832,848,478,161.02928622283534,166.740770898155,158.53156601061073,131.80671973683135,95.57470693442502,107.0766451325265,14.735814902987341
side_person10.mp4,side,334,11134,29.997570619280832,848,478,164.55538232295174,167.99365802812,161.9055037665241,133.8558849750062,90.12730431932845,101.55664664530961,14.331724324565176
side_person10.mp4,side,335,11168,29.997570619280832,848,478,165.9219450652451,169.239189833544,164.0198149186881,134.81934519451687,88.76547257893354,93.5673672404682,13.781916615223691
side_person10.mp4,side,336,11201,29.997570619280832,848,478,166.68438627353692,172.12343748304377,166.05719774318956,136.78101292775375,86.3721553694078,86.6916924360205,13.77215325920709
side_person10.mp4,side,337,11234,29.997570619280832,848,478,169.00713966686305,171.83746763231767,167.47774765505667,140.79448321659453,89.17190617043221,86.10120475124094,13.490054427492002
side_person10.mp4,side,338,11268,29.997570619280832,848,478,170.0259041647593,170.87113981625606,168.25442084263173,142.81770696788416,90.88849612872849,85.8417692560769,13.115852323658142
side_person10.mp4,side,339,11301,29.997570619280832,848,478,171.7848913349076,170.4484080132484,169.85317926498524,143.5835976488455,91.22844277333625,85.02367896497462,12.969268395159814
side_person10.mp4,side,340,11334,29.997570619280832,848,478,174.67806002189894,170.83273239295178,171.14701248157382,143.8966280381542,88.28296726386155,81.6589568409112,12.680120876095614
side_person10.mp4,side,341,11368,29.997570619280832,848,478,175.3479986389232,170.43954422978004,171.27625708160258,143.60523015389768,89.04952132185801,81.6695968300554,12.810043992394336
side_person10.mp4,side,342,11401,29.997570619280832,848,478,176.23504449244786,170.5788679408966,171.96732128910145,143.2049786502268,89.62877456653267,81.29680576848054,12.671842060598289
side_person10.mp4,side,343,11434,29.997570619280832,848,478,176.67861290586853,170.18390196949542,170.64806000672644,142.78309666111812,92.10280877014416,84.58656745630019,12.48937644419087
side_person10.mp4,side,344,11468,29.997570619280832,848,478,176.49849525541913,170.56420206004756,170.79568938313543,143.07188774018965,92.81411283614139,83.32160841753476,12.383890997241346
side_person10.mp4,side,345,11501,29.997570619280832,848,478,177.0173795199661,170.54615243219584,169.12272150100358,141.78595287898273,96.22344987016633,81.98032307517322,12.476926246190564
side_person10.mp4,side,346,11534,29.997570619280832,848,478,176.90241251938525,170.62239743122004,168.58577064041262,139.8688090771621,96.91150616880506,86.17362365689564,12.593586077597882
side_person10.mp4,side,347,11568,29.997570619280832,848,478,175.6840703382227,170.32800359315013,168.46201899139098,139.69006029830368,96.6330135537054,87.70672436269456,12.852298666446638
side_person10.mp4,side,348,11601,29.997570619280832,848,478,176.0921962324259,170.3791084390039,170.21994148006814,139.40464302071328,93.57505902239446,87.39041448937019,13.199527615245511
side_person10.mp4,side,349,11634,29.997570619280832,848,478,176.78058471750342,170.12494861581683,171.64409625681316,138.6973243276369,93.2753518736195,88.86292759733068,12.93701793135229
side_person10.mp4,side,350,11668,29.997570619280832,848,478,176.8785207212751,170.41152165748238,171.76064215714916,137.57545716384033,93.32724104276575,88.5985435189494,13.03035113811694
side_person10.mp4,side,351,11701,29.997570619280832,848,478,176.90758296326854,170.47312151298433,171.55747223754602,136.80414033070542,92.3540181345465,89.22023808347457,13.819769170289797
side_person10.mp4,side,352,11734,29.997570619280832,848,478,176.69585292691008,170.52588717811474,174.68425029306397,139.67091828260808,90.20309940576556,87.95062948226015,13.62287457445706
side_person10.mp4,side,353,11768,29.997570619280832,848,478,176.61357847947417,169.81018274771478,175.27838199892724,140.52838701163142,89.34517083638845,87.11499005916701,13.953210047649304
side_person10.mp4,side,354,11801,29.997570619280832,848,478,176.68959799493405,170.06045691704892,175.7256318899221,141.21380219188387,89.21041935107827,86.64645859064997,14.132851095110631
side_person10.mp4,side,355,11834,29.997570619280832,848,478,176.7168229735035,169.64705231060344,175.58180170743012,141.62383396658893,89.8826829965159,87.86559015097737,13.929568905850019
side_person10.mp4,side,356,11868,29.997570619280832,848,478,176.30772108618814,169.7005080634034,175.71563819310126,141.3858050085686,90.34885336051474,87.24826318977271,13.21208833970777
side_person10.mp4,side,357,11901,29.997570619280832,848,478,176.32478505704654,169.11679106409147,175.89905607615003,141.94448368399372,90.16862228224596,88.02208311828404,13.139318155597069
side_person10.mp4,side,358,11934,29.997570619280832,848,478,176.15054425609176,169.0138644971764,176.42985441716704,142.03324620310966,89.10597813623053,88.23620220806212,12.911982141417655
side_person10.mp4,side,359,11968,29.997570619280832,848,478,176.17425789313174,168.7937943044703,176.50273658977122,142.49699347642326,89.30718262158099,87.88072494478384,12.821111837126152
side_person10.mp4,side,360,12001,29.997570619280832,848,478,175.99378116787926,168.93514351379153,176.29999490819156,143.35437589260383,89.42916406211847,88.33896118614129,13.029292522142033
side_person10.mp4,side,361,12034,29.997570619280832,848,478,175.77488349392172,168.96294551294713,175.72108189494284,143.24306006940387,90.29382180960779,88.95001341172888,12.949319313465482
side_person10.mp4,side,362,12068,29.997570619280832,848,478,175.67373629341608,168.71327929547343,175.1527655016329,143.02406677539562,91.16205924737714,88.72253051291788,12.714319818567608
side_person10.mp4,side,363,12101,29.997570619280832,848,478,175.34373327351562,169.44119598493532,174.4607098171414,142.89176914125795,93.28696577420334,90.63257543385492,12.065395479732654
side_person10.mp4,side,364,12134,29.997570619280832,848,478,175.28501358238856,169.04544060510378,174.3325596548002,143.30021380142622,92.36445941667336,89.27450651983627,11.9214944803632
side_person10.mp4,side,365,12168,29.997570619280832,848,478,174.91309449183456,169.0634709429702,173.0528499702973,143.28388999373934,92.56453269253579,88.03065478023306,12.06974036093286
side_person10.mp4,side,366,12201,29.997570619280832,848,478,174.6496659983055,168.90080489145973,173.02033599426403,142.89495183487278,92.0004304828059,86.92420191233099,12.062681975345852
side_person10.mp4,side,367,12234,29.997570619280832,848,478,174.3630811912944,169.41374216397108,173.32752231173436,142.91398159056527,92.58574602439447,87.24852299567469,11.569981524928128
side_person10.mp4,side,368,12268,29.997570619280832,848,478,174.02089607354148,169.45346382661336,172.84181089605107,143.62546289691676,93.13310056461481,87.82335075754328,11.441665049844655
side_person10.mp4,side,369,12301,29.997570619280832,848,478,173.18714117329583,168.7644377931757,172.93024969083572,144.54556519404343,92.33876247300121,89.48694762830159,10.6829154079208
side_person10.mp4,side,370,12334,29.997570619280832,848,478,171.3102847390875,168.46870240458864,172.18780600065725,144.94193270315014,90.67560994359306,91.28625708893621,11.600975844686289
side_person10.mp4,side,371,12368,29.997570619280832,848,478,170.16399044010512,167.78225267420473,171.54394623498717,144.2476348844136,89.29683079515628,87.92717991983062,12.793069914586974
side_person10.mp4,side,372,12401,29.997570619280832,848,478,169.4471180802417,167.45599340189753,170.56061593673442,145.74244546841754,89.57863764361646,86.18843932193336,13.164975174540537
side_person10.mp4,side,373,12434,29.997570619280832,848,478,168.23288227239564,167.39078738057626,169.02845714768412,144.16565056367952,90.00711102042756,85.79658969177535,13.29183608228751
side_person10.mp4,side,374,12468,29.997570619280832,848,478,166.82494430102867,167.4372931253268,167.984485982898,143.27061398936297,89.91244710618187,83.69524505396018,13.20564260229513
side_person10.mp4,side,375,12501,29.997570619280832,848,478,165.48694580236824,166.7186146825935,166.92714414690096,141.95900977003825,91.24407285842284,85.54021184410588,13.13253453373122
side_person10.mp4,side,376,12534,29.997570619280832,848,478,164.59374857159244,166.79433225230525,165.71890911919473,138.92872920786257,91.82192796479704,86.29270252550216,13.40457168834392
side_person10.mp4,side,377,12568,29.997570619280832,848,478,162.93415879849172,165.0296261253668,164.37347318608315,137.88780255467657,92.46691791590875,89.97499845245515,13.74811980235599
side_person10.mp4,side,378,12601,29.997570619280832,848,478,161.04008289676227,164.7929109683082,162.6570413081471,135.46587759733276,93.8665174116635,95.02746680361645,14.04334451911168
side_person10.mp4,side,379,12634,29.997570619280832,848,478,159.70861501444773,164.9455543091797,161.32444508663127,132.2872659029113,96.65614642831962,102.46139981695362,15.301324547363066
side_person10.mp4,side,380,12668,29.997570619280832,848,478,157.22524217339733,162.66063930563953,159.91499564782484,133.15052896292673,98.05451184881498,109.07560079243555,16.061359156603377
side_person10.mp4,side,381,12701,29.997570619280832,848,478,153.55070828192382,160.23310890371587,156.9725777574955,134.22485846764062,98.21503473579283,107.45334404865494,16.206301033701475
side_person10.mp4,side,382,12734,29.997570619280832,848,478,152.81832178708152,158.8224996933808,157.44466756013802,134.00173344454814,99.41737797799834,118.83132093910314,16.723119968490373
side_person10.mp4,side,383,12768,29.997570619280832,848,478,151.39147301476922,151.63932059038277,156.11734481499886,139.5575919502858,101.74114410007286,130.71855641114416,16.673175231946
side_person10.mp4,side,384,12801,29.997570619280832,848,478,149.10988691471005,150.38043180060072,153.47600294423222,138.08155883902953,106.41780865954611,133.4784290405755,15.471529882734407
side_person10.mp4,side,385,12834,29.997570619280832,848,478,145.9530949598736,146.05811794444793,150.8683444223027,139.04098536530978,105.13917911460702,132.7660470575101,16.02029224524665
side_person10.mp4,side,386,12868,29.997570619280832,848,478,142.19234575045817,146.70743752266782,146.45945927913326,134.43093638291623,111.4153033277533,131.08197371103827,15.464115710744743
side_person10.mp4,side,387,12901,29.997570619280832,848,478,140.17568420312446,146.12482944459978,144.58903146547533,131.4092125192456,111.14203312915423,133.02536551784203,15.848013476663091
side_person10.mp4,side,388,12934,29.997570619280832,848,478,136.2941228328169,144.92463682459416,141.72240184069108,127.73191171964501,119.26348650898615,139.88959583997692,16.20633838912712
side_person10.mp4,side,389,12968,29.997570619280832,848,478,131.6715540456377,136.03776036686665,138.07132224489328,133.53560112643632,122.62471002820241,138.72929631455779,19.62346653639414
side_person10.mp4,side,390,13001,29.997570619280832,848,478,126.3752624210762,133.38430463911595,133.25963405315818,135.78636925012972,122.49050602161226,139.2570428593296,24.88580893083652
side_person10.mp4,side,391,13034,29.997570619280832,848,478,121.63410954392356,134.69637277436607,129.29669105472473,134.98364601953324,125.558654701458,142.97771445069236,29.46967231535544
side_person10.mp4,side,392,13068,29.997570619280832,848,478,119.1589367302803,134.34264983534277,126.89430025003693,132.72350017022816,124.66739037388707,141.1074625968907,31.251023679356408
side_person10.mp4,side,393,13101,29.997570619280832,848,478,115.87476597046405,135.63658576079496,123.0484413606403,131.00732529714458,111.8672108754082,142.26647207598157,32.53165027387075
side_person10.mp4,side,394,13134,29.997570619280832,848,478,114.68247171370913,136.54152918746843,121.57686697910556,129.23342191112414,117.6701938759195,141.30928359515582,33.641979248347745
side_person10.mp4,side,395,13168,29.997570619280832,848,478,112.81335624006651,136.04035684956068,119.11034464162915,127.4090201797278,121.47974269481301,141.24760297925076,34.654188844705935
side_person10.mp4,side,396,13201,29.997570619280832,848,478,108.40798627236242,133.67793094053988,114.52443718663986,125.51627953346522,121.12249265430455,138.01753183699898,35.517297154691136
side_person10.mp4,side,397,13234,29.997570619280832,848,478,106.67857727868729,132.96036461495208,112.84976598402228,121.79974453117121,125.68905490090437,139.87802148683997,35.18778590662315
side_person10.mp4,side,398,13268,29.997570619280832,848,478,104.73817431162455,131.9420536452935,110.47900596644124,118.91948205365651,125.92635779034165,137.46417809603065,35.0213687239163
side_person10.mp4,side,399,13301,29.997570619280832,848,478,103.12330159023838,131.73226908837415,108.10709210479419,115.9776024008864,123.45271116513197,137.60395369512145,35.3352946133109
side_person10.mp4,side,400,13334,29.997570619280832,848,478,100.16137454743541,131.985060386704,104.43458266976505,112.80659349029219,119.54911437339612,137.52901137147802,35.33129430968038
side_person10.mp4,side,401,13368,29.997570619280832,848,478,91.05813604642842,130.4423604802331,94.49608073569779,108.81181285126907,110.70966769006985,134.50867562713393,34.36065648525264
side_person10.mp4,side,402,13401,29.997570619280832,848,478,86.21486437074458,128.9091910962455,89.32687343668131,106.45938470090927,109.48856717564246,132.32857365684148,33.436273004470756
side_person10.mp4,side,403,13434,29.997570619280832,848,478,83.17642127598612,128.39043562444647,85.77301631809415,104.87092448185138,111.91694149361295,132.8880114407553,33.81600510719401
side_person10.mp4,side,404,13468,29.997570619280832,848,478,80.18782134792912,128.85753848442928,82.30586800678027,103.67191752057555,111.5398658674204,133.43906077564122,33.89548040672153
side_person10.mp4,side,405,13501,29.997570619280832,848,478,79.4983854977244,131.0234916363509,81.47536138812251,103.41588167084034,113.36899975604487,136.28320488748284,34.1345949115273
side_person10.mp4,side,406,13534,29.997570619280832,848,478,77.93239518026297,130.56349117186537,79.83403130726279,102.81951993600896,113.54980130598497,136.32784511978582,33.92509731396476
side_person10.mp4,side,407,13568,29.997570619280832,848,478,78.73914105641889,130.56175328651437,80.44985171510307,103.74091988879456,115.81613859759884,135.5101621371624,34.502575624284695
side_person10.mp4,side,408,13601,29.997570619280832,848,478,76.67168786128214,128.63386591865907,78.11701010589185,102.06056440332617,112.68478574583914,133.3860865775929,34.00971143781157
side_person10.mp4,side,409,13634,29.997570619280832,848,478,77.10633574670554,128.4028964625658,78.43185760340131,101.04671265306793,111.63271763110002,134.43345471437323,33.5043635390444
side_person10.mp4,side,410,13668,29.997570619280832,848,478,77.35312672496364,127.63646804683032,78.3133661577844,101.6523636486067,109.30198916873677,132.7855833345408,33.653633054898435
side_person10.mp4,side,411,13701,29.997570619280832,848,478,77.79474813346172,127.84248076208196,78.76353304462958,101.61870120234526,111.6359456391502,134.96465118081267,33.535050434008326
side_person10.mp4,side,412,13734,29.997570619280832,848,478,78.05122888925551,127.69204522335959,79.12479619530795,99.85436022255381,113.07188590999492,134.8498877214949,32.1141392076334
side_person10.mp4,side,413,13768,29.997570619280832,848,478,79.10609862632627,126.43896162899506,79.7680719137165,99.44091375536765,111.18483613785111,132.32261956734413,32.066813976698185
side_person10.mp4,side,414,13801,29.997570619280832,848,478,79.28858547188747,125.58325915055869,79.73403582320339,98.50395729665108,109.9817150347576,131.88507821351757,31.770065132818793
side_person10.mp4,side,415,13834,29.997570619280832,848,478,81.4404571965309,126.10083376393611,81.7278352270593,98.4331644343647,111.27519412651503,132.34782014873338,31.732069864597637
side_person10.mp4,side,416,13868,29.997570619280832,848,478,81.66280728894428,126.30682050441193,81.78645793884675,98.831274233267,111.4254834198801,132.50317782432785,31.863385332990102
side_person10.mp4,side,417,13901,29.997570619280832,848,478,83.00076426122455,125.87193011554938,82.97421993039688,98.80743321820404,111.0438154276379,131.86841455154652,31.876245776013494
side_person10.mp4,side,418,13934,29.997570619280832,848,478,83.6339611615977,125.77334537993953,83.4270708679251,98.78293665404402,113.38092247215405,132.98750125026245,31.838005862618022
side_person10.mp4,side,419,13968,29.997570619280832,848,478,84.91185929659706,125.6535399658961,84.67261108282821,98.70914861586597,112.13651393363969,132.32928590634117,31.7476160803869
side_person10.mp4,side,420,14001,29.997570619280832,848,478,85.56241911292783,124.64136795407205,85.37433180310626,99.17802330548709,108.70627910786838,130.15591175513856,31.705152588125433
side_person10.mp4,side,421,14034,29.997570619280832,848,478,87.80145852420101,124.81781279239011,87.24870357751246,98.82672165023928,109.14727886075097,131.3796713718543,31.749338268834126
side_person10.mp4,side,422,14068,29.997570619280832,848,478,92.69270562434185,125.48498934651376,92.18822566457952,99.35683357332454,110.652839839067,131.2227574354719,31.563412646176555
side_person10.mp4,side,423,14101,29.997570619280832,848,478,94.39873875462796,126.04629386131364,94.01907550403217,100.89369364641834,105.06723662852114,129.50786996955742,31.399281625153247
side_person10.mp4,side,424,14134,29.997570619280832,848,478,97.21822164784496,130.56189871454143,96.5671062447206,102.46537920856841,100.18392790542099,131.20152337852605,31.198663133354735
side_person10.mp4,side,425,14168,29.997570619280832,848,478,99.72880325260991,130.16182122279614,99.31809940716765,104.34299057833859,104.88628280164109,129.46986414240513,30.75271113695643
side_person10.mp4,side,426,14201,29.997570619280832,848,478,103.22712932411953,132.19756982279958,103.07206060194073,107.26763823501909,105.82989214188413,130.2191286337123,31.07184010241426
side_person10.mp4,side,427,14234,29.997570619280832,848,478,107.35480632731247,131.04400880983746,107.21109920309188,111.52451942277855,105.92599866672109,129.01316761434427,32.053145723072895
side_person10.mp4,side,428,14268,29.997570619280832,848,478,110.56448307327383,130.8388768619978,110.90881354367446,115.20796048667528,106.06524220522554,129.89448372908387,32.56270459357985
side_person10.mp4,side,429,14301,29.997570619280832,848,478,112.43473128972055,130.9888418113032,113.25874468205042,118.03867494550418,103.70747119264573,130.0979847978777,31.867359738400005
side_person10.mp4,side,430,14334,29.997570619280832,848,478,116.962905005016,134.3702607267055,118.29460334229465,122.97083113592473,109.35094238454201,133.36343344960918,31.92828830779548
side_person10.mp4,side,431,14368,29.997570619280832,848,478,119.17568926211928,134.82455992901265,121.58424732519578,124.59172363435107,115.14165120555492,133.59408442158718,30.96361126005085
side_person10.mp4,side,432,14401,29.997570619280832,848,478,121.76777495925128,136.07206016465125,124.87944073435516,128.28168936769134,115.87854847517988,134.18997880843918,30.62779217024566
side_person10.mp4,side,433,14435,29.997570619280832,848,478,124.99117718767398,137.92132496330044,128.91929613454184,127.86475501685598,117.28461335076109,135.5601130760709,26.769952555784375
side_person10.mp4,side,434,14468,29.997570619280832,848,478,131.01396984641266,142.37981185526507,135.44538521685206,124.45401601120334,122.63047849759107,137.49857064948574,20.27198951247934
side_person10.mp4,side,435,14501,29.997570619280832,848,478,136.5543819744694,145.48820463921976,139.54987730972945,127.0236662608817,117.99174083194465,135.41794507783013,19.378033502104692
side_person10.mp4,side,436,14535,29.997570619280832,848,478,140.3035467744312,147.44283380485916,143.37316384755567,128.40578284034936,116.35933167758881,132.55881316119846,17.794374170914676
side_person10.mp4,side,437,14568,29.997570619280832,848,478,141.72656302660278,149.1082245871134,146.03178168639437,130.86773494506116,99.36566283461617,123.71804463578806,16.184721921293878
side_person10.mp4,side,438,14601,29.997570619280832,848,478,147.2135763426843,150.12333749639998,149.93435592445192,132.9209666668657,101.219020068763,124.32591965166122,14.009421788060132
side_person10.mp4,side,439,14635,29.997570619280832,848,478,149.50795144763288,151.81078604149775,151.59606819606498,134.91148100384376,100.95473826944828,120.30480752615753,13.44203020961297
side_person10.mp4,side,440,14668,29.997570619280832,848,478,152.65368678274976,157.4546163172074,154.2357390191882,132.70469153317023,98.80417529966562,113.74112134314032,13.27863882232618
side_person10.mp4,side,441,14701,29.997570619280832,848,478,157.12721414387502,160.45749162511825,158.04090495557065,133.80364329646437,102.89319695856102,101.88745541066348,13.6573523057609
side_person10.mp4,side,442,14735,29.997570619280832,848,478,159.745248430973,164.59538849544302,160.37563937358973,131.44343087182042,100.79599277943906,102.85226430559918,14.48444364185111
side_person10.mp4,side,443,14768,29.997570619280832,848,478,162.8852015552202,166.73277015680137,163.8893180440398,133.257888690117,94.24111283507693,106.4353827029847,13.834506697260979
side_person10.mp4,side,444,14801,29.997570619280832,848,478,164.6893023508013,168.94829719290425,166.19546425205064,136.12700211169187,87.6897226776888,87.71291685080472,13.151400157428752
side_person10.mp4,side,445,14835,29.997570619280832,848,478,166.280820438211,170.52318974374285,167.91207497603213,139.31855711140219,88.75399420332839,86.40490214381285,13.284247929204932
side_person10.mp4,side,446,14868,29.997570619280832,848,478,168.88988581640925,172.09058736751714,169.5547930898549,140.14597440298715,87.487925400032,85.90201586136122,13.435659569099343
side_person10.mp4,side,447,14901,29.997570619280832,848,478,170.60876471809846,170.80896163742793,170.82933006109823,142.17569259004614,87.05801103139973,83.85996978215131,13.194357004425779
side_person10.mp4,side,448,14935,29.997570619280832,848,478,172.00558138341094,170.52859619357787,171.73010953333102,142.87819988143144,87.26553427758117,83.86918931879526,13.123180350026324
side_person10.mp4,side,449,14968,29.997570619280832,848,478,174.31958356256555,170.45137984410522,172.42609448736104,142.24028441942792,93.48647528773574,84.68700300448005,12.445475519043468
side_person10.mp4,side,450,15001,29.997570619280832,848,478,175.33548582999757,170.98789909184435,172.4030904480113,142.03181764463497,93.36174438133179,87.53721483002371,13.24459911285051
side_person10.mp4,side,451,15035,29.997570619280832,848,478,176.02847069768117,170.79204274469066,172.54464433710825,142.9531778735496,93.10709647858272,85.66106212762689,14.03259207994161
side_person10.mp4,side,452,15068,29.997570619280832,848,478,176.60284434271185,170.81583556752295,173.02688460523868,143.19832576451796,92.650014091304,82.66842138831416,14.019228023897092
side_person10.mp4,side,453,15101,29.997570619280832,848,478,177.0119752835438,170.62723357068396,174.47153771811736,142.7867825471351,91.46152177238886,85.58134011719869,13.615802272686482
side_person10.mp4,side,454,15135,29.997570619280832,848,478,177.06161232346292,170.25739331162404,175.54289048466373,143.3146937533107,88.85515820305139,85.11287419116827,13.650714261066206
side_person10.mp4,side,455,15168,29.997570619280832,848,478,177.43914197508994,170.09410115387956,176.77958402622954,142.93264656957263,88.64800477331481,85.56652003965944,13.47962645109815
side_person10.mp4,side,456,15201,29.997570619280832,848,478,177.32677618755443,169.46529091374185,177.77362790261233,144.93617709404072,87.75682295121749,84.84599173204882,13.58582258842715
side_person10.mp4,side,457,15235,29.997570619280832,848,478,177.5365276237436,168.67239584518296,177.32563102551651,143.35956419910548,89.45685170869432,86.17278799977794,13.953280704858475
side_person10.mp4,side,458,15268,29.997570619280832,848,478,177.32145654312714,168.59262474165433,176.8518454740356,143.37660797017054,89.8557909237902,86.34953384293757,14.143123611880059
side_person10.mp4,side,459,15301,29.997570619280832,848,478,177.11906799291043,167.85871813867126,178.20283435038385,143.48694305268523,89.74103767961901,86.49956983876015,14.230605143409793
side_person10.mp4,side,460,15335,29.997570619280832,848,478,176.76059062424397,168.47147142432445,176.76336778378328,141.23933620828882,88.00085599671804,88.26700818564818,15.202275219502887
side_person10.mp4,side,461,15368,29.997570619280832,848,478,177.20621302504262,168.79557029106275,177.35145250233873,141.7636481708443,89.50660027538511,87.04353432693307,15.288692860490917
side_person10.mp4,side,462,15401,29.997570619280832,848,478,177.34509690570906,168.61014333349013,176.82385345796226,141.53271569525492,90.57548276167525,88.11162267404461,15.585690965206599
side_person10.mp4,side,463,15435,29.997570619280832,848,478,177.3895661059666,168.65928845668407,176.91186095546286,141.43626845863102,90.7876492862874,87.84737340644399,15.321249497402471
side_person10.mp4,side,464,15468,29.997570619280832,848,478,177.42136254675813,168.53831347802534,177.02503706536385,141.58314912117052,91.06615744968163,87.83336455836431,15.21925109379636
side_person10.mp4,side,465,15501,29.997570619280832,848,478,176.84149095247605,168.34635617885124,177.6462257265899,141.57386267606577,89.70792038846602,88.3688158860627,15.1927884277543
side_person10.mp4,side,466,15535,29.997570619280832,848,478,176.65741407189213,168.1737936592555,177.7981225729507,141.41514621049868,89.80837431258237,89.36407612139378,15.050000963167987
side_person10.mp4,side,467,15568,29.997570619280832,848,478,176.5484433591063,168.27708853778205,177.78264160411018,141.58351083100072,89.36371641836345,87.99462090542434,14.95834639870759
side_person10.mp4,side,468,15601,29.997570619280832,848,478,176.68517781305536,168.18839161854237,177.79864782517532,142.2132942449409,89.99417630603737,88.04487604938268,14.84757928235009
side_person10.mp4,side,469,15635,29.997570619280832,848,478,176.72909625359452,168.05314254973885,178.51849798185847,142.26049648859112,90.464286113813,87.59821785396714,14.83771457627558
side_person10.mp4,side,470,15668,29.997570619280832,848,478,176.8911486466698,168.13867653186395,178.81185519114106,142.52142842452642,91.00287848348616,88.01202463694665,14.562864917125292
side_person10.mp4,side,471,15701,29.997570619280832,848,478,176.78888224090406,168.04703158572474,178.73893790672724,143.689977448124,91.24265033637933,88.0041525050179,14.537454718064183
side_person10.mp4,side,472,15735,29.997570619280832,848,478,176.8912053975296,167.88434797770367,178.14540663927156,145.51009874968864,91.95679902113226,85.62551990725595,14.10121289241562
side_person10.mp4,side,473,15768,29.997570619280832,848,478,175.15367962331797,166.48807445164212,177.83071913771622,146.65527137320805,89.9814597047468,85.13111866041423,14.628509306319938
side_person10.mp4,side,474,15801,29.997570619280832,848,478,175.84736041742735,166.581802979033,176.82608405078423,146.45848712802973,91.290536512297,86.02167771423866,14.414178662601042
side_person10.mp4,side,475,15835,29.997570619280832,848,478,175.2896013872235,166.48982589375836,177.14156736227477,147.13185682063224,91.11832663164432,87.93394798042091,13.710452075442495
side_person10.mp4,side,476,15868,29.997570619280832,848,478,174.86603567651656,166.01148553740734,177.43293303200645,146.22292821042222,90.85563807829426,87.64146999096806,13.484745757984353
side_person10.mp4,side,477,15901,29.997570619280832,848,478,174.1430021818563,166.4009662456456,176.7602160601049,145.93693352615927,90.60536403213096,88.70989862111836,13.51059564376343
side_person10.mp4,side,478,15935,29.997570619280832,848,478,173.63510009595143,167.0893787663306,176.29887192950162,145.3649736402073,90.93392045310256,89.68668916177121,12.944718623599385
side_person10.mp4,side,479,15968,29.997570619280832,848,478,173.43769082146017,167.6548340492401,175.47845350670357,144.81185765080176,90.67198918180931,91.57585180858703,12.932829864130134
side_person10.mp4,side,480,16001,29.997570619280832,848,478,172.621177421846,169.464658211952,173.52244050099608,139.7011258365473,91.62704888460581,94.15470856157407,12.838790732467075
side_person10.mp4,side,481,16035,29.997570619280832,848,478,171.35930324903387,169.3594778175101,172.50361710896135,142.4268080323649,92.60141444597663,90.30979328620607,12.716380786225823
side_person10.mp4,side,482,16068,29.997570619280832,848,478,170.00974208819736,169.7318276200838,171.51746282750665,139.8475289006668,91.72083350898222,91.58570048214467,12.909262831178978
side_person10.mp4,side,483,16101,29.997570619280832,848,478,168.36496186452524,169.1134835416988,170.5885826511914,142.61247908171174,93.34256183037849,88.07718274084131,13.185256578433359
side_person10.mp4,side,484,16135,29.997570619280832,848,478,165.25608467053132,166.96241198804353,168.77142984082786,141.81801211926603,90.23203687943936,89.41678546436789,13.884117674276505
side_person10.mp4,side,485,16168,29.997570619280832,848,478,163.22704552628585,165.16872145211175,167.24502107982337,140.71361558826632,91.01806005897275,91.14453767416379,14.116840506677592
side_person10.mp4,side,486,16201,29.997570619280832,848,478,160.4944076232998,162.5872661106939,165.04026922262227,138.8662915877254,91.60584229022041,93.77866072703247,14.383007189928817
side_person10.mp4,side,487,16235,29.997570619280832,848,478,157.0857629128738,160.6219542543103,162.76971053735411,137.09480473736713,93.28950336693133,103.27543328213434,14.609117259893898
side_person10.mp4,side,488,16268,29.997570619280832,848,478,153.89660558854465,158.5019277088941,159.96886292382243,136.80248623448816,96.10446337982516,106.17645280072112,14.94522098653179
side_person10.mp4,side,489,16301,29.997570619280832,848,478,150.65005614426744,156.5495829087477,156.91204209019716,135.60263047950218,100.09565001163458,112.62586361349872,15.400629113913126
side_person10.mp4,side,490,16335,29.997570619280832,848,478,148.04221218713255,152.85068577938026,154.74912882692763,137.3482322243095,100.95987705155655,109.19973868216954,15.68547779865169
side_person10.mp4,side,491,16368,29.997570619280832,848,478,145.12536644527555,150.2387566348758,152.6988248629139,136.93510092224048,101.6682366807318,113.26936370118803,15.730297108391756
side_person10.mp4,side,492,16401,29.997570619280832,848,478,143.76946667113282,147.3649155261087,151.39976667011686,136.6380729674457,110.39309514850692,131.47868387498494,15.499445246717464
side_person10.mp4,side,493,16435,29.997570619280832,848,478,140.9992148937835,143.72365481569238,149.2877742408559,136.0420794527203,110.08490071178299,135.47213225943136,15.865104766545697
side_person10.mp4,side,494,16468,29.997570619280832,848,478,138.1538037804696,142.2133756776069,146.6333746454736,133.57819085462094,107.09353404554246,135.24723810395696,16.044806006069937
side_person10.mp4,side,495,16501,29.997570619280832,848,478,133.72941983952362,138.2065887245715,142.43330870801708,132.17946956829758,110.14718116941843,136.5098975166017,16.234068455665707
side_person10.mp4,side,496,16535,29.997570619280832,848,478,131.61783491369616,137.9112348998265,140.33676510402248,129.06348236253,117.6376367014378,136.2918285285111,16.50458614577452
side_person10.mp4,side,497,16568,29.997570619280832,848,478,126.62607932091436,132.85560048482373,134.71494897653983,132.76235064963006,118.32498999073846,135.7790159019989,21.94955544988906
side_person10.mp4,side,498,16601,29.997570619280832,848,478,122.20805477034678,133.34708348694346,130.86371885706671,129.36092735656243,125.08316403943496,142.99578319698082,23.776867486085308
side_person10.mp4,side,499,16635,29.997570619280832,848,478,118.91069489790382,132.9486269576803,127.46745971269023,126.44096954115435,128.15695552048516,145.0994356571085,25.374076406044985
side_person10.mp4,side,500,16668,29.997570619280832,848,478,116.54794726614777,137.29247030374128,124.08391472838856,122.38569204261586,119.85452773746427,144.45767681745207,26.92666772789799
side_person10.mp4,side,501,16701,29.997570619280832,848,478,114.03943618588234,134.97608203965,120.51494693719481,124.99394871609759,120.95832511648874,138.1533674833628,30.902399854187475
side_person10.mp4,side,502,16735,29.997570619280832,848,478,108.95082847256954,130.74786881109955,115.39927416064023,123.53935955759697,124.84843119596091,140.83545135969408,32.96198769072603
side_person10.mp4,side,503,16768,29.997570619280832,848,478,108.41079908007735,130.07116398281602,114.27735661598172,122.15043111048846,127.25859249202102,139.2513098388258,34.67456765448432
side_person10.mp4,side,504,16801,29.997570619280832,848,478,107.19635641438215,129.8424438893405,112.53573968755174,119.256788977014,127.80361595630042,139.01387472748604,34.543771422297255
side_person10.mp4,side,505,16835,29.997570619280832,848,478,106.10784981688322,127.88300492165396,110.69368106604375,115.8531997363025,124.58112461127583,137.07456600715867,34.03287238559358
side_person10.mp4,side,506,16868,29.997570619280832,848,478,104.63969949395792,126.84806004769835,108.29430826164692,112.86562012371064,112.62232563803785,135.60990695463911,34.19116072702604
side_person10.mp4,side,507,16901,29.997570619280832,848,478,101.4638379477769,125.89346095234498,104.34177929239912,110.22349700410295,110.75558151862553,132.80933534596372,33.71292982347921
side_person10.mp4,side,508,16935,29.997570619280832,848,478,99.24095864708053,126.30891466205631,101.30080183009655,108.62084589985882,109.29955748426057,132.91074072857927,33.507813798626685
side_person10.mp4,side,509,16968,29.997570619280832,848,478,94.19835221669119,127.14247101392307,95.7037606167473,106.63206877739984,107.58094702978185,131.67553487199172,32.795672000300485
side_person10.mp4,side,510,17001,29.997570619280832,848,478,91.32591783162034,127.96694252264712,91.60887151756339,105.6204990582121,106.31252483658677,130.9901180642352,32.72473373960274
side_person10.mp4,side,511,17035,29.997570619280832,848,478,88.42558186182458,126.93054068521025,88.47374320562658,103.83412272102595,108.12683038447997,130.864249701931,32.44763876836842
side_person10.mp4,side,512,17068,29.997570619280832,848,478,85.71009637589066,126.00615093693534,85.29956463434732,100.6842607843536,106.14486718664557,131.57821631056973,31.230216218454082
side_person10.mp4,side,513,17101,29.997570619280832,848,478,84.99844652891116,125.94395147498429,84.26993668080821,99.80978239271099,106.53155543084175,130.03141657430766,31.62678245152104
side_person10.mp4,side,514,17135,29.997570619280832,848,478,83.65283183480443,125.17132384387283,83.0720237862538,99.9383967334167,110.51651609820114,130.86515326850952,32.16927654815305
side_person10.mp4,side,515,17168,29.997570619280832,848,478,82.17553879711248,125.90462660801023,81.54410709307113,100.7896818854697,108.68801766847336,130.59010270762204,33.094975752736
side_person10.mp4,side,516,17201,29.997570619280832,848,478,80.80115269815116,126.59106851638953,80.31273968682515,102.59748421720063,109.53251135318766,132.68695753161887,34.177872486325164
side_person10.mp4,side,517,17235,29.997570619280832,848,478,79.69268353064273,125.77095225989156,79.60730152850786,101.89688887195099,106.71392754277743,133.54124898289015,33.8824380373345
side_person10.mp4,side,518,17268,29.997570619280832,848,478,77.99142103082444,126.26849914326789,77.64132042825415,102.4048959116454,110.23854172960485,133.60224262960438,34.1190082674601
side_person10.mp4,side,519,17301,29.997570619280832,848,478,78.19928478295708,125.05666991275362,77.99827866871588,101.98702958920732,113.31697921542766,134.6289563134788,33.70923496927199
side_person10.mp4,side,520,17335,29.997570619280832,848,478,79.05395339448707,125.93963348648778,78.98519540957003,101.95057911271259,115.69689152803335,134.72996346402655,33.70635639480109
side_person10.mp4,side,521,17368,29.997570619280832,848,478,81.47516142532272,125.86909629312058,81.41205819650794,101.9105872330561,116.42831420529548,134.79533634265533,33.53988762598281
side_person10.mp4,side,522,17401,29.997570619280832,848,478,83.23762070509605,125.19957187780817,83.25516604474204,99.98099048027265,118.82931065513648,134.93902304315333,32.39144605211171
side_person10.mp4,side,523,17435,29.997570619280832,848,478,83.24347525227894,125.71945803683906,83.27639836142328,100.27898339725742,118.91786063520803,135.1710834395659,32.57845556591341
side_person10.mp4,side,524,17468,29.997570619280832,848,478,81.56296047690584,125.31852969855635,81.359072484591,100.4179394732304,112.3248776198258,134.23172549315578,32.668724903901484
side_person10.mp4,side,525,17501,29.997570619280832,848,478,82.48193028505347,124.61562166431256,81.92546504420639,100.90688299024184,108.53006943849776,132.10811512685066,33.02581542690035
side_person10.mp4,side,526,17535,29.997570619280832,848,478,84.28910584805998,124.59571549495715,83.18529051103899,101.38725053236656,107.06493911975585,132.3421410854011,33.45399473072328
side_person10.mp4,side,527,17568,29.997570619280832,848,478,85.15801022102762,124.9255481082622,83.81418047657718,101.18872425766686,107.01317811628093,132.1616200507578,32.73347514679718
side_person10.mp4,side,528,17601,29.997570619280832,848,478,86.21990045720023,125.57464653645782,85.03150844030257,101.62048768620525,106.89933226201104,131.5590018010143,32.66853990443228
side_person10.mp4,side,529,17635,29.997570619280832,848,478,87.90387776355595,126.17127664639641,87.08399194288111,101.76473993655668,108.60706062076515,131.00739426198044,32.4135227604458
side_person10.mp4,side,530,17668,29.997570619280832,848,478,89.65158734077549,126.36770120106627,88.87702740487501,102.02855394883733,108.76681212153768,130.0915301310961,31.906914853926427
side_person10.mp4,side,531,17701,29.997570619280832,848,478,92.27132030540817,128.6618752641236,91.6341741058135,103.33809555699841,108.3519955337388,131.24310712589127,31.781610171919297
side_person10.mp4,side,532,17735,29.997570619280832,848,478,96.18048187568404,129.057848020929,96.19578411227347,104.30069339801295,109.66678509897946,130.12176172105868,31.607291599887343
side_person10.mp4,side,533,17768,29.997570619280832,848,478,97.11262804147556,129.44997380090913,97.52439481428156,104.44866718270359,109.09743671343504,129.86633576941094,30.76530612900469
side_person10.mp4,side,534,17801,29.997570619280832,848,478,102.81577980524143,130.94125670009296,103.57909473391143,108.45215105178764,109.29448904362214,130.6681905552712,31.983291852813448
side_person10.mp4,side,535,17835,29.997570619280832,848,478,106.19129109242664,129.62030382834135,107.03229502332326,112.24032507882548,110.34818276353546,129.73822098717062,32.05531970879217
side_person10.mp4,side,536,17868,29.997570619280832,848,478,109.64313459001211,131.1153071893382,110.66270880964954,117.87636020557979,111.76169061501878,131.7342722224238,33.07912611851863
side_person10.mp4,side,537,17901,29.997570619280832,848,478,115.54333399109657,132.8107436194118,116.77128403364027,122.2098513260103,110.92601856648935,132.55486896541717,33.3103655374565
side_person10.mp4,side,538,17935,29.997570619280832,848,478,117.13136116856441,131.76979353488346,118.89971660689424,124.84386737003605,112.34831722974664,131.7304605196469,33.00895005207454
side_person10.mp4,side,539,17968,29.997570619280832,848,478,120.62301774925108,133.58129751076572,122.9760553627717,127.96861848069358,112.944297363695,131.9323463565648,32.11273556379803
side_person10.mp4,side,540,18001,29.997570619280832,848,478,123.9711148277474,137.30692928480505,127.22502673218273,125.98605877564425,123.51876101958169,137.96405656825547,26.443454002931304
side_person10.mp4,side,541,18035,29.997570619280832,848,478,127.6605901164819,139.31174465538362,131.60013117313983,124.32029704782916,128.31431913023155,139.86848062495818,22.068427637682284
side_person10.mp4,side,542,18068,29.997570619280832,848,478,131.81390756624876,142.71591268330053,135.83596053698835,125.35098415091001,125.47801490985127,139.76559220167854,20.53411483893516
side_person10.mp4,side,543,18101,29.997570619280832,848,478,137.41332656572285,145.1801794379437,140.54680387493164,128.21509906289444,118.93339074908343,136.5149189085679,19.53255126675104
side_person10.mp4,side,544,18135,29.997570619280832,848,478,140.00811648767566,148.04335300278797,143.44075088537298,128.43199874703808,118.89171418069876,133.52913364133687,17.827490771503868
side_person10.mp4,side,545,18168,29.997570619280832,848,478,142.66415786385826,142.40634687529945,146.3319348853983,137.03618161169283,115.81798825590155,126.97483367614696,15.961381908749628
side_person10.mp4,side,546,18201,29.997570619280832,848,478,146.06559591647536,148.1029631127415,148.8296723852066,135.39603941834625,106.52475550522499,135.47787149170372,14.693423692734648
side_person10.mp4,side,547,18235,29.997570619280832,848,478,147.70860633951094,149.9055030428589,150.66421562796614,136.66089776236262,102.76603938753708,134.5616692468181,14.40512165299595
side_person10.mp4,side,548,18268,29.997570619280832,848,478,150.3818831965425,154.57212219691033,153.2264978663146,134.40734569967685,98.2880407088773,121.39650178887449,14.271217785569297
side_person10.mp4,side,549,18301,29.997570619280832,848,478,153.01197464345168,159.83790280797982,155.49690303591592,129.33915373956185,96.64514271818798,115.65764202112479,13.246472856201898
side_person10.mp4,side,550,18335,29.997570619280832,848,478,156.52267313645905,163.12890909690506,158.61297853292515,129.74939424760313,95.54862459547901,106.68527043185915,13.994771450160034
side_person10.mp4,side,551,18368,29.997570619280832,848,478,159.92574956383493,165.40791031295657,162.38452752082028,131.03682240776766,92.53915271635786,106.12245829519702,13.763319648614592
side_person10.mp4,side,552,18401,29.997570619280832,848,478,161.7143205497994,164.41177601327072,164.11839680640298,133.93040065751717,91.73621976011715,73.48765153356776,13.187651487015795
side_person10.mp4,side,553,18435,29.997570619280832,848,478,163.98657092918103,168.8794079118384,166.2263730848438,134.60798892374643,92.40804045142407,85.19400854301622,11.157985586243523
side_person10.mp4,side,554,18468,29.997570619280832,848,478,166.42575331402523,170.06422343153758,168.17483362346044,137.37270510467286,92.27951776772447,87.46932164640985,11.17325401371749
side_person10.mp4,side,555,18501,29.997570619280832,848,478,169.16489841976244,168.43347669299212,169.96869580019325,142.56302972041618,88.3338741415705,86.79135100837514,10.15201454307631
side_person10.mp4,side,556,18535,29.997570619280832,848,478,170.2606857735113,168.07030043937348,171.31981181661436,143.36336538645133,87.99158232318503,85.21118102308613,10.591395932381383
side_person10.mp4,side,557,18568,29.997570619280832,848,478,171.26517655029414,167.17786229649215,172.4684313142082,142.68710254597855,85.90868638484841,88.05478633951297,10.841654942070623
side_person10.mp4,side,558,18602,29.997570619280832,848,478,173.58339653735348,167.42669733625812,173.2824677300688,142.543064581905,89.4337081584308,87.58057856647322,11.016630374387777
side_person10.mp4,side,559,18635,29.997570619280832,848,478,174.03691408790695,169.8409172369118,172.74747296272415,138.1438531194285,95.03425808810621,88.90079703826714,11.416800852394134
side_person10.mp4,side,560,18668,29.997570619280832,848,478,175.86574666095962,169.3566522825925,172.64838676476634,138.60236670373868,96.12686267432375,79.60761510596045,12.497002161707126
side_person10.mp4,side,561,18702,29.997570619280832,848,478,176.85784885404541,169.3085258188804,172.38928041480932,139.71697738574792,95.3778159253049,78.23071461089022,13.547842380530629
side_person10.mp4,side,562,18735,29.997570619280832,848,478,177.13513109471106,169.96118914425313,172.20322110160893,141.33174041118286,90.46909320191108,80.9676366067952,15.492359381901101
side_person10.mp4,side,563,18768,29.997570619280832,848,478,176.69671372758813,170.41374716825368,173.0179031223134,142.33614174184385,88.55321831414277,80.68525137792817,15.815562093740528
side_person10.mp4,side,564,18802,29.997570619280832,848,478,177.23685954508323,170.59755756027508,175.21019744991432,143.36285196691767,88.64207679542737,83.76675742446042,15.433923894068164
side_person10.mp4,side,565,18835,29.997570619280832,848,478,177.1325404792927,170.55752431914024,174.4873327911764,143.39638250956625,90.33632744708535,83.05472552417588,15.70144926440801
side_person10.mp4,side,566,18868,29.997570619280832,848,478,176.841346113009,170.868254016426,174.56683414917134,141.0313226455593,88.56294574243897,85.84746063287677,14.994965981850395
side_person10.mp4,side,567,18902,29.997570619280832,848,478,177.397391236505,171.10699517055374,175.91338354365038,141.8164844629926,89.20486275741679,86.61016028925752,14.876764028882624
