video,view,frame,timestamp_ms,fps,frame_width,frame_height,left_knee_angle_deg,right_knee_angle_deg,left_hip_angle_deg,right_hip_angle_deg,left_ankle_angle_deg,right_ankle_angle_deg,trunk_angle_deg
side_person14.mp4,side,0,0,59.915990806541096,848,478,173.39006728453052,166.86644933623936,178.89463520562958,141.85258387600138,76.7742203625523,70.51331096389742,18.506188190875463
side_person14.mp4,side,1,17,59.915990806541096,848,478,177.60175808784618,168.53085884256396,175.80151675454434,141.27372139585856,82.68068781267323,69.86641970534238,18.911985869610966
side_person14.mp4,side,2,33,59.915990806541096,848,478,176.74935905064245,169.26806190409485,175.2189003374255,142.09216038488128,82.21814855135534,70.05597799513966,19.59422652165168
side_person14.mp4,side,3,50,59.915990806541096,848,478,175.42604289989237,168.99613956175168,175.04139624380267,143.13478256752998,80.92543446594627,70.0583202982489,20.40150353961297
side_person14.mp4,side,4,67,59.915990806541096,848,478,176.94969874840476,169.4306644000647,173.0568178205875,143.43566375045322,83.97282490461721,69.87269691452296,20.339888672015274
side_person14.mp4,side,5,83,59.915990806541096,848,478,174.4054749313416,169.3613292674084,173.69660483802664,143.6452529142736,82.1076213306082,69.38743253684031,20.300991093168868
side_person14.mp4,side,6,100,59.915990806541096,848,478,175.66789155586602,168.73876914940794,173.43507037617587,142.607238674735,82.79207922164312,69.88667537329673,20.080997307079084
side_person14.mp4,side,7,117,59.915990806541096,848,478,176.7358761803134,169.09725670179634,172.60487853762058,142.82446859522668,84.8848398327855,69.99317414750581,20.067800978138333
side_person14.mp4,side,8,134,59.915990806541096,848,478,177.34869380663665,168.67229034010583,173.20255356136482,143.81916921996702,86.71970316611217,67.91991532161873,20.049910369127257
side_person14.mp4,side,9,150,59.915990806541096,848,478,175.34653657762317,168.43357817050702,173.70728680226765,143.5781470578415,83.83512232706889,68.77971637772669,19.935469552587016
side_person14.mp4,side,10,167,59.915990806541096,848,478,176.19959806485602,168.42697822474315,173.30242975782872,144.346099380946,84.37920903404316,70.33587497912296,20.137329685851075
side_person14.mp4,side,11,184,59.915990806541096,848,478,175.58472972265304,168.15853043956147,173.41908999679913,144.5241551943538,84.39598285721377,69.89676338650274,20.188657005059156
side_person14.mp4,side,12,200,59.915990806541096,848,478,174.67643893309642,168.05869527230473,173.33866813722338,144.78339009989506,83.22106918048236,70.871276390185,20.558596213995806
side_person14.mp4,side,13,217,59.915990806541096,848,478,175.19912113290587,168.067239556448,173.91893359564432,144.24558376546807,83.32504044211406,71.30140972877163,20.03551340994389
side_person14.mp4,side,14,234,59.915990806541096,848,478,170.3587115940059,167.16530137754359,174.85817185363996,144.60027562570596,77.88221295397001,69.65664620871921,20.465212795474372
side_person14.mp4,side,15,250,59.915990806541096,848,478,173.8961144591216,167.37175548572748,175.11217606963314,142.54451580059987,81.10712929459991,70.24137941038138,19.273881229827843
side_person14.mp4,side,16,267,59.915990806541096,848,478,175.71142281574078,167.46884066616272,174.57001557612952,142.40039355507906,83.20524912628692,69.72925065955003,19.2957968812713
side_person14.mp4,side,17,284,59.915990806541096,848,478,173.42203964314265,166.83045283490398,174.91661933994877,142.28095786583228,80.83411576063662,69.67010777908072,19.720226012106487
side_person14.mp4,side,18,300,59.915990806541096,848,478,174.4758888385174,166.85700910678648,175.1968534375884,141.6657002189018,82.20490082950883,69.2264162411206,19.016918383049184
side_person14.mp4,side,19,317,59.915990806541096,848,478,176.2043485799937,167.83296580859204,174.6329770050724,140.65078396256163,83.71594180075654,70.89152799776535,19.393189309890527
side_person14.mp4,side,20,334,59.915990806541096,848,478,171.13568705546615,166.6217369231995,175.0905430988907,141.72141503718203,79.34502895488288,66.243662393151,19.459103539648844
side_person14.mp4,side,21,350,59.915990806541096,848,478,175.35221311516534,167.15727800338945,173.54526376884684,141.84843698021936,83.19104608856324,66.96429934580243,19.59000947553622
side_person14.mp4,side,22,367,59.915990806541096,848,478,172.01712220801187,167.05030200809276,174.69893596206944,142.08118630199974,79.72176837373019,66.92546028838214,19.79927113718888
side_person14.mp4,side,23,384,59.915990806541096,848,478,175.83934334860217,168.07311068775164,173.99934868904512,142.42234089749002,83.76569792093936,67.51480291334518,19.70300093001748
side_person14.mp4,side,24,401,59.915990806541096,848,478,173.27126640316624,167.39130566625903,174.672317010509,143.1127696211289,81.08942955300991,66.73880883471604,19.80310375538868
side_person14.mp4,side,25,417,59.915990806541096,848,478,173.4827960082516,167.5681213677542,174.77789942912185,142.98987117129252,81.25851528055905,67.04664270653063,19.64323241749339
side_person14.mp4,side,26,434,59.915990806541096,848,478,174.69041991992108,168.02697840607206,174.45175677373268,141.18292661494863,82.13648746928321,70.77717851622467,20.18625121449472
side_person14.mp4,side,27,451,59.915990806541096,848,478,175.33140010696377,168.79955582752302,174.68494727938526,141.3899166794438,82.97175052133036,69.86330261449883,19.987143798603515
side_person14.mp4,side,28,467,59.915990806541096,848,478,175.46770206419617,168.78640761425658,174.87341362492032,140.85633639379208,82.62211591853276,69.02283661643689,20.365840598337222
side_person14.mp4,side,29,484,59.915990806541096,848,478,177.51937233780814,169.07758837069215,173.60071018376996,140.7833578806965,85.97543840152606,70.07151521946197,20.30169094416617
side_person14.mp4,side,30,501,59.915990806541096,848,478,176.86451842222561,169.2084038363223,173.69269356495502,140.71143177273615,85.39665242811121,69.4692361234656,20.309790666176404
side_person14.mp4,side,31,517,59.915990806541096,848,478,177.62220698091554,169.2799518498026,173.64368981196913,140.65391277866226,86.62210892774812,69.13366668661908,20.01181205585005
side_person14.mp4,side,32,534,59.915990806541096,848,478,173.04324585379155,168.69663469828873,174.46199165627755,140.71541723284156,82.19895192200228,69.79649459053189,19.779052604351666
side_person14.mp4,side,33,551,59.915990806541096,848,478,178.1382100764008,169.0005643295838,171.56708855326065,139.56916852711697,88.5997256114568,73.93197953150332,19.821907011815114
side_person14.mp4,side,34,567,59.915990806541096,848,478,174.361753290084,168.67523417970406,173.16279434859584,141.33283836875665,84.04840021731356,67.63694842657492,19.843954595719715
side_person14.mp4,side,35,584,59.915990806541096,848,478,175.53348391495192,168.87272256922026,173.3474306466257,140.7043043772057,84.63961756096568,69.8429213263777,19.912964695174214
side_person14.mp4,side,36,601,59.915990806541096,848,478,171.30364548244333,167.36111500558815,175.03853884788646,142.7205103169126,81.10981255241313,67.79365476565498,19.10621487723833
side_person14.mp4,side,37,618,59.915990806541096,848,478,176.31054528611847,167.56830729656633,173.7589980268205,142.53485012421598,85.78324705797061,68.48269395593925,19.022002560811558
side_person14.mp4,side,38,634,59.915990806541096,848,478,171.39450560998543,167.34466021786673,174.71297894974137,142.8632188624195,80.24097519485412,69.74228132173427,19.267428529756632
side_person14.mp4,side,39,651,59.915990806541096,848,478,172.24339522952027,167.82779664150843,175.16708099762621,142.3228572888818,80.79915573150947,70.75176408138223,19.133058408041823
side_person14.mp4,side,40,668,59.915990806541096,848,478,173.13226413954274,167.88398685350776,175.4764384245873,142.62155331212426,81.32642274765811,69.23151673573187,19.212029437407594
side_person14.mp4,side,41,684,59.915990806541096,848,478,173.69602275200734,167.76558183246465,176.57714832449412,143.07454738431193,80.86639814412011,70.16473291863501,19.530577082873815
side_person14.mp4,side,42,701,59.915990806541096,848,478,172.89627692333502,167.19215185316656,176.75171674721716,143.20146731734368,80.47892103367782,69.9888953853276,19.461137407017628
side_person14.mp4,side,43,718,59.915990806541096,848,478,174.06661991891997,166.91405288872647,177.95696296977138,142.86960179864505,80.73644613578334,71.64778075214767,19.636331570149224
side_person14.mp4,side,44,734,59.915990806541096,848,478,173.90631830067917,167.60903069427135,177.92421006594665,142.8824042572575,79.60559958294178,71.86597943137369,19.319636752778333
side_person14.mp4,side,45,751,59.915990806541096,848,478,171.22612393513842,166.86506290368055,178.67119361781104,143.1134308184037,77.89570532102181,71.58354349410529,19.20974342525448
side_person14.mp4,side,46,768,59.915990806541096,848,478,172.96497582485634,167.4169762059208,178.7270520823931,141.8730885829878,81.96067597921623,73.92423489153902,18.82313507785701
side_person14.mp4,side,47,784,59.915990806541096,848,478,173.69716242546755,167.86056354796708,178.33758202916368,141.54332760713075,81.31534405760159,72.81266791118192,18.869691799690045
side_person14.mp4,side,48,801,59.915990806541096,848,478,169.7128319102775,166.0097326137405,178.24058289794954,142.9095985203191,78.00685558575441,69.63137254574349,18.818810663565635
side_person14.mp4,side,49,818,59.915990806541096,848,478,175.25487583646333,167.46456543601795,176.77346707150969,142.03763634123953,84.49711042505778,72.03862715341728,18.716577668741593
side_person14.mp4,side,50,835,59.915990806541096,848,478,171.17922922000477,167.39652490614597,177.126550352681,142.13064485925273,80.89296793209598,73.17932895662169,18.506138435701356
side_person14.mp4,side,51,851,59.915990806541096,848,478,174.25656243797897,169.35377455340324,176.7844867937382,139.02996782553194,84.06680934334022,78.64088678231079,18.278140581791284
side_person14.mp4,side,52,868,59.915990806541096,848,478,173.97339177658134,170.07151260178244,176.12257984852187,138.46317295333566,83.60191951446605,77.52067320508019,18.408282108049093
side_person14.mp4,side,53,885,59.915990806541096,848,478,173.78239423166207,170.18250945378372,175.53663586027906,136.87965423113678,83.05829219471399,78.02498984554406,18.71129877399699
side_person14.mp4,side,54,901,59.915990806541096,848,478,173.1941337292839,170.23910891845816,174.86402691458287,136.7674828316448,82.47303206143262,76.00052572206292,18.854822377807935
side_person14.mp4,side,55,918,59.915990806541096,848,478,170.78708819593814,170.2968979366313,174.5420491507831,137.06517647431613,80.82059833593458,75.26839815707721,19.075074857643447
side_person14.mp4,side,56,935,59.915990806541096,848,478,171.80337398034817,170.61171488443597,173.91568303341904,136.1724398222712,82.76954676622229,79.71448202778313,18.1909611020208
side_person14.mp4,side,57,951,59.915990806541096,848,478,171.27168433074877,170.842910286381,172.94325367734442,136.14239912913985,82.17271222283418,82.93788135257215,18.288275464398197
side_person14.mp4,side,58,968,59.915990806541096,848,478,169.99077824308873,170.3686033198533,171.88824833313117,138.83936830386378,78.10578304617952,79.50060679670398,20.221764218954554
side_person14.mp4,side,59,985,59.915990806541096,848,478,170.47910882629392,170.99340933297339,171.1236725329772,138.74055456140388,80.54341233649842,79.58624053416821,19.427417492549843
side_person14.mp4,side,60,1001,59.915990806541096,848,478,168.91212723048358,170.71246084027183,169.77595059485895,138.39841935951642,79.933703147854,86.85813932629732,19.162035221718316
side_person14.mp4,side,61,1018,59.915990806541096,848,478,168.25008312950038,169.98642942497546,168.849124252844,138.86909666247016,79.96221671713376,84.60642847599584,19.338296339275868
side_person14.mp4,side,62,1035,59.915990806541096,848,478,167.1221089654683,169.3700101848828,167.87510171579265,136.70864518400307,81.67214265852986,88.97258094083831,18.134443681419196
side_person14.mp4,side,63,1051,59.915990806541096,848,478,165.55999947836023,168.28145877414133,166.4510312743643,136.72303628758317,82.76006483261583,89.34516485936634,17.805908368346017
side_person14.mp4,side,64,1068,59.915990806541096,848,478,163.41941725269865,166.84533039342915,164.93667399962047,134.374967880351,82.9881475033352,94.37657975707961,17.039903622336873
side_person14.mp4,side,65,1085,59.915990806541096,848,478,160.58623171575147,163.29303654241602,163.3944788805999,137.65810770275255,83.58891840614655,103.06271146468887,15.781176944109221
side_person14.mp4,side,66,1102,59.915990806541096,848,478,157.98091042560267,159.1650084525015,161.31105166504,140.27972310460584,84.54798136555611,107.16721055354947,15.822191671873275
side_person14.mp4,side,67,1118,59.915990806541096,848,478,155.39865364571762,154.23575239548956,158.28376497183046,143.49041561840264,87.16135838996925,110.12161065884797,15.36652834522189
side_person14.mp4,side,68,1135,59.915990806541096,848,478,151.92611959571656,146.5156348330259,156.33109523763713,150.35160357937127,87.92005141844304,110.38358511225603,14.933814950050472
side_person14.mp4,side,69,1152,59.915990806541096,848,478,149.7929167286997,142.96645655658648,154.07033061275845,151.84119993727705,88.79246813612914,109.3551547044097,15.42572302645381
side_person14.mp4,side,70,1168,59.915990806541096,848,478,146.22069662822827,136.16865470250886,150.34660748344214,152.68747359498542,92.30119237804287,112.61560943724216,14.76036060708481
side_person14.mp4,side,71,1185,59.915990806541096,848,478,143.34749929629388,134.6774772520699,147.00301640288268,150.4413429739779,93.38431166613718,115.27918206361578,14.58049820020793
side_person14.mp4,side,72,1202,59.915990806541096,848,478,141.20737519822228,130.600138806431,145.5342490793984,149.10804058617558,94.02059566472309,114.63852886000598,14.455653317781454
side_person14.mp4,side,73,1218,59.915990806541096,848,478,139.9064857472442,131.13588841947222,143.51445699383106,146.51827883258977,94.70970116514961,119.29837143374309,14.589026422751411
side_person14.mp4,side,74,1235,59.915990806541096,848,478,137.46808155211104,128.71014409672406,140.74915761023584,145.6813045134884,95.4198199633375,119.04909961673617,15.09387998211108
side_person14.mp4,side,75,1252,59.915990806541096,848,478,135.67401783246322,131.42750155014878,138.53357067056575,141.40643706863395,97.03797615981603,123.56364379015419,15.492971751978475
side_person14.mp4,side,76,1268,59.915990806541096,848,478,132.7159335714192,127.91766955563784,135.07329620586037,139.88172493209478,100.06902512299989,128.7410342492966,15.566520741571935
side_person14.mp4,side,77,1285,59.915990806541096,848,478,130.40052321838675,124.45945101608578,132.07257415989324,138.1368141487023,100.5788833173404,129.1040910726835,16.46668893390247
side_person14.mp4,side,78,1302,59.915990806541096,848,478,128.1695716098003,127.33041682144541,129.375323117382,134.5373383855491,100.66106020799491,126.15302879081882,17.9218473283506
side_person14.mp4,side,79,1319,59.915990806541096,848,478,126.457082677828,127.20318975833908,129.61131648578612,132.1435382070906,95.67998310102598,119.80667709533368,18.835448130695227
side_person14.mp4,side,80,1335,59.915990806541096,848,478,123.25913361333636,126.88419631521907,126.50097146818682,130.37511630724075,102.97580234574866,140.76808253480618,22.442687769239914
side_person14.mp4,side,81,1352,59.915990806541096,848,478,120.87050038728307,126.91498208224364,123.48128777763245,129.11828343222282,108.72657054799227,146.40258726886543,25.165871256626172
side_person14.mp4,side,82,1369,59.915990806541096,848,478,117.69662241631003,126.84848378511916,122.75122654761772,129.50448725196512,119.63756698025269,147.15371989454025,28.667499553309007
side_person14.mp4,side,83,1385,59.915990806541096,848,478,116.72329594694435,129.53529696287654,121.92698858137786,128.15691646274868,121.18503996045301,147.95820188647582,30.115292576142323
side_person14.mp4,side,84,1402,59.915990806541096,848,478,114.28792294835185,129.56818191324976,119.84486509162018,127.63999826225435,122.62654068560249,146.039905424244,31.87514283061172
side_person14.mp4,side,85,1419,59.915990806541096,848,478,114.37989450158017,130.0740145242528,119.18610618922935,126.18397245458337,121.66852814761432,146.36994090249263,32.99663553802476
side_person14.mp4,side,86,1435,59.915990806541096,848,478,113.75506026756689,130.61185367545775,118.15063935884162,122.59714260668063,120.40145331560943,146.7336915909202,32.9580848399323
side_person14.mp4,side,87,1452,59.915990806541096,848,478,111.74044974860233,127.9595897941651,116.04507166200885,118.41657348159907,120.71623532374224,144.34513420538084,32.1801347131535
side_person14.mp4,side,88,1469,59.915990806541096,848,478,110.07409673963747,129.34485800027383,113.71717451805154,117.99047185888672,118.04057200199111,147.13329650933352,33.47402613053952
side_person14.mp4,side,89,1485,59.915990806541096,848,478,107.67507774064266,128.82672677768045,111.34924265058831,115.56075280261487,119.53543805519476,149.0103339103046,33.59273015742493
side_person14.mp4,side,90,1502,59.915990806541096,848,478,104.77210660132121,128.46115924886186,108.6713001696611,114.11533062354295,117.39959493933507,147.99120562070178,33.901587117564894
side_person14.mp4,side,91,1519,59.915990806541096,848,478,102.41086523193431,127.34035443502786,106.05561018086725,112.11350046861762,121.0105359513742,147.26606823471005,33.75765029392046
side_person14.mp4,side,92,1535,59.915990806541096,848,478,100.76742257971458,125.48438747119322,104.4989484589795,110.62879742905785,121.05465968080702,146.13176604074897,33.84994904035711
side_person14.mp4,side,93,1552,59.915990806541096,848,478,99.99048863618076,127.86088557338897,104.11872410165834,109.84429277126745,124.50828636430847,148.18897376681866,34.54039726429669
side_person14.mp4,side,94,1569,59.915990806541096,848,478,98.91517664045871,126.78111772378404,103.09851184640083,109.19912920193813,123.74283782213462,147.11777218818264,35.11779996841946
side_person14.mp4,side,95,1586,59.915990806541096,848,478,97.8216354378053,124.68371597900291,101.56839579353912,107.15703846136797,120.14166459390663,145.32478567883715,34.865045654392326
side_person14.mp4,side,96,1602,59.915990806541096,848,478,94.39433980530069,123.69350884550056,97.87893832259188,105.55472060582672,119.17715513514328,144.65173256947605,34.411923716589335
side_person14.mp4,side,97,1619,59.915990806541096,848,478,87.44556533257375,121.26156867012769,91.52716928216321,104.70120300970069,120.4975449624302,147.78219161711243,34.67810213817946
side_person14.mp4,side,98,1636,59.915990806541096,848,478,76.2431999649725,120.75206108824403,79.99016171095808,105.95333750674682,117.03514444556923,147.64861548681182,36.11098347136145
side_person14.mp4,side,99,1652,59.915990806541096,848,478,71.2680850236102,118.76976413103705,75.49614427882746,102.29885009506243,117.08522051070246,145.11494302905055,35.2016205687742
side_person14.mp4,side,100,1669,59.915990806541096,848,478,63.57772047387973,117.02329425628693,67.82110929476572,100.23819518189354,117.43077262040502,145.34385561289758,34.96297985923888
side_person14.mp4,side,101,1686,59.915990806541096,848,478,61.393586353040426,118.38361907663136,65.00744736849298,99.45686166277582,112.1728316882201,143.66834047443095,34.32518082268608
side_person14.mp4,side,102,1702,59.915990806541096,848,478,59.77264238448721,118.52081490516379,62.85763085700027,99.04580505469745,112.42370262117308,142.7186881297884,34.226767648412604
side_person14.mp4,side,103,1719,59.915990806541096,848,478,57.706640954263904,117.95541570110936,60.24375687653439,97.46464634083456,107.21946893817241,141.40908809900122,33.32678426438688
side_person14.mp4,side,104,1736,59.915990806541096,848,478,56.590963571533386,117.67268425431854,59.69298763413722,96.1648347149524,113.79719403000593,142.68581779257804,33.027195918874526
side_person14.mp4,side,105,1752,59.915990806541096,848,478,56.16589997491915,118.36532367702678,59.41850688674232,95.98300154469099,113.87397216034603,142.1723487457768,32.524251521598266
side_person14.mp4,side,106,1769,59.915990806541096,848,478,56.61619835957533,117.82832085402529,59.36112973413927,95.41597099322603,116.70251282372604,141.91252810206956,32.7195405488397
side_person14.mp4,side,107,1786,59.915990806541096,848,478,52.767672838748354,113.886384394075,56.250400757037056,92.7080477246506,118.240561413206,143.2051776737344,32.41594167709848
side_person14.mp4,side,108,1803,59.915990806541096,848,478,53.85452593680028,113.82220100278168,57.66581697092164,90.92343580078877,113.29478290370835,144.08568382220767,31.062674770689284
side_person14.mp4,side,109,1819,59.915990806541096,848,478,52.479684226342876,114.43266080050866,55.878790671146625,90.38860608383852,115.59165244801599,144.11773124707975,31.228817427977642
side_person14.mp4,side,110,1836,59.915990806541096,848,478,51.62408053261154,116.01371751386061,55.1639043023079,90.30856347334735,117.07109702764447,143.94568548959057,31.178583602279726
side_person14.mp4,side,111,1853,59.915990806541096,848,478,51.29681866159232,115.62191783546345,54.50282975040419,89.51811083497829,117.93157671745759,143.62834977625226,31.26936483008324
side_person14.mp4,side,112,1869,59.915990806541096,848,478,49.04648772610444,112.34547159617348,51.939518435223604,87.39694709028477,118.26495485668784,143.4866217739247,30.653855846198816
side_person14.mp4,side,113,1886,59.915990806541096,848,478,48.60875801004023,108.79477586927216,50.41724340753226,85.01747960417892,117.53880069015449,142.02491631276175,29.896778247032003
side_person14.mp4,side,114,1903,59.915990806541096,848,478,47.85221107851333,109.6063271878799,50.10237592109113,85.50726207172795,119.18464151202409,144.92404425957398,30.100669923869514
side_person14.mp4,side,115,1919,59.915990806541096,848,478,47.72392930389839,110.03749411569602,49.824178764436155,85.35051808067621,118.29011505285953,143.70897394408095,30.17786636677415
side_person14.mp4,side,116,1936,59.915990806541096,848,478,47.22507517737532,110.25637219419414,49.746495785849405,85.23498321879842,118.7368509396797,143.35075645376952,30.245289173955054
side_person14.mp4,side,117,1953,59.915990806541096,848,478,47.61427356020429,111.32698541216766,49.913137304948336,86.2801071172575,116.77546021353221,142.09936698126452,30.16373754448621
side_person14.mp4,side,118,1969,59.915990806541096,848,478,48.42067195013454,109.70842279790631,51.29617153807355,85.22718850556662,118.25635040569081,141.99671115149445,29.24985963135157
side_person14.mp4,side,119,1986,59.915990806541096,848,478,47.39411926481738,111.26250526920553,50.98405861109426,86.53036130856528,117.33267595651414,142.56018063525846,29.638271270818336
side_person14.mp4,side,120,2003,59.915990806541096,848,478,47.57568876461226,112.59986825009929,51.50352358884742,88.1462567651777,116.78610376495844,141.5041142063297,29.988378609701318
side_person14.mp4,side,121,2019,59.915990806541096,848,478,47.80908131551456,113.9676583944182,52.36718034020866,88.9197747384454,117.08215435179918,141.90874696547743,30.053899646350363
side_person14.mp4,side,122,2036,59.915990806541096,848,478,48.78151940650082,116.94867798544091,53.06737077728181,90.84760668326614,116.09816395678102,140.97799120290622,30.10378411386598
side_person14.mp4,side,123,2053,59.915990806541096,848,478,50.37861819037714,119.65371319769955,53.575562368229726,94.19254193574264,113.21779052372155,141.04935950998254,31.53284733098113
side_person14.mp4,side,124,2070,59.915990806541096,848,478,52.103708147708325,120.69143243634745,55.492506587227055,96.45439424395637,113.90809754196833,141.56332145181844,32.183574995489344
side_person14.mp4,side,125,2086,59.915990806541096,848,478,55.998634132150805,121.67741211885408,58.83238692176108,99.32302199338729,114.39516616251755,141.73799549012887,33.17919682135715
side_person14.mp4,side,126,2103,59.915990806541096,848,478,58.952757445500644,122.73474310284034,61.14862369240402,100.8079394065718,107.31693968756726,141.76648318744486,32.947722936317454
side_person14.mp4,side,127,2120,59.915990806541096,848,478,62.29349690753892,123.80181950350489,64.16263656709928,102.78396031775556,106.9125873009556,142.17433336956486,33.02501618566434
side_person14.mp4,side,128,2136,59.915990806541096,848,478,69.54265559118005,123.63429446855339,71.12242837810327,105.36787338271444,109.05189584342311,139.84885332599288,33.73797620906573
side_person14.mp4,side,129,2153,59.915990806541096,848,478,72.68092355251802,123.04814995176808,74.2413270821234,107.29881921550827,110.20610654344,139.07831115562652,34.25340888835417
side_person14.mp4,side,130,2170,59.915990806541096,848,478,81.24866341791464,121.49256091691511,82.65620330205647,108.50201227989416,111.17075463524151,138.94861640946786,34.406604456810086
side_person14.mp4,side,131,2186,59.915990806541096,848,478,87.96832740834739,122.79512154124711,90.00279694472741,108.8824468389993,112.36470513122397,139.2313360547672,34.1122788043228
side_person14.mp4,side,132,2203,59.915990806541096,848,478,91.13345171368809,123.44355116969086,93.13348495171938,109.508601365646,113.75139078086943,141.1936704474096,33.64774899605563
side_person14.mp4,side,133,2220,59.915990806541096,848,478,98.27431918080568,124.49446420695148,100.3328890414513,110.98901120116216,116.30768040279894,142.46867599224606,33.2984996866046
side_person14.mp4,side,134,2236,59.915990806541096,848,478,100.56902206222091,124.8976307037565,103.7707268293561,112.03329672501337,120.57757152475108,144.00968458284186,32.74137257839397
side_person14.mp4,side,135,2253,59.915990806541096,848,478,102.08413356312599,125.17869094097443,105.18006475505499,113.00860678247408,118.27356549847728,144.694201525198,31.73121201571605
side_person14.mp4,side,136,2270,59.915990806541096,848,478,101.10722328040804,125.98782614644534,103.99450228105954,114.4143077188329,118.54114679250559,145.13951214633232,31.80877182454747
side_person14.mp4,side,137,2287,59.915990806541096,848,478,106.6094053010805,125.39765378457896,110.20365095618406,115.77071899998482,117.04957150001945,145.42411003148186,31.381782638479887
side_person14.mp4,side,138,2303,59.915990806541096,848,478,110.67972801739077,124.00153995805684,114.67735611026097,115.57214206315463,115.03500665376805,144.76458323845043,29.118719617946184
side_person14.mp4,side,139,2320,59.915990806541096,848,478,115.26745148530463,125.9607696570218,120.78213186081994,117.2534590307455,117.85691790303606,146.59261921719073,27.924077180886943
side_person14.mp4,side,140,2337,59.915990806541096,848,478,116.64641374156582,123.37678340603794,122.22453769798568,119.84234905552543,116.36896830442318,143.08019424555744,26.39157672043779
side_person14.mp4,side,141,2353,59.915990806541096,848,478,118.9215738064242,119.2023316293547,125.0451634964386,122.45492243940755,113.98714929410387,138.4902736878686,23.982851418367513
side_person14.mp4,side,142,2370,59.915990806541096,848,478,123.57479593588114,122.31193257286749,130.13318321053833,125.26080999981883,112.05153871007992,140.9783401109527,23.862353768473657
side_person14.mp4,side,143,2387,59.915990806541096,848,478,128.01918180471185,123.58950008883907,134.30618439995163,130.8754323061241,106.46112330190037,136.3784023893845,23.325025780586422
side_person14.mp4,side,144,2403,59.915990806541096,848,478,130.10144138699837,122.74095573826936,137.01971497716306,134.73667723013423,106.46565133254633,130.73026189169383,18.295422196251515
side_person14.mp4,side,145,2420,59.915990806541096,848,478,130.79735025704136,121.66335350569058,138.25236294233991,139.74888680206917,91.6784172027497,127.2727681821908,15.814795559899366
side_person14.mp4,side,146,2437,59.915990806541096,848,478,133.45506641753306,122.0686596039536,140.74883628184054,143.72205504702796,93.70936416100882,125.73521365649479,14.616883932934424
side_person14.mp4,side,147,2453,59.915990806541096,848,478,134.9049133976887,122.99076487650044,142.8967429220337,146.73466930073428,91.95375558798783,121.90375004217789,12.586896742891375
side_person14.mp4,side,148,2470,59.915990806541096,848,478,137.34961145826063,126.73905688928414,145.1179794967257,148.71597065474836,93.87722913226872,119.64260198187824,11.947243637341064
side_person14.mp4,side,149,2487,59.915990806541096,848,478,140.72928382890728,130.85236007842474,148.99114303906558,148.9686379081282,92.78853563961867,121.92516627330625,11.441139246047348
side_person14.mp4,side,150,2504,59.915990806541096,848,478,143.487331281887,135.5614651611006,151.34590420638622,149.9515439288358,94.0147248349718,118.06212617363245,11.087654158989816
side_person14.mp4,side,151,2520,59.915990806541096,848,478,148.7944306369771,149.430596735463,155.17016092001674,141.98864951323557,89.66990196731018,114.30052896680414,12.932281933682132
side_person14.mp4,side,152,2537,59.915990806541096,848,478,149.46509513574335,152.61197389774128,156.9462358371855,141.3163266582659,88.46530208622697,117.16747250684914,13.047152771529197
side_person14.mp4,side,153,2554,59.915990806541096,848,478,152.06634727196254,156.34715043525983,159.3541940371768,139.16037732580864,88.05405180173432,115.73257355693785,13.096167616583736
side_person14.mp4,side,154,2570,59.915990806541096,848,478,157.06585017790195,160.7715252115457,162.70293077460502,138.3807052080524,85.59236209232682,108.45685395223788,13.805795096511828
side_person14.mp4,side,155,2587,59.915990806541096,848,478,159.70381210667938,164.44870216581455,164.66252722932828,137.9861911220221,82.57236179921576,100.02776896974648,15.109289636334461
side_person14.mp4,side,156,2604,59.915990806541096,848,478,162.69456774890068,166.87318909226053,165.99465923100806,137.41795858012648,88.79497305235128,99.36873136816594,14.166814414162673
side_person14.mp4,side,157,2620,59.915990806541096,848,478,164.80021714054874,167.02939104077038,166.88512785072862,140.7359991734767,89.07915101921485,99.66924586335493,14.332074707320515
side_person14.mp4,side,158,2637,59.915990806541096,848,478,167.24983588849256,169.4779054784419,167.76947345797566,136.0305264950341,86.35934909095371,75.87484289665296,15.698054513606747
side_person14.mp4,side,159,2654,59.915990806541096,848,478,169.0367252562628,170.29374851364275,168.51331361707597,135.38551180910852,85.73756357674799,63.35143945056019,16.735126334080675
side_person14.mp4,side,160,2670,59.915990806541096,848,478,170.32917364923534,170.70567945943526,169.35950361607857,135.88567339174125,84.09862236825496,63.514490281637315,17.786756340185313
side_person14.mp4,side,161,2687,59.915990806541096,848,478,172.29999690777814,171.22862900466023,171.06825840100527,136.4287714763976,85.72431984671881,66.67149095903618,17.339421766996985
side_person14.mp4,side,162,2704,59.915990806541096,848,478,173.16951938227513,171.38251940769692,171.32141962638275,135.92939769628785,86.79107806042511,68.10411283324616,17.391481325643372
side_person14.mp4,side,163,2720,59.915990806541096,848,478,174.25056654311172,172.028787725949,171.41294989090827,134.68063870402216,87.09377598709135,71.78162011612983,17.994026126113887
side_person14.mp4,side,164,2737,59.915990806541096,848,478,174.72216892748585,171.08131938465328,172.7096022914814,137.86353052945825,85.82819240699165,75.59869886916643,17.578657892077608
side_person14.mp4,side,165,2754,59.915990806541096,848,478,175.1866599665465,170.77795291487902,172.5334110446691,138.0144827947462,86.99027498600122,73.43950680143756,17.888456124121586
side_person14.mp4,side,166,2771,59.915990806541096,848,478,175.47034860343044,170.95967605952518,173.27627538433043,137.1768996330404,85.21789737993461,72.00922668349378,18.360550239808653
side_person14.mp4,side,167,2787,59.915990806541096,848,478,175.97107715081785,170.9654149818686,174.62227877467075,137.8374560745379,85.3971554175623,75.45187540736681,17.590368025455774
side_person14.mp4,side,168,2804,59.915990806541096,848,478,176.6857302951519,170.62924678121968,174.95594714156496,138.14709468541335,86.82813997703542,77.58316788291346,17.355409627820727
side_person14.mp4,side,169,2821,59.915990806541096,848,478,176.07991865396642,170.16096418546772,175.89501444201292,138.34202504011697,84.8910855393963,76.3086029940731,17.24155963204722
side_person14.mp4,side,170,2837,59.915990806541096,848,478,176.30319424218644,171.40136550684255,176.01840914842603,138.82465923260978,85.68416296160463,69.83448446956784,17.204192219364547
side_person14.mp4,side,171,2854,59.915990806541096,848,478,175.20581242601205,170.40968906921822,176.78497356725626,140.7882168597177,83.50535473962559,70.33707180403741,18.44535947153781
side_person14.mp4,side,172,2871,59.915990806541096,848,478,175.47831892191914,172.03355428276853,176.86883340680308,140.82687491251045,84.40045105172709,69.01463578156599,18.032141199837653
side_person14.mp4,side,173,2887,59.915990806541096,848,478,176.07975751126182,171.81013714422863,176.84263231426098,140.77504433271264,85.85868279813297,69.23282228141912,17.835619549579366
side_person14.mp4,side,174,2904,59.915990806541096,848,478,176.2996004674194,172.13698943400448,177.24852502233006,141.09932414381626,84.80636500853988,68.08236376869844,17.677250478412436
side_person14.mp4,side,175,2921,59.915990806541096,848,478,176.4686114204227,172.40265724433783,177.30145130144805,141.072872193457,84.1867740943308,67.37572441491461,17.527970709234086
side_person14.mp4,side,176,2937,59.915990806541096,848,478,178.47148906025652,171.33646717675927,177.62989175290167,141.18112443454717,84.39429519507108,69.26791871796424,17.507877332599744
side_person14.mp4,side,177,2954,59.915990806541096,848,478,178.24720644966348,170.94455284744853,177.73383872619044,140.82608576101876,85.40684901112628,70.51343417302935,17.54282367282949
side_person14.mp4,side,178,2971,59.915990806541096,848,478,177.70510371480862,170.6107579478748,177.73045290740444,140.87498048477352,85.31290517165957,70.5267738844621,17.403670139223557
side_person14.mp4,side,179,2988,59.915990806541096,848,478,177.30884323758931,170.93015296713608,177.9553067240103,141.0947258143386,85.66111419116554,68.14197539244452,17.35526547573278
side_person14.mp4,side,180,3004,59.915990806541096,848,478,179.06892458075043,170.32353031314852,177.95607904697442,140.20233394131853,87.13767271009925,71.21486149485702,17.331907438416472
side_person14.mp4,side,181,3021,59.915990806541096,848,478,179.0928589496135,170.16822304565193,177.9237449572059,140.13936987091958,87.47316551331143,71.6844317881934,17.421906892687044
side_person14.mp4,side,182,3038,59.915990806541096,848,478,177.9293002108392,170.38562973532237,178.04284695030566,139.00067816141726,85.65966719720916,69.76138661663545,17.605739886614675
side_person14.mp4,side,183,3054,59.915990806541096,848,478,177.53069795771543,171.59646659211694,177.90364252574923,139.14600927874713,85.70357180995614,67.92704055279545,17.660506044354122
side_person14.mp4,side,184,3071,59.915990806541096,848,478,178.0290057153786,171.2094040566103,177.78577361776883,139.74514994333137,86.2204279297072,69.56106622245603,17.74146845482118
side_person14.mp4,side,185,3088,59.915990806541096,848,478,177.8408950530986,170.65092768283867,177.70847235734635,140.22193362034696,85.98040038591722,71.26788660001655,18.259320881279663
side_person14.mp4,side,186,3104,59.915990806541096,848,478,177.6684344918043,170.5879983959543,177.8447014195681,140.39384691912667,86.12311115310807,71.81059824808929,18.220332076806763
side_person14.mp4,side,187,3121,59.915990806541096,848,478,177.099881813204,170.84992204373896,178.15143220233264,141.31448687067893,86.0170979988886,68.67462153035207,18.169614453753095
side_person14.mp4,side,188,3138,59.915990806541096,848,478,177.19453172397309,170.4830554214395,178.12524071699758,143.19729202351348,86.66009413260548,68.1272775739414,18.04897732729032
side_person14.mp4,side,189,3154,59.915990806541096,848,478,176.81379686661387,170.14183256748487,178.09458823781208,143.1967998914464,86.08373937149388,68.76862517323126,18.0530182098272
side_person14.mp4,side,190,3171,59.915990806541096,848,478,176.77141099392767,169.7648953408391,178.1229499767654,143.31238140468176,85.54580106066959,68.01178401008157,18.269768082174938
side_person14.mp4,side,191,3188,59.915990806541096,848,478,176.86582164171608,169.5936298956892,178.11451725111144,144.0557549756673,86.12222340236924,68.26901633501991,18.100972330168183
side_person14.mp4,side,192,3204,59.915990806541096,848,478,176.89001206796715,169.2576319540783,178.09968712157462,144.04289620983673,86.6577554516187,68.89044286607945,17.809869165014717
side_person14.mp4,side,193,3221,59.915990806541096,848,478,176.7062407283354,169.30455904762937,178.10340362310544,143.87916789952945,86.14119883253532,69.8387000763104,17.81261220504174
side_person14.mp4,side,194,3238,59.915990806541096,848,478,177.3775243491467,169.6458303666584,178.19325732992021,140.60065915110044,86.32987278151992,75.93593856850406,17.85518620016007
side_person14.mp4,side,195,3255,59.915990806541096,848,478,177.34015597046078,170.4975404038041,178.16482414992834,140.99092015195626,86.60260260660205,73.66738912231298,17.836825935372747
side_person14.mp4,side,196,3271,59.915990806541096,848,478,176.80400752043306,170.94848833327546,178.13658714565514,141.23280311834645,86.35347155653277,71.34739305305642,17.42534310071201
side_person14.mp4,side,197,3288,59.915990806541096,848,478,176.45647203574907,170.63740039892113,177.90208063828248,140.90144469388028,86.043770967828,71.85364175845625,17.509402035298603
side_person14.mp4,side,198,3305,59.915990806541096,848,478,175.30652996221394,170.11129246372468,177.49768387904822,142.0143231014422,85.2805053665905,70.1407487602472,17.220095823317166
side_person14.mp4,side,199,3321,59.915990806541096,848,478,175.4512397274855,170.23253193791763,177.21935365475903,141.25529397707515,85.80744021632216,72.881242478318,17.05273161722768
side_person14.mp4,side,200,3338,59.915990806541096,848,478,175.41532695279395,170.19493496049498,176.7931243719318,140.83428607206395,86.24912340076118,74.36710191915574,16.495540777675
side_person14.mp4,side,201,3355,59.915990806541096,848,478,175.15423938576834,170.03982922473264,176.5855688562835,140.3653561383617,86.28928077809475,76.64329031976918,16.580485005100492
side_person14.mp4,side,202,3371,59.915990806541096,848,478,174.89684942605572,169.69568355287566,175.56977123572545,139.52016643414126,87.88830861076036,80.00616028069844,16.274985698293662
side_person14.mp4,side,203,3388,59.915990806541096,848,478,173.7324695677593,169.4668001286412,174.68230199880188,139.6427205330217,87.1248655428541,78.28782042956344,16.1958369085067
side_person14.mp4,side,204,3405,59.915990806541096,848,478,173.50234694605277,169.36345779119333,173.2135693048654,139.2432738519299,88.00066308767109,77.7761391504185,16.24177745193303
side_person14.mp4,side,205,3421,59.915990806541096,848,478,172.43823875296405,169.4830489007839,172.8488826703159,139.4312947060948,86.73752599427145,75.85453811933691,16.808417231290882
side_person14.mp4,side,206,3438,59.915990806541096,848,478,171.6065361972412,170.1307092330821,172.39841568899163,139.61941562399986,86.32270604656551,71.31876521724095,16.617318133840023
side_person14.mp4,side,207,3455,59.915990806541096,848,478,170.25027912887774,168.79279421798051,171.33058187454492,142.97611590803191,85.95185265323369,82.00433200456064,16.938992618550284
side_person14.mp4,side,208,3472,59.915990806541096,848,478,168.95932889413572,168.81114252059083,170.8452521675913,142.1429942906918,84.79181464071523,82.28333448499932,16.9401385966119
side_person14.mp4,side,209,3488,59.915990806541096,848,478,166.66349868622427,168.20888961831795,170.5722717974445,142.06470462477407,84.71056303557882,87.87626921337473,16.48520083285635
side_person14.mp4,side,210,3505,59.915990806541096,848,478,165.2887274896546,167.83565075523205,169.6865138953917,140.43108237074424,84.28106200822491,86.38440384256381,15.863384073103367
side_person14.mp4,side,211,3522,59.915990806541096,848,478,163.49114269123857,165.77760739404857,168.70610665448285,141.78379500153798,82.57786737876314,90.19397727804555,15.757886822641677
side_person14.mp4,side,212,3538,59.915990806541096,848,478,162.04127945688828,162.92457620569002,167.8099730923028,144.69323583808935,81.83205229132072,91.7026767280494,15.669356113486883
side_person14.mp4,side,213,3555,59.915990806541096,848,478,161.55937611040716,162.54869375464057,167.03223773813474,143.7332431368901,85.00878770698425,96.92834318984725,13.550062420079474
side_person14.mp4,side,214,3572,59.915990806541096,848,478,159.71904223916863,160.26012538690424,165.73911598914515,145.67068668374358,84.54456379187249,99.13291957686769,13.201389185107127
side_person14.mp4,side,215,3588,59.915990806541096,848,478,157.5591671779176,157.28800811307784,164.30254495538836,147.53311352445124,85.96005151335198,96.07004808105445,12.958472248885988
side_person14.mp4,side,216,3605,59.915990806541096,848,478,154.21148375918676,151.74599136574275,161.65405306397815,151.75699530377855,87.19650631901955,97.69308758622124,13.061468611901066
side_person14.mp4,side,217,3622,59.915990806541096,848,478,152.00634569550746,149.74689184887634,158.9854813556954,151.05699388322637,88.72073502768338,103.37969799981467,13.601132649908841
side_person14.mp4,side,218,3638,59.915990806541096,848,478,149.24710198288525,142.40650716435138,156.80170854017553,155.6536126025081,89.97830418972337,104.99622323399323,13.55311114033125
side_person14.mp4,side,219,3655,59.915990806541096,848,478,148.05340014637568,139.47362425111092,155.6849656811097,156.37831896783604,89.53845704758515,104.83349971087613,13.653150085559929
side_person14.mp4,side,220,3672,59.915990806541096,848,478,146.2445579359631,137.9070827981221,154.08834457469044,156.03793696759186,91.21773021826688,105.33261946250711,13.397019119262593
side_person14.mp4,side,221,3688,59.915990806541096,848,478,143.3606140768839,134.86297353957463,151.93788372429051,155.5224194317323,93.85417792629133,106.94907811416299,13.116247691967065
side_person14.mp4,side,222,3705,59.915990806541096,848,478,141.40512732352136,131.4208899440371,149.83063979407044,153.8505333518566,95.56305936698557,109.63754716131045,13.140474316414172
side_person14.mp4,side,223,3722,59.915990806541096,848,478,139.48698496973927,128.55509592005882,147.64446444637193,152.3178183311392,97.9631324747095,112.75492349393606,12.916086620983826
side_person14.mp4,side,224,3739,59.915990806541096,848,478,137.53157426737528,125.7588257776964,145.60101019879633,150.48223612162064,99.03671503020999,116.46800222234587,13.138726379750183
side_person14.mp4,side,225,3755,59.915990806541096,848,478,135.6410313904984,126.00589169705053,144.02848411931356,148.4349920883933,98.79685276271287,120.661637899966,13.630433127914822
side_person14.mp4,side,226,3772,59.915990806541096,848,478,134.000181157698,123.94719506702855,142.0068028450946,146.74376219107958,100.13369368083399,123.46670565292506,14.190060209980462
side_person14.mp4,side,227,3789,59.915990806541096,848,478,130.80282506746502,118.7878545210974,138.4342914324623,144.74485802545198,101.68905806024095,123.96062175056572,14.660697667678
side_person14.mp4,side,228,3805,59.915990806541096,848,478,128.59343794684472,117.82469295549372,136.3225675949998,141.76594612936142,101.06835930965264,126.85540085271481,15.444999149289282
side_person14.mp4,side,229,3822,59.915990806541096,848,478,124.25196263187136,118.2904302999197,131.9213054786741,138.86000074982007,103.79249188731538,130.01005285603785,17.38459298854456
side_person14.mp4,side,230,3839,59.915990806541096,848,478,119.90838404995496,116.95938934652078,126.81825921408142,133.25694108680554,104.15303193975224,132.88153505327136,20.28499418496199
side_person14.mp4,side,231,3855,59.915990806541096,848,478,115.03911849979617,116.62122003198469,122.21426321089812,130.06002682457176,108.28692742511964,127.08863984947808,22.902079976579554
side_person14.mp4,side,232,3872,59.915990806541096,848,478,112.53635840569477,114.16887924893129,119.11058493982148,125.09993110462987,113.94146276092812,146.82636697083484,25.262807069284772
side_person14.mp4,side,233,3889,59.915990806541096,848,478,110.73454546423642,115.07662490212907,117.90136408815036,117.59879961304173,127.75515222694348,150.4433044532818,24.21186532844035
side_person14.mp4,side,234,3905,59.915990806541096,848,478,107.92592132252284,119.0077032690246,116.21025285348509,113.77600310299948,130.28802941170073,150.1437421640989,24.500012023230543
side_person14.mp4,side,235,3922,59.915990806541096,848,478,105.45611756271506,118.84282250473932,114.3791518637713,109.81832467197539,130.95872744147917,147.77483024267983,26.379651773352133
side_person14.mp4,side,236,3939,59.915990806541096,848,478,102.71621616016958,117.91672173939187,111.34235960288163,106.55165836294526,127.23122783236445,146.53591153497499,27.2540778468803
side_person14.mp4,side,237,3956,59.915990806541096,848,478,101.7072796827092,118.94229266990969,109.36750138639744,107.4515271740853,127.52183251133727,146.35326479348305,30.240299344043635
side_person14.mp4,side,238,3972,59.915990806541096,848,478,100.09875657403424,116.60156549819163,107.90288282468951,105.25879609670937,130.70187190609803,147.88389959066978,31.128100744803813
side_person14.mp4,side,239,3989,59.915990806541096,848,478,100.10501767008864,121.77851394949542,107.67711999101309,105.6590629292046,128.69465752611555,148.22433048829484,31.964708709639872
side_person14.mp4,side,240,4006,59.915990806541096,848,478,98.71563650709743,122.41983584529406,105.52513588728924,107.5476160695702,128.78953335116788,149.16093596326687,34.68415838475131
side_person14.mp4,side,241,4022,59.915990806541096,848,478,97.69513544918877,120.94415180108452,104.50322900010377,104.55940578048947,129.2277143373152,149.97263620499348,34.29489683220947
side_person14.mp4,side,242,4039,59.915990806541096,848,478,95.72611120334189,118.64035066590557,102.61643221730344,102.09932799781748,127.3390610604863,149.56187118321972,33.5389980151075
side_person14.mp4,side,243,4056,59.915990806541096,848,478,94.83795588096122,116.44102254782177,101.98934358502893,101.39372243333814,127.71284334829203,149.29846260208654,33.797116549384064
side_person14.mp4,side,244,4072,59.915990806541096,848,478,92.40362979319187,115.07492432616557,99.43144048194875,99.3695234360784,129.32410492809004,150.06654632091602,33.83852087349001
side_person14.mp4,side,245,4089,59.915990806541096,848,478,90.41396847602611,114.11686968745022,97.44401469360241,99.06144985030335,130.43592998915983,149.0673565388381,33.66196550527542
side_person14.mp4,side,246,4106,59.915990806541096,848,478,82.67962447146701,113.90154814215954,90.07866818615202,99.0451423932473,130.16122957330973,145.94998784768117,33.86323494756711
side_person14.mp4,side,247,4122,59.915990806541096,848,478,77.62702584266584,112.66773899171127,85.27715536248405,96.51639896772835,136.2967410979915,143.25548185868948,33.667115466196954
side_person14.mp4,side,248,4139,59.915990806541096,848,478,74.97088985463316,114.09180955122021,82.64640289800745,95.69514827722242,135.24277011355105,148.1913637357589,32.53443081632515
side_person14.mp4,side,249,4156,59.915990806541096,848,478,67.65089272084145,112.18607517714551,75.88811957008903,93.78698914464336,132.327727835952,150.9674430891107,31.57589652760727
side_person14.mp4,side,250,4173,59.915990806541096,848,478,62.64100871542447,111.73048415387369,71.36761298442993,91.25590253098493,130.0081870670408,151.9589676396702,29.775252617286654
side_person14.mp4,side,251,4189,59.915990806541096,848,478,55.200223258651214,110.30383484049445,64.75753812960858,87.47255700588768,128.292625183571,150.70594276354245,28.0097294976235
side_person14.mp4,side,252,4206,59.915990806541096,848,478,52.191737676941734,110.35436216218703,61.205640858960315,86.27362389725107,125.34400195814744,150.69000400485947,27.33667227491573
side_person14.mp4,side,253,4223,59.915990806541096,848,478,51.33094280237991,109.60235212493231,59.995368570474795,84.52499467661585,124.91540780584256,150.73429792392102,26.75701824567483
side_person14.mp4,side,254,4239,59.915990806541096,848,478,51.93045907825159,107.81383055355609,60.02271277976857,82.6120490604055,126.603799150746,150.24947599205606,25.547759717314587
side_person14.mp4,side,255,4256,59.915990806541096,848,478,48.43925494670618,105.09740150270565,56.749518665707505,80.81780990924904,127.95474856372479,149.74827304892636,25.908503695457174
side_person14.mp4,side,256,4273,59.915990806541096,848,478,45.2353355219206,104.54481234572343,53.95367260535839,79.44422755572948,128.38146242044186,148.5338816163808,26.420870274243132
side_person14.mp4,side,257,4289,59.915990806541096,848,478,43.89080568962508,103.97874786680737,52.87466617335302,77.6793754661994,127.1806132180906,148.262880186018,25.39409872334104
side_person14.mp4,side,258,4306,59.915990806541096,848,478,43.346939456182334,103.95942682902195,51.14799617755379,77.42830782228282,123.15010899564165,150.7893496659095,24.5367098344011
side_person14.mp4,side,259,4323,59.915990806541096,848,478,42.370861567431675,103.4891880100946,49.73688209059357,76.59358601160766,122.71854370857541,151.53487697749236,24.660340285349026
side_person14.mp4,side,260,4339,59.915990806541096,848,478,42.97029321756256,102.29595183572854,49.29192008789959,75.45430613474429,122.90735469042144,152.03085923771354,24.295966344714465
side_person14.mp4,side,261,4356,59.915990806541096,848,478,42.764464966594026,103.51256330887833,47.409016421447085,75.61588018458707,120.63574628941933,153.23210967786423,25.08381915291494
side_person14.mp4,side,262,4373,59.915990806541096,848,478,41.47595861188676,102.90241442938338,46.99110368326813,74.69866218893455,124.48004331513978,153.45495951018876,25.01580283312838
side_person14.mp4,side,263,4389,59.915990806541096,848,478,40.74105555761873,101.47673054004848,47.46291574913744,73.14229091307048,126.83922226087927,152.95842842871463,24.1820740339753
side_person14.mp4,side,264,4406,59.915990806541096,848,478,41.04644832229306,98.33845176289371,48.07333482514325,72.04448469652279,125.74704624090072,151.73919123615786,23.682929460750938
side_person14.mp4,side,265,4423,59.915990806541096,848,478,42.14270420106562,99.45241084812496,48.13354698519747,72.83772465317615,123.81857416323247,151.6583499600723,23.81509245570011
side_person14.mp4,side,266,4440,59.915990806541096,848,478,43.322218227737,100.84255712031,48.60477326333984,71.9478710464695,123.4586019780928,153.25982538350792,22.132412118410976
side_person14.mp4,side,267,4456,59.915990806541096,848,478,43.23808859284258,103.85084800990211,48.494633922422345,74.38144103901402,121.39572627728455,153.95214838494914,23.45457117042583
side_person14.mp4,side,268,4473,59.915990806541096,848,478,43.022062652357924,104.4424950308503,48.805019383412,75.44115043164757,122.24109365333015,153.46140377806435,23.9914109521435
side_person14.mp4,side,269,4490,59.915990806541096,848,478,43.781432887112715,101.25321590918752,50.0388214559793,74.60323228617517,124.16255791548258,150.91574821658364,23.8194850784576
side_person14.mp4,side,270,4506,59.915990806541096,848,478,45.209193800639184,104.43923775080958,52.33917238639199,78.0302709179148,121.25498513807239,148.26869730045644,23.943088265601954
side_person14.mp4,side,271,4523,59.915990806541096,848,478,47.21011986771747,107.26199457310473,56.339709473180626,81.68710527791069,123.98192893904952,147.43491180388193,25.06450041536193
side_person14.mp4,side,272,4540,59.915990806541096,848,478,51.858972285959624,111.4112203198229,58.98459197642989,88.13511415614056,120.81869326068963,144.2857503145891,28.039292416964237
side_person14.mp4,side,273,4556,59.915990806541096,848,478,58.98145017718014,115.5778915169549,64.86759285473514,94.17396415148994,118.71280586066528,143.77193632666803,29.4687060456025
side_person14.mp4,side,274,4573,59.915990806541096,848,478,64.792719184404,118.53013603516135,70.65021106578538,99.73211618843219,120.2349124357129,144.36303824926964,30.73959584574397
side_person14.mp4,side,275,4590,59.915990806541096,848,478,74.67849026027345,119.89633227913497,80.62115038211104,103.37462859244464,122.67016699677357,144.30750409626233,31.78032869508545
side_person14.mp4,side,276,4606,59.915990806541096,848,478,82.72461723841539,120.97439915494502,88.51077811075476,108.69645095240827,125.15438651156603,144.26517180769503,34.601775928781805
side_person14.mp4,side,277,4623,59.915990806541096,848,478,92.30179925922273,122.248136784278,98.24748768368234,110.57481640702012,126.39176131909079,145.27237446685677,34.85788265635302
side_person14.mp4,side,278,4640,59.915990806541096,848,478,97.86891210021733,124.76181556449727,104.12293566640011,110.69175799031832,126.27751707806515,146.3726733348332,33.89403435881138
side_person14.mp4,side,279,4657,59.915990806541096,848,478,101.64610932407808,126.20708537363613,108.38893875280519,111.83695254765094,123.65629324054679,145.57931831617023,32.28057388854074
side_person14.mp4,side,280,4673,59.915990806541096,848,478,104.67413638159944,127.81749190068446,111.80802388522979,114.1362243024534,123.40826229837626,145.12131151804394,31.694248432593263
side_person14.mp4,side,281,4690,59.915990806541096,848,478,107.08714428247748,128.1639514667148,114.01057645266006,115.46192071132042,119.67113030367456,143.64954872922593,31.056961064706133
side_person14.mp4,side,282,4707,59.915990806541096,848,478,108.54800135024838,126.88407196762235,115.85691140553982,113.94137871837661,119.44378482238692,143.966778493121,29.117398060074073
side_person14.mp4,side,283,4723,59.915990806541096,848,478,111.436950267096,126.98558171978341,119.50594102871504,116.09440503711623,121.4625836616234,145.8955023578325,28.535855739732046
side_person14.mp4,side,284,4740,59.915990806541096,848,478,113.31094747397383,125.1405831250073,122.07312638570845,118.49189394701449,121.30781913003982,143.84191124463715,27.152409393871842
side_person14.mp4,side,285,4757,59.915990806541096,848,478,117.93600951217194,125.09461964858377,126.4957789413524,121.57836640354924,118.5776313824542,142.00673973876707,25.897810455008962
side_person14.mp4,side,286,4773,59.915990806541096,848,478,122.83653070549646,125.20839384135657,130.6900348100591,124.54253964070577,115.34533600437821,138.93646321250796,23.177537500823433
side_person14.mp4,side,287,4790,59.915990806541096,848,478,124.62772609410241,123.67688411545745,133.1905814115106,128.86151500135574,105.56400314095127,134.34216693252532,18.869793511967192
side_person14.mp4,side,288,4807,59.915990806541096,848,478,127.2474153714665,121.38274600428893,134.10332455548618,135.06828639052466,98.5184623330562,130.78004499814062,16.91580696226837
side_person14.mp4,side,289,4823,59.915990806541096,848,478,130.47457911827607,117.54618495411383,136.72453013682076,140.81481322422385,98.80456502253647,126.04971562725916,14.942496786713361
side_person14.mp4,side,290,4840,59.915990806541096,848,478,135.4839675534434,122.11453405876902,141.04752157943614,144.40521114018938,101.29617635379668,122.2548239694384,14.050234086685757
side_person14.mp4,side,291,4857,59.915990806541096,848,478,137.65142182867413,124.13949075025496,142.91232427268721,147.48227989964852,95.4970527433417,117.67778080021395,13.453816009945827
side_person14.mp4,side,292,4873,59.915990806541096,848,478,141.12585866588972,127.92836669643067,145.14645212333255,149.8672141474839,102.03261015048946,116.68877791737731,13.89874295213924
side_person14.mp4,side,293,4890,59.915990806541096,848,478,143.78637098234861,134.66291931720988,147.82434673643527,152.08940102618243,98.01444401121445,116.34606218568246,15.113399965248128
side_person14.mp4,side,294,4907,59.915990806541096,848,478,146.45055848101777,142.82831862688025,149.72233316699956,151.4246667766329,92.62368373968799,85.28986111252338,15.26628228660581
side_person14.mp4,side,295,4924,59.915990806541096,848,478,151.58728176970874,154.1539775487993,155.04061773146228,144.14930750912245,80.81556722636702,103.37023097768368,17.192409186750755
side_person14.mp4,side,296,4940,59.915990806541096,848,478,157.0291867106304,162.02124895244054,159.03792809761478,138.2456873416407,82.49053175598694,98.61358917507164,17.374113503964207
side_person14.mp4,side,297,4957,59.915990806541096,848,478,160.19550739427206,164.0837560787826,162.56872533323195,141.2581974265228,81.48296495154045,94.31132086705075,18.115283264290117
side_person14.mp4,side,298,4974,59.915990806541096,848,478,163.35755832914592,167.10320050754297,163.58838507675628,140.98570787432797,84.81025205178763,90.73308421688479,18.900489123275722
side_person14.mp4,side,299,4990,59.915990806541096,848,478,166.3068155975828,169.80708890313534,165.80451232837848,138.92190237474009,82.95574932435858,77.48973328806322,19.663051917136023
side_person14.mp4,side,300,5007,59.915990806541096,848,478,168.65942379501365,170.27013693481925,166.7488144531451,142.657816935345,86.65231866738901,71.52960812724767,19.498275823172005
side_person14.mp4,side,301,5024,59.915990806541096,848,478,169.9387479309333,171.0041425477917,168.02014487594244,143.11824659087145,84.81783927496568,66.32531582370974,19.89030773778849
side_person14.mp4,side,302,5040,59.915990806541096,848,478,171.22192664996126,170.94439940803625,169.14094693004512,143.4345430469311,86.2656092792703,63.799419204404195,19.319339803569967
side_person14.mp4,side,303,5057,59.915990806541096,848,478,172.43092787515292,171.68252717495463,171.71236892229757,141.27494185389605,83.43507636176608,65.45658853309759,19.452070575986152
side_person14.mp4,side,304,5074,59.915990806541096,848,478,171.02943080924624,170.5199482664368,171.50234223977822,142.17091010476196,82.22904047727752,66.14385433414336,19.82449107231605
side_person14.mp4,side,305,5090,59.915990806541096,848,478,171.62762306419071,170.57876999149062,171.88957106157207,142.6704750100327,82.46170755791356,66.93939070198039,20.027097096110605
side_person14.mp4,side,306,5107,59.915990806541096,848,478,173.4144929725494,171.34044858245312,173.20432928458268,141.95697689369808,83.25792025416402,69.58890569231343,19.389119035754952
side_person14.mp4,side,307,5124,59.915990806541096,848,478,173.63010516599815,170.69795992636077,173.153930964576,142.5486847575018,84.33614513884288,70.39236616274371,19.001472629830175
side_person14.mp4,side,308,5141,59.915990806541096,848,478,174.71366856449865,170.7316950530794,173.83706070115088,141.55660168105013,85.06377800515446,68.94663753724988,18.801282150366855
side_person14.mp4,side,309,5157,59.915990806541096,848,478,174.04569792852536,170.51183710529682,173.16489054592407,141.49725286505165,83.52537311846197,69.85917169461048,18.475517380202696
side_person14.mp4,side,310,5174,59.915990806541096,848,478,174.74502893950657,169.97749143346115,173.65177978933778,142.7959236956293,83.91886898189189,75.1379402982687,18.41219933303851
side_person14.mp4,side,311,5191,59.915990806541096,848,478,174.77778274080154,170.27519625898663,174.2919454485111,141.0454520855229,83.7953048131325,71.90434199909635,18.27012670956943
side_person14.mp4,side,312,5207,59.915990806541096,848,478,173.90678741370388,170.1198030576283,173.60916910831557,141.0961713287871,83.2510687652638,70.9246702795152,18.1095768516262
side_person14.mp4,side,313,5224,59.915990806541096,848,478,174.74797683256642,169.95115662730439,174.6821714434571,140.56528493334244,83.64138015546523,70.48724555854498,17.905013322965367
side_person14.mp4,side,314,5241,59.915990806541096,848,478,173.86565650495487,169.75001757790727,173.93775886625025,140.10536601045442,82.23322291314514,70.40688606400427,17.930424440573628
side_person14.mp4,side,315,5257,59.915990806541096,848,478,174.3745017173505,169.42600054716402,176.31306479283523,141.14151084811684,82.39747846427701,73.99967749619987,18.03147805670251
side_person14.mp4,side,316,5274,59.915990806541096,848,478,175.14883423588478,168.8581883849044,176.2266979651873,140.32997311770154,86.2191517753976,75.31508281515099,16.898280144145456
side_person14.mp4,side,317,5291,59.915990806541096,848,478,173.61372057619926,169.05322811321025,176.79626682151368,140.8668368379682,83.05261722859782,68.91614889330964,17.031474704891064
side_person14.mp4,side,318,5307,59.915990806541096,848,478,174.95240766443567,168.8019264469215,176.82443629207387,141.37018040897954,83.56656508152088,63.86410764396474,17.122134813615517
side_person14.mp4,side,319,5324,59.915990806541096,848,478,174.962994541974,168.70646217169687,176.8093158698045,141.77479626821318,83.4355006286318,61.02649702387972,17.219774588973063
side_person14.mp4,side,320,5341,59.915990806541096,848,478,175.14000125303198,168.6106795416438,176.7640373496879,142.17593980709802,83.95176036134012,62.037328198349186,17.29821262663329
side_person14.mp4,side,321,5358,59.915990806541096,848,478,175.31864030591427,168.5977145559974,176.76219501381524,143.45687417743525,83.3215790127141,62.99441013825275,17.98317009906373
side_person14.mp4,side,322,5374,59.915990806541096,848,478,173.46202058196013,167.91980573897052,176.60741662167666,143.41827688629473,81.3793054774149,64.69284788163668,18.06605854201991
side_person14.mp4,side,323,5391,59.915990806541096,848,478,174.70550428125685,168.53736476934063,176.5890104203609,143.06095495234536,83.3630644446217,63.7654434821543,17.391805525895844
side_person14.mp4,side,324,5408,59.915990806541096,848,478,175.2367440326185,168.8702195451633,176.85370200482583,143.5981720229392,84.5732185492583,64.18683601328796,17.519914376211243
side_person14.mp4,side,325,5424,59.915990806541096,848,478,175.0319340396655,168.731434817408,176.90669866807926,143.6553081711629,83.433498962763,63.86633647977792,17.75437802129439
side_person14.mp4,side,326,5441,59.915990806541096,848,478,175.09143761537285,169.29939997721905,177.1339328519924,144.04894643136447,85.47539808847439,65.46751679490504,17.78269579511663
side_person14.mp4,side,327,5458,59.915990806541096,848,478,175.117724176216,169.3439701788382,177.1147942754822,144.04598466565105,84.83927024032809,66.14525059015556,17.7930460248892
side_person14.mp4,side,328,5474,59.915990806541096,848,478,174.87906282625488,169.20026689268582,176.97599749106334,144.17215550625363,84.3333151730139,69.56294724992898,17.32398901203341
side_person14.mp4,side,329,5491,59.915990806541096,848,478,174.7309402714024,169.20988250295017,176.90543386760484,143.78534131794137,84.46613694322242,70.63824775646668,16.884538603847172
side_person14.mp4,side,330,5508,59.915990806541096,848,478,175.42552968430942,169.18969082158716,177.11169379487936,142.54789561329997,83.69679000267445,74.51597348063707,16.98537265029404
side_person14.mp4,side,331,5524,59.915990806541096,848,478,175.91071233473548,169.12536570214576,177.11145526054545,142.56912590498558,84.18306682352457,74.70639780733643,16.959282220641338
side_person14.mp4,side,332,5541,59.915990806541096,848,478,176.00679240352483,169.25849857409906,177.12334206939988,142.92586392599307,84.61969656033548,73.12202510754089,16.933942092471746
side_person14.mp4,side,333,5558,59.915990806541096,848,478,175.73666435796454,169.33556741682733,177.11416001337145,143.11642386911694,84.69623424491583,72.58863800149264,17.10890611804508
side_person14.mp4,side,334,5574,59.915990806541096,848,478,175.35855286480296,169.29422183081778,177.08174342116337,143.2066273646318,84.91330671789012,70.81228852373683,16.893791959697648
side_person14.mp4,side,335,5591,59.915990806541096,848,478,175.10128643146905,169.3721727538724,177.02024502358736,142.8820697885152,85.05929920413635,70.69448992185715,16.551237435189087
side_person14.mp4,side,336,5608,59.915990806541096,848,478,175.07873018227392,169.42601376365275,177.0353089005132,143.2540630794696,85.0695753434951,70.69058941222406,16.814953141496108
side_person14.mp4,side,337,5625,59.915990806541096,848,478,174.80633234153126,169.47971163551577,176.9390812033266,143.80334769361255,84.63242961305362,70.78259553707636,16.644307871417432
side_person14.mp4,side,338,5641,59.915990806541096,848,478,174.59162564092,169.5564720028693,176.73161330049342,143.8808928335073,84.40640298473987,70.59812446782605,16.277777426510028
side_person14.mp4,side,339,5658,59.915990806541096,848,478,174.86932499243213,169.61311622087044,176.6657680996153,144.17895885548944,85.33680711086565,72.61792316480746,16.28202781467079
side_person14.mp4,side,340,5675,59.915990806541096,848,478,175.35543746298356,169.10306541790825,176.61264680681282,144.04278075681538,87.65662781554354,73.25066318319575,16.207405714834294
side_person14.mp4,side,341,5691,59.915990806541096,848,478,174.7390492439493,168.7419123134211,175.20925867915173,143.9937006098146,89.67100859237917,74.23947074167074,16.151588076899152
side_person14.mp4,side,342,5708,59.915990806541096,848,478,173.75999369224286,168.6649144429766,175.0727899702745,143.62528638670466,87.58661216035519,76.4954877489944,16.255695387340705
side_person14.mp4,side,343,5725,59.915990806541096,848,478,172.98094701113314,169.01378000818448,174.87962872837065,142.99897821708103,88.61135392880806,76.75524426582247,15.417817775630075
side_person14.mp4,side,344,5741,59.915990806541096,848,478,171.96189660762298,169.0847729637862,173.86070520060204,142.1147630837335,88.54648756936342,78.42149561082876,15.396087977282951
side_person14.mp4,side,345,5758,59.915990806541096,848,478,170.05000072080892,167.90587086283386,173.04540460358928,142.8509534479155,86.83537873824973,80.89836795551791,15.046751705674051
side_person14.mp4,side,346,5775,59.915990806541096,848,478,167.63793393451354,164.88317026293547,172.1440257377319,145.03242674858103,84.73172524827974,87.3727169771841,13.792819576460436
side_person14.mp4,side,347,5791,59.915990806541096,848,478,165.2625032836244,161.642887629285,170.79617536989466,146.26127650296993,83.75325410834454,91.49215128928638,13.33576088955672
side_person14.mp4,side,348,5808,59.915990806541096,848,478,163.79872172332156,160.89809883147876,169.18780015833624,145.42602735478056,85.70601243487654,92.31900880246744,12.730053318634285
side_person14.mp4,side,349,5825,59.915990806541096,848,478,160.36045733094636,156.85737230461174,167.33650497727876,149.645288388623,83.63388269062517,94.69737461743277,13.01991160927406
side_person14.mp4,side,350,5842,59.915990806541096,848,478,157.49354658078622,154.33024286121776,165.54197560482143,149.78244664528756,83.78496650551,99.45381565670384,12.505854992903892
side_person14.mp4,side,351,5858,59.915990806541096,848,478,154.70867061549606,152.9484098581542,163.58383842672137,149.88414942739166,85.60882330240202,104.17923016408344,12.087244224954288
side_person14.mp4,side,352,5875,59.915990806541096,848,478,151.17408408689505,147.8057508666474,160.9132777504147,153.21177946776456,90.24968919056717,106.47420253539137,11.96894859486039
side_person14.mp4,side,353,5892,59.915990806541096,848,478,147.65587938039755,142.46404747888573,157.97898762491033,155.07307813878708,93.11958964934881,108.8337194190806,12.150449581300839
side_person14.mp4,side,354,5908,59.915990806541096,848,478,145.7990746095547,142.76019276500432,156.40239433599928,152.5537601861677,91.66069745169513,113.12177850006772,12.269024214040797
side_person14.mp4,side,355,5925,59.915990806541096,848,478,142.78458184561003,138.1314325842931,154.18378765051023,151.9150667326348,90.95108683644256,112.71742310433072,12.354178783423091
side_person14.mp4,side,356,5942,59.915990806541096,848,478,139.23560417129147,135.65268432519568,151.48619306128916,149.7122114312677,94.80985021995055,118.0502732611047,12.448116481788409
side_person14.mp4,side,357,5958,59.915990806541096,848,478,136.81687055717688,131.92268804073305,149.11890472515907,148.69789958335772,98.13421619496697,119.85167886364924,12.562668691350385
side_person14.mp4,side,358,5975,59.915990806541096,848,478,134.42992742978652,127.32053910338551,146.64734190004978,147.256561435402,99.53465161113726,119.03813792686248,13.360257839521113
side_person14.mp4,side,359,5992,59.915990806541096,848,478,130.37250252882265,123.94461385479498,142.33887271006353,145.99674521819003,105.86945035524894,126.82990408523008,14.452914064212466
side_person14.mp4,side,360,6008,59.915990806541096,848,478,129.06429981089843,123.83609534586645,140.7299921918848,143.8500903875404,105.78534340204182,129.85142488039043,15.019070404602083
side_person14.mp4,side,361,6025,59.915990806541096,848,478,124.19369162421624,123.10486198365037,136.06927388849985,139.1035066485713,108.9066885847578,133.7702499439273,17.378778026620104
side_person14.mp4,side,362,6042,59.915990806541096,848,478,118.29752428423116,119.6135961008828,129.44005368661624,134.2766929798161,113.97450535732449,134.79833725601517,17.747025158908663
side_person14.mp4,side,363,6058,59.915990806541096,848,478,112.74949324214886,118.34459003332262,124.01010225281986,128.97583140454097,116.72941110480502,129.81084998239783,22.524875587791712
side_person14.mp4,side,364,6075,59.915990806541096,848,478,110.68019210723342,123.5695636797257,122.34227067173795,126.54694851297111,130.40633885944658,146.50204542367268,26.60337433330791
side_person14.mp4,side,365,6092,59.915990806541096,848,478,109.30158725382815,128.88279036574014,120.16367832210746,120.10054834612245,128.19397006798556,149.62959428761278,29.075661170956145
side_person14.mp4,side,366,6109,59.915990806541096,848,478,109.09750174356635,126.89840103024362,118.93208671743994,117.11049843152311,123.02322564589039,151.321436497892,31.27202544495439
side_person14.mp4,side,367,6125,59.915990806541096,848,478,104.83076700662639,123.92631970548247,114.01457938158326,113.35305689621732,123.61646127114292,148.5641386298696,32.11294538405484
side_person14.mp4,side,368,6142,59.915990806541096,848,478,97.36932879424094,122.25947807654806,105.95826398984109,111.12859228405833,129.36640688216954,147.38225189788398,32.837707970325454
side_person14.mp4,side,369,6159,59.915990806541096,848,478,98.67092156648386,122.73416482357169,106.78065491758683,112.44925349905887,129.72019919932114,150.0175645964442,35.08136176270159
side_person14.mp4,side,370,6175,59.915990806541096,848,478,99.06422906842833,123.1970609115921,107.133959711831,112.06543199403262,130.3385868708305,151.25849935521325,36.5619573547621
side_person14.mp4,side,371,6192,59.915990806541096,848,478,98.47467751789544,122.01677738898927,106.42744046043742,108.52642531448937,124.35738567498012,152.60662901018668,35.48556331661208
side_person14.mp4,side,372,6209,59.915990806541096,848,478,90.90983252578809,118.8722572950882,98.7521174724592,105.53518404900042,133.81585222047673,151.32873675303557,34.96462187821652
side_person14.mp4,side,373,6225,59.915990806541096,848,478,87.42400338267142,118.66414207128359,95.53545515758744,106.25405037462711,133.6304435367631,151.8713490050676,35.6824553655728
side_person14.mp4,side,374,6242,59.915990806541096,848,478,79.37510891354164,117.67437859780128,88.51879035926659,104.96718588319115,131.75941869921877,149.80569343770313,35.46307583160265
side_person14.mp4,side,375,6259,59.915990806541096,848,478,76.14477284832559,115.4980352635634,85.1734878445298,103.18494885490935,133.13452997469443,150.36672695849606,35.18681438605614
side_person14.mp4,side,376,6275,59.915990806541096,848,478,76.38595593778832,115.55826589120264,85.14798256258624,102.40110213958708,131.4943649564604,150.47608362687035,35.123432030241446
side_person14.mp4,side,377,6292,59.915990806541096,848,478,72.6355392063327,115.22197397452518,81.39523308156988,99.72655970718145,131.18447279554167,150.0279769024255,34.073390514496374
side_person14.mp4,side,378,6309,59.915990806541096,848,478,69.35307246789996,114.61136523468,78.50868341701681,97.72367735011632,130.3571291254189,149.38304332940916,33.62532776608933
side_person14.mp4,side,379,6326,59.915990806541096,848,478,61.34735310415345,111.40754534107748,71.30656997454149,95.14427488936235,132.55064480488613,151.00273686918803,33.01050491444487
side_person14.mp4,side,380,6342,59.915990806541096,848,478,59.806055466711264,111.7061715886753,69.99137154886526,93.49371911423295,130.74677398208368,150.29084954813734,30.766040518619736
side_person14.mp4,side,381,6359,59.915990806541096,848,478,56.62162211146834,111.20419076592559,66.88757746944663,89.99268493749867,129.1371022045332,150.4852126707272,28.52752978369941
side_person14.mp4,side,382,6376,59.915990806541096,848,478,51.04738629487529,110.08467952495673,60.54123243199122,87.94614046808061,124.69006325998477,150.41884519692985,28.639271970094857
side_person14.mp4,side,383,6392,59.915990806541096,848,478,48.10792619765215,108.11027721109917,57.3185156566122,83.55434061973494,123.13174673784472,149.8718991392573,26.230395336017402
side_person14.mp4,side,384,6409,59.915990806541096,848,478,44.42840923506789,107.50680275950761,54.16312753900873,82.51694648860267,124.63484457181457,149.36190401930597,26.55591329819918
side_person14.mp4,side,385,6426,59.915990806541096,848,478,41.68083438508559,105.06888174083988,51.83138339890875,80.21501511102753,125.94552412942451,149.3617045310641,26.53786468588127
side_person14.mp4,side,386,6442,59.915990806541096,848,478,41.243688405356586,102.7453979800425,49.59260638707974,77.42850029184444,123.3980933046366,149.9882502356493,25.726660125453282
side_person14.mp4,side,387,6459,59.915990806541096,848,478,40.187487132016635,99.69022774418512,48.0924797225743,72.6012035963506,125.47312275444926,150.59527384505483,23.998215324912234
side_person14.mp4,side,388,6476,59.915990806541096,848,478,40.07923971815368,97.37800934854616,47.82656197639547,71.31311993622737,127.03347541037675,152.44257157001044,23.66441839846088
side_person14.mp4,side,389,6492,59.915990806541096,848,478,39.38402190916019,96.09342712500124,46.48497924692455,70.10523634374665,126.30033547102329,153.8088542504242,23.988648239314013
side_person14.mp4,side,390,6509,59.915990806541096,848,478,36.73969447216635,95.59929669991956,45.6504735983077,69.4826233272115,128.2679959642451,154.133186654903,24.485131462840783
side_person14.mp4,side,391,6526,59.915990806541096,848,478,37.43743803980823,91.80431544951557,46.31801666220941,68.17228921532713,126.12665185992337,153.78056209181472,24.159173275549634
side_person14.mp4,side,392,6542,59.915990806541096,848,478,36.95555886892404,91.89626032947214,45.63816479472359,66.98392546036692,128.6505790898701,154.40091833362348,23.97848149549812
side_person14.mp4,side,393,6559,59.915990806541096,848,478,37.27421960110531,87.45952334571152,46.20263401820607,65.18269462752522,126.40988867910073,153.59080156057388,23.71715202357678
side_person14.mp4,side,394,6576,59.915990806541096,848,478,36.57552813693429,86.08901621902542,45.84521836759272,63.695313608311054,127.94153820808815,153.78790517859008,23.481854416121
side_person14.mp4,side,395,6593,59.915990806541096,848,478,37.79244474645195,87.95657696451977,46.670099520921276,64.36681537792694,125.34810877750044,153.53433541515543,22.901234767888724
side_person14.mp4,side,396,6609,59.915990806541096,848,478,38.18172472409592,88.63569473434798,46.17793004295332,66.41759946625056,123.1143816313359,153.04962586111284,24.32973618665129
side_person14.mp4,side,397,6626,59.915990806541096,848,478,39.41622169956448,89.30614301836306,46.341330568707356,67.64705395291412,123.94860963434053,153.60622804425108,24.869321183395932
side_person14.mp4,side,398,6643,59.915990806541096,848,478,40.86440544231395,90.55357735127274,46.40415955308451,69.72219270144795,122.45327723886543,153.94552140698949,25.579392425408805
side_person14.mp4,side,399,6659,59.915990806541096,848,478,41.10735324563315,95.71291967217351,47.009190167985814,72.94953406483589,123.14039993813066,155.54396806131962,25.38866811487034
side_person14.mp4,side,400,6676,59.915990806541096,848,478,39.729840062023165,97.32088123663537,47.485848933981764,74.4022217079362,123.7640312923306,155.3554447164891,25.603717371756808
side_person14.mp4,side,401,6693,59.915990806541096,848,478,42.662553024008695,104.13038911254213,48.47321947158963,78.85916888418025,128.03483087960277,152.0458031648615,26.229914156871757
side_person14.mp4,side,402,6709,59.915990806541096,848,478,44.02208176166471,108.154530206144,50.57641680243699,84.22638049375962,121.8864282715218,149.3017750845392,28.598035033654764
side_person14.mp4,side,403,6726,59.915990806541096,848,478,48.51282887749908,110.9612029498237,54.97733577427464,88.159662499091,121.17972924472309,146.73950956601033,28.800395346455836
side_person14.mp4,side,404,6743,59.915990806541096,848,478,52.920056844607316,118.48254324811852,59.467451014229816,94.73305750534723,119.90255243543729,146.63015278324292,30.33415920735196
side_person14.mp4,side,405,6759,59.915990806541096,848,478,58.6022621482335,120.610941388446,65.26444476941167,98.11785914431103,122.68009216162773,146.52581466533317,31.200715062578986
side_person14.mp4,side,406,6776,59.915990806541096,848,478,65.68239380594196,121.30959738814248,73.09697252283782,103.51930503967418,123.45425602893589,146.5181093563065,33.3378033087625
side_person14.mp4,side,407,6793,59.915990806541096,848,478,76.75739588874664,123.06712836338045,83.65871537910456,107.46289909505352,127.23853711573902,148.0275023853516,34.5847446572056
side_person14.mp4,side,408,6810,59.915990806541096,848,478,88.06335611200852,123.87558197160936,95.54729800424617,110.6152526015731,130.41037835632685,148.20064964097097,35.406739752776545
side_person14.mp4,side,409,6826,59.915990806541096,848,478,90.12395424757388,124.27011465229627,97.82195152046145,112.50875331501398,127.48817884139626,147.6195314974218,35.59568771521085
side_person14.mp4,side,410,6843,59.915990806541096,848,478,96.35536165150795,126.07488445470774,103.55993053325707,114.15905623928163,124.3578885930538,145.94647494370608,35.44581839776189
side_person14.mp4,side,411,6860,59.915990806541096,848,478,101.5551623492489,126.78376367445544,109.07613977302206,115.45023109253897,126.14496971531425,146.0420038760769,35.151565785841505
side_person14.mp4,side,412,6876,59.915990806541096,848,478,104.39605023624057,127.66738494198644,112.42444308019127,115.88289560367456,124.09093399765898,144.0263655209949,34.260235269193544
side_person14.mp4,side,413,6893,59.915990806541096,848,478,107.96874905486328,128.58154152620293,116.30805989578793,117.8389117359116,123.10305936062063,145.41985206763295,33.61204870949537
side_person14.mp4,side,414,6910,59.915990806541096,848,478,109.40436652670932,127.28594011717621,117.58547485340603,118.6416080859866,119.59025516797563,147.197170904572,32.66900423574427
side_person14.mp4,side,415,6926,59.915990806541096,848,478,109.6970570504266,125.12850559254382,117.82794025069846,117.80047607626716,119.57456632529622,144.80575565635812,30.81706324518933
side_person14.mp4,side,416,6943,59.915990806541096,848,478,112.51447689176857,125.42085641001081,121.43370290759954,119.45521402860103,120.90541426559814,145.02111731215734,29.225697673824232
side_person14.mp4,side,417,6960,59.915990806541096,848,478,116.40127397202349,123.42193359439081,126.3293689303728,121.54857646161089,122.12465828371721,143.50756718739916,25.435883250994173
side_person14.mp4,side,418,6976,59.915990806541096,848,478,122.06875425444926,124.43459894062339,131.78604215653598,123.7670423172589,117.16655072990568,141.80725684703773,21.82566719532364
side_person14.mp4,side,419,6993,59.915990806541096,848,478,125.27624183874855,124.69996470763621,134.7737920766592,128.62406899752824,116.62763945270234,137.68225809510056,17.760294607116634
side_person14.mp4,side,420,7010,59.915990806541096,848,478,127.64869237671358,127.08040952647833,135.09175427485098,133.70662256108116,101.56196531834301,132.2707583889332,15.271028848998856
side_person14.mp4,side,421,7027,59.915990806541096,848,478,130.72285301728112,122.96844888504299,136.89031636880046,139.83802615050254,100.69347688194458,126.16089210145924,12.880675562728266
side_person14.mp4,side,422,7043,59.915990806541096,848,478,133.84394364569184,123.03679349106841,138.95182496601643,143.6976408972725,99.5958578695893,123.34176585792666,12.031511031493823
side_person14.mp4,side,423,7060,59.915990806541096,848,478,136.51558223636027,122.71196406972801,141.98233549411722,147.3161961394903,99.44662271739931,119.96144347336256,11.1310568552527
side_person14.mp4,side,424,7077,59.915990806541096,848,478,139.58096712397887,123.54339924400196,142.77107426891078,150.14897732433798,97.4681164075523,115.76757629228948,11.269024312904431
side_person14.mp4,side,425,7093,59.915990806541096,848,478,144.70827515599544,131.0338778269842,146.77437069730112,152.36183960884284,107.08499826429194,114.65780375346644,11.962015917647971
side_person14.mp4,side,426,7110,59.915990806541096,848,478,148.94698488939633,144.94526608709037,149.5144594539817,146.30386753343717,108.08861679293689,102.33039630323296,12.64381914468874
side_person14.mp4,side,427,7127,59.915990806541096,848,478,154.32122255591582,159.32139230550908,155.08175610667752,132.347150445325,102.87367511242353,113.59629899239992,12.320100095217427
side_person14.mp4,side,428,7143,59.915990806541096,848,478,157.07228194027158,162.6099290339747,158.32513975768975,131.56589815255103,93.74716683760722,104.60313605550557,13.372156778617533
side_person14.mp4,side,429,7160,59.915990806541096,848,478,159.78497103124144,164.92646414066505,160.94610244493882,134.02209092128496,91.08243900894061,89.68392837869857,13.461538505788411
side_person14.mp4,side,430,7177,59.915990806541096,848,478,163.0267027165132,165.319419786113,164.08404890435736,139.62278497101158,86.94470811338817,95.19091392507168,13.829392923385765
side_person14.mp4,side,431,7193,59.915990806541096,848,478,165.1390887393785,168.26050902653284,164.9435427297651,138.44383791805393,89.93610325234036,87.7425360028285,14.363234765696014
side_person14.mp4,side,432,7210,59.915990806541096,848,478,168.22723605045616,170.27722468662265,165.91959006311586,137.3076335776804,91.54142480049399,73.89942079935213,15.315840999878827
side_person14.mp4,side,433,7227,59.915990806541096,848,478,169.92625909623865,171.8632974516839,167.56124300225574,137.1512601065963,89.63814410322409,70.91441036650868,15.908664289109995
side_person14.mp4,side,434,7243,59.915990806541096,848,478,171.23488095149793,171.7028378106752,167.68186551518755,137.6240475750924,87.26267874018815,66.93524565006717,17.565319886934745
side_person14.mp4,side,435,7260,59.915990806541096,848,478,172.02784938986977,171.59593487058845,168.7499733052582,138.9108021473953,85.20624422317994,67.50877198882027,18.804052472992318
side_person14.mp4,side,436,7277,59.915990806541096,848,478,172.83765548782634,171.75228229467893,169.72845690879987,140.10579629075042,85.56048988445133,69.17915839770738,20.517015523213708
side_person14.mp4,side,437,7294,59.915990806541096,848,478,173.2862452891445,171.6893678037069,170.83009021058305,140.73911219534565,85.19035516043117,70.6465686646186,20.249004316945086
side_person14.mp4,side,438,7310,59.915990806541096,848,478,173.1058309756019,171.24907919195255,171.60876550378168,142.52256648180048,85.03014716528295,75.97111263100776,19.619927472792078
side_person14.mp4,side,439,7327,59.915990806541096,848,478,173.55246587876198,171.16316232405936,171.87188768064684,140.1055234425574,86.64527521205387,74.63893547730325,17.878021744990722
side_person14.mp4,side,440,7344,59.915990806541096,848,478,173.76706453536067,170.56793142352373,171.87059679249774,138.5008429721101,87.10296466399586,73.31882013619582,17.861974270811995
side_person14.mp4,side,441,7360,59.915990806541096,848,478,174.69986927947255,170.92502691994855,173.25649141103483,138.53023615251894,86.05264042352456,73.41297103090677,17.92083386591796
side_person14.mp4,side,442,7377,59.915990806541096,848,478,174.81421237946466,170.49128793059575,172.67453998685383,139.03055495493317,90.24583435580293,74.42357792318823,17.64493113153418
side_person14.mp4,side,443,7394,59.915990806541096,848,478,174.7919396647227,170.45214134408448,173.28643585132954,137.64230413400364,87.17375412363742,73.30330600272029,17.861897062241205
side_person14.mp4,side,444,7410,59.915990806541096,848,478,174.3243900419917,170.1100382982882,172.81193997652582,138.32203470425776,86.67356224694808,76.44969911296428,17.429367171855166
side_person14.mp4,side,445,7427,59.915990806541096,848,478,175.11159269459816,169.84957792551978,174.29831864105688,138.48495052589263,87.04074352302563,79.50883675124275,16.954237938687466
side_person14.mp4,side,446,7444,59.915990806541096,848,478,174.98135480242226,169.30134840702465,174.82694211480418,138.67811313878266,86.46193708202031,76.48892506370194,16.77175930452258
side_person14.mp4,side,447,7460,59.915990806541096,848,478,174.02484440815792,168.91380662468939,175.36167439690442,138.42048210674588,84.54185366826435,73.66072091448702,16.652530620157858
side_person14.mp4,side,448,7477,59.915990806541096,848,478,174.9566559902364,168.57311869739897,175.36504273452553,138.85930898951185,86.40309703444153,72.15926486352308,16.646593616250904
side_person14.mp4,side,449,7494,59.915990806541096,848,478,174.9643682490226,168.46645238243354,175.45543551650266,138.92164246273202,86.25570845766255,73.35697307863988,16.456530980434845
side_person14.mp4,side,450,7511,59.915990806541096,848,478,174.54817515653244,168.44945835873898,175.51561277349066,138.76135050806786,86.40526026888071,69.89717048754493,16.24399641037235
side_person14.mp4,side,451,7527,59.915990806541096,848,478,175.03651665403063,168.45837418692514,175.58944334717071,139.08428757759776,87.40132109286078,72.01632057625855,16.253232915563974
side_person14.mp4,side,452,7544,59.915990806541096,848,478,175.39617575709252,168.45542173199004,175.86214079221708,139.33719329729863,87.29897099214239,73.23492223173037,16.22117532661477
side_person14.mp4,side,453,7561,59.915990806541096,848,478,175.41715210361653,168.44419201942944,175.89574621040356,139.42352135630236,88.43174969730418,73.84625216442637,16.105841799788315
side_person14.mp4,side,454,7577,59.915990806541096,848,478,175.4954695925407,168.5726571849419,176.1248468617942,138.86612457650688,87.26000935533175,73.56088697370303,16.087822276855835
side_person14.mp4,side,455,7594,59.915990806541096,848,478,175.34907110604635,168.66537456404112,176.20234675246215,138.8034441975155,86.58628162525375,73.66977830733109,16.08105853673523
side_person14.mp4,side,456,7611,59.915990806541096,848,478,174.8152025304927,168.6076638335172,176.40785645450703,138.66237805043625,85.57037045140176,73.87837348089931,16.084496810439603
side_person14.mp4,side,457,7627,59.915990806541096,848,478,174.7972052850054,169.27674303062005,176.4575523583013,138.91265076694893,84.905192125859,69.26952695176702,16.039655869524427
side_person14.mp4,side,458,7644,59.915990806541096,848,478,173.71638189410018,169.0175133082851,176.57487791308034,140.34475053134972,83.1009071207639,67.01996009484014,17.11243183130643
side_person14.mp4,side,459,7661,59.915990806541096,848,478,173.4330374386562,168.89708666076388,176.55630036448835,140.58055205400402,82.82541809188122,67.21699232362946,17.368912982699353
side_person14.mp4,side,460,7677,59.915990806541096,848,478,173.00962384518596,169.49260714433316,176.5026358452756,142.34011177668592,80.9822797907894,69.61195076590812,16.969733752126547
side_person14.mp4,side,461,7694,59.915990806541096,848,478,173.38159278226274,168.61781082981517,176.52037040827545,140.48025427432222,81.58226800269048,72.67809820637423,16.89968436973885
side_person14.mp4,side,462,7711,59.915990806541096,848,478,173.31303704059903,169.48108690369534,176.5051026218906,141.75613987767014,82.0046196826311,71.65794264819657,16.823523698385173
side_person14.mp4,side,463,7727,59.915990806541096,848,478,176.31927578267934,169.3117811887581,176.45505426798917,141.4629705594734,85.18405923576127,71.78031858092108,16.67709962810613
side_person14.mp4,side,464,7744,59.915990806541096,848,478,176.19967929917956,169.1730900752554,176.41646126708898,141.64632453366906,85.11774352568611,72.5346447694632,16.7477810217786
side_person14.mp4,side,465,7761,59.915990806541096,848,478,176.02123124899083,168.58778125448586,176.38675320346928,140.45806937425363,85.10409340871817,73.68472619472448,16.964414937897544
side_person14.mp4,side,466,7778,59.915990806541096,848,478,174.99300936421696,168.3254909441245,176.44421474212496,140.59823570704089,84.98610235414185,72.86947768703008,16.645388779494613
side_person14.mp4,side,467,7794,59.915990806541096,848,478,176.77321840773521,168.80378909403188,175.98679445748525,140.67568622043245,87.46932603975162,73.28610920999428,16.656604301280662
side_person14.mp4,side,468,7811,59.915990806541096,848,478,176.26359889658042,169.0045732980292,175.89713784926093,140.1911021442921,87.29297251210677,73.35470686973804,16.465492618841186
side_person14.mp4,side,469,7828,59.915990806541096,848,478,175.75645535431246,168.48018315551704,175.41865460264208,139.87863640590697,88.16183997862161,76.04775546384542,15.999941548856626
side_person14.mp4,side,470,7844,59.915990806541096,848,478,175.44297109536828,168.6723646661077,174.89393045100607,139.88966028801576,88.21336626365958,76.2860157103881,16.148535128655322
side_person14.mp4,side,471,7861,59.915990806541096,848,478,175.19072210805967,168.85303407244464,173.4151851058709,139.1537684679116,89.35747595339618,78.00480858722327,16.19096774389863
side_person14.mp4,side,472,7878,59.915990806541096,848,478,174.3724487885584,168.81349080932614,173.06143919821702,139.24573418724253,89.1832539488035,79.03080205383044,16.342149733061188
side_person14.mp4,side,473,7894,59.915990806541096,848,478,173.0662424367735,169.52868383196267,172.86901141836435,140.62020277395587,88.25214897545321,76.32388171601826,16.230164273173408
side_person14.mp4,side,474,7911,59.915990806541096,848,478,171.8184760020573,169.27954010006638,172.64805919943032,142.4637609559983,86.76629142306459,73.00465045156547,15.760380774317207
side_person14.mp4,side,475,7928,59.915990806541096,848,478,170.60662210676423,168.87319517301177,171.99069018520262,142.87731127524114,86.31558566879855,74.17761186661544,15.246286337640232
side_person14.mp4,side,476,7944,59.915990806541096,848,478,169.2977203864555,167.8112079538739,171.12285478633174,144.55056934392007,86.87624715841625,77.54911618765283,14.788207017931896
side_person14.mp4,side,477,7961,59.915990806541096,848,478,167.87097820899655,166.13521815934962,169.94623653129582,144.38086893632388,87.08436052904891,83.92054329216637,14.713220670023519
side_person14.mp4,side,478,7978,59.915990806541096,848,478,166.6895800544186,165.67218557577476,168.9440876702239,143.61700605648187,85.68707998436626,83.75542369107627,15.34930312594298
side_person14.mp4,side,479,7995,59.915990806541096,848,478,165.33292274652652,164.07091350026823,167.80966230785637,144.52478745456528,86.0493764450374,87.99435201954071,16.08455443095545
side_person14.mp4,side,480,8011,59.915990806541096,848,478,163.3144080934402,161.78629720739846,166.51059198986752,145.58020511782559,87.1385406708861,92.10494092921378,16.471507381823265
side_person14.mp4,side,481,8028,59.915990806541096,848,478,160.6388091931752,159.387668568577,165.50707966066156,150.24405866402662,87.36843121884904,97.0800368991718,14.548136835141019
side_person14.mp4,side,482,8045,59.915990806541096,848,478,157.006976643202,155.95375848323962,163.5716207715159,150.73942538612226,87.56436174668487,102.62644741664938,14.776248427893323
side_person14.mp4,side,483,8061,59.915990806541096,848,478,153.6876740237719,151.74514265852278,161.0753613470747,152.70183924377977,90.99161444438778,105.2591883962828,14.494935308967843
side_person14.mp4,side,484,8078,59.915990806541096,848,478,150.0529940785439,145.66028793805162,158.52164331850426,155.06881074457615,93.15779291528479,109.72569724621555,14.396326661209564
side_person14.mp4,side,485,8095,59.915990806541096,848,478,146.8987539052053,141.12690268123808,155.35651573347778,156.200078325499,95.4514333316451,112.87666478349693,13.99248866257834
side_person14.mp4,side,486,8111,59.915990806541096,848,478,144.30557440164202,136.49836326305686,153.07332650378146,156.19076832718252,95.12734285828485,115.2155689901648,13.720741863900031
side_person14.mp4,side,487,8128,59.915990806541096,848,478,142.02453640556035,133.60903693949965,150.81846024563308,153.63631246037713,96.16678630442148,114.33682098754622,12.751540805047252
side_person14.mp4,side,488,8145,59.915990806541096,848,478,140.23598436149896,131.12469923460066,149.47012218186435,151.55955076656676,93.11903459357113,117.58600560678416,13.170581120532999
side_person14.mp4,side,489,8161,59.915990806541096,848,478,138.70438952987053,129.4088058006504,147.89834334214402,150.11446316197205,93.3280782981061,121.06751404717484,13.360106984533912
side_person14.mp4,side,490,8178,59.915990806541096,848,478,137.51299145044433,127.02704694260362,146.29825184435322,148.75801095490814,96.35976994521761,123.24440591483211,13.78815138981024
side_person14.mp4,side,491,8195,59.915990806541096,848,478,136.12577543549588,126.13212211698998,144.4840947942097,147.2773944678012,98.52349233278473,124.1727126834109,14.305265873258456
side_person14.mp4,side,492,8211,59.915990806541096,848,478,132.7560857039571,121.58585169574741,140.1212666000333,146.1525455370219,100.1224268422882,124.50642258891152,14.505987085262129
side_person14.mp4,side,493,8228,59.915990806541096,848,478,129.69321861083523,123.41131877237453,138.15196101786964,143.27923096177756,99.92926686277136,125.81404792051136,15.462425799483894
side_person14.mp4,side,494,8245,59.915990806541096,848,478,126.77483100439343,116.59117684810933,135.05587066402873,141.1666520755841,103.9790858582277,129.6546177864607,15.526779048297888
side_person14.mp4,side,495,8262,59.915990806541096,848,478,123.34923229928211,119.7907547817135,131.6031238986941,137.8838211047696,102.43596193876648,128.39459847895228,16.95471374209934
side_person14.mp4,side,496,8278,59.915990806541096,848,478,120.97060757364827,120.36743179517346,129.97228350167504,134.9792397847728,112.46757127083774,124.66416465225856,17.582893928362132
side_person14.mp4,side,497,8295,59.915990806541096,848,478,120.06344355306932,119.88069511462686,129.08142387864754,133.38306557439302,123.48668263535993,144.55922275580917,20.561675169957073
side_person14.mp4,side,498,8312,59.915990806541096,848,478,118.55485675065177,121.88687286120802,128.07515468719154,129.99148248948177,124.27577534654088,146.01752346662755,22.341024080532133
side_person14.mp4,side,499,8328,59.915990806541096,848,478,116.00829191201728,121.6570591886382,126.13076296114103,126.35551875245203,121.59260202542711,142.6212205940386,21.737216727641126
side_person14.mp4,side,500,8345,59.915990806541096,848,478,110.89980860776667,119.65811462306436,121.83260345935282,122.02870647728317,119.22502733473931,140.98785750014218,21.73195046213483
side_person14.mp4,side,501,8362,59.915990806541096,848,478,109.47427862546886,119.22356710041211,119.64765795122457,119.30607319144673,126.00710446947554,143.0010262852166,25.67122891215416
side_person14.mp4,side,502,8378,59.915990806541096,848,478,107.54680176497243,118.71357142181449,117.00394218328444,116.39231874862902,125.66689863980895,144.8530583730127,28.23384045919943
side_person14.mp4,side,503,8395,59.915990806541096,848,478,104.89295427937373,118.0416627295902,114.48274795395822,113.54546448706589,116.80466500352458,143.62842518528396,29.15418778549602
side_person14.mp4,side,504,8412,59.915990806541096,848,478,103.65510111186919,119.33602386332115,112.10759936376985,112.70274345574762,121.19561422931332,144.1295075043937,31.82209920472475
side_person14.mp4,side,505,8428,59.915990806541096,848,478,103.5490079576327,121.14203136804419,111.42109829912897,113.80947216597741,123.97378009724865,144.4712256890162,34.266580946580824
side_person14.mp4,side,506,8445,59.915990806541096,848,478,101.99173495851782,121.9383399929959,109.66728879953955,112.86914455268447,124.19776567841191,145.92401690220385,34.76434166616955
side_person14.mp4,side,507,8462,59.915990806541096,848,478,100.81144946555074,122.73568302820358,108.55565973888227,111.58010168285553,127.90623624315943,148.16043712187403,35.06922241505118
side_person14.mp4,side,508,8479,59.915990806541096,848,478,98.55642224052383,124.35750311741982,106.1900222052972,110.29523483339705,120.66962698725366,149.73934215695482,34.81329326276557
side_person14.mp4,side,509,8495,59.915990806541096,848,478,96.35487116626439,123.9439750705473,104.15125878096794,109.90697864589887,122.6236964244184,149.33126582478835,34.44340788478264
side_person14.mp4,side,510,8512,59.915990806541096,848,478,90.66969708528653,120.65019950902715,98.42247597935764,107.73709697309552,129.24581285596463,148.05934412093146,34.194125906489724
side_person14.mp4,side,511,8529,59.915990806541096,848,478,86.40144986673613,120.9207304799286,94.56149387359598,106.7755781490422,132.41559712578197,149.2902788504958,34.822221225121574
side_person14.mp4,side,512,8545,59.915990806541096,848,478,83.52280630057443,118.85182842837351,92.31936622975795,105.80593464290851,131.0186977260902,146.0203822165883,34.711019143265545
side_person14.mp4,side,513,8562,59.915990806541096,848,478,80.16142233609112,116.88014971171965,89.46034608344524,103.23815974038605,129.6705425764535,147.31982375665737,35.159659210048964
side_person14.mp4,side,514,8579,59.915990806541096,848,478,77.75534859071504,118.73904707171751,86.80760114114138,101.79842900915271,128.28316543587567,148.6609953506983,34.6434181417441
side_person14.mp4,side,515,8595,59.915990806541096,848,478,72.55362939185285,117.7791486311914,82.39995386655877,99.4363610658569,131.22151078104508,148.48941183662026,32.95215548013212
side_person14.mp4,side,516,8612,59.915990806541096,848,478,68.37427737743603,118.82392603153374,78.80088395497117,99.04647715207142,130.55187805841277,148.43632947997278,31.454048070423216
side_person14.mp4,side,517,8629,59.915990806541096,848,478,58.830626800822195,117.14900780505738,70.76219776004167,91.66185036982793,128.01336691401605,147.4278448300685,26.8286735235367
side_person14.mp4,side,518,8645,59.915990806541096,848,478,52.192047392312325,116.3315644790059,63.22143399898224,89.94620747993247,118.42278410397407,146.2103822640157,26.84053741175767
side_person14.mp4,side,519,8662,59.915990806541096,848,478,49.55182608101288,114.81372702789196,60.91000722863251,87.47113757337002,121.34538353821928,146.38510827420535,26.602503122034225
side_person14.mp4,side,520,8679,59.915990806541096,848,478,49.860758291152166,113.23125736982284,61.61511114985049,84.40736731450728,125.13890253516658,147.8588554239439,25.684882459872274
side_person14.mp4,side,521,8696,59.915990806541096,848,478,43.93780683606599,111.34759167648257,58.033647207817616,80.13877612807671,124.87345131891918,149.8180121434584,23.776623801237204
side_person14.mp4,side,522,8712,59.915990806541096,848,478,43.21774066214385,109.85546490020262,56.14742357299288,79.64413906465619,122.03339667933514,150.10258682060294,24.707202835078405
side_person14.mp4,side,523,8729,59.915990806541096,848,478,43.886287153313845,106.28527077492042,56.70192506144564,77.01389255748009,119.16088825293586,149.95915616155347,22.521281189076106
side_person14.mp4,side,524,8746,59.915990806541096,848,478,41.813868695365386,102.85133207243003,54.35815330769713,74.6854384988975,121.21862562410683,151.66534279343205,23.335549906838924
side_person14.mp4,side,525,8762,59.915990806541096,848,478,41.002693774548206,98.90309136076604,53.95477141784439,70.63269719014845,123.99399865383198,152.04434080429874,21.846683737782488
side_person14.mp4,side,526,8779,59.915990806541096,848,478,39.696722757475285,97.9369941824752,53.586131233627775,67.7198225436426,125.29820187648139,152.6312014028285,20.75292371013699
side_person14.mp4,side,527,8796,59.915990806541096,848,478,38.221894784270184,96.88235473746956,50.993998672089575,67.32440590616122,124.5901013128479,153.46519667133478,22.015464759660112
side_person14.mp4,side,528,8812,59.915990806541096,848,478,37.99498928803023,95.8876857648792,50.55884968431996,66.93786609481536,124.48788093253768,154.0098150569954,22.16362738153769
side_person14.mp4,side,529,8829,59.915990806541096,848,478,36.86773166918956,96.16933462554381,49.036072464771586,67.85884360462094,121.61116562752315,153.94645497823348,23.845907612143563
side_person14.mp4,side,530,8846,59.915990806541096,848,478,35.36611603119221,94.1145642541496,48.374952227198776,65.81729374738501,122.61477331564474,154.93483382159755,23.818080213280858
side_person14.mp4,side,531,8862,59.915990806541096,848,478,36.77275414777107,92.78836304022502,49.34836682023649,63.82934010296291,124.07955504718922,154.59869115781584,22.19827617699738
side_person14.mp4,side,532,8879,59.915990806541096,848,478,37.25795674973186,92.41999081489858,50.007040049893504,62.73255424134565,124.65666852723646,155.03348157770645,21.09200564800479
side_person14.mp4,side,533,8896,59.915990806541096,848,478,37.213781404160436,92.15663734032798,49.59165685340518,63.049772913190225,125.26061791623823,155.84309673465464,21.309586909866887
side_person14.mp4,side,534,8912,59.915990806541096,848,478,37.38847862316833,88.6507970228794,50.27440561389928,62.17792002554112,125.85960721498932,155.59556088550966,20.65290782382254
side_person14.mp4,side,535,8929,59.915990806541096,848,478,37.48478211724749,90.77149155094335,50.02746275094552,62.92247777137684,125.47654717202327,155.79057837278043,21.025104497142266
side_person14.mp4,side,536,8946,59.915990806541096,848,478,37.528291710691306,92.09689674477099,50.19093850637515,63.68529119759873,124.93860541085486,155.826351232064,21.255970006145308
side_person14.mp4,side,537,8963,59.915990806541096,848,478,37.43753216205976,92.3388846623544,50.490681802347886,64.07931673108787,125.7567911210497,156.0218181073688,21.444266464160986
side_person14.mp4,side,538,8979,59.915990806541096,848,478,38.327204204835255,93.29138656425562,50.70751691151088,65.68913914250643,124.89778826512628,155.6226015642412,22.143747977756846
side_person14.mp4,side,539,8996,59.915990806541096,848,478,38.768305562582206,93.74257414029391,50.768400367757515,66.14100050096128,124.88371736314345,156.50382881925822,22.272299610717962
side_person14.mp4,side,540,9013,59.915990806541096,848,478,39.65495546992745,98.69696313714388,50.93561450846421,68.59939362397051,123.27747627788762,156.73170959291826,22.522581697726856
side_person14.mp4,side,541,9029,59.915990806541096,848,478,41.22858032769233,102.4085084891093,51.9953589860963,71.47748265766566,124.61780597400579,155.86165018289577,22.58156657507559
side_person14.mp4,side,542,9046,59.915990806541096,848,478,42.86467386544616,106.46395770268455,54.75228069740337,74.88626381110385,125.16328261049142,155.22386193909927,22.643104875576476
side_person14.mp4,side,543,9063,59.915990806541096,848,478,45.96338779363369,112.1014786136936,57.591321129509375,80.5917486571805,122.74769632794916,151.86790724849422,23.596387955528062
side_person14.mp4,side,544,9079,59.915990806541096,848,478,52.00746386111443,114.9075929045631,62.862531948730854,85.355936071399,123.12845622308976,149.90048549795645,24.24532684842712
side_person14.mp4,side,545,9096,59.915990806541096,848,478,61.750507147835805,117.2007223348439,72.21243794312197,90.17088421629819,129.70624128468992,149.91354308812265,25.761100304287993
side_person14.mp4,side,546,9113,59.915990806541096,848,478,66.02359734418444,119.92566834127692,76.02521053619022,97.14724372859595,125.66992107594913,148.7564274001074,28.91414947538851
side_person14.mp4,side,547,9129,59.915990806541096,848,478,76.27794209163518,121.07095475344394,86.18153268900602,99.43072105157346,127.45818280039279,147.26382826748474,28.729293132347596
side_person14.mp4,side,548,9146,59.915990806541096,848,478,83.19799557928428,121.4731699882312,92.79550325767153,103.3049601140847,127.774329989232,147.42486883613049,30.542388369232622
side_person14.mp4,side,549,9163,59.915990806541096,848,478,85.91900292610897,122.69707638622948,95.49092857420919,109.14836776028314,127.36188899806164,146.93863191542943,33.635337909672266
side_person14.mp4,side,550,9180,59.915990806541096,848,478,89.97611283867599,122.93145352529751,99.74179654725931,109.26924000727551,127.45358361793677,147.31845287632214,33.34307890986801
side_person14.mp4,side,551,9196,59.915990806541096,848,478,96.49590193341542,122.31001108965022,106.35639107657317,109.86206898724534,126.23872968904564,146.0118871784542,33.78827853894817
side_person14.mp4,side,552,9213,59.915990806541096,848,478,101.00435476815761,123.81801941658739,110.909414161775,111.94676136586523,126.22190913121791,145.076592382381,33.23600322510294
side_person14.mp4,side,553,9230,59.915990806541096,848,478,105.56352983911668,125.08902406542319,115.71663951436528,113.62495588882676,123.9315828679835,144.2637960431828,32.04312681264797
side_person14.mp4,side,554,9246,59.915990806541096,848,478,107.83369494744439,125.71862526647242,118.13427434061215,115.24133932697795,122.99892706927837,145.4316190114482,30.832568865926792
side_person14.mp4,side,555,9263,59.915990806541096,848,478,109.12808297534694,125.32774683892329,119.46451413398385,115.83453967524187,122.11408299180394,144.73376900591202,29.43929074742053
side_person14.mp4,side,556,9280,59.915990806541096,848,478,111.46927323238195,121.55167989622748,122.03940119634346,117.40695917319024,119.79091685379659,141.52021170779184,27.613469658338072
side_person14.mp4,side,557,9296,59.915990806541096,848,478,113.53715426910436,123.20231724722471,123.63151740929338,120.28928511741967,120.20381313521092,143.07243550885056,26.724645878741974
side_person14.mp4,side,558,9313,59.915990806541096,848,478,116.7954268747614,124.94410156350594,127.41548744037078,123.4545932963693,121.6350899091262,143.8385816180784,25.983687211139934
side_person14.mp4,side,559,9330,59.915990806541096,848,478,121.45939511925295,128.18272643573866,131.8481089572289,125.15665755659751,120.07238576385369,145.18365613473526,22.104305115638063
side_person14.mp4,side,560,9346,59.915990806541096,848,478,122.93406689460195,129.58157330099655,134.06932758159132,128.78756125186084,110.6640737152943,140.2406502471341,18.3802986657779
side_person14.mp4,side,561,9363,59.915990806541096,848,478,125.76728119449423,132.05163235015064,135.02613789752166,132.3539040577946,104.68785820577001,137.54653008709886,16.320488463838903
side_person14.mp4,side,562,9380,59.915990806541096,848,478,130.01436350880462,133.61591259161736,135.9519474727991,135.74881569967724,102.56190332702954,132.17209493498146,15.471237452095904
side_person14.mp4,side,563,9396,59.915990806541096,848,478,132.7585109916739,126.97050022663446,138.64673944456945,143.31606945062612,102.62408711086724,125.70975233501113,13.404018899053655
side_person14.mp4,side,564,9413,59.915990806541096,848,478,135.42405526095484,126.07703869662278,141.80119130540874,147.57396538517028,100.7748737440189,121.61838647696544,12.205323771007127
side_person14.mp4,side,565,9430,59.915990806541096,848,478,137.94286779165654,125.9669831125117,144.04813564110188,150.40815618957458,97.7181702831379,118.168882207807,11.569432658189658
side_person14.mp4,side,566,9447,59.915990806541096,848,478,141.75793154106998,131.27125922944322,147.96552353380054,152.5981944391349,101.48920736641205,116.61775733809674,10.746743539653771
side_person14.mp4,side,567,9463,59.915990806541096,848,478,144.8137532114909,135.56070627057525,149.83622673151393,154.40611115924892,102.86379429160378,111.05672774751905,11.954844237293027
side_person14.mp4,side,568,9480,59.915990806541096,848,478,147.17657404620036,142.62884485055167,149.6218224234146,152.6952476400086,94.40090529772311,81.43833770654025,13.317073998873505
side_person14.mp4,side,569,9497,59.915990806541096,848,478,154.93830759201836,155.2056916604501,156.18283511135385,142.2984331172821,97.16939737323811,96.54860778266975,13.571175191008765
side_person14.mp4,side,570,9513,59.915990806541096,848,478,158.49987906792558,161.4879166032253,159.555262172288,138.76185211175,94.04876139245927,92.24064444567746,14.20424751001275
side_person14.mp4,side,571,9530,59.915990806541096,848,478,161.04515769364377,162.8199280053715,162.35242111896216,141.44024899750414,88.49480891739496,91.7740760032245,14.454457063268247
side_person14.mp4,side,572,9547,59.915990806541096,848,478,163.23208998192746,162.9912936696878,164.638549000994,145.4082183523942,84.62149182115644,107.26104636144649,14.49487235530356
side_person14.mp4,side,573,9563,59.915990806541096,848,478,165.3737279755211,165.74523144415687,165.93721855084829,145.72129686489575,85.59462040315181,111.17527674120376,14.706557274661494
side_person14.mp4,side,574,9580,59.915990806541096,848,478,168.26548418999982,169.22442991863952,166.61768503349498,140.55771766187064,89.63643172407829,74.0609949012963,15.801819576698886
side_person14.mp4,side,575,9597,59.915990806541096,848,478,170.0029728697837,169.79375126735098,167.34392386408584,140.10429438860552,91.1299349602389,70.20284720242077,15.494715393002041
side_person14.mp4,side,576,9613,59.915990806541096,848,478,171.33983911165433,169.9359403345629,168.38019341276205,139.94505359512073,91.09417350775708,66.35189180013974,15.264473443947379
side_person14.mp4,side,577,9630,59.915990806541096,848,478,172.00329097188836,170.0536585887364,169.1712548691566,140.5642606308245,88.08089568144419,65.91571811535522,15.855850712677318
side_person14.mp4,side,578,9647,59.915990806541096,848,478,172.89328158915805,169.8711049415636,170.54535546909392,141.18791397483778,87.40118976799623,67.15196472510685,15.66868593626934
side_person14.mp4,side,579,9664,59.915990806541096,848,478,172.1657702178649,169.73960855587976,170.90389129964413,140.74428827885654,85.83552818003862,69.14215563405246,16.1669523871758
side_person14.mp4,side,580,9680,59.915990806541096,848,478,171.77413291339528,169.53320896484828,171.3571288346481,140.90613802987144,86.13218572786164,71.93014949780999,15.832570619285177
side_person14.mp4,side,581,9697,59.915990806541096,848,478,170.56479075101402,169.39721019559406,171.87456285908243,139.1515377360471,83.80724633860599,71.78193243564168,16.547509713900165
side_person14.mp4,side,582,9714,59.915990806541096,848,478,172.27330264259606,170.99342340670418,171.72554840280554,137.02906882503828,88.34398715513474,73.47878294086006,16.119273857303586
side_person14.mp4,side,583,9730,59.915990806541096,848,478,173.76520778151877,170.93536310084585,172.4320203062663,137.46953415255194,87.69209823521577,73.16118444419199,16.46900863022599
side_person14.mp4,side,584,9747,59.915990806541096,848,478,173.75038732807545,170.3338306664749,172.75449468401183,138.29011874276978,86.97861285092893,72.42721658720279,16.46160094249127
side_person14.mp4,side,585,9764,59.915990806541096,848,478,174.21083786237088,170.0691387348602,172.89438766772426,138.16000027731369,88.50579308585009,72.70104907542407,16.34535356451014
side_person14.mp4,side,586,9780,59.915990806541096,848,478,173.6340695109432,169.26163175224477,174.25718268327563,137.19736282180375,84.61168117483926,71.20570820414298,16.8699677441374
side_person14.mp4,side,587,9797,59.915990806541096,848,478,172.23849895927475,168.55957245962827,175.15195673936762,137.90730653054746,82.33938394388902,71.25121088569244,16.992516209078488
side_person14.mp4,side,588,9814,59.915990806541096,848,478,173.00989791741358,168.45871154127732,174.80752938692407,138.30982374315403,84.34045973493224,71.84419134451653,17.07280920526391
side_person14.mp4,side,589,9830,59.915990806541096,848,478,169.7654902666061,168.89603639797699,175.21371113935524,139.43605164276354,81.54864705450079,80.17821121054914,17.134620221983237
side_person14.mp4,side,590,9847,59.915990806541096,848,478,170.7332879457964,169.27184505288,175.53852034055353,139.82212232689392,82.33126509009186,65.55533330002146,17.27337569940041
side_person14.mp4,side,591,9864,59.915990806541096,848,478,172.66668046086014,168.6291260458436,175.23142750943933,139.08650825812188,88.16918847686986,69.78252899571693,17.247588112285534
side_person14.mp4,side,592,9881,59.915990806541096,848,478,172.05716462670156,168.29735187686626,176.04425958429894,140.93919211829106,83.01478942115565,72.75722772153112,18.09593187763158
side_person14.mp4,side,593,9897,59.915990806541096,848,478,173.38208697677237,168.04372275750615,175.94793907170063,141.61605605187052,84.73366316170697,76.16082918328104,17.972451218628944
side_person14.mp4,side,594,9914,59.915990806541096,848,478,173.8112997790913,168.12932021182843,176.2165897993705,142.24672483196142,84.30073822841246,75.51059635279694,18.202874363102698
side_person14.mp4,side,595,9931,59.915990806541096,848,478,172.8358448932173,168.57715143097332,175.8487707106901,141.89082507332557,83.48611032505468,72.33014175341026,17.760458926478677
side_person14.mp4,side,596,9947,59.915990806541096,848,478,173.7643427911408,168.54071566914445,176.0531774904947,142.23420376882677,84.59190096823536,70.5405455353768,17.837061472913142
side_person14.mp4,side,597,9964,59.915990806541096,848,478,174.11942941083564,169.45491811693861,175.9264817543632,143.08490002068967,85.43070803375284,69.87296222533875,17.82748905725285
side_person14.mp4,side,598,9981,59.915990806541096,848,478,174.6171186156963,168.1260422124182,176.03430365276742,142.99049332889618,84.14345480162015,71.16339738967126,18.075848542757157
side_person14.mp4,side,599,9997,59.915990806541096,848,478,174.64060845367587,168.22318557734758,176.17772993328748,143.03309858782197,85.02665981896871,70.68592532638719,17.981230673888685
side_person14.mp4,side,600,10014,59.915990806541096,848,478,174.53762914858106,168.89409416764764,176.1021472976912,142.78999891526618,84.76298398437963,68.81418828951489,17.657525034014665
side_person14.mp4,side,601,10031,59.915990806541096,848,478,172.7549002822481,167.890320854157,176.2093228403856,142.64850870393653,82.0888977966102,68.34378270357561,19.572642550399646
side_person14.mp4,side,602,10047,59.915990806541096,848,478,173.7805397679637,168.7750404095262,176.85958765779225,141.49376808541885,83.08953246941478,70.41373050609364,19.614485216249292
side_person14.mp4,side,603,10064,59.915990806541096,848,478,173.91954469178285,169.81046889578187,176.77346224046101,141.01510453994462,84.43122613450441,71.1956381264365,19.352343450509544
side_person14.mp4,side,604,10081,59.915990806541096,848,478,175.00102758626917,170.23485889245546,176.999853436613,141.5565308869302,85.27679838105043,70.50733052307437,19.290803651108277
side_person14.mp4,side,605,10097,59.915990806541096,848,478,175.28138094126695,170.2800190696357,176.9180990335897,141.49193293648946,86.41123904016511,69.64635037498462,19.14685617277314
side_person14.mp4,side,606,10114,59.915990806541096,848,478,174.6351699591281,169.78286847113407,176.96858219751505,141.07281447127338,85.11693936001127,69.72593051088822,19.179573312466125
side_person14.mp4,side,607,10131,59.915990806541096,848,478,174.70256328914928,170.5373492894795,176.72172754921837,139.71602292520743,83.87521897950853,72.58731943766256,19.468283394974495
side_person14.mp4,side,608,10148,59.915990806541096,848,478,176.29480054045925,171.03199839207684,176.63164986771312,139.11801963149375,85.17309522163669,74.59149470319919,19.554996654481183
side_person14.mp4,side,609,10164,59.915990806541096,848,478,176.2575574536305,170.83266066400182,176.66206279767545,139.63154426155273,85.36136536122453,71.9900651014315,19.453805843853132
side_person14.mp4,side,610,10181,59.915990806541096,848,478,174.27119170434918,169.85175827833697,176.65245891174766,140.54454031523244,84.84453600479569,69.22975589947549,19.310192149018842
side_person14.mp4,side,611,10198,59.915990806541096,848,478,174.3723486574601,170.2886806186282,176.92188703298336,142.57718110509657,85.46287224569737,68.35072392949589,18.855317289548072
side_person14.mp4,side,612,10214,59.915990806541096,848,478,174.16254947751327,170.31322093768915,177.05432825197266,143.5706980257757,85.83103798519171,67.99663647110063,18.409860131150122
side_person14.mp4,side,613,10231,59.915990806541096,848,478,173.9368471616373,169.3262491381078,176.62777711510458,142.99995462395432,85.69952840614233,70.94448472904358,19.01245118188322
side_person14.mp4,side,614,10248,59.915990806541096,848,478,176.81754001403507,170.22517183407197,175.49632142533395,143.22059802140114,90.20111480123037,71.82687850550082,17.973225496402634
side_person14.mp4,side,615,10264,59.915990806541096,848,478,175.27928857964673,169.70029683302866,174.84223271576712,143.63974308469233,88.99251893700577,72.4699844036585,18.222494647971985
side_person14.mp4,side,616,10281,59.915990806541096,848,478,175.20112381140257,169.03792816936482,174.40585511418698,144.10143115547888,89.11443615096437,73.56790564865274,18.792646174818092
side_person14.mp4,side,617,10298,59.915990806541096,848,478,174.8234437047337,169.24759628492876,173.75930883666157,142.50749736241602,88.30493561364916,73.82170503839869,18.693067962844065
side_person14.mp4,side,618,10314,59.915990806541096,848,478,176.0825653514999,169.82626541935923,171.69478098079853,139.6243683021088,90.97012803070129,78.26255234520045,18.077398758143712
side_person14.mp4,side,619,10331,59.915990806541096,848,478,174.42656806702755,170.36993464583114,171.1354046625657,138.12290830954163,89.61403943062724,77.67700166189886,17.993719860502182
side_person14.mp4,side,620,10348,59.915990806541096,848,478,174.11893662471152,170.71597265740925,171.76531887784205,137.9869490283433,88.64603094148119,77.37006558228262,17.954128636457053
side_person14.mp4,side,621,10365,59.915990806541096,848,478,173.60401686763143,170.7772045855831,172.48618802970174,138.15142001695452,87.93724051646447,75.32781945789598,17.613260976070944
side_person14.mp4,side,622,10381,59.915990806541096,848,478,172.44611553770778,170.90531960666968,172.52494233892662,137.28284605496506,86.61986662509436,76.43260931285846,16.93542735494357
side_person14.mp4,side,623,10398,59.915990806541096,848,478,171.36283694467036,170.7864657937595,172.28832914168174,139.7453094006026,86.37094357667716,73.01646679085977,16.180731053605914
side_person14.mp4,side,624,10415,59.915990806541096,848,478,171.1495785166624,170.2872020026171,172.0312028706225,139.7468450121267,86.13283524417253,73.42972448864738,16.252646678022867
side_person14.mp4,side,625,10431,59.915990806541096,848,478,169.88763461873424,169.3622144327559,171.2828438638908,141.08636018643867,84.90078080152021,71.16431252054414,16.13653556907924
side_person14.mp4,side,626,10448,59.915990806541096,848,478,171.06546045406736,169.53638390129845,170.7083705662443,141.51676981026165,87.9846616405649,73.81471625530295,15.053950893734948
side_person14.mp4,side,627,10465,59.915990806541096,848,478,169.0209847101544,168.48778293960976,169.90948957533374,143.1462233299362,85.66223455231331,81.29732121913192,14.936074983791547
side_person14.mp4,side,628,10481,59.915990806541096,848,478,168.17434759531085,167.42172145190224,168.48661822014674,142.50600757203463,88.47229519897495,83.1287312112298,14.306717960614208
side_person14.mp4,side,629,10498,59.915990806541096,848,478,166.5273604399328,165.16115466458834,167.49420715025371,143.9785714641035,90.41361150953308,85.4088322934968,14.815627972616715
side_person14.mp4,side,630,10515,59.915990806541096,848,478,165.29832618331687,164.18433694452338,166.45287021529376,143.8039469768434,90.3220960706936,88.86167419594057,15.784844631960368
side_person14.mp4,side,631,10531,59.915990806541096,848,478,164.0114788910648,162.95271958893665,165.92186174551708,145.76584924222036,88.78626831523727,91.59328206952215,15.434076897314048
side_person14.mp4,side,632,10548,59.915990806541096,848,478,161.656127223697,162.01203706075538,163.58600294332186,145.09813717223946,88.35770319828616,94.30068251507291,15.849503917153696
side_person14.mp4,side,633,10565,59.915990806541096,848,478,157.74057280554615,156.8847268383326,161.25778806716383,148.83527777388485,88.51825889315447,100.81119270361005,15.388234399592061
side_person14.mp4,side,634,10581,59.915990806541096,848,478,153.95393457457462,151.15143090521207,158.37096597377212,151.95302165468985,89.60907115863148,105.46359419428305,15.129598974907582
side_person14.mp4,side,635,10598,59.915990806541096,848,478,150.19875816918608,148.89160921731047,153.8523458783973,150.9418563863786,91.90315308511637,109.2501878482149,15.163524056251784
side_person14.mp4,side,636,10615,59.915990806541096,848,478,146.28175452617845,139.3227299626932,151.8739268158593,156.3131553537854,92.15914943890347,110.34852860865209,14.612148371143654
side_person14.mp4,side,637,10632,59.915990806541096,848,478,144.03314471765162,135.7758487564796,151.03639939640695,155.6178111782925,88.82461687700001,109.1814498446691,14.52634742413795
side_person14.mp4,side,638,10648,59.915990806541096,848,478,142.56221339975156,134.1219323844326,150.1662957898549,153.89217268692855,88.26096626250482,113.74676392647727,14.625228734454922
side_person14.mp4,side,639,10665,59.915990806541096,848,478,140.75109706226834,132.1948198744489,148.7792122362342,151.38179626002747,90.53097788248513,117.31007333253443,14.614865853954697
side_person14.mp4,side,640,10682,59.915990806541096,848,478,138.15755342012557,129.86985238071318,144.9019187059052,149.84521016480957,97.30567704641167,120.15440237192807,14.69316860722656
side_person14.mp4,side,641,10698,59.915990806541096,848,478,135.94209024808862,125.18477861593274,142.53938242436655,147.84472233696354,98.16728306760263,121.43250746798421,14.598055349962097
side_person14.mp4,side,642,10715,59.915990806541096,848,478,133.1953103517343,122.01667170162236,138.28086015287562,145.84041504580048,99.44987210814261,123.41739919769903,14.899071969028464
side_person14.mp4,side,643,10732,59.915990806541096,848,478,129.098382862375,121.00469801220382,133.56629071124163,142.91854842328192,101.65816971520279,128.3648517787187,15.388047233734044
side_person14.mp4,side,644,10748,59.915990806541096,848,478,126.13503046533106,120.24873476929794,131.27903409582075,139.73756641520177,103.02392518221566,130.86201062764425,15.592228382235161
side_person14.mp4,side,645,10765,59.915990806541096,848,478,123.29216895006516,119.49967635951347,129.05750226007962,136.1734184364259,103.74349444191252,131.60825452121296,17.122228669818703
side_person14.mp4,side,646,10782,59.915990806541096,848,478,119.24733008337586,117.85170051510238,125.05075217735397,131.07272504830223,98.91877417311318,132.17160752492427,19.535146647343677
side_person14.mp4,side,647,10798,59.915990806541096,848,478,115.50403784804035,116.53519174048458,120.10110012787861,126.64333907927859,108.1223372539728,143.4837456460876,24.667531806542854
side_person14.mp4,side,648,10815,59.915990806541096,848,478,112.99089125970943,119.37398741035261,117.66733292660506,122.63702944535764,118.7222826104642,142.59228039018745,25.699071412069635
side_person14.mp4,side,649,10832,59.915990806541096,848,478,111.1876051265297,118.4322880415608,115.67721214244654,119.20735413130906,124.92733547020502,141.1630492767232,27.72573437234829
side_person14.mp4,side,650,10849,59.915990806541096,848,478,108.13983964626576,117.73306711166032,113.60563368761935,116.50511122252362,125.64659274113481,141.53916375163573,28.51170023015895
side_person14.mp4,side,651,10865,59.915990806541096,848,478,105.89550575946258,117.55089683479517,111.34478304272122,114.65120751837892,123.0079062367628,142.44414884794853,30.9307167299668
side_person14.mp4,side,652,10882,59.915990806541096,848,478,102.89708818813746,117.96919091089103,108.16896143068254,111.81512851518868,117.5315231441604,142.68838816342048,32.130688467228886
side_person14.mp4,side,653,10899,59.915990806541096,848,478,100.5011898871865,118.00420155501317,105.87406540000175,109.2194502566664,120.91779968868813,142.99683612094924,32.496283640283814
side_person14.mp4,side,654,10915,59.915990806541096,848,478,98.89400017673528,119.86279406278851,104.86595471107916,108.79853694937093,126.01835906715824,146.30027015750926,34.47619925811791
side_person14.mp4,side,655,10932,59.915990806541096,848,478,98.52401867277634,126.39675475897008,105.0341877521393,109.12044383825321,127.22439930042574,150.19959480810724,35.36956497213458
side_person14.mp4,side,656,10949,59.915990806541096,848,478,98.38597781317954,123.78237374731904,104.9608159234431,106.87505334699513,131.6049310461179,150.77236247530212,35.5705850736079
side_person14.mp4,side,657,10965,59.915990806541096,848,478,96.26238236248314,119.73740534903496,102.77792893962277,102.26745142384407,127.22613343789533,148.58831913172597,34.333738956719024
side_person14.mp4,side,658,10982,59.915990806541096,848,478,90.49670405310232,116.52096330691998,97.39580023383778,100.60562653613583,121.10115510893273,146.02717504830085,34.75612640705949
side_person14.mp4,side,659,10999,59.915990806541096,848,478,87.55802132396936,112.82359345503355,93.87381681234929,98.64042973981876,128.11474747258427,152.06224955616307,34.149312932478274
side_person14.mp4,side,660,11015,59.915990806541096,848,478,85.18372640576823,111.78306062182254,91.41308244932773,96.89676088316514,130.81070581137203,147.81333767669244,33.84377498085773
side_person14.mp4,side,661,11032,59.915990806541096,848,478,80.79673077685754,110.52848044767451,87.03752587119233,94.11604130608072,130.24170207147515,146.27600505001632,32.90571888516252
side_person14.mp4,side,662,11049,59.915990806541096,848,478,68.82721112971564,108.65049026336389,75.47714678757097,91.92666322252408,126.21841826451451,147.22950880185596,32.9950251142378
side_person14.mp4,side,663,11065,59.915990806541096,848,478,61.862993219858154,108.47422093747676,69.30274625885211,90.71952773176862,123.81284955355837,147.59896967820052,32.22910269555674
side_person14.mp4,side,664,11082,59.915990806541096,848,478,58.14523806792653,109.86137313268233,66.30060648208601,91.45683124824797,123.49176598871009,145.9717090712342,32.22945945388184
side_person14.mp4,side,665,11099,59.915990806541096,848,478,55.859377218891716,110.72714422035025,64.29996149303362,91.5602833605826,123.54309803894368,146.0183246287786,30.649962987614764
side_person14.mp4,side,666,11116,59.915990806541096,848,478,53.48725541182162,110.80452236561868,62.51918277162613,90.66142310237836,124.2488653575646,145.56186563733363,28.995836821713795
side_person14.mp4,side,667,11132,59.915990806541096,848,478,49.33956291641314,108.24410277844039,58.37558867851841,88.58711798773236,124.44756116127233,146.974729344916,28.72598518936321
side_person14.mp4,side,668,11149,59.915990806541096,848,478,48.08651837512154,106.40020784553178,56.27560066313779,86.59237907685532,121.99739530020912,146.72551581615696,28.194639423887153
side_person14.mp4,side,669,11166,59.915990806541096,848,478,47.308315841090945,105.9542046922425,55.09399484522837,85.50487833604404,120.72471980397678,147.45549653614918,28.461955263335437
side_person14.mp4,side,670,11182,59.915990806541096,848,478,46.58910631069228,105.59902697033368,53.977915203973645,83.87885659348251,120.32212849833199,146.8197048382818,27.91677981282855
side_person14.mp4,side,671,11199,59.915990806541096,848,478,44.48891453052633,104.31057403635869,52.93265297797228,82.59808186723201,120.79870757831061,147.75916335965263,26.595490744179564
side_person14.mp4,side,672,11216,59.915990806541096,848,478,44.39814820077885,99.59254153247414,51.79512068110239,78.91951075334033,117.58997263144494,148.84134721299876,26.0096905259326
side_person14.mp4,side,673,11232,59.915990806541096,848,478,42.83818456114181,100.66894600475756,51.15140687908104,77.36499006578799,118.02663072931955,149.360920235301,25.60244781073032
side_person14.mp4,side,674,11249,59.915990806541096,848,478,43.161606102926854,97.43936494532188,50.463707999419874,73.70349140722477,119.4663681366896,151.41949115325167,24.20001586168087
side_person14.mp4,side,675,11266,59.915990806541096,848,478,42.18745532656287,92.89243422114903,48.79966576102496,68.61245511124763,121.91012725567992,153.66512500400955,23.941903058450617
side_person14.mp4,side,676,11282,59.915990806541096,848,478,39.487108822299554,88.49112795807605,46.93031514404292,64.59807268699774,125.99510187081962,157.01556380632434,24.465036276930817
side_person14.mp4,side,677,11299,59.915990806541096,848,478,39.29879002524626,85.38402661515009,46.5364866608291,62.408012130360454,124.28961371066795,157.80762305872616,24.474305549700127
side_person14.mp4,side,678,11316,59.915990806541096,848,478,39.52411556135883,83.39146152928659,46.79456510860655,61.22642069455557,125.5877561290275,158.5137139317637,23.851645540365116
side_person14.mp4,side,679,11333,59.915990806541096,848,478,39.020406998167275,84.681463592696,46.432545990691814,60.89807452572455,123.94440086944438,157.90347601718244,24.17849443543555
side_person14.mp4,side,680,11349,59.915990806541096,848,478,37.829969823009186,84.28217481642602,46.25250667958352,61.01404414303708,124.64316275652523,157.57428766840206,24.35830209360405
side_person14.mp4,side,681,11366,59.915990806541096,848,478,38.499780649308285,82.59783160648513,46.606867113215735,60.03183986176982,125.46149920771944,158.3475392986401,23.976986886007037
side_person14.mp4,side,682,11383,59.915990806541096,848,478,41.2200174615405,82.93941180845086,47.551823606438646,60.242774234031415,122.19399058184648,157.95067695801714,23.552671649590405
side_person14.mp4,side,683,11399,59.915990806541096,848,478,42.096086763703255,84.78318655625237,48.503446906334915,61.725563519955514,123.40460827796818,159.01615737001725,22.31329413379129
side_person14.mp4,side,684,11416,59.915990806541096,848,478,41.792351239652845,88.5025156287535,48.778466388723096,63.58040995331899,123.36305407470466,159.91021936719451,22.333938442818543
side_person14.mp4,side,685,11433,59.915990806541096,848,478,41.45305095564978,96.00862846501931,48.65854265890201,66.48322959905371,127.7254900406902,159.51285477452444,22.30462795437476
side_person14.mp4,side,686,11449,59.915990806541096,848,478,42.82674827137031,100.00770555721064,49.73494608636481,69.93082737183747,122.88611768023483,156.06732866945444,22.07780486028893
side_person14.mp4,side,687,11466,59.915990806541096,848,478,44.22151576807168,102.94380585921361,52.74306487916191,74.61084427263347,120.48124408659396,153.27714113760422,22.2276436478931
side_person14.mp4,side,688,11483,59.915990806541096,848,478,47.1428070981624,106.48260019723602,57.8279518369074,80.19745123130471,123.27283193892416,153.74967236022184,23.048697454436564
side_person14.mp4,side,689,11499,59.915990806541096,848,478,55.35911557598546,109.79525795578537,64.75362410281791,85.31353872553929,125.23723499531464,151.17220180668463,24.10286653357116
side_person14.mp4,side,690,11516,59.915990806541096,848,478,62.488982492682666,114.20406754890641,71.20970743283762,91.69602193741864,123.87479034824091,147.98069461557523,26.98638610478508
side_person14.mp4,side,691,11533,59.915990806541096,848,478,75.37153353767658,115.89863181489474,83.04732162149134,96.31121003308034,128.22332741352483,148.33454946486538,28.494255281107435
side_person14.mp4,side,692,11550,59.915990806541096,848,478,84.25911936685317,116.33640822676634,91.51306783179147,102.07972863065531,125.01661730123595,146.9806844884719,31.401482293757176
side_person14.mp4,side,693,11566,59.915990806541096,848,478,88.26600638088316,115.63647996088076,95.91827654228697,103.82812215699924,127.9414364248156,145.39258187137492,31.746299105953323
side_person14.mp4,side,694,11583,59.915990806541096,848,478,94.57999615957723,116.17650111086272,103.13506764141562,104.32495577212785,130.0642469482321,146.86618927867391,31.597489589259702
side_person14.mp4,side,695,11600,59.915990806541096,848,478,98.3281798597538,117.83002119456586,107.30621134743622,104.65985364087761,129.19658040095584,145.97542751881466,31.35419492270141
side_person14.mp4,side,696,11616,59.915990806541096,848,478,100.22082913430442,117.64248828378983,109.78730579220826,106.65095018742976,127.2030611583421,144.54346536008865,30.69580462788466
side_person14.mp4,side,697,11633,59.915990806541096,848,478,102.81555077623575,119.50818666623522,112.65901986635663,109.10835741309604,126.50235987161572,144.5949521571548,30.206980708769546
side_person14.mp4,side,698,11650,59.915990806541096,848,478,105.17093217796564,121.0780049655194,114.47942791090539,111.24788379429168,120.04783068381893,142.3326122180583,29.87551088842707
side_person14.mp4,side,699,11666,59.915990806541096,848,478,106.61999828883178,122.3646224292952,115.69315330006302,114.20292495921753,118.42955606353541,141.63614218940054,29.377697119593016
side_person14.mp4,side,700,11683,59.915990806541096,848,478,109.75814609366547,123.90942931854093,119.09596827010976,118.44880173705803,116.19712559295728,141.56163131333292,29.179314031854332
side_person14.mp4,side,701,11700,59.915990806541096,848,478,112.03822960405073,125.44288764528409,121.46004140741617,120.50185081350307,116.74539372677933,142.68143872576653,27.9598703257919
side_person14.mp4,side,702,11716,59.915990806541096,848,478,114.17751647286168,123.39914766965268,124.1391323269918,120.54195829968305,117.5004145393648,137.8737772193161,23.332947356487605
side_person14.mp4,side,703,11733,59.915990806541096,848,478,117.65331477446037,124.59137454960855,127.24671041155665,121.69622917354032,115.89756357647306,138.33403785617168,21.20949554734619
side_person14.mp4,side,704,11750,59.915990806541096,848,478,121.32884686884393,126.39257571940509,129.8526155272838,127.17096635995065,112.21449627599749,137.0516190692715,21.77535401362037
side_person14.mp4,side,705,11766,59.915990806541096,848,478,122.33558677840684,125.43688977345484,130.72825413876996,130.73161979369866,98.37350087376531,132.69455749210837,18.807652533782605
side_person14.mp4,side,706,11783,59.915990806541096,848,478,127.35129781709577,119.86598747031637,132.3633898693714,137.3855296753619,101.68030781782778,127.50733477067858,15.72498701263687
side_person14.mp4,side,707,11800,59.915990806541096,848,478,129.94112893338803,118.32114359055838,135.08316892651592,141.19021245688938,100.87325235718683,124.97650329125278,14.668499285097651
side_person14.mp4,side,708,11817,59.915990806541096,848,478,132.62329751674346,118.79653948514203,137.83713021681942,144.32997505146702,99.89073203933958,122.6016804337137,14.035563953893162
side_person14.mp4,side,709,11833,59.915990806541096,848,478,136.0196806040465,123.2950685889031,140.54998730402434,147.73723037176606,104.55734666866273,122.82798693243214,14.315573810656607
side_person14.mp4,side,710,11850,59.915990806541096,848,478,137.00708910417083,126.47501914578186,141.55428450129241,149.83858354665338,99.59942378286908,122.44665589369525,14.461752528039144
side_person14.mp4,side,711,11867,59.915990806541096,848,478,139.54444181440203,131.0918218647543,144.1988792883143,152.0594685755012,102.195978820597,119.55542467719619,12.858964792626638
side_person14.mp4,side,712,11883,59.915990806541096,848,478,142.3353446654405,135.03437067887765,145.84507102542125,154.2349157910439,97.64837932290052,132.47196569049598,13.199071034511928
side_person14.mp4,side,713,11900,59.915990806541096,848,478,145.9268535995343,148.64648599227561,147.65453986867638,145.7936831426865,95.7848418762157,113.84215491716984,13.066921466265565
side_person14.mp4,side,714,11917,59.915990806541096,848,478,150.7759046052642,156.37323092188166,150.77113320070853,140.01196513142347,97.65102989956637,103.9975373226467,13.602839389230388
side_person14.mp4,side,715,11933,59.915990806541096,848,478,155.2131982891418,157.8925828139624,155.0711766919745,143.62295745700857,96.06372079600389,102.61946783099859,13.866173515848198
side_person14.mp4,side,716,11950,59.915990806541096,848,478,159.81039088056187,163.6568639984466,160.83264871555838,138.64789290498433,88.58152305691318,89.94120493737135,14.018380110695366
side_person14.mp4,side,717,11967,59.915990806541096,848,478,162.8042541857223,166.46061192850098,163.07348801154737,138.30938633507404,88.48290537830165,82.95846429213312,14.046983964591076
side_person14.mp4,side,718,11983,59.915990806541096,848,478,165.52840027079574,169.41293988229125,163.91590195453222,135.1105554909401,89.51025079599594,76.05479128357116,15.338839496287031
side_person14.mp4,side,719,12000,59.915990806541096,848,478,167.87673339225677,171.4325518760733,165.77410603909996,135.13257940952252,89.94126150874484,72.4400555469103,15.937351425446908
side_person14.mp4,side,720,12017,59.915990806541096,848,478,169.74194566849152,171.78229945268998,166.4721481998297,136.8702823333858,89.74368080480328,68.95347175633167,17.095382700275994
side_person14.mp4,side,721,12034,59.915990806541096,848,478,170.34195801612836,171.3642479925898,167.01418551491932,138.5008444201102,86.92159368526511,65.46825443709797,19.40658882263223
side_person14.mp4,side,722,12050,59.915990806541096,848,478,171.7805360444297,172.18972750590797,169.16254514170242,138.97420212221311,85.76727979987768,67.41191512066723,20.794160233820076
side_person14.mp4,side,723,12067,59.915990806541096,848,478,172.84663225630106,172.63822481680953,170.53652456533132,139.33582352651044,85.26799302154066,69.0983017003228,20.701089417790566
side_person14.mp4,side,724,12084,59.915990806541096,848,478,173.41367355752578,172.80296754630245,171.18650794279674,139.67110303283908,85.39705426304427,71.49626909608173,20.367358725083196
side_person14.mp4,side,725,12100,59.915990806541096,848,478,173.56468537940697,172.31572157837115,170.72921739162112,140.2236123253549,86.40246276830382,71.86849715464905,19.952466457587693
side_person14.mp4,side,726,12117,59.915990806541096,848,478,174.48454814951043,172.1194308914822,171.48373648788368,139.46516081042373,86.25634101361528,72.18613137673987,19.725517923430868
side_person14.mp4,side,727,12134,59.915990806541096,848,478,174.11749017985917,172.24943668557808,171.57414752359156,138.95340267723,85.70200495400802,71.87406612014301,19.671803566628302
side_person14.mp4,side,728,12150,59.915990806541096,848,478,174.54267821607044,172.01576431814885,171.53212237379373,139.27866081773325,87.3353993149,72.32654919926749,18.95077194383109
side_person14.mp4,side,729,12167,59.915990806541096,848,478,174.89298508136466,171.7510064211326,171.75938229414552,139.3242280350328,87.56421965292762,72.22681143423576,18.560892994355978
side_person14.mp4,side,730,12184,59.915990806541096,848,478,174.93459690969237,171.38252950990386,171.85444247742325,139.7324560869587,88.4161607982393,72.5280388565655,18.289642133240367
side_person14.mp4,side,731,12200,59.915990806541096,848,478,175.13710426322302,171.19727952181228,172.36834661944144,139.54752851281444,87.46616775870099,71.01160499866803,18.711092337851472
side_person14.mp4,side,732,12217,59.915990806541096,848,478,175.58256594551182,170.89785830708678,172.71862569995758,138.67468986159278,87.96043643442829,70.70788268499322,18.625351768413246
side_person14.mp4,side,733,12234,59.915990806541096,848,478,175.85151024161922,170.62165813754504,171.9468229370577,139.4690592263717,90.9037828001123,71.37498055235338,18.99461772290516
side_person14.mp4,side,734,12250,59.915990806541096,848,478,175.74548798499035,170.8188170546771,172.22341322925183,140.02736210901963,90.28452898655476,67.6491566662959,18.882481689185827
side_person14.mp4,side,735,12267,59.915990806541096,848,478,175.78005167851794,170.51742842730465,172.29323485529665,140.60719941985866,89.51793108740806,71.23290631887772,18.735415724123758
side_person14.mp4,side,736,12284,59.915990806541096,848,478,176.0763623866979,170.62898263121707,172.76240904419726,139.5195721383636,88.47717564202469,73.22859869179615,18.811519610276495
side_person14.mp4,side,737,12301,59.915990806541096,848,478,176.15204656890768,170.6270434812429,172.62150266652725,138.84876368072952,89.28798134764182,73.111869163967,18.723022453251314
side_person14.mp4,side,738,12317,59.915990806541096,848,478,175.19219495621454,170.55170598100156,173.2676969593714,138.91812058651595,87.66776048744835,76.81410357347954,18.402936107527008
side_person14.mp4,side,739,12334,59.915990806541096,848,478,175.4127281631078,170.3392595422534,172.62813808190728,137.97572258885617,87.9068699460669,74.35315277424947,18.806157271708695
side_person14.mp4,side,740,12351,59.915990806541096,848,478,174.51434853035624,170.50813149216802,174.48707809548657,141.223846829175,83.41829307002075,73.21712633713359,21.238496798264723
side_person14.mp4,side,741,12367,59.915990806541096,848,478,172.6445900852425,171.89916518876987,174.0104298588746,139.97027467792995,79.5109786658421,70.32671491897739,20.13704456659171
side_person14.mp4,side,742,12384,59.915990806541096,848,478,174.16931396970077,172.61332226106197,174.36682705243922,138.67693950737953,84.2131005557947,70.44640082728576,18.52117479807061
side_person14.mp4,side,743,12401,59.915990806541096,848,478,174.8639902182456,172.11403668107477,174.22412268719566,140.0431044547644,86.71710763428725,70.90172363315651,18.39286495027894
side_person14.mp4,side,744,12417,59.915990806541096,848,478,175.5406879506,171.77789603518642,174.33167480312522,140.30118206039253,87.23383457691322,71.3818037261075,18.383978719092102
side_person14.mp4,side,745,12434,59.915990806541096,848,478,176.07269912421302,171.34545478660854,174.45987382002184,140.44386350146166,87.65247712018099,71.44321044916595,18.356452221013384
side_person14.mp4,side,746,12451,59.915990806541096,848,478,175.9857787647632,171.18330674533166,174.67831980630396,140.44024753616932,87.29790125654478,72.06354448661898,18.331218854407492
side_person14.mp4,side,747,12467,59.915990806541096,848,478,176.16992746250693,170.14337813929512,174.63158956746125,139.8068983429401,87.85206937258442,72.28218473147423,18.24954882522415
side_person14.mp4,side,748,12484,59.915990806541096,848,478,176.0765535351393,170.75406584295422,174.93413315941726,139.8975336952494,87.2137119805115,70.46805308446464,18.01729794636132
side_person14.mp4,side,749,12501,59.915990806541096,848,478,176.05572248033874,170.94767941165472,175.51504647396297,139.70629048144923,86.65316532125958,70.81518130053601,17.782216822858278
side_person14.mp4,side,750,12518,59.915990806541096,848,478,175.79032476322527,171.06166980746283,176.3265629177885,139.62876074413703,85.55936291971624,70.53976169656168,17.597058236747724
side_person14.mp4,side,751,12534,59.915990806541096,848,478,176.21423579429367,171.35845154542528,176.40135695584596,140.5143558340906,85.79651621015697,72.32459779474244,17.569332099737576
side_person14.mp4,side,752,12551,59.915990806541096,848,478,176.55759818564712,171.23277426947203,176.3302851012642,140.5576819944623,86.29045698898506,73.72095754685999,17.60757404234508
side_person14.mp4,side,753,12568,59.915990806541096,848,478,176.42274677721065,171.2010264598837,176.459557034617,141.63887244621986,86.16338742941103,73.1843781864251,17.566915442820697
side_person14.mp4,side,754,12584,59.915990806541096,848,478,176.43402090508974,171.03250533046764,176.51245912437804,141.38193770326026,85.80451876419063,71.5132322086416,17.595549929661978
side_person14.mp4,side,755,12601,59.915990806541096,848,478,176.34379590968592,170.6976886393933,176.4628234109259,141.49797272526666,86.0142689505368,73.7299713403677,17.258263240833646
