video,view,frame,timestamp_ms,fps,frame_width,frame_height,left_knee_angle_deg,right_knee_angle_deg,left_hip_angle_deg,right_hip_angle_deg,left_ankle_angle_deg,right_ankle_angle_deg,trunk_angle_deg
side_person7.mp4,side,0,0,30.0,848,478,175.68155523341522,173.05590286356932,162.01478691381683,142.3774860514914,104.60014825234425,94.83179291834993,16.119783274726874
side_person7.mp4,side,1,33,30.0,848,478,175.94603309829225,171.56093919468503,165.52904439145004,142.1142500545356,101.66100550675453,90.76999181016559,14.672169731221839
side_person7.mp4,side,2,67,30.0,848,478,176.41176610794275,170.39726445151575,167.4056531060561,143.0704590466201,98.26343997583207,88.01058058672739,15.909223167365498
side_person7.mp4,side,3,100,30.0,848,478,176.1378646699597,167.7074239249293,169.08108473391866,145.92391462184906,94.61794644917173,83.41544939407245,16.66336567069561
side_person7.mp4,side,4,133,30.0,848,478,176.69838834816522,167.8952783931408,168.86407305750132,145.09763884811454,96.70564227179807,81.87743767347328,16.669110530474615
side_person7.mp4,side,5,167,30.0,848,478,176.69480415963173,167.93177520004105,169.13036643144443,145.27320321396817,96.3310152404999,82.52437088929169,16.711711161607013
side_person7.mp4,side,6,200,30.0,848,478,176.5088730003397,165.67165126213357,172.2224891544784,145.89938179201528,92.32452748871766,80.75744609442404,17.234669533868946
side_person7.mp4,side,7,233,30.0,848,478,176.98312178509076,165.80862551553892,171.33036479094073,144.88662562692545,92.48183274397711,80.46335869226854,17.39620700129334
side_person7.mp4,side,8,267,30.0,848,478,176.76286112368365,164.78031480185825,171.77489579588212,147.55759993760418,91.26342064543898,79.90379264750378,17.223460788658915
side_person7.mp4,side,9,300,30.0,848,478,177.6642463224655,164.8429589504573,171.51888253568882,145.09248037089668,91.11588097860663,81.16472052013606,16.96755585638863
side_person7.mp4,side,10,333,30.0,848,478,177.56921904272366,165.87161153990192,171.82888966050635,145.76564369241152,91.23336074434451,80.77955409850246,16.698479348047712
side_person7.mp4,side,11,367,30.0,848,478,178.07752501023907,166.07636297956435,171.77083616962295,145.0105625994951,91.74316250254631,81.79369600684237,16.6545286694749
side_person7.mp4,side,12,400,30.0,848,478,177.87400513544384,167.06282333081913,170.55012099841062,143.91747672518184,94.89557897745443,81.4321187950286,16.51067552710495
side_person7.mp4,side,13,433,30.0,848,478,177.86964218881386,167.41961906816556,170.62731942915704,144.03256033781895,94.97151418698246,80.62089611863993,16.379500911126318
side_person7.mp4,side,14,467,30.0,848,478,177.80869309607922,167.40094318370973,170.69179792538688,144.1593813150995,95.09269110339696,80.11925410249107,16.377468471729422
side_person7.mp4,side,15,500,30.0,848,478,178.07498911113103,167.19779928449245,170.76170770561382,145.24708095214604,94.87387118997012,80.02012691659573,16.306401809050325
side_person7.mp4,side,16,533,30.0,848,478,178.08095999337363,167.02623317265085,170.83731909808063,145.23351195800038,94.6395002761701,80.49836816428254,16.300816560092052
side_person7.mp4,side,17,567,30.0,848,478,176.7109216300241,166.30795685137699,172.7951938177845,146.10353744759541,90.52466008783095,80.86090714043823,17.04090122441131
side_person7.mp4,side,18,600,30.0,848,478,177.34334401749044,166.5931933959186,173.05126148100842,144.94637437949896,91.80695684786615,82.3770265742906,16.966634508700338
side_person7.mp4,side,19,633,30.0,848,478,176.9069232312828,167.5019338760818,173.44350968604124,144.03688739686444,92.00547981377326,83.59054740538176,16.328253275206706
side_person7.mp4,side,20,667,30.0,848,478,176.65299485542948,167.99918921398177,173.17542320837643,144.56813459595233,93.0423369506676,82.88542253209697,16.353791117771735
side_person7.mp4,side,21,700,30.0,848,478,174.81866172995134,166.68921553530998,175.21329533321904,147.96643264062996,89.58025814513479,81.87704844193622,16.325559223503983
side_person7.mp4,side,22,733,30.0,848,478,175.5910493647584,166.3718705940414,174.60488305105378,147.55066744966524,91.0230281351731,81.83675959507418,16.3855322744896
side_person7.mp4,side,23,767,30.0,848,478,174.42190826425127,166.71799247461382,176.4984674015605,147.6266449387238,89.02106338690481,81.31097304274849,16.44611489218146
side_person7.mp4,side,24,800,30.0,848,478,174.25673601640878,166.76502603708596,178.6765342375722,147.34162126423536,87.2212220046881,81.80160226158878,16.312806077225282
side_person7.mp4,side,25,833,30.0,848,478,173.6072615861165,166.9157281993146,177.24711018010635,148.16319369085124,89.11465998687318,83.22027748955209,16.362326981871405
side_person7.mp4,side,26,867,30.0,848,478,172.78800703137608,166.41808778494493,176.43716358488084,149.4614898655492,88.18108026669893,83.90203854321408,16.764948206658207
side_person7.mp4,side,27,900,30.0,848,478,172.21220482810148,167.03961441138946,175.3161599348177,149.71791025031752,87.94874194360591,82.60239784888176,17.587640833229138
side_person7.mp4,side,28,933,30.0,848,478,172.15082097697396,167.12680247403017,174.51881517007035,150.27584502069448,88.19278098211272,84.08807165700001,17.592077511673942
side_person7.mp4,side,29,967,30.0,848,478,172.2636275414619,166.63388335530996,173.48983089530637,148.5417695063781,89.12953806215198,85.18399916854752,16.51525563340707
side_person7.mp4,side,30,1000,30.0,848,478,172.0513687380828,167.04783328335623,172.05029721509464,147.6558062114187,88.54786445483863,81.24889796081239,16.606094825193974
side_person7.mp4,side,31,1033,30.0,848,478,171.6879620116597,167.34182378249076,170.44346559953388,147.05509931363812,89.7766757750489,81.86066302496165,16.318132678449118
side_person7.mp4,side,32,1067,30.0,848,478,171.48065367207133,167.5652845538138,169.94321755017583,146.69377336595068,89.7002157675338,81.5046979991647,15.9377540059426
side_person7.mp4,side,33,1100,30.0,848,478,169.77212205092746,167.82980868435394,169.58888755726593,145.16368120651944,85.01956410610416,79.45746918431179,17.494629240639835
side_person7.mp4,side,34,1133,30.0,848,478,170.76114071003096,170.22754302250416,169.45922522407074,138.59965636671032,87.81927600782285,82.75392861027848,15.589634267071654
side_person7.mp4,side,35,1167,30.0,848,478,170.39808778677417,169.8557550677924,168.4792004239914,139.10757606056742,88.06686413379816,79.20874109779605,15.0944350000395
side_person7.mp4,side,36,1200,30.0,848,478,168.83951380759842,170.28396563295848,167.38861398530827,137.4221421597839,87.81490948283775,81.4925422698659,15.360084091765417
side_person7.mp4,side,37,1233,30.0,848,478,168.31593783011988,170.60079369415067,166.3095100129324,135.13978171971755,87.57136933628435,88.57168982475726,15.109157723212867
side_person7.mp4,side,38,1267,30.0,848,478,167.43557592031956,170.2106244000382,164.79707933248994,133.95861504809784,88.68488209300044,91.72464323557114,15.354050281560893
side_person7.mp4,side,39,1300,30.0,848,478,165.84650082605256,169.59913482312152,163.62160264394495,135.54524305817705,89.02897009624311,93.61892404558574,15.252172413997478
side_person7.mp4,side,40,1333,30.0,848,478,164.5275916582219,168.39413964012672,162.11902278812298,135.95419220874692,89.86812722868173,90.78581718211778,14.662909954615046
side_person7.mp4,side,41,1367,30.0,848,478,163.77913890114112,167.6203208262194,160.65169059905466,133.57631371145516,90.47882619633339,96.29432980554841,14.92329080209714
side_person7.mp4,side,42,1400,30.0,848,478,161.74086298807944,165.63365844159327,159.1947824445117,132.15054101260532,87.36101454231017,97.57773618693072,15.269837187496805
side_person7.mp4,side,43,1433,30.0,848,478,159.38435442431228,162.2056795592218,157.35286961253027,133.16933877106592,89.99332092323414,98.61135167896964,15.421544974610411
side_person7.mp4,side,44,1467,30.0,848,478,156.3064640640568,158.5263322660332,154.50545050676288,135.72879861055512,93.635824579154,105.24222122756011,14.556994656844884
side_person7.mp4,side,45,1500,30.0,848,478,154.72330274993274,157.23429422895626,153.05252300729236,135.08928922989227,93.44698857908584,109.87739947619613,14.071029974451617
side_person7.mp4,side,46,1533,30.0,848,478,150.14782819423715,151.58010074572007,149.40328294548985,138.64240960628905,95.58220689424,108.45992278461459,14.90728707104139
side_person7.mp4,side,47,1567,30.0,848,478,148.25694276066037,149.85799030405167,147.1296795887572,139.05112212726755,94.8181275796722,108.51787407064977,16.271758246266764
side_person7.mp4,side,48,1600,30.0,848,478,146.16658278258464,148.8150138237551,144.98886209776217,137.07702650946723,94.97943632095412,108.60960408492163,16.78955137595206
side_person7.mp4,side,49,1633,30.0,848,478,145.608934370199,149.36975527045223,144.03851022410288,133.44097668435694,105.39018518507717,122.26032422742408,17.071719385992484
side_person7.mp4,side,50,1667,30.0,848,478,142.70643676347078,144.36460944929078,142.55541133418035,135.9348661642557,102.77190896336118,120.066272026737,19.675992364102797
side_person7.mp4,side,51,1700,30.0,848,478,140.75775176175225,142.73773966914754,140.09485214271004,133.92774202458517,108.62059314982294,122.54539296042923,20.214253191320147
side_person7.mp4,side,52,1733,30.0,848,478,136.88141980889313,139.8463333607903,137.6913675056235,133.89449614724495,101.77367056069488,129.04958420749153,21.181066714124885
side_person7.mp4,side,53,1767,30.0,848,478,132.59582686581004,135.80351553707277,134.06714338930192,136.3263817762959,103.32942026599589,129.21510872803077,25.823046915253247
side_person7.mp4,side,54,1800,30.0,848,478,131.61193845260843,135.59593150446992,133.15142316491566,135.1107878244661,114.27858034417746,129.36641901098284,26.93914127001915
side_person7.mp4,side,55,1833,30.0,848,478,128.31224691618885,134.5178371342306,130.38444084474975,132.53373410034337,115.10159860475027,127.40280805827479,27.58926634605925
side_person7.mp4,side,56,1867,30.0,848,478,126.70611571554194,133.93333179347263,128.3356829404336,131.00090318728326,119.47900346843474,131.4699085707073,29.39773745269962
side_person7.mp4,side,57,1900,30.0,848,478,124.83916114398711,132.81523425598553,126.3198595815727,128.8915181145389,114.52272817889212,129.1095067743653,29.898589689345226
side_person7.mp4,side,58,1933,30.0,848,478,123.68995644367506,131.63721907573503,124.55391061048633,127.53252670741462,115.9432471592932,128.06638600414553,30.041481697570212
side_person7.mp4,side,59,1967,30.0,848,478,123.31333384778033,132.00088130880178,123.85846764836309,127.02656663290686,117.37370933565342,127.4985082955756,30.377817874120584
side_person7.mp4,side,60,2000,30.0,848,478,122.66962403347831,131.4859641091234,122.74370258924644,126.12604686187768,117.7729220207767,130.63062541896966,31.35222168245564
side_person7.mp4,side,61,2033,30.0,848,478,121.47971265350013,129.2463951782401,121.28400221021384,124.70991722727167,116.61368410187639,130.01181019779995,31.375059945278668
side_person7.mp4,side,62,2067,30.0,848,478,120.19974200483719,132.5669454027892,119.0462811873534,123.0650548298994,109.2400780435341,131.9441910237904,31.595592521065083
side_person7.mp4,side,63,2100,30.0,848,478,117.65887689174106,130.53709253545833,116.30491475792836,122.20810642779999,112.82501705734511,131.85115472473018,31.376801642875076
side_person7.mp4,side,64,2133,30.0,848,478,117.27127673595014,130.63764461361174,115.41560936387155,121.01369402735969,111.93198875929998,132.5087102965941,31.299009348679565
side_person7.mp4,side,65,2167,30.0,848,478,116.55049488478446,132.09684283417076,114.59897648589417,120.25381449867781,111.96234027916346,131.95265753074497,31.76838861930485
side_person7.mp4,side,66,2200,30.0,848,478,117.956149742642,134.64200379178303,115.58100865242848,120.115540897426,115.0756734003831,130.13058295357587,33.06177242007048
side_person7.mp4,side,67,2233,30.0,848,478,117.0798748107054,136.66110450771157,114.65064742301092,118.5182152071259,112.4756878797284,132.26607755185523,34.44609412941562
side_person7.mp4,side,68,2267,30.0,848,478,114.90164514535078,136.3334627253545,112.21264794143578,116.13307591459885,106.10268101007667,130.96739366126462,33.95399257889131
side_person7.mp4,side,69,2300,30.0,848,478,112.50350428034734,137.5208218651691,110.09348879725573,114.1284953621475,107.76708472002923,131.9592488999986,34.1608750253627
side_person7.mp4,side,70,2333,30.0,848,478,110.67018219549612,134.99081478635273,108.40766603588595,111.88784520335444,111.05321658362335,131.3086127616684,33.54835278233082
side_person7.mp4,side,71,2367,30.0,848,478,108.92018777250394,133.85624533566914,106.51460187972742,110.86414121835664,111.63451157077773,131.32695296221857,33.77447204672979
side_person7.mp4,side,72,2400,30.0,848,478,107.08614157641787,132.15782190619487,104.30209877703086,106.79470607336599,114.40634350195833,131.2428673549068,32.280152537563026
side_person7.mp4,side,73,2433,30.0,848,478,105.2044088240557,130.719550316069,102.41362725310732,105.81697827069088,111.22159316371072,130.10988820738697,32.005254634721304
side_person7.mp4,side,74,2467,30.0,848,478,102.79367516577868,129.76615804372548,99.78219202191492,104.68754046847916,111.54800930096012,129.56827191832292,31.547778827732227
side_person7.mp4,side,75,2500,30.0,848,478,100.937245209044,129.89027340277286,97.77302565911134,103.80388269304069,110.97163959739906,130.06965948588066,31.258812122948807
side_person7.mp4,side,76,2533,30.0,848,478,97.13915935225003,130.02786055692653,94.08642087736129,103.11699342799608,113.10241744597076,130.6447546499557,31.331690178052554
side_person7.mp4,side,77,2567,30.0,848,478,93.29291955450375,129.0282935034155,90.3773128209525,101.4465448912923,114.35365349161246,130.24621762839155,30.647912095576167
side_person7.mp4,side,78,2600,30.0,848,478,92.12493801256676,128.51976751875594,89.04206826952972,101.05650089481422,114.20451226909223,131.46729461531262,30.792883062362847
side_person7.mp4,side,79,2633,30.0,848,478,92.13147250191925,128.2001309434491,88.92105119739747,100.88101242168386,116.09850526759838,131.2446581607507,31.020564886101734
side_person7.mp4,side,80,2667,30.0,848,478,91.09418225330705,124.70367614648372,88.14814834614339,100.13633210599733,115.77781598619195,129.16606326672175,30.940247999650882
side_person7.mp4,side,81,2700,30.0,848,478,91.27892571080652,125.17488452389524,88.1628440581923,99.78796854421277,115.26816679930734,130.60609330482563,31.023576866402873
side_person7.mp4,side,82,2733,30.0,848,478,89.60602605371932,125.18028782769535,86.79734721438528,99.62831342782239,115.85973290050417,130.0661065574252,31.040122385978066
side_person7.mp4,side,83,2767,30.0,848,478,89.86867851482113,125.00275153610701,86.9909799862427,100.32494767157371,116.73397777739137,130.34623813499323,31.45475510816858
side_person7.mp4,side,84,2800,30.0,848,478,89.13368981079493,124.56840974392628,86.21846816585226,99.64015889185413,114.82719976638137,129.2578435587218,31.075338348020434
side_person7.mp4,side,85,2833,30.0,848,478,89.39405871832197,124.70893967759223,86.40942359914341,98.8450498756643,120.4693338313867,129.54908630458831,30.732815173473803
side_person7.mp4,side,86,2867,30.0,848,478,89.5444482589242,124.83256487722885,86.414331546366,99.55475770244772,120.17460393277081,128.82700007699594,31.22629674600473
side_person7.mp4,side,87,2900,30.0,848,478,90.07754395722942,124.88603643347446,86.89932318101447,98.8410648594482,119.47697939750852,129.14027848467381,30.701174854307666
side_person7.mp4,side,88,2933,30.0,848,478,90.30694044975948,124.77679978471883,87.06659537374465,98.88808943942695,118.61335704737122,129.1329302158258,31.08684850610765
side_person7.mp4,side,89,2967,30.0,848,478,90.48738927044289,125.10437737375699,87.20504462385254,98.14255613961717,118.72466330186747,129.0592120500675,30.770078790705618
side_person7.mp4,side,90,3000,30.0,848,478,90.87904853665248,124.1958917751801,87.50634942656905,96.83127278681461,118.00174450355539,129.64896384152655,29.716933179861577
side_person7.mp4,side,91,3033,30.0,848,478,91.76760853389312,125.8708393421319,88.43754189549719,96.05079882692434,118.50411979825451,130.81520462219027,29.079390651388913
side_person7.mp4,side,92,3067,30.0,848,478,93.45402290288948,126.02198888610653,90.05588868121136,96.44210854206219,118.18650223462055,130.9483765400485,28.916177544273165
side_person7.mp4,side,93,3100,30.0,848,478,95.07454276575575,126.98874873798621,91.55612178719804,96.29255203863761,120.15987816254248,132.05787456477321,28.806512774825514
side_person7.mp4,side,94,3133,30.0,848,478,98.56323843104602,127.18370427789336,94.96452362873214,97.2179862231455,117.8254367016717,132.23621932087516,28.812010240496196
side_person7.mp4,side,95,3167,30.0,848,478,103.04300187238518,126.39688280092436,99.26220629746064,97.99882259656326,117.31524048843805,131.24160563302897,28.16632413883334
side_person7.mp4,side,96,3200,30.0,848,478,105.0740175979509,127.67932836844598,101.78219054328834,99.93517759531174,116.16327888289318,131.09726040170165,28.160797331750853
side_person7.mp4,side,97,3233,30.0,848,478,107.57603751465973,129.5503722637747,104.90812286972901,105.53383281337732,112.55970155899334,132.09792897486335,30.527870236635433
side_person7.mp4,side,98,3267,30.0,848,478,109.41964228231838,130.99316876244504,106.80357118584449,108.62866890695483,109.92116569994002,130.42105673701022,31.619911674760555
side_person7.mp4,side,99,3300,30.0,848,478,112.98055721502797,132.99729213719112,110.23525791389055,109.47580683538419,108.53694106175747,129.30739394667444,30.99164615104874
side_person7.mp4,side,100,3333,30.0,848,478,115.08067414134928,133.28767485075096,112.35796647086711,108.61485548423299,110.66101845429728,129.39771208409184,29.409350084429587
side_person7.mp4,side,101,3367,30.0,848,478,117.75039199045109,131.1116860953398,114.88547874444899,110.34017215165402,107.12265309153842,125.1437030046615,27.792479650092673
side_person7.mp4,side,102,3400,30.0,848,478,122.04888409566827,131.27906720078224,119.43934032399515,114.24116470778756,111.87049290727012,126.87466301331975,27.393916988773757
side_person7.mp4,side,103,3433,30.0,848,478,124.3646767595756,130.98353821466605,122.0081967894593,120.02136352719812,111.22468514313381,125.42717177984805,29.614048847960422
side_person7.mp4,side,104,3467,30.0,848,478,127.81593526286538,131.2284311039721,126.15029064662765,124.79570765038562,109.76719727860015,124.34027995079502,30.93711105637554
side_person7.mp4,side,105,3500,30.0,848,478,131.30493902558828,134.26374096678498,129.76205325098036,127.42194043708956,109.83342196674582,122.88310977440348,30.994718899944075
side_person7.mp4,side,106,3533,30.0,848,478,130.52860218726835,133.53716602633867,129.85578138398904,129.56230907463808,110.05138070246656,122.73241205486853,29.982390676665734
side_person7.mp4,side,107,3567,30.0,848,478,132.5370376984847,136.3881121940831,132.03628168233783,131.45428580796133,110.88523879634957,124.06993737468285,29.11495137355897
side_person7.mp4,side,108,3600,30.0,848,478,134.04408376273742,138.28579594686866,133.7493009310471,132.48129350703553,110.92906083226413,123.44898251739012,27.853306095090836
side_person7.mp4,side,109,3633,30.0,848,478,135.26216771683613,139.12972648971711,135.00889417526113,133.2566931892208,110.02669359059632,121.90134031306556,25.970660649630823
side_person7.mp4,side,110,3667,30.0,848,478,139.9888236207123,142.59392560126088,138.21121042321192,128.2576466262541,112.5381212897327,127.80044101489864,20.054944081018277
side_person7.mp4,side,111,3700,30.0,848,478,142.46436991888862,143.56709184037743,140.6194124510283,130.60336734344435,111.86524885036063,125.28942438815487,18.911873998273105
side_person7.mp4,side,112,3733,30.0,848,478,144.08820811447347,144.80422482988305,142.24713015497238,132.80053447278297,100.75265873187027,122.4595881749878,18.190277717177963
side_person7.mp4,side,113,3767,30.0,848,478,147.82763640772316,150.12789724082197,144.8787126316948,130.94922837624887,96.96549098591686,119.40459174071734,17.687049891320743
side_person7.mp4,side,114,3800,30.0,848,478,150.92316647897997,150.48193199242905,146.48726493024952,135.15281528156802,91.80310221308936,114.06534356373402,18.025481292634506
side_person7.mp4,side,115,3833,30.0,848,478,153.4025662220167,155.98714835390714,148.62648672325696,133.24578466771152,90.71086878194625,108.02526194894948,17.164379148349603
side_person7.mp4,side,116,3867,30.0,848,478,157.8981421509778,157.81728264552783,151.77592083247973,134.33742716864435,98.46816227610928,106.23964349797697,16.03267534034567
side_person7.mp4,side,117,3900,30.0,848,478,159.61233579609473,160.52316809904573,153.857820905092,134.84775371047613,88.84169247474757,100.86041084873403,15.93945014769099
side_person7.mp4,side,118,3933,30.0,848,478,162.7917222026488,164.49280668894642,156.41537150018837,133.78553331457368,89.22201982842229,90.45684918100913,16.49089540465274
side_person7.mp4,side,119,3967,30.0,848,478,163.90650658468732,166.33510053069006,157.97800915308557,134.7530451374511,83.8181557949034,85.61337565987957,17.196220122985785
side_person7.mp4,side,120,4000,30.0,848,478,166.75107780075416,168.2899843689941,159.79423483798746,135.7123116222673,84.35933712858686,83.47941413283056,17.38281025321015
side_person7.mp4,side,121,4033,30.0,848,478,168.0226802725999,170.7203581647712,161.22094847584654,134.07036749668185,83.10136506561552,83.49788335792637,17.266668887718655
side_person7.mp4,side,122,4067,30.0,848,478,170.960764765987,172.22201359501418,162.0602630970993,133.91487109012238,87.06277873667041,84.39604837597615,17.465325754598364
side_person7.mp4,side,123,4100,30.0,848,478,172.59734048576422,172.97980480169093,162.62870070238628,134.48763200314707,90.0183247804968,93.23634419067024,16.468313796501814
side_person7.mp4,side,124,4133,30.0,848,478,173.8758450284448,174.2175310000918,163.48288096303364,137.251143242744,89.87371391203008,78.70964417111935,16.031310224303425
side_person7.mp4,side,125,4167,30.0,848,478,173.9181757605176,173.62084375486998,164.22066707370826,139.28385904076657,89.65116342172614,77.25896531041315,15.920959625848141
side_person7.mp4,side,126,4200,30.0,848,478,175.6204420830519,172.76214928767882,165.49253808308544,140.82601896340452,90.19052368863625,78.43263556395898,15.411608565009859
side_person7.mp4,side,127,4233,30.0,848,478,176.83110602528276,171.4757603165802,166.22790164833597,141.24435188893682,91.22638797839868,80.02360170418895,14.968077606713752
side_person7.mp4,side,128,4267,30.0,848,478,177.3215962950202,171.79893166118507,165.14768935601867,139.22032975220893,96.23489806550789,80.61176727161386,14.73529596645426
side_person7.mp4,side,129,4300,30.0,848,478,178.07642364271496,171.62807732233472,165.83838506708685,137.71198101785848,95.81230984295519,83.20142564859309,14.685894517428597
side_person7.mp4,side,130,4333,30.0,848,478,178.65762019961463,171.76206358080884,166.2478107241514,137.89946415235445,97.28292123614074,79.17618189993455,14.170350253217691
side_person7.mp4,side,131,4367,30.0,848,478,178.7621270339073,171.62347356164258,166.84701258379644,139.85693205327308,95.43795374593577,79.75257264533663,14.004323156019298
side_person7.mp4,side,132,4400,30.0,848,478,178.0877225419571,170.77516844783693,167.36334528686484,141.61401378061987,94.34008469123584,80.8007381071986,13.988192198532703
side_person7.mp4,side,133,4433,30.0,848,478,178.01883372654245,170.06564472481173,167.90296652685285,142.0495280064134,94.42566961411578,81.10699375101952,13.887901051239243
side_person7.mp4,side,134,4467,30.0,848,478,177.09635388390825,169.89211964775942,168.64948446786644,142.28300036067503,92.97365612117308,81.02226773261306,13.948130977730363
side_person7.mp4,side,135,4500,30.0,848,478,177.06021228521385,169.2934838336407,168.511728206029,142.01106656183842,93.30673064808335,81.00659311508194,14.773161558036431
side_person7.mp4,side,136,4533,30.0,848,478,176.17609433230035,169.06566547601903,168.31294338919278,142.51490997389098,91.89198575439868,79.04673000810048,15.29226208079425
side_person7.mp4,side,137,4567,30.0,848,478,177.0623958070925,169.28527283886646,168.29467970856152,142.43569864176663,92.54076003085905,79.32240979356492,15.215552056159295
side_person7.mp4,side,138,4600,30.0,848,478,176.43588337029203,169.1026854087275,168.85926008808468,144.22698198718365,91.45830194326554,78.32166890884356,15.183959376354345
side_person7.mp4,side,139,4633,30.0,848,478,175.21138083380708,168.46804191859147,170.3402486181872,145.43157433220068,89.72822543870056,77.8364587573445,15.261754200670607
side_person7.mp4,side,140,4667,30.0,848,478,175.2167121751166,167.8112250075841,169.7783931728235,144.02720287433596,89.76854747807488,78.72602981781804,15.596464389290917
side_person7.mp4,side,141,4700,30.0,848,478,175.34927621690196,168.2313929632298,169.61895621110193,144.44699320189548,90.18313136172694,77.66139530526002,15.571428500575491
side_person7.mp4,side,142,4733,30.0,848,478,176.7557864056265,168.2695412817219,169.4958476887728,144.58874231523617,92.38825608712816,77.50094127220785,15.57399710589004
side_person7.mp4,side,143,4767,30.0,848,478,175.36874198898997,168.1725683609135,169.1834824881193,145.05168024825858,92.17703057432384,77.84319156584118,15.842942947124067
side_person7.mp4,side,144,4800,30.0,848,478,175.73035862272846,167.2745006242696,168.93330691571606,144.3300705201417,92.64801221173065,77.5776363620032,15.734497529789602
side_person7.mp4,side,145,4833,30.0,848,478,176.20477489341917,168.03071452531083,168.99920602672432,141.6536649791803,93.2395060252633,80.53568232323602,15.85774470436677
side_person7.mp4,side,146,4867,30.0,848,478,175.54403656270733,167.63399831039163,168.79731051326135,142.08475877642107,92.83883148878108,77.89615339206793,15.776440841192407
side_person7.mp4,side,147,4900,30.0,848,478,175.48446147540403,168.50075660005268,169.09449923354953,143.43646588460925,92.60017480989846,76.68008025813403,15.622424454965316
side_person7.mp4,side,148,4933,30.0,848,478,176.90660509222073,167.61218120617949,168.97280393157996,141.61836900651915,93.66763336058419,79.19066619299558,15.52963741823
side_person7.mp4,side,149,4967,30.0,848,478,175.29886194412694,167.7271884356604,169.46063537397222,142.7724501485079,92.57423183018346,80.56843923548004,15.467815949960373
side_person7.mp4,side,150,5000,30.0,848,478,175.3120219237441,167.63681408719322,169.53563850560388,143.73527922719273,92.83580817358403,78.42107315147426,15.359245582393083
side_person7.mp4,side,151,5033,30.0,848,478,174.52990861606312,167.26828121284584,169.83519911771614,143.80898683806058,91.06563866045353,79.209867094236,15.18758139615281
side_person7.mp4,side,152,5067,30.0,848,478,175.06053790655204,167.5287753032238,169.83156692261477,143.4142495060645,91.8931151740678,78.67481581944799,14.903153143705238
side_person7.mp4,side,153,5100,30.0,848,478,174.78035956709795,167.5394718023209,169.58456521988404,143.8278942447961,91.84202654486091,77.32838687033414,15.035387205259987
side_person7.mp4,side,154,5133,30.0,848,478,173.77144364626085,167.2359590844204,169.90795483887578,144.86639111331854,91.30929053462586,76.82506464021755,15.059590505014725
side_person7.mp4,side,155,5167,30.0,848,478,173.18483562971403,166.8776661983039,170.0622648005828,146.03492217183114,90.96380305765884,76.15564987029322,15.276671361875897
side_person7.mp4,side,156,5200,30.0,848,478,173.13194885780447,166.9026795110629,169.69530332529246,145.7741887791929,89.93167265765679,76.61975138582375,15.115724206471201
side_person7.mp4,side,157,5233,30.0,848,478,173.1561129510635,166.6943499138377,169.12438350517516,145.9157677989005,90.68091447837607,75.64421827558873,15.184152859803872
side_person7.mp4,side,158,5267,30.0,848,478,173.10716488396668,166.6262676270875,168.78048200013384,145.16727318507756,89.98483808344493,75.24136374884104,14.612446062030733
side_person7.mp4,side,159,5300,30.0,848,478,173.5925003905474,167.17935394510815,169.00917155844084,143.604132991187,90.79757390764621,77.62417461342075,14.542224543609711
side_person7.mp4,side,160,5333,30.0,848,478,173.50699674996122,167.38369259014755,168.50298413561157,142.9411470134551,90.74805122556748,77.7953190124574,14.557267600640998
side_person7.mp4,side,161,5367,30.0,848,478,172.98107236728043,167.9369104885476,167.4827309352742,142.43607711542194,90.78133776472183,77.4999295543293,15.271223000570432
side_person7.mp4,side,162,5400,30.0,848,478,173.04991478707856,168.63455134346688,166.18594547853098,142.25646217873765,91.0790661318396,77.93460131895813,16.30021061299251
side_person7.mp4,side,163,5433,30.0,848,478,170.74902211679188,168.78065651279059,165.9656573937039,142.88794852492592,86.4919256111788,74.79661211045462,17.625660794489526
side_person7.mp4,side,164,5467,30.0,848,478,171.1529691084482,169.4742382357681,164.70023566822096,141.91208568985672,86.86187722913013,77.4529186073856,18.305937550330608
side_person7.mp4,side,165,5500,30.0,848,478,169.75579182799518,169.35556644857948,164.66113980521638,141.11128274112673,83.73892913105779,77.78113701756303,18.78172782017244
side_person7.mp4,side,166,5533,30.0,848,478,169.27340455159035,169.96193858389748,163.85527069404333,139.2510007509231,82.89900471095848,76.5273367909231,19.367853361855836
side_person7.mp4,side,167,5567,30.0,848,478,168.64292955638945,169.27536124828077,162.3735501335355,137.0891444369993,82.56777143661637,79.33935870087923,19.48665035763832
side_person7.mp4,side,168,5600,30.0,848,478,165.83856931298007,166.80184994765804,160.81342601708252,136.4077629303221,83.34584286276774,85.28358007831112,19.986101628529124
side_person7.mp4,side,169,5633,30.0,848,478,162.35783167763222,163.04904636482811,158.61506124154218,138.69618005652202,84.11442571993209,98.36490685576537,20.23180435547304
side_person7.mp4,side,170,5667,30.0,848,478,161.19135888977715,161.94714127225444,157.602621448486,137.51231830178742,83.36174502756118,99.86002001208358,19.256650651596466
side_person7.mp4,side,171,5700,30.0,848,478,159.93813888609645,159.46969227224008,155.90552050292322,136.80579830246597,85.14209071129973,98.23767727118589,18.34803404536009
side_person7.mp4,side,172,5733,30.0,848,478,155.53939393800218,154.3812115964055,152.65191785787786,138.611279224515,88.04535293014597,100.62395279225987,17.73121918579988
side_person7.mp4,side,173,5767,30.0,848,478,151.98620656099718,150.14623433414698,150.1720377110903,140.32371640540583,92.08207221417726,101.37002627525966,17.080028168194815
side_person7.mp4,side,174,5800,30.0,848,478,149.86481255632725,150.5187560007351,147.7569670683323,135.86490885190315,92.31056484782546,93.87833829267677,17.72761071868408
side_person7.mp4,side,175,5833,30.0,848,478,146.48159518984062,146.67521572080045,145.74982011560292,135.96377372747222,98.28825849314502,104.70167247292866,18.475015734486465
side_person7.mp4,side,176,5867,30.0,848,478,145.0871953079554,144.2999477566552,143.93168828783638,137.2273895584299,98.62663582618661,110.98471186171945,20.02837863468374
side_person7.mp4,side,177,5900,30.0,848,478,143.09450366552315,140.08668559184648,142.0443341303652,137.3818115632183,97.74423200650516,118.24474136992646,20.50654199332475
side_person7.mp4,side,178,5933,30.0,848,478,139.4271415760029,137.87806323853175,139.12226046375903,137.2404054861229,100.0798838538851,118.94169113068781,22.62349131330645
side_person7.mp4,side,179,5967,30.0,848,478,134.7360952713296,136.85310761355,135.27727978896397,136.47938158292396,106.71735465472267,119.0372009995661,26.19295167173127
side_person7.mp4,side,180,6000,30.0,848,478,133.30754778431384,137.67611347638828,134.08280841250286,132.6629233277226,114.98966227112744,125.56473508467562,25.57011648876816
side_person7.mp4,side,181,6033,30.0,848,478,132.42329141401154,137.15665832922332,132.62111933929526,129.31479669754933,113.26777142721737,127.4812150103887,24.931383067081956
side_person7.mp4,side,182,6067,30.0,848,478,129.85491623701057,134.978427737203,130.2450469675485,127.71752508556878,109.11819903919711,127.99984536127289,25.348087059240605
side_person7.mp4,side,183,6100,30.0,848,478,128.9597829378825,134.73746105052666,128.9512692688988,126.15941884467719,109.09786932354707,132.26522244006452,25.567808873714075
side_person7.mp4,side,184,6133,30.0,848,478,127.56687837458047,132.58196234385008,126.80802691905919,127.19383670877015,110.74431320946461,129.5977146072741,29.478981091954232
side_person7.mp4,side,185,6167,30.0,848,478,125.78623584385427,131.55171535934628,125.08282777208238,125.03050907314321,112.27370353755867,129.39820866975697,29.378396425693186
side_person7.mp4,side,186,6200,30.0,848,478,123.99811564494698,132.80750446200878,123.25774356487396,124.41861407874904,116.80565400283393,131.67080445193992,30.25373571608777
side_person7.mp4,side,187,6233,30.0,848,478,122.85718486136685,132.7638466164875,121.9676674527399,121.55540561915807,120.36980802149472,129.79460279712384,29.424535324666024
side_person7.mp4,side,188,6267,30.0,848,478,120.68558544676426,131.17994130326036,119.77417499362049,117.89659882355967,117.4664616768054,130.90606854587742,27.78358304032878
side_person7.mp4,side,189,6300,30.0,848,478,120.31214747716614,133.90219703902727,118.77420363861413,119.17149258466546,114.37146905558224,129.5518939941022,31.079860273224035
side_person7.mp4,side,190,6333,30.0,848,478,118.8476398604192,132.957507983561,116.88645494762783,117.98905134200464,111.97088890226439,126.54814871880711,30.75407373462005
side_person7.mp4,side,191,6367,30.0,848,478,117.19269791225393,131.9446531468058,115.31269460054287,115.90164276668013,111.98312257396594,126.28970661306813,30.52381921269587
side_person7.mp4,side,192,6400,30.0,848,478,115.28727202831664,133.90215729158493,113.50323711684675,113.15688029931911,110.0667973881835,127.71529523370195,30.40584575668574
side_person7.mp4,side,193,6433,30.0,848,478,113.83855660477238,131.78282157035272,112.33917132289108,112.82918721253122,109.97664670273895,126.9543561222569,30.988271467161788
side_person7.mp4,side,194,6467,30.0,848,478,111.46525942867872,130.59069264541841,109.92926075291147,111.46848650847258,109.93135886137091,136.03257120504105,31.139530905212034
side_person7.mp4,side,195,6500,30.0,848,478,109.28500244970276,130.245207294296,107.86706513546893,109.98133279281095,111.15656344992634,136.02948140069097,31.114102131946943
side_person7.mp4,side,196,6533,30.0,848,478,107.4644889352311,129.72660169061794,105.94229413764684,107.42485695591624,111.14704008438495,134.00123685981936,30.635651590256302
side_person7.mp4,side,197,6567,30.0,848,478,103.13575816770779,125.86119159339687,101.81526774368794,103.12982925601237,112.14941810267426,133.7324779628704,28.231619960163684
side_person7.mp4,side,198,6600,30.0,848,478,102.43494393923262,125.44131056568521,100.79022642183513,101.63957915019648,116.13154509398848,132.5023275554428,28.271881645429616
side_person7.mp4,side,199,6633,30.0,848,478,100.8680037373266,124.23638959200282,99.07887763385017,99.59857613753579,115.16795879873311,131.17707928811896,27.632827653882195
side_person7.mp4,side,200,6667,30.0,848,478,98.52477571974785,125.39483148699699,96.90064273423162,98.71256522342428,115.60582036888971,131.3837956992018,28.19198675192027
side_person7.mp4,side,201,6700,30.0,848,478,96.33740456822382,125.5929456794701,94.61127686092952,97.45306550836034,116.17731879569608,130.97681424740458,28.301921538810586
side_person7.mp4,side,202,6733,30.0,848,478,90.30819530404922,121.6079974768684,89.36971685351959,93.16882099996728,116.5929090899442,127.41756437274175,26.109360845265265
side_person7.mp4,side,203,6767,30.0,848,478,91.33345253555379,122.22047214309376,89.98918588483022,93.76315923387514,119.14350327784929,129.4859504931122,26.474383823870067
side_person7.mp4,side,204,6800,30.0,848,478,91.40265543525106,122.94157637306178,89.96735339371278,96.12210133004795,119.29840928968059,129.47114372465407,27.722201507900383
side_person7.mp4,side,205,6833,30.0,848,478,89.76190398853288,123.66502980150747,88.43280781036219,96.59089731335908,118.46472494272624,130.69373397108006,28.082324095440544
side_person7.mp4,side,206,6867,30.0,848,478,88.6167363948811,123.83941867530147,87.43852057028731,96.99123398016621,117.43784392522318,130.7988769163775,28.619487285039792
side_person7.mp4,side,207,6900,30.0,848,478,88.35262428585649,123.05298098489014,87.04015107324808,96.46251790636082,120.22465876700501,130.94810606170134,28.729632466950747
side_person7.mp4,side,208,6933,30.0,848,478,87.99862150268615,124.97606889789434,86.77185869710259,97.30069983842564,121.04680200665777,137.96131777102295,28.99054499292451
side_person7.mp4,side,209,6967,30.0,848,478,88.05361879252787,123.38444912509526,86.85310962662915,97.34965084983332,120.04293441725024,138.46516576274445,29.138308413713414
side_person7.mp4,side,210,7000,30.0,848,478,89.488837311003,124.24951591676596,88.04848041581259,97.3327631053925,120.51555255069778,136.81341655500097,29.166086516007077
side_person7.mp4,side,211,7033,30.0,848,478,89.51113707582732,124.96427131544775,88.18102106522412,97.34551114195406,120.32282658603306,139.19850299700087,29.197364042966413
side_person7.mp4,side,212,7067,30.0,848,478,90.21520822335879,124.8281338074023,88.69259956859725,97.23080070723309,121.54614848274367,139.2109067621575,29.163076639538836
side_person7.mp4,side,213,7100,30.0,848,478,91.12838636457043,125.7389114120742,89.67285793588276,97.79703265040078,120.88289145542161,139.23115660292078,29.68723184646922
side_person7.mp4,side,214,7133,30.0,848,478,91.03967604598832,125.07289135690576,89.33228690813864,95.67978031218865,121.9610278011045,135.38226535008636,28.612747494523347
side_person7.mp4,side,215,7167,30.0,848,478,90.8012066971653,123.33328334610952,89.26853695462587,94.65984392977927,118.81229708807062,130.04358955701392,27.99701128090467
side_person7.mp4,side,216,7200,30.0,848,478,90.08880823835617,123.66073151923298,88.78699792074669,94.51273939467808,118.53187790524355,129.59752813295822,27.861236865054074
side_person7.mp4,side,217,7233,30.0,848,478,91.64924429714918,123.47688639060866,90.35259829176172,96.42392284935805,118.81295521606535,129.41679273352446,28.213045095776497
side_person7.mp4,side,218,7267,30.0,848,478,95.74214428160617,123.26405939967984,94.21843756807131,97.31502126034255,117.74557553186351,128.96616458746252,28.118291698076625
side_person7.mp4,side,219,7300,30.0,848,478,97.64015622792867,123.89756006928528,96.62798307734917,99.42236714047273,116.36493814588067,127.86246073469273,28.054242025777533
side_person7.mp4,side,220,7333,30.0,848,478,101.79307190817696,126.89249864111993,100.75342500078116,103.95786599708056,117.60516179123988,136.7850713563186,30.170026989591168
side_person7.mp4,side,221,7367,30.0,848,478,104.75459735246098,129.4186932958867,103.87136498330918,105.74974923929636,117.01985359615661,139.55044088678258,29.93564880023715
side_person7.mp4,side,222,7400,30.0,848,478,109.12437417389522,130.38192630370165,108.16793861516808,109.11873536053359,114.97210171701991,133.5657406752005,30.61519691954808
side_person7.mp4,side,223,7433,30.0,848,478,111.22681232720534,127.96071154506431,110.76964017474928,112.03767827923771,115.29788402579695,137.40415419739602,30.458292226264422
side_person7.mp4,side,224,7467,30.0,848,478,114.3516018407778,128.15300997139187,114.29090941325488,114.83148820698591,115.60094012502425,138.20871929657923,30.084059897569755
side_person7.mp4,side,225,7500,30.0,848,478,118.70364308625736,125.3880802409777,118.70617928218202,117.99413778450695,115.63290471831719,130.29327877718424,29.85730749616645
side_person7.mp4,side,226,7533,30.0,848,478,120.65264930364948,126.02454829665139,120.86799691819158,121.33104518427419,114.5170457153919,128.7252559410708,30.00212906212398
side_person7.mp4,side,227,7567,30.0,848,478,124.57776488946924,129.0047839307465,125.57174558660205,124.1667916508471,112.57032740305573,125.71358589375893,29.63616340951658
side_person7.mp4,side,228,7600,30.0,848,478,126.97767235265358,130.90951201950276,128.03473147608682,126.67652900860836,110.12335553176004,122.87190004516242,28.71555431164217
side_person7.mp4,side,229,7633,30.0,848,478,128.04192014138457,132.81821032579026,129.91621146868934,128.1363553139252,112.04903418545518,122.81918013103848,27.269592516256065
side_person7.mp4,side,230,7667,30.0,848,478,128.91563118412716,133.8368486438495,131.03982222452083,129.51480766544177,114.30431879189439,123.74275045300057,26.307102311300685
side_person7.mp4,side,231,7700,30.0,848,478,130.1007119522778,135.5321413226968,132.70773061768546,132.10137483635785,114.1018419230012,123.80375029989669,26.206766965717343
side_person7.mp4,side,232,7733,30.0,848,478,133.29211460726927,134.3959480401581,135.3241579399129,135.13971895676602,104.13152708187309,115.2561480697849,25.215380338678713
side_person7.mp4,side,233,7767,30.0,848,478,135.94476541516738,134.4164984346842,138.05374362626347,136.8277368883811,101.75660813742012,116.07701741422785,22.607458400424363
side_person7.mp4,side,234,7800,30.0,848,478,138.94538973940377,136.00711775565398,140.69054455515564,137.91293104017183,100.31153756558551,115.23040223617012,19.660472142147345
side_person7.mp4,side,235,7833,30.0,848,478,143.3129968340926,142.35495363731684,143.57669337380895,136.06391705467277,98.85157855346637,113.11261985136763,17.95421807746718
side_person7.mp4,side,236,7867,30.0,848,478,145.8934413434563,145.27398454655506,145.68740605625166,137.41224917042214,94.66145613882458,109.48230591531775,16.811957932099116
side_person7.mp4,side,237,7900,30.0,848,478,149.14101865429038,148.69893348315668,147.60267065418162,138.61019679007293,90.13274259251499,107.40476958131656,16.281493816526346
side_person7.mp4,side,238,7933,30.0,848,478,154.93256401019366,154.53614970869185,151.6050183937844,137.4574982545725,93.20391929274925,98.62445947049099,15.822383863935373
side_person7.mp4,side,239,7967,30.0,848,478,157.68382944044384,158.63385816705886,153.71852765735505,136.091964004033,89.91785473778071,94.33147341492052,15.113420890683011
side_person7.mp4,side,240,8000,30.0,848,478,159.13328245608707,158.63569733859205,155.70082486153103,139.22737531983407,84.11381113320397,87.44273318035799,15.195489771257032
side_person7.mp4,side,241,8033,30.0,848,478,162.51367846121622,164.31675041878512,157.9799534256336,135.91968304177965,83.69579644816514,87.41394605734281,15.17093074824369
side_person7.mp4,side,242,8067,30.0,848,478,165.67766876928545,167.75564970559276,160.36089701046464,134.55404753583383,84.39869859183364,84.24301276671825,14.977724552697953
side_person7.mp4,side,243,8100,30.0,848,478,167.44477699503105,169.89010595990175,161.6264946378995,134.48495358651508,82.67742314019472,84.77626489188636,16.12734954528058
side_person7.mp4,side,244,8133,30.0,848,478,170.12038012585222,171.44483269995868,162.86847860307418,135.8653789172879,85.52812509018429,81.8530365377173,16.08108966583482
side_person7.mp4,side,245,8167,30.0,848,478,171.68633505600758,172.00372471591749,164.03284195828564,138.19724894388673,88.76202792093396,83.15121815770134,16.044693089130895
side_person7.mp4,side,246,8200,30.0,848,478,173.47078075445808,171.53273485615418,165.63430760997605,139.96409537867981,90.48450240843098,73.7762754757313,15.667606074968782
side_person7.mp4,side,247,8233,30.0,848,478,174.6771787755201,171.71867915857143,166.09992871751075,139.75171143191585,93.52727342842809,78.00568696150832,15.313190180462362
side_person7.mp4,side,248,8267,30.0,848,478,176.0044904365491,171.52174814017874,166.28634901081233,139.35130342404324,95.36657961156567,80.46569911874323,15.884710202025051
side_person7.mp4,side,249,8300,30.0,848,478,175.71696597192022,170.86808740632588,167.16007203049355,140.56523079001843,92.68094684309882,84.39615978523513,15.668164547018034
side_person7.mp4,side,250,8333,30.0,848,478,176.2928807545863,170.49090572077347,167.8123343844845,141.42772911937425,93.17889976375844,85.30684167554453,15.430427604116439
side_person7.mp4,side,251,8367,30.0,848,478,176.16459620183792,170.72152800524512,168.74047198746004,141.83931236524543,88.61181895689876,81.59281018820698,15.425790173867023
side_person7.mp4,side,252,8400,30.0,848,478,177.71609649520548,170.57724591538843,169.3284159321895,141.81609007882068,89.80049080658283,80.89675277166928,15.258230278801998
side_person7.mp4,side,253,8433,30.0,848,478,178.49447463867725,170.73343298109498,169.6270290612626,139.9156232632327,90.72605179658893,81.89486919642377,15.466175783913375
side_person7.mp4,side,254,8467,30.0,848,478,178.64853305540555,170.98272797054517,169.81055332006667,140.45274963040293,91.13821278970845,82.00229833766262,15.355446422593259
side_person7.mp4,side,255,8500,30.0,848,478,177.84167836477948,170.2784892112386,169.759388712007,141.36750389772422,93.25677912287019,77.7613972547894,15.550073429801056
side_person7.mp4,side,256,8533,30.0,848,478,177.4935100686991,169.42015586023427,169.5332076928642,141.81897311453048,94.31418371094395,77.76255217616915,15.890928555613241
side_person7.mp4,side,257,8567,30.0,848,478,177.2320995214677,169.0979105676376,169.47829837445963,141.85814108627721,94.1236059323162,78.65453804774594,15.834728136479196
side_person7.mp4,side,258,8600,30.0,848,478,177.1409040355103,169.1468329814956,169.49700463890943,142.71796567290116,94.62446555703632,78.50039681187957,15.995122733835228
side_person7.mp4,side,259,8633,30.0,848,478,176.84212463177633,168.46908653530264,169.59148801847437,142.55515160265244,94.46595052375093,79.36908681401974,15.845507728708137
side_person7.mp4,side,260,8667,30.0,848,478,177.7610705710996,167.95142123889875,169.62748049284468,141.1222462195686,95.05673165722324,84.1012187292667,15.84918604673799
side_person7.mp4,side,261,8700,30.0,848,478,176.40648803179286,167.85481196994317,169.7860878818023,142.29248053919866,93.3224578338826,83.55954338464478,16.057882609691234
side_person7.mp4,side,262,8733,30.0,848,478,176.28163438638316,167.9199177738884,169.52583306119598,142.3409269652792,92.73658695383561,82.8237224689235,15.99192192102022
side_person7.mp4,side,263,8767,30.0,848,478,176.11546840073555,167.54199600483093,169.3903653881896,141.67033226767828,93.19490200778235,84.4824236997097,16.293209852768292
side_person7.mp4,side,264,8800,30.0,848,478,175.5841807514371,167.55389629360968,168.99204957642266,142.94949932327395,92.07103681578694,82.05550210193023,16.647866638842313
side_person7.mp4,side,265,8833,30.0,848,478,176.06285192209123,167.85845588609894,168.5521131972488,142.6516255628297,93.11507089872813,82.15476316115426,16.61445668312103
side_person7.mp4,side,266,8867,30.0,848,478,174.89029134028198,168.14467020100003,169.59125855850894,143.34365817986728,91.2173097896964,81.73787438485459,16.822072519414853
side_person7.mp4,side,267,8900,30.0,848,478,174.81227720695517,167.67556649972724,169.4837476395238,144.77063459418045,90.74559722004858,80.6799364173949,16.71793958155852
side_person7.mp4,side,268,8933,30.0,848,478,175.29770109453108,167.90968869922764,169.29414562867223,144.61946248442692,91.43955868643434,80.6536695261131,16.692661968509274
side_person7.mp4,side,269,8967,30.0,848,478,175.04321130677175,167.70634689416883,169.25320380053867,142.96339884570511,91.25331008503899,82.03267661612023,16.75212644229245
side_person7.mp4,side,270,9000,30.0,848,478,175.33900858890325,168.0015336229989,169.02931588603724,142.81661053920672,92.04506941831129,81.48087117881967,16.652852903312624
side_person7.mp4,side,271,9033,30.0,848,478,174.89103148079974,168.32045075043126,169.0211612975445,143.2341450255779,91.267871599189,81.44068086491134,16.601215287826182
side_person7.mp4,side,272,9067,30.0,848,478,175.13171011241002,168.63209027482796,169.35452573884186,141.61842362662426,91.93648681705422,81.05039918112848,15.758574928041831
side_person7.mp4,side,273,9100,30.0,848,478,174.0097775329387,168.3337036333696,169.50990843089957,142.6144075654678,90.49406826575331,80.2419161065077,16.119133026679222
side_person7.mp4,side,274,9133,30.0,848,478,174.05043528808798,168.37354971608855,169.45212844251452,142.62715773555328,91.08949454027476,79.81595940619675,16.1059532135765
side_person7.mp4,side,275,9167,30.0,848,478,174.10468471795434,168.51545811740053,169.4551634782215,143.4114210707145,91.55006837067555,78.36996731696571,16.040019942789748
side_person7.mp4,side,276,9200,30.0,848,478,174.1917559419775,168.48869569438645,169.14837301830323,143.16035078289076,91.97960486457939,76.78675074806273,16.157498419787498
side_person7.mp4,side,277,9233,30.0,848,478,173.67738868921109,169.0119569976215,169.88360786173544,143.91459586635372,91.28589041619105,76.59237423472278,16.31829440466389
side_person7.mp4,side,278,9267,30.0,848,478,173.45802655337877,169.2638708002102,170.07850484654975,143.42903124703622,89.64153056930812,73.91137390884629,16.83007019396537
side_person7.mp4,side,279,9300,30.0,848,478,173.79197231492498,169.78708338340695,169.64717352697718,143.6821547905401,90.03410662298904,72.55390335335022,17.127179187753164
side_person7.mp4,side,280,9333,30.0,848,478,173.77324812068966,169.98718988525928,170.09770181348213,143.25745038237253,90.08043857362702,73.96710459858927,16.217369078704845
side_person7.mp4,side,281,9367,30.0,848,478,173.39705799161612,169.72796600797466,170.04041145149543,143.52806605095515,89.06762655524957,74.03576942551386,16.29358109508926
side_person7.mp4,side,282,9400,30.0,848,478,174.0214740259091,169.63020515583875,169.4996701699249,142.91738064905348,91.46993109723546,75.27508925858385,15.579397923539732
side_person7.mp4,side,283,9433,30.0,848,478,173.19194226019658,169.70478411721683,168.46039360011244,142.34881703599487,89.98359410008062,76.2913245521672,15.779294298775488
side_person7.mp4,side,284,9467,30.0,848,478,172.64325070870063,169.87875875865586,167.00057516052632,140.92091881404698,90.95564781159827,80.79783467381739,16.837221767099145
side_person7.mp4,side,285,9500,30.0,848,478,171.89638269105032,170.9503541421821,165.9934083391771,139.9429590724294,90.95625099665608,84.22696642934419,17.679356526768757
side_person7.mp4,side,286,9533,30.0,848,478,170.60578609552238,171.19938263096904,165.60110808826323,139.97441796890288,88.70499089253028,85.05911130353861,18.028669966672265
side_person7.mp4,side,287,9567,30.0,848,478,169.86855891930045,171.37359473720633,165.06051128209688,139.0200090149189,87.31986631453852,86.29723585092871,18.034423948764175
side_person7.mp4,side,288,9600,30.0,848,478,168.44787952645734,170.9924404834777,164.15860197693019,139.23955856769317,85.3662496219325,83.2360837458867,18.431916422321397
side_person7.mp4,side,289,9633,30.0,848,478,167.84666091891674,170.5555912960578,163.9353851510011,138.1202969166284,84.24166230435212,82.86079926520048,19.11236972846001
side_person7.mp4,side,290,9667,30.0,848,478,167.63681913918737,170.16160236172033,162.74274897206791,134.969182856859,84.90988548813262,86.338557220433,18.90046039318501
side_person7.mp4,side,291,9700,30.0,848,478,166.92232375779582,169.59689887976282,161.7111093595535,131.7871923198807,86.80592685994407,92.37991739035388,18.362540611706425
side_person7.mp4,side,292,9733,30.0,848,478,164.76019667852563,167.2779287214489,159.59798214898913,130.8946714377845,87.22676401080417,103.29382825824189,17.45906544620727
side_person7.mp4,side,293,9767,30.0,848,478,161.63500432056605,162.64649413248094,158.1281191962703,134.56678703174447,88.05211481510601,102.68039477873117,17.07466312275342
side_person7.mp4,side,294,9800,30.0,848,478,159.99158579212798,158.1006225030198,156.66233507224132,138.5285473791944,87.51702481487521,101.37281003025646,16.639658761302886
side_person7.mp4,side,295,9833,30.0,848,478,155.98863986510648,151.31390307466043,153.7053618779287,143.94013031305985,92.38927578674861,100.9005964509155,15.621617108201718
side_person7.mp4,side,296,9867,30.0,848,478,153.0941748215567,148.23379523089423,151.89343780221733,143.71715851435744,92.33663475124878,102.50518008968798,15.952910749480624
side_person7.mp4,side,297,9900,30.0,848,478,149.2805865308528,143.78134433094473,149.199583436751,145.18412949059908,93.2313105818067,106.94871729140209,16.263675647207076
side_person7.mp4,side,298,9933,30.0,848,478,146.84764555944182,145.42431738360855,146.3044010009451,142.57893822454326,98.31554538765727,111.27076240614424,16.866948528326052
side_person7.mp4,side,299,9967,30.0,848,478,144.43768826017637,139.46667996888453,144.8452218608348,144.93295440191665,96.89074754287125,107.8635325678666,17.717336483197016
side_person7.mp4,side,300,10000,30.0,848,478,144.58775800556313,140.71246955108305,144.34913251510565,142.45028896339034,103.1881799483244,107.77414213387128,18.683755461312845
side_person7.mp4,side,301,10033,30.0,848,478,142.30914543183528,140.9667434709328,143.29916794019516,140.20843909341195,105.10128158512498,122.82908299617024,19.643410959915315
side_person7.mp4,side,302,10067,30.0,848,478,139.99854122514978,138.6261653734907,141.7577368295689,139.92663998874428,107.48709297818725,123.236127264906,20.366640074215034
side_person7.mp4,side,303,10100,30.0,848,478,137.91127426423654,137.07521994872764,140.34925690090208,139.16601415822595,109.79207952188548,126.18999567829462,20.796286510356005
side_person7.mp4,side,304,10133,30.0,848,478,135.84624585370204,136.78797958839561,138.6724341205224,137.84442590790647,112.05466589976325,128.26360039984417,21.37692980957516
side_person7.mp4,side,305,10167,30.0,848,478,135.44428568153464,136.2203804908463,138.61294830293127,136.76694961182022,111.54599771119132,125.51830271261433,21.399676956384873
side_person7.mp4,side,306,10200,30.0,848,478,133.01792790753535,135.2011655104467,136.90981352146338,135.79669523326305,114.07936641366915,125.91214056088,22.581944211391274
side_person7.mp4,side,307,10233,30.0,848,478,131.04246252076885,135.00180712650717,135.00644107382885,133.70758299371823,118.09401985137728,126.84634505812052,22.66674482178646
side_person7.mp4,side,308,10267,30.0,848,478,128.2960377223735,133.6351043580642,132.65929832037295,133.9235985764995,115.26386713761642,127.1962354876616,24.48988975648598
side_person7.mp4,side,309,10300,30.0,848,478,126.5006394124565,133.51954288553742,130.67553810583297,131.29613543959488,116.27727572133719,129.04138656242725,24.74742568587848
side_person7.mp4,side,310,10333,30.0,848,478,125.13698819437383,134.39136812645083,129.2078984328207,128.48991901571483,124.98862706528186,132.1886690701983,25.10785480863594
side_person7.mp4,side,311,10367,30.0,848,478,124.52539927377667,133.30886309101166,127.86408357644355,126.11265861826205,118.26669440073603,131.7111414956789,25.18849921930279
side_person7.mp4,side,312,10400,30.0,848,478,123.53171796490665,132.7068304588525,126.54101277911182,124.44776346050679,115.90010439181714,131.26234926492043,25.551962654192618
side_person7.mp4,side,313,10433,30.0,848,478,122.76247320760932,132.4900069315067,125.73075191674727,124.42200812160787,124.1418652498244,132.83657995890002,27.08732939394207
side_person7.mp4,side,314,10467,30.0,848,478,120.98819454638412,131.86297117615774,124.06131545153065,122.67687186961186,122.25501961151024,132.0039618211023,27.15188318405368
side_person7.mp4,side,315,10500,30.0,848,478,118.47803493083342,130.951301383367,121.63243535775072,124.30140478836081,123.19857699782477,131.35760733911343,30.166265292607108
side_person7.mp4,side,316,10533,30.0,848,478,117.2019993986141,130.3572856325899,120.17565894526399,121.47089135902048,123.89541004657174,132.283799783898,29.114989094648973
side_person7.mp4,side,317,10567,30.0,848,478,115.88572569038136,129.66826619023297,118.38071051528378,120.35402421340696,124.47589637842341,132.27419169243726,29.486025519147
side_person7.mp4,side,318,10600,30.0,848,478,113.94780044749989,128.42614972174502,116.26945920385579,119.04961981667509,122.41654624209416,129.96558122157822,29.853139823430787
side_person7.mp4,side,319,10633,30.0,848,478,111.45053255258118,127.41939734740443,113.29935045699433,117.18647496866201,116.80184502454185,129.61664897296063,29.58471523346846
side_person7.mp4,side,320,10667,30.0,848,478,110.44858373714962,129.17378258954594,111.80070178111228,115.03931734121909,115.83874967706075,129.62733712426424,30.001829815631883
side_person7.mp4,side,321,10700,30.0,848,478,108.55714475330622,129.12988792430428,109.74683836129428,112.95807711863411,117.81417334832223,140.99058334018585,29.658438664266562
side_person7.mp4,side,322,10733,30.0,848,478,106.80945199877517,127.35884138268685,107.22470520415618,108.52575218626079,115.7720519709281,142.1967072934293,28.16093205650979
side_person7.mp4,side,323,10767,30.0,848,478,107.01179033913284,128.88091399539383,106.75862803319137,106.89829277978234,116.34331428290868,141.90911518397843,28.314720561208915
side_person7.mp4,side,324,10800,30.0,848,478,104.15325943950967,127.23819854934015,103.19217921269417,103.29350020059971,115.18225931023927,140.95642723324147,27.881292409118565
side_person7.mp4,side,325,10833,30.0,848,478,100.9792222658143,125.68894432061316,99.82604343623981,101.8130714758378,114.01938643789983,137.12568715732252,28.102342657667997
side_person7.mp4,side,326,10867,30.0,848,478,96.96347405349913,125.97766518210048,95.78697008747761,100.6039997856568,113.07923929367665,133.00123996501355,28.377256661915226
side_person7.mp4,side,327,10900,30.0,848,478,93.48226990587912,126.08478869410295,92.16645578254838,98.46727700973369,114.36061433168088,130.80330654936822,28.522785249515238
side_person7.mp4,side,328,10933,30.0,848,478,90.38823335603908,124.62593679103911,88.72416039804318,94.95630975045603,116.5747279072793,129.90184047295654,26.92939891464792
side_person7.mp4,side,329,10967,30.0,848,478,88.60981714921809,124.61080744615644,86.82610360665764,94.51352456394075,117.66463385100998,130.05887740630678,27.09531903244922
side_person7.mp4,side,330,11000,30.0,848,478,87.41555472769649,121.1952178289677,85.44443578116534,94.11755209623838,117.83633940300844,127.69494770285418,27.29099015456658
side_person7.mp4,side,331,11033,30.0,848,478,85.70004438406293,121.40794872898248,83.60903658648542,93.64360003084484,118.68407165081292,128.79216677323586,27.26234257395799
side_person7.mp4,side,332,11067,30.0,848,478,85.62163627990269,121.38266859092302,83.38212575933414,93.56803589232595,118.22290968008434,129.27788948981853,27.852668996903446
side_person7.mp4,side,333,11100,30.0,848,478,84.66348719221996,120.89353126564896,82.4434415027053,93.79943113144441,120.37594757722404,132.79438765338728,28.195548355122785
side_person7.mp4,side,334,11133,30.0,848,478,82.96416595382345,120.71279118157271,81.10694957324115,93.69838562723864,118.78233169694556,134.7295785804142,28.356593155716048
side_person7.mp4,side,335,11167,30.0,848,478,79.98680572917391,120.37570996191911,78.3428186027359,92.99876189645354,119.79568061904807,131.42752415537555,28.181548566223732
side_person7.mp4,side,336,11200,30.0,848,478,81.14032048897613,121.16876155244418,79.47092997778769,93.66707986811218,119.52871931212431,131.8716471165318,28.505924312822412
side_person7.mp4,side,337,11233,30.0,848,478,81.80120013775282,120.49826860682288,80.14908272859691,93.59272532850333,119.43716802052292,130.33044383940882,28.47245162802005
side_person7.mp4,side,338,11267,30.0,848,478,82.37411599858362,119.88988968597457,80.67416409090809,93.38033257340011,119.2281144315401,129.60252016381833,28.392082100319097
side_person7.mp4,side,339,11300,30.0,848,478,83.90462761086498,116.68970091499284,82.13840428865146,90.83720337767127,119.2884267761254,127.01965894850315,26.704454693836485
side_person7.mp4,side,340,11333,30.0,848,478,85.09279012228534,121.89155918966058,83.18774170617961,91.50485516363493,119.06104071678631,128.48927814561128,26.75598022773567
side_person7.mp4,side,341,11367,30.0,848,478,87.26373617717553,121.53542838146159,85.35902040932788,91.99680176147119,118.16092319151505,134.46172299985142,26.93725017004521
side_person7.mp4,side,342,11400,30.0,848,478,89.35990621610017,122.29022507945842,87.47111530672653,94.97677371018177,115.39603441642915,131.86599240518626,28.5199534666888
side_person7.mp4,side,343,11433,30.0,848,478,93.31324073343121,121.68544363033203,91.36517893108493,95.71972450667259,118.3929019824931,131.02458972688217,28.434535262910057
side_person7.mp4,side,344,11467,30.0,848,478,95.26226069986937,121.12912824555465,93.31926580765919,96.29315724153707,114.76312712640525,129.0223527691014,27.661575169775496
side_person7.mp4,side,345,11500,30.0,848,478,100.8253998530518,124.1902857328673,98.9345451204157,100.12331910557006,118.18260727133142,132.53542934097246,28.336149642396357
side_person7.mp4,side,346,11533,30.0,848,478,105.24174446453361,126.6328102828406,103.37620147069003,103.55776864408938,115.88721359471415,132.35436751804286,29.179617939826507
side_person7.mp4,side,347,11567,30.0,848,478,110.20645190600648,127.39823396357204,108.71291072519456,106.93194081006698,114.61835121883999,138.03440917392214,29.0157006215051
side_person7.mp4,side,348,11600,30.0,848,478,112.2719527729323,126.35794877044118,111.61909425852326,110.15901305394465,114.89764166481352,136.5888144933916,28.464614151685964
side_person7.mp4,side,349,11633,30.0,848,478,114.42450600495573,126.20891129481595,114.87923903909697,113.0033079176018,115.19444957946052,132.2456006678891,27.908111022045794
side_person7.mp4,side,350,11667,30.0,848,478,116.78341277457747,124.79941699020112,118.27404596087051,117.73988402145086,114.80627093993083,128.46228455768437,28.315823796912348
side_person7.mp4,side,351,11700,30.0,848,478,121.88239025178598,127.7563484694986,123.2815499793159,123.05283162199885,115.89658637472802,126.33875239405508,29.622679682737566
side_person7.mp4,side,352,11733,30.0,848,478,126.40494099376662,129.51871646873394,127.13312160666992,125.75270389043773,111.71172414967455,120.45659176044799,27.71040424292067
side_person7.mp4,side,353,11767,30.0,848,478,127.27007610690025,132.2405559192607,128.77378037078662,128.81217973684565,112.94956427008967,122.63086677164101,27.31569496221191
side_person7.mp4,side,354,11800,30.0,848,478,130.01981165459696,134.41312808656653,131.7441309740098,131.4871890051741,112.64653467669564,123.3529805955055,26.790465175961334
side_person7.mp4,side,355,11833,30.0,848,478,133.08163582260806,136.22178574257674,134.7674657587583,132.67120951848767,112.22645840979499,121.26460423349421,24.613940528193645
side_person7.mp4,side,356,11867,30.0,848,478,136.1976541064836,139.67042559642616,137.43734906444323,133.28982150132333,111.72033260370846,121.61837965494516,23.330546245487092
side_person7.mp4,side,357,11900,30.0,848,478,139.5781012407679,140.62893585227405,140.33704500070107,134.51184049965866,108.6636037038848,119.54678166809919,21.182333543563562
side_person7.mp4,side,358,11933,30.0,848,478,142.41346852624525,142.5072375643885,142.1885262773555,135.1355535209833,100.65711163004158,113.23792455989033,18.74289487038008
side_person7.mp4,side,359,11967,30.0,848,478,144.9356951714024,144.5925502292905,143.9147259237365,137.31299239860985,94.81040547238457,106.21538261945364,17.79777005761298
side_person7.mp4,side,360,12000,30.0,848,478,148.33701415764432,146.70183673875653,146.52442149841175,138.26286565903865,94.14364287741857,103.6382040370151,16.283800058412183
side_person7.mp4,side,361,12033,30.0,848,478,151.70778287325936,149.6520796983075,149.07520244806773,139.5793781377962,89.63365471509685,105.28776699176132,16.126127624894416
side_person7.mp4,side,362,12067,30.0,848,478,155.50622758924035,153.1570335344202,151.9668314702414,140.6031003350727,89.97382248141676,101.62378569118404,16.226548229179215
side_person7.mp4,side,363,12100,30.0,848,478,159.05563528985735,156.61695660761993,154.4697491565152,140.58227709843524,90.41354917735684,94.18465158683037,15.793133474949782
side_person7.mp4,side,364,12133,30.0,848,478,162.1959491341239,162.93371830042062,156.54885086565287,135.20100547057314,88.64359132778571,88.01025372179176,15.66900072505695
side_person7.mp4,side,365,12167,30.0,848,478,163.84308954185664,165.63027406121464,158.35776790995047,135.69591142497407,85.36369304328758,89.67222825124864,15.665456023060152
side_person7.mp4,side,366,12200,30.0,848,478,164.91968995327545,166.4321796758854,160.2404228993653,136.5997287778343,79.60701151354884,84.24252311799383,15.556373154229183
side_person7.mp4,side,367,12233,30.0,848,478,166.57579590123152,169.22552574896127,161.47047960463706,136.22483156851607,78.89387604246522,75.92460808960314,15.97450369109924
side_person7.mp4,side,368,12267,30.0,848,478,170.12521323108876,171.24060799657448,162.43592385271674,135.85325036856247,84.6051273513785,75.85686333610298,15.799127678335498
side_person7.mp4,side,369,12300,30.0,848,478,171.3885533719205,168.3029736014138,163.78511388882958,138.85473480801963,84.90336912525255,58.79210987679593,15.650501510996753
side_person7.mp4,side,370,12333,30.0,848,478,172.82704572163155,169.51522335276468,165.26906421259014,140.7370968173043,87.22328306835479,67.19186527686124,15.748071550982562
side_person7.mp4,side,371,12367,30.0,848,478,175.08608442603975,169.2254379887185,166.1945395928444,142.47402640575507,88.20016791011965,66.50825949373703,15.66430396976644
side_person7.mp4,side,372,12400,30.0,848,478,175.9907111551444,170.14444815195102,166.31416201977848,142.3998873137125,91.49200453140982,70.32132882937017,15.506313619177956
side_person7.mp4,side,373,12433,30.0,848,478,176.20127012432107,171.11895687911175,166.16608284285232,138.22165723844896,93.84039149857551,79.56762544136907,15.165381355078042
side_person7.mp4,side,374,12467,30.0,848,478,176.81178151875403,171.29984904933585,166.89171948941907,139.10330319584975,94.47433640173038,80.19953535968405,14.791597779265505
side_person7.mp4,side,375,12500,30.0,848,478,176.66428778640272,170.92556060589573,167.75943753575552,140.61727505764583,90.74527080986148,81.93829091457972,14.948255516324854
side_person7.mp4,side,376,12533,30.0,848,478,176.92851936753652,170.624973893961,168.0174055459264,141.24213533235098,90.60199353292968,80.54600898606145,14.984887009925572
side_person7.mp4,side,377,12567,30.0,848,478,176.2762432956476,170.42164951870805,168.13247301877774,141.96979019246686,90.57268441714203,80.18613727259223,15.490013466608724
side_person7.mp4,side,378,12600,30.0,848,478,176.69834865494414,170.25299684951025,168.6982422248384,142.49257554970714,90.11243946473438,79.18848744234113,15.98935043575216
side_person7.mp4,side,379,12633,30.0,848,478,176.58390274430664,170.06095140206938,168.90348006696382,142.89445175987194,90.04284371079375,78.46989331023468,16.14800742433641
side_person7.mp4,side,380,12667,30.0,848,478,176.40825934743162,169.85515995477334,168.87476192180853,142.3723399988108,90.24831018508979,77.0167120985825,16.479400206768716
side_person7.mp4,side,381,12700,30.0,848,478,176.79952188303412,170.00906475694111,169.03231744110536,143.47334836042117,90.38794575995516,76.73896450476285,16.44970877383989
side_person7.mp4,side,382,12733,30.0,848,478,176.75564826605347,169.52701079916176,169.15756425505566,143.72379606609647,90.2137648503105,77.51349772128287,16.631581484803064
side_person7.mp4,side,383,12767,30.0,848,478,176.06432139081133,169.43193541595076,169.2081304098433,144.39850849896078,89.37533887811247,76.67223442168613,16.919336094509095
side_person7.mp4,side,384,12800,30.0,848,478,176.62855899533366,169.2937519376306,168.86241773636516,144.41090879534,89.86996115922048,76.48119651597682,16.825028591274652
side_person7.mp4,side,385,12833,30.0,848,478,176.72166329891488,169.22272812435816,168.31579382492714,145.6198981931006,90.43228737663651,76.20803777879954,16.78527019897167
side_person7.mp4,side,386,12867,30.0,848,478,176.4524798462015,168.6120922395895,168.24083619349645,145.09060849016467,91.44548840879592,77.17487350320191,16.83538385842574
side_person7.mp4,side,387,12900,30.0,848,478,176.74505645222027,168.80321088647227,167.97183994799173,145.03810998952733,93.41515240902396,77.86577788767066,16.709123316967773
side_person7.mp4,side,388,12933,30.0,848,478,176.76357393590865,168.73894244101197,167.69542480066875,145.14701374224165,93.40672439320434,77.98826720070188,16.614760169044697
side_person7.mp4,side,389,12967,30.0,848,478,176.21391056150284,168.5247091615359,167.5042685366916,145.36012833193246,93.6812469428445,77.4461637425225,16.574892364918167
side_person7.mp4,side,390,13000,30.0,848,478,176.27974893167803,168.44762019998345,167.40360228511318,145.36136554425843,93.26874568268384,77.71841323846877,16.497661094899275
side_person7.mp4,side,391,13033,30.0,848,478,175.7338109342821,168.14251635087913,167.44664068171082,145.5129849279306,93.4691308551892,77.59428136481421,16.495184069410946
side_person7.mp4,side,392,13067,30.0,848,478,175.3847982426662,167.84912861631423,167.695059463372,145.36119059468078,92.60231792823741,77.96497019344268,16.471730237534103
side_person7.mp4,side,393,13100,30.0,848,478,175.34694022612683,167.98025396263498,167.93953355212497,145.24042253855626,92.4850901821799,77.6374901618613,16.24650344831142
side_person7.mp4,side,394,13133,30.0,848,478,175.2121068756169,167.9800391134618,167.81588158081394,145.52363326838363,92.29503935745146,77.2202463323615,16.328990001311187
side_person7.mp4,side,395,13167,30.0,848,478,174.66058887334404,167.71795951299214,167.83758353379338,145.39769341270218,92.2632579113905,77.48366773064285,16.36655211628751
side_person7.mp4,side,396,13200,30.0,848,478,174.39659040219664,167.8842123778477,168.1962513837152,144.53460521148935,91.36941971384563,76.93034890613903,16.555177605039578
side_person7.mp4,side,397,13233,30.0,848,478,174.13007788084704,167.97293851716003,168.2530416112344,144.63695268086911,90.92320082698302,76.60682786548253,16.677204429580158
side_person7.mp4,side,398,13267,30.0,848,478,174.53845716081284,168.32637247268312,169.28021539254806,144.45313774200335,90.38821172100376,77.02316169741049,16.624776467139025
side_person7.mp4,side,399,13300,30.0,848,478,174.79262365130947,168.5774097577051,168.9719067263096,144.24209446351938,90.64035094511195,77.81875304175983,16.366838618978722
side_person7.mp4,side,400,13333,30.0,848,478,174.68928864459625,169.44762534886362,168.92210791699995,144.28931629748624,91.00336434298062,77.27924139271019,15.817692008792282
side_person7.mp4,side,401,13367,30.0,848,478,174.44357388947546,169.28151568800462,168.68263483872929,144.14046323989325,90.62550415631026,77.49444521612223,16.09319512120899
side_person7.mp4,side,402,13400,30.0,848,478,174.4066595567134,169.68376644447628,168.15511632980625,142.90773280252367,91.2974795962739,77.5680371285144,15.887521930633065
side_person7.mp4,side,403,13433,30.0,848,478,173.66326836386702,169.90831477323707,167.9829175837468,141.9112589370557,91.01041214145987,80.20215183631393,16.430262655535028
side_person7.mp4,side,404,13467,30.0,848,478,172.9996677510112,170.58878711114895,167.1016890064374,139.41616301949142,90.78947927096004,82.93497487691249,16.66152302061941
side_person7.mp4,side,405,13500,30.0,848,478,171.05604236754795,170.92033798021754,165.65391162908244,138.89696092676962,90.71561890489252,83.7270268105957,17.257064454590935
side_person7.mp4,side,406,13533,30.0,848,478,168.48544267539148,170.21922214413166,165.1079579107468,139.5221655013076,87.79733942604048,84.54085856950167,17.708229383809588
side_person7.mp4,side,407,13567,30.0,848,478,167.01107294319328,169.57415396002648,164.0285153260143,140.36985258410104,86.67376324861333,80.68978108598166,18.02436755790542
side_person7.mp4,side,408,13600,30.0,848,478,165.73292354273326,168.19917814897602,163.02854846142674,139.52407747575626,87.05710795273181,82.95409562836298,18.256826074463923
side_person7.mp4,side,409,13633,30.0,848,478,165.3817401151857,167.4558322241506,161.38265913957156,137.7457880358687,85.98036062692697,80.08218902540065,17.73184206372467
side_person7.mp4,side,410,13667,30.0,848,478,162.6402161307339,164.77865628965003,159.29320427889868,136.58768255858075,88.65904163788247,92.41645282824075,17.08527452106007
side_person7.mp4,side,411,13700,30.0,848,478,160.5129806551633,161.46032528854732,157.51402671805127,138.1648208462515,87.74478746074408,95.03535165913526,16.610680686626193
side_person7.mp4,side,412,13733,30.0,848,478,156.45630114006468,154.74585566035665,154.3368354433918,142.06299593103023,101.54927597218811,100.67541229875411,15.250606153594015
side_person7.mp4,side,413,13767,30.0,848,478,152.64188042037114,148.7886063494357,151.4203317464967,144.1426326552595,98.46780090213193,98.67503402450441,15.70687412956954
side_person7.mp4,side,414,13800,30.0,848,478,150.01077856100292,149.98079427092506,148.61403369318927,140.00106510246277,99.00731675626965,100.1612311723736,16.435409797541276
side_person7.mp4,side,415,13833,30.0,848,478,147.08003895308957,145.48359644051192,145.83443464220102,140.92136450203674,96.89417076635469,108.49414764287056,17.672041320883274
side_person7.mp4,side,416,13867,30.0,848,478,145.3695719256703,142.72575602276228,144.09214571470594,140.8664731628916,100.02102747693311,111.37476256748886,19.30441737993977
side_person7.mp4,side,417,13900,30.0,848,478,141.97937107338487,141.74893149509592,141.88328506767309,139.07621750534582,101.6913165161442,108.86621027620373,19.833986126216384
side_person7.mp4,side,418,13933,30.0,848,478,141.57025710045764,142.49741872100753,140.92893986250294,136.10460477511046,102.58112100583783,125.28609116400602,20.77959731684195
side_person7.mp4,side,419,13967,30.0,848,478,140.57353078350022,141.12860595011028,139.61288746166917,135.19911009191486,104.76022682825315,124.63805964835365,21.45762534531738
side_person7.mp4,side,420,14000,30.0,848,478,137.80533920208757,140.26559186403313,137.06693892035338,132.81306758528493,112.69208548906776,126.94455070573602,22.247426280954073
side_person7.mp4,side,421,14033,30.0,848,478,134.22102643496513,136.14099805240073,133.75096144333313,134.66442637597777,111.8431093555614,127.48843843684925,26.62682516994261
side_person7.mp4,side,422,14067,30.0,848,478,133.13965318066627,136.31773804270665,132.18066208674034,132.57838722643265,111.52201514388713,128.72825864603104,27.53400103640497
side_person7.mp4,side,423,14100,30.0,848,478,131.20296614175987,136.1024714044107,130.39593966845737,129.61661244707705,117.2627545737662,131.93117160886504,27.848975059558967
side_person7.mp4,side,424,14133,30.0,848,478,130.24372315530897,134.76269125979084,129.27552309610488,128.2905616148651,105.00350169995203,130.84223394603313,28.619137599828566
side_person7.mp4,side,425,14167,30.0,848,478,128.99264190764924,133.84386927082218,127.55133348830476,126.54964324106727,112.82117300321669,129.8293596683068,29.535568488102548
side_person7.mp4,side,426,14200,30.0,848,478,127.65242513272095,134.11563029628306,125.75996549532908,125.73204731441203,114.38269263681768,129.08387901340245,30.917399123360955
side_person7.mp4,side,427,14233,30.0,848,478,125.29841293212132,132.81908405086114,123.69653745944022,123.95629477825318,117.30287892426732,132.64208465046312,30.999793702557806
side_person7.mp4,side,428,14267,30.0,848,478,120.99414608815039,131.7408795375445,120.32695944068878,121.41274039611521,120.27055171755279,132.41368099470773,30.661430095277396
side_person7.mp4,side,429,14300,30.0,848,478,117.09808766245675,131.70245888372602,116.19684612968902,118.6721137994638,114.02788342019596,131.39506432285648,30.785661993553866
side_person7.mp4,side,430,14333,30.0,848,478,114.1932547537902,131.0873049460733,113.0885892369157,116.71371666988482,110.60073604444298,129.3084030081597,30.79626504946571
side_person7.mp4,side,431,14367,30.0,848,478,112.04927307242549,131.3439680506431,110.6935186221624,114.0119980505049,108.41311520124106,127.78855846399159,30.12083665082277
side_person7.mp4,side,432,14400,30.0,848,478,110.9349996425607,132.5723380208073,109.46767403684056,111.45260813197667,107.608444339973,128.79938456754843,30.298816513367065
side_person7.mp4,side,433,14433,30.0,848,478,108.59744127853286,132.60974082145017,107.14569599374809,109.95579905507091,108.67525571873323,127.87054202662517,30.744017321154164
side_person7.mp4,side,434,14467,30.0,848,478,104.66003384136476,130.5809331235305,103.4419678276345,107.92983313798274,111.89003385953849,127.2421137971935,30.60503767262531
side_person7.mp4,side,435,14500,30.0,848,478,100.09779160530414,129.41397639124662,98.7492673387625,104.6437096409773,111.0223549605171,127.65860462999626,29.557902760197052
side_person7.mp4,side,436,14533,30.0,848,478,97.59102939864775,128.5937622925825,95.89062939336716,101.53642497349492,111.62954231680686,127.43812668965217,28.623054018526556
side_person7.mp4,side,437,14567,30.0,848,478,94.40749019525565,125.37345464397016,92.40415620984326,97.21020121958425,113.63256874015616,125.46392463690893,27.278582839002976
side_person7.mp4,side,438,14600,30.0,848,478,90.40080302056133,123.86859060376383,88.4171534144858,95.34581765225995,115.95621964372793,127.86491999770679,26.7734073012157
side_person7.mp4,side,439,14633,30.0,848,478,86.85585378768944,122.04157369588117,84.86386763600223,92.17438575899496,116.80829627089389,134.9295869700939,25.94656017133705
side_person7.mp4,side,440,14667,30.0,848,478,86.0900885982756,120.01213514748328,84.11196121894572,91.72914206320345,113.69603782496183,136.0452659560712,26.330767829647122
side_person7.mp4,side,441,14700,30.0,848,478,84.94352161172249,121.43945878180996,83.14547811759334,93.25263246449985,113.10696261886832,138.33455516991629,27.199885989209896
side_person7.mp4,side,442,14733,30.0,848,478,84.24261403591157,121.2685162473653,82.5555232422979,93.05886996830462,118.08184358299862,137.24361434417025,27.220678456236232
side_person7.mp4,side,443,14767,30.0,848,478,82.7632867201157,120.89573066258794,81.62909203749925,93.87599442535435,118.82191076525523,135.5649722705362,27.708113376995602
side_person7.mp4,side,444,14800,30.0,848,478,81.5206158575218,118.28282197867989,80.67109642866185,92.45486287640016,119.44405523774695,133.20720087494388,27.003820926082252
side_person7.mp4,side,445,14833,30.0,848,478,83.53807495184063,118.51094606502024,82.0454183701984,91.58806450491868,122.98034993340794,133.02295706129584,26.626311120028983
side_person7.mp4,side,446,14867,30.0,848,478,84.72922402294806,119.22842228763857,82.95719054978754,91.52042781582958,122.78445586051895,134.85510238725138,26.713487451097656
side_person7.mp4,side,447,14900,30.0,848,478,85.58945458149559,119.79098289596133,83.48174535123266,91.2802444593894,122.31282099648044,134.79213147656571,26.70968128778196
side_person7.mp4,side,448,14933,30.0,848,478,84.49094668907131,115.52398221431815,82.74200575426758,90.54598146410497,123.99297980169601,131.10330660846768,26.846733008874292
side_person7.mp4,side,449,14967,30.0,848,478,84.39368552440642,118.85994452260289,82.86967410254466,93.48183137144866,121.07014061573106,132.501356857639,28.136641820196626
side_person7.mp4,side,450,15000,30.0,848,478,85.55923746835613,119.2460302323188,83.89894764021547,93.59702637218541,120.18117698025415,131.7465630645338,28.200599204244668
side_person7.mp4,side,451,15033,30.0,848,478,86.9592524172248,120.0228867071495,85.371321925211,94.936469694717,116.96050137668465,130.68783927751852,28.66003883142475
side_person7.mp4,side,452,15067,30.0,848,478,90.30017050718202,123.84253127915888,88.20040231609225,95.0262028484577,115.72920375366127,130.7087918909006,28.151827829083032
side_person7.mp4,side,453,15100,30.0,848,478,93.76091026487215,125.9492739291958,91.27285546986633,95.33355916916359,115.25577830575263,130.6530104346939,27.8013768479137
side_person7.mp4,side,454,15133,30.0,848,478,98.63397367067533,126.11970255291608,95.8618013838541,96.99288977211295,116.14011097124268,130.50722087789006,28.44200597048838
side_person7.mp4,side,455,15167,30.0,848,478,104.0459717373811,126.77608768742502,101.03929090396015,99.99363404994007,118.90221180544287,129.93378459331592,29.49872825599187
side_person7.mp4,side,456,15200,30.0,848,478,104.95806662622961,128.31782649994048,102.41593951845702,102.28039745039442,119.1847702477903,130.90471203122104,29.34352790003906
side_person7.mp4,side,457,15233,30.0,848,478,107.9305238222812,130.88362991678434,105.64912593366446,106.67970095424786,117.91411882800921,129.6359038574261,30.98927029994866
side_person7.mp4,side,458,15267,30.0,848,478,111.19538382225186,132.98263406737726,109.29875959411797,110.66727506498844,114.21122757576384,129.81120295884529,32.37825848411178
side_person7.mp4,side,459,15300,30.0,848,478,115.11674308786917,134.01365960166947,113.37947727338205,113.48307841181811,111.95613722270409,129.82659565656346,32.491332840934334
side_person7.mp4,side,460,15333,30.0,848,478,116.74736543121362,130.95505892398825,115.95669698183067,116.674431080652,112.60456701070042,134.0714059407643,31.53196909928958
side_person7.mp4,side,461,15367,30.0,848,478,118.4594465941285,128.7533814230183,118.83471949999073,119.88643331773086,115.24240951846366,132.90448341053968,31.000027745813085
side_person7.mp4,side,462,15400,30.0,848,478,121.69218283041167,130.25218146600062,123.32878386561548,122.20695900230953,119.31016915196216,131.7780194398267,30.268805572482204
side_person7.mp4,side,463,15433,30.0,848,478,124.48226918288768,130.35620930231056,126.55971656774722,125.36500412783606,113.7395620668287,128.7133065578836,30.000343145785678
side_person7.mp4,side,464,15467,30.0,848,478,125.23734837150732,131.51310941194268,128.11956234607328,128.52913757364803,116.35137749662088,127.7890968571385,29.732866294571263
side_person7.mp4,side,465,15500,30.0,848,478,126.6401549712806,133.419924638403,130.08700608940242,130.10094263392904,114.42046769283799,125.66599899695693,28.466879732877768
side_person7.mp4,side,466,15533,30.0,848,478,129.0054128891852,135.55169892679294,132.5608491828534,131.96743494546757,111.89787839446063,125.7913389380481,27.64395442229187
side_person7.mp4,side,467,15567,30.0,848,478,131.08591477858178,136.305829749316,134.6191832568436,134.980293804124,113.23710580134482,124.08449885554121,26.863506779524077
side_person7.mp4,side,468,15600,30.0,848,478,134.39463371353278,136.42052242377883,137.2092736019537,137.39805264809664,99.32044946003616,116.77310379861794,24.787606766257976
side_person7.mp4,side,469,15633,30.0,848,478,138.49081177268164,138.36923119479363,140.77603477231673,138.67273257263628,100.05667973208759,114.35065871249742,20.711597415040117
side_person7.mp4,side,470,15667,30.0,848,478,141.92581366254,140.13390237056683,143.5125693375945,140.8983531193175,93.90966709124662,105.94811628717397,18.600886335358478
side_person7.mp4,side,471,15700,30.0,848,478,146.78419300209123,143.34751507426196,146.40405725442125,141.63377334239632,91.51297680607455,100.52443288074988,15.79314309268662
side_person7.mp4,side,472,15733,30.0,848,478,152.76796338340162,151.03768341752092,150.43425207540176,140.27461699969103,88.79595799649984,89.85827090459979,16.82119230915424
side_person7.mp4,side,473,15767,30.0,848,478,155.08976933436264,154.12039907274547,153.10791071397992,141.709999490604,86.092512432481,91.5660780125909,17.137170865041938
side_person7.mp4,side,474,15800,30.0,848,478,159.2402909993513,159.87761088109346,156.1161916175917,139.98066453339555,85.24881151661998,84.79436290642046,17.326633658049985
side_person7.mp4,side,475,15833,30.0,848,478,161.04926965331856,163.12364118082374,158.12143208405055,140.04048072228764,82.47207385078492,81.7893947957317,17.49872575646981
side_person7.mp4,side,476,15867,30.0,848,478,163.97456812375646,168.71512888205947,159.40270082531023,137.42607600968364,81.9813873061856,83.65229141635379,17.85519151597677
side_person7.mp4,side,477,15900,30.0,848,478,168.4678675712525,170.7415113746545,161.09369441647567,138.30876313280686,84.67720660697735,75.85312208928154,17.625377519880043
side_person7.mp4,side,478,15933,30.0,848,478,170.67335918575395,171.6718861676987,163.0078133190561,139.26537600990272,87.45434470696952,76.12956644592353,17.419489812409825
side_person7.mp4,side,479,15967,30.0,848,478,173.09811896489478,171.5391073007026,164.5817384736087,141.17460796807364,87.56451563236057,79.77992619889025,17.20842051495673
side_person7.mp4,side,480,16000,30.0,848,478,174.79223904349382,172.50499230520214,165.24196940608286,140.56668842808713,90.25698070915026,78.97212345830691,17.146373441332802
side_person7.mp4,side,481,16033,30.0,848,478,175.65186193996664,171.64191596039234,165.8682408549803,142.63661650208903,90.67535521742451,79.55049241370638,17.13613645138673
side_person7.mp4,side,482,16067,30.0,848,478,176.1631363829365,171.36043310595437,165.64149103041996,141.44708966225747,92.7476839351,76.4641834753953,16.96728439004824
side_person7.mp4,side,483,16100,30.0,848,478,176.46987248261527,171.8400987443886,166.0557410277888,139.87774003653016,92.88370636900073,78.44063717600332,16.937543882578733
side_person7.mp4,side,484,16133,30.0,848,478,177.09160413397007,171.58485310940964,166.22951791378048,140.7105590688347,93.23050234900532,78.68149794420214,16.678973034401782
side_person7.mp4,side,485,16167,30.0,848,478,177.39563034717108,171.43708510349012,166.9103253507378,141.05745781293137,93.60992796801804,79.73855867762877,16.399299863106993
side_person7.mp4,side,486,16200,30.0,848,478,178.1409810554434,171.08338351227874,167.3338652820793,141.28806862014977,94.28409903644376,78.94237865953909,16.20443923019859
side_person7.mp4,side,487,16233,30.0,848,478,178.57941250490754,170.5768460796254,167.55939121453372,141.12155884385234,91.9394157434221,80.79395046039242,16.19093137138729
side_person7.mp4,side,488,16267,30.0,848,478,177.62600459975442,171.31801653634662,168.14289066296118,141.61474192233177,91.25967761788101,81.56556182223078,15.762237393462415
side_person7.mp4,side,489,16300,30.0,848,478,177.28172056321796,170.61727237095096,168.53762366715804,139.76821109879418,89.38867858177963,81.9496493761655,16.48150998203247
side_person7.mp4,side,490,16333,30.0,848,478,178.4849932900028,170.99887653879173,168.28355353690338,140.35101584358543,91.0003606911006,82.2417250888677,16.47380508966006
side_person7.mp4,side,491,16367,30.0,848,478,178.80606357469475,170.73379199868143,167.79080611698143,140.99744302654912,90.10872677630181,83.47127566203822,17.078561105923615
side_person7.mp4,side,492,16400,30.0,848,478,178.10004519620267,170.4898823827725,168.00282008955634,141.37632909588976,89.98265160078003,81.28434224925192,16.987621605503424
side_person7.mp4,side,493,16433,30.0,848,478,177.95065735450262,170.9248093169467,168.18496468372825,141.7782538727236,90.18342212192272,81.74848655426678,16.860032418774743
side_person7.mp4,side,494,16467,30.0,848,478,177.92028469209106,170.604442060689,168.19009756214942,142.13506418113477,89.90516049494657,82.20286833328475,17.06047175952107
side_person7.mp4,side,495,16500,30.0,848,478,177.86883617626032,170.43255832810132,168.32037645769,142.68833225424373,89.7564388200181,82.33277406773985,17.025929378334958
side_person7.mp4,side,496,16533,30.0,848,478,177.7066986495088,170.3601694465705,168.40487642465428,142.68107233475965,89.68086439012843,82.58778670411891,16.980992147885623
side_person7.mp4,side,497,16567,30.0,848,478,177.7342088017498,170.3453047658396,168.46584874881864,142.68654222355784,89.65468360502585,82.58174796697503,16.956172564606824
side_person7.mp4,side,498,16600,30.0,848,478,177.66451945151292,170.14997267848278,168.48205328567994,142.61729675987058,89.64535277398075,82.78398564355162,16.926464584385364
side_person7.mp4,side,499,16633,30.0,848,478,178.34245384345817,170.22554696069474,168.15106179712174,142.78986459618778,90.64117570715382,82.10070429754441,16.642609478128506
side_person7.mp4,side,500,16667,30.0,848,478,177.3252485081173,169.97559357499068,168.29947168559664,143.06376853411925,91.53312053576967,81.94874473363767,16.768724061203635
side_person7.mp4,side,501,16700,30.0,848,478,176.17490026533696,169.90604704909455,168.6408862039949,143.04502899641383,90.5864177400175,81.22480033745994,16.52156497664731
side_person7.mp4,side,502,16733,30.0,848,478,176.84546468469193,169.61002522772776,168.186611451535,142.42341102003056,91.2067838553165,81.28185776329015,16.634770031476265
side_person7.mp4,side,503,16767,30.0,848,478,176.79924875501814,169.62841829731607,168.09906012124202,142.66959223342343,90.85745226199788,81.07644376089269,16.810340574109638
side_person7.mp4,side,504,16800,30.0,848,478,176.69202113073976,169.6736155946275,168.2107782795775,143.1322024368181,90.27256343404625,81.15361894002923,16.713758302489122
side_person7.mp4,side,505,16833,30.0,848,478,176.72503981755293,169.61393302590403,169.32909602728358,142.28750673706352,87.48244830512698,82.54647966534357,16.79747872875301
side_person7.mp4,side,506,16867,30.0,848,478,177.24958186797144,170.00156070112996,169.23320151209214,142.83050837939228,91.33011112847122,80.78797680379351,16.472505292474214
side_person7.mp4,side,507,16900,30.0,848,478,178.1752965791784,169.91575035364696,169.01948760049325,142.1566557172447,91.20416510000484,82.64735268318456,16.787864414440488
side_person7.mp4,side,508,16933,30.0,848,478,177.40197660471975,169.95655025168332,169.36886047224718,142.11801094535878,87.69736774341021,82.81716890834709,16.822057408547415
side_person7.mp4,side,509,16967,30.0,848,478,178.15926906547904,169.96661059867998,169.34640688929014,141.84093342000324,88.85248365968891,82.22153476467824,16.560168175080133
side_person7.mp4,side,510,17000,30.0,848,478,177.0088496526623,170.01811984851994,169.10870556568744,142.8020281069599,87.02664419448638,81.721323424966,16.94833813152891
side_person7.mp4,side,511,17033,30.0,848,478,176.697663089271,169.78374555315443,169.12059577199219,143.33324232861165,87.91169225689305,79.40774588010787,16.293833088208473
side_person7.mp4,side,512,17067,30.0,848,478,175.42274429044807,169.2689160266497,168.9315692444354,143.35745018860183,86.62485678541077,79.69170750343639,16.248500249914194
side_person7.mp4,side,513,17100,30.0,848,478,176.17808681292465,169.2312911054088,168.54412761668237,143.42396429981267,87.72287074349126,80.07176729446645,15.783095238375825
side_person7.mp4,side,514,17133,30.0,848,478,175.38628843352927,168.36944464345518,168.09471716866557,143.775195284301,87.14091162121294,79.12542844232516,15.947863787778232
side_person7.mp4,side,515,17167,30.0,848,478,174.8948755165268,168.7795541246096,168.3236710134849,143.38276611484986,89.11115114398778,79.38129907012362,15.84501242792182
side_person7.mp4,side,516,17200,30.0,848,478,174.9923036000281,168.6973095673803,168.11902692859437,143.31946993676007,90.82974178357576,79.34665622778309,15.830523798617715
side_person7.mp4,side,517,17233,30.0,848,478,174.43869184835347,169.129428869234,168.4168910237844,142.1636489169936,90.62709488787493,80.72480595454648,16.10376187443992
side_person7.mp4,side,518,17267,30.0,848,478,173.27951385857543,169.43891797101887,167.66615047895576,141.9730345688134,89.57795583441467,80.29123233036763,16.98112882037411
side_person7.mp4,side,519,17300,30.0,848,478,173.02370695422863,169.9433560659259,166.86550611905912,141.15962961341813,90.37272967912546,81.0727969673094,17.531044829579304
side_person7.mp4,side,520,17333,30.0,848,478,171.53690886061273,170.22517061213765,166.06415746072318,140.64250236252957,89.58797584588899,82.35038003574113,17.928477090558374
side_person7.mp4,side,521,17367,30.0,848,478,169.51462399363652,170.0228264740878,166.14514008441014,141.03544560341666,86.64241097358902,85.22421743407001,18.24868183552379
side_person7.mp4,side,522,17400,30.0,848,478,168.9688373576212,169.64026502334823,165.75447464349995,140.45979628673558,86.41453589712513,84.14657761771574,18.195481854761905
side_person7.mp4,side,523,17433,30.0,848,478,168.36983879637825,168.75104817937006,165.02445265394093,142.4152954067361,86.84118767099177,82.69027291361043,17.702023167185008
side_person7.mp4,side,524,17467,30.0,848,478,166.1482066367135,168.37845037036232,164.51706538133885,141.76833072593632,84.85174535312964,83.01481258434426,17.54908534158241
side_person7.mp4,side,525,17500,30.0,848,478,164.491906940665,167.71691350811818,163.58439081527098,140.74992107094207,85.79004298492549,82.25727206522744,17.242118830182047
side_person7.mp4,side,526,17533,30.0,848,478,164.7887209866222,165.7689625520399,162.31253270446436,139.9359612675628,85.21905640466127,77.78380350118125,16.83279566178411
side_person7.mp4,side,527,17567,30.0,848,478,162.38585116682998,165.68979106805116,160.91153876221568,135.97331262796422,88.22190659444816,93.90537427674307,15.801559413970502
side_person7.mp4,side,528,17600,30.0,848,478,159.1789923962245,161.0166824637007,159.16308003586568,140.80015253776185,85.58295294968343,93.19414425705963,15.767636581180698
side_person7.mp4,side,529,17633,30.0,848,478,157.82237411684113,160.63968946457072,158.05695253836205,136.8978287475796,89.16421454904058,92.26248176496838,14.771049098969595
side_person7.mp4,side,530,17667,30.0,848,478,154.81157029664112,156.23539628346427,155.8724009706533,139.77558047632417,91.23501140554333,102.27245763149233,15.213677266384567
side_person7.mp4,side,531,17700,30.0,848,478,153.5294758474681,154.06527600353868,154.2509030028446,138.73496297898726,94.0813469232355,107.19933117978313,15.071667948484082
side_person7.mp4,side,532,17733,30.0,848,478,148.24515530594078,145.50096910818377,150.93587595906246,144.1535371562975,105.11317781987366,106.65411931244404,15.45848546979602
side_person7.mp4,side,533,17767,30.0,848,478,145.73953214998477,144.1064601577813,148.23225000332064,143.30336389809477,102.72059137496744,111.26042805667767,15.968008141398572
side_person7.mp4,side,534,17800,30.0,848,478,143.76534853341528,141.90732206704035,146.13821910824876,142.206967978506,102.03863194806112,111.79832061368586,16.29331732997985
side_person7.mp4,side,535,17833,30.0,848,478,141.93184204006118,142.268207440037,144.60084277413068,139.31709451996497,107.25094657831364,125.80512390806352,18.258255206170755
side_person7.mp4,side,536,17867,30.0,848,478,138.53387161949962,140.46028362699087,142.52477071138577,138.3236295096942,111.41546720983798,128.4268677459452,19.696581980505485
side_person7.mp4,side,537,17900,30.0,848,478,136.22955304143596,138.83467816924033,140.78194990599175,137.0347564167375,113.24967864992304,127.2374983007189,20.55909840657626
side_person7.mp4,side,538,17933,30.0,848,478,135.40329331603573,137.5056532929466,139.31260321029998,136.14536485466164,116.24788779323264,130.34738637721009,20.949231772895835
side_person7.mp4,side,539,17967,30.0,848,478,132.58714733555476,135.4923047234628,136.96995193920506,136.7918454215764,106.72623382363345,126.4666024135705,22.995750258821573
side_person7.mp4,side,540,18000,30.0,848,478,130.51840135695195,135.8174723510248,134.84382420509266,133.9236586972394,110.80527676034778,127.90645900603211,22.426543367703857
side_person7.mp4,side,541,18033,30.0,848,478,129.8754145178938,137.99869745625935,133.29311678058258,130.5378793657778,125.22781955689771,133.95470936831853,22.408411611757824
side_person7.mp4,side,542,18067,30.0,848,478,127.05375249436864,135.54902976530548,130.78526086312135,130.36788519886153,117.65484860357357,132.6628197068012,23.764588617713432
side_person7.mp4,side,543,18100,30.0,848,478,126.55021833471858,133.95977160740586,129.47886013197933,130.14037019563978,116.16550331532648,131.3111631287578,26.089338507581154
side_person7.mp4,side,544,18133,30.0,848,478,124.368928084681,131.40372067773075,126.85389072878432,129.41184319693352,119.40354811527449,129.7550311996377,28.225968878985626
side_person7.mp4,side,545,18167,30.0,848,478,120.49672264680788,130.05721028504655,123.190809765131,128.36636534079656,121.36761973504396,129.74052012611537,30.30540312124865
side_person7.mp4,side,546,18200,30.0,848,478,119.29495040855163,128.08366345589803,121.3910073635927,127.12868690993479,120.45735152179552,127.82359079081407,30.962985761265003
side_person7.mp4,side,547,18233,30.0,848,478,118.96293212551288,129.2438898413675,121.02839163985705,126.17345414599485,122.25540839124042,126.07114165266758,30.525998211467346
side_person7.mp4,side,548,18267,30.0,848,478,118.67878008796423,129.30283739717729,120.30349285700927,124.45553346017581,122.70240450696491,127.10621305733646,30.1933166546763
side_person7.mp4,side,549,18300,30.0,848,478,117.43560714640667,130.6632115604318,118.86865611115684,121.88978228796799,124.36091644277795,131.37499110237295,30.00341104138156
side_person7.mp4,side,550,18333,30.0,848,478,115.10054101967762,127.16515734438235,116.38922723533919,119.89064623705796,122.31939941536872,129.6167736168663,30.113004928685445
side_person7.mp4,side,551,18367,30.0,848,478,113.8155475668366,128.4719648216921,115.09397370290627,118.01993189001169,120.40151451666001,131.2439731234293,30.256150139576487
side_person7.mp4,side,552,18400,30.0,848,478,112.87914932002653,129.02215956927068,113.57305399140742,116.3059535236603,120.75537787884927,133.85918363122383,30.260941836349193
side_person7.mp4,side,553,18433,30.0,848,478,112.52151158128727,128.6397851910656,112.47394688323348,114.58322694507406,114.83334755904086,131.64951990494762,29.83603060277531
side_person7.mp4,side,554,18467,30.0,848,478,110.68376686907757,129.6363853348278,110.68606159719006,111.73153614144293,113.5166432011901,141.72132893068644,29.3090290837817
side_person7.mp4,side,555,18500,30.0,848,478,110.4434385778367,130.9941950962806,109.7787506294787,111.18609439887297,111.5655537765491,141.45603562103554,29.78011606253013
side_person7.mp4,side,556,18533,30.0,848,478,110.37014366698118,130.99103038979982,109.25012738426572,109.52865369882379,113.16053426214002,139.0626984350966,30.039471103367667
side_person7.mp4,side,557,18567,30.0,848,478,108.13008484868827,129.90004931435695,107.09053072612089,107.97191034088276,113.26816931280905,132.84297168231979,30.051120445464527
side_person7.mp4,side,558,18600,30.0,848,478,105.41507531228126,128.49271221315234,104.27924627734336,106.32072188449798,114.31085215731143,129.90603594109987,29.871348957884102
side_person7.mp4,side,559,18633,30.0,848,478,100.10014122297382,128.5707549425711,98.97852567410663,105.66656462364753,109.54571706075042,129.1149557657641,30.071780414030336
side_person7.mp4,side,560,18667,30.0,848,478,97.67400888185917,128.07833968256548,96.3030021777179,103.96932111683809,109.88114491059929,128.6798821944745,30.27989096355107
side_person7.mp4,side,561,18700,30.0,848,478,95.79377735758462,127.09690158002195,94.30964190979185,102.94132894255216,113.32181117581622,129.33185251964738,30.40493019079733
side_person7.mp4,side,562,18733,30.0,848,478,93.54948065613702,126.32799821067913,92.03853742556757,101.71087044811956,113.0741381230954,128.27787495484458,30.016045678004588
side_person7.mp4,side,563,18767,30.0,848,478,88.4033449172981,126.34519602204833,87.03541328454483,100.15754801300105,113.26546869528268,128.20140913900042,29.41960971588046
side_person7.mp4,side,564,18800,30.0,848,478,86.75861702204237,125.66855323058927,85.34696405910222,97.73670242259377,111.55590551529532,129.69202303830812,28.40421595589907
side_person7.mp4,side,565,18833,30.0,848,478,86.67459277709024,124.5466010927845,85.1586762460531,95.24761380323444,118.67247984683208,129.7896455874617,27.51241346201398
side_person7.mp4,side,566,18867,30.0,848,478,87.3867175615576,124.05549428426349,85.87235586845611,95.49759366087194,120.28271519766757,130.18221201573016,27.87075559475119
side_person7.mp4,side,567,18900,30.0,848,478,86.16187403237228,123.7287576046614,84.57463466717724,93.78673023474758,119.59305445697984,130.85039396983322,27.23799747661265
side_person7.mp4,side,568,18933,30.0,848,478,87.1930620260262,123.44008071983173,85.53414211116714,93.83041384939544,119.76851495992787,130.98495795630976,27.59466812953831
side_person7.mp4,side,569,18967,30.0,848,478,86.84633816734474,123.09710488874094,84.97222586522099,92.82040950857733,120.27001368295353,131.29258857186528,27.37032281844838
side_person7.mp4,side,570,19000,30.0,848,478,85.7770513224142,122.82775272153656,84.12674366660994,92.97335521336719,118.36342015007608,129.94329809447262,27.68301542425286
side_person7.mp4,side,571,19033,30.0,848,478,82.5543262564366,118.97053217450045,81.0286932377775,91.37309441594321,118.144234017051,127.75672699949406,27.39941901556076
side_person7.mp4,side,572,19067,30.0,848,478,80.58114287462254,115.43685988139927,79.20090996471413,89.74200218021511,118.6616801359897,131.71038105539245,26.91611320111171
side_person7.mp4,side,573,19100,30.0,848,478,80.98712542525978,114.03702666054609,79.37838679833747,87.77084203699098,122.80263901283685,131.662968123855,26.19859723690572
side_person7.mp4,side,574,19133,30.0,848,478,79.63243788569946,115.1726953729691,78.03659056556212,88.50805363077272,121.98262606039735,129.78527778423273,27.060308838893363
side_person7.mp4,side,575,19167,30.0,848,478,79.84733544556016,116.5305701008138,78.13075108324594,90.15265178599844,120.65800501567597,131.5779624422374,27.781684014701693
side_person7.mp4,side,576,19200,30.0,848,478,79.6894701630336,117.34625915069007,78.05662491722971,91.63196505899614,120.10712765271714,132.36384111772796,28.706570863175926
side_person7.mp4,side,577,19233,30.0,848,478,79.88086571992334,115.32463045371321,78.19012381484922,91.17417232430543,120.18597667125711,130.64326527703045,28.440127832387425
side_person7.mp4,side,578,19267,30.0,848,478,80.14871926252145,118.21888248373413,78.47481787953772,92.52059599995589,119.69712453070352,130.88948979833563,28.925428855363148
side_person7.mp4,side,579,19300,30.0,848,478,80.82648695431504,117.2365314163218,79.09269971020294,91.28088407042893,119.29369341548515,134.2467607791415,28.107522424694213
side_person7.mp4,side,580,19333,30.0,848,478,81.73642916201548,117.75283975274783,79.71790365115362,90.79888386962921,118.64523440604079,135.83572695848707,27.83642497749348
side_person7.mp4,side,581,19367,30.0,848,478,80.81518754362699,117.96043507726618,78.90489907773194,90.74302143030232,118.22201176422676,133.3357692301074,28.303873767639736
side_person7.mp4,side,582,19400,30.0,848,478,80.91059936314646,118.24577814781703,78.96043498792109,90.97220531928414,118.01028228059964,131.9413093676052,28.768288618077804
side_person7.mp4,side,583,19433,30.0,848,478,82.22874198634435,118.73503909604476,80.1351238922192,91.3551262029959,116.90756861364694,131.35508511272414,28.863981797518846
side_person7.mp4,side,584,19467,30.0,848,478,84.54316905586694,121.6026434677109,82.13839688717356,92.34726398559728,118.94721309419981,131.74252097328164,29.40198006038539
side_person7.mp4,side,585,19500,30.0,848,478,85.75995698750256,121.17879564677688,83.0937379549405,89.63964363412634,120.60031922225113,132.2756946169047,27.792371856411652
side_person7.mp4,side,586,19533,30.0,848,478,87.01674533775763,119.51387168850285,84.5133242328661,89.89406656242234,120.08368515176544,129.88290818216475,27.838207219085817
side_person7.mp4,side,587,19567,30.0,848,478,89.17206893073725,122.00599458694539,86.67572851861406,90.88111864970472,120.23881439255433,130.14962611316386,27.536747873915775
side_person7.mp4,side,588,19600,30.0,848,478,90.03001782985206,119.11432015159399,87.87559504851377,90.83976092406174,118.11995131263589,127.28606729793074,26.53844577786177
side_person7.mp4,side,589,19633,30.0,848,478,93.1684939399116,119.64551833467004,90.90303359399348,92.77453030215678,117.03983536266823,127.86431873477069,26.773152985150404
side_person7.mp4,side,590,19667,30.0,848,478,96.22295479030508,121.2524457798688,94.14870607169601,95.82711909886021,116.48192055475336,129.03994560062236,27.624167899613525
side_person7.mp4,side,591,19700,30.0,848,478,99.07602059965795,124.53827814518466,97.37997517627213,99.58296858472717,111.84305346055343,126.62316734373475,28.05392419021305
side_person7.mp4,side,592,19733,30.0,848,478,104.57129931811203,125.67353031984862,102.93137239937471,103.94858934157183,110.71709244238853,126.2216346069722,28.422405610582075
side_person7.mp4,side,593,19767,30.0,848,478,108.32793213510864,121.841541181089,106.77040582869334,107.49504129734808,110.75936872872013,133.89578073840534,26.83380306491672
side_person7.mp4,side,594,19800,30.0,848,478,110.34151274346459,124.39587754003696,109.37053870676783,109.95430997523015,111.6557051734657,138.16458942112737,26.77623758367083
side_person7.mp4,side,595,19833,30.0,848,478,113.49756434009115,121.85132698609851,113.34948390342082,114.95971159341809,110.170005297405,128.70080744375818,28.600146373213022
side_person7.mp4,side,596,19867,30.0,848,478,119.58017753723803,125.80200735278036,120.4999311277099,119.21146398092878,112.06430607826115,131.33321678280288,29.21416005548951
side_person7.mp4,side,597,19900,30.0,848,478,124.25164232373746,127.3040779323162,125.21562372536928,121.99623649789658,114.66533381254347,128.9764746789075,28.945847594113268
side_person7.mp4,side,598,19933,30.0,848,478,125.73885445683402,130.06332798781762,126.75295864783095,125.3447887846781,110.17379034191687,125.93103548739084,28.500669895308633
side_person7.mp4,side,599,19967,30.0,848,478,127.8983552867313,131.93789023906362,129.17008518901784,127.29551077057675,110.4056960031611,120.85322510983757,26.58212357549627
side_person7.mp4,side,600,20000,30.0,848,478,130.9592927339167,133.67219436303,131.74879350568705,128.4616131759102,108.41689804952057,120.91808611823697,25.30558732338062
side_person7.mp4,side,601,20033,30.0,848,478,133.11769722950962,134.44790296110958,133.74553618481235,132.13391798136317,108.26672924402666,115.43675256313576,25.164778054381713
side_person7.mp4,side,602,20067,30.0,848,478,135.531347707069,134.73425760063333,136.0378874513498,135.53609126606173,102.85405376393769,112.77002088052421,24.582866513325605
side_person7.mp4,side,603,20100,30.0,848,478,138.08407739924698,135.3578578126323,137.87142189605837,138.03300875358906,94.7298782093571,106.87786333921456,22.83871969760896
side_person7.mp4,side,604,20133,30.0,848,478,141.50398545925705,136.2587803210101,139.74581047402359,139.09148512727774,95.77721501692399,103.9567204154663,19.053131042123006
side_person7.mp4,side,605,20167,30.0,848,478,145.17852783704646,143.22526071808042,142.3328254331375,137.43089248485776,102.58540901442103,104.13879060533083,18.97515350489052
side_person7.mp4,side,606,20200,30.0,848,478,148.19543195890154,150.4431870009009,144.53111227446098,134.2957036094712,94.88026118315435,108.36596953310261,18.24830362625845
side_person7.mp4,side,607,20233,30.0,848,478,153.92536685667454,157.38999687849022,147.86086387890177,131.44641277835163,93.19749034091785,104.72030344216861,17.306029906443655
side_person7.mp4,side,608,20267,30.0,848,478,161.16991717071662,162.84680662082243,152.25418919351648,131.49408795294653,88.27666355965802,101.4414257750654,17.013999211451
side_person7.mp4,side,609,20300,30.0,848,478,164.06551604555926,167.41879109610494,154.62493493954594,131.9165874579579,91.63029704950594,91.27190310467074,18.28496058728898
side_person7.mp4,side,610,20333,30.0,848,478,167.41446857733717,169.3249002042897,156.05007670797966,132.1762915501019,89.22530468358941,85.78957150905578,18.860040576765538
side_person7.mp4,side,611,20367,30.0,848,478,168.3544814091329,171.49168828166583,157.33021755601854,132.09990118446075,82.79392840113263,82.89319734483301,18.740336977806468
side_person7.mp4,side,612,20400,30.0,848,478,170.51338981219317,172.4637271390135,159.34313653930073,132.26068246022598,92.04002457650286,83.04373246698691,18.49433869797619
side_person7.mp4,side,613,20433,30.0,848,478,171.455087511643,173.70985492968794,161.12246850115744,132.79457607668473,93.85629614823002,82.87840956088961,18.28581550017866
side_person7.mp4,side,614,20467,30.0,848,478,173.3848721619571,173.30975866127818,162.13921593704939,135.58177742117186,92.58717817199151,84.29008811102392,18.25907072072575
side_person7.mp4,side,615,20500,30.0,848,478,175.53891892328886,173.05142376035766,162.98863987046616,136.74146051417407,91.41327475945755,88.3629319444093,17.95585291582317
side_person7.mp4,side,616,20533,30.0,848,478,176.30522819833885,171.83702897260298,163.1495710831662,137.82330717230542,92.48344854142832,75.74859325770583,17.290300607060075
side_person7.mp4,side,617,20567,30.0,848,478,175.94580850513765,172.84538982032183,163.70206763030114,137.98831219342964,90.99583224655352,75.44247821527264,16.764406999944274
side_person7.mp4,side,618,20600,30.0,848,478,176.41883805115097,173.43842187689202,164.8776774340989,138.50104864496444,90.48008687951258,76.88901118758265,16.217234901899182
side_person7.mp4,side,619,20633,30.0,848,478,177.70469958636977,173.8669484870639,165.65477146074306,138.96982769997624,92.25641239499608,78.57072976047388,15.627693131906913
side_person7.mp4,side,620,20667,30.0,848,478,177.8173163997639,172.85608159738607,166.57458466698876,140.59655726011198,92.26220499087889,76.13330948816021,15.13742817647394
side_person7.mp4,side,621,20700,30.0,848,478,177.51382788565536,172.0029626813009,167.26874913702832,139.67606962973463,92.61902049743006,77.62452931819206,14.845568832140982
side_person7.mp4,side,622,20733,30.0,848,478,177.9489315492108,171.935629586445,167.5054020926711,139.43303184472768,94.42982794976324,76.87835522887752,14.179146841652486
side_person7.mp4,side,623,20767,30.0,848,478,177.48088618022152,170.8401420804022,168.06067287897937,141.31491009513567,93.18365345105612,77.09548038624234,14.072712856909508
side_person7.mp4,side,624,20800,30.0,848,478,178.50857310541807,170.20233173151956,168.16768227582955,141.9946948874481,93.41505410670682,77.46830873145686,14.033954859126805
side_person7.mp4,side,625,20833,30.0,848,478,178.73257430606327,169.52189105951987,167.74845527503706,142.02814328293132,93.6660626964936,80.20684253455171,14.695954885349854
side_person7.mp4,side,626,20867,30.0,848,478,177.93323609604906,169.19089311440288,168.41978719065827,142.56250974673355,92.76119512709995,80.22937797428898,15.021658074999673
side_person7.mp4,side,627,20900,30.0,848,478,177.86595901875577,168.74866879708117,168.581081410339,143.88397672691923,93.13400193120333,78.5824624737355,15.364984790716896
side_person7.mp4,side,628,20933,30.0,848,478,175.87219255833108,168.48766093311775,168.8521781199444,144.04488054353087,90.14498404419984,78.79788151628917,15.686295961582584
side_person7.mp4,side,629,20967,30.0,848,478,175.31163798594966,167.29145769240543,169.4328031241635,146.50888572635557,92.07136591800156,78.49476204937912,15.351892508613727
side_person7.mp4,side,630,21000,30.0,848,478,177.17045336507746,167.00102828671345,169.10024791585775,145.83090244058133,94.0598163477509,79.05715120331487,15.163266836853944
side_person7.mp4,side,631,21033,30.0,848,478,176.54840401959834,167.22029122993845,169.02858993383907,145.8917149053669,94.50072256197012,80.59357950646908,15.386763397744526
side_person7.mp4,side,632,21067,30.0,848,478,175.19404530763475,166.99379207202293,170.163364617554,145.84338373390267,93.46479335610874,81.35652329456222,15.36953413166512
side_person7.mp4,side,633,21100,30.0,848,478,176.33254841800905,166.67787429681687,170.2287042045808,144.03867515413953,94.37543585699845,82.4794316235506,15.270204629135446
side_person7.mp4,side,634,21133,30.0,848,478,175.88515666127347,166.73117422268382,171.36049902387302,143.8890472377095,92.65561461861134,83.01150228189812,15.144828774247362
side_person7.mp4,side,635,21167,30.0,848,478,177.75561120245766,166.7502119853922,171.03461636576836,143.89723740191198,94.85455678277997,81.84197016641909,15.123016256877166
side_person7.mp4,side,636,21200,30.0,848,478,177.06219429709748,166.9244770672355,171.3136522339715,144.89910459055392,94.03042955059892,81.25892672903089,15.074010872661649
side_person7.mp4,side,637,21233,30.0,848,478,177.22988883236144,166.8494815522425,171.20274036382952,144.38254654050286,94.38775474084504,82.57560268588189,15.028973076744633
side_person7.mp4,side,638,21267,30.0,848,478,176.66965125041503,167.02083714540873,171.69165739840585,144.50646768457787,92.96575046109581,81.81877907593409,15.01052159418102
side_person7.mp4,side,639,21300,30.0,848,478,177.6849281068185,167.49482443458137,171.66154614713417,143.26830005425828,93.71778932405667,82.91904223922398,14.822809517331892
side_person7.mp4,side,640,21333,30.0,848,478,179.10771480140622,167.4414076408705,170.48566975102395,142.66845901480875,95.12160385382923,83.11648769788832,14.893738411389771
side_person7.mp4,side,641,21367,30.0,848,478,178.65067016422464,167.54238536049064,170.4825624876665,142.55877468628654,94.93772717152487,82.84342862030725,14.911807174521243
side_person7.mp4,side,642,21400,30.0,848,478,178.38282366059377,167.6674888624578,170.3243550879243,142.6629093002593,94.82450531415151,82.12520050488935,15.018942080733774
