video,view,frame,timestamp_ms,fps,frame_width,frame_height,left_knee_angle_deg,right_knee_angle_deg,left_hip_angle_deg,right_hip_angle_deg,left_ankle_angle_deg,right_ankle_angle_deg,trunk_angle_deg
side_person18.mp4,side,0,0,29.99760454700532,848,478,177.47486960106386,167.17441205422767,170.56965125498297,150.96391523319826,98.20339567835742,84.27225663038176,10.996870990326753
side_person18.mp4,side,1,33,29.99760454700532,848,478,176.8763430877845,166.98188841203446,172.20009688042876,149.97935060015408,97.8810913459722,89.40510389989808,9.728914077054304
side_person18.mp4,side,2,67,29.99760454700532,848,478,177.0826376822894,166.444538371023,173.36233672180532,151.36040895961276,98.63984123067414,88.92918204549854,8.211053152877147
side_person18.mp4,side,3,100,29.99760454700532,848,478,178.05208729931385,165.47814010135684,172.48189106475186,152.6417743811384,101.87365022263114,89.2475970538101,9.397528671962768
side_person18.mp4,side,4,133,29.99760454700532,848,478,177.1925966438101,165.52705686774746,172.52830005697766,152.91647018908373,99.51081455848563,92.75969493717312,9.20801816038772
side_person18.mp4,side,5,167,29.99760454700532,848,478,176.45231899433657,165.50839638874274,172.8267807224152,152.93178617456974,99.02817553088956,92.09315509102201,8.840590266958356
side_person18.mp4,side,6,200,29.99760454700532,848,478,176.73261535601077,165.57538132294795,172.11318104543162,154.49218080699126,100.20041157770251,92.24591947290318,10.110334024935907
side_person18.mp4,side,7,233,29.99760454700532,848,478,176.36445925934242,165.50230167252474,174.02518716902483,153.77940166120672,100.84494573223448,97.22201198884319,6.551978611248765
side_person18.mp4,side,8,267,29.99760454700532,848,478,176.5829927542335,163.89613564563547,174.18707560429908,153.96479463877716,99.91090969411808,97.49237531312419,7.141037498396502
side_person18.mp4,side,9,300,29.99760454700532,848,478,176.3141267414328,164.5069518851305,173.73743710874402,152.94563517398888,99.79465187096383,96.98125598291928,7.086261865211536
side_person18.mp4,side,10,333,29.99760454700532,848,478,176.3457374794667,163.49798610700537,171.88058255718127,154.1304154217229,99.75199933628592,89.03996686609808,9.683429631507227
side_person18.mp4,side,11,367,29.99760454700532,848,478,175.945431299921,165.24353549767537,173.0835087713907,153.33036537078488,99.54562474093748,94.62899804489803,7.974566052629466
side_person18.mp4,side,12,400,29.99760454700532,848,478,175.69785945098846,164.89425825103962,170.66869975310465,155.01944033445605,98.9371657465462,92.78331632702357,11.036018317957486
side_person18.mp4,side,13,433,29.99760454700532,848,478,175.6117787786466,165.1625556597018,171.35020111220462,154.70920060417527,98.60689657868468,92.60638007193404,10.8662739053715
side_person18.mp4,side,14,467,29.99760454700532,848,478,175.87199219472163,165.59634752059742,171.68216116137174,151.85448911225004,98.98749864634905,86.99309010918559,10.185761315846925
side_person18.mp4,side,15,500,29.99760454700532,848,478,175.80845959526206,165.57616711290427,170.67716366623364,153.93444893244185,98.5665681271927,86.6074833776671,11.811080780373732
side_person18.mp4,side,16,533,29.99760454700532,848,478,177.2402251794224,165.94714207197194,170.75650419616923,149.4726544525836,100.19386244249593,85.38381381221627,11.042321107542476
side_person18.mp4,side,17,567,29.99760454700532,848,478,176.44689468037143,166.91970612695704,171.19845780320196,149.47158420911853,99.74970910742998,86.06635063137297,10.385340235558843
side_person18.mp4,side,18,600,29.99760454700532,848,478,176.07525612738803,166.86401532624132,171.7271922056142,151.30924214516602,99.4259371102537,86.35436925080714,10.043416225469246
side_person18.mp4,side,19,633,29.99760454700532,848,478,176.66899305611827,166.1926202763925,172.40371033314113,150.758003189332,100.22101288557695,89.33347180756206,9.508056174685963
side_person18.mp4,side,20,667,29.99760454700532,848,478,176.64963356688287,166.3248163270538,173.1360559315333,150.91725618401065,100.13805027391818,89.09068664614618,8.819073055552671
side_person18.mp4,side,21,700,29.99760454700532,848,478,176.32489642989978,166.24457244605208,173.151204733486,151.1219373994491,99.26838570361474,88.9700141796222,9.09174197261844
side_person18.mp4,side,22,733,29.99760454700532,848,478,176.68800647030324,165.9829391875386,173.04570212504356,150.55825537828576,99.85348355564739,85.72735945221432,9.149075449655511
side_person18.mp4,side,23,767,29.99760454700532,848,478,176.1799205795702,166.5233867918206,173.83829063044743,150.759727215477,99.80778897212663,93.46477955629938,7.4575607263890324
side_person18.mp4,side,24,800,29.99760454700532,848,478,176.0197756710229,166.5600413952565,173.13907510564204,150.92928728770593,99.75717833857854,91.36154778654078,7.900398748576315
side_person18.mp4,side,25,833,29.99760454700532,848,478,176.17972429278083,167.26780483100848,173.18008097331867,150.70174175547635,100.1742094771224,89.93183433429634,7.210497848225268
side_person18.mp4,side,26,867,29.99760454700532,848,478,174.99215088427516,167.36424234762055,171.72459509381315,153.47645047138747,98.0873545596169,88.10935219975808,9.368122093885804
side_person18.mp4,side,27,900,29.99760454700532,848,478,176.5790547245039,167.36920327786765,175.37530817346556,151.43123923200548,100.44754026580544,90.44204189179472,5.497264025348337
side_person18.mp4,side,28,933,29.99760454700532,848,478,176.2193201599715,167.09196439974556,175.16059630781842,151.55042238648178,99.78148956268075,88.9260557452922,5.600402453745583
side_person18.mp4,side,29,967,29.99760454700532,848,478,176.36217350171412,167.23965743968608,175.11178353965775,152.31792139912784,101.17105203958363,92.72220659018527,4.644549587851886
side_person18.mp4,side,30,1000,29.99760454700532,848,478,176.21330056172135,166.7995409767453,174.86681901443788,152.33886250367226,100.3301341188242,95.36734562401128,4.895746647425134
side_person18.mp4,side,31,1033,29.99760454700532,848,478,175.83210336808128,167.03561300715248,174.09365225459686,148.75448445456857,98.84457435574,92.81689406246318,6.349482705754764
side_person18.mp4,side,32,1067,29.99760454700532,848,478,175.30571414796918,167.2945628149543,173.4317213471347,147.86184773088965,96.98724300634424,90.73432053848587,8.624703052757521
side_person18.mp4,side,33,1100,29.99760454700532,848,478,174.66181073449204,167.23768645559076,172.80817878953818,147.49837432762908,94.90337181758177,87.94024761742543,11.244400711432448
side_person18.mp4,side,34,1133,29.99760454700532,848,478,173.73526286123345,167.4328255476796,172.5946140251806,147.61302224896946,93.72486249617442,86.90207705717899,12.536106289532867
side_person18.mp4,side,35,1167,29.99760454700532,848,478,173.08532654337986,168.056962539995,172.06283270825833,146.95223668474662,94.90412931802021,86.45989675591244,12.387532299123052
side_person18.mp4,side,36,1200,29.99760454700532,848,478,170.63873511985446,168.41765588118508,170.6629620163339,144.10927643094539,95.1418066763978,86.13898859380177,13.166083571240337
side_person18.mp4,side,37,1233,29.99760454700532,848,478,167.5092821877077,165.76250175287313,168.81167025505476,145.8581289887552,94.63031302775646,86.35843997301879,12.543377240725697
side_person18.mp4,side,38,1267,29.99760454700532,848,478,163.83725794631277,160.2593147466319,166.54181734393828,149.09482002617256,94.22827851690694,83.87490612185285,12.170923795593003
side_person18.mp4,side,39,1300,29.99760454700532,848,478,160.32831855390873,157.6363771514801,163.74357326397765,149.57955554488404,92.79311677231485,98.6279895243462,12.599198906246244
side_person18.mp4,side,40,1333,29.99760454700532,848,478,157.18933191333878,155.42621952258966,159.74569349226869,147.77024776194293,97.36124850607175,98.23393714005104,12.500413542898999
side_person18.mp4,side,41,1367,29.99760454700532,848,478,154.5449687504069,154.99408833466055,159.54635681997888,143.70093432672638,97.88547535660084,94.06201224966779,8.831274390592611
side_person18.mp4,side,42,1400,29.99760454700532,848,478,150.2424999169952,151.05877612656576,155.27871402633255,145.1181679110949,100.90883975175065,87.36237153386969,8.967369936465108
side_person18.mp4,side,43,1433,29.99760454700532,848,478,146.27294150210562,137.8465972045384,153.20466743061752,155.90864444436835,99.67598250438557,100.64399223540114,9.76443434160925
side_person18.mp4,side,44,1467,29.99760454700532,848,478,143.03836655066627,136.80507873454246,150.75716757883217,154.90714872412332,107.74241236006007,102.0271028038758,11.98094881765485
side_person18.mp4,side,45,1500,29.99760454700532,848,478,138.8459853641175,130.84696401205488,149.234612303042,154.7092109965015,104.16205655832026,107.4408630808085,11.640260746267765
side_person18.mp4,side,46,1533,29.99760454700532,848,478,135.34749939663354,128.63001222327267,146.27670771550368,151.84422249322319,101.93655657380877,112.79826975807852,10.846876719738324
side_person18.mp4,side,47,1567,29.99760454700532,848,478,131.47047178641475,125.33279198102215,141.79257070933468,150.50532660939623,111.05070998645435,124.67538532641542,10.375596394954492
side_person18.mp4,side,48,1600,29.99760454700532,848,478,128.15438980547682,127.85102355283512,139.73843499362067,146.1682369516335,116.07245143925303,118.62034127736457,9.796498087557822
side_person18.mp4,side,49,1633,29.99760454700532,848,478,126.0213079184441,123.17367575949145,136.990699621171,146.37923849601967,113.73999010811808,133.4497723346262,8.766674553818103
side_person18.mp4,side,50,1667,29.99760454700532,848,478,122.27399193996341,129.2592715684831,134.09487422352234,137.802901874955,117.78997599698525,145.02169064412843,8.75715124472694
side_person18.mp4,side,51,1700,29.99760454700532,848,478,118.67001885832084,132.47908337662872,130.04645259186208,130.65280078236333,120.03830193309479,148.15877092103608,10.38281425399379
side_person18.mp4,side,52,1733,29.99760454700532,848,478,116.06061771977909,132.83228565476495,127.42009137350051,126.55228493580861,126.99054009166065,151.6782422131854,12.384252505654796
side_person18.mp4,side,53,1767,29.99760454700532,848,478,116.34861326469031,135.9175943402681,125.7278501190741,124.82816987437737,132.27131745195322,154.52453280068346,20.48370274577132
side_person18.mp4,side,54,1800,29.99760454700532,848,478,114.48366134756017,132.94763833563422,123.79685054032706,122.43846075671307,130.06206843216094,152.43783121756385,21.706353235453246
side_person18.mp4,side,55,1833,29.99760454700532,848,478,108.32807610441492,128.54830853219596,117.90363569559734,122.65680094980257,124.74786073047699,147.20938669144283,25.936851936461053
side_person18.mp4,side,56,1867,29.99760454700532,848,478,100.18016984584831,124.79299241361119,110.08173381005047,119.89656308730235,121.62530309594801,144.00863182316212,27.943386041701896
side_person18.mp4,side,57,1900,29.99760454700532,848,478,98.00187452529539,127.92889323237678,107.52158641163291,119.8363854250069,127.73024025170801,148.69907024701868,32.336796660814244
side_person18.mp4,side,58,1933,29.99760454700532,848,478,96.51327587031692,127.09850329683299,105.2716233561677,120.48466893342109,126.13819548802819,146.54257293329303,35.90827554664625
side_person18.mp4,side,59,1967,29.99760454700532,848,478,91.9711271997966,124.01645502755461,100.94833925979907,117.67954641892274,127.59502897105428,143.7985361799221,35.64912387138461
side_person18.mp4,side,60,2000,29.99760454700532,848,478,88.9310980044241,121.94053576504471,98.01195503774231,114.0511384963917,123.13874474784855,142.77212032050772,35.21634818539601
side_person18.mp4,side,61,2033,29.99760454700532,848,478,86.47216718067814,119.79771112625546,95.4624537638164,108.885558882625,118.6481775763247,141.88501019593087,33.80871331566635
side_person18.mp4,side,62,2067,29.99760454700532,848,478,82.8474697873626,117.62671429552138,91.5919104360094,104.75103645045027,116.7582189474686,142.74868841359506,34.00437191254434
side_person18.mp4,side,63,2100,29.99760454700532,848,478,80.08980805942002,121.11997720491895,88.64424822665308,104.36698263162751,122.64351907500514,145.729167647266,34.78903987659061
side_person18.mp4,side,64,2134,29.99760454700532,848,478,77.6304585822358,120.00804496431306,85.737187037499,101.50768983782304,125.18016044181385,146.07704482747653,33.95901048682516
side_person18.mp4,side,65,2167,29.99760454700532,848,478,65.35765238465818,118.02081012830628,74.41758103823744,99.16590637260848,123.94314797513123,146.53064754511666,33.69428969898699
side_person18.mp4,side,66,2200,29.99760454700532,848,478,65.96192789608189,117.02540105171536,74.53313858350846,96.5304654479152,125.96399612209022,146.9475474568522,31.980679452069307
side_person18.mp4,side,67,2234,29.99760454700532,848,478,62.22234997937548,116.3467596880966,70.91119150409926,94.31741927264295,125.67494172821108,146.54139878152375,29.958250375910684
side_person18.mp4,side,68,2267,29.99760454700532,848,478,56.31486974449679,111.88912381407566,65.64950670864562,93.1509481878791,122.99125985827588,145.66348104984274,29.589897896980073
side_person18.mp4,side,69,2300,29.99760454700532,848,478,58.79559803412963,112.88953756506515,67.45852667662197,93.03651446297685,126.73470682876939,145.62569112731973,29.27719309460462
side_person18.mp4,side,70,2334,29.99760454700532,848,478,57.56111847601653,112.42393538759717,66.06649210433795,92.28389067044618,124.9932696938517,146.80042243688933,29.293000315653515
side_person18.mp4,side,71,2367,29.99760454700532,848,478,55.02535195339114,112.22546493060484,63.57028188677011,93.5921428711584,126.2133383210554,147.06761889735242,31.150753386160645
side_person18.mp4,side,72,2400,29.99760454700532,848,478,55.15060518997061,112.00977895200992,63.72441301010391,93.14192234998403,127.68928036624379,146.19452224888465,30.84608315456484
side_person18.mp4,side,73,2434,29.99760454700532,848,478,55.133890567671834,107.59047927932568,63.46780341610633,90.81997446006832,129.1824945998209,147.65031246236293,30.614297197500218
side_person18.mp4,side,74,2467,29.99760454700532,848,478,56.27126718107489,109.19124423388975,64.3928988041892,91.13845539174514,128.9738107343268,148.2918627163392,30.649895432318697
side_person18.mp4,side,75,2500,29.99760454700532,848,478,55.99118791032561,109.41219260334118,64.05390684382883,91.36177370990846,128.7588012400595,148.76937415301862,30.471597926237035
side_person18.mp4,side,76,2534,29.99760454700532,848,478,58.89356306345936,108.78996913701846,66.6379414164447,91.14710876347335,128.09225443051065,148.05651323693,30.26354493372711
side_person18.mp4,side,77,2567,29.99760454700532,848,478,59.04913277375333,109.81057890356473,66.5153363684824,90.01198181775348,129.90570482967266,147.1681486964539,29.2127854417866
side_person18.mp4,side,78,2600,29.99760454700532,848,478,61.98859612688559,111.05615821901493,68.85662734208627,91.5720098056911,129.0816107052213,148.29594419465414,30.08959149937044
side_person18.mp4,side,79,2634,29.99760454700532,848,478,64.27454646541163,111.66902888222434,70.53347510736208,92.7986159247008,129.59420479517038,147.91082608629662,30.42180946430896
side_person18.mp4,side,80,2667,29.99760454700532,848,478,67.85884952913483,117.28254533930397,74.36782808824158,96.2650731692257,128.19320528540013,147.28844444759642,30.264984306433988
side_person18.mp4,side,81,2700,29.99760454700532,848,478,71.73266613283738,118.79960679805599,78.3541946659322,98.40799914903836,126.77511598511865,144.99522689650473,30.13879944535545
side_person18.mp4,side,82,2734,29.99760454700532,848,478,75.28930483416926,119.09094704523191,82.10417560619553,99.64813180677272,126.51908530421363,145.42289590162318,30.032880877557282
side_person18.mp4,side,83,2767,29.99760454700532,848,478,78.59550371698107,119.42602339301071,86.01425977224065,101.31244588828892,126.02802162229372,142.54214762396,30.031217030167554
side_person18.mp4,side,84,2800,29.99760454700532,848,478,81.1221339697567,119.37845818340291,89.11130500704684,101.91954203668618,125.69445664886707,143.7057411734725,29.449696708332727
side_person18.mp4,side,85,2834,29.99760454700532,848,478,83.95073562460564,120.90317476335072,92.61158657917457,103.56983023132466,125.48226719698731,142.301299847026,29.566799297465444
side_person18.mp4,side,86,2867,29.99760454700532,848,478,89.03398655286134,121.14096361986681,97.95184107507178,105.36943510474933,123.68500759009248,143.00928115851042,29.192575462482974
side_person18.mp4,side,87,2900,29.99760454700532,848,478,93.55792378672439,122.66352539944899,102.96189813267284,107.01354257971634,123.52589634749044,144.63771972973373,28.891581921197375
side_person18.mp4,side,88,2934,29.99760454700532,848,478,97.04344265433602,124.15457493636337,106.75256792795359,108.55916906572767,120.01487202995922,146.35024894667208,28.04181373197363
side_person18.mp4,side,89,2967,29.99760454700532,848,478,100.72778828909604,128.59866498866478,110.08921469958595,113.01723351188431,119.89105012520129,147.95329943684803,29.55177855628345
side_person18.mp4,side,90,3000,29.99760454700532,848,478,104.61122522290792,129.23068985343886,113.41548022759436,119.17484645073694,117.75976852252012,146.4385443134999,30.845426115706438
side_person18.mp4,side,91,3034,29.99760454700532,848,478,107.25864970575054,125.43302548908912,116.78720729103313,120.92893991637202,117.37879184041273,141.7934194098696,27.46830154958253
side_person18.mp4,side,92,3067,29.99760454700532,848,478,110.53357001119444,126.69266237453029,119.73564997957585,125.28565224870546,115.0461024419983,140.87430062605787,26.429055941201774
side_person18.mp4,side,93,3100,29.99760454700532,848,478,114.68913002615389,126.7801812910962,123.60096576696435,127.38793092622164,117.67123154171408,139.95539159282345,23.375946093670642
side_person18.mp4,side,94,3134,29.99760454700532,848,478,117.08738409494555,126.51492038402725,126.05199801085026,132.12259155518078,113.81501374508501,134.3918808919265,23.807555204334687
side_person18.mp4,side,95,3167,29.99760454700532,848,478,120.06317083957329,128.33300781350584,130.08278000354758,132.59708429126965,117.1310014113601,139.08541370092541,18.427328084872148
side_person18.mp4,side,96,3200,29.99760454700532,848,478,124.87332801381602,128.00831446370626,133.97662172835552,135.49601349352534,116.40538887956318,134.9616990910703,15.667659191643436
side_person18.mp4,side,97,3234,29.99760454700532,848,478,127.36526362426228,124.7459240650028,135.49741472206043,141.4819209364706,110.88609787340266,127.91707495680917,14.849300598919424
side_person18.mp4,side,98,3267,29.99760454700532,848,478,128.7633943172644,126.50099263494602,135.24939594623552,143.97111611726967,111.80865918746018,121.92592348884219,12.30259532755581
side_person18.mp4,side,99,3300,29.99760454700532,848,478,130.71864674181208,126.2427035305634,137.0106924988395,147.3447267301042,111.35568633776967,117.37991651620993,10.874750923559
side_person18.mp4,side,100,3334,29.99760454700532,848,478,132.27964617189033,129.94594937329632,137.58820489493232,151.20214471726902,108.05230816348111,116.07142511441747,11.309906141433677
side_person18.mp4,side,101,3367,29.99760454700532,848,478,135.59887700197547,130.86344432601703,139.3118717938619,153.6276704193025,102.42427381013705,116.57208935910118,10.788349257000233
side_person18.mp4,side,102,3400,29.99760454700532,848,478,138.28927181831716,132.5555754198031,141.08498751970703,155.95219701773658,99.7368461435581,110.87160399377352,12.295000067617552
side_person18.mp4,side,103,3434,29.99760454700532,848,478,140.56020339365554,137.3864357468178,143.74353203441004,155.19466942665088,95.09128073195197,89.73801615377808,12.286153846204762
side_person18.mp4,side,104,3467,29.99760454700532,848,478,145.3727766249672,140.40132635206498,146.1841650032607,155.8912745541943,96.82855449903313,96.49537281942693,12.15088533866491
side_person18.mp4,side,105,3500,29.99760454700532,848,478,150.9239102817172,150.66165318061496,148.41835624152515,147.7839170745386,100.44721516898876,93.94376232594442,10.26283377204067
side_person18.mp4,side,106,3534,29.99760454700532,848,478,155.18540811630186,154.58468282430306,151.24821880070186,143.81667098542013,102.04803752028883,92.11435545431397,8.609980689477503
side_person18.mp4,side,107,3567,29.99760454700532,848,478,158.40736129716663,162.8521795117175,153.817980398578,136.76783144041218,101.22749849924364,84.00466218964533,9.037359544105216
side_person18.mp4,side,108,3600,29.99760454700532,848,478,162.89142156465164,167.7353147766544,156.26802911474354,133.50791202722064,103.16633285712525,85.3633673241742,9.039677374738872
side_person18.mp4,side,109,3634,29.99760454700532,848,478,166.25825689786856,168.17613888722119,161.04131612807998,138.73754701937477,112.19664074394738,91.5947192691784,9.12717441524042
side_person18.mp4,side,110,3667,29.99760454700532,848,478,168.00697191657562,168.1441147207587,163.3200776075295,140.88025940878236,110.42367653364465,93.69065211535157,8.878201261889059
side_person18.mp4,side,111,3700,29.99760454700532,848,478,171.0973464688642,168.72087598170035,166.76377297135102,141.4339885499016,99.60093102723643,90.95208311247173,8.79003654301423
side_person18.mp4,side,112,3734,29.99760454700532,848,478,173.36061089086272,172.4680069653651,168.2410340185208,142.25775574495236,99.71296288436402,83.89558872424085,8.659043549261224
side_person18.mp4,side,113,3767,29.99760454700532,848,478,175.29296381589134,174.44577189832816,170.3001951348889,141.8507211819085,100.48033392017877,82.87214195905241,8.422765057785098
side_person18.mp4,side,114,3800,29.99760454700532,848,478,175.14422418191666,172.97943115582711,169.91496051085477,137.26649001494928,99.06399412417906,81.71042358467925,7.133960649711908
side_person18.mp4,side,115,3834,29.99760454700532,848,478,175.83585163291215,171.32053124612273,170.36273736063978,138.83073896859318,98.68237212407938,81.17708311450717,8.009942139091809
side_person18.mp4,side,116,3867,29.99760454700532,848,478,174.6170502954253,171.66427771736636,169.9553581834722,144.7129260960512,96.3728807749212,77.01381518073555,10.514372163721402
side_person18.mp4,side,117,3900,29.99760454700532,848,478,174.86087086700823,170.2657215868124,170.26813439542988,148.06231405729727,97.01337640321854,79.60960095933642,10.504322197489891
side_person18.mp4,side,118,3934,29.99760454700532,848,478,177.20790693270214,168.6216368387561,170.42815552701882,142.36903931794873,98.64621565019972,83.64526090168434,8.865241300382573
side_person18.mp4,side,119,3967,29.99760454700532,848,478,175.70085579257008,169.16514545356597,172.88434077654597,145.3809831957829,96.68862916725931,85.4019265350736,7.637089183119081
side_person18.mp4,side,120,4000,29.99760454700532,848,478,176.15244754229727,168.52191476039553,171.9588479674808,146.05768257781602,98.06984211497434,91.47632492968036,8.235268180552488
side_person18.mp4,side,121,4034,29.99760454700532,848,478,177.0005476522438,168.24680153937445,172.27203718530598,146.58391199441613,97.77924162147512,91.95789661700869,8.416792891867233
side_person18.mp4,side,122,4067,29.99760454700532,848,478,175.69372953298438,168.66784596821324,172.48467293930543,147.80206112277503,96.51628000976673,90.01006883580075,7.651142377416806
side_person18.mp4,side,123,4100,29.99760454700532,848,478,175.34868791707711,168.46943753410434,173.2563631515581,147.20979421250243,94.73548277432408,89.90004607891638,8.658729951577921
side_person18.mp4,side,124,4134,29.99760454700532,848,478,175.82008449144482,168.61292049073523,173.83119791304014,146.79117111918882,95.90511519877242,90.66134034938405,7.560511026980887
side_person18.mp4,side,125,4167,29.99760454700532,848,478,175.81795261812644,168.4237925621756,173.44504484776522,146.93768015335377,95.65673081496931,89.89550927607247,7.820263014515731
side_person18.mp4,side,126,4200,29.99760454700532,848,478,174.88873818941468,168.0435062394651,173.13769306440736,148.5773638774658,94.6475966515175,90.40066286369674,9.045588890105124
side_person18.mp4,side,127,4234,29.99760454700532,848,478,175.7644170151059,167.99621633113878,173.7107018274443,148.77278281563355,95.22383331575665,90.90993051743119,8.773131991613782
side_person18.mp4,side,128,4267,29.99760454700532,848,478,176.00841751528517,168.00095147955426,174.03087806684354,149.3747504903213,95.53464082683868,89.59144478997027,8.176628482750749
side_person18.mp4,side,129,4300,29.99760454700532,848,478,175.4986696002012,167.2954285385402,173.78906536194458,149.49796116679659,94.53853863685033,88.586427887532,9.212935153723784
side_person18.mp4,side,130,4334,29.99760454700532,848,478,175.47235375085236,167.437275302193,172.63316756357364,151.6645792880734,94.27038207752013,88.90618341968928,10.982952612756097
side_person18.mp4,side,131,4367,29.99760454700532,848,478,176.15489357414577,166.742046913398,172.88988966297484,149.76051455130028,94.82738548349691,88.78210599194753,10.813583771800486
side_person18.mp4,side,132,4400,29.99760454700532,848,478,176.75779049405529,167.14876480814718,173.063413281305,149.0889510676373,94.91193504458623,89.16162557883938,10.593405570112537
side_person18.mp4,side,133,4434,29.99760454700532,848,478,177.47377529091796,166.2485662375934,172.73655129525645,148.9760254318111,95.48980484574857,85.81669599607903,11.175481646936706
side_person18.mp4,side,134,4467,29.99760454700532,848,478,178.1346744723653,166.80089697257662,173.516162480165,147.10057523786813,97.26091481818969,85.03942395123747,9.732358556481117
side_person18.mp4,side,135,4500,29.99760454700532,848,478,177.34176785874774,167.32773836086008,173.79507994681262,146.314686681638,97.73620055297148,87.07923577455483,8.768466864241995
side_person18.mp4,side,136,4534,29.99760454700532,848,478,175.54236978627532,168.11006480048323,172.93679260783577,145.0562374472287,97.64474810616524,86.69213207466183,9.221703608193462
side_person18.mp4,side,137,4567,29.99760454700532,848,478,172.4249107398678,169.25355541347588,171.78055890378283,145.76856846436286,95.02613162619981,86.81882548631145,9.796461509060254
side_person18.mp4,side,138,4600,29.99760454700532,848,478,170.47732358249266,169.2006438177091,170.57848010178893,147.0434630689479,95.58343196984235,90.98412744417318,10.052547687379727
side_person18.mp4,side,139,4634,29.99760454700532,848,478,168.03421464594672,166.8777304461069,167.94302378723478,147.06417642500404,96.74867358345989,95.26457303618542,10.260995875465213
side_person18.mp4,side,140,4667,29.99760454700532,848,478,165.17469580857804,163.57506148930614,166.14914533212223,146.4439567124682,95.6615960715589,94.03366752314356,10.333488365000404
side_person18.mp4,side,141,4700,29.99760454700532,848,478,163.10629638757237,160.68107803514755,165.71491392895985,149.9045417597096,96.11323655717077,94.95052790487007,8.830069813400527
side_person18.mp4,side,142,4734,29.99760454700532,848,478,160.88048313391712,159.85330528312642,163.85733007608482,148.3466889622625,97.79456795021531,98.39601102854847,8.434213621264915
side_person18.mp4,side,143,4767,29.99760454700532,848,478,158.05415989165257,156.58854725131894,159.88468886865184,145.66242963404432,99.92472526400967,99.03943806848714,8.684542512092538
side_person18.mp4,side,144,4800,29.99760454700532,848,478,155.6165919520798,155.34266630770182,156.8318079592693,143.88321355625874,102.23222660238746,99.79090614985928,8.094431105801773
side_person18.mp4,side,145,4834,29.99760454700532,848,478,152.02120455459922,150.4582468107582,153.41251171963367,145.05158960523485,102.76160882549195,89.96367082899567,8.290728365146796
side_person18.mp4,side,146,4867,29.99760454700532,848,478,147.34331731040092,139.6369448131815,151.32176076303548,155.12306338558798,98.12411504478102,98.38986476846244,10.72629521866961
side_person18.mp4,side,147,4900,29.99760454700532,848,478,144.38588012525295,131.88067643976547,149.03136606256498,157.88336371443916,100.59763223512338,99.20596866912292,12.389166093807017
side_person18.mp4,side,148,4934,29.99760454700532,848,478,141.78921807275796,127.8981038688492,147.7438386976942,156.19026913878955,103.50230491264817,100.71992069215453,12.182718357186191
side_person18.mp4,side,149,4967,29.99760454700532,848,478,138.98623683183675,126.77539235025353,145.5708383471311,153.76159981139472,100.89952000631709,104.24690622267227,11.632998516025198
side_person18.mp4,side,150,5000,29.99760454700532,848,478,135.86450204389592,126.14565919295097,143.80686466967532,151.0028878585793,101.93632706213906,115.46830220372959,11.384574181321659
side_person18.mp4,side,151,5034,29.99760454700532,848,478,132.56751845292004,120.52770512080942,141.3414462232495,149.88068920190506,102.72724549823312,113.73219285265228,12.473174812649932
side_person18.mp4,side,152,5067,29.99760454700532,848,478,129.17693654317114,121.96870079752632,139.0712599477674,146.4976277045232,103.56368221244796,119.27713183603433,12.089820633459796
side_person18.mp4,side,153,5100,29.99760454700532,848,478,126.16450937488183,119.95054141626977,136.22251339942306,143.82112862212588,103.18225735286185,119.48062179315676,12.258992484349513
side_person18.mp4,side,154,5134,29.99760454700532,848,478,124.12692053548001,122.74343255312483,135.00256776273392,139.39963786878886,107.02972646852727,132.66660034326785,12.322171530874574
side_person18.mp4,side,155,5167,29.99760454700532,848,478,121.51279518065816,127.2484833167894,132.31548721601922,133.90583748033305,113.87579813015843,139.81677583446816,12.63473633097377
side_person18.mp4,side,156,5200,29.99760454700532,848,478,119.49834058828355,129.10778523858335,130.3364272545493,129.67979680083,122.42629174668075,146.4406192464843,13.693102834834171
side_person18.mp4,side,157,5234,29.99760454700532,848,478,116.27448042913224,127.84958303033129,126.62961108447092,131.32660108745065,124.36942427526577,146.11324980222085,20.194978638374096
side_person18.mp4,side,158,5267,29.99760454700532,848,478,112.75468053732081,127.56505499895891,123.08053175515128,130.0760368500126,127.37015320609768,148.30479665982793,23.727618129896438
side_person18.mp4,side,159,5300,29.99760454700532,848,478,110.85324670416891,123.18297684194576,120.27618742445391,123.91079911183053,124.3567391627498,148.76132957306694,25.450170290577557
side_person18.mp4,side,160,5334,29.99760454700532,848,478,108.5316131029916,124.47045629823066,117.50696280372769,117.78934815195424,125.36668632015424,151.4717109896314,24.505705228967088
side_person18.mp4,side,161,5367,29.99760454700532,848,478,104.34937154828096,122.85975108843846,113.47098628411744,116.8876507413784,121.75130732190813,148.91003702401926,26.23227442388542
side_person18.mp4,side,162,5400,29.99760454700532,848,478,101.54980831851631,123.88136191750121,110.87934774597865,117.80114193933218,127.7989007183969,147.18747573298052,29.39471093605833
side_person18.mp4,side,163,5434,29.99760454700532,848,478,98.96444490053982,124.32067832831969,108.1641382449545,118.71156442752688,127.5095384473724,146.69864313302472,32.40074049980107
side_person18.mp4,side,164,5467,29.99760454700532,848,478,97.81859097405385,125.41354700914393,106.64423512170558,118.06125932552193,128.16107092807292,147.61926365636245,33.67022646703718
side_person18.mp4,side,165,5500,29.99760454700532,848,478,93.75578028292824,122.24922116652264,102.27662545400587,114.84654655712396,121.8913392177263,144.152479849452,34.45924288611878
side_person18.mp4,side,166,5534,29.99760454700532,848,478,91.54085968869795,121.10549360390132,99.72532838377374,111.33574634525704,116.69561748796112,142.26688444520994,33.77296714707083
side_person18.mp4,side,167,5567,29.99760454700532,848,478,82.83132256614702,120.4197816190129,91.50699137667327,108.5328126738153,119.94453733855892,141.79920177297592,33.78591931681794
side_person18.mp4,side,168,5600,29.99760454700532,848,478,81.02844838584075,123.3613381425385,89.34461192672784,107.70936751850823,121.41139801609181,143.64533710808436,34.09357596088854
side_person18.mp4,side,169,5634,29.99760454700532,848,478,74.0320823373849,122.74416336844263,82.73155962885835,103.86404807355486,122.58966377035021,144.89299042269667,33.09189847952787
side_person18.mp4,side,170,5667,29.99760454700532,848,478,72.28248772101938,122.77322140887647,80.54093673935625,102.28808067468348,124.30661795656896,145.9187015763223,32.87007810646469
side_person18.mp4,side,171,5700,29.99760454700532,848,478,66.85022187637551,120.29577417296196,75.5579666479254,100.01946646388589,123.77849530192664,144.95213879570403,32.639938765847
side_person18.mp4,side,172,5734,29.99760454700532,848,478,65.65965321117697,118.18235618469403,73.73053065111506,97.50014213766845,127.75756262882646,145.42050211282938,32.43475261163631
side_person18.mp4,side,173,5767,29.99760454700532,848,478,57.59608938661071,115.44879322070608,66.66419746576098,96.28494028202573,125.65670985350428,144.8405252535817,32.350406100478445
side_person18.mp4,side,174,5800,29.99760454700532,848,478,57.77751011692061,113.61891102934537,66.12030342432809,94.41940351525811,125.86137219711105,146.22350704448277,31.964440576741186
side_person18.mp4,side,175,5834,29.99760454700532,848,478,57.70520313771209,110.15338800032927,65.73003845161072,92.97843063646759,130.52600093430425,146.3387843657514,31.505539121749198
side_person18.mp4,side,176,5867,29.99760454700532,848,478,57.56530342923295,107.86925840034273,65.46484408510024,92.10806601723603,131.12559717611836,146.6551822797487,31.680816247539457
side_person18.mp4,side,177,5900,29.99760454700532,848,478,55.89765251640875,109.22784537561213,64.2853635670353,93.78386308279262,130.07157356322924,146.0859736139721,32.09995244942156
side_person18.mp4,side,178,5934,29.99760454700532,848,478,55.126012875838256,109.73179358874758,63.4404866148938,93.42878299086391,129.9107567003033,146.70323039332888,32.02975666474287
side_person18.mp4,side,179,5967,29.99760454700532,848,478,52.93885350839676,107.81367631365492,61.81211940743435,92.31511566309914,130.46126174248687,148.9901029284421,31.93307642743569
side_person18.mp4,side,180,6000,29.99760454700532,848,478,48.32674534222885,107.74472345869992,58.29334813013145,94.05932471972237,129.25658721402013,147.90656874017677,33.999311166348264
side_person18.mp4,side,181,6034,29.99760454700532,848,478,50.186568258341765,108.9900443473944,59.71222985839149,94.31246864474352,131.18593984461705,148.0021999284142,33.702325277623096
side_person18.mp4,side,182,6067,29.99760454700532,848,478,50.72077959468254,106.41578536605742,60.29646360034954,93.42449184859218,131.08147773372556,148.14704842395375,33.30978117775494
side_person18.mp4,side,183,6100,29.99760454700532,848,478,51.181703525272056,107.00054772648514,60.718531349277086,93.53591169198256,130.48972412723504,148.6149698380411,33.08794005728921
side_person18.mp4,side,184,6134,29.99760454700532,848,478,51.03870082461927,105.8490951690868,60.495897573497025,93.39648655227084,131.45738259535062,149.33577430153252,33.93891139836783
side_person18.mp4,side,185,6167,29.99760454700532,848,478,52.662879205508666,105.96733045551666,61.86427277605144,92.80756184882149,130.65090822675222,146.68607416519907,33.12228669785231
side_person18.mp4,side,186,6200,29.99760454700532,848,478,51.45921267305134,106.4376828596944,60.921782203592905,92.744098411199,129.04436694521343,147.5166238615923,32.58111265362974
side_person18.mp4,side,187,6234,29.99760454700532,848,478,52.10693782135448,106.32743490958107,61.608861640300525,91.73135101765985,129.59510044086596,147.31997904498346,31.009822106191997
side_person18.mp4,side,188,6267,29.99760454700532,848,478,54.99765406992239,108.03071770898254,64.9396424529364,91.899995590441,127.58763098255466,147.0227014001759,28.96378816086779
side_person18.mp4,side,189,6301,29.99760454700532,848,478,69.89093907612981,116.3319745120338,77.3388231336012,94.66725715972888,124.50483154295131,147.04634461678188,28.379157938629202
side_person18.mp4,side,190,6334,29.99760454700532,848,478,74.09876116821347,116.97157425450925,81.08445156515299,94.46098277832881,125.55552762431446,145.61255917775486,27.703024180828304
side_person18.mp4,side,191,6367,29.99760454700532,848,478,72.51305279934665,117.12418924764806,80.57152153730318,96.4060278527966,126.78970506902091,144.68121705082933,28.232228168488085
side_person18.mp4,side,192,6401,29.99760454700532,848,478,80.22108102496738,119.19095199472254,87.76688992258681,99.10489163079036,125.05689627543599,143.3741408446563,28.90656603261037
side_person18.mp4,side,193,6434,29.99760454700532,848,478,86.1829708552178,118.80758527915116,93.54591742840688,100.07278692091184,124.8344197855011,143.08049575589706,28.2430443959312
side_person18.mp4,side,194,6467,29.99760454700532,848,478,87.52274117318085,121.57300611881067,95.76487443507061,102.90306431594195,113.4090540699392,141.21263670176538,28.524591083814215
side_person18.mp4,side,195,6501,29.99760454700532,848,478,90.50184091772405,120.74052996024915,99.44285475213009,105.16748574484507,112.59439501265982,141.5234870342946,28.65422072526567
side_person18.mp4,side,196,6534,29.99760454700532,848,478,93.86649714036055,123.64141608419152,102.58139774572466,112.67504875284442,119.78796330334285,144.91682173110564,33.97857036937266
side_person18.mp4,side,197,6567,29.99760454700532,848,478,98.42596353159746,125.45932940977363,107.75373215350062,117.59673723248362,119.4537740825809,145.20370192523575,34.15975784482417
side_person18.mp4,side,198,6601,29.99760454700532,848,478,101.59017297612371,124.33101056210054,111.07160777150179,120.96875687998119,119.53998868996082,142.4097893913141,33.39338630228957
side_person18.mp4,side,199,6634,29.99760454700532,848,478,105.23669164848597,125.74431635308689,114.78062004268065,124.08002568964109,120.83220141299186,139.7871223593932,32.72059363901047
side_person18.mp4,side,200,6667,29.99760454700532,848,478,108.46036657226827,123.97113915997984,117.02819679629532,126.38822759954633,118.4318699902056,141.9474414257459,31.064351507650386
side_person18.mp4,side,201,6701,29.99760454700532,848,478,111.95585881447678,122.30007911834716,120.39606666623878,128.72720673007052,118.93820659874693,140.15801813524638,28.366312388514825
side_person18.mp4,side,202,6734,29.99760454700532,848,478,116.26093768892429,126.18188826068882,126.16006234783485,128.33017512370552,123.10098405371672,139.49380491533248,22.410086315470764
side_person18.mp4,side,203,6767,29.99760454700532,848,478,118.14443955017263,128.7493245599772,129.00013725675862,131.4900771298695,127.93172972494787,144.2028871707168,21.360184964299524
side_person18.mp4,side,204,6801,29.99760454700532,848,478,116.09441540710706,123.21220817333077,129.98414529665087,136.93470812256183,129.2159301277541,138.42212840785615,16.7889377652381
side_person18.mp4,side,205,6834,29.99760454700532,848,478,125.7820906603244,127.0942086190378,135.1618464449962,140.517991431095,114.7779942912161,137.30350910666516,14.007662478242834
side_person18.mp4,side,206,6867,29.99760454700532,848,478,130.8712879012282,131.25064790924534,137.21357504233046,143.54991777617957,113.29302464397874,133.7616195790674,12.375811034704448
side_person18.mp4,side,207,6901,29.99760454700532,848,478,133.6198794224691,128.20988390873453,137.24250168481478,149.68820379281271,110.63125333477481,128.95056582167075,11.48518049232177
side_person18.mp4,side,208,6934,29.99760454700532,848,478,135.45858071051615,128.99679225191375,138.99849709995584,151.96038599820324,108.62335333426748,126.59244911307847,10.535274610402809
side_person18.mp4,side,209,6967,29.99760454700532,848,478,139.88723871014514,132.2401077421091,140.76563144096713,153.00164356619408,101.69969486286183,117.78467024539353,11.418905401889619
side_person18.mp4,side,210,7001,29.99760454700532,848,478,144.19514537501485,139.6758796780328,145.60865049475922,152.26032063046998,107.20798011596644,88.04880515727119,12.33701901754649
side_person18.mp4,side,211,7034,29.99760454700532,848,478,146.92970873818882,143.43417816390587,145.44816657874682,149.74408909703348,100.84524267799685,96.69823455245518,10.984017006158451
side_person18.mp4,side,212,7067,29.99760454700532,848,478,149.8146795307762,149.51611454750685,147.6380463696174,145.27785146399833,98.66273291034068,87.94756831592844,10.661585135272114
side_person18.mp4,side,213,7101,29.99760454700532,848,478,153.76643584035085,156.26244857942464,149.40389809402856,139.74151125506114,101.04992018274456,88.3516934559675,10.274357881838869
side_person18.mp4,side,214,7134,29.99760454700532,848,478,157.56222923644643,160.5029273228515,150.22646352963562,136.5629680538552,103.564694511177,88.6296023284335,9.787258965363447
side_person18.mp4,side,215,7167,29.99760454700532,848,478,161.2166049109186,167.0414426285426,152.05135749683862,130.37444308327807,103.32336345783209,85.66692024215479,10.337258891120909
side_person18.mp4,side,216,7201,29.99760454700532,848,478,165.02037306783782,167.9573545181015,159.1370995818735,134.89580740296225,102.92226859523828,81.06841350333394,10.695352186518427
side_person18.mp4,side,217,7234,29.99760454700532,848,478,166.65389806133413,168.45020540989262,160.18560170615356,137.51693741717764,101.64272535659269,82.3104399396003,10.67702562644037
side_person18.mp4,side,218,7267,29.99760454700532,848,478,168.34529465288705,171.20276460492423,160.69430722749465,132.9648245081791,102.15450822326267,80.06546073096436,11.009096779475705
side_person18.mp4,side,219,7301,29.99760454700532,848,478,169.66164926719387,171.17971116234744,163.75796260496955,137.0772265396903,95.8533272334152,76.30937768368298,11.038500324164294
side_person18.mp4,side,220,7334,29.99760454700532,848,478,171.30097166422692,168.97212466413748,165.23757422583793,139.2497924123815,97.81426736433694,70.87692005403109,10.809730044231118
side_person18.mp4,side,221,7367,29.99760454700532,848,478,173.05040266282833,173.1594320301169,167.01468472122838,139.7580151062387,100.17763304490687,77.30618419451234,10.411999348863407
side_person18.mp4,side,222,7401,29.99760454700532,848,478,174.38706445936708,173.23113783288696,167.8565018155583,142.70867047877408,101.0180010131219,78.7737370331228,10.713467925469029
side_person18.mp4,side,223,7434,29.99760454700532,848,478,174.70595733314727,172.34765964377908,167.623166677779,145.65455975338256,99.53348251220547,79.02214958532926,12.021165126535427
side_person18.mp4,side,224,7467,29.99760454700532,848,478,175.71084588327747,171.9411506806963,168.1590717535411,146.0835728019253,99.59016476917968,79.088207832796,12.214927391236877
side_person18.mp4,side,225,7501,29.99760454700532,848,478,176.3627808535316,171.6064413540882,168.1217611726845,144.90894173361477,100.44316460189961,78.3470402262716,12.285431496228322
side_person18.mp4,side,226,7534,29.99760454700532,848,478,176.7328168720304,171.13149775274573,168.300253171279,148.38846726839873,101.16382498923701,80.09261933968311,12.265828890049317
side_person18.mp4,side,227,7567,29.99760454700532,848,478,176.73785829478936,170.1148043256385,168.4434258612701,148.92761537959333,101.08608688989678,81.70112322411238,12.170463199381562
side_person18.mp4,side,228,7601,29.99760454700532,848,478,175.378741118536,169.7458112750894,168.5125454672821,149.6846256024309,98.97862309474317,81.09451316365315,12.601601733954686
side_person18.mp4,side,229,7634,29.99760454700532,848,478,174.96142518216809,169.639691250133,169.1592067413922,151.08215288310006,98.30400763976608,82.83323426398834,11.699501980701118
side_person18.mp4,side,230,7667,29.99760454700532,848,478,173.9364518009467,169.2287716982924,169.97000764605247,151.01445469891794,96.88844106082256,84.18454557002757,11.674682129769174
side_person18.mp4,side,231,7701,29.99760454700532,848,478,174.69318895482957,167.68481227852618,168.31122714191375,150.86504644111275,98.06136906792898,82.76471810778503,12.806390417133134
side_person18.mp4,side,232,7734,29.99760454700532,848,478,175.0467955881177,166.83021840145847,168.907807454861,150.85597811169004,97.72641204719541,79.13887854349007,12.828148694978902
side_person18.mp4,side,233,7767,29.99760454700532,848,478,174.9511025881477,166.3932677024394,168.72065312339623,150.93521635046787,96.47433542824744,80.69261183880191,13.480334933003666
side_person18.mp4,side,234,7801,29.99760454700532,848,478,175.75096457068892,166.0431916046729,168.8956119159684,150.1602707535492,97.43975423070371,81.51656867821293,13.382210526692061
side_person18.mp4,side,235,7834,29.99760454700532,848,478,175.36591401556413,166.14540636443908,169.15852125874227,149.88208951807675,97.21825724210314,80.67234065901827,13.130051600658685
side_person18.mp4,side,236,7867,29.99760454700532,848,478,177.53738350141234,167.29829191944688,168.00526966864655,150.61096758320548,99.70708679443204,82.89725466728731,13.264146074544293
side_person18.mp4,side,237,7901,29.99760454700532,848,478,176.09425482662462,166.3052359595375,168.74125934199182,149.90328767827464,97.8572190382845,82.33553923065726,13.380372554383982
side_person18.mp4,side,238,7934,29.99760454700532,848,478,174.64941178123695,166.71003071714665,169.15819052389918,150.49718089301302,97.08321800973023,81.22075209765757,13.659447734586113
side_person18.mp4,side,239,7967,29.99760454700532,848,478,174.87670191892332,168.70934342058385,170.35613128328274,148.4500336556788,97.38597540520468,82.65869383061899,11.28080763052544
side_person18.mp4,side,240,8001,29.99760454700532,848,478,174.67067552661845,169.05046623447197,170.28215194371336,150.01508188807446,96.51851065398671,83.71881266790355,11.37631810836987
side_person18.mp4,side,241,8034,29.99760454700532,848,478,174.3982742833837,169.51128322210886,170.83540191624346,147.7305431161181,96.53687495654484,84.06847401589522,10.215922680913797
side_person18.mp4,side,242,8067,29.99760454700532,848,478,173.24759512409614,169.86144257115882,171.19769677276665,145.97717988588832,96.74064168757118,91.56535284844455,9.019773043944413
side_person18.mp4,side,243,8101,29.99760454700532,848,478,172.14644322806632,169.30157051101133,169.97984706225228,145.1636437126216,98.35935665495509,85.90010219085298,8.843214385603643
side_person18.mp4,side,244,8134,29.99760454700532,848,478,169.31759060346266,167.65172877094176,168.74721639464812,147.18626842837375,98.11135183452573,82.72840836096027,9.194632899724411
side_person18.mp4,side,245,8167,29.99760454700532,848,478,167.19289490663735,163.99522776321703,167.98827333805806,147.33972645996172,99.48977155802774,84.41818014531277,6.632910024002553
side_person18.mp4,side,246,8201,29.99760454700532,848,478,164.38427607422207,163.1691575000274,165.04089221804503,146.80488077790082,100.50703200702132,94.56820302781823,7.904334302228553
side_person18.mp4,side,247,8234,29.99760454700532,848,478,160.68798300520012,158.1321228370181,162.08610824878582,145.28089136003015,99.96359989273533,92.54780452429823,8.520469575207269
side_person18.mp4,side,248,8267,29.99760454700532,848,478,157.61174264367062,156.36459981278702,159.45749318050306,143.2956348918623,100.732323121882,94.07017946288012,8.847370322924153
side_person18.mp4,side,249,8301,29.99760454700532,848,478,153.52587057664226,152.87389839690823,156.44031150690577,144.57937855219888,100.05858656131352,94.29334895515149,9.363285260461668
side_person18.mp4,side,250,8334,29.99760454700532,848,478,149.2472040273254,148.76506893065212,150.64409859544315,147.801106478548,103.59320278917468,91.00984400181692,10.620074430226992
side_person18.mp4,side,251,8367,29.99760454700532,848,478,145.6765098193403,137.45329516490756,150.0435201451073,155.95221043815175,102.68572629229175,99.29882885294403,11.339634850998205
side_person18.mp4,side,252,8401,29.99760454700532,848,478,141.51573179967176,130.38345680337846,148.40733416165122,157.2043281093173,102.46044456885411,99.22001278025859,13.312049334132649
side_person18.mp4,side,253,8434,29.99760454700532,848,478,137.672800823717,127.6132906649489,145.38629492621988,154.7754661171503,101.77114902418536,105.18631612934618,12.504057435574214
side_person18.mp4,side,254,8467,29.99760454700532,848,478,135.57386243279137,129.37778352419792,143.92266803781288,151.75050623296275,105.72059778785314,113.08982334672456,11.622666088467206
side_person18.mp4,side,255,8501,29.99760454700532,848,478,130.36899184741318,128.08968384156896,141.5439268903275,149.6241530335006,108.67210386614695,123.59948343988054,11.726491087547087
side_person18.mp4,side,256,8534,29.99760454700532,848,478,128.8702527905762,125.03904380847432,140.06531553012266,148.53340178978257,110.59544882827845,126.3090864301959,12.262495074692692
side_person18.mp4,side,257,8567,29.99760454700532,848,478,126.92384913718155,123.26285627650763,137.62768011570918,146.6697804392078,108.67861694828285,132.86986029817675,11.919818157206157
side_person18.mp4,side,258,8601,29.99760454700532,848,478,124.87328497318803,122.48769016917542,135.13626088649565,143.65828658111772,116.93118276748652,132.8009810003851,12.858809911548294
side_person18.mp4,side,259,8634,29.99760454700532,848,478,121.82032279145068,121.08143091119157,132.23365256127008,139.77075386824447,121.96370138880678,143.1863025879562,15.565826242601581
side_person18.mp4,side,260,8667,29.99760454700532,848,478,120.88932723131693,128.14955499163952,130.59822307503464,133.8583480559905,127.22362514227149,147.73350136855186,18.847352138434832
side_person18.mp4,side,261,8701,29.99760454700532,848,478,117.67482312102504,125.91913381399186,126.79299054246763,133.58542841786812,126.7388586660045,143.50711797108667,22.82955123147734
side_person18.mp4,side,262,8734,29.99760454700532,848,478,114.9758185258696,125.96533043149128,124.49209358105591,127.42342667253851,127.56877419037873,147.0678822158081,20.680528548984743
side_person18.mp4,side,263,8767,29.99760454700532,848,478,111.36221720567714,121.75458815408015,121.069373934724,126.59059895184477,123.18162621269563,144.78919839158914,23.476072110246214
side_person18.mp4,side,264,8801,29.99760454700532,848,478,105.29813332387752,116.8320280416968,115.07661035760037,124.16093333278239,127.77064552122087,141.60350677821813,25.698647990167125
side_person18.mp4,side,265,8834,29.99760454700532,848,478,101.90267986925777,115.72395297995733,111.01035689068468,121.76772188906241,123.75833160184781,142.4355750022142,28.970173638893478
side_person18.mp4,side,266,8867,29.99760454700532,848,478,99.94639451121768,117.83885424550729,109.05078949279141,120.48422077276022,125.80566487485987,143.30082016168882,31.93431964904371
side_person18.mp4,side,267,8901,29.99760454700532,848,478,97.918161166425,120.45848321355477,106.79177266657705,119.9181407804599,127.36902677412084,145.01531459102515,33.47195707113658
side_person18.mp4,side,268,8934,29.99760454700532,848,478,95.45645749619426,122.39164748434692,103.79488515752956,121.48667816567554,127.47201397531069,146.64769264206396,36.172747510485294
side_person18.mp4,side,269,8967,29.99760454700532,848,478,93.46774971543103,120.58951452289885,101.93838909345362,117.97748216107034,125.92985631121729,145.20115736497206,35.44743140000665
side_person18.mp4,side,270,9001,29.99760454700532,848,478,90.92529252631392,119.03193894478149,99.6994862263786,113.82196554390585,122.43085080107808,142.90364439383575,33.88075826570204
side_person18.mp4,side,271,9034,29.99760454700532,848,478,86.9200557834816,116.83950168200961,95.57761346214595,109.00858319891591,120.16797768318246,140.8750934240931,33.06624320115669
side_person18.mp4,side,272,9067,29.99760454700532,848,478,85.21184215525292,114.05503132415193,93.80576783350998,104.76097783643603,119.85925065552495,139.39630373658716,32.55918539941472
side_person18.mp4,side,273,9101,29.99760454700532,848,478,82.60326800267494,113.15958596119356,90.95474211282826,102.25315489553985,124.02218447347936,138.79929200285875,32.349386802151294
side_person18.mp4,side,274,9134,29.99760454700532,848,478,80.04305006486847,113.28017964300093,88.32063537090941,97.29169956066161,124.03777743394339,138.54604034172115,29.272445727943854
side_person18.mp4,side,275,9167,29.99760454700532,848,478,78.2366446638703,114.89207479753013,86.11561142998825,96.44350031045259,123.40087786714423,139.84494000618804,29.294602666635807
side_person18.mp4,side,276,9201,29.99760454700532,848,478,75.65654677603311,117.64857635662936,82.98089672982736,96.34536680689851,124.95160745941854,141.93471074052906,29.380675165504186
side_person18.mp4,side,277,9234,29.99760454700532,848,478,74.85521077338,116.70341065476045,81.6428192436741,95.11101275061559,125.48398896502133,139.6574780058336,29.56745833974375
side_person18.mp4,side,278,9267,29.99760454700532,848,478,72.49224371729981,115.26377047870814,79.11117681549347,93.36918531549989,125.8526473608942,137.7910452577916,28.949673915356573
side_person18.mp4,side,279,9301,29.99760454700532,848,478,72.76117485372116,113.54215583071402,78.45482110508193,91.55939997109758,126.48825934351905,140.52823827496533,28.622044334552236
side_person18.mp4,side,280,9334,29.99760454700532,848,478,71.28151270915404,112.0357902379007,77.29504263683678,90.73388784930027,124.19405570650893,139.67443473763035,28.322416936929383
side_person18.mp4,side,281,9367,29.99760454700532,848,478,70.74619696542402,111.89451441920428,76.50842712371596,90.64984999549411,124.34603376184194,140.26875774651268,28.07544452700157
side_person18.mp4,side,282,9401,29.99760454700532,848,478,66.95305922888299,111.77732764597809,73.64328771135868,90.33055249768346,122.23319643068507,140.04356769654643,27.527893749411962
side_person18.mp4,side,283,9434,29.99760454700532,848,478,63.83345848665609,111.14965589265117,71.08790178863735,90.39175686892625,124.47399497415569,141.66546654973138,27.174138270816496
side_person18.mp4,side,284,9467,29.99760454700532,848,478,59.04656700224637,111.29067391436786,67.22731532367023,92.2149452711056,126.844213079416,145.23799717115142,28.319312983103185
side_person18.mp4,side,285,9501,29.99760454700532,848,478,58.88470800009148,110.74928365304484,66.55272865676038,94.14574466577957,127.94462219339853,146.13740575570063,31.259599342044
side_person18.mp4,side,286,9534,29.99760454700532,848,478,57.92241789822165,110.01799105769231,65.897091866096,94.76281447191991,128.6484724114488,145.25680890186507,31.322855265053995
side_person18.mp4,side,287,9567,29.99760454700532,848,478,58.721323275136214,109.55720859508902,66.66862841378598,94.19841976079806,128.00192731375296,146.3738578057701,31.07127054225592
side_person18.mp4,side,288,9601,29.99760454700532,848,478,58.02161576190249,109.91948331102817,66.27610699840436,94.03495642323472,127.43411532117753,145.92044181628242,30.943798014440553
side_person18.mp4,side,289,9634,29.99760454700532,848,478,58.42271805960488,109.10455667857094,66.53310044290993,93.66033199102063,126.54158271880796,146.34374171310805,31.089302767766647
side_person18.mp4,side,290,9667,29.99760454700532,848,478,58.88562650551401,109.23827626027493,67.01535601186104,94.09072493927172,126.70688289129508,145.08817678451746,31.034969154949394
side_person18.mp4,side,291,9701,29.99760454700532,848,478,60.79142322809278,109.25550273929314,68.53716300502049,92.74757900343799,128.44533427649756,144.79474986150103,29.809940931921805
side_person18.mp4,side,292,9734,29.99760454700532,848,478,65.84568740867654,108.97148436251545,72.70690068020474,91.26808040023654,126.8786261793634,143.39599927471465,28.151986274194922
side_person18.mp4,side,293,9767,29.99760454700532,848,478,67.78371877750592,112.79145100972659,74.5096952934033,91.5397928717466,125.60538783635688,143.91920830568654,26.693848820326373
side_person18.mp4,side,294,9801,29.99760454700532,848,478,70.71178585114384,115.42132231572486,77.14305271090824,91.60049050319728,123.7570180234473,142.66632260568358,25.96693631973169
side_person18.mp4,side,295,9834,29.99760454700532,848,478,73.41289491194279,117.14304363889389,79.67109191800338,92.53644090258659,123.02006305057242,143.45740593559285,25.860644537842997
side_person18.mp4,side,296,9867,29.99760454700532,848,478,74.72109477379621,116.77458471962017,81.624845560152,94.11853267891915,123.43170510154616,143.67168408675164,26.01405665806969
side_person18.mp4,side,297,9901,29.99760454700532,848,478,78.73022767451597,117.22057032164292,86.09681168668624,96.85515040836776,122.81026860279451,143.9393810126568,26.243925960964333
side_person18.mp4,side,298,9934,29.99760454700532,848,478,81.65493163597125,117.47215264807262,89.56088959031486,99.04116821811826,123.21944081938773,142.3032335777459,26.902123687474884
side_person18.mp4,side,299,9967,29.99760454700532,848,478,85.3731301961287,117.50726397444345,93.84708219575478,101.32146733451634,119.22428826858413,143.4466349820941,27.116732533060045
side_person18.mp4,side,300,10001,29.99760454700532,848,478,87.70896886364649,115.34234323679829,96.4290092660513,101.14682758817018,115.10757012134579,140.7652549433946,27.132611436355447
side_person18.mp4,side,301,10034,29.99760454700532,848,478,91.01149094330974,116.30845741132869,99.37729447717992,107.52121223220537,118.46716224905946,139.97680301101903,32.161335847541054
side_person18.mp4,side,302,10067,29.99760454700532,848,478,93.29367147629533,115.09170612648234,101.79584526858778,109.45824254506257,114.11235848755797,138.72791638061548,31.70708733777658
side_person18.mp4,side,303,10101,29.99760454700532,848,478,96.39451642163374,119.74886952476622,104.15375391133304,116.15677005775366,116.13502908539704,136.31462645629426,34.0681814537615
side_person18.mp4,side,304,10134,29.99760454700532,848,478,99.7170191323079,121.65745727703134,107.88100212969624,119.67913541061887,119.33235449905953,135.16560244113424,32.93523307311436
side_person18.mp4,side,305,10167,29.99760454700532,848,478,102.81521250368134,115.91271347050859,110.9439403802872,121.12707866383967,119.069320840391,133.8767211647455,32.478374221027025
side_person18.mp4,side,306,10201,29.99760454700532,848,478,108.54980231252428,120.75780526109313,116.16353662971491,126.2295637011423,117.56907293885853,136.5161036313981,31.967245054899298
side_person18.mp4,side,307,10234,29.99760454700532,848,478,112.20727668878556,119.92911860144665,119.78193548848954,128.60143700184463,115.50702646324547,136.419040854836,31.59138948756639
side_person18.mp4,side,308,10267,29.99760454700532,848,478,114.85847678614773,119.6153434238041,122.72690406055193,130.94026570463214,114.34564598248474,137.33456234695208,25.933802862172275
side_person18.mp4,side,309,10301,29.99760454700532,848,478,120.95772885656656,123.93212545104595,129.3349032011023,134.34163592651205,121.43403709901915,136.40988161090112,20.924360303244573
side_person18.mp4,side,310,10334,29.99760454700532,848,478,123.92563209530134,123.24003889585077,132.05819265763148,137.61004157039977,119.10930932169627,135.4145588240956,17.239897103149964
side_person18.mp4,side,311,10367,29.99760454700532,848,478,126.50522475468043,124.3684323439482,133.31756244707,141.41077906223146,118.64743942003359,133.2975953676563,17.99558464384988
side_person18.mp4,side,312,10401,29.99760454700532,848,478,127.9693759328532,124.03811413314332,133.6412360492268,145.16900209502546,115.01402158196389,126.38535656762065,15.655009834265584
side_person18.mp4,side,313,10434,29.99760454700532,848,478,132.0944937072386,126.98417251796272,136.89800212588574,148.1335797776523,111.61703827586854,127.36125783893509,13.137599896592562
side_person18.mp4,side,314,10468,29.99760454700532,848,478,134.57135834425296,126.52595705960304,136.52674389678612,150.49639420402772,108.33913991881292,124.78409151843076,13.139852913025196
side_person18.mp4,side,315,10501,29.99760454700532,848,478,137.5280976638281,126.98071282604403,138.01283727693266,152.02756031201136,104.2323359136767,115.92480602746078,14.750878039493209
side_person18.mp4,side,316,10534,29.99760454700532,848,478,140.73117238325673,138.77694138667346,141.10833550194005,154.63627897870904,102.05555448053593,125.89809090451155,15.651345070740978
side_person18.mp4,side,317,10568,29.99760454700532,848,478,145.7290893689232,146.59463938531846,144.6947629805448,150.33120169177326,103.56843333035982,107.05451872971305,15.595489302782648
side_person18.mp4,side,318,10601,29.99760454700532,848,478,150.04612735800322,152.38121811721777,146.76368780780686,142.49152480368244,99.35222333374728,102.52013247462483,13.907593758552949
side_person18.mp4,side,319,10634,29.99760454700532,848,478,155.88137655782486,159.56998723408842,150.77350888732943,138.60727027757233,102.21107062520252,99.25010546727736,15.080119334410988
side_person18.mp4,side,320,10668,29.99760454700532,848,478,158.11963095233216,160.55944711922584,151.58898468852271,141.29750110404777,99.94338390883405,93.46451333271204,15.129043110888079
side_person18.mp4,side,321,10701,29.99760454700532,848,478,161.168017138897,164.15789975831166,153.1705754810807,137.10366321680823,101.53935788832042,88.97911277811397,13.89525243226221
side_person18.mp4,side,322,10734,29.99760454700532,848,478,164.24313036855452,165.09932349052295,156.89033671520428,139.16753657256058,102.43080491360821,89.25518014206173,12.55032631205623
side_person18.mp4,side,323,10768,29.99760454700532,848,478,167.31935723445594,167.74622275806558,159.25264076979488,140.32139303576687,101.27010645841187,86.1297913071064,12.234568614333133
side_person18.mp4,side,324,10801,29.99760454700532,848,478,169.4603717715288,169.80746855142257,161.20391444904777,139.28009581377128,102.10247683131871,80.5614997600013,12.307056024787965
side_person18.mp4,side,325,10834,29.99760454700532,848,478,171.3110468469361,171.19085624274615,164.7560577741646,139.37547455294057,95.26371496728859,78.74131077317614,12.146371207184842
side_person18.mp4,side,326,10868,29.99760454700532,848,478,172.49493218766446,172.03388070485863,165.99319727434712,138.7917007828244,95.13106647280152,78.74020537486491,11.71583581790706
side_person18.mp4,side,327,10901,29.99760454700532,848,478,173.34370761143163,170.48071815999768,166.41033158327872,140.631139283955,97.57421022749928,72.71315715721249,11.183239579417819
side_person18.mp4,side,328,10934,29.99760454700532,848,478,174.7810536986612,171.54610460336994,167.24086749311456,140.97021426497412,98.39075584819304,76.92931058622838,11.252491915635868
side_person18.mp4,side,329,10968,29.99760454700532,848,478,175.99664302881976,172.36962304737804,167.88789503502448,140.6159993527421,101.12031075219981,75.29587215359693,10.028934071391593
side_person18.mp4,side,330,11001,29.99760454700532,848,478,177.6950005415746,172.82147536893942,168.15073166461107,140.8487071024142,102.60275903869322,80.41612277589894,9.66070139725136
side_person18.mp4,side,331,11034,29.99760454700532,848,478,178.74724734711668,172.91413625671902,168.81947173384745,140.08291457046232,103.47616377220363,80.91282241960884,8.86548665406159
side_person18.mp4,side,332,11068,29.99760454700532,848,478,179.0388058376908,171.99419717779259,169.38622494668664,141.11940347006353,101.75624752909552,80.5822228696416,8.828871707694985
side_person18.mp4,side,333,11101,29.99760454700532,848,478,178.95755491462495,171.20581014803494,169.17304809259474,140.62570477135387,102.0413156160284,82.25680838621025,8.812413531885804
side_person18.mp4,side,334,11134,29.99760454700532,848,478,179.03165094325814,171.07127281263124,169.23605225772454,140.7798893874181,101.68912464589341,81.86206021424181,8.819088837060034
side_person18.mp4,side,335,11168,29.99760454700532,848,478,178.90826791522085,171.07865004910133,170.0140678511649,142.29107942579435,101.82394349282966,79.71059562728722,7.647582856415912
side_person18.mp4,side,336,11201,29.99760454700532,848,478,179.1158187144583,170.2228122786506,170.0184894424453,142.29843516900016,102.81425326140149,79.56739966430732,7.79188473621017
side_person18.mp4,side,337,11234,29.99760454700532,848,478,178.002244995191,170.2217984518503,170.24287068364904,143.9994867776534,100.45441293760592,82.00828600985335,8.201119225744064
side_person18.mp4,side,338,11268,29.99760454700532,848,478,177.84241855835708,169.83127800578535,170.39377208573785,143.56126976684692,101.12051439985424,82.78110495986937,8.064050846065646
side_person18.mp4,side,339,11301,29.99760454700532,848,478,177.3090809436581,170.15530725016836,171.27250736040293,145.16681179264154,101.12459750233572,85.96786640744898,7.1713590380069405
side_person18.mp4,side,340,11334,29.99760454700532,848,478,177.97952183960285,169.20227085882723,171.38735963842313,142.95792737328875,102.15008129549098,84.70387907211658,6.353877581487185
side_person18.mp4,side,341,11368,29.99760454700532,848,478,177.9633858866753,169.35895395758496,171.2195892709159,142.58292264650723,102.53189289480133,83.50161868837311,6.4548719636109455
side_person18.mp4,side,342,11401,29.99760454700532,848,478,175.98723133007547,169.6545507981689,171.22458883370226,143.28520112621533,100.09065854636304,84.29160188446026,6.935681841290894
side_person18.mp4,side,343,11434,29.99760454700532,848,478,178.47596293346373,169.29788824879162,170.8734889471387,142.97719608765985,103.29369117254596,86.07740875060296,6.7260440228637925
side_person18.mp4,side,344,11468,29.99760454700532,848,478,178.77543696661832,169.87183620393256,171.0889002894254,141.59777120631114,103.33393106604034,86.61768944436092,6.10396648454055
side_person18.mp4,side,345,11501,29.99760454700532,848,478,178.72009950723552,169.98280542160163,170.8480478241809,140.36062053786546,103.16260282608764,85.09441588690584,6.335030148292169
side_person18.mp4,side,346,11534,29.99760454700532,848,478,178.51600379236555,170.28247661545396,170.57722780671563,140.67777729889693,102.82372082076701,83.92854603957866,6.456848993882204
side_person18.mp4,side,347,11568,29.99760454700532,848,478,177.94806957931453,169.8410234004376,170.29037890168158,141.07785936863783,103.31021799335278,82.90506813517034,6.982010076916283
side_person18.mp4,side,348,11601,29.99760454700532,848,478,176.44067571059085,169.94249679084535,170.10485303523197,143.358861893983,101.68368434044632,85.04025252369934,7.84411812487153
side_person18.mp4,side,349,11634,29.99760454700532,848,478,175.0631896822896,169.61120263476883,170.15007129540538,143.57843816590434,100.74212286892627,84.71770680818304,8.12493241278591
side_person18.mp4,side,350,11668,29.99760454700532,848,478,174.27889744552638,170.2639408799924,169.97044645953142,142.93936869036955,103.90039021831153,86.99384349439966,5.762736116794495
side_person18.mp4,side,351,11701,29.99760454700532,848,478,172.08043293411848,168.9574955427065,168.73572080258987,143.38362441726306,102.2970206366163,85.05154163968088,6.248373025141944
side_person18.mp4,side,352,11734,29.99760454700532,848,478,169.7187867124845,166.8988999251813,167.1486841247026,144.4245823022433,101.36291429745091,94.65915358185366,6.672102301906397
side_person18.mp4,side,353,11768,29.99760454700532,848,478,167.84240863694288,166.22020820095148,165.68021567906513,144.33743297056813,100.39553346336909,96.47615004632075,7.323169705167327
side_person18.mp4,side,354,11801,29.99760454700532,848,478,164.41614752127407,165.3268409039045,162.17286488844732,138.81500093904523,100.1104357125734,93.00195589276545,8.700804693881244
side_person18.mp4,side,355,11834,29.99760454700532,848,478,162.3226855870022,163.02383859564574,161.46085259426206,140.0142089637024,98.7033041330348,94.65149476313061,9.754642566216633
side_person18.mp4,side,356,11868,29.99760454700532,848,478,157.1567388747959,155.30198653188253,157.9092326789318,144.92177272887665,97.74335771545478,96.13934478676215,9.918781660210536
side_person18.mp4,side,357,11901,29.99760454700532,848,478,153.09604406557997,145.21318086206102,155.15229619269354,152.30077147272016,98.38462031935617,101.46512583457846,10.040907874765965
side_person18.mp4,side,358,11934,29.99760454700532,848,478,148.61776168606502,141.08896088915336,152.03738564114747,154.9908150108205,101.06067799376767,99.38565322494917,13.102903857905918
side_person18.mp4,side,359,11968,29.99760454700532,848,478,145.38104000545144,137.84153838668087,149.19641942998666,154.40187491500694,98.39913645776664,101.03058218675363,14.087015478661785
side_person18.mp4,side,360,12001,29.99760454700532,848,478,142.24855390280908,132.50011305930977,146.27928602703835,154.06830505506355,97.90906645063112,103.91114627458721,14.173637384276022
side_person18.mp4,side,361,12034,29.99760454700532,848,478,139.37063693630728,129.97190533096736,143.94399235611743,151.69004427474175,101.91725711406383,107.6294302754191,14.639818535857492
side_person18.mp4,side,362,12068,29.99760454700532,848,478,133.6257412298347,127.91878031116785,139.90294881929904,150.139687659603,100.19778818027841,112.13435587396337,15.144092532649983
side_person18.mp4,side,363,12101,29.99760454700532,848,478,132.11872292811532,128.12009483596032,139.54370765677587,146.67361207127297,106.15775852969635,108.2588141127258,13.365335379504721
side_person18.mp4,side,364,12134,29.99760454700532,848,478,129.47694135287335,125.5897235054541,137.1938206770949,144.59361718525133,104.47073029537863,117.46086606320081,13.456083051602223
side_person18.mp4,side,365,12168,29.99760454700532,848,478,126.81185305894176,123.78960329944042,135.1790541618868,140.61464626326844,114.66419457275494,133.67139911896564,12.321669963266771
side_person18.mp4,side,366,12201,29.99760454700532,848,478,123.60571243398115,124.8864931195615,132.5151326665671,136.18636365417075,116.53469520608958,139.38510021738043,13.265803090874643
side_person18.mp4,side,367,12234,29.99760454700532,848,478,122.67675464121463,127.54053658181422,131.69734510162428,131.4689416275034,122.431986290231,141.37796758362796,13.625198468661855
side_person18.mp4,side,368,12268,29.99760454700532,848,478,119.01517950292038,127.7884369104464,128.70919500375075,127.94000191948966,125.83245221395407,143.0832920297654,14.756167976237839
side_person18.mp4,side,369,12301,29.99760454700532,848,478,117.24113130828522,125.42914313684668,126.73397201541428,126.80501215731003,127.97152933803336,139.84058734471012,16.15047962194158
side_person18.mp4,side,370,12334,29.99760454700532,848,478,115.06717807142384,124.92550850147138,124.33925103777669,123.48435490292104,127.41269091487347,145.67232485614264,17.650737763585028
side_person18.mp4,side,371,12368,29.99760454700532,848,478,113.4230915959228,123.52997917704297,122.57517947104799,118.58192656816573,126.57966173224136,147.15860100119664,18.47114865930652
side_person18.mp4,side,372,12401,29.99760454700532,848,478,108.49245170473985,117.48713795821278,117.70093532223234,120.80251611876714,125.78249926005833,144.6184094734792,22.568724920803078
side_person18.mp4,side,373,12434,29.99760454700532,848,478,104.69786459413356,116.4598380017545,112.68440074983947,120.00389772821399,126.70402638983806,145.03561634352667,26.29318498019677
side_person18.mp4,side,374,12468,29.99760454700532,848,478,100.77933706470222,113.62185712919648,108.90338235441696,114.80024420286549,125.09809204018485,141.96133491353115,26.133627117000977
side_person18.mp4,side,375,12501,29.99760454700532,848,478,98.98851013331226,112.90136759419138,106.46524502963678,111.09608630878036,121.555272203756,141.50311540342508,25.434549616879558
side_person18.mp4,side,376,12534,29.99760454700532,848,478,96.42488116380345,113.51343548364606,103.95381287753858,107.56775562908057,120.16701764893615,138.90785947124266,25.135106362761757
side_person18.mp4,side,377,12568,29.99760454700532,848,478,93.17229989830858,111.39497043489736,100.82775361368013,105.7229497770513,118.59959078751301,139.079042258229,26.176422800735185
side_person18.mp4,side,378,12601,29.99760454700532,848,478,89.76456377571321,110.07426477864803,96.98818093505135,101.86226580514983,118.53880327223091,138.73901362351492,25.843603403899934
side_person18.mp4,side,379,12634,29.99760454700532,848,478,87.22937466155936,108.02555348678636,94.40978667006338,98.13683852082235,118.48730044806025,137.38562795939774,25.244887183662836
side_person18.mp4,side,380,12668,29.99760454700532,848,478,84.0231295140911,108.38294449671073,90.91939775984433,96.63081685842212,119.26147615069725,138.44660416175952,26.341876377290774
side_person18.mp4,side,381,12701,29.99760454700532,848,478,80.28631577832053,106.1654336739841,87.20549487470477,94.05511815258323,124.59134090911844,138.2180543124364,26.714879858819913
side_person18.mp4,side,382,12734,29.99760454700532,848,478,78.10356176070351,110.5038119740804,84.37213400298047,92.36560233696318,125.73288373762975,140.31031970248273,26.92717710829671
side_person18.mp4,side,383,12768,29.99760454700532,848,478,77.51255565779572,112.93993110734355,82.72245661219873,91.18625235824521,127.53877198596238,143.09353874610497,26.579514136207276
side_person18.mp4,side,384,12801,29.99760454700532,848,478,75.80599818470264,113.84159023104239,80.05782348738693,90.30485782407321,126.45172222684944,143.08157239245057,27.144645084107783
side_person18.mp4,side,385,12834,29.99760454700532,848,478,74.27035140720547,113.94291067519634,77.78381875764207,89.0558561931033,128.062866424714,143.9362492915692,27.108131657674246
side_person18.mp4,side,386,12868,29.99760454700532,848,478,73.92788577678729,113.04725369186379,76.95352882081515,89.13180413401615,127.58831210452583,142.29751547923163,27.39600988919802
side_person18.mp4,side,387,12901,29.99760454700532,848,478,72.47080815494253,111.81863439944496,75.56627850702749,87.68929705152694,127.26672654288912,142.08114155772662,27.37297978442408
side_person18.mp4,side,388,12934,29.99760454700532,848,478,72.07913739969892,103.85696946526528,75.39371757845468,85.4728338990385,127.22270764930593,130.3627153963824,27.37209206581478
side_person18.mp4,side,389,12968,29.99760454700532,848,478,63.6003381524441,102.97658494155593,68.74645100641312,85.39986369309582,127.56806575534172,134.94724427070724,27.607860146658098
side_person18.mp4,side,390,13001,29.99760454700532,848,478,65.55781412183906,100.91289052451245,70.02640431682084,83.93850534940864,128.50457212731462,136.49309001418396,27.65568166050661
side_person18.mp4,side,391,13034,29.99760454700532,848,478,66.90376878497874,101.55388817542459,71.42972979598919,83.99842658324165,127.59757178960412,131.89254924891617,27.421136261600108
side_person18.mp4,side,392,13068,29.99760454700532,848,478,62.535794173902616,101.44494588558611,67.86607310341921,84.91717910526594,128.3233071537598,135.3243812522703,28.686102448567617
side_person18.mp4,side,393,13101,29.99760454700532,848,478,63.688209255175956,100.91860207331305,68.74219886754217,84.24830905103033,129.63342096706802,138.63961103922557,28.03011359571059
side_person18.mp4,side,394,13134,29.99760454700532,848,478,65.89494592108383,100.81066002156992,70.30974831598417,83.65736357054531,130.6980606385594,139.8996790172813,27.751539515099086
side_person18.mp4,side,395,13168,29.99760454700532,848,478,68.61797161309708,99.19115620324195,72.26848660970252,80.95549393724171,130.19853731489067,134.899996833351,25.500567482950924
side_person18.mp4,side,396,13201,29.99760454700532,848,478,68.79115253496423,97.29488728531696,72.50025318371594,80.05468165964166,130.1369377962936,131.96755001257003,25.21582952270649
side_person18.mp4,side,397,13234,29.99760454700532,848,478,69.5264036425397,97.17215473222723,73.01733210581277,78.32373122231157,130.37729038280074,137.31932252857118,23.267940107677692
side_person18.mp4,side,398,13268,29.99760454700532,848,478,68.90771169567371,97.96025857311605,73.04688931485343,79.31600734481374,125.8717317771082,138.96235285729,23.8226092727992
side_person18.mp4,side,399,13301,29.99760454700532,848,478,70.59490753483422,103.17173583425337,74.97924042285985,82.19690877286968,125.0110247417746,139.58618808742526,23.593456359431535
side_person18.mp4,side,400,13334,29.99760454700532,848,478,72.5908346386692,108.91110903728708,77.43237760426778,85.5291765810845,123.60838649531559,140.54252632779813,23.852351057577952
side_person18.mp4,side,401,13368,29.99760454700532,848,478,74.99017168930605,112.50442862241066,80.5540365969189,90.56094709153548,122.17605582588668,140.88026429813894,25.961912841559744
side_person18.mp4,side,402,13401,29.99760454700532,848,478,78.4723902970556,113.88166593111615,84.38214492825031,93.93490252542253,122.4153551065468,140.27874179500262,26.633218411726993
side_person18.mp4,side,403,13434,29.99760454700532,848,478,81.39542577008316,119.54994374014899,87.78093915766244,99.38894168551022,119.72465629448672,142.60384829545362,28.293181027536132
side_person18.mp4,side,404,13468,29.99760454700532,848,478,84.79156304058854,119.71501200098444,91.69792480843591,101.58497910644975,120.67674737939664,140.93436025368956,27.948820482410564
side_person18.mp4,side,405,13501,29.99760454700532,848,478,88.1530577345576,120.76657865622967,95.55764734989965,103.98329469955333,119.87211886532174,141.63421045170386,27.784852147184832
side_person18.mp4,side,406,13534,29.99760454700532,848,478,92.09734051714965,122.84969537721688,99.44373860932812,106.27064911475061,113.24347170012173,142.08419293474722,28.071541623798996
side_person18.mp4,side,407,13568,29.99760454700532,848,478,95.82643178505953,121.67812397458604,102.87356911952659,109.76387859208482,111.29772295327867,141.50033851632986,29.2119953282838
side_person18.mp4,side,408,13601,29.99760454700532,848,478,98.24955091324507,120.720973921252,105.11450320910276,114.44845560473019,113.05949494960775,139.24746168909536,29.907012026576112
side_person18.mp4,side,409,13634,29.99760454700532,848,478,101.42597425035137,121.37534532349184,108.7133659823686,119.35639875589179,116.65919124320676,138.34042138373727,30.182522514156737
side_person18.mp4,side,410,13668,29.99760454700532,848,478,104.99653973802963,119.3465661227752,112.30448379062815,123.05987402286014,118.8330469709361,137.36558649400777,30.22768200921982
side_person18.mp4,side,411,13701,29.99760454700532,848,478,108.62118061486575,119.46317697875905,115.79578530624255,125.8258482631291,118.57094219018812,138.36196803845758,29.51971039743778
side_person18.mp4,side,412,13734,29.99760454700532,848,478,114.5786601325439,122.64150747934448,121.88752070306613,127.54936009755455,120.00439364949675,141.6830552368908,25.093272535276384
side_person18.mp4,side,413,13768,29.99760454700532,848,478,119.19153420267983,126.21492843667097,126.50582890359351,131.07281925605815,121.34410614983317,143.59193444012863,23.72968066522243
side_person18.mp4,side,414,13801,29.99760454700532,848,478,124.38687926715936,129.87206773409142,132.0354688798944,130.6473799614845,123.51980986870336,139.67991952535058,17.467174174515907
side_person18.mp4,side,415,13834,29.99760454700532,848,478,126.99943305739441,127.13850660832513,134.66501795529658,138.20360690678064,117.83058122188281,131.55627869922486,15.38933745579857
side_person18.mp4,side,416,13868,29.99760454700532,848,478,132.64457071038242,123.17627026933755,136.93270987058244,143.24630507383026,110.19548617097949,127.98139774269278,12.789951705349512
side_person18.mp4,side,417,13901,29.99760454700532,848,478,134.1616712467339,127.95442484063054,137.41914046594476,146.9307396304592,111.82007802587147,127.62837274557288,11.974050008723493
side_person18.mp4,side,418,13934,29.99760454700532,848,478,137.27113467548523,129.90473651775247,138.50577331989197,150.94170261557528,107.31421892347149,122.4786901454052,11.602765587613604
side_person18.mp4,side,419,13968,29.99760454700532,848,478,138.9756526295809,130.96940868523146,139.55046971836362,152.98836139505735,104.8771155285388,113.56823598362197,11.742300747526272
side_person18.mp4,side,420,14001,29.99760454700532,848,478,141.16470652132946,133.05981870524374,140.5789956645222,154.7591086937115,101.9546104906637,115.054504715807,12.593839911031987
side_person18.mp4,side,421,14034,29.99760454700532,848,478,145.15014400299634,141.66229761766286,140.15012312928525,154.32588375403137,97.82280880585712,88.1985944449389,16.16244382809947
side_person18.mp4,side,422,14068,29.99760454700532,848,478,148.20663604081545,147.2626331961795,145.1682078578216,151.99570335340303,98.49485326523978,90.07400631185607,13.899364147008544
side_person18.mp4,side,423,14101,29.99760454700532,848,478,151.3744470572919,152.3626729042751,147.4303246307508,149.80255751804208,96.25901812269413,89.3273509609032,14.369793716801404
side_person18.mp4,side,424,14134,29.99760454700532,848,478,156.64227352500066,159.18499738386936,151.76118205085126,144.20894489509342,96.67309753419386,78.18891448673145,14.032723457382799
side_person18.mp4,side,425,14168,29.99760454700532,848,478,160.30811541968495,161.59529401340282,154.6119573748858,141.99284625306808,96.88792034672672,76.20788812313678,12.768301005139618
side_person18.mp4,side,426,14201,29.99760454700532,848,478,164.12121523076456,163.87915918785407,158.272705719225,141.79230356431586,99.75411308958643,75.7424764363716,12.02238549480968
side_person18.mp4,side,427,14234,29.99760454700532,848,478,166.95748827174853,168.39509542871068,159.68022231798255,136.06327479946617,98.20932997792582,80.49861433939006,11.73239576600435
side_person18.mp4,side,428,14268,29.99760454700532,848,478,170.163972026066,168.726915265588,163.0404949887164,140.18224652596996,98.95794434157233,84.13157944155049,11.375014007290341
side_person18.mp4,side,429,14301,29.99760454700532,848,478,171.08776511517118,171.68874042840866,163.9621699673016,134.794741517837,98.87745498465276,81.6957726011695,11.526603267168912
side_person18.mp4,side,430,14334,29.99760454700532,848,478,172.19661788022827,171.6411364407079,164.42663893150757,137.72967429895064,98.60925443184664,81.601428317343,11.194140571153564
side_person18.mp4,side,431,14368,29.99760454700532,848,478,173.44884522869984,172.0314559881367,165.34692161824316,138.92343457646476,100.24220031466898,80.10945461613824,11.196623712362129
side_person18.mp4,side,432,14401,29.99760454700532,848,478,175.13847507842422,172.65931464032894,166.1116103728789,138.78206747685377,101.1731243637316,80.79489204001835,11.057486980205326
side_person18.mp4,side,433,14434,29.99760454700532,848,478,176.18770874327566,176.60019877857377,166.5530220179359,138.44386746639967,104.0995845464282,80.71396174183305,10.563246939180052
side_person18.mp4,side,434,14468,29.99760454700532,848,478,178.2971908995879,175.3374735518535,166.50244925516097,140.91092350612655,104.06891555997741,80.27800679811375,10.728571443429107
side_person18.mp4,side,435,14501,29.99760454700532,848,478,179.0362844367748,172.722617414796,165.7289649285828,137.86058208502521,104.34358831403763,81.94547503817836,11.698553104965807
side_person18.mp4,side,436,14534,29.99760454700532,848,478,179.82366876736256,172.13267843834458,165.80680119031808,138.95675934764625,103.14267074642527,82.8174222232112,11.885645461208561
side_person18.mp4,side,437,14568,29.99760454700532,848,478,179.52615794639425,171.70264688410094,165.81252925452006,139.7223688609185,104.03012024864366,81.92604110529057,11.789284783958598
side_person18.mp4,side,438,14601,29.99760454700532,848,478,178.96064594822164,171.1863738698752,165.47287032591137,140.80437494531196,103.64244756719839,80.79111345643429,12.454455396895938
side_person18.mp4,side,439,14635,29.99760454700532,848,478,177.2490577415039,170.74616261137055,165.20605842727747,142.82107292251808,101.7501790269623,79.24178101863679,13.637136054325087
side_person18.mp4,side,440,14668,29.99760454700532,848,478,176.50737823108136,170.1017993422884,165.23234281544953,142.88981161553968,100.99995412959694,78.36205273510642,13.935439118263222
side_person18.mp4,side,441,14701,29.99760454700532,848,478,176.9479937471478,170.2445270598652,165.32544966800944,142.21994981995567,101.59565507205768,79.72403990346352,13.44561174173378
side_person18.mp4,side,442,14735,29.99760454700532,848,478,176.86552334045024,170.50346252289427,165.5556178627771,141.940947493292,101.26060814012143,79.86556198945921,13.128150834157935
side_person18.mp4,side,443,14768,29.99760454700532,848,478,176.94652605243363,170.87992329837425,166.48874970653205,141.54933906100416,101.60865001324294,80.28805828218992,12.139760481943012
side_person18.mp4,side,444,14801,29.99760454700532,848,478,176.78885203412943,171.12721474337843,166.79873284091352,141.1198568567327,101.44202478567799,79.4072265159797,11.765612469163713
side_person18.mp4,side,445,14835,29.99760454700532,848,478,176.353536083525,170.75633757388687,166.24441148997178,143.93335381430273,100.56436226425414,76.81730892881633,13.207834304365491
side_person18.mp4,side,446,14868,29.99760454700532,848,478,175.50152529722192,170.73780511370393,166.47997983509308,143.8224071217071,100.28117030947807,76.55658954062707,12.865660412319224
side_person18.mp4,side,447,14901,29.99760454700532,848,478,175.9521370439961,170.76840887584692,167.21364993918112,143.07014066880396,100.74014254120122,77.49406508311287,12.088131701420753
side_person18.mp4,side,448,14935,29.99760454700532,848,478,174.6693058212569,169.98342126921,168.14239517084502,144.3271807894785,99.30478390371555,77.91012840293074,12.17753509869002
side_person18.mp4,side,449,14968,29.99760454700532,848,478,175.5205781339399,169.90794670561132,168.40903392332373,142.7055267243897,100.0271001820309,78.71201905990074,11.32896417772394
side_person18.mp4,side,450,15001,29.99760454700532,848,478,175.73259228983167,169.50148088835277,168.2141540943232,143.93672673729364,100.3673711534564,79.39368448393446,11.824024870428866
side_person18.mp4,side,451,15035,29.99760454700532,848,478,175.73021411926723,169.51342633563218,168.5357909668349,144.27934675259849,100.76602997943986,79.60842911997209,11.870389966743092
side_person18.mp4,side,452,15068,29.99760454700532,848,478,175.91677329252212,170.06934614333642,168.42141631405016,144.5363938276891,100.52484962694066,77.83540607845569,11.876000919119148
side_person18.mp4,side,453,15101,29.99760454700532,848,478,175.49205874149968,170.43984755622228,167.2576980591817,142.77891661378737,99.71134889505288,77.18092632132627,13.357818714079439
side_person18.mp4,side,454,15135,29.99760454700532,848,478,176.7737658912781,171.17659045323637,167.39263842958536,141.49201217863686,101.52025711099125,80.68975283840281,12.255210106323194
side_person18.mp4,side,455,15168,29.99760454700532,848,478,175.0080666113782,171.53625997921324,168.20662721990072,142.94228052912754,101.25235120711275,80.62074570172456,10.834840188049668
side_person18.mp4,side,456,15201,29.99760454700532,848,478,172.51554165093387,169.87663651340162,166.7962342925281,142.0655153166145,100.7089236314598,81.63696568008561,10.522942206516964
side_person18.mp4,side,457,15235,29.99760454700532,848,478,169.6031976097696,167.8467237330239,164.99973333681285,142.36631137951878,99.90183057543068,83.82000144857629,10.572174600487909
side_person18.mp4,side,458,15268,29.99760454700532,848,478,166.1897398949625,165.8053903101979,162.1240738153933,141.2107966044485,100.62438218760464,87.43587310977358,10.352320618882311
side_person18.mp4,side,459,15301,29.99760454700532,848,478,162.7269699826348,164.04608205629097,159.65800932111574,139.58855190405535,101.50209129700654,90.05299217380207,9.476793733676972
side_person18.mp4,side,460,15335,29.99760454700532,848,478,158.60659512389515,160.9591280041949,156.4476276432911,140.53202552482455,101.30783593906568,92.34282404699172,10.028261143805372
side_person18.mp4,side,461,15368,29.99760454700532,848,478,153.64258107478105,152.281472617529,151.91798493018896,145.04164179742713,102.95590245580696,97.03160945392989,9.906683864292122
side_person18.mp4,side,462,15401,29.99760454700532,848,478,149.44337842722547,144.8992008387574,149.5905713864454,149.2473410155232,99.30944759021398,98.50479746807633,10.511522158682235
side_person18.mp4,side,463,15435,29.99760454700532,848,478,146.48524800400205,134.5307660789997,147.8034097044395,154.50608642106522,101.91326691938437,102.52316233009915,11.287447622105844
side_person18.mp4,side,464,15468,29.99760454700532,848,478,142.96104816468588,129.38576309722902,146.68022388803683,152.91472207632037,105.08428648436991,106.2928752484608,10.997693606794464
side_person18.mp4,side,465,15501,29.99760454700532,848,478,139.2794448049863,128.04828741437385,143.90876716814074,150.19093960922297,101.96379772028016,106.39758707266014,11.95312387456387
side_person18.mp4,side,466,15535,29.99760454700532,848,478,135.28050666414353,125.78403142009516,141.77479926239099,148.3589261294267,104.36450170898725,117.24518042154655,12.355795587306273
side_person18.mp4,side,467,15568,29.99760454700532,848,478,131.85178408933953,126.06231134421151,138.99426995277094,145.48200608587055,105.32938028023071,119.50229288998243,12.812758281740125
side_person18.mp4,side,468,15601,29.99760454700532,848,478,127.53880726705007,120.22904024578922,134.4996471875533,144.28530565312053,105.91892708785599,114.02659279675086,18.504874491445282
side_person18.mp4,side,469,15635,29.99760454700532,848,478,125.00834415556837,122.03457086560434,132.53798596108334,141.50251377361363,106.37673168870035,124.85387854092944,17.040493345509724
side_person18.mp4,side,470,15668,29.99760454700532,848,478,123.20969263040512,123.61067788894509,130.50125765685988,138.17424531133125,108.58063964311067,131.19705629732167,16.82009367699152
side_person18.mp4,side,471,15701,29.99760454700532,848,478,120.39544911824568,128.37008655948426,128.62376345860548,132.91076629095818,118.02778351034597,138.02787585859187,17.625566982435128
side_person18.mp4,side,472,15735,29.99760454700532,848,478,119.47804462146105,127.45575652285477,128.392910760613,129.73340022535217,122.88429592559567,140.7080658952581,17.644190556063574
side_person18.mp4,side,473,15768,29.99760454700532,848,478,117.93238196993501,127.11339878220926,127.028748508914,124.17537129302471,127.01713090708172,142.92047575367894,15.317710495902928
side_person18.mp4,side,474,15801,29.99760454700532,848,478,114.94975569107697,126.45040173147726,124.18581738979833,118.54144145268168,127.89736464533125,148.45781592802308,15.187799778957883
side_person18.mp4,side,475,15835,29.99760454700532,848,478,112.1463005064222,125.56289712769437,121.29331716999215,111.21435515002096,125.52382529714133,149.9269432690885,14.022289968287676
side_person18.mp4,side,476,15868,29.99760454700532,848,478,108.79047950993086,121.13396879345088,117.71766508461437,108.80591126755438,125.82023880828152,150.7148348011462,14.455615071563011
side_person18.mp4,side,477,15901,29.99760454700532,848,478,104.81481243358155,119.76054343826239,113.6311507011609,112.89519011396403,124.76195610144812,149.05469667586368,21.374208628937783
side_person18.mp4,side,478,15935,29.99760454700532,848,478,103.05169896242192,120.53595111677397,111.38301953664903,111.2959102683181,125.64906192932806,147.4780955185202,22.888074292403463
side_person18.mp4,side,479,15968,29.99760454700532,848,478,100.75088957725272,119.07940116739488,108.35223126490294,109.4991621213639,123.57990045312971,145.600274996589,24.255913857432592
side_person18.mp4,side,480,16001,29.99760454700532,848,478,98.97284070423854,118.89628119787118,105.99433633046505,107.52185434402644,122.66022035282866,145.24767102404445,25.906138863246944
side_person18.mp4,side,481,16035,29.99760454700532,848,478,97.32221597026239,116.51243975900658,104.01467339139721,103.9314295192115,120.58545435735664,142.74930329037832,26.031249938101208
side_person18.mp4,side,482,16068,29.99760454700532,848,478,92.45801892249652,113.78331261986725,99.42485499414332,99.22139201340227,115.37561869007378,139.20345360349313,24.16530085622313
side_person18.mp4,side,483,16101,29.99760454700532,848,478,89.66399223373745,111.95231970084603,96.4786977186479,95.88405826539616,118.79850769968185,139.29075680602548,23.89921705965391
side_person18.mp4,side,484,16135,29.99760454700532,848,478,85.28350455079797,110.31863302189971,92.23059199937326,94.04569976571682,122.62321062871094,139.0620550544116,24.591447639218202
side_person18.mp4,side,485,16168,29.99760454700532,848,478,82.22391188348027,115.37423806173634,88.66630868206077,95.76177793050594,122.80438160657192,139.45484064274996,27.546749171886866
side_person18.mp4,side,486,16201,29.99760454700532,848,478,79.23155834443736,115.74893597298629,85.2599254843745,95.93150630098715,125.13584304496165,137.06770516312653,29.370271245825
side_person18.mp4,side,487,16235,29.99760454700532,848,478,77.99781955747974,116.65143596472416,83.65327534109888,96.21720049130958,124.2617607124192,140.53792702971325,30.004328026808132
side_person18.mp4,side,488,16268,29.99760454700532,848,478,77.50974012713799,117.49831920173666,82.56087960164461,96.34474210220662,124.61482420954103,141.8757253708483,30.85698611529889
side_person18.mp4,side,489,16301,29.99760454700532,848,478,75.62560526522006,115.83050203344655,80.32499007166533,94.15457286176662,123.9782371403816,137.20613605445263,30.160516320946673
side_person18.mp4,side,490,16335,29.99760454700532,848,478,74.68898235752245,115.1540851712165,79.10576816250322,92.9082640175723,124.23231318639044,141.134496774386,29.512363022355096
side_person18.mp4,side,491,16368,29.99760454700532,848,478,74.23568102604101,115.22752944826637,78.52489270629583,92.08135234742566,124.4499058092619,142.11711517136544,29.22131508775399
side_person18.mp4,side,492,16401,29.99760454700532,848,478,73.02105742465872,113.92437405553459,76.88658837365887,90.88944167328289,126.05013514989633,142.79333209661044,29.05223865997911
side_person18.mp4,side,493,16435,29.99760454700532,848,478,67.36816511873228,114.26139909689414,72.34549233038148,90.99846353427905,129.1741688931841,142.26428423881293,28.92313955486748
side_person18.mp4,side,494,16468,29.99760454700532,848,478,67.84521825633287,114.25237614294028,72.95776449644276,92.15133531536272,128.0082978350419,139.73846909544505,29.438973827725448
side_person18.mp4,side,495,16501,29.99760454700532,848,478,67.82496476680747,114.77797635910625,72.82792710201002,94.36208122801388,126.74942193027981,141.09111146784792,30.910987345326234
side_person18.mp4,side,496,16535,29.99760454700532,848,478,66.45984596295185,115.01290697320651,71.77467048210659,94.94838607906827,127.2046494201448,140.9441656240405,31.085257843766144
side_person18.mp4,side,497,16568,29.99760454700532,848,478,65.1843891001147,115.70472386804683,70.9823170939018,93.5557740851669,127.31008808157424,142.10853411449617,29.437056375576347
side_person18.mp4,side,498,16601,29.99760454700532,848,478,67.33246516870126,115.59339631447332,72.86227298063785,93.79242159397299,127.27228173396125,141.54409979170967,29.341610842880907
side_person18.mp4,side,499,16635,29.99760454700532,848,478,67.74623572975001,115.46608514465603,73.3601232988872,95.28375480991603,127.2344937734864,141.38101866186403,30.642912380328173
side_person18.mp4,side,500,16668,29.99760454700532,848,478,70.15199651225065,114.09300166772147,75.48474947790805,94.69149794259904,126.41901427985493,140.7316512807255,30.722109688331564
side_person18.mp4,side,501,16701,29.99760454700532,848,478,73.80388524864853,114.1102262320895,78.71147483214962,94.20081115993786,126.60988615162515,140.76192988865859,29.331812696127646
side_person18.mp4,side,502,16735,29.99760454700532,848,478,76.46540100888157,114.9425730479936,82.1073157480989,96.09659777522168,126.49466453077326,140.76604296457924,28.886018049833144
side_person18.mp4,side,503,16768,29.99760454700532,848,478,79.30239101047853,116.59387462021142,85.76939124968521,100.27526412703604,126.2328548371771,140.63830129188975,29.983672657785743
side_person18.mp4,side,504,16801,29.99760454700532,848,478,81.84076889006748,118.30703002152504,88.77646054323085,101.59041444054165,123.7826340283199,139.96726110547667,29.683880637901705
side_person18.mp4,side,505,16835,29.99760454700532,848,478,85.84039453971899,119.53183188617956,93.34549740148924,104.12681324075957,121.37161734062978,140.52732126961558,29.666065896839488
side_person18.mp4,side,506,16868,29.99760454700532,848,478,88.80883228107567,119.06824461082138,97.05262272685107,106.6453284932908,119.30191775746107,139.02932311000646,29.50926044908598
side_person18.mp4,side,507,16901,29.99760454700532,848,478,92.62084041875958,120.12099829291579,101.29361596200926,109.26576033278411,118.84697556266751,139.18281564530554,29.857779561513752
side_person18.mp4,side,508,16935,29.99760454700532,848,478,95.99201024472748,118.11167907228389,104.472912355321,110.59996193046538,117.45148157216644,139.12482096109224,29.95446961065942
side_person18.mp4,side,509,16968,29.99760454700532,848,478,99.73355767632789,122.78268011327722,107.961291715231,116.0215492503217,118.25348897126314,141.55307535770672,30.54774263641483
side_person18.mp4,side,510,17001,29.99760454700532,848,478,103.08414271998214,124.103817400789,110.83543245184919,120.93151919737892,118.21869640096328,140.3443123219519,31.229408946777266
side_person18.mp4,side,511,17035,29.99760454700532,848,478,105.63615229638206,124.53445530793206,113.37026931215952,124.26246355395244,118.94059101217651,139.04591541478172,31.055634902158143
side_person18.mp4,side,512,17068,29.99760454700532,848,478,108.455390638685,122.30980296420842,116.16731097097717,126.37577011617894,118.24019238143207,136.8161804007164,29.42712330997509
side_person18.mp4,side,513,17101,29.99760454700532,848,478,111.28094425482882,122.95269692164811,118.7942532691447,129.15525530661924,117.01304524952221,136.5518470490924,27.98436896496235
side_person18.mp4,side,514,17135,29.99760454700532,848,478,114.65786551318679,125.14646261270659,122.0875050997758,130.91265340142127,118.84440578114675,137.90353445297092,25.638940942574067
side_person18.mp4,side,515,17168,29.99760454700532,848,478,121.41789547193939,123.77930131293787,128.60519489547298,131.20923450923257,116.2222987715164,133.69255376254074,18.313231119108078
side_person18.mp4,side,516,17201,29.99760454700532,848,478,124.76036234217887,124.91619871817008,131.99719472291258,134.6817259412342,118.38699649732244,135.1338962230666,16.606993588602936
side_person18.mp4,side,517,17235,29.99760454700532,848,478,128.01655591469986,126.50151946794111,134.95449852610432,138.21263636665523,117.83019125196722,134.75188020688717,14.734273708474284
side_person18.mp4,side,518,17268,29.99760454700532,848,478,131.60959743890885,126.3609664194297,136.59398909648863,142.11418377172063,113.030474199452,132.80272918267775,11.318276615140478
side_person18.mp4,side,519,17301,29.99760454700532,848,478,132.93319999602784,126.92737382375037,137.32658231619124,146.71369290935922,110.48937153256097,131.26186817686013,11.602082581606197
side_person18.mp4,side,520,17335,29.99760454700532,848,478,134.33858790510357,125.36847585072037,136.75832410563953,150.09956417692138,107.26578625279156,130.04568241282877,11.410811406806474
side_person18.mp4,side,521,17368,29.99760454700532,848,478,137.33552188963515,130.69659162433803,139.54524326875827,151.11079323753594,101.09150291031678,116.50787577598025,10.803675468336955
side_person18.mp4,side,522,17401,29.99760454700532,848,478,139.34282051301926,133.4284484714635,142.19723898613182,152.5841589012086,98.15174040768298,111.56711463519238,11.149692235841984
side_person18.mp4,side,523,17435,29.99760454700532,848,478,144.53767697717294,135.5236158355978,143.95843637584662,154.06415049427068,96.35141511440145,102.81080681248724,11.622786369321895
side_person18.mp4,side,524,17468,29.99760454700532,848,478,146.2842068465527,146.00490727195577,145.8453180257973,148.87047570261592,97.04540421715423,99.86793855883263,12.197821513923726
side_person18.mp4,side,525,17501,29.99760454700532,848,478,153.7644525038521,157.0779809010225,150.86933886371855,142.3541087048549,98.0591264560824,89.7118087888982,12.853067839284403
side_person18.mp4,side,526,17535,29.99760454700532,848,478,158.01382200569768,162.22931156097275,153.6958845989535,138.43523289893645,97.24498845563792,81.24364381778115,12.15767726911668
side_person18.mp4,side,527,17568,29.99760454700532,848,478,162.76559032792932,164.2606067155033,155.83415556176087,137.48168706444292,101.69280286753305,82.19806894338461,10.821130605833394
side_person18.mp4,side,528,17601,29.99760454700532,848,478,166.45212882764346,165.53816844653107,159.91279742977025,140.1313491642842,107.96449809769008,83.33318979518671,10.568602659453298
side_person18.mp4,side,529,17635,29.99760454700532,848,478,168.44497779666708,167.95705460916733,161.14183909558685,138.9525698640415,102.18709927906814,80.50008335012707,10.429140301062368
side_person18.mp4,side,530,17668,29.99760454700532,848,478,170.66263534437337,169.71465632320295,163.01642501047286,138.88426330564948,102.18271628884827,82.4661511204624,10.316442681134575
side_person18.mp4,side,531,17701,29.99760454700532,848,478,172.13759615983093,171.05950018898045,165.63948250919972,139.8350897106435,98.87762074487989,79.32352141052937,10.462037859156213
side_person18.mp4,side,532,17735,29.99760454700532,848,478,173.6123867696053,169.11990574258456,165.84313985730824,142.08496592951832,100.0911374945946,70.66812424919047,9.921935126259932
side_person18.mp4,side,533,17768,29.99760454700532,848,478,174.9720677435206,170.73162899995717,166.837420693186,141.85117205184872,101.38799897418173,74.52433034641224,9.951919041571601
side_person18.mp4,side,534,17801,29.99760454700532,848,478,176.15261242802222,174.9246377074967,167.64180728847853,141.3810787208826,101.60542426021534,78.74758997688669,9.333064183662074
side_person18.mp4,side,535,17835,29.99760454700532,848,478,174.87743633950257,173.4856146631955,168.33040381778886,140.3585665211609,107.15638580191926,78.53249732466833,8.395183486831423
side_person18.mp4,side,536,17868,29.99760454700532,848,478,178.4534371847886,173.64335665266853,169.0201637481595,142.17703602247218,101.43058289236403,77.03643380327917,8.859324442690824
side_person18.mp4,side,537,17901,29.99760454700532,848,478,178.7621184109479,171.84174527359596,169.23885322690847,141.31187597378826,100.87390704483869,79.0386199049197,9.540307290269437
side_person18.mp4,side,538,17935,29.99760454700532,848,478,178.36567211889457,171.21758137937164,168.8339487250225,141.58956388829176,101.26720571242484,80.7603960370084,9.823712454503132
side_person18.mp4,side,539,17968,29.99760454700532,848,478,178.37493984101363,172.12492697497026,168.5675169364016,141.48841390180036,102.32150391613966,80.4842016368732,9.715158222471455
side_person18.mp4,side,540,18001,29.99760454700532,848,478,178.11411403769458,172.11094102930147,168.42062377730267,142.07039065660524,102.54570541009812,81.36489063102525,9.553288045652463
side_person18.mp4,side,541,18035,29.99760454700532,848,478,178.18692844970238,171.64502831892614,168.75622819002075,143.09629571272518,102.81147802022492,81.09379321033701,9.456544511921209
side_person18.mp4,side,542,18068,29.99760454700532,848,478,178.14872546873025,171.85751179778381,169.95096988014214,143.80251994163515,102.17607518578501,78.86846918485756,8.045813483641506
side_person18.mp4,side,543,18101,29.99760454700532,848,478,178.03318086041418,171.64461016115507,169.95984014207454,143.65008643925273,102.48697680220705,79.32696667872627,8.068330453740812
side_person18.mp4,side,544,18135,29.99760454700532,848,478,178.55961082190865,171.33737613747675,169.82674239396235,143.76573067790687,102.82620133753689,77.95734896265269,8.122834771077736
side_person18.mp4,side,545,18168,29.99760454700532,848,478,178.68659142362876,171.0253829014874,170.01558923233452,143.28422491856696,103.34598932476257,78.20007830588281,7.8272063104172815
side_person18.mp4,side,546,18201,29.99760454700532,848,478,179.2158328240699,170.89018407918135,169.94559910849165,142.36935928853202,104.27403182796121,78.22556087594579,7.356452988033305
side_person18.mp4,side,547,18235,29.99760454700532,848,478,179.0071604404822,171.02370743178426,170.07492802716132,142.88362146123123,103.92596215501185,77.67757326195678,7.256118821436468
side_person18.mp4,side,548,18268,29.99760454700532,848,478,178.89145541478453,170.58812163471052,169.73233666595496,141.38166567084065,104.22604155071625,80.18701994217156,7.598306932393532
side_person18.mp4,side,549,18301,29.99760454700532,848,478,178.38352956973134,170.80827605013772,169.9588780933871,141.79723137446103,104.37751806054797,80.32229112366976,7.5471314311315805
side_person18.mp4,side,550,18335,29.99760454700532,848,478,178.56799545202512,171.17322747587545,170.27558897124214,141.2750949476981,104.40652350922214,80.53318177183094,6.882072067512536
