video,view,frame,timestamp_ms,fps,frame_width,frame_height,left_knee_angle_deg,right_knee_angle_deg,left_hip_angle_deg,right_hip_angle_deg,left_ankle_angle_deg,right_ankle_angle_deg,trunk_angle_deg
side_person6.mp4,side,0,0,30.00048154866049,848,478,176.84426676314934,174.16097667272444,156.33296653586848,135.3007794024315,109.09184084633866,86.05045698489717,12.907339599320206
side_person6.mp4,side,1,33,30.00048154866049,848,478,172.79147006333858,172.83379807077375,158.9127073798529,142.6077774311985,94.49228879068114,78.61754687746767,19.771351180320075
side_person6.mp4,side,2,67,30.00048154866049,848,478,171.95012521518802,171.57352770089477,160.97247723065513,143.56779973945476,91.74851603502483,78.55367360671613,19.922536426742592
side_person6.mp4,side,3,100,30.00048154866049,848,478,175.82965947923037,171.82571940308387,162.9198979443744,143.35841377199483,94.43086955662297,75.61867462893997,18.635918533531733
side_person6.mp4,side,4,133,30.00048154866049,848,478,177.04375017434842,172.91043165942312,158.50394138989313,141.01345909681189,97.73437225335303,80.23246362022765,21.002308424504577
side_person6.mp4,side,5,167,30.00048154866049,848,478,175.40975441829508,174.28735265147216,161.70246981207384,137.93857967008282,93.47246589710707,85.81158506529759,21.038004243383238
side_person6.mp4,side,6,200,30.00048154866049,848,478,175.83249981984088,174.29887251746905,160.52649078481284,139.11208101983198,95.7440051790112,83.75941355173872,21.33851760722213
side_person6.mp4,side,7,233,30.00048154866049,848,478,175.210543179005,173.93338781020626,160.99135424443955,138.10448463873638,96.3634051180587,86.65702714795596,20.65800391175361
side_person6.mp4,side,8,267,30.00048154866049,848,478,174.87133007035544,173.3869600740894,161.56047108458424,137.4546622676418,94.79869240259005,83.64204302166877,20.575011061117504
side_person6.mp4,side,9,300,30.00048154866049,848,478,174.2276465317964,173.63028854856222,162.2666674841462,135.4865465765414,96.30169867699782,94.11971539300559,21.438346605791182
side_person6.mp4,side,10,333,30.00048154866049,848,478,173.9208586368275,173.2495223864971,162.97008606078745,135.37161264738526,96.30583917953588,91.24798520323924,20.842005161694747
side_person6.mp4,side,11,367,30.00048154866049,848,478,173.51577870543875,173.9529151987995,162.7722599235884,134.909351960348,96.5336614140628,91.45937542629483,18.70695765511807
side_person6.mp4,side,12,400,30.00048154866049,848,478,173.02949562845595,173.51018520044644,161.38885885963467,133.8292709219947,93.42034037547452,92.72834781886596,20.31630505544404
side_person6.mp4,side,13,433,30.00048154866049,848,478,172.69350657191836,173.48945349509498,160.51781959533858,133.56789611791072,92.04235046667168,94.71329047945503,21.672700566648825
side_person6.mp4,side,14,467,30.00048154866049,848,478,170.25829180625183,171.40264011372886,158.1443199727299,137.98580972388132,89.97046277919368,86.60704179784129,21.631684310536183
side_person6.mp4,side,15,500,30.00048154866049,848,478,170.20369211328446,171.61382764951315,157.21254480200668,138.62207967633796,91.08223788350838,85.87589888968849,22.68870708265761
side_person6.mp4,side,16,533,30.00048154866049,848,478,170.2404585272923,170.998518128726,156.99887085444024,137.78693676268284,91.53170107213252,84.70246534373852,22.822026675354245
side_person6.mp4,side,17,567,30.00048154866049,848,478,168.4792233831989,168.2322339682763,156.87937382060196,136.63024961869496,92.03042697020936,90.2186033003439,21.189270658716083
side_person6.mp4,side,18,600,30.00048154866049,848,478,169.19536831183171,167.78435710053603,156.52839355428435,134.15580148137062,94.93312480706612,91.34049264512545,18.994929419564357
side_person6.mp4,side,19,633,30.00048154866049,848,478,169.79039034101356,167.8648531274302,156.62305791730822,133.63248389795797,94.96289664064763,98.42733073141999,19.60388619129377
side_person6.mp4,side,20,667,30.00048154866049,848,478,170.99421498107392,167.287384783324,154.7278821571591,134.26959645214632,97.19741346539124,104.76351370942743,20.316667119804553
side_person6.mp4,side,21,700,30.00048154866049,848,478,168.61562485586327,163.17575007309063,152.22192387551596,139.23221078487725,96.01126297500076,107.053714148801,20.633800066121143
side_person6.mp4,side,22,733,30.00048154866049,848,478,168.14961405582523,162.66926230541534,151.8129419984847,136.06215668110866,95.81512994591105,108.37084318802101,20.07218563995076
side_person6.mp4,side,23,767,30.00048154866049,848,478,164.28058642909593,159.38299572576278,150.77256974827483,136.59466873614642,96.0707621379575,112.40888625310258,18.67022549947812
side_person6.mp4,side,24,800,30.00048154866049,848,478,162.17389385121416,160.98631869827574,149.85880803206564,132.77388357892596,93.44466815900691,116.94015407008858,18.646624666392878
side_person6.mp4,side,25,833,30.00048154866049,848,478,161.59466714078212,161.03261394135166,149.2600598261482,131.07792263589997,92.83428411101882,109.51796086719692,19.185315401746127
side_person6.mp4,side,26,867,30.00048154866049,848,478,161.74383795921884,161.81588742007267,149.01516567612305,128.38021080314698,90.94064896907905,122.46382976259845,19.97830972675688
side_person6.mp4,side,27,900,30.00048154866049,848,478,160.41771645192935,160.60588080015808,147.2320181701671,131.69415048048705,90.75208183092026,126.00265421270727,22.352475043384064
side_person6.mp4,side,28,933,30.00048154866049,848,478,159.7320072532754,160.23735203047545,147.2247699701669,134.648614606028,87.95624908890184,123.42330843697056,25.84473126867093
side_person6.mp4,side,29,967,30.00048154866049,848,478,152.57118811267244,155.43594045440494,141.8680879692543,138.4105709507391,88.49529585499609,126.44096556253025,26.548606114544032
side_person6.mp4,side,30,1000,30.00048154866049,848,478,149.5638018767263,151.0701685740947,140.4200784331204,139.86610593874124,92.457005117523,129.64177343214845,26.615570214769207
side_person6.mp4,side,31,1033,30.00048154866049,848,478,147.28510271322057,145.98171244484703,138.7933397832231,141.90947375318677,96.35712930293026,132.73007786002978,26.69682443373628
side_person6.mp4,side,32,1067,30.00048154866049,848,478,143.86346499557868,145.62323079198654,137.26789879320893,138.6238474282554,96.41029407918622,134.55072416388919,23.998825229007736
side_person6.mp4,side,33,1100,30.00048154866049,848,478,143.4560020371149,147.24172005419877,135.82256806788246,138.0047153607342,99.64713318808589,134.85178732743793,25.79801941181501
side_person6.mp4,side,34,1133,30.00048154866049,848,478,142.90731909575794,149.44983579536688,135.73406789333367,139.37365190971235,104.1246870548698,144.0473086212584,29.697638997332515
side_person6.mp4,side,35,1167,30.00048154866049,848,478,138.1221683645074,143.4998626708594,128.96541847107449,142.0142798347271,98.12505749473468,129.98773546230987,34.18734651670218
side_person6.mp4,side,36,1200,30.00048154866049,848,478,137.15150482377797,144.09463329194355,124.26031877495517,141.39686468623762,91.9356977948795,128.4819741943736,36.43187968219582
side_person6.mp4,side,37,1233,30.00048154866049,848,478,137.90060291607284,142.3435508085538,123.23641547186166,139.954102206683,91.49519462005237,126.01586521856325,38.31058780046042
side_person6.mp4,side,38,1267,30.00048154866049,848,478,139.56786993938627,139.89040402449626,127.13319927487564,137.40130172707165,91.02950503654418,121.63021505327553,37.82112565422172
side_person6.mp4,side,39,1300,30.00048154866049,848,478,140.42460657837054,138.40850628262575,128.01228188817984,135.0999934831257,91.60068596135203,120.61732334552305,37.62524740681615
side_person6.mp4,side,40,1333,30.00048154866049,848,478,143.81957927110798,140.08244914483046,130.14487260187602,134.46958289022695,91.386807617841,121.26227358280799,38.65917324857615
side_person6.mp4,side,41,1367,30.00048154866049,848,478,143.56593849298764,139.95946992609038,128.64466248737367,133.07104595251965,86.10162176598406,118.32153244282081,39.482860766113234
side_person6.mp4,side,42,1400,30.00048154866049,848,478,143.37384437398433,138.29474168175932,128.1430008821504,131.6882467485307,88.52048719548061,120.18258203298713,39.8774860157494
side_person6.mp4,side,43,1433,30.00048154866049,848,478,142.54211320234936,136.3023689894825,127.42736724429378,130.45876037922343,89.00812519742946,122.86673205435692,40.83673275873713
side_person6.mp4,side,44,1467,30.00048154866049,848,478,142.50136253499608,135.69898867995803,127.55068043685216,129.85855478121917,90.42232631798034,124.40705676620829,41.03858822898524
side_person6.mp4,side,45,1500,30.00048154866049,848,478,140.10094059500867,131.47582081858852,126.57275875790509,127.92870736453,94.66688349429563,133.11226794503054,41.45840984286737
side_person6.mp4,side,46,1533,30.00048154866049,848,478,138.6405878426477,132.31511392310261,126.38562812129176,128.80076118094325,95.20500839840025,123.64354160928937,41.920798337104415
side_person6.mp4,side,47,1567,30.00048154866049,848,478,136.3994346251134,130.4880907738915,123.46953170381151,127.55482348224753,98.77966992894206,128.53638988693444,42.30255114203276
side_person6.mp4,side,48,1600,30.00048154866049,848,478,130.48925838757373,129.33282244554823,117.3156522328031,126.65422375042614,97.94073179701618,131.08671171413368,44.02936306246674
side_person6.mp4,side,49,1633,30.00048154866049,848,478,130.20765856230125,126.56768808842831,117.18048591150297,124.92864212994148,103.1814100035663,132.79892501026993,45.1639996851851
side_person6.mp4,side,50,1667,30.00048154866049,848,478,127.24526557879027,124.69581837443688,113.99276623701715,123.7120646287016,97.00797892655822,134.67241152713888,44.98735023816731
side_person6.mp4,side,51,1700,30.00048154866049,848,478,123.24665873966653,124.85652359950195,111.13144511713605,123.36364345322175,96.89145951365681,133.65219504637224,45.365710815794344
side_person6.mp4,side,52,1733,30.00048154866049,848,478,122.10942965269226,125.51501246455742,109.27587210041526,123.34993110230344,98.02040455425585,136.4826021837988,45.611748093623156
side_person6.mp4,side,53,1767,30.00048154866049,848,478,119.12057794471939,124.18261475610423,108.30339449018616,121.979129011002,95.864658116711,134.65058077996648,46.05118894582013
side_person6.mp4,side,54,1800,30.00048154866049,848,478,120.35691328329821,124.39282816046024,109.43579649065195,121.35185675625503,97.97863106852088,135.73383991592996,45.22968683552749
side_person6.mp4,side,55,1833,30.00048154866049,848,478,121.6106014718559,127.7649507033403,110.21044618717919,121.86440874761446,100.89048274104321,136.17774154338792,43.11649537578795
side_person6.mp4,side,56,1867,30.00048154866049,848,478,119.69941749481433,128.00106361841173,108.83543201067474,120.81546518665746,98.71519669641756,134.6792998391571,43.28094025385431
side_person6.mp4,side,57,1900,30.00048154866049,848,478,118.4556341406354,128.17325436070223,107.34764216670393,120.74754152097022,98.17020001306341,138.52858199435053,44.209467836777755
side_person6.mp4,side,58,1933,30.00048154866049,848,478,117.24716786083626,126.97044568429334,106.0198706567397,119.21169148716292,102.63369514516981,139.27215476993956,44.161517042490104
side_person6.mp4,side,59,1967,30.00048154866049,848,478,114.60538615173024,122.59035106620163,106.39577497509664,117.2920507756452,107.63098631666261,140.43381196737656,44.39498924846272
side_person6.mp4,side,60,2000,30.00048154866049,848,478,113.68534214526744,119.75891697315657,106.06808027022339,115.60251825143396,104.39802935747187,138.05289926354905,44.51140925132394
side_person6.mp4,side,61,2033,30.00048154866049,848,478,112.37960676847807,120.18763427821824,105.82675274301558,116.09262641629495,105.65976336954753,139.01570106079942,44.84112143622768
side_person6.mp4,side,62,2067,30.00048154866049,848,478,111.67073672398313,118.37683873408255,105.31136200789692,115.40199237645382,103.5746924167139,139.77788334580987,45.373934588382134
side_person6.mp4,side,63,2100,30.00048154866049,848,478,114.10208138661376,121.68779615403592,107.48845775313475,116.61313584018956,102.22419146229461,138.89978951116612,44.00595800050725
side_person6.mp4,side,64,2133,30.00048154866049,848,478,113.61800390017659,121.98329983243903,106.8550278395857,117.2116613936189,102.16159515326576,136.67485058249756,45.09029812625195
side_person6.mp4,side,65,2167,30.00048154866049,848,478,112.5363241781464,119.39186455749838,106.70207169094815,115.18629320241457,108.67742983027604,135.4620278407588,44.636192981345204
side_person6.mp4,side,66,2200,30.00048154866049,848,478,112.64587998541046,123.97006069611966,106.12148261342925,118.27831367043532,107.77015953842049,136.0856221255851,44.873350542613
side_person6.mp4,side,67,2233,30.00048154866049,848,478,112.61519758676634,123.71464176122792,105.22579581793603,117.84418335916874,107.70085427823047,136.9297809645881,44.612886112102466
side_person6.mp4,side,68,2267,30.00048154866049,848,478,110.68486776826208,121.50375353294015,105.53503094783177,116.664974027756,109.58034295799888,137.0538190097959,44.846748290632995
side_person6.mp4,side,69,2300,30.00048154866049,848,478,111.68030770631279,121.68976018099667,106.2808687310701,116.72263319708358,107.60398982379594,136.61757433110438,44.78444085638808
side_person6.mp4,side,70,2333,30.00048154866049,848,478,111.3652035772252,121.59708407864002,105.75137847323495,117.01090822986352,106.45947107897193,135.77351335698876,45.46178305362952
side_person6.mp4,side,71,2367,30.00048154866049,848,478,110.82832071409072,116.41500442859096,105.54011054474523,113.54489168345255,108.07558259366171,139.3279975929152,45.00254266395842
side_person6.mp4,side,72,2400,30.00048154866049,848,478,112.77608499434352,121.92568875026267,107.40252685369785,116.63010951742797,107.19204458961957,140.78464343774434,43.84118330591939
side_person6.mp4,side,73,2433,30.00048154866049,848,478,113.0075197230298,121.79230611500574,107.23805024721828,116.66257373329255,107.3898647000346,137.9748477928187,43.88688780215566
side_person6.mp4,side,74,2467,30.00048154866049,848,478,112.04978794537195,118.61128929436836,106.46445459363785,115.04526685010724,106.7226566233143,135.28743729544598,44.010022036508055
side_person6.mp4,side,75,2500,30.00048154866049,848,478,112.06679964839057,122.16493982713398,106.36663554571199,117.50914063933742,105.484085574024,134.13816109858485,44.96037205257044
side_person6.mp4,side,76,2533,30.00048154866049,848,478,111.2642181436378,121.77691335398876,106.42502231552614,117.58382147598384,106.69367962798118,134.26345218875363,45.37072628239878
side_person6.mp4,side,77,2567,30.00048154866049,848,478,111.74806025354721,122.46050195329882,106.99376258317567,118.15753964765524,103.17969876744975,133.85472781792024,45.67279170038674
side_person6.mp4,side,78,2600,30.00048154866049,848,478,113.87576132889308,123.47367061089071,108.75484461026326,118.09195741141453,102.24540957886646,136.65529353090454,44.636210075438925
side_person6.mp4,side,79,2633,30.00048154866049,848,478,113.29387804124232,123.3767974526763,108.56985847295134,118.19885092658596,109.65553292391157,135.42280160837683,45.179637886547965
side_person6.mp4,side,80,2667,30.00048154866049,848,478,113.70556191477615,122.98243447125833,108.42507618960911,117.97579175493124,109.56232182093248,134.95121788513944,44.77823325655214
side_person6.mp4,side,81,2700,30.00048154866049,848,478,113.76880917676789,124.00724534832287,108.52747209661402,118.40987072913383,109.12939175229997,135.04259972720584,44.44515911489048
side_person6.mp4,side,82,2733,30.00048154866049,848,478,113.01451421704041,118.88758053077329,107.69725376124421,115.71411190601827,107.51315679457353,131.30874216073533,44.572385784733584
side_person6.mp4,side,83,2767,30.00048154866049,848,478,110.62581219777354,116.25557357262898,106.07855732982053,114.07081830934341,107.54979570674453,136.1928242072318,44.75333126415072
side_person6.mp4,side,84,2800,30.00048154866049,848,478,111.27094118771932,117.16548950701804,105.74884045657424,114.81707871493693,102.34576117507606,135.39887491654883,45.16076157966853
side_person6.mp4,side,85,2833,30.00048154866049,848,478,111.60115525972553,122.47695648860102,106.27951167535826,117.44384736595566,103.35144976525287,133.46529709792918,43.30775767654427
side_person6.mp4,side,86,2867,30.00048154866049,848,478,115.54129782665568,122.53715153794387,110.01662921251798,117.16760068445721,104.24988562170206,131.74394134596227,41.84250803750997
side_person6.mp4,side,87,2900,30.00048154866049,848,478,117.8772264590201,121.4087918158215,112.2254080580252,115.43217916982232,102.62012182370779,129.50008770320767,39.21713718062055
side_person6.mp4,side,88,2933,30.00048154866049,848,478,120.48100120439288,121.15202890203291,114.41599807757501,116.727837379724,98.32570419745556,133.59876495124578,40.022362721494844
side_person6.mp4,side,89,2967,30.00048154866049,848,478,120.80375153976519,119.98241846164663,115.05574100523931,117.46290627570087,97.56576844383316,133.9394335163731,39.964332221441346
side_person6.mp4,side,90,3000,30.00048154866049,848,478,120.88851680308572,120.90273139964738,115.56955606387514,119.06209816920556,99.1983704376321,133.61355807445074,39.73135188119917
side_person6.mp4,side,91,3033,30.00048154866049,848,478,122.26448777362424,121.78026351109398,118.94344143161005,120.23064210146366,106.45480059628309,136.67634309234413,39.13771450962344
side_person6.mp4,side,92,3067,30.00048154866049,848,478,125.27119298371007,121.79609564309524,121.32743491258827,121.38668260431719,102.62744920170435,133.0130695421352,38.10538099749092
side_person6.mp4,side,93,3100,30.00048154866049,848,478,129.93786458743688,124.01643268756922,125.40195001331173,124.35033746144025,100.49344614878213,129.76355589646838,36.128941032223885
side_person6.mp4,side,94,3133,30.00048154866049,848,478,131.35870491465832,125.08180544069037,126.23535893461882,127.2720562193134,103.53394187661581,125.70829921799383,36.47189336066349
side_person6.mp4,side,95,3167,30.00048154866049,848,478,126.447500047443,124.99856000618414,120.80820846574642,130.24068849771277,89.53932364941514,122.99748508380017,36.710314645969184
side_person6.mp4,side,96,3200,30.00048154866049,848,478,128.6679386980206,129.5930685914541,122.150402887631,133.16334538580207,89.97872792218462,124.97269377078005,34.78641973023977
side_person6.mp4,side,97,3233,30.00048154866049,848,478,127.80004571047749,133.7684610572373,123.24155142126125,135.9134978129856,92.22671283943716,129.67145803759476,33.22661568934703
side_person6.mp4,side,98,3267,30.00048154866049,848,478,129.30606425543965,132.69066346078847,125.6286306296249,137.90710428769677,94.65041920497183,128.90240957860453,31.253265414318747
side_person6.mp4,side,99,3300,30.00048154866049,848,478,129.3919570252714,129.07712978994996,129.52940545778307,140.2114095915131,99.04487914138187,119.15100482620312,26.8850635079365
side_person6.mp4,side,100,3333,30.00048154866049,848,478,133.41103394524924,130.06931118907326,132.77010386881142,143.344624155578,94.12663887680309,114.87170567525365,24.32205665141392
side_person6.mp4,side,101,3367,30.00048154866049,848,478,144.1450852302821,145.064734201687,139.48956088654782,140.1138898870131,96.3089318000501,111.26750706671848,21.296856395844234
side_person6.mp4,side,102,3400,30.00048154866049,848,478,151.83970499828686,157.77204250903867,141.974028962928,130.75135850663156,95.30581860158682,115.62936277694376,20.640757659158208
side_person6.mp4,side,103,3433,30.00048154866049,848,478,155.52322795639108,153.81111282442714,146.95943069821988,137.6604572658682,99.29916891930088,79.57742889492492,17.88355532868645
side_person6.mp4,side,104,3467,30.00048154866049,848,478,159.26091942527236,154.145336819377,148.8396253112616,141.35670784761706,103.20385783384872,89.94651683453635,19.484389235253808
side_person6.mp4,side,105,3500,30.00048154866049,848,478,157.5951209606435,154.32373347816178,148.05701376812112,145.72056326980942,93.33304998776718,85.7459755832591,19.465342601892388
side_person6.mp4,side,106,3533,30.00048154866049,848,478,160.2892406260336,154.75798106640224,147.20640697341503,151.4595335699003,90.72219672446978,86.20429641536514,21.402174117905435
side_person6.mp4,side,107,3567,30.00048154866049,848,478,163.26921859610414,160.52551786919716,150.56527310254074,151.63022769580735,87.771061636543,75.14655288178334,24.682547299176925
side_person6.mp4,side,108,3600,30.00048154866049,848,478,167.07773069851078,163.02038409472823,151.63628328915212,151.04440916083553,91.16538439219627,80.66854704067894,23.78001862228678
side_person6.mp4,side,109,3633,30.00048154866049,848,478,171.9007033074596,170.19146458021444,157.10446911802896,141.86670819292772,95.1027384685789,77.51819953262968,21.402073884832088
side_person6.mp4,side,110,3667,30.00048154866049,848,478,173.19052268045144,172.20807070235867,160.7716170957484,137.8137836729733,96.64596020346244,80.6056753042169,20.279689503186585
side_person6.mp4,side,111,3700,30.00048154866049,848,478,174.1304080586804,171.52029811665372,161.9203484666997,141.4440062785627,96.52328133725727,79.37595079780334,20.228819830250753
side_person6.mp4,side,112,3733,30.00048154866049,848,478,175.42513305571123,173.36615126009468,163.2852526128615,136.9473385142758,97.0496908586879,90.3607332970318,20.181576446916168
side_person6.mp4,side,113,3767,30.00048154866049,848,478,173.94477989140293,174.9768872404935,163.37454352300995,136.3252983688019,101.0819041203903,92.0351799178236,18.935120095312197
side_person6.mp4,side,114,3800,30.00048154866049,848,478,177.48109064655048,173.041488692046,162.79418351610101,139.0179600664986,99.54979711235812,99.47094375285793,18.80952923668842
side_person6.mp4,side,115,3833,30.00048154866049,848,478,176.56404433898953,173.85363896884738,164.40393507823484,136.8517509094611,98.59298241837571,87.74089349619028,18.743687652371445
side_person6.mp4,side,116,3867,30.00048154866049,848,478,173.31689871242997,174.24050863773493,162.97195948023727,135.33053111525578,101.76231026261209,87.3689915936265,18.45725183194599
side_person6.mp4,side,117,3900,30.00048154866049,848,478,178.0592723433908,173.85177481810894,165.11987782141344,136.19152712633084,95.6993462681904,87.91269913599248,18.053902648197923
side_person6.mp4,side,118,3933,30.00048154866049,848,478,178.66296940506055,173.59794241684298,164.65124566566755,136.8882304467323,95.46600579242615,85.88449324792722,19.222903241714697
side_person6.mp4,side,119,3967,30.00048154866049,848,478,176.58879350647078,173.83855049790753,161.78843065637778,135.8365161237332,99.01422757536757,85.5329920989315,21.115319006063327
side_person6.mp4,side,120,4000,30.00048154866049,848,478,177.49319211776123,175.65445633749243,162.0357172688638,135.00316012137765,99.3941987515226,84.17006880193127,19.977276563702215
side_person6.mp4,side,121,4033,30.00048154866049,848,478,177.5037019402268,174.22451228777993,161.6108558311682,134.73628416986455,101.15720092533493,87.38499545135458,19.828614015156802
side_person6.mp4,side,122,4067,30.00048154866049,848,478,177.84181024169237,174.19757365330383,161.9185945321101,134.7711740112871,101.14528621712883,88.2633841849057,19.64020219113568
side_person6.mp4,side,123,4100,30.00048154866049,848,478,177.0494699017295,174.2020593146391,161.79131169806908,134.47847167566363,102.51801578996492,91.13178494291924,19.525854352235946
side_person6.mp4,side,124,4133,30.00048154866049,848,478,177.8839817881712,174.51669522165813,161.83276224798092,134.3889321354963,102.12729916881891,93.19873204945692,19.200733857958333
side_person6.mp4,side,125,4167,30.00048154866049,848,478,178.97531547874254,174.10462225727463,161.7891298080323,136.71648197708538,99.57660833188972,85.70281992409299,20.41425050228987
side_person6.mp4,side,126,4200,30.00048154866049,848,478,179.3641282265199,174.1555229827524,162.17913220845764,137.09347515830945,98.65322815447803,81.7497277641276,20.404268232962444
side_person6.mp4,side,127,4233,30.00048154866049,848,478,179.33638857915417,174.18148603083077,162.34947974064562,137.85778273744032,98.65048254596434,79.97202477891418,20.39764467539674
side_person6.mp4,side,128,4267,30.00048154866049,848,478,179.44890294520556,173.40274809631615,162.70400397413178,140.01555084140833,98.73867817894767,78.28944448640418,20.120131236398347
side_person6.mp4,side,129,4300,30.00048154866049,848,478,179.8176798915328,172.8943271874811,162.94771085068743,139.71024435062915,98.96286531290538,79.58127848083421,19.910755871194493
side_person6.mp4,side,130,4333,30.00048154866049,848,478,179.5958416254727,172.9143407810229,162.96256779584292,139.7386683790597,99.28114464088856,80.21060640384552,19.945919940423988
side_person6.mp4,side,131,4367,30.00048154866049,848,478,178.623428887745,173.65358646532533,163.9886681367134,141.42464288078614,96.54564522949259,70.80162633265302,20.53134057882026
side_person6.mp4,side,132,4400,30.00048154866049,848,478,179.4170026804001,173.47319145539112,163.42340997638826,140.734584946012,98.5605143458933,73.09830015817165,20.07919995099215
side_person6.mp4,side,133,4433,30.00048154866049,848,478,177.43996303904754,172.6986689502388,164.5218388237355,144.18121967824806,95.27517896942129,67.18332605668512,20.117883684239967
side_person6.mp4,side,134,4467,30.00048154866049,848,478,179.0392765652612,173.17240052739015,161.43852715804033,138.4660107659821,99.09779254999604,80.35210540767164,21.349783098510883
side_person6.mp4,side,135,4500,30.00048154866049,848,478,179.63415684695798,174.23854470495402,161.07585896327336,141.42768232767818,99.12293745773353,75.54776635056011,21.041600379565562
side_person6.mp4,side,136,4533,30.00048154866049,848,478,177.59325144129437,173.74130851691248,161.02145131512543,143.17639998120208,97.30984530821081,71.26205265224763,21.255399246486785
side_person6.mp4,side,137,4567,30.00048154866049,848,478,179.22548646099366,173.74465133112426,160.41364590830793,140.52346500857035,100.3456693620992,75.06784563623734,20.069829914215127
side_person6.mp4,side,138,4600,30.00048154866049,848,478,178.96717271668,174.17855186175817,160.68548194502063,142.10008074143474,100.08306054343045,71.96317663052054,19.81240278620205
side_person6.mp4,side,139,4633,30.00048154866049,848,478,178.04076860745928,173.34150420732036,160.44917281097406,144.23297395461327,99.05362441788691,72.73264124684101,20.667886234214606
side_person6.mp4,side,140,4667,30.00048154866049,848,478,177.37821462639465,173.54722703396948,160.81693512269874,144.36071659572974,98.34293584033631,71.88512119646222,20.62812073791155
side_person6.mp4,side,141,4700,30.00048154866049,848,478,177.894848153428,173.0806805193658,160.83424197743827,144.6899514442596,99.06343160844052,73.4261834317607,20.974730265568272
side_person6.mp4,side,142,4733,30.00048154866049,848,478,176.37195788537167,173.12378893374844,160.2902316975746,146.1588287200068,96.03248899068095,75.34702211989048,22.33004913242748
side_person6.mp4,side,143,4767,30.00048154866049,848,478,176.9279940031217,173.6114776719792,161.24307345353822,142.28229675312994,96.1828931351002,78.51474579218139,21.006957922583716
side_person6.mp4,side,144,4800,30.00048154866049,848,478,176.96872998944778,173.8092247497355,161.609192960498,139.82920190861157,96.083003348823,80.27868165882647,20.936310604726785
side_person6.mp4,side,145,4833,30.00048154866049,848,478,177.18282235105556,174.1329766341841,162.87250518703428,138.52371400434907,95.44419575415868,85.58734736491692,21.579545917142212
side_person6.mp4,side,146,4867,30.00048154866049,848,478,175.6668220425626,173.8550173380251,162.84466079507368,138.6603118939373,97.44243401156076,85.95626728727524,20.879498762142084
side_person6.mp4,side,147,4900,30.00048154866049,848,478,174.91517645129855,174.3001758960146,162.17123674721125,139.53151359867357,95.2522522212523,78.8595201730177,21.023437475748032
side_person6.mp4,side,148,4933,30.00048154866049,848,478,174.2421502487485,173.4268620305157,161.58774394971059,141.44026449801515,92.18055497370085,69.80840346059894,21.111660681901377
side_person6.mp4,side,149,4967,30.00048154866049,848,478,173.4460043947834,172.80751404417467,161.56869726935045,140.97446768099982,91.81163073743433,70.75449242738061,20.82181643990109
side_person6.mp4,side,150,5000,30.00048154866049,848,478,172.66369734905618,172.95673423243608,160.618789456954,138.5177180551453,91.91809564588885,73.31599245693853,20.53126606731862
side_person6.mp4,side,151,5033,30.00048154866049,848,478,172.51890648252876,173.117072628916,161.3184091011887,136.92913307151795,93.09627280295099,82.18401367297417,20.57045943312738
side_person6.mp4,side,152,5067,30.00048154866049,848,478,171.98583827416533,173.39003685323374,159.88608557551112,135.57419058947184,96.1077601560093,84.78516439816111,20.2830434021938
side_person6.mp4,side,153,5100,30.00048154866049,848,478,171.43255373993463,173.55396460800404,158.53300028901177,134.70600246903797,95.18136146877924,87.44423514922707,20.782157818027663
side_person6.mp4,side,154,5133,30.00048154866049,848,478,169.6620554141622,171.75318213775432,156.14710119892925,140.94464914609355,93.81652900189297,78.56672379045516,21.42842856019974
side_person6.mp4,side,155,5167,30.00048154866049,848,478,167.40142956593766,169.94185557773127,156.10986396181448,139.76924063265952,92.05357462511422,81.16781499153345,21.50227421142776
side_person6.mp4,side,156,5200,30.00048154866049,848,478,166.68248127472316,164.6552170296126,156.0225719956909,145.68983070724508,91.97705981323203,86.7328184953068,19.90588884405264
side_person6.mp4,side,157,5233,30.00048154866049,848,478,166.6100927222597,164.75166966491824,154.56296786376785,139.02925968509408,94.96134561348771,100.63902468877856,20.66393371371362
side_person6.mp4,side,158,5267,30.00048154866049,848,478,165.10087498784154,165.4225692484545,151.42178399209783,140.28255903544536,95.68465091485541,98.40561895956351,22.150774246603483
side_person6.mp4,side,159,5300,30.00048154866049,848,478,162.99928412968072,162.088923591096,148.61498448075037,142.38211818152112,95.69192302514418,98.82713439658258,22.502795810181453
side_person6.mp4,side,160,5333,30.00048154866049,848,478,164.03139363896878,161.38322563302606,149.47328167566408,140.37856317866047,101.0487682316922,100.6980246484483,21.625407389530967
side_person6.mp4,side,161,5367,30.00048154866049,848,478,159.3529066591534,156.478687822707,148.18436749899087,141.97678067467706,96.11091772466636,102.3624364851343,22.0584354195982
side_person6.mp4,side,162,5400,30.00048154866049,848,478,155.19168650892541,150.4772120361302,146.0775702527581,143.57233499527644,95.52940620035021,113.54041494360523,22.167433897211556
side_person6.mp4,side,163,5433,30.00048154866049,848,478,153.16439825959017,151.40584054301306,144.0193671277568,141.19286333465317,97.29108287286557,120.39381138139687,22.611613920537707
side_person6.mp4,side,164,5467,30.00048154866049,848,478,149.85874752433193,147.3138379393225,142.94627474502616,141.4477833545817,99.26884108412048,126.70686898188958,22.097694361906406
side_person6.mp4,side,165,5500,30.00048154866049,848,478,147.98266866965668,139.36454312012447,141.10777917753546,143.61151496668623,100.14865545781399,127.36807558634698,22.724922927910892
side_person6.mp4,side,166,5533,30.00048154866049,848,478,141.96638877557092,137.7031158217555,138.34014014114356,141.5125773768771,107.52867579262976,132.42492703580137,21.819571400071805
side_person6.mp4,side,167,5567,30.00048154866049,848,478,138.80335632508124,136.4296386391351,136.0752434603531,141.111885286926,107.83608639480528,122.54958302007641,23.607887079043763
side_person6.mp4,side,168,5600,30.00048154866049,848,478,139.15420542777153,138.70737549404473,135.8620904158511,138.8780555184072,97.54300557851448,134.53726075092212,22.60701322269378
side_person6.mp4,side,169,5633,30.00048154866049,848,478,137.79221939073508,135.00446601585034,134.1177483422173,138.34001941519418,108.05267925737061,130.65718902907776,22.655701699779705
side_person6.mp4,side,170,5667,30.00048154866049,848,478,138.72499886397355,136.8829974794887,134.91915925334217,136.42464158569675,109.61166302431779,135.46146778243337,21.69378599965874
side_person6.mp4,side,171,5700,30.00048154866049,848,478,138.8410933558727,136.28241219010494,133.08796433764124,135.01506680273746,121.21500282328711,148.81901942071002,22.13811259753435
side_person6.mp4,side,172,5733,30.00048154866049,848,478,138.47285679565493,136.1840576114939,130.43283260140714,134.6980124004657,110.90130612205355,149.1769371337458,23.091590980663092
side_person6.mp4,side,173,5767,30.00048154866049,848,478,135.8698108501225,139.24930341815391,128.9326370085876,134.91248771948003,104.38743318236884,147.15218455013436,26.17942783330546
side_person6.mp4,side,174,5800,30.00048154866049,848,478,133.61591019499048,140.56574933270014,126.2788705298099,134.81575212768837,102.38009204979,143.07926158487172,29.999312774085098
side_person6.mp4,side,175,5833,30.00048154866049,848,478,130.3164660838065,135.0537029924371,122.57220116862973,134.77057346293023,103.55239883708029,138.37147355465885,33.943559222256425
side_person6.mp4,side,176,5867,30.00048154866049,848,478,128.4441058426083,128.78892788982193,121.69779408564258,131.0138629786888,102.67234642872184,136.02400787144353,31.935032571508074
side_person6.mp4,side,177,5900,30.00048154866049,848,478,126.59660066141596,128.72176331551606,121.08014379820814,129.05970663021301,116.99986711224916,137.30016828771357,31.4654974381026
side_person6.mp4,side,178,5933,30.00048154866049,848,478,123.44146970048034,123.89809985867704,119.81692218884253,128.06844661319107,113.60363410365153,132.44395926008337,35.70333665031524
side_person6.mp4,side,179,5967,30.00048154866049,848,478,121.82991347257928,122.80033710438896,119.31452090491567,125.82263464805864,117.17244715166969,133.6929208290859,35.17010518015148
side_person6.mp4,side,180,6000,30.00048154866049,848,478,119.57179064290352,123.27077911178064,118.73787701713312,124.10095399862763,121.75616209980835,133.06425029115036,36.79196076056928
side_person6.mp4,side,181,6033,30.00048154866049,848,478,123.55915740713428,125.9548742604467,122.02572448500938,123.02851767909404,114.87401171686267,136.32684519105422,35.5016462466898
side_person6.mp4,side,182,6067,30.00048154866049,848,478,123.60460652084727,128.18785088393548,122.28776812372107,121.87958712859428,112.69635150114496,142.18823861421077,35.173737248351806
side_person6.mp4,side,183,6100,30.00048154866049,848,478,122.59886234197556,126.90399345898237,121.33417507025273,119.32676183531773,114.93670783997686,142.9638812373717,34.53682266993255
side_person6.mp4,side,184,6133,30.00048154866049,848,478,121.58597667805292,123.84988965391703,120.38422896299437,118.52525398894238,117.58492216379659,145.62156955077086,34.461862475759034
side_person6.mp4,side,185,6167,30.00048154866049,848,478,120.6909033998627,122.48919427944179,119.43825938872128,119.55354390734732,115.38825134585944,142.65953418732326,34.3196023295256
side_person6.mp4,side,186,6200,30.00048154866049,848,478,120.04820758535766,122.51725557527543,118.72920848018222,119.64337464245018,114.73754834619574,142.51223600728457,35.09843338131552
side_person6.mp4,side,187,6233,30.00048154866049,848,478,118.96557644172263,121.08501616254725,116.69655927614149,119.16048698026584,113.63452849485115,139.01428535087456,35.53284549276984
side_person6.mp4,side,188,6267,30.00048154866049,848,478,118.4683013077945,121.70910369238548,116.78618269479688,119.01684574257666,115.83007730273829,140.03549690166506,35.67180900217459
side_person6.mp4,side,189,6300,30.00048154866049,848,478,115.91603903618258,120.21722287795279,113.77301932156608,117.58441512270042,112.01200258771826,136.93932210090918,35.77783582867824
side_person6.mp4,side,190,6333,30.00048154866049,848,478,112.92539818666,119.20243970730405,110.5235328428003,116.31912035342613,113.57850273633083,137.45711857773256,35.684120241862516
side_person6.mp4,side,191,6367,30.00048154866049,848,478,112.6824700714256,117.55965238872993,110.79364107995563,116.155888446021,115.1054439003578,138.7676639131242,36.13286196268986
side_person6.mp4,side,192,6400,30.00048154866049,848,478,112.08780765214438,120.69134949837611,110.74154111161131,117.03427755154026,116.81019579102922,142.08588773672548,36.32432827230201
side_person6.mp4,side,193,6433,30.00048154866049,848,478,110.89578165044901,121.63312056668165,109.96194370257419,118.07271257201377,114.84228452803141,144.67082297771367,36.53713870839193
side_person6.mp4,side,194,6467,30.00048154866049,848,478,111.07231555346878,121.82517622688664,110.23361416096247,117.63310552665388,111.66229030269359,144.9703677191592,36.16898889617393
side_person6.mp4,side,195,6500,30.00048154866049,848,478,110.82687532782788,122.05493433343852,110.2387596013937,118.34208485799759,111.58395003676365,144.7798391892038,36.52009187666839
side_person6.mp4,side,196,6533,30.00048154866049,848,478,109.96592960766168,121.71868007435285,109.39508556292392,117.84510532267292,111.93212783999645,147.22779399176116,36.13204315853175
side_person6.mp4,side,197,6567,30.00048154866049,848,478,110.82333965434195,122.06685049062315,110.64457001352909,117.70674063548473,114.32428792611748,146.13932254139695,36.278709221603464
side_person6.mp4,side,198,6600,30.00048154866049,848,478,109.31850929950859,121.08248539615121,108.58200288114904,116.23617115312113,110.82352972082097,143.3905244885356,36.05555223679599
side_person6.mp4,side,199,6633,30.00048154866049,848,478,109.0205223834903,119.77483063957627,108.52698873594476,116.00508469232427,111.67670514380252,143.34047890615622,36.08082547600448
side_person6.mp4,side,200,6667,30.00048154866049,848,478,108.27054686434455,118.4170215662982,107.82122257641852,115.92290901927868,115.60418004998748,141.86245250363982,35.679249494552195
side_person6.mp4,side,201,6700,30.00048154866049,848,478,108.15558939925175,116.94451451475709,107.86730842375128,114.44600326904508,115.35484461899031,141.53929766831942,34.267279128735595
side_person6.mp4,side,202,6733,30.00048154866049,848,478,107.84064096904234,115.72714181852933,107.07794966028938,114.52018830166129,116.17096049099027,137.6738808458479,34.6822224582262
side_person6.mp4,side,203,6767,30.00048154866049,848,478,107.77673927760978,115.49722807215988,107.18696133390732,115.30333619119165,119.70267377084971,136.64976327677581,34.25319740709436
side_person6.mp4,side,204,6800,30.00048154866049,848,478,108.5222601851217,116.32196103431481,108.3079046791503,115.7724322114047,121.69147883761191,139.12497261861157,33.96479353202282
side_person6.mp4,side,205,6833,30.00048154866049,848,478,110.46791390912787,117.14426993115163,110.61485911260526,115.61200044843991,125.82676419872782,140.3033457078015,32.29182893341283
side_person6.mp4,side,206,6867,30.00048154866049,848,478,109.27204397438895,113.48307733382111,109.41932774765006,114.69967282014304,131.03302889894636,137.32022644656345,30.567402275893294
side_person6.mp4,side,207,6900,30.00048154866049,848,478,113.80318466903638,118.10121125667774,114.86533718659591,117.42816647372919,122.75795859373359,145.2205184082531,32.226787817397984
side_person6.mp4,side,208,6933,30.00048154866049,848,478,114.06418132722227,117.37292485085133,114.9952517195394,117.81010442631616,121.5858664199724,141.20269885443224,32.00003550973297
side_person6.mp4,side,209,6967,30.00048154866049,848,478,115.3151364766953,119.55061326451101,116.56697575607711,119.440706662897,122.84309438310228,142.96173872508754,32.18461429801442
side_person6.mp4,side,210,7000,30.00048154866049,848,478,116.33556529603162,120.3528592445464,118.43174428959522,120.14427453635517,122.25938875277296,144.56988621636492,32.24454707892753
side_person6.mp4,side,211,7033,30.00048154866049,848,478,117.13677005857342,121.30129107044046,119.68046927925256,120.74048952138473,120.84498135026699,144.645946800586,32.263837686042116
side_person6.mp4,side,212,7067,30.00048154866049,848,478,117.36824949114362,121.26453278513847,120.0897510840638,121.9653296029322,124.54633404229672,141.17105457148568,32.95291119128156
side_person6.mp4,side,213,7100,30.00048154866049,848,478,118.49590898226369,121.85797611956579,121.49926911961016,123.36799725822084,124.12987381739664,140.688023104232,33.74209337148343
side_person6.mp4,side,214,7133,30.00048154866049,848,478,118.7056845935184,122.54268751525304,121.19749945507323,125.66314456090714,122.3144938899188,142.43042765617872,34.330358807400096
side_person6.mp4,side,215,7167,30.00048154866049,848,478,119.3504822132441,123.3975682472616,122.06315939160848,126.12857446743986,117.78630473705141,143.08095637476967,33.388266934509566
side_person6.mp4,side,216,7200,30.00048154866049,848,478,124.91053637253921,124.69922972796076,126.8462406873259,128.01511866540076,113.3185540529735,140.0116663853177,32.535164585605266
side_person6.mp4,side,217,7233,30.00048154866049,848,478,125.26974098590183,126.23639894676909,126.2605266134249,128.970714094723,104.98960413743522,139.43782582987637,32.19451093255049
side_person6.mp4,side,218,7267,30.00048154866049,848,478,124.99937545163519,132.3801106038223,122.6377969927317,129.70637581164095,100.36364552772072,136.69706491869684,31.44370652280753
side_person6.mp4,side,219,7300,30.00048154866049,848,478,126.73864630552377,133.2631144935886,125.88787029406907,129.10160931432463,106.7780038050898,135.89834459037058,27.429455236747128
side_person6.mp4,side,220,7333,30.00048154866049,848,478,133.44750030062644,137.22822079310583,132.17704916357607,128.69880009126402,111.99152408110842,143.0076000878845,22.768529833048596
side_person6.mp4,side,221,7367,30.00048154866049,848,478,136.52879420628534,135.5696289940321,134.35256246868659,131.73410642250155,116.3496406900516,142.99390622275283,21.037632744522593
side_person6.mp4,side,222,7400,30.00048154866049,848,478,139.5968256147397,133.81167966714742,136.9564632236591,136.00616428858822,107.78327225050889,135.58690823664008,19.668651658451196
side_person6.mp4,side,223,7433,30.00048154866049,848,478,142.72102955285843,137.52719408710018,139.27475126337563,138.62967094704507,104.87050296147433,133.7010292138298,19.541048260747846
side_person6.mp4,side,224,7467,30.00048154866049,848,478,147.07717824809882,145.0459868822253,142.19963612199538,137.404088721062,100.74273616381886,134.14313701073334,18.25053427202389
side_person6.mp4,side,225,7500,30.00048154866049,848,478,150.9644747848542,150.50012457461727,144.14442171560333,135.91180051007038,101.21032759077455,128.60594764359365,17.285929857048895
side_person6.mp4,side,226,7533,30.00048154866049,848,478,154.49792582873735,154.23002496017813,146.74216614700723,140.20722122796744,112.67880484493674,116.16250673640427,17.47021324470798
side_person6.mp4,side,227,7567,30.00048154866049,848,478,158.03855588026633,155.866642009887,149.38357106380994,140.47868049493647,98.41519159714635,121.06586255068233,16.92796537988497
side_person6.mp4,side,228,7600,30.00048154866049,848,478,161.53134203725804,157.7401173561908,151.44552978150222,141.76409139870958,96.79508904902856,113.69743311349988,16.903646307750495
side_person6.mp4,side,229,7633,30.00048154866049,848,478,164.34672949882028,158.84850429054677,152.6872817479228,145.58343166418635,95.36203564661054,100.49499983992337,17.42881877609696
side_person6.mp4,side,230,7667,30.00048154866049,848,478,166.00863586047436,164.45153753498147,152.92746331996435,143.33099718269833,94.62908512305597,93.11433504560166,19.748948583350042
side_person6.mp4,side,231,7700,30.00048154866049,848,478,170.65015592936322,169.5959387030121,154.9185074395749,140.00148211781087,95.74551097241752,85.14246509763323,19.844373366350055
side_person6.mp4,side,232,7733,30.00048154866049,848,478,171.48786106259683,172.03958929478597,154.6417713360827,140.74428811133984,97.80028383255016,78.64507436263659,19.908873574756537
side_person6.mp4,side,233,7767,30.00048154866049,848,478,173.54847658603077,175.46806112454811,154.44196021633346,136.12159303269047,102.25084314623454,87.02181603442952,19.94544652741433
side_person6.mp4,side,234,7800,30.00048154866049,848,478,173.86022699955032,175.31204995535435,156.01554321732604,138.0826473282827,101.54964835283872,80.30254206192434,19.39445970336484
side_person6.mp4,side,235,7833,30.00048154866049,848,478,174.2069202224252,174.1266467840856,156.329179425937,142.21966562963144,100.47939719510867,75.03206000525824,20.435261640405713
side_person6.mp4,side,236,7867,30.00048154866049,848,478,176.37956540967087,173.9946880120789,158.29339389171386,141.34069819235597,101.8833158710663,75.00620069336586,20.279610780900608
side_person6.mp4,side,237,7900,30.00048154866049,848,478,175.7511621464076,173.1649563068846,159.94751186378255,139.51760441684266,103.51734838209767,76.66002328504537,17.18311135313276
side_person6.mp4,side,238,7933,30.00048154866049,848,478,176.0491197523148,173.08275269170815,161.18429695913517,138.60591873331833,101.5229048704353,77.48621518256328,16.50898640061543
side_person6.mp4,side,239,7967,30.00048154866049,848,478,175.15588176756637,173.20375960199965,162.6438932083087,139.10133132376137,103.69177240473299,76.76692890823193,16.529803651482112
side_person6.mp4,side,240,8000,30.00048154866049,848,478,175.88675983920731,173.34485272709227,161.7674172309278,136.70517311878203,102.10672806058608,80.29487012670333,17.218588335660627
side_person6.mp4,side,241,8033,30.00048154866049,848,478,176.82239270176865,174.84605876934498,160.14761604188564,134.44122921530206,102.49647826977285,82.81605544586135,16.97503513628271
side_person6.mp4,side,242,8067,30.00048154866049,848,478,178.2637916840107,175.30279225395094,159.4514840307164,134.52891042407015,102.7302590409633,81.3500861478038,16.68443995055899
side_person6.mp4,side,243,8100,30.00048154866049,848,478,178.89234359051204,174.71487107623062,159.62493361188785,136.0457742176623,101.19859152085857,80.32520473580729,17.604439381785145
side_person6.mp4,side,244,8133,30.00048154866049,848,478,179.04879017153633,175.22211921247256,159.94231136489208,135.8433850315874,102.25622681051941,80.60499568068292,17.321441851867053
side_person6.mp4,side,245,8167,30.00048154866049,848,478,179.69009499500905,174.43820357780504,162.19549434179262,134.92177436651036,100.0926953582016,83.42676501062648,17.996785071395134
side_person6.mp4,side,246,8200,30.00048154866049,848,478,179.62947211930205,174.00963554984304,161.83229830101186,135.06270975014212,99.07511251059023,83.93287481987328,18.40057357554883
side_person6.mp4,side,247,8233,30.00048154866049,848,478,179.5454107002467,174.52358546669547,161.7061242407493,134.33675511678254,100.61445371613067,86.36085371648086,18.651395881604884
side_person6.mp4,side,248,8267,30.00048154866049,848,478,179.14938846228532,174.64734281474819,161.89435825308027,135.06768624423262,101.39417371119228,84.58333259661775,18.51089942647958
side_person6.mp4,side,249,8300,30.00048154866049,848,478,179.61586305542974,174.1138172813097,162.33163808392962,135.3566699829484,100.99231320351915,84.68616885235559,18.908835693119467
side_person6.mp4,side,250,8333,30.00048154866049,848,478,179.09560435181157,174.20298476079572,162.53852066302312,135.58748879741987,101.55465864913022,83.34187427541889,18.72720772591802
side_person6.mp4,side,251,8367,30.00048154866049,848,478,178.15726160284655,174.26177223931577,162.90276057764234,134.37523172926197,102.56688659245002,84.52702651223352,18.01021676529143
side_person6.mp4,side,252,8400,30.00048154866049,848,478,178.37704067890934,174.30144779837684,163.55711794648246,134.34163988475856,102.35426454816759,83.99440360327698,17.825399995295648
side_person6.mp4,side,253,8433,30.00048154866049,848,478,177.605592924251,174.3649433995017,164.01834464444963,134.05762250580878,103.31152237875925,83.32352659467414,17.223215873148575
side_person6.mp4,side,254,8467,30.00048154866049,848,478,178.15368818654338,174.34891811206492,164.15483277450105,135.08822340408798,102.677037629757,80.38146785910996,17.125872778857136
side_person6.mp4,side,255,8500,30.00048154866049,848,478,179.2000285813175,174.21024561679752,165.1511850356764,135.6161906211798,100.99884066079193,81.71710881090631,17.418238579322544
side_person6.mp4,side,256,8533,30.00048154866049,848,478,179.3418587671103,173.8429514513459,165.15008022983704,137.48544401365294,100.24460747478186,79.71719597195559,17.907388553591872
side_person6.mp4,side,257,8567,30.00048154866049,848,478,179.47664458769498,173.792827730025,166.48692716393077,139.80117522763112,100.1481497393697,79.00726966777101,17.186260202359104
side_person6.mp4,side,258,8600,30.00048154866049,848,478,178.9272133272174,173.54312232280301,165.7334184571438,142.39458052019043,100.58392700089557,75.73048355241241,18.108270525082776
side_person6.mp4,side,259,8633,30.00048154866049,848,478,178.97865542048612,173.08386101718253,164.55622120386667,140.95023438831066,97.45242199857462,73.42907716491571,19.744660609259455
side_person6.mp4,side,260,8667,30.00048154866049,848,478,178.20337348061466,173.6662817771042,161.9040194374987,138.9660709291425,98.37338502926346,79.45482212699844,20.217507027746223
side_person6.mp4,side,261,8700,30.00048154866049,848,478,177.3935221426565,174.12251735687627,163.2346492142203,142.67117297116127,97.49047339126574,74.86554682145372,18.184102204558013
side_person6.mp4,side,262,8733,30.00048154866049,848,478,175.60843505702698,170.6568668847609,162.57852179951684,145.91528070853488,96.00022737830837,72.98468422912316,17.872157913110065
side_person6.mp4,side,263,8767,30.00048154866049,848,478,175.2475454109921,168.41001206368674,160.38999041688965,144.87730299042875,97.08921402422007,74.99980936114397,18.329952943473838
side_person6.mp4,side,264,8800,30.00048154866049,848,478,173.31674476128666,169.60801311684668,160.7801594710964,144.3522895080242,92.6751540960681,75.53241061936274,19.936924157116113
side_person6.mp4,side,265,8833,30.00048154866049,848,478,173.55356423875318,170.33171698923869,160.98196592462148,143.79709552875707,93.62231842154982,74.94366877520888,19.421396693792435
side_person6.mp4,side,266,8867,30.00048154866049,848,478,173.04432147930353,171.24392624626253,160.18996982716632,143.13682036719993,93.13440638237233,75.48554543177995,21.239466401122797
side_person6.mp4,side,267,8900,30.00048154866049,848,478,173.0611160083053,172.82440948330304,159.70568110578117,139.18682969110986,93.87377817987054,82.7038960170228,21.184980315019583
side_person6.mp4,side,268,8933,30.00048154866049,848,478,171.53292038819677,173.28022046863362,161.2443765851772,140.55849045519335,92.91839727940162,68.29025022114973,18.71093325620978
side_person6.mp4,side,269,8967,30.00048154866049,848,478,171.66203057104826,173.648173054156,160.8401728153309,137.589418339512,91.59508316400004,74.5314941349487,20.60276642687831
side_person6.mp4,side,270,9000,30.00048154866049,848,478,170.73628870385946,173.3183778108405,160.1250749874784,136.7779266762604,91.66610623212985,77.99182300056306,20.790841526694518
side_person6.mp4,side,271,9033,30.00048154866049,848,478,169.45588150126142,171.726487222348,158.2021275711061,139.2382042995381,90.86295249154635,82.9827253698049,21.12759440636839
side_person6.mp4,side,272,9067,30.00048154866049,848,478,167.3293332569357,166.53281587249947,156.75768700369485,145.82124255438598,90.3755332786395,90.5455692448256,20.219025747313356
side_person6.mp4,side,273,9100,30.00048154866049,848,478,164.4727518480903,162.45185990109252,156.63569499271736,152.30079987482898,90.037415109048,92.27122325369872,19.073329550617398
side_person6.mp4,side,274,9133,30.00048154866049,848,478,162.5567050109778,160.08659361671155,155.4573672353621,148.46440544768245,90.43148528274398,91.5993144949866,19.320835464247736
side_person6.mp4,side,275,9167,30.00048154866049,848,478,164.69618135758546,163.96587532902893,155.44086320721763,145.21121577683638,92.27874833919097,107.95051087814183,19.880757362977054
side_person6.mp4,side,276,9200,30.00048154866049,848,478,163.40494521482668,160.74321614702617,154.22678371753148,146.61563475250338,91.24357670884015,94.72281288371393,19.87889261155882
side_person6.mp4,side,277,9233,30.00048154866049,848,478,161.76043115758094,158.1154764385508,152.59638594151718,148.04176086111582,92.23348603635277,99.19010124955173,20.306534378834364
side_person6.mp4,side,278,9267,30.00048154866049,848,478,162.02220529987443,155.41393839709852,151.52056836455176,144.71601300822806,96.68147330551905,104.21072103833811,18.870166566372895
side_person6.mp4,side,279,9300,30.00048154866049,848,478,161.3109108707675,153.8117911964161,150.37137274057292,142.11756324180814,97.53081700331545,120.24947323411807,19.152009137227164
side_person6.mp4,side,280,9333,30.00048154866049,848,478,159.8870920893329,154.2188236426582,150.0213589500779,141.58243960858698,98.06583563028722,114.0454905023694,19.76897325579245
side_person6.mp4,side,281,9367,30.00048154866049,848,478,159.1299938432915,156.02299565252403,148.6822807787004,136.1414917272115,96.86706049742665,114.75831564433352,20.532915600027067
side_person6.mp4,side,282,9400,30.00048154866049,848,478,157.6632744052742,155.50157650303476,147.8948034186604,135.41766225079522,98.15297454443008,117.91276604798183,20.530278376680453
side_person6.mp4,side,283,9433,30.00048154866049,848,478,153.09283054871202,145.22780270957273,145.38797771178776,141.29342565831766,100.21257922847546,125.85851492627742,20.313624707481004
side_person6.mp4,side,284,9467,30.00048154866049,848,478,151.75669724131413,145.54552318726704,144.0185674572365,139.93785292387733,103.51796098986023,129.4724197793706,20.38922226851026
side_person6.mp4,side,285,9500,30.00048154866049,848,478,144.33912237608357,139.12299598840255,139.53589378669662,142.400457406939,103.51795823641285,129.9848079135752,21.174394589103308
side_person6.mp4,side,286,9533,30.00048154866049,848,478,144.6605714004004,142.57267169963703,138.27580643205036,139.16825922143124,105.00363043156067,136.2734131607715,21.776409500999726
side_person6.mp4,side,287,9567,30.00048154866049,848,478,143.2780924640626,141.93642725646797,136.70434004932287,138.1191681800061,108.57219577144465,143.74219045401173,22.218797016798835
side_person6.mp4,side,288,9600,30.00048154866049,848,478,145.72280509305955,139.74871362637873,136.91379169256695,137.48824085083905,108.33090887791808,141.90144786366403,23.995904919558672
side_person6.mp4,side,289,9633,30.00048154866049,848,478,150.4874812560938,146.36710352194132,138.13089307587964,134.9683621237904,106.76273102924797,138.16949141213408,25.492069926896527
side_person6.mp4,side,290,9667,30.00048154866049,848,478,149.34595833677304,146.70676175700288,137.96341390930485,136.7220494468664,100.915903203486,131.71551165272217,29.980471003038343
side_person6.mp4,side,291,9700,30.00048154866049,848,478,148.47266205633642,147.1238566814904,136.50097340368336,135.15796510396808,103.48756013799654,132.20203263041194,29.86381467220889
side_person6.mp4,side,292,9733,30.00048154866049,848,478,147.67177080687796,141.2808979705409,134.53961552341283,136.80876671478921,107.81385410346422,127.18342930620545,34.19208047197829
side_person6.mp4,side,293,9767,30.00048154866049,848,478,148.2238639819802,142.89901723838102,134.6559937235976,134.04896659520062,101.62518072487755,129.69024287373935,32.06251569408845
side_person6.mp4,side,294,9800,30.00048154866049,848,478,147.48558937183338,143.16677373749854,133.51249688009062,134.00622053941916,98.25370054082806,130.8541564992954,34.50752057188655
side_person6.mp4,side,295,9833,30.00048154866049,848,478,146.37222749932226,141.1112396647567,131.41405635758812,133.16759311844953,88.39451028774295,124.73228084019252,37.08174507896254
side_person6.mp4,side,296,9867,30.00048154866049,848,478,143.73501272759407,135.69294233332428,128.72748073397918,129.70314867022273,90.51393128070896,124.5432567811749,38.54360596532604
side_person6.mp4,side,297,9900,30.00048154866049,848,478,143.06097629318572,135.25262983464359,128.49407024241447,127.72972368465342,92.18559009047523,124.30018952615525,38.815795054232524
side_person6.mp4,side,298,9933,30.00048154866049,848,478,140.48057137774853,132.5023959334998,125.67214768545573,125.15921958023362,92.72037190922863,128.09820848334786,38.94099525379192
side_person6.mp4,side,299,9967,30.00048154866049,848,478,138.59373609559975,132.99876647217374,124.77424979412355,124.3193915831669,93.08195385911245,128.7769334736165,39.80621313237815
side_person6.mp4,side,300,10000,30.00048154866049,848,478,136.10641077001273,132.68094795003742,122.92006168115563,123.15673407964151,95.54495500263545,129.73887159221545,40.216076132761366
side_person6.mp4,side,301,10033,30.00048154866049,848,478,133.80222389510791,130.56591830311461,121.21764877683934,122.46854104420345,96.05111949950864,127.04737769045646,41.07136448821088
side_person6.mp4,side,302,10067,30.00048154866049,848,478,130.853669788786,130.41928951327645,118.75143229958454,121.15637708110243,95.32843858612739,134.33261128830097,41.86381476823085
side_person6.mp4,side,303,10100,30.00048154866049,848,478,127.88757481437187,129.9237409694429,116.52846506056196,122.61267457991066,93.97834334718671,134.23072592632738,44.15328973327615
side_person6.mp4,side,304,10133,30.00048154866049,848,478,126.75741818864365,129.68734795922342,115.01214867034255,122.64541858435732,92.14449787955765,130.6942406551206,44.242840517100035
side_person6.mp4,side,305,10167,30.00048154866049,848,478,123.37784009635189,130.60217605462796,111.78236934763233,123.05598672884989,95.49274315233936,131.14649427935714,44.567565719914846
side_person6.mp4,side,306,10200,30.00048154866049,848,478,125.43746313745235,131.72293777457242,111.7288180582861,122.39674018855305,95.37415119999028,129.06345924185328,43.2224064632103
side_person6.mp4,side,307,10233,30.00048154866049,848,478,125.49211649104689,131.25595394856404,112.74725954733549,122.3879642588249,95.68968941030623,129.40378790400885,43.919080638724715
side_person6.mp4,side,308,10267,30.00048154866049,848,478,125.58649013670778,131.42524285704508,112.48437855795535,121.9445168126669,96.20578292721424,129.62236768287806,45.49312039389412
side_person6.mp4,side,309,10300,30.00048154866049,848,478,124.3995033907945,130.73159853870914,112.10462720946792,121.5146316146715,101.83181336568884,129.43311542880195,45.78011928404281
side_person6.mp4,side,310,10333,30.00048154866049,848,478,122.9126095552054,129.58277124035303,110.26955242788652,120.1322017836677,102.05827425627135,136.21424715081713,45.95826949374339
side_person6.mp4,side,311,10367,30.00048154866049,848,478,123.61005188522172,128.43352373173568,110.65773407664159,119.61806701662968,103.32340454845514,137.92911513442476,45.670673717174374
side_person6.mp4,side,312,10400,30.00048154866049,848,478,120.87608284673578,128.27466670140018,108.1078265202832,119.400704415954,101.6710226829066,139.33633284127103,46.601804414542094
side_person6.mp4,side,313,10433,30.00048154866049,848,478,119.28428683877205,125.99470840552682,106.32587355890152,118.29180233875125,102.21828531557713,135.17548074452458,46.51845264048084
side_person6.mp4,side,314,10466,30.00048154866049,848,478,119.08265098906955,126.1862335217547,106.45106856533226,118.32609847353109,106.89960463500871,134.53623929572592,46.28663390298077
side_person6.mp4,side,315,10500,30.00048154866049,848,478,119.14442538006774,129.18548907989467,106.83415345542785,120.01411276483479,106.81893696983781,134.74271772181956,46.219525655561746
side_person6.mp4,side,316,10533,30.00048154866049,848,478,119.4904090337572,127.25773036880534,106.85423015309193,118.68547720815255,99.55345940190243,135.2210504780415,45.921508895820615
side_person6.mp4,side,317,10566,30.00048154866049,848,478,118.26352842929091,126.52822001629828,106.675840172731,118.66542673698865,103.86490319111034,135.48796490255424,46.994454894489
side_person6.mp4,side,318,10600,30.00048154866049,848,478,117.70255096294345,125.88992260214343,106.17632813841773,118.56480876740622,101.17538242533458,133.15199460448525,47.004743614545795
side_person6.mp4,side,319,10633,30.00048154866049,848,478,116.03670407890094,125.45240430932962,102.9383341162492,118.04715559184218,98.77297413542315,130.15244771803805,46.89426554929022
side_person6.mp4,side,320,10666,30.00048154866049,848,478,115.7302364480232,124.8931796787292,103.67303723326474,117.67283948446773,104.38523397987932,130.35519537396976,46.461230590734196
side_person6.mp4,side,321,10700,30.00048154866049,848,478,115.50823223152076,122.4033641198185,104.01468865152728,116.17580185238981,103.08532014812454,134.88780005788212,46.2108411676671
side_person6.mp4,side,322,10733,30.00048154866049,848,478,116.38961982076924,123.74623145734725,104.35713984997729,117.12154814620334,102.30957936453626,132.35875859593088,44.50922589345989
side_person6.mp4,side,323,10766,30.00048154866049,848,478,112.34524077683336,118.77739557886976,101.56468323528472,113.51116366579627,101.55789270365793,130.3420254611309,44.97691170188731
side_person6.mp4,side,324,10800,30.00048154866049,848,478,112.46219408727772,119.37723251414229,102.35170120292443,113.50443603299794,107.20164989968194,130.98082808793816,44.32620246634229
side_person6.mp4,side,325,10833,30.00048154866049,848,478,112.44589878474645,119.95753623785701,102.49336748702544,114.04117031164083,105.73126420645995,130.13897137246656,44.605633356702825
side_person6.mp4,side,326,10866,30.00048154866049,848,478,112.30514193703205,119.00417752308853,102.56675823807636,113.14155518468509,102.13107292563207,127.27624422775897,44.48757144359814
side_person6.mp4,side,327,10900,30.00048154866049,848,478,115.40604284335109,123.5420116945313,106.60717333997133,116.88923272047226,99.53750035557012,129.75974141438886,45.38956198562131
side_person6.mp4,side,328,10933,30.00048154866049,848,478,115.28315238644834,122.31752841193753,105.21467626582861,115.79270360203185,100.99839148458085,129.7937991087111,43.17865288856084
side_person6.mp4,side,329,10966,30.00048154866049,848,478,115.24102032105854,122.27297514578692,103.51713736991566,115.7091120304605,95.9043211250647,126.20438843776496,41.64362138179207
side_person6.mp4,side,330,11000,30.00048154866049,848,478,121.54748758706468,126.4366695944554,110.75186142886373,119.23072636877303,91.38322618511778,124.34473878875986,41.21117985208885
side_person6.mp4,side,331,11033,30.00048154866049,848,478,123.17962820593361,126.22620415731821,112.73295083149637,120.69962079822716,93.09089358488198,126.31333685414329,41.525226962089384
side_person6.mp4,side,332,11066,30.00048154866049,848,478,123.13792718197601,125.61385588788355,113.00904692667642,121.95718707826128,92.20409690249117,123.74232023895817,42.40416445675217
side_person6.mp4,side,333,11100,30.00048154866049,848,478,126.25892148567483,121.97809579327313,118.0917733337049,120.79762793927115,97.62013997067697,125.54046304343186,40.435889763145184
side_person6.mp4,side,334,11133,30.00048154866049,848,478,140.69188363764638,123.38942908571109,129.58997645639698,123.08818772868649,95.02059330593043,122.21284068469893,39.56507809084156
side_person6.mp4,side,335,11166,30.00048154866049,848,478,142.76115806058593,126.92766423858731,131.76888808852055,127.13778769889429,95.75989618172497,122.94808935416663,37.21609016414478
side_person6.mp4,side,336,11200,30.00048154866049,848,478,142.00924803027692,136.4163833927599,130.86731762048447,131.22635578130385,94.51801779671905,122.37256807739485,35.7944506789214
side_person6.mp4,side,337,11233,30.00048154866049,848,478,144.25565381305935,141.4500200830055,133.9718233402676,130.19303781150236,95.52435227394884,134.29013678479035,30.628734266566962
side_person6.mp4,side,338,11266,30.00048154866049,848,478,144.7894176731999,140.45598305414006,134.7646697065875,131.11545005463307,100.49607019023489,137.58870282690003,26.980843041197673
side_person6.mp4,side,339,11300,30.00048154866049,848,478,143.55002100877687,141.81883035613095,134.88551634801888,134.39156473019733,101.06294704513421,139.9168892023345,27.638847418001284
side_person6.mp4,side,340,11333,30.00048154866049,848,478,137.99123916955688,142.01423282359505,132.44698520940088,134.75336092517585,100.38391061144391,137.30402028409517,26.014685558012474
side_person6.mp4,side,341,11366,30.00048154866049,848,478,139.5279478667235,146.377305127017,134.78057171174112,135.79340418182232,101.1065748684004,137.21195335337467,25.52812870422068
side_person6.mp4,side,342,11400,30.00048154866049,848,478,141.238863324261,145.23241879271194,136.5136197837756,138.53466728618685,101.0607288430569,145.7932415586256,23.943636072433236
side_person6.mp4,side,343,11433,30.00048154866049,848,478,143.70523606525367,144.0715656736306,138.11342084955933,143.05067988458998,92.23495826357737,116.81554485667507,23.290921838205755
side_person6.mp4,side,344,11466,30.00048154866049,848,478,154.07112339745942,155.60004173075347,143.61590445488278,138.0690922014772,88.08270173975494,90.73577856908115,23.16434083675939
side_person6.mp4,side,345,11500,30.00048154866049,848,478,159.51466741967877,160.94515526115387,146.81402711260594,137.59634438298895,91.67958145736678,100.17348981418456,24.770739966754597
side_person6.mp4,side,346,11533,30.00048154866049,848,478,162.7899189698975,162.37920015287233,148.41139845607447,138.23263444541442,90.71355386386267,101.29775243051803,23.74764877663084
side_person6.mp4,side,347,11566,30.00048154866049,848,478,166.46843856045427,163.76720452566843,150.39995787607612,140.14387601668176,93.65215322577515,98.87946982759863,23.509768998386363
side_person6.mp4,side,348,11600,30.00048154866049,848,478,168.46959848109628,166.1100061759001,150.53581643914293,141.23447978576604,95.40021867875858,92.56369406709348,23.576549210528594
side_person6.mp4,side,349,11633,30.00048154866049,848,478,171.95151000745489,169.85863293915114,153.68592701364526,136.42863615359923,97.40879339507886,88.42988267494125,21.77512984017361
side_person6.mp4,side,350,11666,30.00048154866049,848,478,172.5943885718041,171.0751998943375,153.83645208678072,140.23003087806157,96.9301829460213,85.51810490083545,21.700220765188774
side_person6.mp4,side,351,11700,30.00048154866049,848,478,173.12505287980383,172.27049822983187,155.03243081966778,140.11872932088,97.1583235056665,82.3699968916792,21.401396262242386
side_person6.mp4,side,352,11733,30.00048154866049,848,478,174.3128208640011,172.65950633915688,156.36851453215942,142.3297788913425,101.0192599671976,79.65953558525989,21.321613451846915
side_person6.mp4,side,353,11766,30.00048154866049,848,478,175.77335229654634,173.9218022643062,157.3852286692803,140.09292820860242,100.07339299351861,84.30120492902861,20.42072520748762
side_person6.mp4,side,354,11800,30.00048154866049,848,478,175.6269966723889,175.15141104421744,159.410342612668,132.93864623498376,103.56432596598368,90.74644348340993,17.665442773217872
side_person6.mp4,side,355,11833,30.00048154866049,848,478,176.5791306122345,175.10163042561302,158.55983224247828,135.19198645045014,103.59978510484754,82.54747321187467,18.254051926550098
side_person6.mp4,side,356,11866,30.00048154866049,848,478,177.11719080997833,175.5768646962648,159.2785558966399,133.65080156072312,104.27413126232975,84.41102782564815,17.977928641051697
side_person6.mp4,side,357,11900,30.00048154866049,848,478,177.59067126630964,175.05415517766048,159.8712561863281,133.73950222893285,104.41669445054343,86.47387307344282,17.863028682696402
side_person6.mp4,side,358,11933,30.00048154866049,848,478,177.88915064729517,174.64556671338687,161.11286802731067,132.80857722995106,103.65723069900051,84.19813881304536,16.091247265821114
side_person6.mp4,side,359,11966,30.00048154866049,848,478,176.97775212614874,174.84349738412217,158.32594213096547,133.3245475052798,104.1895902298023,85.25600708636094,19.143649276937335
side_person6.mp4,side,360,12000,30.00048154866049,848,478,177.27682973802038,175.09718221262443,158.0315011099424,132.90066995813717,103.16617960554059,84.4887006204693,19.815935802609932
side_person6.mp4,side,361,12033,30.00048154866049,848,478,176.7109289841837,175.57510627650962,160.4459662049078,132.83209938214614,101.99607279528223,88.09755115651757,19.341820346711593
side_person6.mp4,side,362,12066,30.00048154866049,848,478,177.5844773846752,175.2008581161453,160.93800643644872,133.50727381202248,99.75823717849059,83.14635009709528,19.772708422124587
side_person6.mp4,side,363,12100,30.00048154866049,848,478,178.98390227912537,175.24733698000614,163.11317854728756,133.25479574276824,97.1368771681369,82.83888149738853,19.915540277245878
side_person6.mp4,side,364,12133,30.00048154866049,848,478,178.88298623354044,175.49984260253845,163.0872122605712,132.5953373268796,96.05089954631913,86.51054629584318,19.630735780137183
side_person6.mp4,side,365,12166,30.00048154866049,848,478,178.98957301467115,175.80244242867252,162.34114557491873,134.88943852412086,96.84805330858931,92.86529475580959,20.786973347214428
side_person6.mp4,side,366,12200,30.00048154866049,848,478,178.5405401863642,175.59411506110072,162.6100862076529,134.70828611606538,99.18439761445792,87.55510110116205,20.338213790867773
side_person6.mp4,side,367,12233,30.00048154866049,848,478,178.75706378881733,175.23068836026832,162.3459662429072,136.32935927457615,99.67242472714558,82.06088106442677,20.706631066255785
side_person6.mp4,side,368,12266,30.00048154866049,848,478,179.06155749932154,174.7122532474322,161.87713052307507,136.90605326328856,99.48535572171575,80.1313906301992,21.095099282139177
side_person6.mp4,side,369,12300,30.00048154866049,848,478,178.53013926624425,174.6203443379925,161.80417948995125,136.65731487827233,100.06725752129472,81.94419658569399,20.899210656011903
side_person6.mp4,side,370,12333,30.00048154866049,848,478,178.53536435259375,174.78538984594744,161.65205356607217,136.26936484731345,100.16606133683497,82.07423075928783,20.762196233285213
side_person6.mp4,side,371,12366,30.00048154866049,848,478,179.11571069470358,174.76631359060025,161.70554492441656,138.13606198062513,99.16519490779696,78.49858902241547,21.541420843209398
side_person6.mp4,side,372,12400,30.00048154866049,848,478,177.67292910390697,175.4391460550971,161.30143085086024,137.20062753559012,100.8975854730733,81.75688624498412,21.73164407534306
side_person6.mp4,side,373,12433,30.00048154866049,848,478,176.94858203621382,175.52073313007594,161.6502132645963,136.03033079820077,100.7868004775422,82.35589190071032,20.889619278994488
side_person6.mp4,side,374,12466,30.00048154866049,848,478,175.49482851932143,175.4198029947388,158.98503361281237,135.65579521484113,103.794645949983,83.12081030515671,20.326287854959254
side_person6.mp4,side,375,12500,30.00048154866049,848,478,178.88010323288353,175.12795581769512,160.96625887264895,136.1536081372053,97.51469637822608,84.39843852779093,21.184078561165066
side_person6.mp4,side,376,12533,30.00048154866049,848,478,178.32726965932838,176.38883832540816,161.22744984280334,136.60289281056973,98.01170882186649,79.71055006932886,20.219540176508495
side_person6.mp4,side,377,12566,30.00048154866049,848,478,176.91500368751483,176.55053916059518,161.21143199822868,135.6129698436315,99.14448798463094,87.79558783209076,20.083146672835365
side_person6.mp4,side,378,12600,30.00048154866049,848,478,176.29821059233223,175.88289268554703,160.9036189971841,137.2386448763093,99.6451603389168,83.3975585815301,20.314306450131404
side_person6.mp4,side,379,12633,30.00048154866049,848,478,177.26067096137365,173.7117454013593,164.06287634515274,140.6470554450117,91.70297604392645,75.6259425980254,21.076350479330547
side_person6.mp4,side,380,12666,30.00048154866049,848,478,177.18344777369472,173.74137359801125,162.3638375517665,140.2232838134694,93.4890640863486,78.49898562778239,21.24408694271587
side_person6.mp4,side,381,12700,30.00048154866049,848,478,175.49845280679807,172.2003038885324,163.09732862981858,143.7560623886353,90.60642808758976,75.32444994021377,21.487193891318196
side_person6.mp4,side,382,12733,30.00048154866049,848,478,175.92483566543405,172.28372139438187,163.0427700880388,142.71683513164368,92.47356100584223,76.9580250946365,20.733856856734338
side_person6.mp4,side,383,12766,30.00048154866049,848,478,175.46019195459408,173.0010749831662,162.7993638295796,143.6357787556848,92.49337660648287,71.98230740787706,20.413001139743173
side_person6.mp4,side,384,12800,30.00048154866049,848,478,174.94993896602534,172.7146250212755,162.30260015863794,143.1013414192096,92.8571859819266,73.13390736142833,20.253034977920322
side_person6.mp4,side,385,12833,30.00048154866049,848,478,172.74239966852988,172.80523030897106,162.28195353959595,141.3335523980724,90.64064845679317,73.95288740735784,20.315137211697024
side_person6.mp4,side,386,12866,30.00048154866049,848,478,172.3078799565766,173.37235693790177,160.67089112312402,141.27634297683437,91.4709442178868,76.19005973574234,20.143757592772605
side_person6.mp4,side,387,12900,30.00048154866049,848,478,171.67175058858996,173.77058596516616,160.08648307826903,139.79153010137273,90.66444576251949,82.64007337364669,20.875774977568824
side_person6.mp4,side,388,12933,30.00048154866049,848,478,171.57255248463932,173.01885504243978,158.9885932841065,138.90292823799396,91.31834553954573,84.89239503234353,21.1660674409084
side_person6.mp4,side,389,12966,30.00048154866049,848,478,170.3725258807566,172.2776062889613,158.51160653973918,137.7401161571606,91.18822136203293,87.07672235087236,21.09512712732454
side_person6.mp4,side,390,13000,30.00048154866049,848,478,168.58476263651204,169.82352072810968,156.61825762447134,142.73943427217665,90.0704616783936,82.63611850242596,20.987728321387856
side_person6.mp4,side,391,13033,30.00048154866049,848,478,168.4980033127739,167.94443377694193,157.13817713739635,143.0489785062084,90.10248163437771,85.75882163216639,18.418265125150025
side_person6.mp4,side,392,13066,30.00048154866049,848,478,165.22092208826527,164.352112006295,156.84849794564394,146.2624614546462,89.40158757730886,90.57801815636314,19.097159173414088
side_person6.mp4,side,393,13100,30.00048154866049,848,478,165.5583995142006,163.6431164378915,155.75639036396024,146.70660104762771,89.71807331734382,89.83465539704007,20.44696784983631
side_person6.mp4,side,394,13133,30.00048154866049,848,478,165.61053694341942,163.59612581775266,154.16834088628565,145.59442499026036,90.03849166137867,80.78199422482555,22.44854292566663
side_person6.mp4,side,395,13166,30.00048154866049,848,478,163.85198592585678,154.48296197571378,153.83748475209924,150.81435795677734,91.85359635643606,99.6176115582167,19.358785263169537
side_person6.mp4,side,396,13200,30.00048154866049,848,478,165.8822749440532,158.04843555179883,153.10668240412687,142.54759349713026,99.34127240082623,93.09974629355253,18.42628865696499
side_person6.mp4,side,397,13233,30.00048154866049,848,478,164.72926585899276,158.06426999179857,151.5138083454282,139.08813893791964,98.57244244890774,89.28178088737198,18.511904283290026
side_person6.mp4,side,398,13266,30.00048154866049,848,478,162.22392978079378,154.01764584350877,150.81766893511227,137.14851126138393,94.93302499538764,116.63233194666552,19.731512011568043
side_person6.mp4,side,399,13300,30.00048154866049,848,478,155.4248176518166,147.3140226253915,146.45268599541933,141.8279573031822,98.80422168800705,122.17516395314004,19.338178912655618
side_person6.mp4,side,400,13333,30.00048154866049,848,478,149.89983942731078,140.09336112642612,144.05538829040566,143.29304280373913,98.64734664772125,116.0949145205251,20.250949887861076
side_person6.mp4,side,401,13366,30.00048154866049,848,478,147.35334835080627,139.25115776165316,141.48148695955027,142.8886566531767,99.5483052622444,125.3902321696122,20.36538876726103
side_person6.mp4,side,402,13400,30.00048154866049,848,478,142.47470270867518,139.65026364454684,136.07864355292816,144.00730441607308,94.71138879594567,122.18942041101991,26.799852962876574
side_person6.mp4,side,403,13433,30.00048154866049,848,478,141.41378100337855,139.28428395215371,134.83894653065911,143.41225363278954,100.08487418824906,135.90691485013897,29.829763991663935
side_person6.mp4,side,404,13466,30.00048154866049,848,478,140.73662005029135,140.8709613752903,133.8268680614101,141.0727786701371,99.24416045911744,137.03123800967995,29.435194334753284
side_person6.mp4,side,405,13500,30.00048154866049,848,478,140.0268422625461,141.54786504580719,131.07479768555933,141.70914216544386,97.05323202006046,132.51824511549916,33.80276140326123
side_person6.mp4,side,406,13533,30.00048154866049,848,478,138.70078305293222,142.10598524078299,128.94443326333453,140.16435809221858,96.77661154863097,132.17174472248217,34.42670390783552
side_person6.mp4,side,407,13566,30.00048154866049,848,478,141.03174324164357,141.52774912827812,127.72202290868712,138.16971218094542,94.12743577642176,131.92651653360218,33.45698547824089
side_person6.mp4,side,408,13600,30.00048154866049,848,478,140.33814008432893,141.16070980937343,127.5798479233486,138.45838202695975,95.05830501568657,126.95595868672449,35.443794769567106
side_person6.mp4,side,409,13633,30.00048154866049,848,478,138.5073602078513,137.03555065026276,125.5603506258872,136.76445056546183,93.7580633522915,122.41225409182981,36.13438933177503
side_person6.mp4,side,410,13666,30.00048154866049,848,478,137.05007409315544,131.70115429317337,124.60560238631172,133.40843900510765,94.01494927847091,122.10483464178954,35.44134098261194
side_person6.mp4,side,411,13700,30.00048154866049,848,478,135.7689883567518,132.5801802731532,123.80460853433414,132.55923144215856,93.62491435622368,124.05497536014117,35.3298471967934
side_person6.mp4,side,412,13733,30.00048154866049,848,478,135.11483798619616,131.00096845484572,122.64705514989821,130.98784269243853,93.06251148042757,123.09345982402253,37.34044631491141
side_person6.mp4,side,413,13766,30.00048154866049,848,478,133.53960395456772,126.8199004748011,121.30752109747877,127.6216904869413,93.46446667377835,122.31538305078115,38.3230925056485
side_person6.mp4,side,414,13800,30.00048154866049,848,478,131.5231506822662,126.3985929921925,120.25898291175014,126.51197045454016,92.49783826802792,125.18425133568786,38.38884114228104
side_person6.mp4,side,415,13833,30.00048154866049,848,478,128.9551239886446,122.61660416155438,119.597313996941,123.84273638346401,99.3125079020033,126.92717152015543,38.36859550287174
side_person6.mp4,side,416,13866,30.00048154866049,848,478,126.52003616906742,122.03010823845307,119.54574020013342,122.73315330789906,101.92322542982735,124.9295020923007,38.0302951610382
side_person6.mp4,side,417,13900,30.00048154866049,848,478,125.14612559711279,120.5567175934628,119.27790166311978,121.37618840136598,103.9059457523567,128.43913874155464,37.74912136762813
side_person6.mp4,side,418,13933,30.00048154866049,848,478,124.75454226606487,120.49002460174984,119.29191587857754,120.4229363325386,104.54006852450418,128.28572636889896,37.26563112464731
side_person6.mp4,side,419,13966,30.00048154866049,848,478,126.6339396871001,121.72571021054704,121.4419622483545,120.27460104896439,107.35225418724171,133.79449159517634,37.31110676128761
side_person6.mp4,side,420,14000,30.00048154866049,848,478,127.67982120099154,122.8716785871832,122.09964009365112,120.11608893420998,102.67356274247753,131.3836443087339,37.57606741403749
side_person6.mp4,side,421,14033,30.00048154866049,848,478,126.34439442627814,126.8080879958872,120.59340921939105,120.60240843536059,95.85541761145079,130.15418990114574,37.627445996839946
side_person6.mp4,side,422,14066,30.00048154866049,848,478,126.51319211375777,128.30795706969363,120.00497730692213,120.34103151978209,97.65575322389847,128.84072947994457,38.600077977291846
side_person6.mp4,side,423,14100,30.00048154866049,848,478,117.55987378306963,127.43614378998824,110.63142027120865,119.7690002876805,99.30259553894523,134.20770533257155,40.243921789560225
side_person6.mp4,side,424,14133,30.00048154866049,848,478,116.87379641627543,127.53622025252525,108.74792029414652,118.65654175414065,97.84458220625635,133.85852108483843,41.001548637415745
side_person6.mp4,side,425,14166,30.00048154866049,848,478,112.22847255211353,122.2621093247433,102.98891595897864,116.54881422231756,100.11095069304402,132.274039114055,43.922103964282314
side_person6.mp4,side,426,14200,30.00048154866049,848,478,113.93373088822695,123.1165634418942,105.23650511623127,117.57384720270605,111.41239953210462,129.6163684041654,45.067235752267415
side_person6.mp4,side,427,14233,30.00048154866049,848,478,114.07003009637415,123.14322615977761,105.66904673453263,117.36974931335595,104.72111820308469,129.90705210096334,43.836285537948775
side_person6.mp4,side,428,14266,30.00048154866049,848,478,113.75549250312504,125.51043225428177,105.96986235267674,118.70256853020729,102.25913415430239,133.06259688306935,44.14538028665801
side_person6.mp4,side,429,14300,30.00048154866049,848,478,111.10534979655365,129.68907268027533,103.08263340076346,120.62423606514864,103.0181990378298,136.2299452997123,43.933510102299365
side_person6.mp4,side,430,14333,30.00048154866049,848,478,108.26836955193069,127.90002889602724,100.73537827122152,119.38333622677473,103.62378777832974,137.2860529290941,43.94013744805683
side_person6.mp4,side,431,14366,30.00048154866049,848,478,107.82997129604439,127.13842212467276,100.75728446468551,118.61515707582049,110.59504538237579,137.17996940255102,43.57695307064308
side_person6.mp4,side,432,14400,30.00048154866049,848,478,110.09102592908582,126.83781223244756,104.05170729721245,118.34687041566194,110.99417884929996,140.0669445501641,43.887553761212686
side_person6.mp4,side,433,14433,30.00048154866049,848,478,111.26782923312555,126.7466202765335,105.88256671667583,117.88280973298532,110.47992192753736,140.52774955618145,43.55407507931464
side_person6.mp4,side,434,14466,30.00048154866049,848,478,112.46844998768162,127.31641386531359,108.37584962617653,117.31322688657609,115.16579224237034,141.20338959236727,42.955550706578144
side_person6.mp4,side,435,14500,30.00048154866049,848,478,110.56316364196785,131.4401337302032,106.72941224031717,117.64416868371993,111.092640397558,143.622406425179,42.72030736464001
side_person6.mp4,side,436,14533,30.00048154866049,848,478,110.55761335605246,129.42511632663124,106.83404895491128,115.87615448574589,113.91593433371582,141.74956481544066,41.49446755925397
side_person6.mp4,side,437,14566,30.00048154866049,848,478,109.418530609539,130.45497703270266,106.22854427562399,115.97842969447217,115.19867686744126,143.43576239103146,41.4471252325394
side_person6.mp4,side,438,14600,30.00048154866049,848,478,109.2941993021842,128.62172086687573,106.13679365959054,114.01126173311062,113.06688801035767,141.61737790611863,40.69498583585541
side_person6.mp4,side,439,14633,30.00048154866049,848,478,109.6021716063525,127.7769045029468,106.3725267024273,113.07464794580058,116.70221405643258,142.0068732427269,40.251865384247424
side_person6.mp4,side,440,14666,30.00048154866049,848,478,109.65443141831133,127.09893755806544,106.40056671919282,112.56700611724358,116.03275324562007,142.23704714065033,39.69745884688801
side_person6.mp4,side,441,14700,30.00048154866049,848,478,109.50200751165872,127.24114624302325,106.34312717137117,112.89219371504585,116.68375728080686,142.93319420011153,39.83666948564083
side_person6.mp4,side,442,14733,30.00048154866049,848,478,108.84008951266044,128.75728127023243,105.42181604506796,115.51657123198069,115.1035645064118,144.0607274938588,42.659036956946515
side_person6.mp4,side,443,14766,30.00048154866049,848,478,108.27644407224692,129.0610380374472,104.87010011100038,116.31145338234705,115.14818245222294,144.08447721110568,42.62856900580268
side_person6.mp4,side,444,14800,30.00048154866049,848,478,108.53435169632007,128.99374100148526,105.69187091480656,114.57914423010784,120.38552715137497,144.99624805539307,41.09011459358674
side_person6.mp4,side,445,14833,30.00048154866049,848,478,109.97902215002058,129.06171079425727,107.38766154424128,113.9667720224262,119.03335978908763,144.8468529750613,40.31253175121398
side_person6.mp4,side,446,14866,30.00048154866049,848,478,109.7803430096011,128.59604378523483,107.06051232672048,113.99172262120261,116.61117135229954,143.9930759682085,40.31034403910168
side_person6.mp4,side,447,14900,30.00048154866049,848,478,108.03712712938153,129.39889394474937,105.35984682322552,114.72628164678436,112.81334957582754,143.1098967857707,41.06341304163132
side_person6.mp4,side,448,14933,30.00048154866049,848,478,108.17346934404729,125.37687045291972,105.4142438394536,112.37082869117879,115.00088392783576,142.86906118289508,39.054732834337116
side_person6.mp4,side,449,14966,30.00048154866049,848,478,108.04807594009623,123.3232790765241,104.86169820150299,113.33757770624393,118.37264763708274,139.6640913753424,39.16770675710134
side_person6.mp4,side,450,15000,30.00048154866049,848,478,108.06346361327336,123.67409685056694,105.24759336175005,114.66096475537822,118.22028376440635,140.49702880681784,39.842481926080985
side_person6.mp4,side,451,15033,30.00048154866049,848,478,108.92082905896376,124.45304783539422,105.7077862933039,115.25775619275603,116.07064107337807,140.2322289070447,40.011924584178814
side_person6.mp4,side,452,15066,30.00048154866049,848,478,109.06264153205085,123.97127938335477,105.27849538807907,114.62140332982656,114.00526663487257,138.99054539629563,40.25575061538895
side_person6.mp4,side,453,15100,30.00048154866049,848,478,110.53279646263991,121.3416418005945,105.78825150025756,114.52083206831337,113.6557255549578,137.45442509147546,40.1864702119758
side_person6.mp4,side,454,15133,30.00048154866049,848,478,112.45783339261618,117.38997767044803,106.50428384749938,113.41553329107859,111.40523207005135,130.76144216164158,38.61154826324698
side_person6.mp4,side,455,15166,30.00048154866049,848,478,114.90622928131617,117.74045151411104,108.53461985866967,114.33008540091274,111.22926523694447,131.04607599660247,36.811064459180265
side_person6.mp4,side,456,15200,30.00048154866049,848,478,117.17579176401726,118.09198268803951,111.09585234010814,116.42421468158015,111.06405341284513,131.9438064834459,36.65953057788207
side_person6.mp4,side,457,15233,30.00048154866049,848,478,120.34556642286901,120.23903024601869,114.99509083428157,117.57960961695215,110.0027811092002,132.1487262610745,36.25489393273325
side_person6.mp4,side,458,15266,30.00048154866049,848,478,122.93992469937015,121.09472366205434,117.23707708411756,120.8287222466892,99.6925019376717,129.3304392582272,36.199628126086225
side_person6.mp4,side,459,15300,30.00048154866049,848,478,127.1450795780715,125.26039709722326,121.32431864467722,125.50260557301937,102.64266046727931,128.3838067903082,34.68185931025608
side_person6.mp4,side,460,15333,30.00048154866049,848,478,124.50945849348254,123.60596232722881,116.98999371101931,128.33240661582448,98.58735514373683,126.69330042676113,33.34038135326184
side_person6.mp4,side,461,15366,30.00048154866049,848,478,128.5752690860014,129.6290521445405,121.95917610818074,132.4042512926422,108.02020362580636,134.35177143683975,32.20558420704048
side_person6.mp4,side,462,15400,30.00048154866049,848,478,134.501004837299,140.88412141711873,130.24354409604203,129.47940833525308,104.45603616296782,139.61404340728953,24.12541382564059
side_person6.mp4,side,463,15433,30.00048154866049,848,478,134.80353156044876,132.55104834668504,133.88106358560344,134.66848263793167,101.14241384577561,126.30629367261223,20.243231031403976
side_person6.mp4,side,464,15466,30.00048154866049,848,478,137.44104815222826,133.65538523070404,137.85011987782954,139.20590697689738,102.98778698768882,125.7254124681779,20.628665127405128
side_person6.mp4,side,465,15500,30.00048154866049,848,478,141.3847072709675,137.23858914134732,139.80424258125396,144.33557536128467,100.00940944514176,119.5221337044943,22.88310057507157
side_person6.mp4,side,466,15533,30.00048154866049,848,478,148.00126867951846,140.28721360127497,142.63686557323626,145.98581286812268,87.93980405480318,115.80081979447976,22.5920072310394
side_person6.mp4,side,467,15566,30.00048154866049,848,478,152.0576484204634,152.73966393201437,145.80399612880765,138.68305776650817,88.6776325235484,116.85953984147604,22.143443811971004
side_person6.mp4,side,468,15600,30.00048154866049,848,478,157.30605299446,155.07341620568866,146.36664188983664,142.06290695067375,88.64833483452193,118.85210058245792,23.437700845685985
side_person6.mp4,side,469,15633,30.00048154866049,848,478,161.78949554321565,157.06823494065821,145.60375962983778,142.92185889923644,93.02257483220326,111.00042888817761,23.301288210731908
side_person6.mp4,side,470,15666,30.00048154866049,848,478,163.0442213387786,159.24253516469844,149.33222957330827,141.54312927427276,93.51522411904897,95.71689504151955,19.215913552449344
side_person6.mp4,side,471,15700,30.00048154866049,848,478,165.52056385272212,163.6998948252038,151.70837978523315,141.46308110814502,92.62759178998765,88.45804167562396,19.971835448741032
side_person6.mp4,side,472,15733,30.00048154866049,848,478,169.00197759494557,168.71284838029896,154.563786277588,140.00762073755772,93.97539000327815,83.78208272382739,19.817770744915165
side_person6.mp4,side,473,15766,30.00048154866049,848,478,170.7474329302807,170.1135541272994,156.17146113147393,139.601082074512,94.26108362991444,81.24526165725003,20.264576821563058
side_person6.mp4,side,474,15800,30.00048154866049,848,478,173.42137942454409,173.17467467600525,156.97871377355378,138.0287853353167,97.20564683492779,86.01483178639806,19.87584025086546
side_person6.mp4,side,475,15833,30.00048154866049,848,478,174.7745907337869,174.1841462858656,158.3517452230359,135.38288047899863,99.1097199762462,89.07635669591274,19.704220922360964
side_person6.mp4,side,476,15866,30.00048154866049,848,478,175.7548422161138,173.9170353589941,157.88082743024847,135.49303094879193,103.81259298472342,89.3887093178194,20.212281192401605
side_person6.mp4,side,477,15900,30.00048154866049,848,478,175.4067000519223,174.1087008124025,159.14388713949734,136.46845443819782,105.74362450290917,90.43555256862919,18.87296752659319
side_person6.mp4,side,478,15933,30.00048154866049,848,478,175.23548802855575,173.69897914284462,159.8641302127194,135.5170755977065,108.06900835681073,88.17830657878298,17.07310798558273
side_person6.mp4,side,479,15966,30.00048154866049,848,478,176.9802050903284,173.86712509408378,163.05789031877956,135.65362579287475,105.50481463963246,79.725051894124,15.125497000573574
side_person6.mp4,side,480,16000,30.00048154866049,848,478,175.41903293057894,173.72719149321517,162.5467627852137,131.69288423894633,105.65068360430999,87.62210894745647,14.695026012339623
side_person6.mp4,side,481,16033,30.00048154866049,848,478,176.99075509780712,173.67591528418822,162.7083647094251,132.29987885560857,103.86244931717151,85.55673473441833,15.057595759131724
side_person6.mp4,side,482,16066,30.00048154866049,848,478,177.40389676206468,173.82168814947966,162.67210030771966,133.07776586448074,102.83527153672061,85.45303735625757,15.3447964345388
side_person6.mp4,side,483,16100,30.00048154866049,848,478,176.2580688596584,174.67293339459965,163.64540900132786,130.66177791388455,101.81338620233718,92.9359792935038,16.53615851998754
side_person6.mp4,side,484,16133,30.00048154866049,848,478,178.45943668505203,174.82160329907023,164.9262974906715,132.47940873625603,98.20881781222252,69.55193457881285,17.579714126061827
side_person6.mp4,side,485,16166,30.00048154866049,848,478,178.37066900557087,175.45715552477628,163.65520198954826,135.08460390094393,100.40605233936725,81.02478331082477,18.724485950065
side_person6.mp4,side,486,16200,30.00048154866049,848,478,179.7849663254967,175.3546902347852,163.87816363016736,136.21488637901217,97.20950621617534,71.56837500046164,19.722875626657043
side_person6.mp4,side,487,16233,30.00048154866049,848,478,179.74415653863423,176.09259405551694,163.79487912538775,137.16674676387677,96.87359991294929,73.90338423959284,19.848199364389696
side_person6.mp4,side,488,16266,30.00048154866049,848,478,179.16501039740322,175.7550377837106,163.7497837616682,137.16241685062343,98.47227228820552,76.56320873291575,19.977969755818467
side_person6.mp4,side,489,16300,30.00048154866049,848,478,179.446401786316,175.95340372174437,163.4251819427623,137.3159764258755,98.99516927250983,76.9086934751993,19.993251282268876
side_person6.mp4,side,490,16333,30.00048154866049,848,478,179.38908394995812,175.84809607187586,163.22955666284585,137.7094259439254,99.6775015227406,77.43657773015659,20.058732045000536
side_person6.mp4,side,491,16366,30.00048154866049,848,478,179.47469171296964,175.60896745643467,163.52171113703432,137.65752620166575,99.81868256531784,78.31219501062165,20.0285332769605
side_person6.mp4,side,492,16400,30.00048154866049,848,478,178.49301725350526,175.71362240762053,164.0660483184083,138.05134578063763,100.98245656777864,75.65666311180681,18.73127343106339
side_person6.mp4,side,493,16433,30.00048154866049,848,478,179.2621807734517,175.50794780632017,163.94033628516388,138.6925512622967,100.41387016170424,76.15263773075316,19.30614722697119
side_person6.mp4,side,494,16466,30.00048154866049,848,478,179.0298285819788,175.4163460518144,164.1645056720242,139.4759426611538,100.96972515723134,76.6891014660353,19.021992569884663
side_person6.mp4,side,495,16500,30.00048154866049,848,478,179.90388516033195,174.45044069497607,166.24497610804997,140.2317545195382,99.16760069431575,79.83062501090086,19.04881222004491
side_person6.mp4,side,496,16533,30.00048154866049,848,478,179.34578975403747,173.91521458406027,166.339056728313,139.70010722743945,97.32301778728706,80.74424594929918,18.54671154238993
side_person6.mp4,side,497,16566,30.00048154866049,848,478,176.80490438351745,172.78791503488097,164.71752064670835,137.80119327598973,100.75782989260726,88.34736307690997,18.39789366876726
side_person6.mp4,side,498,16600,30.00048154866049,848,478,176.6241844854896,173.22839638580407,163.1197048073726,136.76937077496106,100.1048513514334,87.91284885483324,19.044318744364826
side_person6.mp4,side,499,16633,30.00048154866049,848,478,176.8941911965043,173.76958053850106,162.60786166354845,137.5629904253932,99.38335711562503,84.18344053220923,19.042593670453154
side_person6.mp4,side,500,16666,30.00048154866049,848,478,177.1661664524879,173.4238641861191,162.439443785613,137.32110951834386,97.73478136208891,83.92547102998736,19.04016652849936
side_person6.mp4,side,501,16700,30.00048154866049,848,478,176.71356393107814,173.54520038866784,161.69551230406563,137.36880585924405,97.22251985188178,82.57864583550804,19.13024572470271
side_person6.mp4,side,502,16733,30.00048154866049,848,478,176.29038605078395,173.0976565446677,161.19387291419378,137.0465399716988,96.97337804524435,83.25371099604031,19.282222198559573
side_person6.mp4,side,503,16766,30.00048154866049,848,478,173.3413997022345,173.19841476967966,162.53557021836582,136.97562555760126,92.61038873453867,81.83520143825906,19.111241352539587
side_person6.mp4,side,504,16800,30.00048154866049,848,478,173.49785638290766,173.2668510233879,162.41801529185025,136.15895253601357,92.03667183264905,82.86669930459307,18.774450966168743
side_person6.mp4,side,505,16833,30.00048154866049,848,478,172.9807498321933,173.83773499307551,162.65458772033762,137.62146496487105,93.49020921906566,76.11041514949659,18.343471483024462
side_person6.mp4,side,506,16866,30.00048154866049,848,478,172.26423552524827,173.3366973751193,162.13732892780254,138.98860755622047,94.36897086144923,80.0969162757655,18.23312468917026
side_person6.mp4,side,507,16900,30.00048154866049,848,478,171.10555618321794,172.90751662457504,159.92162068036285,140.44025309804908,92.9549693385139,77.44594689450317,19.74708072741751
side_person6.mp4,side,508,16933,30.00048154866049,848,478,170.20709740358015,172.2588051218842,159.3456648749352,139.46315785935252,91.84337371786924,78.02010214020868,19.904767412128997
side_person6.mp4,side,509,16966,30.00048154866049,848,478,168.4650825680637,169.27388152798747,157.922646489736,144.37498378427244,93.39270832662443,91.06154866745523,18.271848228858904
side_person6.mp4,side,510,17000,30.00048154866049,848,478,168.1855484430527,166.9229139271797,158.05966160923967,146.4869838332837,93.01605516116466,87.02419325617255,16.54255214316677
side_person6.mp4,side,511,17033,30.00048154866049,848,478,169.03213607749652,166.6298305816275,157.29111349486072,143.01067597820335,93.07745568197166,84.49583107835886,17.52763392444858
side_person6.mp4,side,512,17066,30.00048154866049,848,478,164.86128168221052,158.0540512643963,154.1513602483453,153.70684647336287,91.85098716843532,87.28132101243811,17.889509415189096
side_person6.mp4,side,513,17100,30.00048154866049,848,478,165.89604432491586,163.713418116292,155.7323565163072,149.28708498451832,93.27778943858172,122.70913843390974,19.12441159741262
side_person6.mp4,side,514,17133,30.00048154866049,848,478,166.0317086604988,164.89922373533037,155.15567295060038,144.6638981916401,92.89329539188142,128.0954636271841,19.306525761021092
side_person6.mp4,side,515,17166,30.00048154866049,848,478,162.13294715508636,160.80794293948844,152.52358467840617,146.49527271530482,92.25058923771708,115.90582387356353,21.423361668924777
side_person6.mp4,side,516,17200,30.00048154866049,848,478,163.82795653936086,158.31748683453054,152.00494280544794,143.90745123671365,102.37167744046228,108.4457124816901,18.757802644768095
side_person6.mp4,side,517,17233,30.00048154866049,848,478,162.36020052141066,158.34149273606317,150.5940292672413,140.50988701127503,99.00937572430996,103.91221419815004,18.683340888799666
side_person6.mp4,side,518,17266,30.00048154866049,848,478,159.45169661690537,153.54951013846897,149.6406277064079,139.85819324129653,99.97357401405522,114.20799774034354,18.304218900436148
side_person6.mp4,side,519,17300,30.00048154866049,848,478,158.24200787444332,153.88003042613002,148.2982875137061,136.80561466566107,100.4126849320282,126.04228522479349,18.469420037378537
side_person6.mp4,side,520,17333,30.00048154866049,848,478,156.7331239578694,153.59894541699157,146.4856301675211,134.08804266602218,100.28097428659126,129.10339476705812,17.849413517599537
side_person6.mp4,side,521,17366,30.00048154866049,848,478,152.02635973399805,145.42571033229868,145.03346000332638,138.57369890827547,103.7728327643915,132.9854572881893,17.466801069661244
side_person6.mp4,side,522,17400,30.00048154866049,848,478,149.38847041773764,142.18334921645868,143.80507548975652,139.32544385037875,105.17650748830185,133.17845311779308,17.643698348329583
side_person6.mp4,side,523,17433,30.00048154866049,848,478,147.49372177702506,137.8701956819399,141.78258680744358,141.39665622177256,98.00743528099122,133.24455438862034,17.92335174664649
side_person6.mp4,side,524,17466,30.00048154866049,848,478,145.64462988302614,135.74053555808698,140.1310287420314,140.34065150023355,109.53188863441731,137.23642663028505,17.147669017448898
side_person6.mp4,side,525,17500,30.00048154866049,848,478,142.67567617489718,134.16674861216188,138.25060280222988,139.62428547195302,113.60114694137638,136.89784027293578,17.748395554556502
side_person6.mp4,side,526,17533,30.00048154866049,848,478,141.1610973655631,137.98551604330706,135.66889425260288,140.49264763106083,107.39434865174175,142.17339211701605,25.329617406736123
side_person6.mp4,side,527,17566,30.00048154866049,848,478,136.28159196230618,134.4201187588284,130.3961687445751,140.39745500911192,105.2075076684359,136.14442742890873,29.491368090093697
side_person6.mp4,side,528,17600,30.00048154866049,848,478,137.1455885331527,135.02644945287136,128.01551440441582,138.1302605629986,104.06825307240666,135.84332038042672,29.098457765380697
side_person6.mp4,side,529,17633,30.00048154866049,848,478,136.65993958186115,135.12911184566846,126.00528717552402,136.50655023215518,95.55110290202255,134.7925361025973,30.933338784432557
side_person6.mp4,side,530,17666,30.00048154866049,848,478,136.50235311639184,134.39796470858667,124.35550242426503,135.18156599267112,91.33652333459226,129.87523033864778,34.35784758697724
side_person6.mp4,side,531,17700,30.00048154866049,848,478,135.87988159837155,134.77125910278272,122.80376124137642,133.48056734310023,91.02150164048494,128.716732070356,34.634738058254925
side_person6.mp4,side,532,17733,30.00048154866049,848,478,132.83613792118283,129.66602383305639,119.98876043516991,130.8072937515113,90.93215789368723,125.33442198192317,36.006539864518025
side_person6.mp4,side,533,17766,30.00048154866049,848,478,133.03463159074323,131.31112479206556,119.73058088417609,129.93412301038097,89.57727853046589,124.00337025932379,37.349824682296536
side_person6.mp4,side,534,17800,30.00048154866049,848,478,131.397673131551,130.0811693258744,118.8863649506076,128.4549268337184,91.23798634316738,124.64920115867483,37.68167386994556
side_person6.mp4,side,535,17833,30.00048154866049,848,478,128.79424730388888,128.8516149258879,118.23503685796527,127.16891801799626,89.17197073645484,129.72315460452998,39.52858660753948
side_person6.mp4,side,536,17866,30.00048154866049,848,478,126.88418416777077,128.3291057886685,117.28414379510323,126.66455754124597,90.12038476108721,130.88670086249923,39.675254584047075
side_person6.mp4,side,537,17900,30.00048154866049,848,478,124.11254737388396,122.5435265894951,116.29696968054056,123.02871145091757,95.59662787539276,130.27473122717717,38.873268560347164
side_person6.mp4,side,538,17933,30.00048154866049,848,478,123.82343593433384,123.30212233256407,116.14403528202368,121.94593361768224,94.83209527855281,134.02782971338598,38.27854438170748
side_person6.mp4,side,539,17966,30.00048154866049,848,478,126.23194979381803,126.09895214279932,118.01885585296999,122.39604008609669,95.43989074751818,131.00315557038041,39.086168386360015
side_person6.mp4,side,540,18000,30.00048154866049,848,478,125.14048664231568,129.73382927957914,116.34246117500882,122.23762577293566,98.56825535414774,129.7941424046415,39.35484763416302
side_person6.mp4,side,541,18033,30.00048154866049,848,478,124.50302667430653,129.0741053603091,116.57095428734951,121.0921285220752,98.33785859898583,126.93932812412184,39.42940861183823
side_person6.mp4,side,542,18066,30.00048154866049,848,478,119.98758069018109,127.42164602610433,110.94824206244661,120.1262134740945,94.7338709988779,131.24400938388345,40.24546106290707
side_person6.mp4,side,543,18100,30.00048154866049,848,478,120.78381445017473,127.32796370168602,112.32006853197447,120.67055922102081,98.58257848792839,133.78324590342535,40.28942506697082
side_person6.mp4,side,544,18133,30.00048154866049,848,478,119.68032344247621,129.0100702092119,111.76955975452182,120.67792695640247,98.38456766576438,133.01983314532816,40.22903912560553
side_person6.mp4,side,545,18166,30.00048154866049,848,478,117.75240088403599,127.57921163489455,110.64690109322287,119.62796959783199,99.73018240890512,126.72625880385526,39.859803038881765
side_person6.mp4,side,546,18200,30.00048154866049,848,478,113.88910477909057,127.24389303683566,106.96565022125958,118.7560143376039,102.08452428725434,133.28828239906983,39.89422614911315
side_person6.mp4,side,547,18233,30.00048154866049,848,478,112.48475066987423,125.19175168270388,105.89765443204534,119.43412071761884,105.99448131530468,138.6419096311507,40.253142283922145
side_person6.mp4,side,548,18266,30.00048154866049,848,478,107.7515745317545,125.7251850047932,99.72631418716493,118.61306056694917,102.23945806441942,137.7410299122488,40.46493957860423
side_person6.mp4,side,549,18300,30.00048154866049,848,478,109.15869502654262,124.73510950700866,102.28726415010892,117.72993960131032,109.9782517304697,136.6046326533138,40.25470543490323
side_person6.mp4,side,550,18333,30.00048154866049,848,478,108.45411888917059,123.55168259375601,103.22078836119167,116.56490983216943,114.94887584030072,143.32530437686273,39.455870725659345
side_person6.mp4,side,551,18366,30.00048154866049,848,478,108.26750354753987,124.65845561784842,103.51836026193682,115.9412948050229,113.5659689330174,144.34055695137272,38.92952319361043
side_person6.mp4,side,552,18400,30.00048154866049,848,478,107.2777427724591,129.34465848414152,103.45565925596391,116.47682653883201,112.71803469503041,144.16099525656773,38.447207979357906
side_person6.mp4,side,553,18433,30.00048154866049,848,478,104.7555946303304,127.81640742288157,100.56608273881011,115.80456959875713,109.00161767041294,140.81726003758828,38.95989939454504
side_person6.mp4,side,554,18466,30.00048154866049,848,478,102.35227862492134,126.75224853942643,98.55482480164808,115.95552757647555,111.11866931909573,141.69475866555396,39.67947263579727
side_person6.mp4,side,555,18500,30.00048154866049,848,478,100.17812177072196,130.3274868520884,98.14225396750206,116.37137963651715,113.6327571709813,143.05843451872616,39.20926670150595
side_person6.mp4,side,556,18533,30.00048154866049,848,478,98.94370094069131,128.83699558718038,97.64020157796078,114.47067583175505,113.2909327484195,143.10497159138907,38.31144962862633
side_person6.mp4,side,557,18566,30.00048154866049,848,478,99.33703023310007,128.51329668149396,98.72517966432339,114.53046684823182,115.28884434116392,144.57551407095232,38.68055148086355
side_person6.mp4,side,558,18600,30.00048154866049,848,478,98.677000210056,127.9919656717953,98.02833823846134,114.05591706636775,112.63926378194913,143.39499949007416,38.483517439442274
side_person6.mp4,side,559,18633,30.00048154866049,848,478,98.99359331685939,127.64917692179762,99.16628485388955,112.2489024711506,117.90933044636769,145.76196534194025,37.56054599360414
side_person6.mp4,side,560,18666,30.00048154866049,848,478,98.32393579982666,129.14978604160922,99.01495061974343,112.54852107328644,116.54138264845021,145.49905501844069,37.496121943170486
side_person6.mp4,side,561,18700,30.00048154866049,848,478,91.96180428109624,130.56128119757713,92.67796429591746,112.13381423359391,111.5522163406604,144.07912697761833,37.73137121637316
side_person6.mp4,side,562,18733,30.00048154866049,848,478,92.53431535030045,129.16413872685493,94.13341785195963,110.94334018475804,118.33054705183513,143.9994006175644,37.54717238863184
side_person6.mp4,side,563,18766,30.00048154866049,848,478,92.70974620108446,131.78344641184165,94.47237162751723,111.76982502993829,117.46381071823059,147.81770171808543,37.62587657856401
side_person6.mp4,side,564,18800,30.00048154866049,848,478,92.58555190862285,130.78953981619745,94.50484236543294,111.12383456828131,117.46530055344968,146.29562295500986,36.41592994653334
side_person6.mp4,side,565,18833,30.00048154866049,848,478,94.74517521421151,130.8312021320378,96.63876831686534,110.93108874523324,117.92081411924933,148.10289294288415,36.156189988207664
side_person6.mp4,side,566,18866,30.00048154866049,848,478,95.44154950841876,130.81881590077924,97.43863412245409,110.58763828112082,116.72499478370445,148.07546537594595,36.090939079592516
side_person6.mp4,side,567,18900,30.00048154866049,848,478,95.94476004925524,130.52056634363947,97.8331861785321,110.76281277307439,119.42624023586397,148.15101781833573,36.092840543747485
side_person6.mp4,side,568,18933,30.00048154866049,848,478,96.05202541530545,132.01468736349244,97.67985550201831,110.77362649217781,117.80012974754597,148.18435027460885,36.154468501921855
side_person6.mp4,side,569,18966,30.00048154866049,848,478,95.63934176694043,131.41607459088877,97.29466137206104,109.98664787539506,114.13366896399762,147.59894497930082,36.18206188532955
side_person6.mp4,side,570,19000,30.00048154866049,848,478,98.60685374527053,131.35578501467114,99.64792900652756,109.87394599083409,119.57150089033534,146.64725001011826,35.9433752290458
side_person6.mp4,side,571,19033,30.00048154866049,848,478,100.62138028238468,131.09570414078348,101.21996712201188,108.98096707836746,116.98593972703655,144.4296113733053,35.474661650749674
side_person6.mp4,side,572,19066,30.00048154866049,848,478,100.70362137270227,129.89165677532588,101.01353646192861,108.42179843628135,111.79734142595068,143.1759943100983,35.54508028974425
side_person6.mp4,side,573,19100,30.00048154866049,848,478,101.16082554724217,129.92020321503966,101.37231573537403,109.56184272675554,114.93298575278116,142.35195198682888,36.21707130527689
side_person6.mp4,side,574,19133,30.00048154866049,848,478,101.97034288504904,130.24389514762623,102.07855245488858,109.7696241526518,113.04156146207252,141.8778987272297,36.022656113297124
side_person6.mp4,side,575,19166,30.00048154866049,848,478,100.52435984072085,129.487429013683,100.79870183397807,110.54173094051973,112.27619194687415,142.22951255265212,36.40671408528709
side_person6.mp4,side,576,19200,30.00048154866049,848,478,101.5860168926104,128.77960652042776,101.63672258581747,111.61609656634485,111.34436144027813,136.96095961102426,36.495989208793965
side_person6.mp4,side,577,19233,30.00048154866049,848,478,103.90865138820655,128.00120608676963,103.48108971455993,111.10194801324023,115.65305020332974,139.29236693143258,35.31367580878228
side_person6.mp4,side,578,19266,30.00048154866049,848,478,106.729069133018,126.3562769192567,105.5293155849535,112.66027135565447,115.76468034781081,140.50470826514325,35.796709858753104
side_person6.mp4,side,579,19300,30.00048154866049,848,478,110.8432983396033,122.10164894647109,108.54391181234784,113.51909169840677,112.1392635681388,139.41912314793552,35.23058374369003
side_person6.mp4,side,580,19333,30.00048154866049,848,478,112.02647052719009,120.19559781241257,108.63629265642652,113.98429632987622,114.62332122341297,136.12834793533293,33.49326841628628
side_person6.mp4,side,581,19366,30.00048154866049,848,478,113.73047802885537,117.98709733737242,110.6128365271189,114.74056227009771,118.00450140609396,136.85101695093027,32.66846434174267
side_person6.mp4,side,582,19400,30.00048154866049,848,478,117.04387470576057,120.75758759324415,113.81384200568256,115.98045513183868,115.8089119258503,136.93166364386315,32.90166723905541
side_person6.mp4,side,583,19433,30.00048154866049,848,478,119.4705615011629,123.67534173013087,117.85593473834386,118.1871731147815,112.1957209258644,136.1933687168696,34.13941753978363
side_person6.mp4,side,584,19466,30.00048154866049,848,478,120.60014671013224,126.10067370825271,119.87921725842125,121.75814547166608,108.52838681541512,132.88499917960723,35.22638506782011
side_person6.mp4,side,585,19500,30.00048154866049,848,478,120.01654762237447,126.29667165684248,120.38907125634809,125.7445797718878,106.96345967427455,132.76933713954168,35.72613042894485
side_person6.mp4,side,586,19533,30.00048154866049,848,478,118.2408969488972,120.30607427659227,119.71803715422175,128.05212323842545,98.15302711718232,125.68863333458421,34.75237501993137
side_person6.mp4,side,587,19566,30.00048154866049,848,478,121.62872477295399,121.11257165779963,119.12187511134142,131.06808908814926,93.52132513658287,127.36281691757003,34.89203691070001
side_person6.mp4,side,588,19600,30.00048154866049,848,478,133.7215130146593,141.4254499776386,130.20810585794706,130.62603690696704,82.78805134469954,135.75962259599572,30.765562593974124
side_person6.mp4,side,589,19633,30.00048154866049,848,478,137.20817850201783,142.23384666253185,134.32223811340137,128.55627579340606,98.04850718253321,137.53915559435944,24.506979239339266
side_person6.mp4,side,590,19666,30.00048154866049,848,478,136.7324760565637,133.87347378542066,137.63224896452505,133.27551718054355,105.36867659362193,141.91587742235043,20.75100285237119
side_person6.mp4,side,591,19700,30.00048154866049,848,478,140.5952813704823,133.16156540696917,140.0415678600602,137.35861805645072,108.94747035733651,139.45845746585016,20.910585684846406
side_person6.mp4,side,592,19733,30.00048154866049,848,478,142.97511717418018,134.06771987971524,142.43702128414995,140.59817694820404,107.63669547067964,136.97113058263727,19.974805697343527
side_person6.mp4,side,593,19766,30.00048154866049,848,478,146.4480216568887,143.13467696531163,144.67406174094708,140.0892653000714,107.63996291071373,124.37094102742145,21.019592132496467
side_person6.mp4,side,594,19800,30.00048154866049,848,478,150.6177836157984,148.37683449376465,146.16839661845106,137.63131677735942,100.32498543486288,111.27147099822977,18.264951833688833
side_person6.mp4,side,595,19833,30.00048154866049,848,478,155.09073473833746,152.4412696183761,148.4937966350319,137.16695816080008,97.85482764108261,108.87659671883694,17.742763509741163
side_person6.mp4,side,596,19866,30.00048154866049,848,478,158.337945426754,154.04428353344403,149.50570474046745,141.02965841920036,98.85587130595952,101.51639613391735,18.71730469890828
side_person6.mp4,side,597,19900,30.00048154866049,848,478,159.29065007154264,155.26189697676486,147.35172353583675,143.93400763559936,95.76066593541303,94.74847929870353,20.018327539750548
side_person6.mp4,side,598,19933,30.00048154866049,848,478,161.08089521975128,157.5603241184455,147.31151490647773,146.5938689017831,96.04011267423854,94.81878262363543,20.356356768434065
side_person6.mp4,side,599,19966,30.00048154866049,848,478,160.42876661948657,156.89634922528896,146.44040564300798,153.5012183319562,93.62436776147807,92.29411771953696,21.26769854458558
side_person6.mp4,side,600,20000,30.00048154866049,848,478,160.54088289859303,166.46922115837222,148.11571541542688,150.81083699212599,91.29614235839277,88.02157991828818,22.309826694934664
side_person6.mp4,side,601,20033,30.00048154866049,848,478,167.7505541166385,170.997974534666,148.58440789433033,141.78480940849437,96.15130558699914,85.74253642261527,23.698536093953514
side_person6.mp4,side,602,20066,30.00048154866049,848,478,171.9164557620503,173.17182771859927,148.53592749608282,140.48850198914226,100.37842394920179,85.36670303395425,25.059166465714977
side_person6.mp4,side,603,20100,30.00048154866049,848,478,170.94141522458875,174.0729176861039,151.34330828507527,141.3726451606229,98.85393759028574,85.01383871479707,23.87990342591867
side_person6.mp4,side,604,20133,30.00048154866049,848,478,173.2711357385182,173.72872039900014,154.62921457274442,141.18009972866471,101.06056340366243,81.71658552281139,20.59911100564089
side_person6.mp4,side,605,20166,30.00048154866049,848,478,175.48426328337442,173.28010373550453,157.1616867232032,140.65697056035026,103.24201034147451,79.76053138094323,18.600323519381234
side_person6.mp4,side,606,20200,30.00048154866049,848,478,176.57133353425746,173.26491541691547,157.76316247231227,138.00814383522956,103.21680782697143,78.27320935657944,17.69002146005456
side_person6.mp4,side,607,20233,30.00048154866049,848,478,177.0742693966765,173.27615249272947,158.88526728552674,136.49126847163498,104.53979513605766,83.8540255938737,17.078637117949445
side_person6.mp4,side,608,20266,30.00048154866049,848,478,178.61320670919545,172.63417614056806,159.7835065027467,137.87444253378905,103.4421738423197,83.12779521876027,17.27623250918826
side_person6.mp4,side,609,20300,30.00048154866049,848,478,178.37470743606912,172.39922354628237,160.34457682229316,137.20421233439185,100.76621365802369,83.9192900233396,18.507665664352153
side_person6.mp4,side,610,20333,30.00048154866049,848,478,177.71582890426916,173.38243687639286,161.5296673633595,133.5750810771732,101.75515988054038,88.85922463565461,17.04165195294602
side_person6.mp4,side,611,20366,30.00048154866049,848,478,177.80142475182265,173.1636660603105,161.6013927073409,134.25238532103577,103.23794007369506,85.62831206715738,17.168069183312845
side_person6.mp4,side,612,20400,30.00048154866049,848,478,178.59152238870044,173.1277172503077,163.38531242591165,135.00698988067293,99.9221963077227,86.02957906984862,18.407963405063676
side_person6.mp4,side,613,20433,30.00048154866049,848,478,178.4022045666097,173.06644107483686,165.50508311454016,135.75575781812393,99.07744760922301,84.66449724381118,18.273753210573105
side_person6.mp4,side,614,20466,30.00048154866049,848,478,177.79787535983272,172.69861349523487,165.1183358724489,135.01304576693926,99.33650300622716,87.73476817306033,18.03971579896449
side_person6.mp4,side,615,20500,30.00048154866049,848,478,177.68926196145242,173.19448277324918,164.63120502156306,133.6505740151306,100.86949831884216,91.30645802711992,17.993857259373765
side_person6.mp4,side,616,20533,30.00048154866049,848,478,177.44290221166645,173.47445695108323,165.50323932594634,133.18226773843995,101.20874954735498,87.53950543615508,16.77103003231667
side_person6.mp4,side,617,20566,30.00048154866049,848,478,177.21314815997772,172.84112010464085,165.38947738884644,133.03132733641868,101.66101607461934,91.22216504737496,16.690332738574902
side_person6.mp4,side,618,20600,30.00048154866049,848,478,177.5649935416368,172.35895787440847,164.2616119581202,135.22830642757026,101.17511438117708,81.94288968242934,17.885226972497072
side_person6.mp4,side,619,20633,30.00048154866049,848,478,177.86204599600953,172.80220352613992,164.2332301646012,134.9874460712137,101.08485870022795,82.27233702109014,17.734163781677164
side_person6.mp4,side,620,20666,30.00048154866049,848,478,178.37040762025381,173.71720888025092,165.73490272108964,133.42488084805862,99.82289275659728,81.14469936713257,16.676348609978827
side_person6.mp4,side,621,20700,30.00048154866049,848,478,178.1723864587578,173.01746640589863,163.3788372860061,134.45574250081455,100.04298486749595,84.52300566565553,19.442984503875284
side_person6.mp4,side,622,20733,30.00048154866049,848,478,178.23229191703535,174.94447694315022,165.44196160091954,134.14398659818164,99.51574425968779,73.8566709533736,16.978619789398277
