video,view,frame,timestamp_ms,fps,frame_width,frame_height,left_knee_angle_deg,right_knee_angle_deg,left_hip_angle_deg,right_hip_angle_deg,left_ankle_angle_deg,right_ankle_angle_deg,trunk_angle_deg
side_person13.mp4,side,0,0,59.92261505093784,848,478,175.4385486297303,172.90680602946924,160.2989042139229,133.03490885522407,98.9907073064036,83.41489951266286,14.073786731047742
side_person13.mp4,side,1,17,59.92261505093784,848,478,176.44847815135518,172.74464772648054,159.99348377626598,134.51721122882012,98.80670889628682,85.01229398185473,15.836365620255116
side_person13.mp4,side,2,33,59.92261505093784,848,478,176.82917645380766,173.16008251841467,160.5999747661905,137.3912896714179,99.99106070339647,81.77781047961795,15.12004810719932
side_person13.mp4,side,3,50,59.92261505093784,848,478,176.93453439274074,172.1445899719937,160.71020671427033,137.2379175095375,99.71287426028788,81.91502829322616,14.992172387934561
side_person13.mp4,side,4,67,59.92261505093784,848,478,177.09634422949216,171.39769945527823,161.92419957810466,139.7793332228644,97.31983639755344,80.95039960131076,16.036388153807934
side_person13.mp4,side,5,83,59.92261505093784,848,478,177.12933466428865,170.89996579641547,161.4801559845951,140.45098737228741,96.84759327107277,80.74455904375473,16.632916483575087
side_person13.mp4,side,6,100,59.92261505093784,848,478,177.16901539660188,170.53761168262142,162.24349670339828,141.39286700066182,96.33211356389691,79.8110808458072,16.291817835175138
side_person13.mp4,side,7,117,59.92261505093784,848,478,177.251203114266,169.9522493498755,162.30620023058412,140.80857942044457,96.32044919383134,80.960734908268,16.150158791237086
side_person13.mp4,side,8,134,59.92261505093784,848,478,177.28202478903088,169.89005752270117,161.92391880128181,141.4422445598402,95.94703680495333,83.91512305504057,16.968646702924435
side_person13.mp4,side,9,150,59.92261505093784,848,478,177.28516279744926,169.6001047943323,161.91494402323497,141.09132173629413,95.96138705656547,88.25711381668864,16.96554141877067
side_person13.mp4,side,10,167,59.92261505093784,848,478,177.32790907722895,169.52392692705416,161.889846794411,140.7726742999934,96.86096232730965,88.17882123841791,16.582184526837867
side_person13.mp4,side,11,184,59.92261505093784,848,478,177.22627126060843,169.45722231537587,161.86514612863633,140.7104597327996,97.50987401463442,87.33001127921857,16.616136907120083
side_person13.mp4,side,12,200,59.92261505093784,848,478,177.39608624298293,169.49541943415764,162.10426798745863,141.81089004156607,96.24282794589375,80.59299685154504,16.788107091368655
side_person13.mp4,side,13,217,59.92261505093784,848,478,177.41191990681094,169.27862613029967,162.07673039987057,141.60654633734177,96.22524007897955,79.45384910097938,16.717831590716134
side_person13.mp4,side,14,234,59.92261505093784,848,478,177.42075154969564,169.27036613078627,161.77021574704153,140.75287299473788,95.99001738136899,83.05484162189096,17.092910120355597
side_person13.mp4,side,15,250,59.92261505093784,848,478,177.3739043835856,169.36197864735396,162.41350562450214,139.9784193895044,93.88915283047561,81.93244338446732,17.760184525451447
side_person13.mp4,side,16,267,59.92261505093784,848,478,177.52675293999576,169.50709547566782,162.453524490262,139.83319930476054,94.70029343273475,82.61184979625907,17.558746579955063
side_person13.mp4,side,17,284,59.92261505093784,848,478,177.47177928341964,169.78309027566416,162.6951777047578,140.2079601079154,94.09764055524387,80.56714409684794,17.44876886825503
side_person13.mp4,side,18,300,59.92261505093784,848,478,177.56957255453446,169.69663905786504,162.67511380587007,139.68038019763148,94.5549976554836,81.20342248727881,17.355362214663366
side_person13.mp4,side,19,317,59.92261505093784,848,478,177.52882830580054,169.8774568933321,163.13221871506906,139.6577035122222,93.85459138121594,81.30829751280514,17.3147651262673
side_person13.mp4,side,20,334,59.92261505093784,848,478,177.498029252114,170.33594812690265,164.0778893284681,140.12409189604165,92.61308133882875,78.19180400440025,17.417031933427676
side_person13.mp4,side,21,350,59.92261505093784,848,478,177.6065684697859,170.21880998221613,164.71541236007178,139.9920892983682,92.2861269688576,80.02757333382668,17.557247420502154
side_person13.mp4,side,22,367,59.92261505093784,848,478,177.7520602854425,170.41703927499987,164.5488948029688,139.74860813733397,93.07519473638514,80.4087707669791,17.42356569858207
side_person13.mp4,side,23,384,59.92261505093784,848,478,177.72298128926465,170.35572483437588,164.3405315041104,139.6526347992426,93.52007418777733,81.24432530615765,17.37484150077182
side_person13.mp4,side,24,401,59.92261505093784,848,478,177.7196666699622,170.27671333843077,164.22842099718238,139.41964346317528,93.55515421093985,82.68612324732821,17.36743903808266
side_person13.mp4,side,25,417,59.92261505093784,848,478,177.63148521028657,170.4779279740966,164.0384483622961,139.50126612362212,93.7662615528842,81.83054705177327,17.456341661633378
side_person13.mp4,side,26,434,59.92261505093784,848,478,177.5021107652958,171.04094802983937,163.7347929805524,139.71246398437634,94.31432308038913,81.82798045291148,17.408560172678403
side_person13.mp4,side,27,451,59.92261505093784,848,478,177.5141807405793,170.90815509725593,163.7150149225769,139.94029475771762,94.39705898303235,80.47599561830033,17.308638214810653
side_person13.mp4,side,28,467,59.92261505093784,848,478,177.31783947674091,170.9102422774692,163.67509220644962,139.96759053243494,94.95922756523129,81.92864648535001,17.18655596923422
side_person13.mp4,side,29,484,59.92261505093784,848,478,177.70107019654876,170.59824227092741,164.11338660567847,140.48330137534663,93.78938994782415,80.92954898223601,17.176455741785148
side_person13.mp4,side,30,501,59.92261505093784,848,478,177.6822570752128,170.57338606240873,164.3917648644829,140.7192033047458,93.86087431461499,80.00828294794036,17.379954159174133
side_person13.mp4,side,31,517,59.92261505093784,848,478,177.77630882436054,170.49556477113975,164.50028204435776,140.73230795180572,93.41806797684168,80.81979292702827,17.576671183289807
side_person13.mp4,side,32,534,59.92261505093784,848,478,177.77158187114088,170.57330191441366,164.31212888028514,140.8370877936064,93.43248806794092,81.34611639122826,17.77833667221587
side_person13.mp4,side,33,551,59.92261505093784,848,478,177.76210371602545,170.1711442895054,164.51142149878547,140.3020931977494,93.21799649665665,81.87859713485112,17.695388301024224
side_person13.mp4,side,34,567,59.92261505093784,848,478,177.68534547719085,170.00834559180487,164.84025023453498,139.83732887259558,93.53465649567111,85.08073905707616,17.653023114440973
side_person13.mp4,side,35,584,59.92261505093784,848,478,176.76584775794012,170.33154776805907,164.91622982376538,139.2370203883394,95.19181634890747,85.24042701300974,16.861621732021646
side_person13.mp4,side,36,601,59.92261505093784,848,478,177.3472673188937,170.26007463354944,164.83423178569143,139.2030066212558,94.19012843401904,86.18349932322029,17.37736779729363
side_person13.mp4,side,37,617,59.92261505093784,848,478,177.2175005618746,170.25229874155588,164.0856213736068,138.40316000518118,94.32257881423882,87.48738670715896,17.692167605641988
side_person13.mp4,side,38,634,59.92261505093784,848,478,177.20741803591758,170.0866306495381,164.18762616020427,138.3318767902551,93.21146093806964,85.97991958421183,17.729814082834118
side_person13.mp4,side,39,651,59.92261505093784,848,478,176.61637124133398,170.49468315567375,162.83140841002074,137.82149855671685,95.97640684346806,88.14738290792243,17.560273058317918
side_person13.mp4,side,40,668,59.92261505093784,848,478,176.41671235658353,171.47491868965795,162.5873175578721,138.2086860430837,96.29986054543566,87.28890442689382,17.4353806175069
side_person13.mp4,side,41,684,59.92261505093784,848,478,175.99176141534247,171.20272918305716,161.69898861746336,138.28867574272155,97.07271347014378,86.81983740011927,17.39306920790016
side_person13.mp4,side,42,701,59.92261505093784,848,478,175.60520165772445,170.78349894336304,161.66424998927903,138.06167748506812,96.63627179590159,87.27618374588454,17.50762735924944
side_person13.mp4,side,43,718,59.92261505093784,848,478,175.11954706338608,170.1666598268371,162.3377769355815,137.83754888862535,94.72185192453033,87.64474146782301,18.07982136081552
side_person13.mp4,side,44,734,59.92261505093784,848,478,174.54865225787324,170.44582630043817,162.73340089686505,137.24561356347544,94.77222069881167,88.29371209148495,17.764284615981083
side_person13.mp4,side,45,751,59.92261505093784,848,478,173.7536171195303,170.2851269188854,164.7112620516151,137.4782388216702,94.2196165074487,87.33416356173603,17.617590031570835
side_person13.mp4,side,46,768,59.92261505093784,848,478,172.95620623848325,170.09505124440017,167.58192802811087,139.355845922648,92.75486694277205,86.4053057520992,17.95031211774893
side_person13.mp4,side,47,784,59.92261505093784,848,478,172.34359025226445,170.2605097830792,169.05169318145113,139.68621578341583,92.68865993292806,84.99510782465036,17.36916527419465
side_person13.mp4,side,48,801,59.92261505093784,848,478,171.64608856675343,169.74536767335573,168.78332075865302,139.99609022778768,92.66779992792044,83.25803609627955,17.327240842877604
side_person13.mp4,side,49,818,59.92261505093784,848,478,170.8533056674749,169.13434086262134,170.64324464915168,143.43153733578532,90.6074905147608,79.57730949204368,17.33578266743606
side_person13.mp4,side,50,834,59.92261505093784,848,478,169.8585954218324,168.15224797538446,169.24034606257928,143.83973786645907,91.812559745201,75.02177088440644,17.704035393343695
side_person13.mp4,side,51,851,59.92261505093784,848,478,169.03216510524007,168.2477772028542,167.9894637116206,144.16900289466417,92.5818710700832,79.37635428583971,18.264905444640927
side_person13.mp4,side,52,868,59.92261505093784,848,478,167.7123442739929,167.98733550950064,167.92616118791577,143.0347941234281,93.05114597409155,93.574450757487,17.773373967440836
side_person13.mp4,side,53,884,59.92261505093784,848,478,166.819213926454,167.38628736649412,167.70729550279563,141.32407808666161,92.96322418191934,90.17728593624462,16.839511931088467
side_person13.mp4,side,54,901,59.92261505093784,848,478,166.12647331244875,167.18484652785278,167.44092693849458,140.57755744424634,93.6598010894429,88.61655909245096,16.53567801322903
side_person13.mp4,side,55,918,59.92261505093784,848,478,165.42480594110455,166.79841139623892,167.00061524642652,140.9849586348264,93.78422498422084,87.3106273481062,16.603588277924043
side_person13.mp4,side,56,935,59.92261505093784,848,478,164.40082446747516,166.11254152692948,165.7799498854682,141.1109463221805,93.14194318661475,87.52288447782391,16.471052121482614
side_person13.mp4,side,57,951,59.92261505093784,848,478,163.2991525260472,164.68253328413456,164.47963806001664,140.28918106287935,95.89554751796992,86.33125873470686,15.160858590208877
side_person13.mp4,side,58,968,59.92261505093784,848,478,162.53223822951378,164.28919244007503,163.577173315224,139.27881990790482,99.94849988287011,84.06882435986586,14.168271786624862
side_person13.mp4,side,59,985,59.92261505093784,848,478,161.84367447660864,164.45347027137655,163.5052384712823,138.4433262230334,97.78502948914601,82.46748570005332,13.116025685449403
side_person13.mp4,side,60,1001,59.92261505093784,848,478,160.72185106628638,163.92981799496596,163.08267398571383,136.27918012213027,99.67865836954859,88.96642387726395,10.979905853934822
side_person13.mp4,side,61,1018,59.92261505093784,848,478,159.19096702411724,161.1154022644084,161.1965635217406,140.0271253011759,100.66266508065297,91.8406554142477,10.04514945765655
side_person13.mp4,side,62,1035,59.92261505093784,848,478,156.8355074776015,159.72091565023038,158.24186246834833,140.39623483831,103.1109103188259,95.98740711616794,8.60683666580954
side_person13.mp4,side,63,1051,59.92261505093784,848,478,155.37395758237352,157.1664643665336,157.91623362347195,142.71353915994422,101.97426635760972,99.92374467805143,7.9225714175350825
side_person13.mp4,side,64,1068,59.92261505093784,848,478,153.76683667731848,158.18170953082128,154.2070637199035,138.22814320507305,109.01466164930844,105.36611003971981,7.202643187837459
side_person13.mp4,side,65,1085,59.92261505093784,848,478,152.03033047568806,157.30704257607965,152.2780473072579,135.83425013304682,109.10412591858534,109.1584879259217,5.826843185609316
side_person13.mp4,side,66,1101,59.92261505093784,848,478,150.38019557120143,156.22006019474952,150.50594395179633,135.14534223188065,108.99269938231929,120.82941348531668,5.994892220969688
side_person13.mp4,side,67,1118,59.92261505093784,848,478,148.8728693700372,156.01553337679687,148.56185227774697,133.59132050645508,110.17132854267209,120.56539482929496,6.507048818032897
side_person13.mp4,side,68,1135,59.92261505093784,848,478,146.9935786101995,155.21324120288247,149.0083966978833,133.64408494140847,105.16025281766174,125.8835114993184,7.258667717664327
side_person13.mp4,side,69,1151,59.92261505093784,848,478,145.02998611895782,154.22790447787054,147.27587808135976,131.83769795065152,106.74151825356363,125.01630993750821,7.699980793520319
side_person13.mp4,side,70,1168,59.92261505093784,848,478,142.22084724056066,149.9892095365269,145.81790203465962,135.62541595049927,104.61894654096896,127.52186323318129,8.108764088186689
side_person13.mp4,side,71,1185,59.92261505093784,848,478,140.33388390646778,146.57824726652774,144.39737100156336,136.68806945728022,103.16637376755881,128.53357851553176,8.372650905343614
side_person13.mp4,side,72,1202,59.92261505093784,848,478,138.9637859902472,143.79275441127132,143.41181016723652,136.17373241502978,106.1665111956715,129.82934796596925,8.760120070809934
side_person13.mp4,side,73,1218,59.92261505093784,848,478,135.9891197680091,134.30311145146314,140.4652821263894,142.20873589617122,104.43303002068697,128.57754336491743,9.289806510216989
side_person13.mp4,side,74,1235,59.92261505093784,848,478,134.766705758886,136.7120011154734,138.49996124404294,138.5053573295162,106.83583291762604,131.57418241591975,9.325128773861763
side_person13.mp4,side,75,1252,59.92261505093784,848,478,132.73804763076512,135.3450040414888,135.37812459326713,138.08386755374036,108.36795249626228,133.0831838054714,10.279390021346764
side_person13.mp4,side,76,1268,59.92261505093784,848,478,130.41682429289847,135.4732591641057,133.0400696578163,135.6012515414996,107.52129339676011,129.54740817678592,11.536189237297586
side_person13.mp4,side,77,1285,59.92261505093784,848,478,128.76406502544953,135.84572733977674,130.66575566260113,133.45605651343473,108.43131071167424,146.12341677346745,13.959933157052252
side_person13.mp4,side,78,1302,59.92261505093784,848,478,126.3315581694238,133.6035686655796,127.65124221638324,133.53021256149324,108.64957472428041,141.76940111519514,16.021615687845994
side_person13.mp4,side,79,1318,59.92261505093784,848,478,124.2412144878881,132.52929119287626,126.38190421747892,131.28091190766952,109.09801721100284,139.7411633703306,16.443512879531625
side_person13.mp4,side,80,1335,59.92261505093784,848,478,122.29917181376504,132.29118781241488,125.22622524060138,128.2534087100457,108.20311746890901,142.09438677276228,16.687365212069288
side_person13.mp4,side,81,1352,59.92261505093784,848,478,119.17320754310579,133.25059638842123,122.34192674199076,126.68687501221416,111.46839047918004,146.40528215788567,19.307094758389532
side_person13.mp4,side,82,1368,59.92261505093784,848,478,115.88719577730797,133.1625378484726,120.11283249489477,126.54607253581258,114.99560235891998,146.24249136241355,22.144110242654843
side_person13.mp4,side,83,1385,59.92261505093784,848,478,113.94626732718582,131.2019275403742,117.89275977811768,126.04286629419627,117.42982721699502,147.26642266820403,24.720386140270502
side_person13.mp4,side,84,1402,59.92261505093784,848,478,112.33496765219307,128.53364663023527,114.97497256779234,125.57592012064417,115.59905376143614,144.42967191290663,27.285560387709587
side_person13.mp4,side,85,1418,59.92261505093784,848,478,111.11228161573412,127.87875429358901,114.3597234328178,122.63514886228978,117.29156642661657,147.59719575698114,25.614001533734296
side_person13.mp4,side,86,1435,59.92261505093784,848,478,109.4176874431195,126.50235845257136,112.3523504640468,120.45021679275817,117.22894953750593,149.6001837023015,27.23099992596166
side_person13.mp4,side,87,1452,59.92261505093784,848,478,107.28987523663832,125.87598360591453,109.14205006545956,117.27407136838006,115.91573500762809,149.46117813069975,29.339641716404223
side_person13.mp4,side,88,1469,59.92261505093784,848,478,102.57873393212341,124.64683762742325,104.36422292335403,116.61678447212311,107.44923020431602,147.27199468319128,31.60044748211297
side_person13.mp4,side,89,1485,59.92261505093784,848,478,100.03418288713986,123.27283109846192,101.24020452365353,116.65565819578894,103.56869205125263,147.29768424731617,34.29388947667255
side_person13.mp4,side,90,1502,59.92261505093784,848,478,99.34747783119492,123.20898242252238,100.27414650834432,114.58089932712566,103.46288156215402,147.07829533236213,34.0022176610489
side_person13.mp4,side,91,1519,59.92261505093784,848,478,98.25531026155788,124.10750648774183,99.41485413508518,112.1131771774196,110.2696460657001,149.2832060888566,33.433974032658796
side_person13.mp4,side,92,1535,59.92261505093784,848,478,96.04176554640175,124.8890153949729,97.6737874362197,108.23899386853407,108.57361540689433,148.6171102061777,31.593132517989893
side_person13.mp4,side,93,1552,59.92261505093784,848,478,94.54095505749522,127.04325183366583,95.77477111620732,108.97805901716166,113.83496086833736,149.18018372319528,33.625049863828494
side_person13.mp4,side,94,1569,59.92261505093784,848,478,92.97134536386135,125.55887483545088,94.244938427287,107.62236911352369,114.81900438776981,149.43804566516863,33.98542327119967
side_person13.mp4,side,95,1585,59.92261505093784,848,478,92.66864494242307,124.03171726294423,93.9025849034037,105.55747244014665,113.29742532900889,148.18009760388762,33.37119266423099
side_person13.mp4,side,96,1602,59.92261505093784,848,478,91.36850075119959,124.58011360876718,92.62932134529332,105.68697650628529,111.75747022168946,148.49741032693353,34.40143250772458
side_person13.mp4,side,97,1619,59.92261505093784,848,478,90.89268005634511,126.90366572438012,92.09583560374388,107.3745281714,112.90721297969175,150.0750906935399,35.41678445625593
side_person13.mp4,side,98,1635,59.92261505093784,848,478,89.41333253521735,126.42691689534698,90.1906577956125,107.39651169733177,114.27519837725245,148.29964043098823,36.04638896050359
side_person13.mp4,side,99,1652,59.92261505093784,848,478,87.16664746493237,127.44851487200519,87.77636454722739,107.72991865198279,113.13865749822581,148.9265215645831,36.09376292452844
side_person13.mp4,side,100,1669,59.92261505093784,848,478,83.69490102952153,127.64548111339606,84.02722030310018,108.42584550527151,112.50119436328141,147.40957243776379,37.228399813111324
side_person13.mp4,side,101,1686,59.92261505093784,848,478,78.91026826802799,126.09928056223843,78.53929517883002,109.36476084457799,114.13031898870724,146.28227119853503,38.9520700983306
side_person13.mp4,side,102,1702,59.92261505093784,848,478,71.87370740208914,125.70769403014604,70.6194285056326,108.46864162740333,111.53164295033301,145.08713185483327,39.14123428754868
side_person13.mp4,side,103,1719,59.92261505093784,848,478,72.305065323972,124.73617777814644,70.62317424085798,107.76564311095343,111.40537968925486,145.4123026820897,39.43425475837486
side_person13.mp4,side,104,1736,59.92261505093784,848,478,69.8285642796236,124.29343798544747,68.13326413955845,107.32194219356926,111.46992071659407,145.47045836739954,39.89727368521051
side_person13.mp4,side,105,1752,59.92261505093784,848,478,65.22833716407794,124.50978772292073,62.9757740623434,108.08483835017365,110.38304468058747,145.76231350285195,40.59272202833636
side_person13.mp4,side,106,1769,59.92261505093784,848,478,61.20561181820719,123.71658783392841,58.83053941072686,108.1866524175676,110.11969261552966,144.92953274884292,41.371048577686665
side_person13.mp4,side,107,1786,59.92261505093784,848,478,62.49545450825743,124.02458591470189,59.80242446474659,108.44440974220404,110.73973127444644,145.7004518480684,42.04404506926261
side_person13.mp4,side,108,1802,59.92261505093784,848,478,61.061645008167254,123.25313617750795,58.617754817280655,108.28596148706262,111.50405131402918,146.13255561791988,42.323428224532094
side_person13.mp4,side,109,1819,59.92261505093784,848,478,60.35485933851543,122.94262272017801,57.352175635949585,107.98702778570203,110.32030087911826,145.66963270065295,42.42117705415467
side_person13.mp4,side,110,1836,59.92261505093784,848,478,58.557880684354515,122.26768353634758,56.268485063635964,107.20514290977968,116.08657032041828,145.43400034579534,42.387680724926966
side_person13.mp4,side,111,1852,59.92261505093784,848,478,58.36044469526224,122.48636120779632,55.7921130582256,108.71257364943341,114.69187650506018,144.99149478049452,43.5283391147524
side_person13.mp4,side,112,1869,59.92261505093784,848,478,59.18149953352173,121.72627661091526,57.06608100359744,106.724513928555,112.75176413282546,145.8247956779403,42.56947149488804
side_person13.mp4,side,113,1886,59.92261505093784,848,478,57.962973779326376,120.65839853609435,58.084645315079875,105.07948931683735,119.85872969340221,146.66267559508046,41.88754934391386
side_person13.mp4,side,114,1902,59.92261505093784,848,478,58.52495584272333,120.05265901682719,59.36165817666493,104.11099239741226,123.002293542884,147.36394194221404,41.402840590225246
side_person13.mp4,side,115,1919,59.92261505093784,848,478,59.28759682159308,119.12236027155295,60.15887927635854,103.2949297683392,119.71104507314608,147.2026046956648,40.89453481104252
side_person13.mp4,side,116,1936,59.92261505093784,848,478,62.18525050484752,120.04674704100267,62.62506348537019,103.63808198937151,119.18839615856749,148.4766225156824,40.91894426890349
side_person13.mp4,side,117,1953,59.92261505093784,848,478,63.8425625538314,121.09452484706799,64.34035796311578,104.21592263435718,117.17488436012913,147.67025116332076,40.65859112024116
side_person13.mp4,side,118,1969,59.92261505093784,848,478,64.67700335967473,122.241419562251,64.94501835290797,103.91840629473694,116.213277785442,149.88407730924456,40.029618751965536
side_person13.mp4,side,119,1986,59.92261505093784,848,478,64.37882807754191,120.2373005250688,64.61699458701288,104.8308844972493,116.20635544000223,147.81043665310585,41.165998206019395
side_person13.mp4,side,120,2003,59.92261505093784,848,478,67.5781049690048,121.46798106670336,67.92653782620074,102.67801548911567,119.12886994327413,149.45825022557844,39.65359265931023
side_person13.mp4,side,121,2019,59.92261505093784,848,478,67.57021623830876,121.06735163693318,67.99526608778804,102.57692505795937,118.21445946121557,149.2787429822344,39.80166615519184
side_person13.mp4,side,122,2036,59.92261505093784,848,478,67.64747228511592,121.11346943310703,67.83562747067649,102.02918963505158,117.61954744572813,149.91581646707843,39.84601480391708
side_person13.mp4,side,123,2053,59.92261505093784,848,478,67.38951794187771,121.25214642473425,67.5539733753611,103.29834588067045,118.3881925820612,149.61701902907214,40.451292570515164
side_person13.mp4,side,124,2069,59.92261505093784,848,478,68.1446830021509,121.81139403093461,68.13429960407781,103.79107186451789,117.81200546177149,149.38107414905159,40.45121575567054
side_person13.mp4,side,125,2086,59.92261505093784,848,478,68.86296297854355,122.59230754968448,68.70788185051367,104.75202711241076,116.01059329353231,145.4260848338984,40.45722659359964
side_person13.mp4,side,126,2103,59.92261505093784,848,478,74.44151977645923,123.52238742479267,74.3694753787234,103.40552935391935,117.33953043880494,142.89162927472998,38.34017876053577
side_person13.mp4,side,127,2119,59.92261505093784,848,478,75.38517120327839,123.91804422123137,75.68332938150857,103.30428178647679,117.22895603394632,139.53365768305082,36.95216692615345
side_person13.mp4,side,128,2136,59.92261505093784,848,478,80.04800013441941,124.40281759234372,80.16344122400801,104.35499621550368,117.25184713651548,138.44413088791603,36.47570581345022
side_person13.mp4,side,129,2153,59.92261505093784,848,478,80.94256776816528,125.099712665631,80.87952633923982,104.82031211977002,115.06153156120115,137.89102758053798,36.00188894780821
side_person13.mp4,side,130,2169,59.92261505093784,848,478,82.04684330566526,124.45626073420007,81.41845236409435,104.96640789027643,114.09218927387909,137.25623232973206,36.20556999517095
side_person13.mp4,side,131,2186,59.92261505093784,848,478,83.87880819729422,124.7054565482043,83.35087776922539,104.05948885972921,113.72403424413409,135.59798521087367,34.85599129264746
side_person13.mp4,side,132,2203,59.92261505093784,848,478,86.71578438239271,125.16975085342244,85.85129633388304,106.07725994337544,113.48862916722811,137.9600816557422,35.202355553247116
side_person13.mp4,side,133,2220,59.92261505093784,848,478,90.08983694954215,125.00320714807673,88.95030140973938,106.64646147068521,112.74224174255427,140.367099562635,34.76371724948609
side_person13.mp4,side,134,2236,59.92261505093784,848,478,94.300430265957,124.77583251905963,93.60462046853642,106.70644373820116,111.55594754962289,141.9349017845561,33.91018572935217
side_person13.mp4,side,135,2253,59.92261505093784,848,478,96.47189943835997,125.08851846707458,95.74780483302845,108.0630580844105,111.00718873132621,142.97009168386404,33.72109497937946
side_person13.mp4,side,136,2270,59.92261505093784,848,478,97.3691986672805,125.50475843100983,97.156261057422,106.96593235546541,109.6826403888491,144.29111074405276,31.59370404997499
side_person13.mp4,side,137,2286,59.92261505093784,848,478,99.29269743806576,127.5187509011974,98.5911420101479,110.08701792814178,109.88509382859095,145.71204652994132,32.06914756687969
side_person13.mp4,side,138,2303,59.92261505093784,848,478,100.20447224483178,128.08487915857395,99.80309928547068,111.60969558587846,111.42787054337349,143.05766429474284,32.06399937952509
side_person13.mp4,side,139,2320,59.92261505093784,848,478,102.63257093522827,124.33718661331669,102.16864661248248,112.05585633702164,112.68765044000092,137.91282183515102,30.997970321711687
side_person13.mp4,side,140,2336,59.92261505093784,848,478,103.63635174643534,125.23719938052817,103.55950341420329,112.46376396482022,113.26928760403761,138.8304667171966,29.563927884438353
side_person13.mp4,side,141,2353,59.92261505093784,848,478,106.12244285563798,124.20944652259641,107.09006808601056,111.36301004321268,113.57227464044936,135.0802285234126,26.16545576011913
side_person13.mp4,side,142,2370,59.92261505093784,848,478,108.80463254839228,121.2956854755772,109.56062264090968,114.69194591936302,111.65519498189757,132.77606165820924,26.418223279069434
side_person13.mp4,side,143,2386,59.92261505093784,848,478,109.4621850183879,122.48052903606637,110.52534246593073,116.71312103011307,112.53966212648449,135.91556737514125,25.306553491775293
side_person13.mp4,side,144,2403,59.92261505093784,848,478,111.19943012251697,120.72195635992755,112.32900795911307,118.56735834738015,113.99924013837555,134.59650277167847,24.952128595009256
side_person13.mp4,side,145,2420,59.92261505093784,848,478,112.56566927249246,121.4831957956366,114.15682179265086,120.17188496249821,114.94322472461896,135.28542311942073,24.049722998913886
side_person13.mp4,side,146,2436,59.92261505093784,848,478,114.22517717894584,124.11999871316573,117.98037103726473,119.0323882312136,115.14262487548028,135.3423020511796,18.484198956750298
side_person13.mp4,side,147,2453,59.92261505093784,848,478,116.79227558150946,125.54827902554334,119.77574542920104,122.35344274156749,113.68074173689557,134.71555126487775,18.627471011498812
side_person13.mp4,side,148,2470,59.92261505093784,848,478,119.00270525748994,128.31849679321803,121.82251648779518,123.81750139790293,111.83045175176568,134.57532817621842,17.182520666700864
side_person13.mp4,side,149,2487,59.92261505093784,848,478,122.48394370578423,127.76204568435764,122.96669294702235,127.63922173077587,106.35625088852855,129.0209273422157,16.642730171847198
side_person13.mp4,side,150,2503,59.92261505093784,848,478,123.7469319458397,129.48902070855928,125.52247972183176,130.4164063653927,108.25543518616324,128.37037919905046,14.876263618474182
side_person13.mp4,side,151,2520,59.92261505093784,848,478,128.10538524046584,132.43059240117515,127.32729416274746,131.20888877498535,106.76775492700864,130.09729725098097,12.439637200456131
side_person13.mp4,side,152,2537,59.92261505093784,848,478,130.40550022794122,133.6855626627886,129.40565367063954,134.68300394914556,103.88866119437802,125.30761749269648,12.114805642732552
side_person13.mp4,side,153,2553,59.92261505093784,848,478,132.67136635762915,136.03114608780518,131.43548396330914,136.18238563008117,103.22441404299133,122.28614762695955,11.552512063716202
side_person13.mp4,side,154,2570,59.92261505093784,848,478,135.48098590984165,137.91269625107006,133.47170874596551,136.68801447384112,102.56772421360397,119.47388408835118,10.2084827204445
side_person13.mp4,side,155,2587,59.92261505093784,848,478,137.67392419038651,138.85249139226056,135.16004277841463,139.16947486915618,101.4401042660358,117.33512441635912,10.8386815245084
side_person13.mp4,side,156,2603,59.92261505093784,848,478,139.14343484184434,139.85619239452873,136.43649094524457,141.48512329998667,100.17120481338532,113.24826645188807,11.216180577057917
side_person13.mp4,side,157,2620,59.92261505093784,848,478,141.71440871761288,145.37058410780193,139.08322260583637,140.4199269520501,100.12664917136179,115.24958762496017,10.508707027598463
side_person13.mp4,side,158,2637,59.92261505093784,848,478,144.80722082761844,147.60066456494343,141.65161420211126,141.97498250043006,100.99776660045205,110.64672551987356,10.636513036796513
side_person13.mp4,side,159,2653,59.92261505093784,848,478,148.3745709348184,150.03895341791068,145.0392283327438,142.8470374493431,102.94055368173804,105.10266207947734,9.599790966327092
side_person13.mp4,side,160,2670,59.92261505093784,848,478,151.5949914248877,154.74982127642036,147.79667345124957,139.6477471292788,102.44423276289994,85.8569331643724,9.779101585333066
side_person13.mp4,side,161,2687,59.92261505093784,848,478,153.52084934599034,156.79075527110535,149.61321594158312,137.7781766692874,100.89606278996888,89.85729603295596,10.319910724688135
side_person13.mp4,side,162,2703,59.92261505093784,848,478,155.26826756636407,158.28343238322364,151.6479226561216,138.1440918723244,98.40220083347687,89.53365875740828,10.586213025177196
side_person13.mp4,side,163,2720,59.92261505093784,848,478,158.29391314871563,162.82099584989996,154.031628460523,131.72494204158664,98.50762386052148,96.52080356688367,10.179652014254172
side_person13.mp4,side,164,2737,59.92261505093784,848,478,160.30463446223953,163.2612649612518,156.4054131219324,131.6312002943621,99.39082574946617,94.90034502342121,8.737431586050045
side_person13.mp4,side,165,2754,59.92261505093784,848,478,162.3459484013167,164.95874226767953,158.14743730822272,130.08089917981906,98.82187037803918,93.849010979886,8.817836492383286
side_person13.mp4,side,166,2770,59.92261505093784,848,478,163.85944404027308,166.51252458956284,159.51267884374485,128.1706718657272,99.62398036192332,96.15604377753033,8.7502708684692
side_person13.mp4,side,167,2787,59.92261505093784,848,478,165.45856537998534,167.99172649922173,161.59468621840614,127.47620753173653,98.5785787351665,94.65260470303778,9.263265320527788
side_person13.mp4,side,168,2804,59.92261505093784,848,478,166.6168738354173,169.14915565588134,163.8985012725344,128.18505246145233,97.25526315135563,93.91239949895393,9.775418639490663
side_person13.mp4,side,169,2820,59.92261505093784,848,478,167.89492793134477,169.4915204739817,164.30638629067616,129.61317713036968,98.5240687252308,92.23169937153597,9.677353314776154
side_person13.mp4,side,170,2837,59.92261505093784,848,478,168.88220754642842,169.86969841468735,165.96566024912138,132.44751143910494,96.78777867586514,87.12796043765334,9.77350314643464
side_person13.mp4,side,171,2854,59.92261505093784,848,478,169.75097715295416,170.48838477339334,165.8094817223338,132.05181153334192,98.46062607858859,84.82357706147954,9.63354902219897
side_person13.mp4,side,172,2870,59.92261505093784,848,478,170.28017514110059,171.1807615969769,166.93871725580385,133.0507363368075,96.5222325107647,77.03143506487673,9.631774807020584
side_person13.mp4,side,173,2887,59.92261505093784,848,478,171.09568292613355,171.0376727612022,166.75586889823566,133.97072732284371,97.95332086395135,75.5534856944833,9.687765342460118
side_person13.mp4,side,174,2904,59.92261505093784,848,478,171.4264042656817,169.9698087108155,167.6576131623927,135.4223805507977,93.88288856370802,65.72917579611368,9.876154623537806
side_person13.mp4,side,175,2920,59.92261505093784,848,478,171.6776959639055,170.58410370473408,167.6350743907041,135.81905415662584,95.64276494452295,67.53941782730922,9.825265307583855
side_person13.mp4,side,176,2937,59.92261505093784,848,478,172.05122037729714,170.52672973854882,167.7535005683179,136.74697945743225,94.40086019065902,68.30985742038256,10.213760190234181
side_person13.mp4,side,177,2954,59.92261505093784,848,478,172.00017740805617,170.46098997048333,167.9846474779953,136.9292502502353,94.47739405254444,68.22700477783444,10.349735129689435
side_person13.mp4,side,178,2970,59.92261505093784,848,478,172.1476724961978,170.41928967917522,168.0283192790266,136.04892606430278,95.38657330893064,69.10407858616439,10.39712196310462
side_person13.mp4,side,179,2987,59.92261505093784,848,478,172.3172480120151,170.1996565556916,167.8097121133611,135.76993780997142,97.38751337961882,70.35096075439868,10.368480903393875
side_person13.mp4,side,180,3004,59.92261505093784,848,478,172.50659555051504,169.97358986223477,167.85550580807222,136.53108564764625,97.67396644636494,72.40706065134847,10.665819211792178
side_person13.mp4,side,181,3021,59.92261505093784,848,478,172.7616021215516,169.59154601169854,168.32083204363045,136.67317166744365,95.34065519841872,74.97291071887562,10.695341969957212
side_person13.mp4,side,182,3037,59.92261505093784,848,478,172.963050763001,169.42344787791993,168.5005423059827,137.0233493288392,95.10042757332234,76.99605310640477,10.857749896551997
side_person13.mp4,side,183,3054,59.92261505093784,848,478,173.18030705137113,170.14993862980512,168.6850176009957,137.23310944832198,94.1712968401559,73.17131851483394,10.85445067422839
side_person13.mp4,side,184,3071,59.92261505093784,848,478,173.51350378300947,170.11127421754807,168.9760183066397,136.97674463470196,95.2095120977569,73.84913717983858,10.822392507463482
side_person13.mp4,side,185,3087,59.92261505093784,848,478,173.51229779969555,170.0924562619164,169.13034324343693,136.3431173567944,95.04569922645776,76.11798777823687,10.80305662346961
side_person13.mp4,side,186,3104,59.92261505093784,848,478,173.67077368444808,169.9492761863675,168.95518754102002,137.2189190718263,94.43537394279215,76.15875665018821,11.263107999644534
side_person13.mp4,side,187,3121,59.92261505093784,848,478,173.7257550564007,169.88756625707242,169.33490046156635,137.0895223388526,94.26945721737634,77.1922334542539,11.258079427401233
side_person13.mp4,side,188,3137,59.92261505093784,848,478,173.93175722500106,169.93236444058687,169.35795513345482,137.21632298496198,94.08665831349838,75.12171491844073,11.448647954634247
side_person13.mp4,side,189,3154,59.92261505093784,848,478,173.94419656528578,169.8677911556275,169.45575819726005,137.16028679261314,94.10651842415298,75.83232265710055,11.416203196345279
side_person13.mp4,side,190,3171,59.92261505093784,848,478,173.86057210677066,169.83873224333612,169.26131800511067,137.12563197667055,93.59397053264485,74.85533033273045,11.414256145430766
side_person13.mp4,side,191,3187,59.92261505093784,848,478,173.82623137302568,169.62677396187746,169.2893617341991,137.49261502103627,93.42610385155795,73.91435683271307,11.571541830772505
side_person13.mp4,side,192,3204,59.92261505093784,848,478,173.78100295012396,169.70319127130512,169.1907876793487,137.68436246731306,94.64916735414727,73.72497251149069,11.57319094081692
side_person13.mp4,side,193,3221,59.92261505093784,848,478,173.83919916477348,169.33144356626804,169.24061261285897,137.3754163291755,94.0633023273048,73.94465642378951,11.62821296740959
side_person13.mp4,side,194,3238,59.92261505093784,848,478,173.78617735118445,169.52694189234342,169.25217178681987,137.4202152840266,94.75615584803299,73.51925991961092,11.611237381742535
side_person13.mp4,side,195,3254,59.92261505093784,848,478,173.73040368753703,169.49485469247608,169.21051747363714,137.61293840519897,94.83356565672223,74.02270435536126,11.733637837358284
side_person13.mp4,side,196,3271,59.92261505093784,848,478,173.7258037669162,169.44878913479414,169.4148730341527,137.52057482028178,94.89453291346172,74.49301319140959,11.675716086090882
side_person13.mp4,side,197,3288,59.92261505093784,848,478,173.68599783756395,169.42587242209615,169.36970143589278,137.2484088711103,94.87266653898219,76.07655126895523,11.716759390979876
side_person13.mp4,side,198,3304,59.92261505093784,848,478,173.5878871997401,169.38686682728638,169.36895738534776,137.19675970039557,95.21457360694836,75.44367323356497,11.665930725655485
side_person13.mp4,side,199,3321,59.92261505093784,848,478,173.61119797814266,169.42766319305355,169.4866197840968,137.05886709101043,95.31968412531342,77.08078739984131,11.717418845924477
side_person13.mp4,side,200,3338,59.92261505093784,848,478,173.0520229240007,169.47210525209496,169.40994516396182,136.95715653073472,96.36283470699846,77.56498042969015,11.443370838080057
side_person13.mp4,side,201,3354,59.92261505093784,848,478,172.88273153967305,169.33051311108696,169.28118407989604,137.06344422257175,95.90687825312868,77.96734955142595,11.363883697678288
side_person13.mp4,side,202,3371,59.92261505093784,848,478,172.23044035208608,169.27548511963076,169.17108733993206,136.5994989758589,96.99561578109589,78.55985871591535,10.808629375872327
side_person13.mp4,side,203,3388,59.92261505093784,848,478,171.83204318252214,169.15724724741318,168.87743112480925,136.79612164849408,96.91265731941463,78.67627901330252,10.91470185818853
side_person13.mp4,side,204,3404,59.92261505093784,848,478,171.5117995749668,169.04516979433808,168.72554194929393,136.77423761787387,96.74624838602733,79.11990844863986,10.79348902222679
side_person13.mp4,side,205,3421,59.92261505093784,848,478,171.04118781439396,168.7560129787735,168.34132825395636,136.83268721444975,96.6661145136646,79.35710704243704,10.724316532252509
side_person13.mp4,side,206,3438,59.92261505093784,848,478,170.52932642878616,168.5326864897221,168.132870923006,136.38764258768708,96.35239264852882,79.29779471258765,10.415169602839462
side_person13.mp4,side,207,3454,59.92261505093784,848,478,169.79490598905923,168.23688451515167,167.7350236916112,135.022721997008,96.92917239085884,79.40281422709889,9.494299906115208
side_person13.mp4,side,208,3471,59.92261505093784,848,478,169.2834244008859,168.49212987652058,167.00609408646142,133.84339108373103,98.31455673887618,76.41822394448117,8.850979805578413
side_person13.mp4,side,209,3488,59.92261505093784,848,478,168.32439245926096,168.50573173837145,165.92063133300036,132.96961069687148,100.42953718552316,78.56967527777294,8.33099785545551
side_person13.mp4,side,210,3505,59.92261505093784,848,478,167.69697576604162,168.28423434605307,165.27179228907545,132.57555986306224,99.77676795774798,80.52986307930465,8.13944164572676
side_person13.mp4,side,211,3521,59.92261505093784,848,478,166.76375429642928,167.63356871937077,164.1278521508162,131.4298595936961,101.42493115435403,87.92054677334633,8.093376496555496
side_person13.mp4,side,212,3538,59.92261505093784,848,478,165.78070077087827,167.6931241710594,164.09933367263002,128.71778921778943,102.80678134099688,94.99136697977825,6.645649924267133
side_person13.mp4,side,213,3555,59.92261505093784,848,478,164.40578819776402,166.95715712541343,162.45274710943815,129.39068505993598,105.02407926680337,100.5160955365191,6.293450022298785
side_person13.mp4,side,214,3571,59.92261505093784,848,478,163.02033587291467,166.20872232541757,160.84548293124757,129.83785978979782,102.4084828348245,97.70896555623841,6.889880789704415
side_person13.mp4,side,215,3588,59.92261505093784,848,478,161.83140863586073,165.44066919262238,160.2117171711034,129.84213336186423,103.35991160922752,100.66394000064587,7.013975369840217
side_person13.mp4,side,216,3605,59.92261505093784,848,478,160.69393875691992,164.45733628297216,157.79921379500848,129.22618924126982,104.67087407334141,101.33384772175447,6.81393445922322
side_person13.mp4,side,217,3621,59.92261505093784,848,478,159.087919722079,163.29585321713458,156.30856857855767,128.3662864714758,105.63394225865507,109.62930578110158,6.937475402786372
side_person13.mp4,side,218,3638,59.92261505093784,848,478,157.17590424279456,162.42285511459826,154.39069372807177,126.43014315535568,106.90166338853768,114.17180835282531,6.575981731574946
side_person13.mp4,side,219,3655,59.92261505093784,848,478,155.4122452509215,159.4847619301779,153.86356233396464,130.35253023721077,102.27031482065858,118.87228922291348,7.139031301376277
side_person13.mp4,side,220,3671,59.92261505093784,848,478,154.05809051266093,156.85700820872407,153.53597622500172,134.7231349529937,105.23096448308382,122.49705706120874,7.444281698003891
side_person13.mp4,side,221,3688,59.92261505093784,848,478,151.6121287770648,151.71870903845038,151.95930606046377,141.46328551021836,105.67102576745306,121.0981901923254,7.784431831172238
side_person13.mp4,side,222,3705,59.92261505093784,848,478,150.1890449132981,150.84333602312344,151.12182111495034,138.67243489814965,107.20133905144299,122.92523935061719,7.493717145400378
side_person13.mp4,side,223,3721,59.92261505093784,848,478,147.53288614803424,146.97438244923086,148.73620316594076,140.31348594373392,107.1554609637558,122.50920564365646,8.172452676076055
side_person13.mp4,side,224,3738,59.92261505093784,848,478,145.221195816819,144.02503084605019,146.75182836803125,142.14755940381744,105.9903175121729,117.02492878737951,9.04948408909156
side_person13.mp4,side,225,3755,59.92261505093784,848,478,143.85558664478953,144.33281473620724,145.4654313848542,141.13493738136572,105.56028244519217,116.8192014039629,9.619601238449464
side_person13.mp4,side,226,3772,59.92261505093784,848,478,141.63604739756056,140.00794576268646,143.67760536799094,142.17483951620332,104.4468886848163,123.25467697289548,10.001398488279973
side_person13.mp4,side,227,3788,59.92261505093784,848,478,138.30505092539207,139.60258539662183,139.02881898595143,139.17906442637675,106.0427037204713,127.3743961092278,10.742160435289723
side_person13.mp4,side,228,3805,59.92261505093784,848,478,135.7520401313971,138.83777976801503,137.01871303088438,137.5484646868602,103.65202094514028,127.30188375197382,11.144370027936983
side_person13.mp4,side,229,3822,59.92261505093784,848,478,133.11368179971475,136.24509875463926,134.74510066999946,137.47370506914072,104.56381267767422,132.90532002465798,11.073532403017651
side_person13.mp4,side,230,3838,59.92261505093784,848,478,131.00812726796397,135.78115531913704,132.74999441877605,134.87887091386136,104.2731690699909,129.75688880164495,11.927725860934903
side_person13.mp4,side,231,3855,59.92261505093784,848,478,129.16594549223453,133.77109722570262,130.77744286923692,134.92519741869475,105.60947067559299,132.85974773981783,12.503591665286976
side_person13.mp4,side,232,3872,59.92261505093784,848,478,126.12922613052939,130.4935488417857,128.28144104795314,133.66348345725308,105.21143285369365,130.97410939425677,13.656530777344273
side_person13.mp4,side,233,3888,59.92261505093784,848,478,124.32525974860218,130.2143374861426,126.21822637523287,131.85149963779693,107.09697861348891,131.06002743508643,14.701489343748836
side_person13.mp4,side,234,3905,59.92261505093784,848,478,121.53751038308774,130.63290775565414,123.47614064885347,130.95142266007923,110.38104410789363,142.95127900256875,18.257777369394322
side_person13.mp4,side,235,3922,59.92261505093784,848,478,118.25447947591924,129.78797909583463,120.81439531447077,126.0364320593097,111.0691333376347,147.55243852200542,18.225862988828148
side_person13.mp4,side,236,3938,59.92261505093784,848,478,114.11392980171405,128.76894692421234,118.20104714910956,124.39720328377639,114.68363439907858,147.92634849123908,20.8256540946545
side_person13.mp4,side,237,3955,59.92261505093784,848,478,111.82703134822367,127.28205243430118,115.34726896347419,123.15225443585123,115.67128040928179,145.7277059293139,23.777127036181643
side_person13.mp4,side,238,3972,59.92261505093784,848,478,109.20009201611529,125.20480336340029,111.20578561213956,122.2116736955623,113.61340619512308,144.10512419359736,27.4604970223026
side_person13.mp4,side,239,3988,59.92261505093784,848,478,105.80898099778844,124.25425783642642,106.92600073700284,121.71172685282133,119.04589622183953,146.27417458100504,31.127205865811604
side_person13.mp4,side,240,4005,59.92261505093784,848,478,105.43172922330525,125.22438974975945,107.13337862827069,117.71228136643796,120.43800958029387,147.82900309536063,28.01506598310297
side_person13.mp4,side,241,4022,59.92261505093784,848,478,103.27807626544889,124.07360273796752,104.20170316273158,116.22561333710526,117.99569779480949,150.59144061579264,29.246876765291812
side_person13.mp4,side,242,4039,59.92261505093784,848,478,100.78961998931962,124.71917699772037,101.64232098057411,115.29665451024293,120.62857076728584,150.4875986323535,31.11735636452235
side_person13.mp4,side,243,4055,59.92261505093784,848,478,98.83653250692342,124.80279575952903,99.68934150344147,112.96062012683302,119.07333431724956,150.28100327935863,31.72531651328413
side_person13.mp4,side,244,4072,59.92261505093784,848,478,97.273020987735,126.78073451601078,97.32634797384979,112.42171653427131,116.49092415149701,150.5763713651003,33.266996550240485
side_person13.mp4,side,245,4089,59.92261505093784,848,478,95.93402080192682,126.68348244790967,96.37449575415204,109.52077432193568,116.51467340751394,149.4976754474358,32.6293540792977
side_person13.mp4,side,246,4105,59.92261505093784,848,478,95.11455451874663,126.28601123097998,94.56487099382252,110.65520208414841,114.07774129512673,151.8733671769368,34.93872801761419
side_person13.mp4,side,247,4122,59.92261505093784,848,478,92.91071556323057,124.73441620811612,92.33750680406416,108.29256378140168,110.65700580247007,151.19063259136405,34.78595167520802
side_person13.mp4,side,248,4139,59.92261505093784,848,478,91.6558325641029,123.4532399278561,90.83082803490987,106.85946762313824,111.20674910581893,148.49332134178053,34.67702103405375
side_person13.mp4,side,249,4155,59.92261505093784,848,478,90.15496549843463,123.61198513595869,89.37433974042392,107.58965283355406,112.80695943882358,149.4698460431872,36.18647031612203
side_person13.mp4,side,250,4172,59.92261505093784,848,478,88.32382179666564,123.17510562467359,87.69910860313924,106.66430943641434,114.60473800969736,147.70535131350192,36.26258045117084
side_person13.mp4,side,251,4189,59.92261505093784,848,478,86.37193032855433,122.56612893060137,85.93961491179297,106.13577257189154,114.3868655219363,146.61502917275521,36.62930750327264
side_person13.mp4,side,252,4205,59.92261505093784,848,478,84.02847626899211,122.60361050624867,83.9001730248565,105.82825049822858,114.95845635355877,147.0763414951919,37.2884508739021
side_person13.mp4,side,253,4222,59.92261505093784,848,478,74.81839974502104,123.20466324795275,74.09307233564355,106.96176921110671,111.95515652230424,146.51051368875312,38.7810623101926
side_person13.mp4,side,254,4239,59.92261505093784,848,478,68.27058962304886,122.49204803663925,67.10158660489515,108.82495896287683,110.0869150278643,145.41661200337208,41.36286531600061
side_person13.mp4,side,255,4255,59.92261505093784,848,478,59.72501942232602,122.26890931054548,57.631891810831846,109.97314662522635,110.98453963629844,144.52812328032815,43.823861922262864
side_person13.mp4,side,256,4272,59.92261505093784,848,478,61.310243826383505,122.66317907942336,58.84709683548543,107.88613887115496,112.11552784751117,144.62509017146073,43.03406175936567
side_person13.mp4,side,257,4289,59.92261505093784,848,478,56.397495668192676,122.1378466466252,54.22667369905287,108.65463774001513,112.29691791442266,142.97974629088714,44.09992199702528
side_person13.mp4,side,258,4306,59.92261505093784,848,478,53.035302132963395,121.29139674230595,50.965826443867634,108.2722929111118,114.50786000397352,144.12604229374665,44.64348603077376
side_person13.mp4,side,259,4322,59.92261505093784,848,478,51.71584954100352,120.75581660217408,50.094865653144346,106.97734834442173,118.2318451650419,144.30454708719904,44.449386437299324
side_person13.mp4,side,260,4339,59.92261505093784,848,478,47.00547598007759,117.67683267054528,44.389863132527196,104.94481669670158,117.22340420302369,146.4155143038672,44.76344780958776
side_person13.mp4,side,261,4356,59.92261505093784,848,478,46.74289146239759,117.072097920964,44.38908437998478,103.26438877499851,119.61822958910233,146.34143942899746,44.04147752105462
side_person13.mp4,side,262,4372,59.92261505093784,848,478,43.971675416133166,114.39397611453514,41.90218699095025,100.52194322437775,123.20641114387885,149.03322753079993,44.04814866622309
side_person13.mp4,side,263,4389,59.92261505093784,848,478,43.60916904495164,111.22523075377201,40.7214811512237,96.95992598224797,122.81651072192076,149.5141955011695,42.814785766396064
side_person13.mp4,side,264,4406,59.92261505093784,848,478,43.03554471197595,107.93069059412198,39.72090190715211,93.85192727557177,122.52455834877084,148.41561683238226,42.18794780220774
side_person13.mp4,side,265,4422,59.92261505093784,848,478,43.20836312734256,103.99303527313366,40.131338795975786,91.63457759110653,122.99191885217631,147.6765265869571,42.34582825023946
side_person13.mp4,side,266,4439,59.92261505093784,848,478,42.434577694716864,105.68511336290739,39.829129100201804,92.28377821672888,126.06852743676802,147.2121537802905,42.04854580842511
side_person13.mp4,side,267,4456,59.92261505093784,848,478,44.00242092720001,106.30225619663052,39.53033259773662,93.04780867370795,123.62078323010643,146.84761180772045,42.1907402517533
side_person13.mp4,side,268,4472,59.92261505093784,848,478,44.519715136788754,108.29937646214572,40.689784237783456,93.55422661086746,123.52576818396436,150.00726894077042,41.625530433529974
side_person13.mp4,side,269,4489,59.92261505093784,848,478,44.30883129362189,108.25208207650024,40.2010788844363,92.6534273730088,123.37339092483286,148.88887238688778,41.38204546646669
side_person13.mp4,side,270,4506,59.92261505093784,848,478,44.09901466669893,107.79765532414714,40.16150901005074,92.19815710504689,124.21635477781854,148.47181859342604,41.25468315452303
side_person13.mp4,side,271,4522,59.92261505093784,848,478,44.2412939105551,107.78254532847163,40.299495216467605,92.22555041691619,123.53864185835432,148.2868707102526,41.51662843175192
side_person13.mp4,side,272,4539,59.92261505093784,848,478,45.14210697331362,107.30021687223046,43.375090289696786,91.5514147370338,129.64604922696637,147.94693877779818,41.18773335628651
side_person13.mp4,side,273,4556,59.92261505093784,848,478,45.78485092700358,108.95446571631139,45.00152777280056,91.22787773395115,131.7940830148141,147.69507109602404,40.034346506801725
side_person13.mp4,side,274,4573,59.92261505093784,848,478,44.082894499478606,108.13892051758964,43.38617868619041,92.68266687095725,125.58754206956847,147.47484919108183,41.789903739034045
side_person13.mp4,side,275,4589,59.92261505093784,848,478,44.61022117673437,108.34011695148463,43.54586221511171,92.98139757720209,122.81568704926622,147.05800037421852,41.9395783660273
side_person13.mp4,side,276,4606,59.92261505093784,848,478,48.71267796170758,109.65169583008496,46.86282827089156,92.53452455419394,125.73669254195867,147.24350404693408,40.23675537664525
side_person13.mp4,side,277,4623,59.92261505093784,848,478,48.27441007084186,109.77232925949511,46.759491676318014,92.51525667136485,128.09672074583486,147.2864731293632,40.28875100340704
side_person13.mp4,side,278,4639,59.92261505093784,848,478,48.99699022327119,110.1000361082804,47.342649171894955,93.61319142360622,127.95984487853238,147.96133168390713,41.27350142021934
side_person13.mp4,side,279,4656,59.92261505093784,848,478,49.251736546003606,110.30037890724499,47.24860545424019,94.51500141114954,126.31974075188539,147.93563678065073,42.10271118332661
side_person13.mp4,side,280,4673,59.92261505093784,848,478,49.289329325536436,110.94797604622103,47.061979706329254,95.16108981111016,125.71215845966265,147.99860086114543,42.42128045405529
side_person13.mp4,side,281,4689,59.92261505093784,848,478,48.315910704050275,111.36164941539573,45.535833471774026,95.40089871212818,122.71726173859193,147.5358711728717,42.19623862670799
side_person13.mp4,side,282,4706,59.92261505093784,848,478,48.530535877629745,113.23951177247872,44.72572383049278,97.78954969711847,118.45066336541865,146.93880888110786,42.87860642191758
side_person13.mp4,side,283,4723,59.92261505093784,848,478,49.11335526014323,116.2679477723429,44.95748151444242,102.38287430792677,118.21391839234444,146.42883281128675,44.66909994966413
side_person13.mp4,side,284,4739,59.92261505093784,848,478,52.30603052785636,118.96269004040435,50.14110830424119,104.59403919561932,119.93640119526086,146.18137374901278,44.91178980245106
side_person13.mp4,side,285,4756,59.92261505093784,848,478,55.70291449080861,122.53274528739009,53.98599924451019,105.1932347007437,120.60443168271674,144.890251291951,43.179945344251585
side_person13.mp4,side,286,4773,59.92261505093784,848,478,61.97577682497627,124.32921703228246,61.84579311958227,107.37897074780975,120.27056312222629,143.89810190302086,43.79320791798367
side_person13.mp4,side,287,4790,59.92261505093784,848,478,66.32832199460428,127.1816467014649,66.30936608037207,110.32974555423247,119.49839566957331,144.4591723074884,44.073170707513256
side_person13.mp4,side,288,4806,59.92261505093784,848,478,76.51013974678389,126.48599372115373,76.60128825538847,111.4236114151351,119.44087302986486,150.1379565811837,44.13426738699503
side_person13.mp4,side,289,4823,59.92261505093784,848,478,79.53292291346685,126.98504745898495,79.61798961428973,111.94760075185482,119.82747957857161,141.11499482805877,43.609869329156844
side_person13.mp4,side,290,4840,59.92261505093784,848,478,82.17266760484556,126.74279205564251,82.15253959879172,110.60990900949317,118.2043780516854,142.90569164145376,41.39154471765178
side_person13.mp4,side,291,4856,59.92261505093784,848,478,85.77656552698068,127.0523162883131,85.9381685229589,105.99134374662833,120.78215861904464,143.99747365507815,36.254078674376444
side_person13.mp4,side,292,4873,59.92261505093784,848,478,88.83732876030118,127.20101458650224,88.66992807208209,103.30632339691562,119.07520457982663,142.56503017071947,32.80572589146182
side_person13.mp4,side,293,4890,59.92261505093784,848,478,90.1436353997587,125.87698260328892,89.87896722025002,104.37593294514869,119.22342557630343,138.99448251178868,32.6353510287899
side_person13.mp4,side,294,4906,59.92261505093784,848,478,90.74323172847001,123.92021808177562,90.46733397719439,104.73141278846829,112.72902282240891,138.70980355813091,31.674263817824258
side_person13.mp4,side,295,4923,59.92261505093784,848,478,94.33652391907141,121.36293143554006,93.6250561377418,105.67630839537638,108.58633176397541,141.17770188096821,31.905078301243933
side_person13.mp4,side,296,4940,59.92261505093784,848,478,97.61700570352184,122.63642314221207,95.68538022999202,108.79466617554412,106.21139861759845,142.2963726191839,32.359203448265
side_person13.mp4,side,297,4956,59.92261505093784,848,478,100.51350012130102,122.90926126440426,98.45010315709527,110.38604398906732,106.62296838993849,141.11650909623842,31.658260637682517
side_person13.mp4,side,298,4973,59.92261505093784,848,478,102.64586403939057,118.77035415737785,100.42356920798296,110.047314427678,106.40662472376077,139.16035909701858,29.486930654376852
side_person13.mp4,side,299,4990,59.92261505093784,848,478,105.69232393269691,119.90069121088821,103.3864485846423,112.05203469228485,108.2876837323103,138.69013031643942,28.810700519638523
side_person13.mp4,side,300,5006,59.92261505093784,848,478,107.82696944404675,121.14137927884398,105.08264917104732,114.67994293738917,109.75488520369336,140.99153096901333,29.20537068131182
side_person13.mp4,side,301,5023,59.92261505093784,848,478,109.92397191574295,118.30408688307851,107.53395410737168,116.08321995839579,110.53735575252801,138.51927269466051,27.767453644935415
side_person13.mp4,side,302,5040,59.92261505093784,848,478,112.0461747514771,118.62143888016116,109.57024680712077,117.37623792202278,106.96784364326733,135.80722971381542,25.376192488306767
side_person13.mp4,side,303,5057,59.92261505093784,848,478,113.5559703161152,115.89283538637785,112.82384774691286,117.94814603619524,109.80438285385121,131.71856410181152,20.41401176863072
side_person13.mp4,side,304,5073,59.92261505093784,848,478,115.25765765184993,119.9090911094717,115.49656936574488,117.85295356127224,109.54460465582345,134.73569074154656,17.966654443560405
side_person13.mp4,side,305,5090,59.92261505093784,848,478,117.13640438103234,123.01881264239603,117.4368725545587,118.1085098532231,108.64726601114681,135.20386743963,17.173253370669784
side_person13.mp4,side,306,5107,59.92261505093784,848,478,119.39239678372044,123.91796318420313,119.35245703046523,121.10153299931034,107.58212693965504,131.70362093143547,16.50066610745504
side_person13.mp4,side,307,5123,59.92261505093784,848,478,123.1758614326667,127.03515231623011,121.00460209993516,123.42810709202307,106.06979172811967,129.56114979051094,15.9256757461859
side_person13.mp4,side,308,5140,59.92261505093784,848,478,125.48364591082147,126.6337124884106,122.81893695525847,126.85982035636225,106.86254878625654,127.60018949806913,14.970686160121728
side_person13.mp4,side,309,5157,59.92261505093784,848,478,127.61766810559241,127.65147067888523,124.40357999547308,129.02699141573208,106.00520797474447,122.1723942535723,14.951043942720263
side_person13.mp4,side,310,5173,59.92261505093784,848,478,129.84935959761904,127.50861250084596,126.47246109664772,130.86919290511142,104.93233486387491,116.44635534702273,13.841821898209297
side_person13.mp4,side,311,5190,59.92261505093784,848,478,132.01313683386246,130.3004496193961,128.64716605045874,131.45850561618929,104.7016931623539,117.46023232984781,12.817035702277895
side_person13.mp4,side,312,5207,59.92261505093784,848,478,133.2630070521751,131.4630046597644,131.04729530879357,134.52504190943395,105.08951669471607,118.45844005197009,12.51299574946553
side_person13.mp4,side,313,5223,59.92261505093784,848,478,135.1885623547001,133.28325670352027,132.47442713073463,135.22404160433638,102.98577196736359,118.69155191241121,12.463294678240805
side_person13.mp4,side,314,5240,59.92261505093784,848,478,137.57296359852174,136.89518019257633,134.21237016130092,135.39072035267114,103.3064982110792,121.88181816661495,11.996179712498824
side_person13.mp4,side,315,5257,59.92261505093784,848,478,142.0445118569496,145.9131266650489,136.2035788909449,129.47139187727623,104.54027267522105,114.2331408033835,11.393047394293927
side_person13.mp4,side,316,5273,59.92261505093784,848,478,145.26401399453806,148.17242535164053,137.8048734927633,128.88986686519473,106.17528222831255,112.02855427088707,10.72478228739968
side_person13.mp4,side,317,5290,59.92261505093784,848,478,147.46312491743018,151.7092066745514,139.56024496169803,129.07481769255963,105.76459712819366,103.26447019970516,10.481420229681026
side_person13.mp4,side,318,5307,59.92261505093784,848,478,149.23673543915095,154.45398118918624,141.1903404399072,127.86637440003953,104.72869490626937,97.44793817235148,10.261489271718943
side_person13.mp4,side,319,5324,59.92261505093784,848,478,150.76479586827736,155.02864472822762,143.10823415491095,129.2002171747224,103.56564329817203,97.01417104715898,10.160786225704936
side_person13.mp4,side,320,5340,59.92261505093784,848,478,152.94460646506548,157.35297321017617,145.12807443314648,129.19715181889464,104.21926365553999,91.63531608879035,9.573255145714059
side_person13.mp4,side,321,5357,59.92261505093784,848,478,154.82718529357464,157.2883156257943,146.99423953806817,134.10164580044798,103.22372417857909,94.00341373706901,9.946972856985724
side_person13.mp4,side,322,5374,59.92261505093784,848,478,156.56057608081304,158.18502564815407,148.1095376655142,135.39423000375226,102.27416542048623,90.37352125096433,10.040574942294205
side_person13.mp4,side,323,5390,59.92261505093784,848,478,158.2343474108416,159.31831280265013,149.34078705683362,135.59124454988117,102.33636581291022,82.53083295253838,10.036875423978056
side_person13.mp4,side,324,5407,59.92261505093784,848,478,160.0599556882954,162.21556351660058,150.552401509659,133.4763376574889,102.2546399700422,79.39828958667974,10.172613512476737
side_person13.mp4,side,325,5424,59.92261505093784,848,478,161.4601010956572,163.1261006117682,151.85042576769484,135.05429727021038,102.5350749811733,80.04014218147438,10.010052640273486
side_person13.mp4,side,326,5440,59.92261505093784,848,478,163.39715234286416,164.5615228488456,153.46165115993458,132.96042191477227,103.73977535696773,79.25378186902317,9.815722810014643
side_person13.mp4,side,327,5457,59.92261505093784,848,478,164.58660944050922,164.8060684672156,155.29923994454197,133.64200130113062,102.42114462672308,80.56108726209587,9.50550911505061
side_person13.mp4,side,328,5474,59.92261505093784,848,478,165.29697044248036,164.77275534344986,156.67460957789356,134.313816959119,100.93189041304727,81.84062709941001,9.090373570677537
side_person13.mp4,side,329,5490,59.92261505093784,848,478,166.88741653841086,165.878680128191,159.61244674800548,133.7388137264677,97.44916493769522,81.79148699201205,9.002915331127168
side_person13.mp4,side,330,5507,59.92261505093784,848,478,168.0664184006543,167.04996643426009,160.7922140132694,133.734282163266,97.84843708828309,83.02190149924951,8.690808692835578
side_person13.mp4,side,331,5524,59.92261505093784,848,478,169.4027497812673,168.48944230224856,162.17477908149698,133.45292238100544,97.07368594865966,80.71936486500468,8.825300042728921
side_person13.mp4,side,332,5540,59.92261505093784,848,478,170.53764848091873,168.98614472675408,163.39875399428726,134.22086108916832,98.04368531046083,80.23844897138052,8.711045563233826
side_person13.mp4,side,333,5557,59.92261505093784,848,478,171.55231674455,169.37705698060225,164.2070135875377,135.0798601927657,98.6547270430713,82.68845977661096,8.628889189369445
side_person13.mp4,side,334,5574,59.92261505093784,848,478,172.15296514672838,168.2979541635708,165.33474132203384,136.34244314740798,96.1120696074301,70.65933822107934,8.592690809981244
side_person13.mp4,side,335,5591,59.92261505093784,848,478,173.02380955639106,169.24270417074104,166.0823630973642,136.85076551343437,95.59605136006579,71.68976180250787,8.611083842451306
side_person13.mp4,side,336,5607,59.92261505093784,848,478,173.71053839658325,170.3271643798259,166.13537818188763,136.63492459560936,98.4685314456945,72.63804120357159,8.650059996338967
side_person13.mp4,side,337,5624,59.92261505093784,848,478,174.2137361649243,170.8837942556316,166.20031891901132,136.84728238209212,99.0245878085702,72.80977485248486,9.44633997288281
side_person13.mp4,side,338,5641,59.92261505093784,848,478,174.84081091763022,171.70187793660295,166.2988260673095,134.65634589201622,100.28574765240067,75.3119851147354,9.337065841637168
side_person13.mp4,side,339,5657,59.92261505093784,848,478,174.98803410453107,171.67914522408336,167.78324195891855,135.85822404824435,96.65969934476672,75.86448350109474,9.327551497607526
side_person13.mp4,side,340,5674,59.92261505093784,848,478,175.25777709066335,171.33193863298976,168.00988220946178,137.36690596336487,95.44721723155625,81.40383638073928,9.656701113434375
side_person13.mp4,side,341,5691,59.92261505093784,848,478,175.6342155105578,171.57730047047642,167.64475503503613,136.03038728076615,97.64430442741867,76.14782512234194,9.795526892794607
side_person13.mp4,side,342,5707,59.92261505093784,848,478,176.038176554544,171.71830191006237,167.90538128263063,136.52670347502868,97.6201354074999,76.29822328620024,9.685992566711544
side_person13.mp4,side,343,5724,59.92261505093784,848,478,176.26607299911552,171.4869171984886,168.59723569049007,136.893661448061,96.69579168964238,77.21845942170914,9.483512643159813
side_person13.mp4,side,344,5741,59.92261505093784,848,478,176.33876617425918,171.54225222033966,168.85401681893256,136.65178793579145,96.9301718498426,76.74317184399919,9.381291500532038
side_person13.mp4,side,345,5757,59.92261505093784,848,478,176.3062499387141,171.74706928910808,168.7675109276274,136.9754041845412,97.07802770442316,72.15535146806803,9.333040078541671
side_person13.mp4,side,346,5774,59.92261505093784,848,478,176.44100415188882,171.64060090736535,168.75521144903112,137.5601588935034,97.45078876391902,72.82130360474622,9.472175636699975
side_person13.mp4,side,347,5791,59.92261505093784,848,478,176.69237036819393,171.3401987886591,169.29337443898498,138.12917740553826,96.41633241577854,72.41625746899969,9.629035499419112
side_person13.mp4,side,348,5807,59.92261505093784,848,478,176.67311840043962,171.61078284360985,169.16868677718801,139.06556010710833,96.12179434070943,70.25784928417247,10.148380584532157
side_person13.mp4,side,349,5824,59.92261505093784,848,478,176.48945240483474,171.91299254428938,169.52785139421067,140.9364978977621,94.64321878099813,67.42057027462225,10.364981627792384
side_person13.mp4,side,350,5841,59.92261505093784,848,478,176.55030962061264,171.73615617514082,169.56399611232817,141.20980633911878,95.25512100739779,67.76493479747987,10.225138564477726
side_person13.mp4,side,351,5858,59.92261505093784,848,478,176.50446581171803,171.45034278695036,169.64123745366035,141.24298332258567,96.20290118570546,69.80075383214228,10.048384735425476
side_person13.mp4,side,352,5874,59.92261505093784,848,478,176.4134692382546,171.27376879923096,169.50212441090466,141.0168932117441,96.56058799367626,71.04106631479993,9.987253043210137
side_person13.mp4,side,353,5891,59.92261505093784,848,478,176.3537486369054,171.13823736349886,169.43687278003495,141.2437709063274,96.30175675099035,70.96626277510994,10.129858143921872
side_person13.mp4,side,354,5908,59.92261505093784,848,478,176.4262838232967,171.02384716770493,169.40300157983648,141.08181217201914,96.59506652753012,71.27130088186479,10.057260474167403
side_person13.mp4,side,355,5924,59.92261505093784,848,478,176.45348698921006,171.0385513576351,169.53763308128404,140.8651867478908,96.86510730092108,71.29230206475297,9.658331111881205
side_person13.mp4,side,356,5941,59.92261505093784,848,478,176.4388168954399,170.79785864452128,169.57779012042505,140.81861338070158,96.92860466547438,71.0426630776534,9.513511055941171
side_person13.mp4,side,357,5958,59.92261505093784,848,478,176.39043790331021,170.58800252935234,169.6472940419377,141.00661946370985,96.81891169598195,70.42301396105591,9.494744786087772
side_person13.mp4,side,358,5974,59.92261505093784,848,478,176.2242245075378,170.4835334819572,169.735953432714,141.7711582948086,96.74423144234356,69.26195988662757,9.358147311739474
side_person13.mp4,side,359,5991,59.92261505093784,848,478,175.94013090504862,169.3610090669978,169.7017237631148,141.2751983059195,96.43994615808218,71.26155977523906,9.584317929902896
side_person13.mp4,side,360,6008,59.92261505093784,848,478,175.76611717152895,169.09180096505904,169.82846021362863,140.86927937407773,96.26817110917415,71.58384872755664,9.370458796523847
side_person13.mp4,side,361,6024,59.92261505093784,848,478,175.3466860605603,169.04774034302454,169.9244178712599,140.3282262104635,96.08684723595682,72.4859611174665,9.078797761231174
side_person13.mp4,side,362,6041,59.92261505093784,848,478,174.6706736314543,168.79033454887366,169.87255734573756,140.26558197029289,95.6770858746008,72.35665452423868,9.018786725360588
side_person13.mp4,side,363,6058,59.92261505093784,848,478,173.9176835314821,168.46322541045268,169.76835732550092,140.12039390379655,95.50778267575355,71.94957140972996,8.956381880701022
side_person13.mp4,side,364,6075,59.92261505093784,848,478,172.8370550135319,168.17734509657694,169.2679894349701,139.38681753574815,95.53430361679808,72.90310032268992,9.216381945697881
side_person13.mp4,side,365,6091,59.92261505093784,848,478,172.01749522213848,167.8422074114482,168.86685362375434,139.27273651039437,96.08689858735148,73.32891749193739,9.11727772142459
side_person13.mp4,side,366,6108,59.92261505093784,848,478,171.25675978042113,167.768939751533,168.49882175598734,139.59592197866635,96.48958794980604,72.45885292230159,9.352131518419666
side_person13.mp4,side,367,6125,59.92261505093784,848,478,170.68695981740998,168.03888321320332,168.18245682359466,139.56656597144917,96.4411667064967,72.38898660066816,9.380818019554495
side_person13.mp4,side,368,6141,59.92261505093784,848,478,169.7890017465421,168.71828739734076,167.7733260567657,140.4713853058682,96.82071062416482,74.2594137762942,9.161855017791497
side_person13.mp4,side,369,6158,59.92261505093784,848,478,168.81715214761792,168.46093142219684,166.92161916214482,139.59094483934524,99.3252436723091,75.04165263149491,8.274834337387837
side_person13.mp4,side,370,6175,59.92261505093784,848,478,168.07291336955012,168.06011942932525,166.6248785857523,138.87188048832002,99.57181871106147,73.97552136992182,7.528301843441724
side_person13.mp4,side,371,6191,59.92261505093784,848,478,167.4663273363047,167.44105410114398,165.9192044647055,136.97233016399613,99.84702895213215,77.1011608398385,7.438675233831695
side_person13.mp4,side,372,6208,59.92261505093784,848,478,166.64411895082642,167.01044932503723,164.95789855346368,136.9065422115541,99.64382063276973,77.3261335368231,7.543331371969897
side_person13.mp4,side,373,6225,59.92261505093784,848,478,165.94727216199385,166.19568441565843,164.56803494325106,137.57967743598286,101.26984150653597,82.14345351745604,7.686375738923151
side_person13.mp4,side,374,6241,59.92261505093784,848,478,165.17989770990872,165.79180177941885,164.11405698296937,137.40103028815955,102.10727603900135,84.26851183510226,7.876922419552391
side_person13.mp4,side,375,6258,59.92261505093784,848,478,164.17549845283574,164.94755253140005,162.91646151480262,136.661308845947,102.35425048057752,86.81374617266394,7.89400663198991
side_person13.mp4,side,376,6275,59.92261505093784,848,478,162.63562365751602,164.05324203959995,160.64339939485498,134.8325378567838,103.42645810534222,90.16576554226849,6.774307870097025
side_person13.mp4,side,377,6291,59.92261505093784,848,478,160.78770136400152,162.463609563625,158.3979781790059,134.2801244289953,103.66118666286903,97.19345388942443,6.8068634223852476
side_person13.mp4,side,378,6308,59.92261505093784,848,478,158.77198233306459,160.8042538126613,156.2431628390137,134.96793981663268,102.92496392567958,93.96799566448541,7.2527564834075795
side_person13.mp4,side,379,6325,59.92261505093784,848,478,157.4232287425334,159.52427991979286,154.65725341421435,135.0639190056473,103.96791601930246,92.91836361542391,7.341873529642148
side_person13.mp4,side,380,6342,59.92261505093784,848,478,155.05195336001503,156.1096643166545,153.44245252957708,139.47662081261578,101.97193233606905,97.72595707898698,7.428223053680546
side_person13.mp4,side,381,6358,59.92261505093784,848,478,153.5507784040494,155.28463695125453,152.4930245767515,139.05833989592608,102.32235679173095,102.91932298526609,7.294199652412057
side_person13.mp4,side,382,6375,59.92261505093784,848,478,153.1096699706932,151.10045465708197,152.7042327989313,144.29463501510028,106.14199854583195,110.32427922292867,7.554488699886529
side_person13.mp4,side,383,6392,59.92261505093784,848,478,151.92548695744608,146.08530579134415,152.07975171745426,149.9550240207499,111.25164903447651,115.1603992937136,7.6837261519940405
side_person13.mp4,side,384,6408,59.92261505093784,848,478,150.3752734664933,141.95978409302097,150.9709893681209,150.49606197286292,109.56347765092274,113.50744497215942,8.154538566078076
side_person13.mp4,side,385,6425,59.92261505093784,848,478,148.2554758310847,139.51563895582433,149.62417460352026,150.6684053549105,109.81100224738582,116.39787239075316,8.325783945851493
side_person13.mp4,side,386,6442,59.92261505093784,848,478,145.78742828269955,140.60014051947454,148.229675901367,147.6528411564888,107.53281463046538,119.29276659831785,8.163162733496518
side_person13.mp4,side,387,6458,59.92261505093784,848,478,143.42086140855054,143.0930299970155,146.0879733855975,142.79805351687145,105.18849159440117,116.77477329722672,8.546208510552258
side_person13.mp4,side,388,6475,59.92261505093784,848,478,141.17384986421226,141.66968502670326,142.73222070828186,141.31239777395527,104.79198211813099,118.671064147617,8.949952613972638
side_person13.mp4,side,389,6492,59.92261505093784,848,478,138.49643173682557,140.80569269904612,138.52891980683464,139.26274538787678,105.47126106221889,122.37921558469601,9.45479950799108
side_person13.mp4,side,390,6508,59.92261505093784,848,478,135.599300598462,140.34601204207073,135.56029430211495,136.29226836920915,105.73504676771513,117.07024540533867,9.442798440315876
side_person13.mp4,side,391,6525,59.92261505093784,848,478,133.03013601038484,137.73384247207977,134.18605433318046,136.58975268607628,101.19122310516767,125.09559247469484,11.258159538780166
side_person13.mp4,side,392,6542,59.92261505093784,848,478,131.55099740268307,136.68040316725342,133.37611497807936,134.40488384204554,105.3281867510234,136.48295729725268,11.552007285863258
side_person13.mp4,side,393,6558,59.92261505093784,848,478,130.16947720128002,136.38555472875598,132.41986372912166,131.41535222801653,112.76326766747164,141.07480403181572,11.419746582774064
side_person13.mp4,side,394,6575,59.92261505093784,848,478,128.15735628371175,133.1767111811582,130.44564199036006,132.04392953945197,114.29153425990266,138.52954051233962,12.450576970904232
side_person13.mp4,side,395,6592,59.92261505093784,848,478,125.681866060001,130.8856631245111,127.73430406442917,131.78530513808377,112.96516442373344,134.64713026231308,14.510856063403436
side_person13.mp4,side,396,6609,59.92261505093784,848,478,122.19419071821297,131.12948511243476,125.65035263065366,129.37922241503483,112.15191623045664,137.6762525392873,15.111057942507088
side_person13.mp4,side,397,6625,59.92261505093784,848,478,120.6840808625113,131.82406225090173,122.95883890748553,128.6316228001098,109.99787502482232,141.92929795878513,18.665069414501648
side_person13.mp4,side,398,6642,59.92261505093784,848,478,116.63781111262432,131.47733585754338,120.09908657859853,124.41905866325088,113.75467649297647,144.81966583733214,18.22144214984498
side_person13.mp4,side,399,6659,59.92261505093784,848,478,113.34494607955077,129.921098714542,118.16614546253862,121.2273392382333,117.9188486490311,141.86290865024557,17.69150374506335
side_person13.mp4,side,400,6675,59.92261505093784,848,478,110.95650844311295,127.37960229916467,115.69297127993526,117.75088194278844,115.4116760388556,141.70902590188766,18.424479325876135
side_person13.mp4,side,401,6692,59.92261505093784,848,478,108.54667591535329,125.04074206242281,112.0529905906906,118.06863221235662,116.46024897009853,144.89759780126175,23.098051581109097
side_person13.mp4,side,402,6709,59.92261505093784,848,478,105.75685392883429,123.93463781575672,107.23575320023497,116.25702832980451,114.45735511482538,148.78678469346994,27.301830225988148
side_person13.mp4,side,403,6725,59.92261505093784,848,478,102.88137502001196,124.03743740631712,104.47230108644973,113.11414093241494,117.58818154742507,149.52927105061661,27.517059735954945
side_person13.mp4,side,404,6742,59.92261505093784,848,478,100.6418954250522,123.08957838544937,102.18519604228281,110.81762789709525,119.75477644981616,149.44201453006116,28.21650293304474
side_person13.mp4,side,405,6759,59.92261505093784,848,478,98.6410842526882,122.78489279676218,99.70445672438727,110.00508489772142,117.61757139087709,149.09047498297087,29.91381397132557
side_person13.mp4,side,406,6775,59.92261505093784,848,478,96.29767447152274,121.65834020177512,96.97099581252547,108.3585899268579,117.0709930324728,147.52472452296024,31.425110778540272
side_person13.mp4,side,407,6792,59.92261505093784,848,478,94.01656851418987,119.95178952738006,95.05357472247057,104.80429817216285,115.61754471073381,148.17372153658553,30.427993242305188
side_person13.mp4,side,408,6809,59.92261505093784,848,478,92.61050922413021,120.62890822770017,93.12973737179551,104.07374537323827,114.12109197496405,151.23611650556396,30.970846187428236
side_person13.mp4,side,409,6825,59.92261505093784,848,478,90.61718566121979,121.44527954546447,90.88184597077064,103.81603167976233,114.37514602677189,151.58502283654047,31.97769185866144
side_person13.mp4,side,410,6842,59.92261505093784,848,478,88.6229456076893,123.85795670383376,88.53546182266409,103.25861044598918,113.88572079379705,150.89900625018427,32.83239874589114
side_person13.mp4,side,411,6859,59.92261505093784,848,478,86.29833681385746,123.21817975388471,86.88616150633639,101.93757430694407,114.74171729313242,149.12255734548899,32.533563449386364
side_person13.mp4,side,412,6876,59.92261505093784,848,478,86.2456841140723,123.8468837620666,87.34164819612964,103.73222859848974,117.25949024723879,148.4251978611949,33.81738985241123
side_person13.mp4,side,413,6892,59.92261505093784,848,478,84.45177234906353,123.64171924308388,85.1529838965241,105.06180370407526,115.52825333427401,148.56129400405624,35.90137171777837
side_person13.mp4,side,414,6909,59.92261505093784,848,478,81.78356227497056,122.75641672335388,82.2406551520348,105.47360484835345,115.14541617018878,148.00294986616595,37.1461049596725
side_person13.mp4,side,415,6926,59.92261505093784,848,478,79.54443362979521,121.82596110301031,79.7620542145647,104.22443083548909,114.99103989589244,146.4660962125309,37.05052451807935
side_person13.mp4,side,416,6942,59.92261505093784,848,478,75.84204073581535,121.11706217775559,75.73366052584905,104.37052689857906,113.41816617942177,142.94326128969138,38.007230265419345
side_person13.mp4,side,417,6959,59.92261505093784,848,478,73.31627489837146,120.22281887693697,73.1439919538054,103.75349772329142,114.52204692879477,143.40911038592617,38.48098132448586
side_person13.mp4,side,418,6976,59.92261505093784,848,478,69.5676645647658,119.58937176936654,69.44795448358184,103.0453945009442,115.08934615456214,142.17372055949343,38.448844997570035
side_person13.mp4,side,419,6992,59.92261505093784,848,478,65.11321453243754,120.15858709440377,64.6730003445627,104.41420156665768,116.64863033901352,145.05278554021035,40.329147243017296
side_person13.mp4,side,420,7009,59.92261505093784,848,478,57.97698558779759,119.28545956903191,57.372345879101424,103.77717464273222,118.6822851742707,144.58177912736446,41.006940435114885
side_person13.mp4,side,421,7026,59.92261505093784,848,478,50.24483341627616,116.21368737410005,49.32318147653747,101.05926990383388,122.09994835783073,145.20262391858296,41.54398620952656
side_person13.mp4,side,422,7042,59.92261505093784,848,478,48.604119556044374,114.18238765375914,47.34327616963005,98.97199263131242,123.05564234725759,146.23190963784205,40.99990309441302
side_person13.mp4,side,423,7059,59.92261505093784,848,478,47.77276725219303,113.93769187177881,46.9914829404212,98.65488954242257,120.65263815627755,146.6567895942776,41.206292997929765
side_person13.mp4,side,424,7076,59.92261505093784,848,478,44.27402973780552,114.12446296252396,43.03219960453326,97.55695697652618,120.64005492042808,147.37943286355738,40.96483022488617
side_person13.mp4,side,425,7092,59.92261505093784,848,478,44.91532239554329,116.09506632544722,44.34173202114812,97.16133530759534,110.54705506266927,149.6973426085356,40.590398039482025
side_person13.mp4,side,426,7109,59.92261505093784,848,478,45.23796181407121,115.50703874496108,46.166452152217566,95.32266619604249,126.1472071243538,148.44327276768306,39.90278484410522
side_person13.mp4,side,427,7126,59.92261505093784,848,478,44.03073966049687,115.68668007248205,45.07791042717218,95.68619207231771,127.88658805899227,148.8652871058113,40.18840360505782
side_person13.mp4,side,428,7143,59.92261505093784,848,478,43.793392242886,113.98785917914296,44.85657267632953,93.2084659576677,128.00520065979552,146.98736485451732,39.932807861335014
side_person13.mp4,side,429,7159,59.92261505093784,848,478,45.48040224475804,114.08303854680051,45.82894089854697,93.07600175619176,127.94035645301807,147.1226135462762,39.640173198554024
side_person13.mp4,side,430,7176,59.92261505093784,848,478,44.38907714977355,112.23146795186098,45.053480989600615,91.86881893218829,129.35777488600633,150.70390377275257,39.586726503200644
side_person13.mp4,side,431,7193,59.92261505093784,848,478,41.929766754064715,108.69069716354126,43.24008891346933,92.09149990431912,127.5887237744971,148.53863561811596,40.263674493531475
side_person13.mp4,side,432,7209,59.92261505093784,848,478,41.38719061691391,107.40823628061962,42.460067902011104,91.62897873386939,125.86372600098593,147.71576756968443,40.64485727672002
side_person13.mp4,side,433,7226,59.92261505093784,848,478,43.819105331715804,106.41397568123296,44.854802805467365,86.14974390407191,126.08684182960155,146.29561749890328,37.22526949292385
side_person13.mp4,side,434,7243,59.92261505093784,848,478,44.50656718052877,106.86536223291172,45.315994465406,86.29210744524046,124.72315173744668,146.28591395248483,37.47653586018625
side_person13.mp4,side,435,7259,59.92261505093784,848,478,43.90981680913486,107.82834290776253,44.76904049584887,88.93158660517834,125.32049518151842,146.4364805285986,38.82899428000533
side_person13.mp4,side,436,7276,59.92261505093784,848,478,43.4985439778681,107.56969016293564,44.216081169175304,90.82845400849845,124.61117043275185,147.48763523077088,40.255475437394296
side_person13.mp4,side,437,7293,59.92261505093784,848,478,44.00487785361367,111.51651716018806,45.30217745531546,92.45913361204406,126.32780762821933,148.39457980041004,39.93756466835001
side_person13.mp4,side,438,7309,59.92261505093784,848,478,45.29810670387084,113.62209132098445,45.49439185189342,95.32382835199621,126.9976222556254,148.27847231613543,41.05396833351779
side_person13.mp4,side,439,7326,59.92261505093784,848,478,47.71632016606719,117.81235063348628,47.39038934474088,97.13170743708766,124.61294859208805,148.77383186028993,40.7949398333268
side_person13.mp4,side,440,7343,59.92261505093784,848,478,55.59029190797585,119.09020744942474,55.5624973251643,94.86857062491386,123.31098888292468,147.26322383139166,38.80522567427061
side_person13.mp4,side,441,7359,59.92261505093784,848,478,61.83915117134785,119.14668401641966,62.36280034773995,96.838844829939,126.04788851886316,148.92890816314193,39.17545757693451
side_person13.mp4,side,442,7376,59.92261505093784,848,478,63.31727624342832,120.63451290952084,63.19788416329621,98.31937588036907,122.73198540598433,146.96075126601772,39.1188874065063
side_person13.mp4,side,443,7393,59.92261505093784,848,478,69.37877334473775,122.48458013474051,69.15247063960527,100.24854856459216,122.92441950847251,147.8479621680606,39.19547175348619
side_person13.mp4,side,444,7410,59.92261505093784,848,478,69.94268456570725,121.80858680892788,69.03404899334674,100.41455755256773,122.75800378026315,151.1800818414263,39.066546882502315
side_person13.mp4,side,445,7426,59.92261505093784,848,478,75.64860189152196,121.95427300906893,74.62858803761927,100.86248835862263,122.37179748841689,150.57239442029194,38.83833308148835
side_person13.mp4,side,446,7443,59.92261505093784,848,478,74.45292505650757,122.25686760861352,72.96800595089417,102.49428388828271,109.32191732850228,148.34860375452672,39.36381713644271
side_person13.mp4,side,447,7460,59.92261505093784,848,478,77.57094565485515,123.65892708727961,75.49846970286437,105.07679471601213,114.57088955565759,144.33425059590272,39.78462974771464
side_person13.mp4,side,448,7476,59.92261505093784,848,478,84.39519825988481,124.72345658791852,82.61017625441266,106.37145145903891,119.99423740206723,142.6265927891785,39.34931021740927
side_person13.mp4,side,449,7493,59.92261505093784,848,478,82.78112867980929,125.21821263095717,80.12010216745622,107.05332069601799,112.94136146320886,139.78590508505167,38.86137768100448
side_person13.mp4,side,450,7510,59.92261505093784,848,478,84.57754019930084,125.98587158049808,81.58741166703625,108.24618306687057,111.24530942418811,138.77992435830117,38.26858378044433
side_person13.mp4,side,451,7526,59.92261505093784,848,478,89.42442924735931,126.89658888589143,86.84391342527172,107.60426866353666,115.39053382014531,138.2326902878702,36.4841428151306
side_person13.mp4,side,452,7543,59.92261505093784,848,478,92.27372467338306,127.50171102390615,89.32679234654157,107.4679977336828,116.48175315078846,137.72132309652568,35.3938715846399
side_person13.mp4,side,453,7560,59.92261505093784,848,478,95.47916856216965,125.13877097288031,92.78046429398842,106.133332359425,111.15593147841288,138.2891124265429,33.04875049439917
side_person13.mp4,side,454,7576,59.92261505093784,848,478,96.956283977312,123.93192365636216,94.05311529216625,105.69834250048943,109.00013402357348,139.58880621410236,31.86126385901504
side_person13.mp4,side,455,7593,59.92261505093784,848,478,98.3207457349389,121.69689544508383,94.89131710958439,106.63487290366078,108.79684326914949,139.68694448315296,31.496913729327154
side_person13.mp4,side,456,7610,59.92261505093784,848,478,101.06304438788673,121.04737452536692,97.33117485771417,109.62241340132063,109.93685780721094,140.7281206689566,32.03830220498212
side_person13.mp4,side,457,7627,59.92261505093784,848,478,103.4159409658383,122.82667653575373,99.65106444295748,110.75139798980305,111.06985158279248,142.72875341169942,31.43142703079556
side_person13.mp4,side,458,7643,59.92261505093784,848,478,105.52476067017813,122.48772597735285,102.40088231869501,110.93015215727185,110.97687280635485,139.85826256410192,29.751526893703502
side_person13.mp4,side,459,7660,59.92261505093784,848,478,107.20607955616337,119.77971411392107,104.4330012646862,111.54065334127924,111.67548207364999,137.70693597677598,28.218086925151553
side_person13.mp4,side,460,7677,59.92261505093784,848,478,108.30193670085777,116.27255302748357,105.40940758582133,112.53209727000095,112.29675434469054,138.01293306893083,27.890979639252045
side_person13.mp4,side,461,7693,59.92261505093784,848,478,110.61219983700926,115.5556606479004,108.74563344107624,112.58859940887402,112.7114786074065,137.01822893844277,24.205436900400844
side_person13.mp4,side,462,7710,59.92261505093784,848,478,113.08247934043666,118.22869456815658,112.50467809956898,111.49833335141028,113.37423685587434,139.20076629162637,17.345526725001953
side_person13.mp4,side,463,7727,59.92261505093784,848,478,114.14176011832667,117.50069203055389,114.4312461816813,113.24994295735146,113.57889475841979,137.34099105237868,15.700588026628663
side_person13.mp4,side,464,7743,59.92261505093784,848,478,115.69260630858032,119.63157702072257,115.03623583391092,114.7925882819407,110.9654199106853,138.50218969304197,16.10522105504007
side_person13.mp4,side,465,7760,59.92261505093784,848,478,117.26687364495223,122.08889575461475,116.68366350873858,115.52136135335695,110.27573759563664,139.84465211639272,15.801915510286126
side_person13.mp4,side,466,7777,59.92261505093784,848,478,119.55091951461468,123.39404032471988,117.52100367364218,118.96900071081417,106.72147825486199,133.2271924980884,17.492913048342846
side_person13.mp4,side,467,7793,59.92261505093784,848,478,121.13480995046282,122.85583317474733,119.17301371129236,121.54254942767099,107.1487563657078,129.62712236704303,17.44768172441914
side_person13.mp4,side,468,7810,59.92261505093784,848,478,122.95516141911926,123.43895991048394,121.26540993074806,123.64194007734415,106.43891650600287,129.20507900294115,15.683674608601759
side_person13.mp4,side,469,7827,59.92261505093784,848,478,125.94471385486472,125.56180742979137,122.42089606795624,126.2087085019745,105.8786127607328,129.1191582989382,15.971271074529756
side_person13.mp4,side,470,7843,59.92261505093784,848,478,127.5087813206355,124.84739636487477,123.74479161392244,128.98373603569442,105.38729911869191,126.2107681411702,15.373147151612658
side_person13.mp4,side,471,7860,59.92261505093784,848,478,129.50869059858212,125.49476147020404,124.74166833629687,132.00151181904806,103.82261377587412,122.66221585942158,15.048266867874187
side_person13.mp4,side,472,7877,59.92261505093784,848,478,131.02675388508436,127.31303801044344,127.10296050182123,133.62274906181037,103.66509943901158,122.60226766646558,13.61065302872742
side_person13.mp4,side,473,7894,59.92261505093784,848,478,131.9694755642854,129.8219436539884,130.04433485928612,134.77001517899214,103.77413142484224,122.27183731186447,12.315000486191286
side_person13.mp4,side,474,7910,59.92261505093784,848,478,134.22344851304453,130.88105551636664,131.6489215296606,136.84641420440622,103.12424273481706,121.81695496012793,11.97867516076651
side_person13.mp4,side,475,7927,59.92261505093784,848,478,136.40285132520873,131.86186449577806,132.4772287656683,139.42088445311185,102.12425500092041,124.96949813910872,12.684866486417471
side_person13.mp4,side,476,7944,59.92261505093784,848,478,140.5694091428334,142.62315427908806,133.85233661747162,135.7570187040891,103.4281156638339,111.25351066913692,12.485652366207985
side_person13.mp4,side,477,7960,59.92261505093784,848,478,142.17704182548562,145.95059731302655,136.40053966041248,134.2262438467358,102.33356110468917,109.0608369041833,11.468280011424726
side_person13.mp4,side,478,7977,59.92261505093784,848,478,146.10482724697587,151.62333223447268,138.40181905576512,130.0929638600962,103.88694585860047,105.72578408148011,11.140084135001219
side_person13.mp4,side,479,7994,59.92261505093784,848,478,147.76317710105252,154.93005256911124,139.99259616512433,129.55631286950498,102.558569460003,96.09804690029559,11.226146701914422
side_person13.mp4,side,480,8010,59.92261505093784,848,478,149.14788942068313,154.50510856159028,141.88739888362156,133.52107383891442,102.25328856388822,97.73966273590666,11.10325973757739
side_person13.mp4,side,481,8027,59.92261505093784,848,478,151.6310139698709,156.5337419219834,144.43816802319768,134.15371037734377,102.52015212659704,93.62874898897631,11.09574266886343
side_person13.mp4,side,482,8044,59.92261505093784,848,478,155.47537495457186,158.44948674710523,148.04010430427707,134.5267420228206,106.89789416862303,87.07602041335655,10.524196331233231
side_person13.mp4,side,483,8060,59.92261505093784,848,478,157.3921883756222,159.6063255820331,149.87128541261697,135.14238985432175,103.83612960370432,88.4909091216494,10.084068812029031
side_person13.mp4,side,484,8077,59.92261505093784,848,478,159.01070176544118,161.09221900835922,150.58401532961955,135.86221749720895,101.82298390280768,81.97050821134171,10.318816181172624
side_person13.mp4,side,485,8094,59.92261505093784,848,478,160.5214752675127,162.48586744703624,151.64127854780793,137.1721993651905,101.22496244090553,83.22450028235909,10.342035689210151
side_person13.mp4,side,486,8110,59.92261505093784,848,478,162.7290128192231,165.91203412609,152.66787392941507,133.4640649889011,101.96660552799621,78.10418040759342,10.015880309095156
side_person13.mp4,side,487,8127,59.92261505093784,848,478,164.14581220180844,165.53352021801996,154.00893943453363,132.99749500625154,103.86750018450618,80.33379233014159,10.12431214782317
side_person13.mp4,side,488,8144,59.92261505093784,848,478,165.39204673584658,165.26850529420955,157.09878014405197,134.1763711199658,97.3527072885304,82.86414375069543,10.020464236300189
side_person13.mp4,side,489,8161,59.92261505093784,848,478,166.48272694302275,164.77113190855118,158.3963209490664,134.88769490994625,96.00468665570547,85.027003811605,9.386587667494604
side_person13.mp4,side,490,8177,59.92261505093784,848,478,168.05266101121632,166.10978187146833,159.55867412927208,133.7327213590891,97.86623710580162,84.91612441936161,8.53303166011678
side_person13.mp4,side,491,8194,59.92261505093784,848,478,169.40470508573108,168.14821243701493,161.57654137710645,133.00060588743722,96.29461615416986,81.94669512205463,8.656451240629831
side_person13.mp4,side,492,8211,59.92261505093784,848,478,170.7678482855241,168.7542267374594,163.26138588668724,133.675960360951,97.46808442832997,83.52382168501161,8.559873336427318
side_person13.mp4,side,493,8227,59.92261505093784,848,478,172.01330811884642,169.11691359811942,164.22502333107667,132.78593084874137,96.94919740515984,83.04572493813116,8.91357071582272
side_person13.mp4,side,494,8244,59.92261505093784,848,478,172.81423732407953,169.23371905506238,164.6139222839072,133.65818551370737,98.06548255288439,83.01183123243119,8.883936934741888
side_person13.mp4,side,495,8261,59.92261505093784,848,478,173.30535831697398,169.73144466807628,164.6605500592367,134.19248554974908,99.54327111757932,81.52343876904325,8.800895122321634
side_person13.mp4,side,496,8277,59.92261505093784,848,478,173.9250164892023,169.84640414026052,165.30982822131665,134.9257281239525,100.61909703252009,80.34043651628124,8.725812207097508
side_person13.mp4,side,497,8294,59.92261505093784,848,478,174.47707574484045,170.00180701338013,166.25714904652696,135.62830921781,99.67548328169279,78.4814212717068,8.646614922329123
side_person13.mp4,side,498,8311,59.92261505093784,848,478,174.94529615951566,170.0581705934132,166.38997660285847,135.3899889900227,100.24116726153203,77.53851943236579,8.607365872269938
side_person13.mp4,side,499,8327,59.92261505093784,848,478,175.36606477693965,169.80929135523732,167.74873264645717,136.87961903560895,96.49219579565082,74.34800709882794,9.047995924959205
side_person13.mp4,side,500,8344,59.92261505093784,848,478,175.59458392524718,169.9207121032972,167.57621565988657,137.18205037342207,98.43056972834641,73.8251012996659,9.283931081625271
side_person13.mp4,side,501,8361,59.92261505093784,848,478,175.8699290373088,171.58118984887128,168.24657872899556,137.44660943282108,97.8333222395802,71.75240530756925,9.148704853578224
side_person13.mp4,side,502,8377,59.92261505093784,848,478,175.9452689770944,170.90996449619766,168.4423132233651,138.35691728538032,97.4594207758762,72.48264316553669,9.38848363917232
side_person13.mp4,side,503,8394,59.92261505093784,848,478,175.95095390378654,170.368021447465,167.99552611805373,138.25767755393642,98.15333542076851,73.20544138423232,9.428409135867616
side_person13.mp4,side,504,8411,59.92261505093784,848,478,175.94890419006762,170.07942347225182,168.3108989349262,138.69465033353399,97.03767698962632,73.3626751879835,9.608980053633335
side_person13.mp4,side,505,8428,59.92261505093784,848,478,175.87993621496818,170.9715927486403,168.4330904342431,139.18387795481547,97.03505991332959,71.81972868486957,9.61229203600635
side_person13.mp4,side,506,8444,59.92261505093784,848,478,175.87421586264497,170.09192959996514,168.2766633160765,139.12307892866195,97.82751929279897,71.87231246691924,9.670405622897965
side_person13.mp4,side,507,8461,59.92261505093784,848,478,175.64653005509317,171.2190035153334,168.88646172879973,139.48436844536533,96.33327029985385,69.86487516240757,9.46959375476393
side_person13.mp4,side,508,8478,59.92261505093784,848,478,175.60551774031956,170.56262884208954,168.58189891179268,139.4052060350214,98.03565117732998,71.3546221011582,9.455574085421471
side_person13.mp4,side,509,8494,59.92261505093784,848,478,175.52885663455757,171.11658417970904,168.7316577178965,140.31132183347813,97.5285979611553,70.01369947465635,9.24069779510765
side_person13.mp4,side,510,8511,59.92261505093784,848,478,175.54774616251143,170.1947431168084,168.7776550042221,139.3699430042996,98.28060256541806,71.15913797118822,9.192307662625726
side_person13.mp4,side,511,8528,59.92261505093784,848,478,175.45079233273026,171.1214488245525,168.76729291350594,139.49547813356435,98.3798417996403,69.712676538448,9.030674071073339
side_person13.mp4,side,512,8544,59.92261505093784,848,478,175.41527086067651,170.8272546606771,168.8368907176056,139.413931462849,98.73877493446662,70.29940757165731,8.968998086955907
side_person13.mp4,side,513,8561,59.92261505093784,848,478,175.5147703439707,171.16951300451328,169.18611660315344,139.57112557888598,96.86138549530382,68.96895300705563,8.968730202340533
side_person13.mp4,side,514,8578,59.92261505093784,848,478,175.53135974810792,170.9290403644113,169.3377491992106,139.74414777977992,96.7371472076571,69.65808255202366,9.049826759306681
side_person13.mp4,side,515,8594,59.92261505093784,848,478,175.46162229934887,171.31918110597778,169.44754120726358,140.83542135495918,96.04759554026343,68.28208653931912,8.967895165410527
side_person13.mp4,side,516,8611,59.92261505093784,848,478,175.1894980457848,171.219286841267,169.26361034277562,140.57800469181262,95.82766015455064,69.83694925560091,8.810623932760603
side_person13.mp4,side,517,8628,59.92261505093784,848,478,174.8440536424662,171.04592340597918,169.15397186462943,140.63012773003575,96.0906437554868,69.56016181493531,8.634389764639334
side_person13.mp4,side,518,8644,59.92261505093784,848,478,174.27508449235924,170.66866194865196,169.12023560463612,140.02849531644551,97.07772070502043,70.8168738004071,8.460168595326927
side_person13.mp4,side,519,8661,59.92261505093784,848,478,173.7208483926565,170.22411248109674,168.76178176176828,139.82158127856988,96.82947512091513,71.06940459988647,8.362945774742675
side_person13.mp4,side,520,8678,59.92261505093784,848,478,173.07595331420663,170.343589616291,168.5040606883204,140.5555855668668,97.1455154687088,69.37831767541148,7.984509588092666
side_person13.mp4,side,521,8695,59.92261505093784,848,478,172.07045522252778,170.24888900879245,167.91649190880293,140.32061531800053,98.1825819150281,70.39208261423697,7.987278499752936
side_person13.mp4,side,522,8711,59.92261505093784,848,478,171.26851692521723,169.3859820736152,167.3681518399767,137.75843739083723,99.2464511940367,74.98722680647123,7.942101512567324
side_person13.mp4,side,523,8728,59.92261505093784,848,478,170.5474515529898,169.30802249117644,166.95569046412155,136.80029605759142,99.57428737864052,74.51849622816957,7.75640791611261
side_person13.mp4,side,524,8745,59.92261505093784,848,478,169.70967074888654,169.2334742862439,166.22043925163328,134.9595517671258,101.08788190736816,75.27142526714164,6.98758949293301
side_person13.mp4,side,525,8761,59.92261505093784,848,478,169.15586797462817,168.70666712334798,165.27286157674666,131.4440976343367,101.71094174696744,83.40876641596168,6.858782180778946
side_person13.mp4,side,526,8778,59.92261505093784,848,478,168.484674806301,168.60579799781416,164.67494178374162,131.86277806677936,101.6762746296435,80.15442952864858,6.758256547689088
side_person13.mp4,side,527,8795,59.92261505093784,848,478,167.68192602750142,167.78762157808356,163.81160849410492,132.04230059706754,101.13367738355224,82.38849805185505,6.901504875648087
side_person13.mp4,side,528,8811,59.92261505093784,848,478,166.62510507820755,166.6486318837764,162.1709433598458,132.26064029974296,101.74540863158049,86.0899831445027,6.960131523242671
side_person13.mp4,side,529,8828,59.92261505093784,848,478,165.80954891588308,166.1827282095037,162.13680380729863,132.1375870986181,100.29649295588897,88.37306956240641,7.040677732969648
side_person13.mp4,side,530,8845,59.92261505093784,848,478,164.97799096451362,165.77206038937808,160.43634837277062,131.18091228943203,102.4712986122685,86.56359818162454,6.877217616478116
side_person13.mp4,side,531,8861,59.92261505093784,848,478,163.90718909047845,163.606300336098,160.76852612138765,131.8320863633631,100.10499081629666,88.28648622081329,6.48280096734918
side_person13.mp4,side,532,8878,59.92261505093784,848,478,162.34804997382315,162.13247489985613,158.71532038465355,131.09584279754384,102.0468581450072,88.6867335762057,6.059032029219555
side_person13.mp4,side,533,8895,59.92261505093784,848,478,160.68753934274142,160.35078996406833,157.013574180334,131.91915402894966,102.15815862337261,91.41520609868002,6.220284797070368
side_person13.mp4,side,534,8911,59.92261505093784,848,478,159.13049141975688,159.49235225457798,155.93450701624215,132.67696731059783,101.20098617956171,95.40875725601201,6.550805567620978
side_person13.mp4,side,535,8928,59.92261505093784,848,478,157.9535441464522,158.75521894793383,154.82386857500063,132.65622356743452,101.92025171662722,98.32274425996775,6.55121584202998
side_person13.mp4,side,536,8945,59.92261505093784,848,478,155.66274851739948,155.0822260268283,152.98977225139464,136.94599797602785,101.0512172933153,110.23126058719286,6.9285168756539575
side_person13.mp4,side,537,8962,59.92261505093784,848,478,155.01981076637608,155.50964624413254,153.33489219357108,134.76886540264448,102.28282168208341,114.7650252731111,6.505117879373732
side_person13.mp4,side,538,8978,59.92261505093784,848,478,153.9430125572961,149.54071760676644,153.68627428831553,145.22790252748226,105.93062830882309,112.65495984629509,6.28942338341757
side_person13.mp4,side,539,8995,59.92261505093784,848,478,149.52791736592522,141.9424503618704,152.85400763120478,153.5489048742997,104.65651394040744,113.46356267034734,6.75710611612254
side_person13.mp4,side,540,9012,59.92261505093784,848,478,146.6710462925618,141.24610121753915,152.07774957851214,153.73903442301963,103.35402304050533,115.71997715258657,6.6570094330396525
side_person13.mp4,side,541,9028,59.92261505093784,848,478,146.22088507576316,139.72388874590254,151.38704866273966,152.12732330915904,102.14926021813403,117.02810169237148,6.63663276224806
side_person13.mp4,side,542,9045,59.92261505093784,848,478,144.76018813228063,139.40305318003618,150.28466368476978,150.6497677500089,102.72847519043616,115.47234813691509,7.186915223811144
side_person13.mp4,side,543,9062,59.92261505093784,848,478,143.4583202313592,139.88155918872837,148.6775545296089,147.77468531054603,99.41962697830304,118.25410013337343,7.550712065954572
side_person13.mp4,side,544,9078,59.92261505093784,848,478,141.12572895662402,138.84561989154344,146.46310184327658,146.8341022706546,97.69077524874288,118.27609052956686,8.221344896612624
side_person13.mp4,side,545,9095,59.92261505093784,848,478,138.90666399561655,135.1074165574003,144.34947767733533,146.9314814395741,99.47341689269768,120.48098021869134,8.116126686746195
side_person13.mp4,side,546,9112,59.92261505093784,848,478,137.10815894662673,134.3391866196468,142.7458388192601,144.53521054200965,101.4825288807489,121.82946021390468,8.16740631372276
side_person13.mp4,side,547,9128,59.92261505093784,848,478,134.6926311740331,132.41141587566514,140.62076383788815,142.72939926820376,103.72663298135872,125.20237237627495,8.406253182939757
side_person13.mp4,side,548,9145,59.92261505093784,848,478,133.33287976800844,134.59614473355037,137.38409188384384,139.54718435443198,111.49396828286449,145.8988833127889,8.761012391124277
side_person13.mp4,side,549,9162,59.92261505093784,848,478,130.9750481688871,133.02878398174713,134.0982290083823,135.41718153241936,109.53980856070834,140.8698788085136,11.677778772438373
side_person13.mp4,side,550,9179,59.92261505093784,848,478,128.78459432428954,132.46485858325119,131.44046414895922,133.84157746253996,107.28660019258835,133.99650027497856,12.831937419465397
side_person13.mp4,side,551,9195,59.92261505093784,848,478,124.67673783938156,131.45752032312453,128.64271841882706,133.33672342637848,110.5752905465349,135.82095581738812,14.97712388614171
side_person13.mp4,side,552,9212,59.92261505093784,848,478,122.31416201005793,132.3750610311273,127.24045213122491,130.51591312787008,109.36984291869628,136.46123275652988,15.714316077676227
side_person13.mp4,side,553,9229,59.92261505093784,848,478,120.93573428576681,132.21257146887305,124.8333362465664,129.78780079906707,109.56132545454645,137.25537428164617,17.91620375422122
side_person13.mp4,side,554,9245,59.92261505093784,848,478,118.86612404866428,133.82455442227922,123.13289911924456,126.58991609529882,112.7447692694507,143.29217195418522,18.85569668951626
side_person13.mp4,side,555,9262,59.92261505093784,848,478,116.46277263680224,132.63853619686967,121.78508431566111,123.72111423831939,117.43269745398597,143.749267552483,18.364949367396544
side_person13.mp4,side,556,9279,59.92261505093784,848,478,114.42062069329604,130.71112842763765,120.1811671278439,119.15373683572332,119.63932093846718,147.94985121526636,17.09223351757835
side_person13.mp4,side,557,9295,59.92261505093784,848,478,112.55599179453675,128.6828191630385,117.79011674476553,116.12955954472018,118.89491347298501,149.2945260429874,16.890923899520267
side_person13.mp4,side,558,9312,59.92261505093784,848,478,110.46322570371515,128.36602191446786,113.77780857573141,119.04567854432072,118.46428592512825,148.76559098145628,24.357981949333485
side_person13.mp4,side,559,9329,59.92261505093784,848,478,108.88501679977476,127.48677184827659,111.43574701974566,116.37181049049437,119.02338317571727,148.52167690048893,25.21305165394601
side_person13.mp4,side,560,9345,59.92261505093784,848,478,106.9981804859633,126.51039986984281,109.21026856618874,114.1859450524653,121.95954283052974,149.5994577847203,25.783086356821997
side_person13.mp4,side,561,9362,59.92261505093784,848,478,105.57527876005636,124.46622208941368,107.04871161134305,110.05729399265603,118.316750484701,144.56330577991662,24.69137794008841
side_person13.mp4,side,562,9379,59.92261505093784,848,478,103.1964177517284,126.16679602901846,104.14402425147014,110.97666274451095,117.70614127011409,145.9961694434255,27.75979228178541
side_person13.mp4,side,563,9395,59.92261505093784,848,478,99.51870339054086,124.82801567517653,99.82471032539661,110.78492793296034,114.4039924965848,143.319933897766,30.50139094847146
side_person13.mp4,side,564,9412,59.92261505093784,848,478,97.8055203045752,126.26640595181613,97.59449354058307,109.63310126972134,113.70625069636188,143.37077067917923,31.86128510365653
side_person13.mp4,side,565,9429,59.92261505093784,848,478,96.48589650677108,125.07763162755067,96.55168364845747,105.63229027649952,111.26127157205927,146.20954650369166,30.00690084373956
side_person13.mp4,side,566,9446,59.92261505093784,848,478,94.64641887604512,122.92219395725738,94.0120983665961,104.3872154996053,109.71572899388555,147.2977140450918,31.126698306565707
side_person13.mp4,side,567,9462,59.92261505093784,848,478,93.44465081738275,123.03428437139269,92.68681695874028,104.18786716162339,111.95192073860693,148.50163662477607,31.59260302007778
side_person13.mp4,side,568,9479,59.92261505093784,848,478,91.60101793360191,122.91007897160057,90.87278678030546,104.85029123523904,113.79561792973811,147.61903810807672,33.522474329235465
side_person13.mp4,side,569,9496,59.92261505093784,848,478,89.02655992334381,124.04310044626038,88.05225973957658,106.4021506258934,114.0070875517278,148.3432209865382,36.09252866796433
side_person13.mp4,side,570,9512,59.92261505093784,848,478,86.10795323552782,122.49514888428828,85.50735842486527,105.13636495311525,114.99908298166139,147.35255879740464,35.851330774976596
side_person13.mp4,side,571,9529,59.92261505093784,848,478,83.31437914107093,122.5041823722763,82.6827012533261,105.7326094861442,114.86403105641914,147.77062266924148,37.69796632423779
side_person13.mp4,side,572,9546,59.92261505093784,848,478,77.56180506344064,123.71227022591793,76.14882730540856,106.38279811995406,115.99171612624265,149.03912354228683,38.364574068425114
side_person13.mp4,side,573,9562,59.92261505093784,848,478,74.32740922850644,123.1212367252969,72.51200576745451,107.30954015969253,115.03339304019318,148.84353343731328,40.285609112529826
side_person13.mp4,side,574,9579,59.92261505093784,848,478,70.27904312686651,123.07536438106538,67.67729276074736,107.91733035495547,114.53109475184819,148.31004607325093,41.94968957773196
side_person13.mp4,side,575,9596,59.92261505093784,848,478,64.52678195061839,124.13066461789734,61.84652420035088,107.94344417893781,114.23997307240461,147.60963891754326,43.248836501195406
side_person13.mp4,side,576,9612,59.92261505093784,848,478,62.01440418828055,119.06393147775445,61.04196699547932,103.15090833934988,121.06748162669965,147.07503825106875,41.72731888152355
side_person13.mp4,side,577,9629,59.92261505093784,848,478,57.793280875933405,119.9815364600716,57.26821638898635,100.01178385659128,121.7603257714257,146.4085636945969,39.4301714768072
side_person13.mp4,side,578,9646,59.92261505093784,848,478,52.16456736494397,118.30067769379457,51.44054062241651,98.33100551364059,129.97673908436784,145.60996566458869,39.27978608106542
side_person13.mp4,side,579,9662,59.92261505093784,848,478,48.68258278858301,118.00829483338441,46.85844677764255,99.0737232807563,127.19546239361418,148.40394239317416,40.470559198284946
side_person13.mp4,side,580,9679,59.92261505093784,848,478,46.051499453350154,111.53675724804859,44.31888876394558,95.76599522257881,126.53088171870911,149.19244983662543,40.83974181592986
side_person13.mp4,side,581,9696,59.92261505093784,848,478,44.02915739348521,107.7366785144563,41.83630411032996,93.07776997788667,124.4934224711223,147.42260279456804,40.92784454368205
side_person13.mp4,side,582,9713,59.92261505093784,848,478,43.225139835838064,108.29431031459089,40.671072820360415,92.69790796671435,124.41842804756513,145.8773381580589,41.108561073155606
side_person13.mp4,side,583,9729,59.92261505093784,848,478,42.267518230846086,108.0658213050634,41.047965739639444,88.75961591573633,123.30562285741694,149.00773103424697,40.35762874620793
side_person13.mp4,side,584,9746,59.92261505093784,848,478,44.225241832253815,108.15175338888177,42.27340177837628,87.61502439988078,134.09963123661686,149.39029622801917,39.945594160674396
side_person13.mp4,side,585,9763,59.92261505093784,848,478,42.790434750778424,106.59167565210718,41.85195369581789,87.05088795560752,132.36144031911894,149.82721596468113,40.234765634977066
side_person13.mp4,side,586,9779,59.92261505093784,848,478,41.75293738165719,104.90920598082796,41.38810837357027,85.65319901040918,130.74478545600707,148.5438535639114,39.85951860353362
side_person13.mp4,side,587,9796,59.92261505093784,848,478,40.464975472540225,103.83970045740487,40.435452532348066,84.9552900139781,127.83107794766916,147.88710873899228,40.25941696337512
side_person13.mp4,side,588,9813,59.92261505093784,848,478,41.21007019921429,103.58698815905302,41.67530783849969,83.19012984146886,126.37918028414947,147.35091444334086,38.90199410009664
side_person13.mp4,side,589,9829,59.92261505093784,848,478,40.39138526797468,97.60128012266408,40.286206783249234,79.82058322920878,124.84354816537264,146.30897384350118,38.94217740452012
side_person13.mp4,side,590,9846,59.92261505093784,848,478,41.336579562475485,94.19721893673184,40.577182335636145,78.36166830917746,124.62023437657838,146.25625253687377,39.23530174107043
side_person13.mp4,side,591,9863,59.92261505093784,848,478,41.745606578866635,97.68450485193733,41.232828792913644,80.36844544270927,125.2540599106074,146.86028961460678,39.23379139683665
side_person13.mp4,side,592,9879,59.92261505093784,848,478,40.78079954338424,98.93234345453624,40.710894247823255,81.0118636393529,124.80886116352022,146.4182366776904,39.25219144471726
side_person13.mp4,side,593,9896,59.92261505093784,848,478,41.30044407796229,94.6512524059785,40.67337040841848,79.25187732684631,124.04039596771219,145.3341295997774,39.761624270094906
side_person13.mp4,side,594,9913,59.92261505093784,848,478,42.050163811821676,97.9773298948908,41.055036666118326,81.42211151482186,124.24750881402099,146.2337926183177,39.963590910375444
side_person13.mp4,side,595,9929,59.92261505093784,848,478,42.292785622922935,99.51050556668991,41.53342146259391,82.11471087060748,124.62872792087136,146.93687366363133,39.735121114290784
side_person13.mp4,side,596,9946,59.92261505093784,848,478,42.08071287220294,97.63114848586264,41.740442824692664,80.99061510336543,124.44425699289208,146.8438979706082,39.70354058574933
side_person13.mp4,side,597,9963,59.92261505093784,848,478,41.81510333130066,99.36327244541125,41.99722129027224,81.74544895007764,126.09505403936706,148.48772156581137,39.82441765803059
side_person13.mp4,side,598,9980,59.92261505093784,848,478,42.39707863358152,99.6415008641635,41.92897211916116,83.71734671494299,125.9913725637508,147.23688516690962,41.06745056195645
side_person13.mp4,side,599,9996,59.92261505093784,848,478,42.202886022485934,101.18662188330649,41.362447725226914,84.86676819877067,123.68636158206266,146.52269788597147,41.52669608557432
side_person13.mp4,side,600,10013,59.92261505093784,848,478,42.62913834991615,109.60671611213287,40.88585977994512,91.3024410298401,122.50676064390981,146.85251744370274,43.26166072075118
side_person13.mp4,side,601,10030,59.92261505093784,848,478,45.12797359008578,112.70713186919753,43.55057701204255,94.62810735978499,122.27530784229296,147.05737408677052,42.58057869088126
side_person13.mp4,side,602,10046,59.92261505093784,848,478,47.38782292896786,113.91935170930707,45.50937521193743,96.36941782099275,121.26516014992062,146.6660072107119,42.332475787884796
side_person13.mp4,side,603,10063,59.92261505093784,848,478,49.3648067590443,114.23592706009751,47.268806481810586,97.3294096572754,120.04611790800857,145.96503005964266,42.11614624602422
side_person13.mp4,side,604,10080,59.92261505093784,848,478,52.35707193498174,116.77582644041863,51.27322578077468,100.48407099520347,120.21782427758785,144.74519841893866,42.566413473156075
side_person13.mp4,side,605,10096,59.92261505093784,848,478,54.70345820636534,118.40034147249604,53.7832920292726,103.27297969277154,120.94839794707835,144.40973529065988,43.16833354097433
side_person13.mp4,side,606,10113,59.92261505093784,848,478,66.81037050080302,118.82175812420877,66.8160156435116,104.11692694734317,120.6110945228992,144.76101212378845,42.576086001512714
side_person13.mp4,side,607,10130,59.92261505093784,848,478,67.3127824429147,119.01501605787267,67.2356433694365,104.73250727045851,123.23312385246949,146.4400032641202,42.34453181495825
side_person13.mp4,side,608,10146,59.92261505093784,848,478,67.07128339458698,121.98903574096963,65.90522627717074,106.88187754737149,120.85390746306933,146.50676666665728,42.06518200494474
side_person13.mp4,side,609,10163,59.92261505093784,848,478,72.58992817710592,125.22293834807687,71.01597743217717,108.91370829061142,118.3431842055125,147.14415112066536,41.511846077692375
side_person13.mp4,side,610,10180,59.92261505093784,848,478,79.49704607931831,125.68333821000148,78.53689296266734,108.31181555870532,117.71358697838507,145.4196306435041,39.71516219626951
side_person13.mp4,side,611,10196,59.92261505093784,848,478,78.39909733728345,128.03564988689115,76.50624564751789,109.61824306351524,122.92628470325758,143.75935620838615,39.33654630780797
side_person13.mp4,side,612,10213,59.92261505093784,848,478,76.60238846227614,128.72833041468215,74.60236900639653,109.88385270320886,119.32289993966457,142.75259672439148,38.97982040222118
side_person13.mp4,side,613,10230,59.92261505093784,848,478,80.27234376678315,128.7213921132955,77.95753272380705,108.31646589885534,111.20246152405646,142.54070539131877,37.359569771027644
side_person13.mp4,side,614,10247,59.92261505093784,848,478,81.87892373872542,128.66122947986898,78.39096737104487,109.47438242715819,107.67878134354162,141.8142919951414,37.19271259075776
side_person13.mp4,side,615,10263,59.92261505093784,848,478,89.76479210361602,126.54530222363057,86.72999320708452,110.14925917397598,108.86891131133723,140.74499194167896,36.609409362262355
side_person13.mp4,side,616,10280,59.92261505093784,848,478,93.79171003238797,124.94837413543794,90.36776072711226,109.9495413741569,109.77514456150682,141.5714234428195,35.58055259384118
side_person13.mp4,side,617,10297,59.92261505093784,848,478,96.70646603416851,121.74443364027151,93.60906339308103,108.75652783233089,109.7599182618531,140.40442722840314,33.494021998292524
side_person13.mp4,side,618,10313,59.92261505093784,848,478,99.38622596872318,122.92330737481821,95.98853797920533,111.20061160170636,108.95287860261139,142.65705813224767,33.58587194177621
side_person13.mp4,side,619,10330,59.92261505093784,848,478,102.86137154199693,122.95621500181689,99.65791178063033,109.84715283819473,109.53063459652215,143.2258259964416,29.132214595899715
side_person13.mp4,side,620,10347,59.92261505093784,848,478,105.26574526021885,120.91421031110073,102.07597408404337,111.98615343858371,109.14690409838417,139.633555647669,29.037444334803023
side_person13.mp4,side,621,10363,59.92261505093784,848,478,107.76898686845355,118.47784974758699,105.15134083994154,114.15128032371669,109.96710479986234,139.3645931603158,28.659939757631598
side_person13.mp4,side,622,10380,59.92261505093784,848,478,109.52042676204275,119.21053423160666,107.04167072162652,115.90727867234264,110.50774262500502,137.34179107534902,28.320161268689564
side_person13.mp4,side,623,10397,59.92261505093784,848,478,110.38765598778504,117.12684100280738,108.54702569473582,115.73537046839549,106.73458168620297,135.5127353296987,24.665714311762308
side_person13.mp4,side,624,10413,59.92261505093784,848,478,112.65216135832038,115.36987269090078,111.2285928119264,118.30644706013771,108.29339179060418,132.5651624442756,25.297890920030067
side_person13.mp4,side,625,10430,59.92261505093784,848,478,114.25000777234958,115.26914670482357,114.06206385323793,118.65649263125648,106.68763233940638,132.07588741006882,21.278918520321984
side_person13.mp4,side,626,10447,59.92261505093784,848,478,117.28616755897632,116.89743820261721,116.38834839506784,120.18985633498596,106.0967595953417,132.35650015692212,18.37961779451974
side_person13.mp4,side,627,10463,59.92261505093784,848,478,120.6297466347228,121.42104949009551,118.88684394665147,121.29956276338736,105.95529890548772,130.7513895927056,15.372453629383733
side_person13.mp4,side,628,10480,59.92261505093784,848,478,123.31883865051613,123.26593048029508,121.42526725151293,124.12663905644239,107.58652721803531,131.25016078934217,14.50132354980875
side_person13.mp4,side,629,10497,59.92261505093784,848,478,125.62384752829888,124.09723162547235,122.57069701808196,127.77503275601835,105.97639383376787,129.79667499341832,15.130344501784153
side_person13.mp4,side,630,10514,59.92261505093784,848,478,127.77823964707507,124.55831607683783,124.00579393417354,130.3324322323105,104.66493433512674,126.29450116865792,15.263855907452157
side_person13.mp4,side,631,10530,59.92261505093784,848,478,129.86556456751612,127.51957357599707,126.95588646683089,130.64436924926446,105.01379183613098,122.06041747681842,13.423815173732477
side_person13.mp4,side,632,10547,59.92261505093784,848,478,133.9301875849229,130.86924249377424,130.20832527722143,132.07260924708527,106.46884672795464,124.14382074633335,12.049103265903915
side_person13.mp4,side,633,10564,59.92261505093784,848,478,135.84868310723317,133.0700154202522,132.640150799019,134.6083540982868,107.08018983119358,125.90986828660883,11.526887975414677
side_person13.mp4,side,634,10580,59.92261505093784,848,478,138.30046078942166,140.90319410380914,133.5044552727397,132.80637624899617,103.67820083120155,113.0070921406329,12.02508226597391
side_person13.mp4,side,635,10597,59.92261505093784,848,478,140.96970497122146,145.73200416609606,135.72562736048388,130.27910315356272,103.59803482405788,102.93673771346528,11.942781042841979
side_person13.mp4,side,636,10614,59.92261505093784,848,478,146.4073872129938,152.2266034176415,137.9825585360073,124.50118498585724,107.21052807813194,100.405846215004,11.465570917261516
side_person13.mp4,side,637,10630,59.92261505093784,848,478,148.3782888539332,153.5677859545393,140.42445981095855,126.70266001066848,105.95613469199598,98.64512595881901,11.14903299933492
side_person13.mp4,side,638,10647,59.92261505093784,848,478,150.53933327583655,154.6835215342635,142.4088771810529,127.73358804277942,104.92973756427045,97.21527461785358,10.650886746660444
side_person13.mp4,side,639,10664,59.92261505093784,848,478,152.31530815982288,156.84814551218645,144.44217854054827,127.63620813408218,104.7090161283326,97.52884912002216,10.36460663825019
side_person13.mp4,side,640,10680,59.92261505093784,848,478,154.48609721379708,158.08480103232006,146.7068426963213,129.19136458455344,105.44861550709128,91.59144025926744,10.135796598550986
side_person13.mp4,side,641,10697,59.92261505093784,848,478,156.4902858186058,159.80723641011687,148.00033117043097,129.3505805603621,104.10982024763673,85.19267934417127,10.321740336840385
side_person13.mp4,side,642,10714,59.92261505093784,848,478,158.3248722512757,159.95349127833066,149.4499885475494,132.08168471072497,103.9243183809424,85.90216251039162,10.291590205332964
side_person13.mp4,side,643,10731,59.92261505093784,848,478,159.96248614773836,160.609682662903,150.27030297496268,135.34503917659487,102.44386792184258,90.34291039385404,10.689718240356912
side_person13.mp4,side,644,10747,59.92261505093784,848,478,162.3249832770647,164.70180879801086,151.69660661004804,131.69489747730955,101.89372908484468,80.55672137194,10.541797772404651
side_person13.mp4,side,645,10764,59.92261505093784,848,478,164.23357009896634,165.20791016951094,153.39478633441112,130.88733302958337,101.92149758836092,80.92598611818765,10.233713820120869
side_person13.mp4,side,646,10781,59.92261505093784,848,478,165.8210033850291,166.60757764087742,153.97596882736318,129.459991987794,101.56186751936723,78.78517877646783,10.240578834008279
side_person13.mp4,side,647,10797,59.92261505093784,848,478,167.44407314127318,168.57921192168934,155.73308868683003,128.93281134703966,102.93284517998286,79.20613543915246,10.050940219391203
side_person13.mp4,side,648,10814,59.92261505093784,848,478,168.93460636050506,168.73713698859015,158.63978704356168,131.83080517432495,100.01576117871757,81.24886498478799,9.901130425587587
side_person13.mp4,side,649,10831,59.92261505093784,848,478,170.12488977855207,168.77109024204032,160.3694241724807,134.48979931523505,96.60289435508264,88.2160226831769,9.743235424467052
side_person13.mp4,side,650,10847,59.92261505093784,848,478,171.04672499340944,169.37263154368222,160.72273701732186,133.77417463269617,98.37471875706119,82.349844742318,9.602816149727474
side_person13.mp4,side,651,10864,59.92261505093784,848,478,172.36694557478486,169.94520745250512,162.13265648073371,134.66495830869886,97.90675159847625,82.19702566381929,9.54028268682372
side_person13.mp4,side,652,10881,59.92261505093784,848,478,173.40276148788413,170.17689929518366,163.5930694998068,135.30812390111345,97.4382587570579,80.88787799164035,9.420460690662757
side_person13.mp4,side,653,10897,59.92261505093784,848,478,173.97625331575503,170.47737722409056,164.2759033786529,135.2394190366966,98.38273995472353,81.04830943097745,9.154086798124354
side_person13.mp4,side,654,10914,59.92261505093784,848,478,174.61312139801623,170.91801401647314,164.18879156322106,134.75141122154855,99.27749425487882,76.96129771395641,9.542242399560164
side_person13.mp4,side,655,10931,59.92261505093784,848,478,175.0020725147111,171.27773240902516,164.4457200512929,134.7181480460814,99.83024938149602,76.3173051737332,9.492375371487876
side_person13.mp4,side,656,10947,59.92261505093784,848,478,175.2215549298164,171.46102165041572,164.82990526128782,135.21320750911602,99.64462761158414,76.6547504420391,9.679138346500421
side_person13.mp4,side,657,10964,59.92261505093784,848,478,175.68066585506824,171.21243297851476,166.06349147054914,136.16856599915928,97.14767303129628,80.12225354064577,9.87888037170702
side_person13.mp4,side,658,10981,59.92261505093784,848,478,175.88848369624296,171.12395820519725,165.9389696161623,136.89844860406012,98.1641039942624,76.98237419836038,10.199711503478317
side_person13.mp4,side,659,10998,59.92261505093784,848,478,175.94945536824326,170.8561705693335,166.37253308904315,138.00668475493015,97.90571844323233,76.30823334275237,10.395705033765777
side_person13.mp4,side,660,11014,59.92261505093784,848,478,176.02620074325148,170.8426138547702,166.47541553413902,138.43158206955255,98.75857816731094,77.35052332652513,10.347104988079757
side_person13.mp4,side,661,11031,59.92261505093784,848,478,175.880442295109,170.95781197653707,167.1794226517462,139.13128419955186,96.95930981556296,74.83794085247193,10.641761627163286
side_person13.mp4,side,662,11048,59.92261505093784,848,478,175.8592587897394,171.29653656743702,167.2809042926047,138.47507543311397,97.42392274182991,73.57480294816901,10.6308036241846
side_person13.mp4,side,663,11064,59.92261505093784,848,478,176.04007771520605,171.4986936995378,167.17774178255374,138.2911184754671,99.14404921489216,74.26860243427843,10.511126358912858
side_person13.mp4,side,664,11081,59.92261505093784,848,478,175.98140736814221,172.14861126189297,167.14835454861188,138.6995768671125,99.58667000186014,73.4824942400055,10.37209656596024
side_person13.mp4,side,665,11098,59.92261505093784,848,478,175.79445934410543,171.60736413956832,167.74186956117398,140.18017522791922,97.85393910809152,73.14955032501273,10.38032634946574
side_person13.mp4,side,666,11114,59.92261505093784,848,478,175.7770926694434,171.39557738096138,167.49130240258285,140.30454712636345,98.8061314779904,74.57684258251702,10.380915001725045
side_person13.mp4,side,667,11131,59.92261505093784,848,478,175.62801491121905,171.35610335152887,167.54629694997243,141.08865675441348,98.44564557553927,73.09063262221687,10.361476224282018
side_person13.mp4,side,668,11148,59.92261505093784,848,478,175.57348560779687,170.69336846728658,167.41094361953188,139.5732373495907,97.81716194838647,72.88757057103447,10.324849745345636
side_person13.mp4,side,669,11164,59.92261505093784,848,478,175.51847342134582,170.89254641400984,167.52619656832093,140.1266654824919,97.37103648151816,72.36208694422385,10.469209931048352
side_person13.mp4,side,670,11181,59.92261505093784,848,478,175.51383878174659,171.0151550669555,167.4176364426566,140.12247379322594,98.07322806598167,72.41533445984328,10.437457777952826
side_person13.mp4,side,671,11198,59.92261505093784,848,478,175.35384263359836,171.1519812878946,167.67777045999256,140.8985264324238,97.71986327895974,73.19291590859903,10.297886972893163
side_person13.mp4,side,672,11214,59.92261505093784,848,478,175.19595268503747,170.87549836423395,167.52783620957362,140.56705750447477,98.13422609636596,73.68074739266406,10.133626197551669
side_person13.mp4,side,673,11231,59.92261505093784,848,478,174.865334451795,170.77804494508493,167.27426295453137,140.5370273497236,98.43817596734137,74.21331217224771,10.16545301978789
side_person13.mp4,side,674,11248,59.92261505093784,848,478,174.4773461859358,170.53868270111528,167.2058490926186,140.26084392892236,98.8522492248747,73.95849665296713,9.803148623483947
side_person13.mp4,side,675,11265,59.92261505093784,848,478,173.6429918771529,170.26109934357999,166.58972475142414,139.19850896648873,99.59050334105709,75.54273902192347,9.523412673770288
side_person13.mp4,side,676,11281,59.92261505093784,848,478,172.7648420765962,170.0960094560991,166.93681454568255,137.79984308315647,100.01600864534088,75.84808529827531,8.265798803578898
side_person13.mp4,side,677,11298,59.92261505093784,848,478,171.60241854842172,169.30140662271907,164.89917275245324,134.7442974210216,102.99306259112062,80.92441574457862,7.7015873297314
side_person13.mp4,side,678,11315,59.92261505093784,848,478,171.34913091266463,168.91966183255414,165.43336079089556,132.88259086230934,101.56431087702465,78.70524608612789,6.458020571861397
side_person13.mp4,side,679,11331,59.92261505093784,848,478,170.65766945808645,168.8318250690769,165.15867296473647,132.8483889175534,101.24818821687799,78.49267507498837,6.5312386597555925
side_person13.mp4,side,680,11348,59.92261505093784,848,478,169.8859912145763,168.60672100527717,165.04459115993058,132.69456241854087,101.37513409303173,79.2140801734363,6.321801450229816
side_person13.mp4,side,681,11365,59.92261505093784,848,478,169.0824178927645,168.23562241408428,164.24441054510763,131.10360986721776,102.0221427947531,84.50475895229687,6.008880082617874
side_person13.mp4,side,682,11381,59.92261505093784,848,478,168.21793238831555,167.8220353833574,163.22666235551068,130.00274326734475,102.73836422105879,87.14207899744093,5.892438163174185
side_person13.mp4,side,683,11398,59.92261505093784,848,478,167.39729606257146,167.55942778090784,162.57736400166385,129.39043575074362,103.82734599057581,88.96716440389079,6.531642203920832
side_person13.mp4,side,684,11415,59.92261505093784,848,478,166.62847371843287,167.08725287957768,161.93488160091027,129.48787651246803,102.93646080739417,88.31976679416331,6.360247135833869
side_person13.mp4,side,685,11431,59.92261505093784,848,478,165.87294452801356,166.93086330405424,161.53644075084623,129.29195107449283,101.76704180534593,90.28783802560277,6.4356850481820995
side_person13.mp4,side,686,11448,59.92261505093784,848,478,164.94070354570522,164.22073400631777,160.43582445701438,130.61720997758286,102.19731903362033,97.40289034751007,6.137398785649895
side_person13.mp4,side,687,11465,59.92261505093784,848,478,163.8371672280693,163.2905423018762,158.30041845460084,130.10724086693537,103.16939742299245,100.23707597988422,6.235642329957026
side_person13.mp4,side,688,11481,59.92261505093784,848,478,162.3788612884286,161.66726174340243,157.1403674866265,131.08043502720986,102.43427791501863,106.41778141250553,6.3746412382068085
side_person13.mp4,side,689,11498,59.92261505093784,848,478,160.54479757582644,158.8409105238077,156.15293159790033,135.16346637293435,100.38261509479595,101.37761448852723,6.56033545778793
side_person13.mp4,side,690,11515,59.92261505093784,848,478,158.80309150767374,157.896667676908,155.68419808715794,134.66022270143924,99.93265938002915,102.1887383622895,6.382801482927868
side_person13.mp4,side,691,11532,59.92261505093784,848,478,156.72079937706775,153.86731331782758,154.77770674892471,140.6172445591658,100.94227968986749,98.53401016424017,6.351622019261438
side_person13.mp4,side,692,11548,59.92261505093784,848,478,155.23669369033098,150.86482380355497,154.80952984388833,143.63845620330014,103.25819748473012,96.53295831123278,6.2657465208116845
side_person13.mp4,side,693,11565,59.92261505093784,848,478,153.7444258470054,147.8537841706727,154.0117570725786,145.90520035947006,102.62261372949301,106.4367756130499,6.5419932221153685
side_person13.mp4,side,694,11582,59.92261505093784,848,478,152.10602630780718,145.92597450668697,152.57707827542947,146.740007407482,100.41764767048213,109.39488946130221,6.992292187244943
side_person13.mp4,side,695,11598,59.92261505093784,848,478,150.608826668651,145.3432999472799,151.5479642065892,144.98474164543666,101.08903993053048,113.559818925618,7.231376691808295
side_person13.mp4,side,696,11615,59.92261505093784,848,478,149.02728258310063,144.15013593748,150.60766326060957,144.72379910989753,101.17479265445677,113.45409662428057,7.273398299620845
side_person13.mp4,side,697,11632,59.92261505093784,848,478,147.2677485220335,144.01172083789268,149.062906932987,142.59393423069594,101.57289484109637,116.17927638877327,7.608510201662323
side_person13.mp4,side,698,11648,59.92261505093784,848,478,144.86201723057772,141.9456022353689,147.24166865694727,142.1847190699688,101.0604183955663,113.91422140876007,7.747158029256389
side_person13.mp4,side,699,11665,59.92261505093784,848,478,141.88309400141014,140.9954635109225,144.08633294387403,140.4138817963119,101.8620580998922,109.50520343831647,8.102084433907182
side_person13.mp4,side,700,11682,59.92261505093784,848,478,139.29458334712177,139.09811415945535,141.38295511947769,139.22050726527982,104.17504886795176,114.37937738863099,8.226345428763985
side_person13.mp4,side,701,11698,59.92261505093784,848,478,136.43765918660569,136.46792347253572,138.8734101973604,139.4011181709612,104.66184229890091,115.20640129737879,8.705763467840184
side_person13.mp4,side,702,11715,59.92261505093784,848,478,134.4909328833631,136.96664126674187,136.65161109886782,135.12697997805617,107.44693489622898,115.12954772937034,9.058467920431852
side_person13.mp4,side,703,11732,59.92261505093784,848,478,131.34773673271877,135.01031211329433,133.95574174140268,133.41285970620078,106.12789279602966,114.40304926484993,9.908911658731231
side_person13.mp4,side,704,11748,59.92261505093784,848,478,128.60406370282956,132.72824020431756,131.64731569194385,131.698816416936,107.61626555527636,124.63754659562345,11.074170102824727
side_person13.mp4,side,705,11765,59.92261505093784,848,478,124.7410541855933,132.19705853939814,129.58249453683106,129.74449927519404,108.14631859178107,137.52649021278398,12.294978944436215
side_person13.mp4,side,706,11782,59.92261505093784,848,478,122.42823140251838,131.01350314050387,127.36182387416696,126.88998251707874,108.36580124558837,145.41098081661065,12.649952398931534
side_person13.mp4,side,707,11799,59.92261505093784,848,478,119.56998227234801,132.17623853800546,124.53192183490769,123.3357135609861,110.97954368161628,146.97943803908865,15.011098788398307
side_person13.mp4,side,708,11815,59.92261505093784,848,478,117.75961062083965,131.2812051509934,122.2516854719166,120.24503040095895,111.93733272775741,149.09231912112847,15.78459380609455
side_person13.mp4,side,709,11832,59.92261505093784,848,478,114.25245540415679,129.46739833886352,118.26572366408163,121.6117564318767,114.72002332581867,146.74495800410207,20.82976315265487
side_person13.mp4,side,710,11849,59.92261505093784,848,478,111.84931531236593,128.26682805335687,115.0364636053207,121.97393621393455,116.30629746078765,146.80891820114007,24.77861533337026
side_person13.mp4,side,711,11865,59.92261505093784,848,478,110.15844669270999,127.62336857484715,113.53381503405039,118.13739006674831,115.90895126437876,147.47159561487348,24.067815633891538
side_person13.mp4,side,712,11882,59.92261505093784,848,478,107.24543009856995,126.49087625171619,109.50393167760377,117.39220272788864,114.0722829202931,145.83677604267038,26.722094575573593
side_person13.mp4,side,713,11899,59.92261505093784,848,478,102.14715895681965,125.0760243037959,103.98316676839687,117.22408625651691,107.8798042655998,144.61460312357886,29.482714507215523
side_person13.mp4,side,714,11915,59.92261505093784,848,478,101.26040116534078,124.62167350286954,102.33981564347319,114.79129135096912,109.23057640663029,143.91224030693627,29.698449632663827
side_person13.mp4,side,715,11932,59.92261505093784,848,478,99.13475927521091,126.14754904912185,100.25063230149591,113.52853377733348,113.11181889141567,147.97516020945392,30.68353263126057
side_person13.mp4,side,716,11949,59.92261505093784,848,478,97.16802882013629,124.68563567904329,98.40971715078376,109.62266812122186,108.8564275108735,144.58117364357665,29.702750095551444
side_person13.mp4,side,717,11965,59.92261505093784,848,478,95.26889034874212,124.5252995290422,96.29867056683426,109.09332741724062,113.33431754185388,145.00621809313725,30.76919169704604
side_person13.mp4,side,718,11982,59.92261505093784,848,478,93.3195495324067,124.64070662623988,94.22439305231437,108.9631674020119,116.70802230606188,144.1329025823637,33.43677989488946
side_person13.mp4,side,719,11999,59.92261505093784,848,478,92.93774556445535,125.47374090114728,93.6732565707205,107.11957372902656,113.72182546380152,146.57178207947314,32.977400304581366
side_person13.mp4,side,720,12015,59.92261505093784,848,478,91.1615092859197,126.13473987807296,91.75934278597667,106.68677566138521,114.43789945325858,147.51213688168258,33.93997351950296
side_person13.mp4,side,721,12032,59.92261505093784,848,478,90.28008751007704,126.24543914404299,90.90611522338097,106.51888713264204,113.39413012437265,146.44701246351673,34.980288221429966
side_person13.mp4,side,722,12049,59.92261505093784,848,478,87.53717692167969,125.01383622795848,87.97964582819456,107.95049610322485,114.06280912825827,145.85885239381548,37.148817769457715
side_person13.mp4,side,723,12066,59.92261505093784,848,478,79.34441046468001,123.68015124281327,79.01496172262527,108.02885474318889,117.57814968882738,145.22509388012568,38.39193245572428
side_person13.mp4,side,724,12082,59.92261505093784,848,478,75.0953296276279,122.55361188210456,74.16809807932604,107.58423693219554,119.7661792287192,142.57560680437007,38.913801033493236
side_person13.mp4,side,725,12099,59.92261505093784,848,478,69.72168679797515,121.16452498348559,68.3779639008397,108.20439165080622,121.42576809122878,141.79274896428876,41.04705705580316
side_person13.mp4,side,726,12116,59.92261505093784,848,478,67.40136436985031,120.95405135896812,66.2077893075302,107.59397221557427,119.12937169252513,144.8304495130819,41.32646429711833
side_person13.mp4,side,727,12132,59.92261505093784,848,478,65.55528102356256,120.87435140739152,64.90727379056457,106.03865825687228,119.14183292642424,146.44719611006875,40.88800239788631
side_person13.mp4,side,728,12149,59.92261505093784,848,478,62.47185994419319,119.79093126504613,62.277504258352714,104.17721909953313,117.90008352435501,144.33152661745203,40.21174322357586
side_person13.mp4,side,729,12166,59.92261505093784,848,478,60.71285311166492,118.89542586092742,61.89844393724183,102.44296064688085,121.77039563797749,142.89293824192765,39.51210850607506
side_person13.mp4,side,730,12182,59.92261505093784,848,478,60.371203303646446,118.310847197677,62.04002205027211,101.18807783698318,124.54616456814516,144.28723967657174,39.32920097054699
side_person13.mp4,side,731,12199,59.92261505093784,848,478,62.76893432782394,117.40913432008584,64.50628308897839,99.06559782256033,125.82904804095868,146.76689876000867,38.9282624584761
side_person13.mp4,side,732,12216,59.92261505093784,848,478,61.46584535409492,115.58206672802821,63.31550076097562,97.45426911048253,125.69863893023177,148.03161472322512,39.03002784649603
side_person13.mp4,side,733,12232,59.92261505093784,848,478,54.6916471720734,115.60832758480926,56.4921744875166,98.95010118957697,132.4623116915604,146.91422214523786,40.242874105410195
side_person13.mp4,side,734,12249,59.92261505093784,848,478,52.18840385663724,116.16536168796588,53.08254103716108,99.07768229694794,126.51801941053671,146.5122459454164,40.238077543915686
side_person13.mp4,side,735,12266,59.92261505093784,848,478,51.415377338461354,116.04878757354476,52.10012399860644,98.1954398184684,125.47360427957408,146.13873766342843,40.25263631542655
side_person13.mp4,side,736,12283,59.92261505093784,848,478,51.33741052556134,116.52054188636441,51.761558695997934,97.00083972537553,125.14729799749735,148.0997631501035,39.345725104475
side_person13.mp4,side,737,12299,59.92261505093784,848,478,51.796024494014596,115.98414593450624,52.21033579904717,96.0483946301906,123.87752125146308,147.4471791663347,38.99213980748773
side_person13.mp4,side,738,12316,59.92261505093784,848,478,49.653183019906095,112.13364705884551,50.149336622987015,94.08093559380025,124.7975025591022,147.988638006407,39.048922388806574
side_person13.mp4,side,739,12333,59.92261505093784,848,478,49.081649481989004,109.22661369525358,49.547273073906815,92.73474287885769,124.63837769827465,147.2885593979361,39.080702320409245
side_person13.mp4,side,740,12349,59.92261505093784,848,478,49.41485110643349,109.1229141556076,50.12056880596723,91.13839649811203,124.57869191684321,146.83106566223447,38.25308491921545
side_person13.mp4,side,741,12366,59.92261505093784,848,478,45.95798054729146,108.61100550523075,46.5460763367734,90.10275321170488,126.10178347747436,146.56596956130062,38.334018846105685
side_person13.mp4,side,742,12383,59.92261505093784,848,478,43.59867435723908,106.96436570856908,44.5289655548789,88.49456444582262,127.39816026066993,149.28662487595244,38.280567016504975
side_person13.mp4,side,743,12399,59.92261505093784,848,478,43.72400522350898,107.77065600380836,43.90070157317666,89.96669678532946,126.59530938106879,149.48471769174824,39.111082674027045
side_person13.mp4,side,744,12416,59.92261505093784,848,478,44.377929003066455,107.01350332265444,44.699386330459795,90.27928184715685,125.93625443227506,149.9248591119065,39.68218648517228
side_person13.mp4,side,745,12433,59.92261505093784,848,478,42.6150122178946,104.6670332908252,43.14607102150552,88.8982495287824,125.71584611190003,149.17146553332518,39.98724451922027
side_person13.mp4,side,746,12449,59.92261505093784,848,478,42.45213697385888,101.4540893981414,42.51935841911201,86.41504189170051,125.15914710030076,148.67346576618942,40.06925698870835
side_person13.mp4,side,747,12466,59.92261505093784,848,478,43.85820487173469,100.92517208101643,43.717922033416514,85.8416874682728,125.07624003004945,148.30219473576437,40.15309366823222
side_person13.mp4,side,748,12483,59.92261505093784,848,478,45.0010402359588,102.1950937209086,44.79963877414311,85.47578136855392,130.90524038613032,147.3309177505141,39.62490362668962
side_person13.mp4,side,749,12499,59.92261505093784,848,478,45.7578060923497,103.45302895818979,44.65973175409211,87.86805621245796,131.7923717052088,149.5787399947802,41.89844905345623
side_person13.mp4,side,750,12516,59.92261505093784,848,478,45.35755717777686,104.0905249862656,44.42723726214544,87.83878786635994,129.20199601620885,149.25162849245996,41.24087313691559
side_person13.mp4,side,751,12533,59.92261505093784,848,478,44.83165557721847,104.0604412325148,43.878196665195794,89.98554363227352,127.93312058172262,147.82873589084235,42.330713106554214
side_person13.mp4,side,752,12550,59.92261505093784,848,478,44.88667078558153,105.71489648976069,43.897013615313,90.6391474055223,127.52686651575674,149.18974354446857,42.25219731526793
side_person13.mp4,side,753,12566,59.92261505093784,848,478,46.44582954651701,111.29978377324547,45.66635580852673,94.68068099691281,124.7881086018257,147.7583928085239,42.84510259830993
side_person13.mp4,side,754,12583,59.92261505093784,848,478,50.60212417776977,115.24522180819984,49.85183152661265,98.04463189043175,124.26720203811992,147.2997610512862,42.21129154213633
side_person13.mp4,side,755,12600,59.92261505093784,848,478,53.3896549933855,116.21493834449281,52.0997581606556,100.04448906376842,124.273315707803,147.08120526772078,42.435531828616455
side_person13.mp4,side,756,12616,59.92261505093784,848,478,56.38704097043896,117.80772567005742,55.58682752536156,100.8818349841295,123.39225692209541,146.45056318258136,42.03235918079137
side_person13.mp4,side,757,12633,59.92261505093784,848,478,63.58092661231961,117.60118230953518,63.798758009679496,100.87594053527704,128.4873377123509,146.7867689401871,41.26846829421947
side_person13.mp4,side,758,12650,59.92261505093784,848,478,57.602030485352486,119.12996252166269,56.794257520468925,103.42975810147644,119.2873812304414,146.31235265864066,42.450606280016316
side_person13.mp4,side,759,12666,59.92261505093784,848,478,59.74509442608819,118.43876467787298,59.210368860647485,104.4463698330483,122.37402147448805,146.3463663494691,43.06684345382145
side_person13.mp4,side,760,12683,59.92261505093784,848,478,63.020199224408536,119.17150554123549,62.8682420441877,104.61750055236625,124.3153394306519,145.57524578235856,42.52342991296299
side_person13.mp4,side,761,12700,59.92261505093784,848,478,66.2679620142506,121.8435108004435,65.85302787490741,106.59031346641511,124.12383698625543,147.02646948050239,42.10714586252221
side_person13.mp4,side,762,12716,59.92261505093784,848,478,68.0921340787709,121.4104936074881,67.50307100790874,106.5485458475693,121.97789074729234,147.18448983592268,41.840795187535235
side_person13.mp4,side,763,12733,59.92261505093784,848,478,72.01437631653488,123.3713246496196,70.98326187130482,107.93195881873818,122.36650283790114,146.4404113732983,41.369061925087365
side_person13.mp4,side,764,12750,59.92261505093784,848,478,74.45878922195202,124.9737675392524,73.03049212870427,108.77801581820404,122.53511204849958,143.15655909388343,40.98969789008919
side_person13.mp4,side,765,12766,59.92261505093784,848,478,76.06085417134773,126.94093441662834,74.58844024798736,109.1207134492892,114.9561948928543,142.2961312157436,39.85110173228715
side_person13.mp4,side,766,12783,59.92261505093784,848,478,80.12116231358272,127.41008755915198,77.7926611263557,110.65503274003052,111.83531731307434,141.81713324554934,39.62129688615556
side_person13.mp4,side,767,12800,59.92261505093784,848,478,88.00781244956823,127.75239638995401,85.70798018281944,109.1626609517424,113.73533866457149,140.99365254544713,37.01363505165675
side_person13.mp4,side,768,12817,59.92261505093784,848,478,92.04784568926641,127.67976871207134,89.40817912328492,109.40713672348762,113.55911532556115,143.0350686722891,36.359604497761794
side_person13.mp4,side,769,12833,59.92261505093784,848,478,94.61416135415743,127.96191888231753,91.89977145048199,110.8829794841776,113.43886214746226,143.3326315941966,36.01638834438833
side_person13.mp4,side,770,12850,59.92261505093784,848,478,97.60837593149968,127.38479258309914,95.03256291163734,108.61601757122094,108.09621907916485,138.96866410610411,33.059057279641685
side_person13.mp4,side,771,12867,59.92261505093784,848,478,99.83022838444685,127.07780851050472,96.65433543412482,111.85963719875693,106.66626543138796,138.94745380960921,34.182846499868894
side_person13.mp4,side,772,12883,59.92261505093784,848,478,101.86839273421667,124.7857389867751,98.04004590382095,112.9057662264497,106.69254344852513,138.1794425955537,33.723163950089386
side_person13.mp4,side,773,12900,59.92261505093784,848,478,104.54500821331952,125.39990075668821,100.36426531892836,115.19118253143746,108.64499275822455,140.48660330961596,33.61450271563258
side_person13.mp4,side,774,12917,59.92261505093784,848,478,106.50813008988351,123.19615419167835,102.72671123068521,114.84662646542422,108.43055746167933,137.8159979885739,32.16414047010589
side_person13.mp4,side,775,12933,59.92261505093784,848,478,109.1148408635143,123.61630819137127,105.57154202737036,115.67785663438659,110.0252916342977,137.34573387074505,30.920047878480485
side_person13.mp4,side,776,12950,59.92261505093784,848,478,111.10899112145754,121.64346360319881,107.50453505425224,116.62846161221844,107.72722242417376,134.35977874660782,29.248510507290245
side_person13.mp4,side,777,12967,59.92261505093784,848,478,112.85312025062944,119.07457405243886,109.70619012490485,117.6308225142154,107.94434643381047,133.679370161031,26.719086684080153
side_person13.mp4,side,778,12983,59.92261505093784,848,478,114.29623735568534,121.56756357374476,110.78872485056095,119.60453319475343,106.37121131967878,134.8699281141275,26.006001343668157
side_person13.mp4,side,779,13000,59.92261505093784,848,478,116.19118743507569,122.48939856754316,112.85264740672449,120.58621216799536,106.44830034357621,133.0136678536668,24.3616411267113
side_person13.mp4,side,780,13017,59.92261505093784,848,478,118.64320566600614,124.68647553229218,114.42392238953741,120.76851214301233,105.31760990406725,134.88356189830012,23.126387143393156
side_person13.mp4,side,781,13033,59.92261505093784,848,478,122.52752169547226,123.66811866913555,118.18960345421362,121.63804234105659,107.01939667875264,132.2814403659663,17.97204187598653
side_person13.mp4,side,782,13050,59.92261505093784,848,478,124.89946632314417,127.32159444691985,120.39540101817796,122.34824377278558,108.32008391039761,133.22772065596914,14.887206929997516
side_person13.mp4,side,783,13067,59.92261505093784,848,478,126.19997435904838,126.38925920436161,122.0304247144231,125.70674576496128,107.67849313564632,129.43240456169707,14.476895078877517
side_person13.mp4,side,784,13084,59.92261505093784,848,478,128.17153694268586,126.13496389403643,123.91502221550313,128.54352333481373,107.51552118394267,126.86663622624823,13.96603146476496
side_person13.mp4,side,785,13100,59.92261505093784,848,478,129.62561200823214,126.59685713552498,125.40433113457439,130.36932627879654,105.0016617982362,126.38800745623162,14.146622780298648
side_person13.mp4,side,786,13117,59.92261505093784,848,478,132.92590941391424,129.48250571711625,128.2137845993888,131.6721114567543,104.17451831792629,127.60756522854781,12.856251426020723
side_person13.mp4,side,787,13134,59.92261505093784,848,478,135.05288218369105,129.70349749972863,129.62227983988345,134.50444918609423,102.65387064592753,122.20086928467397,13.445924934765353
side_person13.mp4,side,788,13150,59.92261505093784,848,478,137.0494500739518,133.1354855006878,131.67759630769513,134.3309328293783,103.88913180348693,123.9238674493494,12.823914641465121
side_person13.mp4,side,789,13167,59.92261505093784,848,478,139.5218501638836,134.2659559100728,133.4608437895038,135.67702996604356,102.1269157137707,122.12847814983954,12.929511151230388
side_person13.mp4,side,790,13184,59.92261505093784,848,478,142.34006008648566,139.05908458668335,135.7509882180823,135.21363574286138,101.25677458413053,124.3618291148438,12.525656643991457
side_person13.mp4,side,791,13200,59.92261505093784,848,478,144.53444503044287,141.25034411694864,138.38854366580887,135.58652961731627,103.06666645245134,122.11239838719426,11.919997301019404
side_person13.mp4,side,792,13217,59.92261505093784,848,478,148.08340003465415,150.34081625098344,140.2176517183627,129.5503295397884,101.96095824732846,110.22474207701671,11.902389734970688
side_person13.mp4,side,793,13234,59.92261505093784,848,478,150.107998879583,152.8899157421657,141.75700596376873,128.6311609223688,101.28719169704398,102.93783092595851,12.015759197301115
side_person13.mp4,side,794,13250,59.92261505093784,848,478,152.63555341949245,155.52686214647602,144.06545102236348,129.86156752199363,101.64319123821441,95.85102352013509,12.121174751633621
side_person13.mp4,side,795,13267,59.92261505093784,848,478,155.2401205268526,158.6809824681814,145.37731969033453,129.1211589272222,101.79640977641884,95.16745619503982,11.925014406993109
side_person13.mp4,side,796,13284,59.92261505093784,848,478,157.39827397939607,160.48461303991675,146.5304500780926,128.05071785563158,102.62757244619061,93.31637180052248,11.65927775541239
side_person13.mp4,side,797,13300,59.92261505093784,848,478,159.05762753735985,161.3510080981165,147.8450060481378,130.04276506496018,102.53278011444702,91.19372468095963,11.438009345845863
side_person13.mp4,side,798,13317,59.92261505093784,848,478,160.59978391111207,162.4008876656248,148.97782865321898,131.1191620415699,101.27086208788383,86.19950689839526,11.525108235749228
side_person13.mp4,side,799,13334,59.92261505093784,848,478,162.2355605691875,163.18654496616784,150.46992516587682,130.77879848108356,101.50453108822815,84.05321944162763,11.19444276640639
side_person13.mp4,side,800,13351,59.92261505093784,848,478,163.84152582263198,164.62972326404162,151.80292038032215,132.1110242903793,101.27816690302116,76.71989719601542,11.333243080576782
side_person13.mp4,side,801,13367,59.92261505093784,848,478,165.3863135073073,166.38035498749628,153.2176070329474,131.85416405866155,102.03380220768605,76.45286182557598,11.219263536719936
side_person13.mp4,side,802,13384,59.92261505093784,848,478,166.56350494676735,168.65424153112636,153.93773549003922,127.51571144088433,101.62687810796058,76.68793979448215,11.229154052154495
side_person13.mp4,side,803,13401,59.92261505093784,848,478,167.49996995105252,168.74951601845228,154.65040957122244,129.86055968240223,101.12483056714598,77.71544476953689,11.133773220930456
side_person13.mp4,side,804,13417,59.92261505093784,848,478,168.30860399773394,169.54832870282922,155.36601400741105,129.99931516495468,102.33362004587774,76.08962349816508,11.208641271242975
side_person13.mp4,side,805,13434,59.92261505093784,848,478,169.0031785792459,169.93056721750176,156.1721618796958,130.88661083358,102.68673981191422,74.64040813048108,11.116607444250189
side_person13.mp4,side,806,13451,59.92261505093784,848,478,169.430779057808,170.18519003242716,157.19145787574539,131.27585754565592,101.7630987482088,74.29257501222752,11.054464354050552
side_person13.mp4,side,807,13467,59.92261505093784,848,478,169.93726684163727,169.53993421503395,158.137312654854,132.14314300480444,100.93731965690208,84.44754461494726,10.104823960686756
side_person13.mp4,side,808,13484,59.92261505093784,848,478,170.5525243432212,169.9610123647647,158.7595012962036,131.91645261442713,101.01316143215796,81.93688598185403,9.709605577051638
side_person13.mp4,side,809,13501,59.92261505093784,848,478,170.98855184205718,170.180946886674,159.33735241829987,131.92175037757897,101.05805288505721,75.52505837856644,9.529378028705715
side_person13.mp4,side,810,13517,59.92261505093784,848,478,171.40808613600154,169.87710957994787,160.69734647439617,132.560077151002,99.81531604108008,79.5173865473761,9.178432811355842
side_person13.mp4,side,811,13534,59.92261505093784,848,478,171.74523675977625,170.07388552657258,161.38023365215264,132.60033281090077,98.01588574001553,76.02923396537454,9.24398738636756
side_person13.mp4,side,812,13551,59.92261505093784,848,478,172.19641124406323,169.93734671453944,162.5398293399392,133.730480951641,97.51044519255409,79.28314897517079,9.108886246270679
side_person13.mp4,side,813,13567,59.92261505093784,848,478,172.7739838356018,169.81164965082147,163.12475727162823,133.76777722072322,98.85987132813861,79.1392483815142,8.915136794153987
side_person13.mp4,side,814,13584,59.92261505093784,848,478,173.4683958102991,169.77709717383425,163.67478089631368,133.0650250183194,99.75102246073924,78.73896356008333,8.805108736831205
side_person13.mp4,side,815,13601,59.92261505093784,848,478,173.8815493563916,169.91094644011494,163.90593386397242,132.93345893545433,99.95264166777382,80.70060263686345,8.558067877392416
side_person13.mp4,side,816,13618,59.92261505093784,848,478,174.10062456685623,169.80388787739076,164.213057265615,132.79229272152494,100.33071777661263,80.64042251636184,8.799677876059489
side_person13.mp4,side,817,13634,59.92261505093784,848,478,174.41809817870427,170.11762490568967,164.6604980415941,132.54515228230522,101.20296463030138,81.04206594389369,8.627631384011691
side_person13.mp4,side,818,13651,59.92261505093784,848,478,174.7282583543832,170.0669120735744,165.1635030096823,133.12221686796272,101.01462900806874,80.64015311059431,8.84046470112335
side_person13.mp4,side,819,13668,59.92261505093784,848,478,174.92035467384008,170.3471008824503,165.38742691016517,133.8765964562208,100.5543496919919,78.87590498567377,8.93360326025322
side_person13.mp4,side,820,13684,59.92261505093784,848,478,175.16235453940166,170.33015226949766,165.75662825916487,133.95238024424486,100.1216898411755,79.72559736783535,8.915731059883663
side_person13.mp4,side,821,13701,59.92261505093784,848,478,175.24814654980435,170.42441342719587,165.7589154606601,133.9890515618527,100.4744942533916,79.16385929194894,8.910861412793034
side_person13.mp4,side,822,13718,59.92261505093784,848,478,175.47026186393975,170.69852145206764,166.28765502501025,133.87578727512985,100.37557268784461,81.353849479493,8.671511380071358
side_person13.mp4,side,823,13734,59.92261505093784,848,478,175.60992748371504,170.25777011242837,166.5909914964789,134.04444848872149,100.77119963383322,81.80234797536549,8.49938387420789
side_person13.mp4,side,824,13751,59.92261505093784,848,478,175.78255288773423,170.93035158204881,167.10418613973937,133.83507794128425,101.01358332088272,82.37599518097242,7.971507651538284
side_person13.mp4,side,825,13768,59.92261505093784,848,478,175.84943210991304,171.36249234239384,167.1807124928448,133.7542574604081,101.16433276823821,80.05883299511741,7.86351355761788
side_person13.mp4,side,826,13784,59.92261505093784,848,478,175.89035175098766,170.8869662557087,167.26347238984155,133.14937215871691,101.38282985910996,79.92119626737555,7.686136213066937
