video,view,frame,timestamp_ms,fps,frame_width,frame_height,left_knee_angle_deg,right_knee_angle_deg,left_hip_angle_deg,right_hip_angle_deg,left_ankle_angle_deg,right_ankle_angle_deg,trunk_angle_deg
side_person11.mp4,side,0,0,56.11652967318205,848,478,178.64032761182054,171.27434643193672,174.87103031229861,140.92789567384085,91.45263687366072,89.5250790783742,16.98489705761329
side_person11.mp4,side,1,18,56.11652967318205,848,478,178.32480286301185,170.68754539193813,173.52177152616653,141.68704598351195,91.17013770220304,85.51299468839636,17.41003228798578
side_person11.mp4,side,2,36,56.11652967318205,848,478,177.1894925525709,170.59599693375264,173.32538276735758,141.71131321267217,90.2418377757749,85.67635965386702,17.746504593796427
side_person11.mp4,side,3,53,56.11652967318205,848,478,176.4481478052206,170.24787780161054,173.60666380825654,141.94749252174358,89.46647930306393,84.72511060725094,17.633597290341385
side_person11.mp4,side,4,71,56.11652967318205,848,478,176.85112215034061,170.1323232414034,172.93147155181958,141.9285165957583,89.50739178184473,84.67234011949924,17.665722388760422
side_person11.mp4,side,5,89,56.11652967318205,848,478,176.65388109222766,170.0846264766584,173.00628528812248,141.64062287516734,89.57854896999821,84.75574189055735,17.5195074287591
side_person11.mp4,side,6,107,56.11652967318205,848,478,175.5739855875856,169.56396055961417,173.04536332655948,141.17073293598534,88.87899990182228,84.25916569872238,17.427437465572513
side_person11.mp4,side,7,125,56.11652967318205,848,478,176.05709213135646,169.82333804868134,173.17129260778222,141.11460609046318,89.41224457108589,84.27431907280733,17.102150179470037
side_person11.mp4,side,8,143,56.11652967318205,848,478,176.66272264904586,169.52362669968747,172.76216010731468,140.2722718918425,89.59105766881508,84.2954712378452,17.1259954579889
side_person11.mp4,side,9,160,56.11652967318205,848,478,176.5862849296437,169.8496844126013,172.74334924132626,140.6893230839688,89.50905962512748,83.08362480776995,17.165437030602835
side_person11.mp4,side,10,178,56.11652967318205,848,478,176.51137331950474,169.7676016954207,172.51695478245796,140.75502085180995,89.77056170647035,82.82616957913974,17.257329294837582
side_person11.mp4,side,11,196,56.11652967318205,848,478,177.0180946558313,170.21999191076782,172.08914825747684,141.2243637833784,90.96801974267846,83.61617499871096,17.23439537437191
side_person11.mp4,side,12,214,56.11652967318205,848,478,177.18649311704962,169.95791222103787,172.12493660879994,141.31173017486046,91.57502546974071,83.42977061259334,16.693796821191526
side_person11.mp4,side,13,232,56.11652967318205,848,478,176.94715444360563,169.9612550420926,172.15759261423253,141.27524768232772,91.7206231211545,83.00877138617165,16.84253563686425
side_person11.mp4,side,14,249,56.11652967318205,848,478,176.59725217772487,169.48926459270012,171.4473241182103,142.07725915097416,91.30501485611377,81.48204030604154,17.780390460623252
side_person11.mp4,side,15,267,56.11652967318205,848,478,176.29875025745645,169.23011324905934,171.7964540731198,141.784715759881,90.31866503020976,82.42769735619497,18.141327667896583
side_person11.mp4,side,16,285,56.11652967318205,848,478,176.6188027099478,169.2840202565979,172.0949314307247,141.6950462057078,90.25843170284077,83.1124353698318,18.09066712913631
side_person11.mp4,side,17,303,56.11652967318205,848,478,176.86079064109447,169.55030397926066,171.8638064824177,141.0536154292113,90.15256350100178,83.04822471270272,18.21198416650816
side_person11.mp4,side,18,321,56.11652967318205,848,478,177.83216057814448,169.84571607112568,171.83021816864715,140.87832640446254,91.39216695342328,83.7936873739288,17.81554006220687
side_person11.mp4,side,19,339,56.11652967318205,848,478,177.5418233289564,169.80228204076224,171.92824887104842,141.0384946043872,90.98848246854676,84.70686379672122,18.235144330448506
side_person11.mp4,side,20,356,56.11652967318205,848,478,177.44063724421636,169.78094401724823,172.06673710294083,141.39529973160876,91.0579554486287,85.48942806073073,18.13869713384924
side_person11.mp4,side,21,374,56.11652967318205,848,478,176.8311359068283,169.67227741821407,171.97941376080243,142.48727709383974,90.272030832542,84.47701426025425,18.799456191601315
side_person11.mp4,side,22,392,56.11652967318205,848,478,176.15782301148457,169.46533858733747,172.73673555223655,142.70326032519142,89.28059352933916,83.7118442484923,18.755196102323442
side_person11.mp4,side,23,410,56.11652967318205,848,478,176.25953471839847,169.19121415884936,172.97752163004984,143.12938736181223,89.01075566428983,82.7140217514022,18.65115688586895
side_person11.mp4,side,24,428,56.11652967318205,848,478,176.37896338851886,169.01392598410533,173.4884956491188,143.10939472167584,89.21553294471991,82.16109218463178,17.77137242886844
side_person11.mp4,side,25,446,56.11652967318205,848,478,176.26680028332592,168.12139718981115,174.34625905560577,141.5426392143509,89.1254916808749,82.26620401550937,16.660376841896085
side_person11.mp4,side,26,463,56.11652967318205,848,478,176.68177015277763,168.50904587613786,173.74815105865684,140.11910592999607,90.45358303791635,82.15781536624813,15.930887629931558
side_person11.mp4,side,27,481,56.11652967318205,848,478,176.53030139186563,168.97770279054453,174.5721282106905,139.89404533075046,90.65113453497155,82.00210939488022,15.171674399622871
side_person11.mp4,side,28,499,56.11652967318205,848,478,177.17444468904745,169.31465191134944,172.73562127956464,138.7442582115965,94.402604568288,82.66808123188007,13.765829900466976
side_person11.mp4,side,29,517,56.11652967318205,848,478,177.1356422008348,169.82114686047453,173.5031384929676,137.96349889487146,95.28143004707015,83.64418202913824,12.676378987791717
side_person11.mp4,side,30,535,56.11652967318205,848,478,176.5123404303937,170.5621181346864,172.49886036138253,136.45005619344334,95.14986093266057,85.91104508106841,13.003816042267724
side_person11.mp4,side,31,552,56.11652967318205,848,478,175.76721765664294,170.91834163502028,172.40554258688542,136.9549234702317,94.6830436951483,87.28886379431303,13.051436647649597
side_person11.mp4,side,32,570,56.11652967318205,848,478,176.1299698623876,171.07535647013782,171.40033758265432,136.3676289531075,96.08877167165987,86.84635447737114,13.366208426955675
side_person11.mp4,side,33,588,56.11652967318205,848,478,175.1098106588418,171.20204978456368,170.35395358803171,136.2520313081517,94.5817968478116,85.58244855384112,13.595927213159483
side_person11.mp4,side,34,606,56.11652967318205,848,478,174.80240078160617,171.67487379260407,168.80962127562103,134.64649858820223,96.06347734329132,88.46521570876565,13.884512729983694
side_person11.mp4,side,35,624,56.11652967318205,848,478,174.39786009635347,174.31022847389562,166.88001995026409,129.63415505053447,98.80482851517105,99.47589052286706,15.21927945853484
side_person11.mp4,side,36,642,56.11652967318205,848,478,173.4404342448696,174.20420172300322,164.97134346778194,131.52934677719603,99.57027880076329,92.30976905465317,16.3711663154292
side_person11.mp4,side,37,659,56.11652967318205,848,478,171.9988004041441,173.79610169528183,162.92075227471727,133.31743791437225,96.15188737587839,98.45711443159104,18.82467922764423
side_person11.mp4,side,38,677,56.11652967318205,848,478,170.69226579602946,173.64597051016705,160.4086552485273,133.67382518716752,95.09391527832652,97.87383050353763,19.67355325345861
side_person11.mp4,side,39,695,56.11652967318205,848,478,169.78280519364048,173.80407015140008,157.72482578551742,131.68001900212272,100.31518366180221,105.66018165305036,18.23774463183536
side_person11.mp4,side,40,713,56.11652967318205,848,478,168.3117971852531,173.41686695894876,155.04131122800078,129.41433370349336,103.56283298417475,117.18480005997277,17.749863258934873
side_person11.mp4,side,41,731,56.11652967318205,848,478,167.19250484631732,172.44861848549442,152.8329050830943,131.16579729529585,99.27135349433837,110.93157425001667,18.315066395946822
side_person11.mp4,side,42,748,56.11652967318205,848,478,165.91700425894933,170.84847137479514,150.67915835789572,131.08591120039972,100.77861688400525,108.97988805869585,19.08529223334468
side_person11.mp4,side,43,766,56.11652967318205,848,478,164.07432828377068,164.88663872717996,148.31159942556374,137.6392718050035,102.08635363019341,101.15062151794912,20.187730404051024
side_person11.mp4,side,44,784,56.11652967318205,848,478,162.2254401273327,163.5181216445902,146.61644507486105,136.0597235074244,102.15892782781214,102.97770100537015,21.038317549641548
side_person11.mp4,side,45,802,56.11652967318205,848,478,160.63996999274352,160.8555414633269,144.2525055917351,136.0245174626811,100.58781153886937,109.1161349966275,21.600341098036267
side_person11.mp4,side,46,820,56.11652967318205,848,478,158.2971823687625,160.3625407095495,140.75276697164267,134.08560650627376,100.77374010172937,107.65677240260287,23.406978745820346
side_person11.mp4,side,47,838,56.11652967318205,848,478,156.2802745649259,159.3860961232593,138.2288014438203,136.13297354315043,97.61236836854819,105.35761484001347,26.947727465855543
side_person11.mp4,side,48,855,56.11652967318205,848,478,154.6729789600748,158.85191157777857,137.71891117479134,137.89129140011852,95.88980200101304,102.70809864663003,30.292661250935026
side_person11.mp4,side,49,873,56.11652967318205,848,478,154.2177404535104,158.9682540626691,135.97827634606088,136.60882846644444,93.11304167527143,114.65089264117174,32.62044959422628
side_person11.mp4,side,50,891,56.11652967318205,848,478,153.23874354962,156.89620325978788,133.76753214028142,136.05930889422038,89.36333323052494,112.5860606515872,35.335677819521344
side_person11.mp4,side,51,909,56.11652967318205,848,478,151.41360199824103,155.77435006555913,131.41578049437538,133.11621795928008,88.52447607972307,118.40376600755295,36.79943793365733
side_person11.mp4,side,52,927,56.11652967318205,848,478,150.48274330913222,156.6032544754738,130.0748717559384,130.19228224520793,86.16583716353709,114.797517899786,36.42187790426339
side_person11.mp4,side,53,944,56.11652967318205,848,478,149.51544802054116,156.41692233337758,128.73863270302544,128.9865544122765,87.42959125022702,114.2855782445875,37.31000529857962
side_person11.mp4,side,54,962,56.11652967318205,848,478,148.7312527683588,155.47360772171277,127.88660242032698,126.96195383752654,87.82041112797077,116.3087547175772,37.447111440895966
side_person11.mp4,side,55,980,56.11652967318205,848,478,147.83380309134276,154.89411753106083,127.00880361192279,125.8209750224313,88.04400869852515,117.71222724666474,38.09035852152564
side_person11.mp4,side,56,998,56.11652967318205,848,478,147.8021372624095,154.1743772977569,127.26872494621448,125.04184328864703,86.20552830974238,117.6150649703842,38.749097306397815
side_person11.mp4,side,57,1016,56.11652967318205,848,478,146.7306976340188,153.04780860227535,125.86220678559108,123.38381192257535,83.35039133254305,110.74440415011527,39.35946163186226
side_person11.mp4,side,58,1034,56.11652967318205,848,478,145.3388648771284,152.6809695379549,124.68292698883636,122.97765476584202,81.08121811119321,112.77172455707846,40.5536261534387
side_person11.mp4,side,59,1051,56.11652967318205,848,478,140.9852034521123,150.9601504805202,119.98214717427769,121.80073255957386,80.73162877682506,115.03915700560263,40.81334881677241
side_person11.mp4,side,60,1069,56.11652967318205,848,478,138.86554044918154,150.2791639687354,118.74803130352183,122.248501991736,77.5246153477994,114.78974598317603,41.79530590614296
side_person11.mp4,side,61,1087,56.11652967318205,848,478,137.399762838592,148.31170243940085,117.57748715109105,123.21423334122977,76.55328302331431,117.33654333474074,43.60207348463899
side_person11.mp4,side,62,1105,56.11652967318205,848,478,134.56399813287013,145.60690400610176,114.27799915255027,122.29390560791506,78.69675654640164,116.9809733288948,43.3809220379826
side_person11.mp4,side,63,1123,56.11652967318205,848,478,133.81154056053285,144.64352766310864,113.64369811731791,122.90160515589736,78.98078769468299,118.24829058896701,44.36520727968566
side_person11.mp4,side,64,1140,56.11652967318205,848,478,131.91993677317018,144.83473506699443,111.50697966555498,122.46574614214762,80.28832521254674,118.41719530721707,44.76405048239376
side_person11.mp4,side,65,1158,56.11652967318205,848,478,129.7710245981492,145.0847822824311,108.87549338331202,123.66133229579478,80.18483257866495,115.96007908542443,46.55667673883217
side_person11.mp4,side,66,1176,56.11652967318205,848,478,130.01008772803647,143.7823848679758,109.43930836154242,121.4658789929929,83.73975860523673,117.89885872018174,46.062002442063466
side_person11.mp4,side,67,1194,56.11652967318205,848,478,128.47099104921963,143.96074414944994,108.12165293795408,120.61089872134288,81.93478109547762,117.76939124503794,45.98850529562835
side_person11.mp4,side,68,1212,56.11652967318205,848,478,127.67606556125264,143.56461396786307,107.74154594521396,119.83572563587961,80.95691608209354,119.98991315926551,46.687980606764164
side_person11.mp4,side,69,1230,56.11652967318205,848,478,126.91035542949126,142.9260523747156,107.55134187005098,118.31592551419561,81.51368960856384,121.45471382340928,46.1840727486029
side_person11.mp4,side,70,1247,56.11652967318205,848,478,126.22476674690279,142.33829995811126,106.98947283909402,117.02490048064648,81.24539972592186,122.14586766972391,46.172083515270266
side_person11.mp4,side,71,1265,56.11652967318205,848,478,126.46622433657068,143.22444718551552,107.67537034422048,116.70749494729577,79.92442713501966,122.32448676374234,46.46056606846312
side_person11.mp4,side,72,1283,56.11652967318205,848,478,125.2580676535524,142.80982808962685,106.8275195626035,115.67175637548245,79.22382714731881,121.09109993512159,46.32346013022673
side_person11.mp4,side,73,1301,56.11652967318205,848,478,124.17583068917726,142.3515370896082,106.1671359745233,114.81188630299715,80.118122191771,121.43601462043692,46.200292346390036
side_person11.mp4,side,74,1319,56.11652967318205,848,478,123.2110142796039,142.09035490360932,105.40129824734026,113.85665659460814,82.12540825355235,121.47262462762723,45.83907007375207
side_person11.mp4,side,75,1337,56.11652967318205,848,478,122.84917393814366,142.8302512713817,104.93089081634022,113.30012043560326,83.03247862555868,122.21879923406999,45.48578241343956
side_person11.mp4,side,76,1354,56.11652967318205,848,478,122.20982396433715,142.47973212826525,104.3281412293634,111.15576720746289,84.69247682671048,121.33169835033665,44.739422527114776
side_person11.mp4,side,77,1372,56.11652967318205,848,478,122.0934515465672,143.99397317556733,103.91616178556608,109.21355995531705,84.18732145880362,121.39564845853566,44.15800532281348
side_person11.mp4,side,78,1390,56.11652967318205,848,478,121.30158386938527,143.9705944123043,103.2270255757997,109.03252532561419,84.74705600614196,120.85398325391886,44.20608113952893
side_person11.mp4,side,79,1408,56.11652967318205,848,478,121.15886169698298,144.42300577601932,103.10940273783368,108.65095155797464,85.01765435155363,122.06398443725637,43.79481610179063
side_person11.mp4,side,80,1426,56.11652967318205,848,478,121.00841516509055,144.31773549984328,102.58229576948463,106.21098258616668,85.23419794998432,121.49816991589317,42.5953980662336
side_person11.mp4,side,81,1443,56.11652967318205,848,478,121.38172933701802,144.7430448287962,103.06224822491086,106.66871540099775,85.2192174969032,121.24877382618995,42.64488603294007
side_person11.mp4,side,82,1461,56.11652967318205,848,478,121.47253343400286,144.56388030910094,103.46188203776572,106.93500774919372,84.97636621349513,121.74162780119242,42.71471649340488
side_person11.mp4,side,83,1479,56.11652967318205,848,478,122.60657759686603,142.97514684218416,104.7469709118734,108.07483028499963,85.61316676082421,123.38296603191132,42.95354621486691
side_person11.mp4,side,84,1497,56.11652967318205,848,478,123.31705365867057,142.98211157442853,105.68577823402235,109.33381712473968,84.80466882420741,124.19970010375725,43.15657286174396
side_person11.mp4,side,85,1515,56.11652967318205,848,478,123.87093144868642,143.51434158984793,106.28055068758232,109.55755798132978,84.67337154826104,123.52402176937602,42.6596772023908
side_person11.mp4,side,86,1533,56.11652967318205,848,478,124.21827223038666,143.58992772624654,106.8053982364225,109.87628866618365,84.21968795549068,122.87453664641855,42.612319456919174
side_person11.mp4,side,87,1550,56.11652967318205,848,478,125.91567162572198,144.0177302147801,108.68819390318846,111.27642820283054,82.5114562497254,124.0664112215149,43.23579001643854
side_person11.mp4,side,88,1568,56.11652967318205,848,478,126.92584924279308,144.5517890396735,109.89605961891566,112.30754730753765,80.79694129285193,123.43284585456549,43.10882887141002
side_person11.mp4,side,89,1586,56.11652967318205,848,478,127.87328832069782,144.34570828686032,111.1844068192659,113.1584907749216,81.09650551430167,123.75984616416956,42.79654315911067
side_person11.mp4,side,90,1604,56.11652967318205,848,478,130.2972133003408,144.86433609206014,113.88573307369526,114.08816547108385,82.04451734718732,123.85991286586003,42.01877064382036
side_person11.mp4,side,91,1622,56.11652967318205,848,478,130.93435324220366,144.69147032951372,114.93300590235258,115.0780110414649,83.0412786160394,125.16737462972998,41.31161483133267
side_person11.mp4,side,92,1639,56.11652967318205,848,478,130.10095516877266,143.43356803080783,114.80729519767483,116.94662956198549,84.77033807689371,122.78608299730149,40.60084347846988
side_person11.mp4,side,93,1657,56.11652967318205,848,478,128.4566497012248,143.77465972790714,113.23788440206957,119.03691056806625,83.9774628857771,121.402129293524,40.13463559529453
side_person11.mp4,side,94,1675,56.11652967318205,848,478,129.72021823694035,142.94320897867402,114.1781895063548,121.26855328075396,83.87957852638323,119.63206501302815,39.83301286072075
side_person11.mp4,side,95,1693,56.11652967318205,848,478,132.7370611271345,143.7816667698518,117.62309424069204,123.3367827081704,80.9127346112654,116.21510014938136,39.76842390195662
side_person11.mp4,side,96,1711,56.11652967318205,848,478,136.26602162218705,144.96907396005534,120.70799622658728,125.37152714645084,83.03498041166266,119.60171242402025,38.603874922491734
side_person11.mp4,side,97,1729,56.11652967318205,848,478,142.92925212749498,150.05744378817175,128.14426153844897,130.28483954423265,81.34883097945163,121.21596192069809,40.04446562294079
side_person11.mp4,side,98,1746,56.11652967318205,848,478,145.9030937669475,153.74106351975155,130.8041169916715,133.0182436804518,83.8013594607367,125.71203747306798,40.23357539974093
side_person11.mp4,side,99,1764,56.11652967318205,848,478,148.47863663976386,154.7475466281106,133.36492504229366,134.63491549195703,84.8145792493678,123.78195421828933,38.76832148524165
side_person11.mp4,side,100,1782,56.11652967318205,848,478,150.90595394763827,156.17264638953506,133.8835315808837,129.63731009603737,88.82617397790756,121.66279143741411,29.159331280902755
side_person11.mp4,side,101,1800,56.11652967318205,848,478,151.1253712054188,156.03110116537403,135.53798987784535,130.81703981777736,89.67715273383261,123.82225954409806,31.277881517035993
side_person11.mp4,side,102,1818,56.11652967318205,848,478,152.12687431633026,157.40574766415062,136.1537010884041,130.27645954425165,90.39419989308394,125.24661229023027,28.615656057245722
side_person11.mp4,side,103,1835,56.11652967318205,848,478,152.633727242707,157.7442678010111,137.5289512692767,136.5942784364762,88.8332047968673,122.38160748677569,33.118169743634546
side_person11.mp4,side,104,1853,56.11652967318205,848,478,153.82214471487612,157.12411074095985,138.76404450875208,134.1923757546588,93.61376190426701,121.76284819645966,28.11944640214111
side_person11.mp4,side,105,1871,56.11652967318205,848,478,152.23123465402875,156.61721581095352,137.66284047910233,137.0188262431591,93.81098520435849,119.35512051982421,28.56229233584852
side_person11.mp4,side,106,1889,56.11652967318205,848,478,152.42257320442403,156.9414045962729,139.39396920637535,131.35251690330827,95.88812290258488,122.36069536691916,22.724062206151356
side_person11.mp4,side,107,1907,56.11652967318205,848,478,153.67977186037683,157.48761410332747,140.79567027174133,132.25175123538162,96.13811733097808,123.04898537365338,21.852372942858103
side_person11.mp4,side,108,1925,56.11652967318205,848,478,156.83722154197454,160.78115273225177,143.40751999924566,130.59114957897958,98.40982755056355,123.46981552586178,20.12940737130321
side_person11.mp4,side,109,1942,56.11652967318205,848,478,158.87847727883522,162.7239082630703,144.16121898090697,130.080697403907,103.5040209759671,121.37771771985516,17.652900994007346
side_person11.mp4,side,110,1960,56.11652967318205,848,478,159.994495058053,163.51086185954418,145.6082782841365,131.80835011227333,100.39021679348599,117.81344395072189,17.414044998112647
side_person11.mp4,side,111,1978,56.11652967318205,848,478,160.44090148440202,163.7571332166231,148.03565771327783,136.30790582612215,98.45397821060489,105.68763962820461,17.738992470696232
side_person11.mp4,side,112,1996,56.11652967318205,848,478,160.98442600740233,165.75912574169922,149.12517328036145,134.5173490352279,99.5480596424981,112.69984781802314,17.334170401774976
side_person11.mp4,side,113,2014,56.11652967318205,848,478,161.4446628239272,168.33546447529338,150.20268340871286,130.88600273802456,99.26569791373615,104.7575111444671,16.794494922092724
side_person11.mp4,side,114,2031,56.11652967318205,848,478,162.29371072901878,169.430621449963,151.87686639098712,128.97538267085133,98.45294916362688,106.6219378434986,16.215976208881838
side_person11.mp4,side,115,2049,56.11652967318205,848,478,163.12122865532913,171.2881099751009,154.16338525863605,126.43295592169704,96.51360501251703,109.87191353787634,16.44171172517543
side_person11.mp4,side,116,2067,56.11652967318205,848,478,164.36246108172443,171.95359708269137,155.30805673378273,125.03675076353096,95.72715428143718,107.10453821611611,15.765398804780816
side_person11.mp4,side,117,2085,56.11652967318205,848,478,165.58500847373054,172.53970007916283,156.7399572565807,126.05886188997869,95.14138771097309,101.97175800949637,15.86679571432496
side_person11.mp4,side,118,2103,56.11652967318205,848,478,166.76590226334278,173.23910623609058,158.2390251442913,126.5789638993711,103.45521656528209,100.93611996678509,16.942455076926862
side_person11.mp4,side,119,2121,56.11652967318205,848,478,167.93810937497653,173.38152580069783,159.98015903544504,126.77241604372779,100.21253662548845,105.22425199728552,16.710182763113547
side_person11.mp4,side,120,2138,56.11652967318205,848,478,169.07228955523414,174.00179417557328,161.41370001747657,127.50300489410515,95.30324266165277,104.394638244406,16.684312134445943
side_person11.mp4,side,121,2156,56.11652967318205,848,478,170.17940962338704,174.47902991808144,162.92335340846884,129.17014257308512,94.57414502851756,103.09680023958566,17.591749664830015
side_person11.mp4,side,122,2174,56.11652967318205,848,478,171.07620166418306,175.3275459357069,164.33952407639163,128.89158089649217,92.24717806059134,102.2670149526409,17.042582026252695
side_person11.mp4,side,123,2192,56.11652967318205,848,478,171.28086752930497,175.48478673426308,164.55745812507095,127.30447007262428,94.52580727990086,110.05730114431731,17.193833491691308
side_person11.mp4,side,124,2210,56.11652967318205,848,478,172.08391100104728,175.06609076494956,165.61787296011252,128.45168499255615,94.77444539348397,108.81680256969679,17.234618685885597
side_person11.mp4,side,125,2228,56.11652967318205,848,478,172.89490571458487,174.94704113175388,166.2058142751364,128.41500177287432,95.96389741000222,108.98461822399935,15.983705351086948
side_person11.mp4,side,126,2245,56.11652967318205,848,478,173.53568871528145,174.77121583536947,167.23958614171482,129.75097082326744,98.88687777987822,107.64265746652009,15.75769056601474
side_person11.mp4,side,127,2263,56.11652967318205,848,478,174.37650089073006,174.64422800086345,168.15075386582896,130.36329435797307,99.32096615975694,103.86503132592307,15.463046982255783
side_person11.mp4,side,128,2281,56.11652967318205,848,478,174.54256108900898,175.26335579874464,168.5800730848428,131.65307611122947,97.42868993153247,92.68919718915882,15.5331759408862
side_person11.mp4,side,129,2299,56.11652967318205,848,478,174.9237281331106,175.6005292197238,169.23392347497048,131.7613983393928,95.74192019655413,89.3434112181254,15.23822000048598
side_person11.mp4,side,130,2317,56.11652967318205,848,478,175.3445892966976,176.02237705417187,169.7817107173281,132.73777513887367,95.70384211779908,86.91921716559555,14.680513449999859
side_person11.mp4,side,131,2334,56.11652967318205,848,478,175.76075893094588,175.40291131688844,170.60987555165576,134.06786237514362,96.06092238179514,85.11985547916652,14.459259775674061
side_person11.mp4,side,132,2352,56.11652967318205,848,478,176.39310348896785,174.5475606438283,170.94729138769435,134.47482572208847,96.35133393879771,82.84024769234952,14.27611890240969
side_person11.mp4,side,133,2370,56.11652967318205,848,478,177.05783409400416,174.51308210684218,171.65322025218703,134.87136452634232,96.34504031714064,82.18900514479691,14.138900572926312
side_person11.mp4,side,134,2388,56.11652967318205,848,478,177.6642110559346,173.98247159198078,171.4073100525891,134.96407240202595,95.5887944533768,80.38017991902421,13.607667049135959
side_person11.mp4,side,135,2406,56.11652967318205,848,478,177.88583213053965,173.3484161263759,171.17426926324507,134.72632839602906,94.76710292287699,81.41319766697144,13.614916278320512
side_person11.mp4,side,136,2424,56.11652967318205,848,478,178.1653853668822,172.71810102050858,171.2316350087732,135.70936630852307,95.39422023222696,78.61580925624585,13.401621704360899
side_person11.mp4,side,137,2441,56.11652967318205,848,478,178.26192812760036,172.2379896873668,171.84323021949425,136.20869942828307,95.51597848699953,78.42084090468678,13.127720560462242
side_person11.mp4,side,138,2459,56.11652967318205,848,478,178.3684185888691,172.11024466520064,171.71672632307138,136.25890375395954,95.67299196898627,79.07154383732724,12.998012409960667
side_person11.mp4,side,139,2477,56.11652967318205,848,478,178.376785365954,172.25774414236722,172.02280636836082,135.09634686758648,95.7172254032228,81.24866467443948,12.742136131416661
side_person11.mp4,side,140,2495,56.11652967318205,848,478,178.28910059549938,170.9482317994365,171.65164810372906,134.2855314038892,95.830615228277,86.96569908634469,12.400859079526235
side_person11.mp4,side,141,2513,56.11652967318205,848,478,178.18854748858436,171.60697810398807,172.11674382727136,134.30831494742006,96.00137374295939,85.48786383548082,12.244176186340134
side_person11.mp4,side,142,2530,56.11652967318205,848,478,179.31133276168245,171.54494111487836,172.046597498444,133.98065689681013,96.80419349200307,87.33070109721677,12.170910202992584
side_person11.mp4,side,143,2548,56.11652967318205,848,478,179.0801552477026,171.12493782806368,172.50927626877532,133.3309769815584,96.8919621732792,90.82168151897977,12.0124187454624
side_person11.mp4,side,144,2566,56.11652967318205,848,478,179.67915192976633,170.90758371383887,172.58688779131012,133.13854089498525,97.2499559055669,91.24332523523454,11.891819706305581
side_person11.mp4,side,145,2584,56.11652967318205,848,478,179.03734065121918,170.96199241624672,172.61291395069642,133.3361418610337,96.76952312140673,88.09123285884027,11.961285731863988
side_person11.mp4,side,146,2602,56.11652967318205,848,478,178.9498853377651,170.97187817293823,172.56715430766752,133.12677478085163,96.98888579357306,88.6043142403533,12.131122146770846
side_person11.mp4,side,147,2620,56.11652967318205,848,478,178.67708981356364,171.09330285988048,172.6930861245766,133.16057718900265,96.99445954354236,88.90367378961221,12.244979151620145
side_person11.mp4,side,148,2637,56.11652967318205,848,478,178.76927764420097,171.20008914801068,172.65375737364477,133.21133553998828,97.10008520952748,89.17678617752117,12.327308572535966
side_person11.mp4,side,149,2655,56.11652967318205,848,478,178.4839798736631,171.1855543179251,172.75683865325828,133.02985113831346,97.03293908297758,89.6455563663048,12.280844423966519
side_person11.mp4,side,150,2673,56.11652967318205,848,478,177.98778250456235,171.1825976978062,172.584816646869,133.10798672752927,95.80602000985589,88.8726864651824,12.675758458432696
side_person11.mp4,side,151,2691,56.11652967318205,848,478,178.13331027138724,171.31799812034743,172.58369056870166,133.0930152227182,96.15937888814064,88.7884897263325,12.688686420693875
side_person11.mp4,side,152,2709,56.11652967318205,848,478,177.90136203366046,171.61650990680337,172.98181309970363,133.15996234024917,95.5361881043853,87.89226011443058,12.822564057731269
side_person11.mp4,side,153,2726,56.11652967318205,848,478,177.8383791894928,171.7083525667236,172.89540105881164,133.23344912200946,95.64050661795449,87.72731573971072,12.894127372537543
side_person11.mp4,side,154,2744,56.11652967318205,848,478,177.75193379022127,171.70313635348114,172.80341733261582,134.79529690897672,95.60392616627604,84.85850413697774,12.92760136348871
side_person11.mp4,side,155,2762,56.11652967318205,848,478,177.55706995453454,171.5960882143136,172.98876010872493,134.6747021100892,95.1632089998309,86.08136898431133,13.032629904765086
side_person11.mp4,side,156,2780,56.11652967318205,848,478,177.50325627373857,171.32720746504486,172.66248314092803,135.31982244430142,95.01248531532089,83.93293206705117,13.669962815069121
side_person11.mp4,side,157,2798,56.11652967318205,848,478,177.43129703701328,171.35312008295287,172.61164816933425,135.2209838279903,94.96948082653147,84.5452326610083,13.677032153720376
side_person11.mp4,side,158,2816,56.11652967318205,848,478,177.5219468483377,171.39288920390268,172.59076023131016,135.21214490859902,95.10678651766804,83.75285804009432,13.672089273193192
side_person11.mp4,side,159,2833,56.11652967318205,848,478,177.50888934421403,171.17105737293406,172.30205635617438,135.5275240511546,95.11495045137316,82.07226516246376,14.026650217353765
side_person11.mp4,side,160,2851,56.11652967318205,848,478,176.9645416270253,170.92396908507658,172.17468898688267,135.3598691418506,94.1865746637616,81.88814346639359,14.441150657502238
side_person11.mp4,side,161,2869,56.11652967318205,848,478,177.40381537732688,170.9987577865126,172.0653598528847,135.28947988531425,94.5888906733487,82.55881572724456,14.400609961096535
side_person11.mp4,side,162,2887,56.11652967318205,848,478,177.3698420786531,171.01276912150792,171.8475317212316,135.5799622061639,94.4657079795382,81.92050132532871,14.874239170095324
side_person11.mp4,side,163,2905,56.11652967318205,848,478,177.16099308628182,170.97632585306545,171.97689730861086,135.63752299701292,94.14134163861664,82.24322660092787,15.013351537954481
side_person11.mp4,side,164,2922,56.11652967318205,848,478,177.68203863848214,171.50076622376653,171.54777429929186,135.8772928129088,94.96084769332307,81.57504618152151,15.053539329077786
side_person11.mp4,side,165,2940,56.11652967318205,848,478,177.513795331962,171.7672929141918,171.4968037763956,137.26208136759712,95.01360019985067,81.56621328256328,15.214480987267505
side_person11.mp4,side,166,2958,56.11652967318205,848,478,177.35808561893177,171.54423007916014,171.62308420730284,137.14769544634484,94.94850611437907,82.51259605565305,15.178032094052371
side_person11.mp4,side,167,2976,56.11652967318205,848,478,177.2975131831857,171.12163669468353,171.51563999361716,136.41610281839831,94.90456750032426,81.80471496802983,15.26086176640553
side_person11.mp4,side,168,2994,56.11652967318205,848,478,177.13791849256887,171.1378730112841,171.38074647197257,136.72684028984978,94.67505108801792,81.29222702428858,15.305379858511422
side_person11.mp4,side,169,3012,56.11652967318205,848,478,176.78610888875326,171.2307226380928,171.47666623594003,136.94672928074817,94.39826070897485,81.15526243576258,15.259710927110877
side_person11.mp4,side,170,3029,56.11652967318205,848,478,176.7967893371691,170.98465295596083,171.3740113880542,136.91147328070653,94.38593894026143,80.62904291977576,15.381634543883814
side_person11.mp4,side,171,3047,56.11652967318205,848,478,176.73477668744476,171.01784059722866,171.26714527812933,137.11090153790772,94.40759747398349,80.80408865720305,15.337202885633609
side_person11.mp4,side,172,3065,56.11652967318205,848,478,176.68899646377318,170.98594431577453,171.2185450753052,137.35167920033496,94.31577496898333,80.28295885643423,15.312593322314699
side_person11.mp4,side,173,3083,56.11652967318205,848,478,176.64063561604914,170.98798361578702,171.25624601827414,137.3311238578823,94.22710498056495,80.50102055411224,15.269657457171935
side_person11.mp4,side,174,3101,56.11652967318205,848,478,176.56602800434493,170.910640762167,171.17092011971243,137.91087043467178,94.3440020113657,79.97995011319423,15.046764178437888
side_person11.mp4,side,175,3119,56.11652967318205,848,478,176.50782449740083,170.80195616975976,171.05728608434706,137.7270350371328,94.42386563521106,81.08840937012593,15.03990093981697
side_person11.mp4,side,176,3136,56.11652967318205,848,478,176.80266649913534,170.82143878613562,170.88565764608535,137.614061523941,94.93764689344901,81.47139769412917,14.883064207483583
side_person11.mp4,side,177,3154,56.11652967318205,848,478,176.73165476183507,170.882535606891,170.86925283760274,137.56184907204576,94.93871642685816,82.2427604309058,14.844035769827826
side_person11.mp4,side,178,3172,56.11652967318205,848,478,176.81365031082927,171.01070808671489,170.8569419440161,137.69983332449303,95.2876759082241,82.36935448889678,14.766699202044975
side_person11.mp4,side,179,3190,56.11652967318205,848,478,176.72280996210148,170.97293114614547,170.57776755797153,137.67040198971048,95.52533510799685,82.77595627904786,14.750109860131788
side_person11.mp4,side,180,3208,56.11652967318205,848,478,177.4642937454726,170.9366064842706,169.6036089293005,137.6561491431287,97.39788239362893,82.52831677214057,14.616125772689436
side_person11.mp4,side,181,3225,56.11652967318205,848,478,176.19620250280275,170.8929947854692,170.11228608312553,137.58780108140198,96.25291864034229,83.06544447110112,14.614999133247604
side_person11.mp4,side,182,3243,56.11652967318205,848,478,176.27805000894182,171.10643379029685,170.1403113608537,136.4049051623728,96.52837323795455,85.8341477446423,14.339994443437206
side_person11.mp4,side,183,3261,56.11652967318205,848,478,175.26551429500878,171.3226181392085,171.12506078574665,137.6696837827702,96.09000202443919,83.04128878295592,13.820674131335936
side_person11.mp4,side,184,3279,56.11652967318205,848,478,175.66506600373108,171.1196464960738,171.59355266799847,137.12698852632346,96.08719774544369,83.81988613130439,13.573907678174692
side_person11.mp4,side,185,3297,56.11652967318205,848,478,175.66058068316977,170.9652513371786,171.83347166170236,136.80769335949844,95.57863681901108,82.80041099431402,13.383954136970083
side_person11.mp4,side,186,3315,56.11652967318205,848,478,175.8646630191239,171.02267323091078,171.73486153361992,136.78273144597438,95.31771147641088,82.30083397220417,13.423986400209323
side_person11.mp4,side,187,3332,56.11652967318205,848,478,175.4344426285421,171.08104933576837,173.02137186022858,136.9364853314517,94.41851787282438,82.97455451361265,13.516188215555985
side_person11.mp4,side,188,3350,56.11652967318205,848,478,176.05970642302967,171.27734505137954,172.16037645217204,135.98585368869783,95.96691682762865,81.32458441620142,13.588669316542454
side_person11.mp4,side,189,3368,56.11652967318205,848,478,175.94811855721622,171.328317036948,171.56619540299167,135.74028288463748,94.89526811169314,81.16889223939084,13.70606625309716
side_person11.mp4,side,190,3386,56.11652967318205,848,478,176.17229705599402,171.82569910394946,170.92936320988068,134.98228985518745,94.95367745780099,80.91606955184457,14.034391205804392
side_person11.mp4,side,191,3404,56.11652967318205,848,478,176.31448260688398,172.03334522934335,170.09259069135732,134.73499581276897,95.31537993129191,80.63506633637706,14.205047407577714
side_person11.mp4,side,192,3421,56.11652967318205,848,478,176.03297341322642,172.5501529119758,169.25542217353274,134.81755878718334,94.99695518483477,81.03868076339374,14.35176603454213
side_person11.mp4,side,193,3439,56.11652967318205,848,478,176.17053146242256,172.63949161210925,167.93771776399777,134.05102678402832,97.12632196936731,83.61757564688995,14.315571609835882
side_person11.mp4,side,194,3457,56.11652967318205,848,478,175.2293128377778,173.02165342145176,166.95074483394282,133.76559047661874,97.50240971626131,85.15780955264118,14.431738056923784
side_person11.mp4,side,195,3475,56.11652967318205,848,478,174.1876952195272,173.21993824341507,165.91643620166585,132.07249351033093,96.8812030112591,90.47102446802516,14.940702257282611
side_person11.mp4,side,196,3493,56.11652967318205,848,478,172.45722805326093,173.799775199485,164.54345617858556,132.99062773660054,94.57068336804208,91.15174599868872,17.188307846533434
side_person11.mp4,side,197,3511,56.11652967318205,848,478,171.45522449864077,174.25579210780532,163.76691468721077,133.64779668613355,92.35366775122584,90.8993052285697,19.203327541304922
side_person11.mp4,side,198,3528,56.11652967318205,848,478,170.96402972787868,174.06671737499215,162.7913195255824,136.03805497586006,90.8788037515178,87.70348085983372,20.89674704024725
side_person11.mp4,side,199,3546,56.11652967318205,848,478,170.8053434421364,172.95685276061195,161.62618691828501,136.2786936085172,90.93031564438408,92.60475021263561,21.12867233706508
side_person11.mp4,side,200,3564,56.11652967318205,848,478,170.17012813989678,172.89742889051698,160.26080538091685,136.3771881808441,90.43786081666461,90.66336359540722,21.427631646524958
side_person11.mp4,side,201,3582,56.11652967318205,848,478,169.16785239630622,172.7319161380972,158.5152459984786,134.89888224247852,93.00497273653036,93.99893186586216,20.985679260686016
side_person11.mp4,side,202,3600,56.11652967318205,848,478,168.28099709809365,173.6386166742864,157.0627454131288,131.37246540843265,98.3749883371785,102.86186473086732,19.258749361367943
side_person11.mp4,side,203,3617,56.11652967318205,848,478,167.35026538706663,172.89683871008123,156.21775348116614,129.102850255917,99.45584216986028,92.26687241484716,17.81313806142824
side_person11.mp4,side,204,3635,56.11652967318205,848,478,165.9177279025215,172.1078400104839,154.40602178398063,127.23638299835333,99.15394271355976,90.12576529661867,17.538004509081826
side_person11.mp4,side,205,3653,56.11652967318205,848,478,163.91440832142075,170.1601276126561,151.20349370275952,128.8327490947683,98.15416403173056,99.14703287663778,18.12542041192016
side_person11.mp4,side,206,3671,56.11652967318205,848,478,162.22694807398096,168.13200894696027,148.7218911944662,132.04748770927876,100.04720810552605,102.3881920719463,18.10345145723736
side_person11.mp4,side,207,3689,56.11652967318205,848,478,161.73622231214242,167.31268167403567,148.73079225634115,129.48992414802828,102.36068998087217,108.31692740392633,15.94592922231162
side_person11.mp4,side,208,3707,56.11652967318205,848,478,160.74477053388958,166.16889918473368,147.50314373934478,130.4778769469166,101.31054149349062,103.0585348644942,16.949026944908816
side_person11.mp4,side,209,3724,56.11652967318205,848,478,159.70547296784048,166.72729241213747,145.9374961241061,127.76301125286241,107.20104203267009,103.45855368605204,17.935294429341944
side_person11.mp4,side,210,3742,56.11652967318205,848,478,157.97411925291627,165.71855515203603,144.8314809695988,128.04637391817113,106.49531467932987,105.92147821079575,18.441176312272077
side_person11.mp4,side,211,3760,56.11652967318205,848,478,157.28712549505207,165.07222401663861,143.53245570564792,128.64006315540772,106.15371303736868,112.27914720632202,18.904255355019085
side_person11.mp4,side,212,3778,56.11652967318205,848,478,155.22987853866397,162.40157030847377,141.40291910626863,130.05118454900074,106.31121818641354,114.2232327616863,19.89164544941142
side_person11.mp4,side,213,3796,56.11652967318205,848,478,153.58383328819852,159.70621420371,139.65680126465458,130.2455158836188,104.01933292799559,113.08800106508053,20.759022902483142
side_person11.mp4,side,214,3813,56.11652967318205,848,478,150.67937024285172,160.4704187324987,135.5337544158502,131.52433692783035,100.5434192636514,125.25539731873263,25.610708794789026
side_person11.mp4,side,215,3831,56.11652967318205,848,478,149.23702615924518,154.79266138795464,133.96166448289432,133.86873672851192,100.58550990760297,117.41365495909926,26.927898381689023
side_person11.mp4,side,216,3849,56.11652967318205,848,478,148.0598914106111,152.07312975869866,132.83832558178605,139.84039894758,95.24382925523291,110.48702316829244,31.602391484005548
side_person11.mp4,side,217,3867,56.11652967318205,848,478,146.9348688637523,149.28856486845123,131.67724878067378,139.66568191020386,92.9601967320683,110.55353593035646,32.71788123564919
side_person11.mp4,side,218,3885,56.11652967318205,848,478,145.43484123036998,149.11377386971978,130.4751469303411,139.1843451408539,91.867405650711,111.85182166771571,33.83333374143863
side_person11.mp4,side,219,3903,56.11652967318205,848,478,144.37417533835816,148.1897766151867,129.6259437316518,137.55511149817386,93.06349112668464,115.08828152582649,33.35360356886301
side_person11.mp4,side,220,3920,56.11652967318205,848,478,145.74123414359747,149.99932683207092,131.56932363075845,137.23203145657445,93.63038198555479,105.58529251597791,35.59665363863676
side_person11.mp4,side,221,3938,56.11652967318205,848,478,147.4677680254903,151.5839754202607,133.0983077696232,135.66567476509948,95.01691412693958,123.4610635014214,35.45766273478642
side_person11.mp4,side,222,3956,56.11652967318205,848,478,146.47490540240437,151.42517495411926,131.79194783786528,134.9634815304124,95.32849121926289,122.57714658342444,36.36171724551292
side_person11.mp4,side,223,3974,56.11652967318205,848,478,147.8625842371641,151.68712114496074,133.31538901607308,133.7054173314139,94.3773564506882,125.72817161314457,37.22646727812655
side_person11.mp4,side,224,3992,56.11652967318205,848,478,146.09977020575343,155.89092318398167,131.57275636026128,131.95342545860873,89.77040408309502,124.13186924478576,39.03740393945908
side_person11.mp4,side,225,4010,56.11652967318205,848,478,144.49047802375486,155.4948169410474,129.70908153646312,131.8018189603982,89.51276614385955,122.01458165012723,39.97466929457396
side_person11.mp4,side,226,4027,56.11652967318205,848,478,144.6494023379438,154.4990027679848,129.96268879319922,131.12461081906943,89.42137687144724,123.95817099099436,41.153309464721836
side_person11.mp4,side,227,4045,56.11652967318205,848,478,143.745612815223,153.38881297147864,129.1123903540981,128.7920844470608,89.26568543243039,125.06436971190152,41.36553278902609
side_person11.mp4,side,228,4063,56.11652967318205,848,478,138.48438193053104,147.25095577275576,122.92529888446757,125.5626037296086,89.46757174737553,122.20260722818875,41.73461539901633
side_person11.mp4,side,229,4081,56.11652967318205,848,478,134.05086463619966,146.43166179077875,118.12777691302738,122.65346060374479,86.97280693497713,120.58100220981277,41.550728183126886
side_person11.mp4,side,230,4099,56.11652967318205,848,478,129.69517598679494,144.3822978564352,112.81648654241843,121.66492092775098,85.10962831762514,120.00520481199091,42.23007322657069
side_person11.mp4,side,231,4116,56.11652967318205,848,478,126.55982430803643,143.16295829549713,108.97651060043796,120.12580114433582,85.14926724624476,118.9930265415833,42.664400494517
side_person11.mp4,side,232,4134,56.11652967318205,848,478,125.4813981336063,142.72182085431362,108.18174601002089,117.03756694746606,85.10614721442815,119.30473187518668,42.491706971975105
side_person11.mp4,side,233,4152,56.11652967318205,848,478,124.95866259448135,142.3532769540234,107.70983250304403,115.3466552807684,86.04068811993102,115.98400195823314,41.25291996381692
side_person11.mp4,side,234,4170,56.11652967318205,848,478,122.94686741033951,141.8051073451354,105.68247637919393,113.81976307577673,87.54205716668433,119.55399247486994,41.01400096995631
side_person11.mp4,side,235,4188,56.11652967318205,848,478,122.97346137101532,141.6098066691269,106.00692334450376,113.25926728125863,85.75119704719799,122.71041825596099,41.081175714038125
side_person11.mp4,side,236,4206,56.11652967318205,848,478,121.10215698595208,140.798487503633,104.00794690984999,112.8890187249812,85.80892399654317,123.41872980279655,41.6506939752945
side_person11.mp4,side,237,4223,56.11652967318205,848,478,120.01159456333336,140.39254919524237,103.10906841718588,112.05727015557802,85.73369829143707,123.83313872702483,41.52706103790464
side_person11.mp4,side,238,4241,56.11652967318205,848,478,118.82438442032243,140.10372484222884,101.85572815836437,112.37445489333446,86.02769612166803,123.91190881468717,42.13262668398301
side_person11.mp4,side,239,4259,56.11652967318205,848,478,118.87733900558197,140.23249399612172,102.01952687100548,111.43638248311076,85.49337264205136,124.20634204581067,42.31135950009883
side_person11.mp4,side,240,4277,56.11652967318205,848,478,118.5936893745737,139.9595328335343,101.7826478639927,109.87979690121973,85.33511645148081,122.89122486810462,42.568816660229096
side_person11.mp4,side,241,4295,56.11652967318205,848,478,117.70972605847342,139.70990089664932,100.86955563791248,108.8794687630069,85.58311133009845,122.22501262577592,42.58077485877332
side_person11.mp4,side,242,4312,56.11652967318205,848,478,117.69348265319925,139.2704609793851,100.88924046126282,108.14054575347241,86.1581381321496,121.90084673215192,42.3849320961988
side_person11.mp4,side,243,4330,56.11652967318205,848,478,117.93496851578276,139.11654077308967,101.23887249004885,107.8898986890427,86.19930831699463,121.51058311007911,42.86330027078761
side_person11.mp4,side,244,4348,56.11652967318205,848,478,118.04685727364262,139.56062646233633,101.24177144483033,107.8953449734737,86.53771832581067,120.90275046986716,42.88846742270574
side_person11.mp4,side,245,4366,56.11652967318205,848,478,118.38667999416222,138.74301080401156,101.59538233234534,107.42634280913724,86.69905860134426,119.8637365981775,42.55503060450466
side_person11.mp4,side,246,4384,56.11652967318205,848,478,119.64346824525299,139.8901908716171,102.94175561334407,107.3309858027175,85.91158941702484,122.09188602748138,42.35700293496526
side_person11.mp4,side,247,4402,56.11652967318205,848,478,119.91373225842335,140.4489173945372,103.16865811739025,107.26508639507426,85.37034149165416,122.1396497219899,42.317839204108644
side_person11.mp4,side,248,4419,56.11652967318205,848,478,120.64609620380324,140.5131405440653,103.86812628071357,106.51337865843803,85.28371175477584,121.9764375267724,41.86307548688173
side_person11.mp4,side,249,4437,56.11652967318205,848,478,121.28399716285149,141.09839168312732,104.31414177745027,106.01045871874197,85.4050221542241,122.47636656751868,40.89323314820838
side_person11.mp4,side,250,4455,56.11652967318205,848,478,122.9970673602606,142.26969216516716,106.07907395133365,106.32949862504302,84.06752291090325,124.95560638150783,40.740639575952954
side_person11.mp4,side,251,4473,56.11652967318205,848,478,122.66666204792324,141.94641903103758,105.73255929355562,106.0687474202375,84.60990275715108,124.0455837039494,40.28828919149069
side_person11.mp4,side,252,4491,56.11652967318205,848,478,124.6839448764666,142.30014524345864,108.28197488257153,106.59412595491092,83.07204301598006,123.84835526409002,39.47230007285556
side_person11.mp4,side,253,4508,56.11652967318205,848,478,126.33563508276418,143.030418952848,110.88716081488194,108.72357664476975,83.12451481711348,123.49519016815182,39.611514968888386
side_person11.mp4,side,254,4526,56.11652967318205,848,478,128.06017596378166,142.23662328635703,113.10758852567545,110.85256954535453,83.23651742661396,123.08861036017043,39.53439351416545
side_person11.mp4,side,255,4544,56.11652967318205,848,478,128.65768230652353,143.1658310913568,113.28103075122628,114.37886830266427,81.06744983303555,118.27740973989361,39.44484727092269
side_person11.mp4,side,256,4562,56.11652967318205,848,478,131.32390600495046,144.05833221357904,115.83303765480527,116.11051863349158,81.5239056023218,117.67425477573147,38.62815243357562
side_person11.mp4,side,257,4580,56.11652967318205,848,478,134.71995897204263,145.19760855718704,119.25128587527335,119.53272845105516,81.13278002314773,116.89634111607126,38.31825762669606
side_person11.mp4,side,258,4598,56.11652967318205,848,478,137.7809195517663,146.8584973187475,121.8961359266276,122.54281990199517,81.57684835704102,116.38517852636336,37.640654043095374
side_person11.mp4,side,259,4615,56.11652967318205,848,478,140.40821736916803,148.65211217649352,124.06841610386279,125.86646821185508,81.99296000354153,116.37270941009112,37.176811700213456
side_person11.mp4,side,260,4633,56.11652967318205,848,478,143.07170207063305,149.952480494165,127.03523565410046,128.18326110635752,84.63128837069029,118.70267383556846,35.57824894270503
side_person11.mp4,side,261,4651,56.11652967318205,848,478,147.20306112154597,152.88801533220519,130.29539564434538,124.01453534381606,90.39110859735885,121.27582917938996,26.60302175603241
side_person11.mp4,side,262,4669,56.11652967318205,848,478,147.4487832538941,155.69545867537227,127.62967684232227,125.38775537839322,93.95633415593767,120.420626309878,27.80881523899938
side_person11.mp4,side,263,4687,56.11652967318205,848,478,147.58698118561244,156.40612274338366,130.44791693639817,124.18746464963824,93.51817281893753,121.78583602171884,24.5460013610829
side_person11.mp4,side,264,4704,56.11652967318205,848,478,148.01189731208538,157.696478654746,132.45341781922838,124.52338703646025,94.27678147591999,122.69215723887106,22.397370884404538
side_person11.mp4,side,265,4722,56.11652967318205,848,478,149.11847248174004,159.45661365485128,132.24215220352133,129.30649755279788,92.97803006985802,118.81174613979799,24.73178793797023
side_person11.mp4,side,266,4740,56.11652967318205,848,478,150.5736482265527,160.7545933733681,135.30374534845797,125.93127161455091,96.05650451999215,119.14877349806609,21.216303439546596
side_person11.mp4,side,267,4758,56.11652967318205,848,478,152.49986637527104,161.9884149272934,138.1443418037066,126.20844078790897,96.58951449906193,120.58346201637409,19.375180052531448
side_person11.mp4,side,268,4776,56.11652967318205,848,478,155.45838749418706,164.00136744806622,142.286760097422,128.76169802598525,96.76143728327268,118.07546823287059,19.324189512753556
side_person11.mp4,side,269,4794,56.11652967318205,848,478,157.8572770036761,165.40485965024297,144.92263447743733,129.9559029545403,99.2555837459612,115.93103708482218,18.53883030574707
side_person11.mp4,side,270,4811,56.11652967318205,848,478,159.48128477353322,166.96664365264243,146.64878701221593,130.7651822779894,100.56834754710137,113.19367883589833,17.359011440337042
side_person11.mp4,side,271,4829,56.11652967318205,848,478,160.21416686546797,167.8047694642269,147.80109938692604,132.60206027586855,97.27664245450805,110.47215254713606,17.16367163343808
side_person11.mp4,side,272,4847,56.11652967318205,848,478,161.17054748321155,167.52986384370263,148.8677096935255,132.80779809546883,97.33689020937595,111.55488016080841,16.346417693457443
side_person11.mp4,side,273,4865,56.11652967318205,848,478,161.78746014908236,168.29676285025974,150.31215537890867,131.77245430339127,98.25954864420325,98.86174868047326,16.064402067938612
side_person11.mp4,side,274,4883,56.11652967318205,848,478,162.48019028249223,169.00749861202095,151.41593533342805,131.7807452633934,98.93568766460984,99.88107874764808,15.829702146053485
side_person11.mp4,side,275,4901,56.11652967318205,848,478,163.33076105381127,170.96565184871042,152.80746629227585,126.77689376519668,98.95298155477067,108.27075127140604,15.01083961315911
side_person11.mp4,side,276,4918,56.11652967318205,848,478,164.38041418707962,171.3745486186272,154.3900695433392,126.04774694501396,98.50681794345395,108.30986261464918,14.886258002934678
side_person11.mp4,side,277,4936,56.11652967318205,848,478,165.09793644370805,171.75358651640315,155.59965250976757,126.3884725204306,97.98131094058265,106.12454347038067,14.96186843241611
side_person11.mp4,side,278,4954,56.11652967318205,848,478,166.72760601504785,172.56513428444507,158.15417414568364,127.65829720832777,92.7314852284094,104.75259914590522,16.507852820647305
side_person11.mp4,side,279,4972,56.11652967318205,848,478,168.12913265502152,173.31655048159084,160.28776621668055,128.3631280156859,91.34984277657543,104.17677693025277,17.113651602543726
side_person11.mp4,side,280,4990,56.11652967318205,848,478,169.40270473837057,173.91181988830357,162.49270928787024,129.20018093232179,90.56592703446468,102.96393366624487,17.51523505442193
side_person11.mp4,side,281,5007,56.11652967318205,848,478,170.1365816042269,174.34033260312748,163.56176121746827,131.01033952350866,90.3577850839234,100.40543251708615,17.02041888002914
side_person11.mp4,side,282,5025,56.11652967318205,848,478,169.44744993238723,174.51824026634347,164.22513705772428,130.73876693603376,95.191686731656,98.67073060690478,15.714928748469921
side_person11.mp4,side,283,5043,56.11652967318205,848,478,170.27101377921952,174.13031989904795,164.67000835062822,132.59412001399326,96.44414161464604,101.22550293671902,15.565216765505488
side_person11.mp4,side,284,5061,56.11652967318205,848,478,170.5371275051912,174.51612177091735,165.98747220262092,131.80268471753143,97.75875412681057,94.53955649721789,15.590893899027034
side_person11.mp4,side,285,5079,56.11652967318205,848,478,171.0308201297877,173.94036781308486,166.80293412999183,130.99203348488828,98.27391308065306,76.0476302815223,14.586398463853545
side_person11.mp4,side,286,5097,56.11652967318205,848,478,171.9339174038352,175.02212434701457,167.59953693712174,131.1329729850683,98.22500674287866,78.00583543398214,13.919467425691693
side_person11.mp4,side,287,5114,56.11652967318205,848,478,172.18331731865425,174.8651954784592,168.28000483159838,132.4129585077155,98.07960100185232,81.52979351459085,13.647766018481756
side_person11.mp4,side,288,5132,56.11652967318205,848,478,172.87937912993306,174.64897800999788,169.10622046863145,133.20985448840207,98.02681309488354,86.63426707026679,13.88144458172442
side_person11.mp4,side,289,5150,56.11652967318205,848,478,173.85703016397798,173.5663605904999,169.571376503967,134.390924164373,97.76577685688085,83.16886161588333,13.593022985603367
side_person11.mp4,side,290,5168,56.11652967318205,848,478,174.7620021477494,173.20122154509133,169.74301388380218,134.37643122620614,97.70474356365291,83.4382735169381,13.303705300435965
side_person11.mp4,side,291,5186,56.11652967318205,848,478,175.87078170782,173.02989590985456,170.70409334569018,133.1597395606392,98.15196250220674,85.17582324740317,11.712826201793451
side_person11.mp4,side,292,5203,56.11652967318205,848,478,177.23324181757863,172.9128675212306,171.67343878604643,134.2124244771896,98.44970511914512,83.43287275105415,11.515579275299444
side_person11.mp4,side,293,5221,56.11652967318205,848,478,178.12479893351997,172.293465559745,170.98739100118712,134.59282625535053,98.76766952851922,87.8343787502084,11.752256786397655
side_person11.mp4,side,294,5239,56.11652967318205,848,478,179.74217048620588,171.96160862909906,171.0788045172371,135.55302780445646,97.13363973088671,83.4700109033851,12.190368588136526
side_person11.mp4,side,295,5257,56.11652967318205,848,478,179.45868354153475,172.33811551151564,170.9033185812003,135.04675737360728,97.73662732627263,86.35431764067822,12.433009277226523
side_person11.mp4,side,296,5275,56.11652967318205,848,478,178.59164278554414,171.66354112975003,170.69405728472526,135.85124416478646,98.18842189006475,85.11190910917011,12.97095602741432
side_person11.mp4,side,297,5293,56.11652967318205,848,478,177.60884127099337,171.29700144399052,169.83606717618568,133.9170429428245,97.0640027728681,87.0341212164464,13.93260278809163
side_person11.mp4,side,298,5310,56.11652967318205,848,478,176.60417563804597,171.35224024726784,171.05027842263658,135.06717054702426,93.86009232652357,84.8586336005169,14.842016199308524
side_person11.mp4,side,299,5328,56.11652967318205,848,478,176.9019067525265,171.50195705516103,171.41088233489097,133.89897470253678,94.56385972192687,89.23888540449236,14.57486118798484
side_person11.mp4,side,300,5346,56.11652967318205,848,478,176.47434474587882,171.605038679205,172.2295369262846,135.1963645007789,92.57355335815258,84.25834823273469,15.276200199933255
side_person11.mp4,side,301,5364,56.11652967318205,848,478,177.32972175532336,171.72028677766173,172.22430517829568,135.00518769122712,94.57590597001749,85.09047996184562,15.035270092527732
side_person11.mp4,side,302,5382,56.11652967318205,848,478,177.33670226121234,172.12905265569103,173.01656313719775,135.14432212712623,93.98894624052247,85.08269164596045,14.750674537662237
side_person11.mp4,side,303,5399,56.11652967318205,848,478,177.4246305675544,172.0173510897761,173.00377186026003,134.946004923187,92.29019353917818,84.3985615802276,14.625758218350114
side_person11.mp4,side,304,5417,56.11652967318205,848,478,177.10468510717484,171.77933115468494,174.48129122600062,135.26969312331656,91.38955455694678,84.06023093155103,14.961241941642195
side_person11.mp4,side,305,5435,56.11652967318205,848,478,177.4676451395119,171.71682340391678,174.00182082524267,135.44767394204683,92.34959239066768,84.39669846405671,15.106569333153224
side_person11.mp4,side,306,5453,56.11652967318205,848,478,176.48596709396796,171.56709394977304,174.5374879623761,136.38072230679361,90.14050411827776,81.45700168115691,15.398686081098592
side_person11.mp4,side,307,5471,56.11652967318205,848,478,177.34988036796537,171.08505541165158,173.88178175135872,135.31027418391884,92.52068632278888,82.48911793913906,15.477642157142904
side_person11.mp4,side,308,5489,56.11652967318205,848,478,175.45078151264514,170.65229960690058,173.41699439396277,136.58746533571016,88.8859109380454,79.21539332287394,16.090206550465982
side_person11.mp4,side,309,5506,56.11652967318205,848,478,176.62552447855703,170.60624256111643,173.25270579787966,136.31191559567134,90.82770260744485,80.26488248638077,16.004838466463227
side_person11.mp4,side,310,5524,56.11652967318205,848,478,176.54206095431888,170.7653110430519,173.50828850128735,136.83807443700476,90.21264698057067,80.32235372048048,16.03116918323844
side_person11.mp4,side,311,5542,56.11652967318205,848,478,176.51076864153592,170.1994539709695,173.2421202557298,137.40934105565583,90.27430797986324,80.45053979047,16.001864934040253
side_person11.mp4,side,312,5560,56.11652967318205,848,478,176.4824755411877,169.93971136328173,173.0516016734828,137.36913753557153,90.26082133615273,78.9228161658414,16.048563889451867
side_person11.mp4,side,313,5578,56.11652967318205,848,478,176.55482343245313,170.24746566083485,172.97092556830165,138.02683125134806,90.36275783903342,80.7205353292719,15.99298361505272
side_person11.mp4,side,314,5595,56.11652967318205,848,478,176.74647595390707,170.25911029174068,172.94315333108497,138.17464869002092,90.8696358153828,81.84899249100442,15.965623595105935
side_person11.mp4,side,315,5613,56.11652967318205,848,478,176.61686081457333,170.27473281158916,172.93440758796626,138.1616821015015,90.19958541661826,82.72255879971709,15.93355988287606
side_person11.mp4,side,316,5631,56.11652967318205,848,478,176.8294926100549,170.27640813168628,172.89411069357672,138.609024706656,90.57721725013832,82.29639160447049,15.920854548930533
side_person11.mp4,side,317,5649,56.11652967318205,848,478,176.70683050640224,170.038484139059,172.64465513605572,139.3611461585091,90.19645088804954,81.39559585306591,15.932999090546577
side_person11.mp4,side,318,5667,56.11652967318205,848,478,176.71060810690983,169.82269420725123,172.19915695728653,139.69544858868122,90.3406051290155,81.4016393255924,16.035305717175714
side_person11.mp4,side,319,5685,56.11652967318205,848,478,176.67318517506476,169.59335834471125,171.75653771413607,140.58925269182964,90.4857280002973,79.9467862723123,16.128707745013546
side_person11.mp4,side,320,5702,56.11652967318205,848,478,176.5670578464629,169.37798188089175,171.56698028126948,140.51335836199922,90.51903017099617,80.72866309422159,16.177744701504867
side_person11.mp4,side,321,5720,56.11652967318205,848,478,176.48968844400684,169.1699483844407,171.30601295667472,141.07151263544114,90.85675001639845,80.08442385148602,16.181568316921396
side_person11.mp4,side,322,5738,56.11652967318205,848,478,176.41959144549423,168.97589570900377,171.09433097731684,141.4122615639458,91.0883426362768,79.73185654682148,16.182041851237365
side_person11.mp4,side,323,5756,56.11652967318205,848,478,176.6803976013262,168.86681751060664,170.7734420018244,141.2682407700194,91.60728836955123,80.0973887216095,16.05662244675707
side_person11.mp4,side,324,5774,56.11652967318205,848,478,177.14219818505674,168.88377722271593,170.15988718197525,142.3792822666783,92.4216295805375,79.49399839742712,16.109376599215523
side_person11.mp4,side,325,5792,56.11652967318205,848,478,177.57423791310546,168.77599786579455,169.64553535984638,142.13897405827868,93.57915531862986,80.23304766577375,15.77236206742434
side_person11.mp4,side,326,5809,56.11652967318205,848,478,177.6825122667506,168.81078158773508,169.54637257583363,142.1132809690277,94.41683034807468,81.25568251038523,15.51388923083536
side_person11.mp4,side,327,5827,56.11652967318205,848,478,177.22577300672728,168.84365827131793,169.65370344080006,142.10403629728418,94.01030798085074,81.21173077710687,15.487817442179999
side_person11.mp4,side,328,5845,56.11652967318205,848,478,177.54755372250938,168.94698875716176,169.77038853121888,142.26068970811386,94.66827784698593,81.85380751335552,15.289232013625108
side_person11.mp4,side,329,5863,56.11652967318205,848,478,177.14168664675296,169.22073981396395,169.90491398446827,143.31760814235335,94.26197555963218,81.76002955605217,15.260405133250242
side_person11.mp4,side,330,5881,56.11652967318205,848,478,177.1934753179016,169.05589862760377,169.84767383480397,143.4719673407334,94.29310166793076,82.36654356159603,15.52674240152469
side_person11.mp4,side,331,5898,56.11652967318205,848,478,177.16825090099783,169.12867986933819,169.7512055721667,142.89851644374815,94.16407878007054,83.57193643028268,15.66405729774922
side_person11.mp4,side,332,5916,56.11652967318205,848,478,177.45366262827528,169.3393410381839,169.3871881977475,142.2721697131885,94.7169942300966,83.00592597551189,15.4373608515835
side_person11.mp4,side,333,5934,56.11652967318205,848,478,177.157519099531,169.54320490208278,169.37987237831857,142.04345355951105,94.0479020177603,83.63356235490302,15.456997027889262
side_person11.mp4,side,334,5952,56.11652967318205,848,478,177.123283210888,170.54030665215637,169.52808792761462,140.0964138657823,94.09634615244791,85.8818353015969,15.005295949940844
side_person11.mp4,side,335,5970,56.11652967318205,848,478,177.22742171262857,170.7305509543894,170.37380965261417,140.05754473588186,94.33833297946832,85.53220487872821,14.895526439141525
side_person11.mp4,side,336,5988,56.11652967318205,848,478,177.368524684697,170.9061416133131,170.48902284969384,139.25415832084326,94.67930787955007,85.17641375135354,14.621188597943819
side_person11.mp4,side,337,6005,56.11652967318205,848,478,177.37196075601773,171.10111492908413,170.5278402257442,138.12122697255438,94.76742041991015,85.15188738289099,14.312631645143396
side_person11.mp4,side,338,6023,56.11652967318205,848,478,177.55730651251218,171.68439047810733,170.5879726446913,136.01530305272684,96.22692062006968,85.2149543437012,12.977430333810583
side_person11.mp4,side,339,6041,56.11652967318205,848,478,176.66534118456832,172.80169186117035,170.30732258863793,136.3717107772454,96.29337565790446,83.4315063889429,12.672781083558656
side_person11.mp4,side,340,6059,56.11652967318205,848,478,175.4489541644999,172.816056302544,169.40983830910895,137.3851545504578,96.67691221764888,82.7172250526205,12.80714387564548
side_person11.mp4,side,341,6077,56.11652967318205,848,478,174.49311466637795,172.30872935244724,168.47024533015608,136.54790179177184,96.59077155103728,86.43963072437349,12.929735876280997
side_person11.mp4,side,342,6094,56.11652967318205,848,478,173.0284707037805,172.1966015830761,168.24677080534644,135.52608840474244,95.16933154177813,86.69410152614361,14.22834293829155
side_person11.mp4,side,343,6112,56.11652967318205,848,478,172.45243120143883,172.5333831580973,166.57910803186783,135.14757013018297,98.5944014925753,85.24639470920424,14.269371754820634
side_person11.mp4,side,344,6130,56.11652967318205,848,478,171.40179003974228,172.78520769527555,164.39369171123906,132.91231333664516,100.00909624497726,88.10529082659207,14.40419499799604
side_person11.mp4,side,345,6148,56.11652967318205,848,478,170.50476018190326,173.14152013202326,162.99951750563173,131.7799669745808,99.51915232912073,88.55993642391336,14.907669386006885
side_person11.mp4,side,346,6166,56.11652967318205,848,478,170.24903127618092,174.72838390342292,161.71022358435835,128.2593080144535,102.08752590987861,97.27773245872045,15.00445337189915
side_person11.mp4,side,347,6184,56.11652967318205,848,478,169.68816735200295,175.14199832029374,161.14655595247055,126.0822581362761,103.23634322981445,99.8889796835117,15.414974237379138
side_person11.mp4,side,348,6201,56.11652967318205,848,478,168.6150710714415,174.65381977279785,160.0588403618146,127.11441381475369,101.41780670370927,102.35610347299006,16.237934790482768
side_person11.mp4,side,349,6219,56.11652967318205,848,478,167.04409951584702,173.7409374851017,158.78163619187086,128.19868357010958,99.15724262498362,99.55781153933647,16.79498518067635
side_person11.mp4,side,350,6237,56.11652967318205,848,478,166.06483140391407,172.3593625883802,157.2215232507952,128.23212008551744,96.88666345849397,104.2984123845811,17.198919669710566
side_person11.mp4,side,351,6255,56.11652967318205,848,478,164.56416540909663,171.23215631613363,154.31869374394265,126.94374893703261,101.09411921160398,98.46685355243055,16.541544904723565
side_person11.mp4,side,352,6273,56.11652967318205,848,478,163.93769482459493,170.29854641072788,153.44727220001772,125.61166786428014,101.60200311539606,101.79499458622794,16.214082508006815
side_person11.mp4,side,353,6290,56.11652967318205,848,478,162.3789627905316,168.9571073898676,151.96125708354643,126.01379736752159,101.6101160201895,112.65243168262639,16.29253120105977
side_person11.mp4,side,354,6308,56.11652967318205,848,478,160.83239167621034,167.1797280605506,150.18828854471465,129.14983229244348,101.71229133911513,112.91303767228848,16.333535742200027
side_person11.mp4,side,355,6326,56.11652967318205,848,478,159.46869643394047,166.29798170624326,148.72322449372038,129.63333866957962,101.65739797438874,112.32719190776133,16.662131964160576
side_person11.mp4,side,356,6344,56.11652967318205,848,478,158.8607949270173,166.47947651289087,148.26536720838598,128.32037628714986,104.12494993715279,112.71062689820891,17.086100965629534
side_person11.mp4,side,357,6362,56.11652967318205,848,478,157.4132884723827,165.32498472692788,146.78819995786944,129.99319244419868,104.99949177894284,114.02306105113871,17.961936257973658
side_person11.mp4,side,358,6380,56.11652967318205,848,478,156.15568355186448,165.75392592435597,145.4107453619893,131.59522085413093,100.81688241726161,130.0888755294873,20.322453120000198
side_person11.mp4,side,359,6397,56.11652967318205,848,478,155.86589911605506,165.54548062278042,144.18927271225647,133.4518994361191,100.35555416730854,128.900777788672,23.115301143844796
side_person11.mp4,side,360,6415,56.11652967318205,848,478,153.4383456921221,164.97128670417536,139.21675213223241,134.6659279550199,97.73336084079004,125.98536855869207,26.56342653190345
side_person11.mp4,side,361,6433,56.11652967318205,848,478,149.08517518217337,162.5104948029462,131.08479020197225,134.40832569455884,100.21016643666162,116.82449560158965,26.25161648240276
side_person11.mp4,side,362,6451,56.11652967318205,848,478,149.3387457540754,162.13782290354112,132.6865919127942,131.76908311627977,99.54280370855236,123.90691822289267,26.279378001201067
side_person11.mp4,side,363,6469,56.11652967318205,848,478,148.71801836070313,160.09456278144688,132.5878063980774,130.7006870409801,98.03005475699267,122.403793916619,26.567622591164344
side_person11.mp4,side,364,6487,56.11652967318205,848,478,147.15526492382793,158.00774272216822,131.3181181599354,128.65085118739927,95.41273091238419,121.51056608467026,27.131405804476124
side_person11.mp4,side,365,6504,56.11652967318205,848,478,145.00239294814594,154.3708393615923,131.72537744229146,130.0265064362932,95.22570267079202,122.35604212125313,28.355577383270028
side_person11.mp4,side,366,6522,56.11652967318205,848,478,144.06934331957683,151.37785931358633,129.81674565713263,135.3070094065344,94.9919374271635,118.04711420727266,30.938126122424695
side_person11.mp4,side,367,6540,56.11652967318205,848,478,141.03686174403455,149.54495497687157,126.62598110533676,133.02522098554687,94.8199492250916,120.17263942300103,30.917065037643884
side_person11.mp4,side,368,6558,56.11652967318205,848,478,142.62001682903667,151.16801936696004,129.12872143865647,131.85181204386953,94.9909422718234,106.59279424958923,32.409566684891594
side_person11.mp4,side,369,6576,56.11652967318205,848,478,144.76858277451493,150.78603426918795,131.49566172384462,133.23053341039545,93.53827766293988,101.00967121250787,35.23900265501059
side_person11.mp4,side,370,6593,56.11652967318205,848,478,146.4505244595904,150.82589774434723,133.06649438444745,131.70632999957377,93.55249377471804,119.86323400528498,35.87516763766762
side_person11.mp4,side,371,6611,56.11652967318205,848,478,144.74794602306335,150.11519017937732,131.16562407921808,128.55252974291696,94.93304167770756,124.75860872387806,35.3576617975977
side_person11.mp4,side,372,6629,56.11652967318205,848,478,143.1275265882621,148.98297854490724,129.59338835546004,126.70000496985023,94.91932519197671,125.08054922083565,35.25505214705538
side_person11.mp4,side,373,6647,56.11652967318205,848,478,141.67027894627006,147.5920818292154,127.79195430154873,127.6222070717083,92.51948109929322,127.02241213953242,37.137604029387255
side_person11.mp4,side,374,6665,56.11652967318205,848,478,140.6913752088134,146.89388819195028,126.43927917544,126.08378110027233,91.91458906157229,126.5301274290991,37.51187673262734
side_person11.mp4,side,375,6683,56.11652967318205,848,478,138.46461507275404,143.99297098859745,124.12354368427042,124.01726402388985,89.20955496435752,122.15658112863191,37.751036184717464
side_person11.mp4,side,376,6700,56.11652967318205,848,478,136.70012248599238,142.15606436956276,122.02071967756449,123.34620524137084,89.81513075526982,119.98967351336246,39.3863067039279
side_person11.mp4,side,377,6718,56.11652967318205,848,478,132.79910864964646,141.72236104159364,118.28819237473964,121.92487635815105,88.80126919770774,120.40941036294986,39.68761927092811
side_person11.mp4,side,378,6736,56.11652967318205,848,478,129.23706217531816,139.93104327695005,114.95995587766419,119.46826465044221,91.2766917022074,119.15423090712842,39.430074173330276
side_person11.mp4,side,379,6754,56.11652967318205,848,478,124.64264270204121,139.5105358088404,109.60180975791357,117.88939739792772,90.36932877466383,119.19238973019507,39.892279677142156
side_person11.mp4,side,380,6772,56.11652967318205,848,478,121.18919462225021,138.29958299035914,105.48416882466435,116.91801950464964,90.62807570625978,120.0206000050217,40.37387265408149
side_person11.mp4,side,381,6789,56.11652967318205,848,478,119.53368895292952,139.0463698799836,103.9313502465915,116.68838583557593,90.05679182246384,120.04814619750405,41.05948607798868
side_person11.mp4,side,382,6807,56.11652967318205,848,478,118.09103624515355,139.53557958833045,103.1701689630938,117.02564319162694,93.44130093473882,116.13909530991393,42.32356391439746
side_person11.mp4,side,383,6825,56.11652967318205,848,478,118.38819976760463,139.44418352391145,103.65811149961024,115.93776027632325,95.25379680231893,115.6793140120407,42.46347103623559
side_person11.mp4,side,384,6843,56.11652967318205,848,478,117.29232834357062,140.7003836076574,102.95430029194912,115.69356275171603,95.42775779212704,125.24815710173142,42.83544796715432
side_person11.mp4,side,385,6861,56.11652967318205,848,478,116.39495827306192,140.65547081099254,101.75159319442622,116.14748246233542,91.35331106191819,125.48295328589302,43.666918481963705
side_person11.mp4,side,386,6879,56.11652967318205,848,478,115.50613827229387,139.97435295716403,101.32410016930254,115.04292683091825,94.91994103857735,125.77097871517074,43.46707548669512
side_person11.mp4,side,387,6896,56.11652967318205,848,478,114.69595596127408,139.73798094743898,100.84625907852465,115.81005266935355,94.94770616099834,125.90719534973393,44.223264945054794
side_person11.mp4,side,388,6914,56.11652967318205,848,478,112.68903165218589,139.27981814070918,98.58663343309516,115.00475920808273,92.28904046948992,125.47667901622884,44.30061330918539
side_person11.mp4,side,389,6932,56.11652967318205,848,478,113.39324737232629,139.21001305835648,99.5716713224875,114.03439526140448,94.70979733149373,126.57122853703733,43.68891983653597
side_person11.mp4,side,390,6950,56.11652967318205,848,478,113.45466546768564,138.74894713478307,99.78588003795159,113.26923952989539,93.82363017441587,126.3188135379928,43.618110745509235
side_person11.mp4,side,391,6968,56.11652967318205,848,478,111.07376912361399,138.36407723435767,97.17462819315952,113.42369747608035,92.10764169052207,125.84261246386882,43.91216563984991
side_person11.mp4,side,392,6985,56.11652967318205,848,478,113.854462365359,138.44718845753908,100.30815741481642,112.76535502986651,92.91295729012346,125.95876896519191,43.71321464493158
side_person11.mp4,side,393,7003,56.11652967318205,848,478,114.00907784943823,138.37709082693013,100.42618696028885,113.02268042154475,91.83020122564002,126.50770602471884,43.85523107213861
side_person11.mp4,side,394,7021,56.11652967318205,848,478,114.12837273281018,138.32961088827582,100.76122100920249,112.64795787693328,91.87602276267478,126.60691046492563,43.62498178882048
side_person11.mp4,side,395,7039,56.11652967318205,848,478,115.82731051406374,139.03011316882237,102.5816247921801,112.42239998359635,92.67515109579556,127.50355299299946,43.66428734386628
side_person11.mp4,side,396,7057,56.11652967318205,848,478,116.22315986969082,139.17647360275166,102.86882696726317,112.53341446546965,91.13856886286162,126.54579127029531,43.65566770170891
side_person11.mp4,side,397,7075,56.11652967318205,848,478,116.60500909613309,139.51060897992375,103.19749240638797,112.56709225860756,90.68733082708246,125.52502006492772,43.642088442139354
side_person11.mp4,side,398,7092,56.11652967318205,848,478,116.9795463671579,139.65669461481642,103.51702742509796,112.12621729625324,90.73823563219354,125.49413114014064,42.96100674109825
side_person11.mp4,side,399,7110,56.11652967318205,848,478,117.80318814983325,140.97271238576198,104.29520691464963,111.90591010764864,92.35470196019564,127.40482484331822,42.470182199685276
side_person11.mp4,side,400,7128,56.11652967318205,848,478,119.43514113439149,142.18759268132717,105.89353934190059,111.19815186019132,95.03542263330581,128.00045767830798,41.48439284404341
side_person11.mp4,side,401,7146,56.11652967318205,848,478,122.82973887344458,143.29846722067367,108.5011123295673,110.36519495168292,98.95785490807437,128.5958676268142,40.55001009618778
side_person11.mp4,side,402,7164,56.11652967318205,848,478,123.51328711299197,143.16319443809874,109.52462672177157,112.45276635313654,93.83956601006072,126.07818169622955,41.196673457383525
side_person11.mp4,side,403,7181,56.11652967318205,848,478,124.56993785928813,143.4046495899218,110.90337886517396,114.38753381569119,92.11056885976649,125.21943563228483,40.752426073567094
side_person11.mp4,side,404,7199,56.11652967318205,848,478,125.90608005278173,143.7250744962799,112.44347284990324,115.09192294624607,91.47590471309414,125.93462612364121,39.959944783382625
side_person11.mp4,side,405,7217,56.11652967318205,848,478,127.29864053192728,142.48706387094114,114.17417656210662,116.90655870720796,90.87182326176212,121.56418425342378,39.77307178949758
side_person11.mp4,side,406,7235,56.11652967318205,848,478,128.93959398362708,140.78423666761486,115.38705658586083,118.51470165476924,86.71449990388527,119.84186626307721,39.403248615554375
side_person11.mp4,side,407,7253,56.11652967318205,848,478,129.67430975575888,140.94263630582495,115.17697828557931,119.68020341906792,87.32895101914991,119.1186495569625,37.878809974028776
side_person11.mp4,side,408,7271,56.11652967318205,848,478,131.81483878120994,141.51259117409262,117.52051068497336,121.59836650940375,88.57736552597622,120.57002573647678,37.26578759822585
side_person11.mp4,side,409,7288,56.11652967318205,848,478,135.57563832140352,142.38887207871832,121.59504351020935,123.61628093871317,87.91679640840644,120.43742745491251,36.708515845534876
side_person11.mp4,side,410,7306,56.11652967318205,848,478,137.66221114754146,143.39685439467374,123.73343168665824,123.07874152060297,87.91090259302068,121.83006157054436,33.78049625661403
side_person11.mp4,side,411,7324,56.11652967318205,848,478,140.29729930930995,144.76604072060243,126.2549088946104,125.8736591768944,88.8068878248303,121.76981514580595,32.944256440728566
side_person11.mp4,side,412,7342,56.11652967318205,848,478,142.37764251374023,147.40566695520005,127.98924175863927,125.50702035046886,91.30712684581698,123.12481352272388,28.308120232835968
side_person11.mp4,side,413,7360,56.11652967318205,848,478,141.23403323720467,149.34802512898275,124.13994260986927,124.96444880722413,98.5736446881764,123.31082789114163,24.77875413125649
side_person11.mp4,side,414,7378,56.11652967318205,848,478,142.51489805375448,150.2095301496321,126.03251982299764,126.27122165587485,101.36420785474131,125.27674585807459,22.42230859859747
side_person11.mp4,side,415,7395,56.11652967318205,848,478,142.93841881851847,151.66926778240992,125.85732547809577,126.32615094648487,102.83417013722028,124.27823757295683,21.142903759363396
side_person11.mp4,side,416,7413,56.11652967318205,848,478,144.56283668049136,152.6204625103067,129.33528420266282,126.33452750791773,104.18089391128811,126.5147922262192,19.620772270112205
side_person11.mp4,side,417,7431,56.11652967318205,848,478,146.5503805923649,153.76769085980695,132.023512709531,128.9099076919089,102.54328512545646,124.88952766422506,19.560162524326888
side_person11.mp4,side,418,7449,56.11652967318205,848,478,149.37127495883504,156.37937432294237,132.74983993117334,129.65962830464463,104.31208058183333,121.51350546857302,18.865313174582788
side_person11.mp4,side,419,7467,56.11652967318205,848,478,149.16400651935365,160.17851715790664,135.18297604151022,127.52898459979043,101.96299829607526,122.32158729401395,18.114479809920002
side_person11.mp4,side,420,7484,56.11652967318205,848,478,155.00551499497618,162.91059006433161,142.02205082622768,128.25674860261046,103.04350221090203,124.59894771826015,17.638452185498117
side_person11.mp4,side,421,7502,56.11652967318205,848,478,156.86253960075453,164.05289574388289,143.64971651957137,129.78865122962083,104.63214014788088,121.18751947273793,17.235195382584276
side_person11.mp4,side,422,7520,56.11652967318205,848,478,158.7563257724433,165.20151320181898,145.8786918385916,132.87877160195737,104.64743023190562,114.9688339934856,16.280732293823277
side_person11.mp4,side,423,7538,56.11652967318205,848,478,160.07100393381424,165.74960518297178,148.04972129201306,134.5629643924138,103.30716474115627,119.34443250959475,15.994179412072928
side_person11.mp4,side,424,7556,56.11652967318205,848,478,161.62392320911783,167.7218912050062,150.31153295237806,131.07558502520263,102.37368274955793,111.69411730090364,15.482797292657418
side_person11.mp4,side,425,7574,56.11652967318205,848,478,162.19959870802887,168.88350108922023,151.42452126667757,130.39590091434212,101.24970185413326,108.10988649834974,15.154752424727825
side_person11.mp4,side,426,7591,56.11652967318205,848,478,162.9470366011729,169.17653355197785,152.7276468288989,131.16344821223237,101.8438249487274,111.35801912546572,14.99268201708555
side_person11.mp4,side,427,7609,56.11652967318205,848,478,164.44216906576924,171.37888997890622,154.56845846955193,126.343121461877,101.04303727118682,112.47127438351744,14.519855860180357
side_person11.mp4,side,428,7627,56.11652967318205,848,478,165.7927739399016,171.76555126556795,156.17543916815902,125.68123240733232,101.44118935377745,114.07204645783305,13.864820645173326
side_person11.mp4,side,429,7645,56.11652967318205,848,478,168.1594132900632,172.56728701924666,158.68381714960896,128.13353423016338,99.74725268903326,112.03840331363158,14.742474634257167
side_person11.mp4,side,430,7663,56.11652967318205,848,478,169.80833000431284,173.3527675331902,161.05430830640427,128.5629745822143,96.52830021969707,101.84621077651008,15.929797695562415
side_person11.mp4,side,431,7680,56.11652967318205,848,478,171.1866414174605,173.99175294495888,162.86001512684092,130.61614782848318,95.46617214615091,100.97646651190149,16.642853855972824
side_person11.mp4,side,432,7698,56.11652967318205,848,478,172.3378043346806,173.97320561633336,164.13372961761223,132.0366224578879,96.22888879856157,102.61935653875072,16.341462639262026
side_person11.mp4,side,433,7716,56.11652967318205,848,478,173.4875924422819,173.4779410415214,164.94400941246957,133.89775562365088,94.08367101990147,112.36259815032815,15.36423994016829
side_person11.mp4,side,434,7734,56.11652967318205,848,478,174.30757801292123,173.67050259849324,166.02644821460612,133.54659284423076,92.05049500350803,106.84010695256487,14.449757843656615
side_person11.mp4,side,435,7752,56.11652967318205,848,478,174.97094421384463,174.02653685017415,167.08357110396764,133.39461247903395,92.62336261051526,100.6280361858248,14.032450287034363
side_person11.mp4,side,436,7770,56.11652967318205,848,478,175.63968539224666,173.9903896420428,167.79942454855941,133.36781134663232,92.42578139137156,97.81037377299388,13.768347942959469
side_person11.mp4,side,437,7787,56.11652967318205,848,478,176.65653001585179,175.3853110395715,168.6417455284195,132.76837367696947,94.61560166828176,85.30549506255899,13.15266470088048
side_person11.mp4,side,438,7805,56.11652967318205,848,478,177.39351664578726,174.72564795544588,169.23020578219226,133.29281669048254,96.68334084764115,87.74875890748373,13.432630512109602
side_person11.mp4,side,439,7823,56.11652967318205,848,478,178.0197379160065,175.0637599721316,169.5666486589681,133.7210580776819,96.49505396750715,85.60646443604527,13.616042862680516
side_person11.mp4,side,440,7841,56.11652967318205,848,478,178.34777951611085,175.03041838011615,169.95234663922696,133.8940831850407,97.38248342229609,86.87718112647528,13.566556650536706
side_person11.mp4,side,441,7859,56.11652967318205,848,478,178.59089025690108,175.2269374289178,170.92682746204252,134.38818502141126,97.96916313898343,84.78597370986411,13.383134485816933
side_person11.mp4,side,442,7876,56.11652967318205,848,478,177.3684255046791,174.89445977103017,171.3573335273209,135.42662768964158,99.78071110144617,83.27518241007797,13.277763512418506
side_person11.mp4,side,443,7894,56.11652967318205,848,478,176.97440367636614,174.27180972457413,171.76071494817268,134.94897656502891,100.38141386195356,83.10473153781219,13.11740190066842
side_person11.mp4,side,444,7912,56.11652967318205,848,478,175.1926532618676,173.59187990904786,171.36556947987356,135.0362426340001,102.60599932173972,82.99414572360769,13.012106643157214
side_person11.mp4,side,445,7930,56.11652967318205,848,478,176.57466860242948,173.296212433646,171.3167567700877,136.3027177020192,101.77191740053375,80.95900708867842,13.455119848590437
side_person11.mp4,side,446,7948,56.11652967318205,848,478,176.61570015027112,172.94295424761756,171.286146267546,136.98146800068793,101.94021412087024,81.79972264794583,13.31929944957341
side_person11.mp4,side,447,7966,56.11652967318205,848,478,178.12461330324655,172.8350033460831,171.17565070319722,137.24700989305154,98.02349919732993,84.02703819434547,13.730229030722219
side_person11.mp4,side,448,7983,56.11652967318205,848,478,178.04284048019818,172.70815611411203,170.93485281045994,138.1342661485986,99.13284774275269,80.83828675088743,13.705081133765376
side_person11.mp4,side,449,8001,56.11652967318205,848,478,177.29899733641142,172.49164085814306,171.38374597387212,138.33205703297085,100.57120059944967,86.14714544071029,14.070422084857139
side_person11.mp4,side,450,8019,56.11652967318205,848,478,177.60431097942936,172.2029375127078,172.17558042382507,139.09298137367696,96.40256173928657,85.31030794333572,14.021057447499453
side_person11.mp4,side,451,8037,56.11652967318205,848,478,177.56057461479173,172.43221650301496,172.6728620438073,138.1965595404334,96.98427771712652,85.97657656577039,13.797866640721864
side_person11.mp4,side,452,8055,56.11652967318205,848,478,177.6493484376645,172.32896455559305,172.777256788067,137.926375917314,97.37669905602377,86.77174576012311,13.483690289838844
side_person11.mp4,side,453,8072,56.11652967318205,848,478,177.61783782741819,172.56858342738428,172.88734306096129,137.5748528512287,97.76455968687182,85.63156912219812,13.49479725903928
side_person11.mp4,side,454,8090,56.11652967318205,848,478,177.61236944691365,172.4992686952215,173.2678018168081,137.60914137075687,97.31271002026558,85.52904308578034,13.46806166554212
side_person11.mp4,side,455,8108,56.11652967318205,848,478,177.56408535492352,172.6032608244828,173.7214777513924,137.49946597419176,97.6254418608738,86.67714738242024,13.376269471779286
side_person11.mp4,side,456,8126,56.11652967318205,848,478,177.54083039473,172.82249943431668,174.18247342669426,137.513742036753,98.05864951442092,87.23831750563312,13.33807687194408
side_person11.mp4,side,457,8144,56.11652967318205,848,478,177.56555210840406,172.86780426484248,174.10185070531608,137.4329461302645,98.06325517619932,86.96793294106025,13.36264523191022
side_person11.mp4,side,458,8162,56.11652967318205,848,478,177.58228014084165,172.84724164201768,174.1206685777386,137.6397782245722,98.293599148536,85.99656490680766,13.329637646924374
side_person11.mp4,side,459,8179,56.11652967318205,848,478,177.67099001735406,172.27518702103325,173.77236863918006,138.55635552344867,97.01076503066894,82.02811943955219,13.27319889406505
side_person11.mp4,side,460,8197,56.11652967318205,848,478,177.77018600704187,171.9731149533275,173.51026071945606,138.54950640645643,96.67195325709496,83.45753722510528,13.42755692575435
side_person11.mp4,side,461,8215,56.11652967318205,848,478,177.7243239598146,171.81124175498746,173.4720955289901,138.56393068083048,95.98276777406413,84.14042994069878,13.540781703517835
side_person11.mp4,side,462,8233,56.11652967318205,848,478,177.56431972146044,171.64093032130717,173.48664321078076,138.3161852695714,96.82463197083689,84.76124426352241,13.47676696489093
side_person11.mp4,side,463,8251,56.11652967318205,848,478,177.58979464698564,171.7039264618379,173.5775401853547,138.74865440418085,95.81470513822313,85.62598092726684,13.8750425119098
side_person11.mp4,side,464,8269,56.11652967318205,848,478,177.59502557127584,171.38537262461628,172.6791402947997,138.64437708418492,97.555103756897,84.60397107980569,13.819391095654339
side_person11.mp4,side,465,8286,56.11652967318205,848,478,177.7178530710028,171.5680279693209,172.50203971689973,140.15483381756385,97.62743834980422,82.31188385192519,13.786519825719326
side_person11.mp4,side,466,8304,56.11652967318205,848,478,177.70023218598763,171.2827791505444,172.42060004682597,139.68889635178815,97.70886786364439,83.98901223191223,13.757505612079983
side_person11.mp4,side,467,8322,56.11652967318205,848,478,176.8759194203571,170.53329059190142,173.21847079813992,140.40364793792196,95.07322930647014,82.59797124174177,13.887224639959634
side_person11.mp4,side,468,8340,56.11652967318205,848,478,177.60480952283766,170.6868912870178,172.27442635577114,139.72044176571555,97.1638558413992,83.70845650343279,13.728274028067345
side_person11.mp4,side,469,8358,56.11652967318205,848,478,177.3873309556277,170.58368823050864,172.48793227025712,140.01207705832613,95.93700639753551,82.96217330365992,13.662863628283137
side_person11.mp4,side,470,8375,56.11652967318205,848,478,177.3830601214585,170.07963499486272,172.25728379111484,139.51335177297267,96.2023495787448,81.19279957958027,13.817625283904214
side_person11.mp4,side,471,8393,56.11652967318205,848,478,177.47115562214552,170.13338411181005,172.28488274070028,139.42311263801625,96.25742871571069,81.78955667317945,13.774341119638033
side_person11.mp4,side,472,8411,56.11652967318205,848,478,177.4666969862661,170.56377271642233,172.27259788002362,139.82209389244966,96.11251938283968,81.64334132400299,13.701085242322314
side_person11.mp4,side,473,8429,56.11652967318205,848,478,177.82241392129725,170.58305894906317,172.26470125928165,139.6869520241483,96.51080968592419,82.39470047304991,13.622353166145777
side_person11.mp4,side,474,8447,56.11652967318205,848,478,177.36287286061548,170.5740180084758,172.55543928214655,140.11407900634833,95.39313047818018,82.5289765925336,13.604946007705465
side_person11.mp4,side,475,8465,56.11652967318205,848,478,177.32486201600003,170.65254293967635,172.69658857694276,140.63463020671807,95.21384844174139,83.05752911710842,13.569518725815733
side_person11.mp4,side,476,8482,56.11652967318205,848,478,177.89354199587703,170.5585018607947,172.0542238481828,140.41102488524047,96.09116653685567,84.54283167695458,13.528268882965518
side_person11.mp4,side,477,8500,56.11652967318205,848,478,177.99229932107747,170.8913309151884,172.12051248970474,140.4196448685942,95.98852401574386,85.26414880596786,13.425275918128406
side_person11.mp4,side,478,8518,56.11652967318205,848,478,177.44056748298684,170.60785519426568,172.20384696230616,140.72222128274674,94.98065896641033,83.78817642740972,13.496516088487258
side_person11.mp4,side,479,8536,56.11652967318205,848,478,177.5754996044062,170.71643605742483,172.2345766287417,139.45676443474986,94.97027547669995,85.86207707379823,13.43375758764558
side_person11.mp4,side,480,8554,56.11652967318205,848,478,178.78934812038312,172.1787725315137,171.85772563740215,136.83231843662904,97.22767293192105,91.01300120897352,13.275291199099406
side_person11.mp4,side,481,8571,56.11652967318205,848,478,178.9607548505866,172.28973203229427,172.0435877783247,136.53437176045037,97.35419081614242,90.26315178743309,13.003267135905828
side_person11.mp4,side,482,8589,56.11652967318205,848,478,179.08067949829518,172.27906533761507,171.8029983243117,136.3601966211152,97.56851624811227,89.3653894042179,12.785248067695651
side_person11.mp4,side,483,8607,56.11652967318205,848,478,179.16941236848234,172.42404404360556,171.36417845666054,134.5017025549696,97.95914099248392,89.92061038879422,12.703602480633268
side_person11.mp4,side,484,8625,56.11652967318205,848,478,179.19548540950427,172.8819104710843,170.70242606975717,134.5701314354092,98.72424898498213,87.5499793474315,12.445559140237597
side_person11.mp4,side,485,8643,56.11652967318205,848,478,178.62429689909044,172.91799271547757,170.42558766772973,134.67107237869612,98.15321129062639,87.37937449268036,12.471837337148976
side_person11.mp4,side,486,8661,56.11652967318205,848,478,178.13076218901693,173.39230645329698,169.80625500068567,134.90736934653899,98.25217717464385,84.26854941758252,12.589272387834912
side_person11.mp4,side,487,8678,56.11652967318205,848,478,178.04290124529345,173.48928023343623,169.3711914430934,134.82869731892325,99.23978321530217,84.30143072684452,12.486762008293747
side_person11.mp4,side,488,8696,56.11652967318205,848,478,175.26799348211227,173.02650258652932,169.16514201027414,137.3397292256465,97.23625764764577,79.05372457000352,12.778454267403324
side_person11.mp4,side,489,8714,56.11652967318205,848,478,174.0938983608,172.652707090281,168.50629511377105,137.99484176700307,96.06053621433423,81.34194337846279,13.420676448324222
side_person11.mp4,side,490,8732,56.11652967318205,848,478,173.73185185360873,172.0489935991249,167.53358870503385,136.73547631025144,96.41581633449309,83.76153288591404,13.788872369206771
side_person11.mp4,side,491,8750,56.11652967318205,848,478,173.07624714937072,172.0580221233909,166.30295108855745,136.11333865652838,96.5555540334138,84.56195784422387,14.058059966279965
side_person11.mp4,side,492,8767,56.11652967318205,848,478,172.17995014639263,172.3931225340134,164.90960227252924,134.53788835117723,96.78064557011714,87.87896537978801,14.296465869519961
side_person11.mp4,side,493,8785,56.11652967318205,848,478,170.94821614190747,172.26566567772673,163.41504017427386,134.0885124237275,96.33150746044042,88.68204777407496,15.908542633541794
side_person11.mp4,side,494,8803,56.11652967318205,848,478,170.0824720093631,172.6648024894556,162.3757282659312,133.80656545519983,95.68963713145733,91.84810048077965,17.360443180575324
side_person11.mp4,side,495,8821,56.11652967318205,848,478,169.77996181872942,172.8844079485869,161.15976340553723,133.78164263219773,94.8693647532487,91.3251542550735,17.85392402784797
side_person11.mp4,side,496,8839,56.11652967318205,848,478,168.67817348579376,172.50575589011558,159.49962207558127,131.7732628673754,94.29512895012913,103.82667495395157,18.35100321353456
side_person11.mp4,side,497,8857,56.11652967318205,848,478,166.71974310801272,171.75533917039,155.73523299026894,130.56097411376132,99.55811368145868,107.98741472294924,18.384529373790134
side_person11.mp4,side,498,8874,56.11652967318205,848,478,164.45142500067547,170.94833971376033,153.40537233034115,127.61435935862322,101.66145779195085,109.47854458589876,16.83395601311182
side_person11.mp4,side,499,8892,56.11652967318205,848,478,163.1743700059535,170.08081135084984,152.45765588676687,125.73949469682391,100.80964958629454,98.59529386858095,16.097790863305413
side_person11.mp4,side,500,8910,56.11652967318205,848,478,161.42975370938117,168.22430247282188,150.45582199407428,127.70326547264524,105.05506926562617,115.00629040090895,15.23848936145707
side_person11.mp4,side,501,8928,56.11652967318205,848,478,159.07202939763414,165.83719896833975,147.51903030076372,130.8927771667505,106.82645371043115,114.00185339460879,14.96268003624086
side_person11.mp4,side,502,8946,56.11652967318205,848,478,157.61898429028608,165.0302375046316,145.80228803171704,128.67776428025064,104.8684807416528,115.02011469737306,15.798718841993022
side_person11.mp4,side,503,8963,56.11652967318205,848,478,156.83549557092925,165.05607838941208,144.65074348000212,127.16064024973778,103.52449180395992,116.49296766384103,16.4962921243547
side_person11.mp4,side,504,8981,56.11652967318205,848,478,155.99039019630396,164.86723580509107,143.19619728032745,127.46196346784689,110.81116569561523,115.5991635970772,18.060871268743128
side_person11.mp4,side,505,8999,56.11652967318205,848,478,154.86198048296734,163.1654780456648,143.7648803244435,127.54961099316874,104.55937307233043,128.1768416078823,19.300529120538005
side_person11.mp4,side,506,9017,56.11652967318205,848,478,153.3002206122043,161.97444108368572,142.32360666120985,125.16899000277378,102.96510982359729,128.32226348296558,19.828055128228932
side_person11.mp4,side,507,9035,56.11652967318205,848,478,151.52798268726926,161.29932507718567,139.9148048188637,122.9104112153589,101.44488788137369,125.29353563620408,20.788114053063467
side_person11.mp4,side,508,9053,56.11652967318205,848,478,148.10312578213455,158.00029448854173,135.7837200381026,124.52084170767256,105.61278801001778,131.48306493681534,22.705595775641015
side_person11.mp4,side,509,9070,56.11652967318205,848,478,145.82084277452626,150.45463528324822,132.7262579938798,130.08298825998088,100.99872223450234,121.76920893287371,25.074789075632154
side_person11.mp4,side,510,9088,56.11652967318205,848,478,142.1640968565944,145.22198834231438,128.0652333519249,130.98890792250657,102.53557303078279,120.17075062557788,25.093399663261792
side_person11.mp4,side,511,9106,56.11652967318205,848,478,141.82567849417225,147.26621635196142,126.58769122357096,131.368673879566,101.80441617302334,118.89543178432828,29.039769212168267
side_person11.mp4,side,512,9124,56.11652967318205,848,478,141.13560505693292,147.37555414153934,127.78672153400595,127.98330551775842,99.96740528844938,117.57282490914399,29.71321745885689
side_person11.mp4,side,513,9142,56.11652967318205,848,478,143.35358395710355,148.92102743402273,129.55045680968345,127.09262652301737,95.92242124007386,120.50070416507992,31.693725041879034
side_person11.mp4,side,514,9160,56.11652967318205,848,478,141.99886199598532,148.5697782840544,127.97812011235655,125.89899651185105,95.44598661515082,125.48597228198528,32.65128171976735
side_person11.mp4,side,515,9177,56.11652967318205,848,478,140.10562024225922,147.06354119134397,126.3252100021539,126.1308064886393,93.80802355116202,122.35163828038189,35.561711429294334
side_person11.mp4,side,516,9195,56.11652967318205,848,478,139.0695433738195,145.72297518859062,125.16330333802,126.08450372169375,91.56044311333308,120.6296267009955,37.535843545498736
side_person11.mp4,side,517,9213,56.11652967318205,848,478,136.96984167023686,144.18911099870914,123.24673231680036,127.00683160243433,91.41868904544192,121.95897643084014,39.1886333013157
side_person11.mp4,side,518,9231,56.11652967318205,848,478,131.51622831793014,142.79122916394786,117.65737320322867,126.62786332051786,95.07361088133749,122.34620956450924,40.8821158658117
side_person11.mp4,side,519,9249,56.11652967318205,848,478,128.9307779005069,141.79407833981384,114.99704341438965,121.93770983826202,93.92124082415339,121.44682630626627,39.70965313730019
side_person11.mp4,side,520,9266,56.11652967318205,848,478,125.66443139454329,139.8468181400549,112.28856688912292,118.86933803236738,92.47370456583083,120.90416522831123,39.36471661097529
side_person11.mp4,side,521,9284,56.11652967318205,848,478,121.46181589558797,138.63558498285448,108.31615965419135,116.56219124546182,96.1705039833324,121.3176973472775,39.05112690233612
side_person11.mp4,side,522,9302,56.11652967318205,848,478,117.99473545642701,138.1440040587555,104.88059459232538,114.59929620090054,95.73380255049098,121.77859431926922,38.93996044338276
side_person11.mp4,side,523,9320,56.11652967318205,848,478,115.330176562027,138.08210626761456,101.38794436356304,113.31329391424065,93.70454147226815,122.18710577083299,39.334321734107846
side_person11.mp4,side,524,9338,56.11652967318205,848,478,115.14729620978329,137.94945397811043,101.50400915484283,115.71294093771064,98.66849137100894,120.6519630610966,41.48987747469072
side_person11.mp4,side,525,9356,56.11652967318205,848,478,113.55381294020786,136.57556722120637,99.91966623553223,115.5102936698233,95.38083114011027,122.9350534335375,43.29117791934246
side_person11.mp4,side,526,9373,56.11652967318205,848,478,112.57586227761479,136.2692859312222,99.81944637787467,115.53592161509835,99.71400410763022,119.95420197285944,43.95867741385052
side_person11.mp4,side,527,9391,56.11652967318205,848,478,110.11439764073508,135.82069503617745,97.82718903047326,113.96321497859027,97.3161225593802,121.21334360387762,43.30544012078801
side_person11.mp4,side,528,9409,56.11652967318205,848,478,109.44495302076403,136.8665519384071,97.59659516431311,112.23665949991484,99.02620584381923,128.06918741937704,42.72827508115089
side_person11.mp4,side,529,9427,56.11652967318205,848,478,109.98446700169788,136.68181944292908,97.91987926197058,111.20787504312395,96.38965813075477,127.38739289987409,42.92995725032592
side_person11.mp4,side,530,9445,56.11652967318205,848,478,110.10001068425608,137.07187221163923,98.07516109137129,110.62284341152467,93.39664565881691,127.56449674377464,42.762344242874306
side_person11.mp4,side,531,9462,56.11652967318205,848,478,110.68920568666996,136.86933181844537,98.23803603657187,110.15013342344028,94.15905626608807,127.15552947375271,42.108135249787296
side_person11.mp4,side,532,9480,56.11652967318205,848,478,110.14571927709655,136.71299413384475,97.65578999305859,109.76874221672044,95.4286971369321,126.19614695796893,41.822353790270114
side_person11.mp4,side,533,9498,56.11652967318205,848,478,110.09958318484051,137.00501247084122,97.72305582589551,109.68073476497592,96.95349880941788,127.39989309120163,41.68520665599163
side_person11.mp4,side,534,9516,56.11652967318205,848,478,110.46198966452846,138.15537951820738,98.05111550676322,110.05077214285538,96.41868214662237,126.6880065456162,41.57356883222731
side_person11.mp4,side,535,9534,56.11652967318205,848,478,110.10620996579814,138.03620047818396,97.65104042805541,108.78562917489461,97.63635998632273,125.88612764689822,40.62868279857935
side_person11.mp4,side,536,9552,56.11652967318205,848,478,110.4265627761661,137.728263186004,98.00770081662614,109.34231000888751,98.35711227007958,125.7975903601251,40.816342801180944
side_person11.mp4,side,537,9569,56.11652967318205,848,478,112.93274997995245,138.8245783964531,100.45292075164058,108.97075466555009,99.23028886799574,127.86595727666923,40.11616896441132
side_person11.mp4,side,538,9587,56.11652967318205,848,478,113.90785014817003,138.77131934016592,101.21102163966084,104.68060058567566,102.71302896319506,125.6864928850104,36.8347800439208
side_person11.mp4,side,539,9605,56.11652967318205,848,478,114.89362666137333,138.53304663075028,101.62078200547604,101.89374837196574,104.00879005739743,124.44928013419054,34.80594359814738
side_person11.mp4,side,540,9623,56.11652967318205,848,478,116.07550422265187,138.00834221470393,102.75338753117852,100.68046949083347,102.32482892597291,126.3593400577711,33.16016265735054
side_person11.mp4,side,541,9641,56.11652967318205,848,478,117.642159610305,138.12291089248671,104.61806238045651,102.60108872631173,100.13447792375986,125.99483683584765,32.64383965142826
side_person11.mp4,side,542,9658,56.11652967318205,848,478,119.46184471534185,138.3021982937044,106.97088609336761,106.48125032119859,99.85832058365617,124.10194239813704,33.006585727791816
side_person11.mp4,side,543,9676,56.11652967318205,848,478,121.96302670365162,138.0462811213935,109.78421173857467,107.24291582518205,99.49356722744575,122.13460919402732,32.025098357653405
side_person11.mp4,side,544,9694,56.11652967318205,848,478,124.29310410325496,139.274891500704,111.87610313325432,111.00833686110083,93.3172887774946,122.67117829768866,32.96449795407574
side_person11.mp4,side,545,9712,56.11652967318205,848,478,128.27992751180332,140.2782461517435,115.61884731059946,115.40857711375541,90.5589631001376,122.26599121979541,33.44404040886346
side_person11.mp4,side,546,9730,56.11652967318205,848,478,132.570220099885,141.9074110662168,120.48185957333791,123.66644612425787,90.06845188781637,123.81570299556739,37.60485064165308
side_person11.mp4,side,547,9748,56.11652967318205,848,478,134.56156197501522,142.50750984170242,122.17771713906359,123.72257542067292,94.02202087543579,123.1030016466057,35.13857175467841
side_person11.mp4,side,548,9765,56.11652967318205,848,478,136.09614600948285,144.36778880814865,123.03560122866442,120.1247575168855,93.13641111521763,126.6027549242479,29.19185311530934
side_person11.mp4,side,549,9783,56.11652967318205,848,478,139.02612464741495,148.4965129840071,124.0691232089329,117.41726497304292,100.80039129498999,126.81391480900547,25.37949939727681
side_person11.mp4,side,550,9801,56.11652967318205,848,478,141.81140679348297,150.06311234193907,126.64459687031788,118.60525999648286,102.75159439915505,133.44402553313765,22.798061773793044
side_person11.mp4,side,551,9819,56.11652967318205,848,478,141.0078313830677,151.1481025018421,125.23059902506098,120.2844509226874,104.53136334946363,130.7413422187625,22.0184894157067
side_person11.mp4,side,552,9837,56.11652967318205,848,478,142.29417290700968,152.49090592037405,126.53657261842707,123.28050649183727,103.74757780963886,128.42867459553509,21.941744046805837
side_person11.mp4,side,553,9854,56.11652967318205,848,478,143.50029309132935,153.46067788938595,127.15912556447167,123.93374051362942,104.05560329837493,126.6857614275802,20.97923915619192
side_person11.mp4,side,554,9872,56.11652967318205,848,478,144.51569528781482,154.52060317572995,130.05700349439462,125.85046029749239,103.2973714480269,125.41125500681747,20.289186592867516
side_person11.mp4,side,555,9890,56.11652967318205,848,478,148.00192336233155,157.08335773100904,133.61013236879182,126.44629520851483,106.34073590770652,127.04360087275074,18.40077350637084
side_person11.mp4,side,556,9908,56.11652967318205,848,478,149.95823820778477,160.02851396527385,136.49999722720113,127.21458112816707,103.43441825303933,123.5574711192175,17.989010364602667
side_person11.mp4,side,557,9926,56.11652967318205,848,478,154.2040626380244,161.98932409153042,141.227937238181,127.21375096340904,104.65430748589966,125.75692645904032,17.036922138455108
side_person11.mp4,side,558,9944,56.11652967318205,848,478,156.59816926728286,163.74196251179552,143.65439193357668,132.89297426986917,103.57724299679434,110.5996464296063,17.025793930329677
side_person11.mp4,side,559,9961,56.11652967318205,848,478,158.00224018132204,165.2268465608905,145.5207110193765,133.73515775682586,105.79021995398708,112.83247020905709,16.483687674785674
side_person11.mp4,side,560,9979,56.11652967318205,848,478,159.2862153944706,166.32517231823738,147.6819611867449,134.429488346851,104.20327312769032,118.33849900251207,16.099283224292062
side_person11.mp4,side,561,9997,56.11652967318205,848,478,160.8709007258351,166.9100393222212,149.98785066195194,133.09171400931316,103.46108327350925,99.82353425506865,15.728596291209099
side_person11.mp4,side,562,10015,56.11652967318205,848,478,162.15831078857454,168.5337244526733,151.6467220055364,130.40703868955376,101.92121172353701,98.72214418240104,15.705870823344318
side_person11.mp4,side,563,10033,56.11652967318205,848,478,163.64227764089793,170.17630992765956,153.74940195241587,128.67619973769473,99.90324847507286,95.6543647728745,15.370456649035214
side_person11.mp4,side,564,10051,56.11652967318205,848,478,165.01551650227626,170.83118743114193,155.1950663724437,129.85380236703702,98.16382151139086,93.42640544223336,15.13611253074288
side_person11.mp4,side,565,10068,56.11652967318205,848,478,166.98710326565882,171.31282847159633,157.5619439916719,130.81892840791645,94.63725216981037,89.26096836960228,15.18935099457379
side_person11.mp4,side,566,10086,56.11652967318205,848,478,168.6453705139288,171.79079139912346,159.44194342102304,131.1773031258267,91.27573208310407,87.25431911354727,15.973731911644819
side_person11.mp4,side,567,10104,56.11652967318205,848,478,169.9634069026587,172.87276080966797,161.0384184961854,130.31694307457624,91.3179563785469,90.17547792543121,15.963215181292968
side_person11.mp4,side,568,10122,56.11652967318205,848,478,171.66827757799857,173.28817672833767,163.487315867525,132.0559986607888,91.31747766940389,90.25616971649141,15.794991590639697
side_person11.mp4,side,569,10140,56.11652967318205,848,478,171.8752417564075,174.10053613198096,164.67542718273498,131.75057756546508,88.57103676806587,88.15107779496753,14.556433296760495
side_person11.mp4,side,570,10157,56.11652967318205,848,478,172.86300422304544,175.10403037842855,165.58847923373096,131.2560227355666,96.34391992139943,87.8519759939365,13.823789465685321
side_person11.mp4,side,571,10175,56.11652967318205,848,478,173.39354505827467,175.04464239827573,166.17600331165684,131.07910369822125,98.19099561648292,86.3693093890831,13.092728776718614
side_person11.mp4,side,572,10193,56.11652967318205,848,478,174.59341817080315,174.39368223394047,167.50112917057947,131.48204590101292,97.46826764448147,96.55044310222317,12.384138974764534
side_person11.mp4,side,573,10211,56.11652967318205,848,478,175.19700187646177,174.19850188935243,167.93160101135993,131.7892877193564,97.78956397909114,83.08916686001751,11.982060393803817
side_person11.mp4,side,574,10229,56.11652967318205,848,478,175.367509749561,174.1948094890322,169.12005063919594,132.6875932180561,97.73267327579637,85.51506145796156,11.929860492978584
side_person11.mp4,side,575,10247,56.11652967318205,848,478,176.40751164340597,174.99348566674013,169.63920671902457,133.12792933768128,96.13441750473643,78.42060892216352,11.811888793648512
side_person11.mp4,side,576,10264,56.11652967318205,848,478,176.80816801899525,174.93775752608457,170.65841015445682,133.7362274518076,96.32502934326835,80.77311597796249,11.71840668428705
side_person11.mp4,side,577,10282,56.11652967318205,848,478,177.37394842728182,175.2818623575966,170.84080739766898,133.72395216100475,96.32905111109284,79.55572989881293,11.66856415799543
side_person11.mp4,side,578,10300,56.11652967318205,848,478,177.897265968053,175.31939213708645,171.19113311450465,133.38752872063796,96.09053061002193,77.86747031389424,11.773399882875232
side_person11.mp4,side,579,10318,56.11652967318205,848,478,177.27290273115858,174.8609045430647,171.23259388144453,133.01247595575003,97.24609836325948,79.1223044604477,12.043415830906941
side_person11.mp4,side,580,10336,56.11652967318205,848,478,177.6529026883031,174.85643881027437,171.34369618636225,132.81445319692818,97.540089860744,80.99047753887352,12.348152466806837
side_person11.mp4,side,581,10353,56.11652967318205,848,478,177.54416531956127,174.78449047545675,171.2437502444677,132.95312205534006,97.78552214053408,83.78217696904088,12.500503138055654
side_person11.mp4,side,582,10371,56.11652967318205,848,478,177.62794433202436,174.93757453338705,171.5268742882674,133.1447549211959,98.35308069482194,85.78058817674425,12.558876643846606
side_person11.mp4,side,583,10389,56.11652967318205,848,478,176.83724504864762,174.981050006204,171.9284462117953,133.1769424610854,99.20872006246276,86.277021818899,12.38677631238244
side_person11.mp4,side,584,10407,56.11652967318205,848,478,177.2153753737039,174.7448399864809,171.67235228956923,133.1276483196322,99.06236631914129,85.7059133918818,12.602180959233635
side_person11.mp4,side,585,10425,56.11652967318205,848,478,177.03575598563643,174.17666660081562,171.90724513363094,133.3060365965736,99.26707943165012,90.4755613013663,12.776751924691164
side_person11.mp4,side,586,10443,56.11652967318205,848,478,176.96657740948078,174.77866549505035,172.54298882507942,133.57301065052724,99.30481624636879,88.24696764934839,12.768567055808186
side_person11.mp4,side,587,10460,56.11652967318205,848,478,176.7582446530274,174.75496755361374,172.74705644547785,133.70281977809813,99.49520310694872,90.55232372406545,12.78693297619669
side_person11.mp4,side,588,10478,56.11652967318205,848,478,177.6996766139591,175.00639667849612,173.17574772755572,134.69491175768056,98.19317800954883,87.40041094056224,12.72687153410058
side_person11.mp4,side,589,10496,56.11652967318205,848,478,177.46919154639826,174.65364060751577,173.4166547498786,134.24234096531447,98.9440067500134,90.76167606103887,12.689634234976083
side_person11.mp4,side,590,10514,56.11652967318205,848,478,178.18803521126918,174.56850582108993,173.57484660573692,134.51108271753387,97.23253696882949,90.02239057548485,13.120720125275774
side_person11.mp4,side,591,10532,56.11652967318205,848,478,178.28407190221387,174.5384805269564,174.38933710915498,134.78751566172784,96.92208915199508,90.23536582126368,13.264453141653231
side_person11.mp4,side,592,10549,56.11652967318205,848,478,177.85437150624998,173.8879631673337,174.02842933426538,134.40636854210743,96.49303326959043,91.43094833806974,13.116403433230237
side_person11.mp4,side,593,10567,56.11652967318205,848,478,177.6533686466706,173.33565472591826,174.00282694420534,135.4828462373996,97.13716863436888,87.79867963662818,12.932458317598348
side_person11.mp4,side,594,10585,56.11652967318205,848,478,177.67135805028695,172.84631289987828,174.10547838628588,136.0870438194621,97.47397794011158,86.88029091906434,12.670681096425916
side_person11.mp4,side,595,10603,56.11652967318205,848,478,178.12693145983513,172.54891109138757,173.80141090684717,136.69498738402834,97.40687599916632,86.15324474716431,12.688995350598505
side_person11.mp4,side,596,10621,56.11652967318205,848,478,178.16292244272069,171.98813566897388,174.28105198364645,137.08421295304612,95.08087257505291,86.36238525980903,12.887024872463321
side_person11.mp4,side,597,10639,56.11652967318205,848,478,178.49029411295803,171.62220165373347,173.68581065475752,136.99029209718637,96.01344805920746,83.39406253144867,13.194909368985254
side_person11.mp4,side,598,10656,56.11652967318205,848,478,178.32609539417066,171.68644334439728,173.75825645769243,136.85984825027705,95.50831864023948,85.52920974345864,13.26293764230149
side_person11.mp4,side,599,10674,56.11652967318205,848,478,178.5539146783451,171.84083341842435,173.62795616151743,136.74252287083164,96.3570571606944,86.35595693907112,13.273733865624918
side_person11.mp4,side,600,10692,56.11652967318205,848,478,178.6911170893799,171.98345203351403,173.6432474581892,136.6580117228027,97.32461743854802,86.89055578972913,13.256403148286772
side_person11.mp4,side,601,10710,56.11652967318205,848,478,178.5147014836972,171.9696337989539,173.67733895903743,137.46958872377192,96.44078300500587,84.56024649977516,13.285115886112026
side_person11.mp4,side,602,10728,56.11652967318205,848,478,178.6197567495578,171.77864769779293,173.5768588400617,137.39673011643515,96.75276042389264,85.80705425308606,13.315356934352913
side_person11.mp4,side,603,10745,56.11652967318205,848,478,178.42888256280273,171.87281928874702,173.65088476798655,137.5685839709252,96.33366516056411,85.25404870232549,13.325342116556186
side_person11.mp4,side,604,10763,56.11652967318205,848,478,178.06337963687528,172.51904082590212,173.11397076940412,137.2714851202835,99.88132536862665,87.29048475682077,13.068931807046765
side_person11.mp4,side,605,10781,56.11652967318205,848,478,178.42687880103543,172.39880247975813,173.36016712144772,137.81691218561627,98.54534752234699,85.85900085743663,13.057040669681268
side_person11.mp4,side,606,10799,56.11652967318205,848,478,177.94783114895884,172.47040582899245,173.20545188719387,137.32792242802878,99.81462826525737,86.5513621304093,12.85260809289616
side_person11.mp4,side,607,10817,56.11652967318205,848,478,178.39466928888604,172.39307104348342,173.3770781877564,137.37609620841124,98.93933843691423,86.58252044489598,12.73890556314665
side_person11.mp4,side,608,10835,56.11652967318205,848,478,177.04956143208983,173.03323385441095,173.30035753133657,135.98058914423754,101.67563897318975,92.61385066314708,12.530149450721803
side_person11.mp4,side,609,10852,56.11652967318205,848,478,178.36571512265866,173.00584991856138,173.63921358351587,136.5967068496223,99.12888476561417,88.41448707254305,12.546698551910668
side_person11.mp4,side,610,10870,56.11652967318205,848,478,178.02189808993913,172.6502966786309,172.9978325672917,135.13840656574877,100.01937950759668,90.59637458768113,12.633678561564917
side_person11.mp4,side,611,10888,56.11652967318205,848,478,178.01398653397632,172.52297913397078,173.06969201947734,136.45822973077688,97.27877803059519,85.19370840856894,12.679608984414962
side_person11.mp4,side,612,10906,56.11652967318205,848,478,178.4109255113204,172.5188616616813,172.48007141557494,136.27133558588028,98.75786672867399,85.73415155403475,12.555544101997253
side_person11.mp4,side,613,10924,56.11652967318205,848,478,178.43234992136215,171.72401468937295,171.16625779607847,135.24453381515525,98.07422120164111,85.94156490233973,12.850130710306571
side_person11.mp4,side,614,10942,56.11652967318205,848,478,178.54565083847643,171.9989617455465,170.48621078647489,135.14248101006459,99.4161127631723,86.88279410034893,12.823736445643716
side_person11.mp4,side,615,10959,56.11652967318205,848,478,178.5560672382083,172.36784965100316,170.7591999465633,134.8773540885048,99.79952915675892,89.43632592079841,12.717767543456763
side_person11.mp4,side,616,10977,56.11652967318205,848,478,178.56387462160734,172.70285902141757,171.01296427928904,134.61321823355416,100.00257182581389,90.3681864387083,12.547352980535251
side_person11.mp4,side,617,10995,56.11652967318205,848,478,178.67371557889186,172.91071143275846,171.3530196370908,134.4580947389149,100.37132874922996,89.89415972011693,12.015448128312643
side_person11.mp4,side,618,11013,56.11652967318205,848,478,178.67405509790618,173.16640902798787,171.48850288584194,133.89835671253806,99.97084139991951,89.02576824638277,11.752619058717778
side_person11.mp4,side,619,11031,56.11652967318205,848,478,177.77771316825246,173.05352647211646,172.43084898359805,134.03708661658064,98.58171687527913,88.95401655693372,11.914988311638313
side_person11.mp4,side,620,11048,56.11652967318205,848,478,177.64184296131015,172.1723424055424,172.13299311039611,137.90149888726003,98.1831144697566,83.7605024800334,11.948037020359301
side_person11.mp4,side,621,11066,56.11652967318205,848,478,178.52440506829475,171.7774947227216,171.04478600295974,138.28934372042065,99.56894457183061,84.31591907068571,11.896720052818711
side_person11.mp4,side,622,11084,56.11652967318205,848,478,177.17019613560805,171.64491390174797,170.54474997354225,139.7512193877999,99.12916610668569,81.25033806682475,11.689278642879778
side_person11.mp4,side,623,11102,56.11652967318205,848,478,175.80454713861351,170.68764583482223,169.96444601618805,139.07929608904635,96.65723375408116,82.58688803235823,11.958464936232835
side_person11.mp4,side,624,11120,56.11652967318205,848,478,174.61067919982216,170.5625624880039,168.62218608212447,138.82491662318105,96.19372527771851,83.98549219992579,12.26826527451303
side_person11.mp4,side,625,11138,56.11652967318205,848,478,173.30172583019754,170.95929238476805,166.9884531327574,134.42875417300706,96.88657736206324,88.57740044540394,12.51217667724759
side_person11.mp4,side,626,11155,56.11652967318205,848,478,171.97171506903533,170.959288362511,165.60258969390156,134.06733378180485,96.43429258775483,86.9377593952425,12.9455316253912
side_person11.mp4,side,627,11173,56.11652967318205,848,478,170.9553811518992,170.95681098989917,164.9399779173064,133.31959502558936,96.04539351102163,87.96549630614298,13.701303007920904
side_person11.mp4,side,628,11191,56.11652967318205,848,478,170.35782415225944,171.31834586856212,163.79290326363082,132.560487767845,95.15111772939362,91.43778941067838,15.013806676285894
side_person11.mp4,side,629,11209,56.11652967318205,848,478,170.0145080140101,172.34954766047932,162.45637822825896,130.59863126929704,91.95016806865641,98.45755998436341,15.301733121530134
side_person11.mp4,side,630,11227,56.11652967318205,848,478,169.0583146086025,172.20821379090827,160.88793196156826,130.88160462430056,92.53468830448278,96.92945700682297,15.737424459534497
side_person11.mp4,side,631,11244,56.11652967318205,848,478,168.47767456226944,172.13273964821636,159.63301909272343,130.10143442770143,94.28778414355651,99.80612274272337,16.12683576943914
side_person11.mp4,side,632,11262,56.11652967318205,848,478,167.33531879198168,171.06423226381662,158.22171298936817,130.2330057141888,95.4567396466265,103.38440102532714,16.734808720029395
side_person11.mp4,side,633,11280,56.11652967318205,848,478,166.28934602046894,170.21543172540618,157.143136551397,128.71202227962883,97.443445664133,108.08234588314822,16.38657499207316
side_person11.mp4,side,634,11298,56.11652967318205,848,478,164.76363662410083,169.8397232475704,155.3039849858754,126.02052396531651,104.8456901559553,113.03635959769758,15.403917229033146
side_person11.mp4,side,635,11316,56.11652967318205,848,478,163.40771436620065,168.9586437293233,154.370881466027,125.06728635557778,105.07032080330931,111.34697228112545,15.190967863110242
side_person11.mp4,side,636,11334,56.11652967318205,848,478,161.71076607578286,167.62675294465478,152.95349073897023,125.81097488171046,104.2127450467474,124.87448201116281,15.542388937111262
side_person11.mp4,side,637,11351,56.11652967318205,848,478,159.42800247278174,166.05503276903585,149.7941373734084,125.36570364285618,109.541322447882,125.18905915100166,14.702096207454723
side_person11.mp4,side,638,11369,56.11652967318205,848,478,157.77727210016673,162.05571091999892,148.0231982436792,132.35293396723287,107.00223594921962,119.16917389816898,15.138372534000002
side_person11.mp4,side,639,11387,56.11652967318205,848,478,157.04887695323657,162.36911212394395,146.97394455772462,131.14326131834667,102.97894117516692,114.9319500796011,16.914165278512783
side_person11.mp4,side,640,11405,56.11652967318205,848,478,154.6355485198101,162.96980483692687,144.94610805158584,130.07778429103334,100.60000674826686,104.89176257535482,18.27533941035335
side_person11.mp4,side,641,11423,56.11652967318205,848,478,153.70373770365822,162.97089452071492,143.80577165157794,129.48451803096594,99.80965472002642,110.49547135097795,19.45314100757059
side_person11.mp4,side,642,11440,56.11652967318205,848,478,151.48363703690686,161.0266252634937,141.12253184866438,132.7431326275266,97.35087263768189,111.16971222769652,23.151822678375567
side_person11.mp4,side,643,11458,56.11652967318205,848,478,149.83554172144738,159.53868046303475,138.38873433037708,128.77223210262574,103.06076131253258,112.76892823347833,22.992403320123046
side_person11.mp4,side,644,11476,56.11652967318205,848,478,147.46916910364433,156.96756598178496,134.99885467910852,128.30364652631374,99.67676172916416,116.82875300304424,23.423374995727237
side_person11.mp4,side,645,11494,56.11652967318205,848,478,145.6743781758517,152.84182501294458,133.27244104646365,129.40759620962385,97.02775145928267,118.19909052146343,24.042833304331936
side_person11.mp4,side,646,11512,56.11652967318205,848,478,143.3144246315134,145.81152876299458,131.36755182114118,131.63234540089175,99.08743103258729,118.55416061959652,24.70127280173967
side_person11.mp4,side,647,11530,56.11652967318205,848,478,141.80526786203833,143.2761175820592,129.5605836293784,132.9417805177989,98.00280100553553,118.1005853848071,26.18421079212959
side_person11.mp4,side,648,11547,56.11652967318205,848,478,140.59979363701993,142.31385459385882,128.0380732811927,132.20203660136508,97.77758948149153,119.06843670899278,27.58329986061113
side_person11.mp4,side,649,11565,56.11652967318205,848,478,139.5007151933648,145.80725944314452,126.43632109059111,128.78856476016193,97.56277944400404,119.99142398136127,28.239327157986093
side_person11.mp4,side,650,11583,56.11652967318205,848,478,141.3200302784281,148.32054028923858,129.1666425043669,129.28392008934796,96.5964926071666,133.01196784856998,30.828320263818277
side_person11.mp4,side,651,11601,56.11652967318205,848,478,139.57740862076636,147.92003812218573,127.24867061110733,128.28006067022756,95.88823123755917,135.9704205263724,32.66035009325596
side_person11.mp4,side,652,11619,56.11652967318205,848,478,139.98160413719125,147.7826003515422,127.53925025669551,127.0831027487695,97.38386114462394,134.17125316519497,33.355591180525025
side_person11.mp4,side,653,11637,56.11652967318205,848,478,139.6828022763432,147.66447422987918,126.900015296007,129.53602306481744,94.0904234040939,128.41437812307848,37.12654738470395
side_person11.mp4,side,654,11654,56.11652967318205,848,478,138.26208584914465,147.45884356773155,125.35211012245304,129.27858177339706,93.31739249316122,125.53646666367067,38.311217964002985
side_person11.mp4,side,655,11672,56.11652967318205,848,478,136.84855139904005,146.99957546915303,123.97140857312806,126.12733422515021,93.66417903559093,124.2414868689136,37.32192491937244
side_person11.mp4,side,656,11690,56.11652967318205,848,478,133.8244279479705,145.94399476388764,120.73693101632517,125.58017595164698,91.1723225758556,127.08887560739575,38.86256728632996
side_person11.mp4,side,657,11708,56.11652967318205,848,478,130.96715649091036,143.10404078020696,117.52427972869451,123.54463061219667,88.4172281582529,125.83667156545036,39.12858894175745
side_person11.mp4,side,658,11726,56.11652967318205,848,478,127.01365936812834,141.40869792019058,113.48130154630493,119.77337327266733,92.0955965047784,121.87512955791382,38.38624274119094
side_person11.mp4,side,659,11743,56.11652967318205,848,478,123.11638238249829,141.12285805009301,109.568094180767,117.51708461279308,91.70584523351665,118.5506200135674,38.37246001082469
side_person11.mp4,side,660,11761,56.11652967318205,848,478,121.36123276996241,140.2200826135456,107.85488535704566,114.19904955784642,94.1082876514876,119.47138312474158,38.542224081390195
side_person11.mp4,side,661,11779,56.11652967318205,848,478,118.95570012881237,139.6229681276901,105.38108741126551,114.04612307332249,94.62357223882825,121.03673842188707,39.44555520034212
side_person11.mp4,side,662,11797,56.11652967318205,848,478,116.87902583291729,138.54508497650542,103.5741577261106,112.36310515039641,97.81234543356337,122.37228808371343,39.807707931135035
side_person11.mp4,side,663,11815,56.11652967318205,848,478,116.12401201626936,137.86326619277614,102.7918847359586,111.8510612947374,99.2377550916011,121.37283783275771,40.83619271177731
side_person11.mp4,side,664,11833,56.11652967318205,848,478,115.47277245346727,137.43121816850936,102.09680600848061,113.50737258799259,96.78349768702192,126.05546023487958,42.31366160372235
side_person11.mp4,side,665,11850,56.11652967318205,848,478,113.50229690069085,137.3675916175829,100.65288383630963,112.38263093741737,98.8698924724038,128.89247465954404,42.19304329451162
side_person11.mp4,side,666,11868,56.11652967318205,848,478,113.47914471575359,136.8522915801782,100.69174608815223,112.75594870381015,95.22113634410181,128.32338400926417,42.99773748085617
side_person11.mp4,side,667,11886,56.11652967318205,848,478,112.49775267409844,137.26920269931884,99.62948380022245,111.26235008278229,94.66844945212077,128.57861973471944,42.378582650136835
side_person11.mp4,side,668,11904,56.11652967318205,848,478,111.80222769885178,138.0044867919496,98.9608755031525,111.2662577134016,96.4214287196188,128.86349960902467,42.3466297945109
side_person11.mp4,side,669,11922,56.11652967318205,848,478,111.34908814841224,138.18505340816182,98.78625013529195,110.46905887056727,98.45575914588007,128.27634496131827,42.084638098447066
side_person11.mp4,side,670,11939,56.11652967318205,848,478,111.19305072903627,138.5748318122919,98.61117048497003,109.84402061319997,100.8556046623812,129.3221019941824,41.69419965731992
side_person11.mp4,side,671,11957,56.11652967318205,848,478,111.40858166753436,138.85694369535824,98.81321746460537,109.65314342654261,100.79025034834626,129.26893533681547,41.40678345388835
side_person11.mp4,side,672,11975,56.11652967318205,848,478,111.64017055844836,138.89091915243893,99.27244356594096,109.6954138776457,100.77448953590674,128.35543875580183,41.48681740822517
side_person11.mp4,side,673,11993,56.11652967318205,848,478,112.49811026500575,139.16751362588502,99.76950668343811,107.80738632082952,99.80624911880736,127.33101884883483,40.55575000192806
side_person11.mp4,side,674,12011,56.11652967318205,848,478,113.401440841322,139.18951966820424,100.659960024324,107.90622654201131,100.47885315266362,126.74319729713892,40.464723970095505
side_person11.mp4,side,675,12029,56.11652967318205,848,478,113.89369589660582,138.73616044523766,101.04413930037721,107.65705018249842,99.01170229795092,127.02309711458169,39.3191176606574
side_person11.mp4,side,676,12046,56.11652967318205,848,478,113.99644721330046,137.95916117120126,101.30682194227356,108.08977600636025,101.07605218168933,128.56850375546307,39.34298033958492
side_person11.mp4,side,677,12064,56.11652967318205,848,478,114.18681118675826,138.10281328717647,101.6932933410391,108.44889333246165,101.35125311430801,128.0795480039612,39.14130541401224
side_person11.mp4,side,678,12082,56.11652967318205,848,478,114.17624194307778,138.33026900717707,102.01599067043284,107.80072026315351,95.74795445167616,126.399337156594,38.24468728415537
side_person11.mp4,side,679,12100,56.11652967318205,848,478,112.64668132105538,137.51425775131239,100.72636439925948,108.77230022245033,92.60800568350078,121.96512034794293,37.58002686589289
side_person11.mp4,side,680,12118,56.11652967318205,848,478,115.43426350053558,138.35428433493996,103.28384720211805,110.83932028845584,91.85822491009816,121.91903247811565,37.76024280946502
side_person11.mp4,side,681,12135,56.11652967318205,848,478,118.8684824539113,140.00882747516394,106.67803882070754,114.75332150742128,94.4212444541423,118.09705789348979,39.24104791582877
side_person11.mp4,side,682,12153,56.11652967318205,848,478,121.68229957796319,139.45937086937226,108.96874410887004,116.66249327964755,92.17738110797045,119.23520182592206,38.468881183937185
side_person11.mp4,side,683,12171,56.11652967318205,848,478,123.50156406508532,138.98612293483984,110.98739942377644,118.89767671605095,94.87649163264243,121.53146266698309,37.581934939941746
side_person11.mp4,side,684,12189,56.11652967318205,848,478,128.0080795743853,140.28934298672505,115.42350709008196,121.21824632411361,91.68956933299972,122.90991025857255,36.992005509324606
side_person11.mp4,side,685,12207,56.11652967318205,848,478,130.6626755527202,141.3066560693869,117.64564843860346,123.64553247068898,90.86140990582808,122.0123526646623,36.6643893298775
side_person11.mp4,side,686,12225,56.11652967318205,848,478,133.58706004572875,143.26871865781797,119.30881700221222,124.74808557081498,91.06108495272659,124.07151729469736,35.267539827756785
side_person11.mp4,side,687,12242,56.11652967318205,848,478,135.6756370863184,145.5682896797879,121.54058913230864,125.16877785794706,93.18035638453769,125.61873119657002,32.81871900951563
side_person11.mp4,side,688,12260,56.11652967318205,848,478,139.05975864930116,148.78253658543616,124.49165844841816,122.546073574774,96.53544134641608,125.93876539257666,27.56755695443927
side_person11.mp4,side,689,12278,56.11652967318205,848,478,140.20117866545368,149.77355171781164,126.33693098196012,122.96747608415659,99.12969342497193,127.52864671453028,24.360436458273877
side_person11.mp4,side,690,12296,56.11652967318205,848,478,140.57633671577534,151.45365537738576,122.83426764330346,124.29930271930304,103.01472840935233,124.47330287653641,22.972450097334452
side_person11.mp4,side,691,12314,56.11652967318205,848,478,142.61350864468102,152.92009734623053,126.97490703026212,125.1202211575611,102.30417331057049,124.9561932535976,21.10772240713541
side_person11.mp4,side,692,12331,56.11652967318205,848,478,145.82617490694412,154.80309762749286,129.50640205908974,127.6697424390548,102.05235294933446,125.63429339783882,20.772407605824654
side_person11.mp4,side,693,12349,56.11652967318205,848,478,148.58842863073775,156.40129801815507,131.20618779626108,128.8045685675152,105.26062242678432,120.95292326079354,19.527718609647298
side_person11.mp4,side,694,12367,56.11652967318205,848,478,149.75154881953685,159.07754747350873,131.4174737153974,129.82178335802362,104.91398978532538,122.84411354865965,20.14009219098972
side_person11.mp4,side,695,12385,56.11652967318205,848,478,149.12687361062203,159.21881254546878,134.28458081702206,130.65809383389572,102.06307334754922,119.53576883436425,18.79799458249422
side_person11.mp4,side,696,12403,56.11652967318205,848,478,155.471971393056,161.3918898325209,139.8771676894,132.67776433554167,108.86273691881375,122.39118964724352,17.480902357296216
side_person11.mp4,side,697,12421,56.11652967318205,848,478,157.98427674846644,163.3083083907957,143.39411918363382,133.56944247145822,113.78353140807161,114.85744762570114,16.844879920962946
side_person11.mp4,side,698,12438,56.11652967318205,848,478,159.860707782057,164.24111124950812,145.64714346305107,134.97362855874118,113.4081687935126,114.85540241383842,16.16001052696264
side_person11.mp4,side,699,12456,56.11652967318205,848,478,160.5109892645928,165.62093566786822,147.4314368268487,135.1219746646468,107.45870017948332,118.40070775042751,15.75702947424988
side_person11.mp4,side,700,12474,56.11652967318205,848,478,162.30641256844444,167.28941445829503,150.11691181747852,133.87549728291708,103.61336572895001,107.34976048669009,15.78001734708411
side_person11.mp4,side,701,12492,56.11652967318205,848,478,164.22359907400383,169.59606680685735,152.43483467345308,131.71060503227008,104.09354565544585,105.77051786320628,15.216757090044254
side_person11.mp4,side,702,12510,56.11652967318205,848,478,165.63506078940688,171.36002754249787,154.3906140357351,128.95144186712213,102.08147401680968,102.83645183180658,15.154456654897093
side_person11.mp4,side,703,12528,56.11652967318205,848,478,166.90674768749764,172.34378586347412,155.6101806237549,128.89114860173783,101.97243395657897,101.51008712200996,14.995094006188468
side_person11.mp4,side,704,12545,56.11652967318205,848,478,168.62135405577877,172.8666490506319,157.93961193250456,130.17655254972556,96.80439779646646,96.01454661825392,15.47764674430284
side_person11.mp4,side,705,12563,56.11652967318205,848,478,170.5631549494026,172.7844064536248,160.26147674797429,132.98793066195438,96.1443005035581,102.83312932805845,14.958192363729365
side_person11.mp4,side,706,12581,56.11652967318205,848,478,172.5732737776272,173.09808069879043,162.14911162724502,133.97780655523462,95.38424632831178,93.55623130462352,15.093981622794091
side_person11.mp4,side,707,12599,56.11652967318205,848,478,174.12684946737474,173.16193672247164,163.75876375796548,134.92420373575374,95.78278863226794,87.50878383868093,14.960411104304699
side_person11.mp4,side,708,12617,56.11652967318205,848,478,175.56256063303832,173.63966568675545,165.06891659014312,134.369302988746,96.81103979677988,87.05059674180826,14.643128503930084
side_person11.mp4,side,709,12634,56.11652967318205,848,478,175.91913951637252,173.16432700207542,166.17601355835063,135.52944453295748,94.1010443829711,89.4418265517483,14.576764184343002
side_person11.mp4,side,710,12652,56.11652967318205,848,478,176.833629130373,171.92366690754434,167.124751659179,136.16032949753264,95.46128588475491,73.41273523582761,13.986029128974007
side_person11.mp4,side,711,12670,56.11652967318205,848,478,176.76007756208634,173.8549328089559,167.61513349535673,135.92662075633905,93.24209232315594,74.12738075319582,13.293560777380755
side_person11.mp4,side,712,12688,56.11652967318205,848,478,178.8232758739532,173.46135299945755,168.53646787438106,134.34154238091702,95.46106740854468,78.87892587420305,12.2600144979061
side_person11.mp4,side,713,12706,56.11652967318205,848,478,179.26744375614368,172.57392981121998,169.2822778121087,134.39873028115545,96.04030348269454,79.5926208031391,11.774988553982778
side_person11.mp4,side,714,12724,56.11652967318205,848,478,179.60475987061997,172.71718323185172,170.3899536834964,133.98673226229909,97.17493019308444,82.23704769906867,11.264551846625075
side_person11.mp4,side,715,12741,56.11652967318205,848,478,177.4920876248183,172.93089002524002,169.922277864496,134.30449728773442,100.93332853565347,80.6263264706729,11.175527477848995
side_person11.mp4,side,716,12759,56.11652967318205,848,478,176.97720059473136,172.8949860616168,170.22517789924242,133.932005521558,102.42339445928842,81.33308042592668,10.742199114813227
side_person11.mp4,side,717,12777,56.11652967318205,848,478,177.03235455743265,173.2783023117366,170.25425424895462,133.88303972723665,103.33838216364772,83.87032868584053,10.959670012098583
side_person11.mp4,side,718,12795,56.11652967318205,848,478,176.78649462796307,173.55047435522005,169.97182991980895,134.23054901962138,104.38963207176339,84.16775806800457,11.014680524850153
side_person11.mp4,side,719,12813,56.11652967318205,848,478,177.2031725638813,173.5665373005487,170.3321218665908,134.60327762112283,104.33420718201933,84.59772831396444,11.046662827819294
side_person11.mp4,side,720,12830,56.11652967318205,848,478,176.396863550514,173.74786698382206,169.6238427742686,134.904927833742,104.74937886271634,83.48283387046922,11.122438236027406
side_person11.mp4,side,721,12848,56.11652967318205,848,478,177.30830180708517,173.67511115227748,169.41976287188746,135.22597446546555,104.63322487822084,84.40348188639351,11.347954496935728
side_person11.mp4,side,722,12866,56.11652967318205,848,478,176.85529571797565,173.38216762399605,168.15618894679616,134.8915077501677,105.0360219672687,85.15419639551418,11.083625154423101
side_person11.mp4,side,723,12884,56.11652967318205,848,478,177.18548589963598,172.32626249884902,168.07600347780846,135.23304372168096,105.1683409997908,86.7985967051704,11.314086819119478
side_person11.mp4,side,724,12902,56.11652967318205,848,478,176.94843638865206,171.5355838885236,168.1012360325025,136.13700328081842,106.48737495677878,89.89420281279843,12.099604160193627
side_person11.mp4,side,725,12920,56.11652967318205,848,478,177.62116465010362,171.35068202284506,168.24550416349135,137.35265358797454,106.2165242180822,90.58242816255543,12.646481570312329
side_person11.mp4,side,726,12937,56.11652967318205,848,478,179.00715727922983,170.8934852599517,168.0269076682258,137.44262889796056,105.12384270733006,91.35845845673244,12.643349189994035
side_person11.mp4,side,727,12955,56.11652967318205,848,478,179.1213360883363,170.77557298299,168.51664905056123,137.68019979930938,104.54944335879654,89.2974633232478,12.561119348844368
side_person11.mp4,side,728,12973,56.11652967318205,848,478,179.24733753330938,170.8022155427239,168.8044919948364,137.65835626350466,103.9539937010386,88.58003811295539,12.468129845639448
side_person11.mp4,side,729,12991,56.11652967318205,848,478,177.84403361875218,170.2900025612831,168.49933086076413,138.01162793037088,102.92400150935575,90.26631088045019,12.41478080620795
side_person11.mp4,side,730,13009,56.11652967318205,848,478,175.33320242703422,170.7356055659275,165.64363411979474,139.14333920133598,104.30555625703407,91.17327126933314,12.078976159664705
side_person11.mp4,side,731,13026,56.11652967318205,848,478,172.11987218371962,170.53562417262776,166.28942949917013,137.82529248024343,99.67163041658851,89.86022388019052,11.416357349217757
side_person11.mp4,side,732,13044,56.11652967318205,848,478,174.49204505412635,170.75759504075214,167.2918330380589,136.42567861226956,101.15954894417952,91.57819750267197,10.9811665576993
side_person11.mp4,side,733,13062,56.11652967318205,848,478,172.44896502463894,170.8212270906915,167.70016810899588,136.16317083929442,100.35918517113265,91.66418053206887,10.789161548957953
side_person11.mp4,side,734,13080,56.11652967318205,848,478,173.8633962178787,169.94652167713264,167.43035740963006,136.83669802332975,100.82901557656415,88.92560436065916,10.767086894992397
side_person11.mp4,side,735,13098,56.11652967318205,848,478,174.66814812819914,168.76496276555613,167.88342264894396,136.1562874239041,101.53846727725227,87.4393974966791,10.831140290568767
side_person11.mp4,side,736,13116,56.11652967318205,848,478,173.50853665400453,168.5441479653665,167.23949477207518,136.14131044509236,101.19940148142437,88.35760634572526,10.547083613498023
side_person11.mp4,side,737,13133,56.11652967318205,848,478,174.36415822952296,168.48530473752376,167.4733647819735,136.1088038645493,102.0403365313932,88.40398241197745,10.27603093611139
side_person11.mp4,side,738,13151,56.11652967318205,848,478,173.6910956344346,168.58619769865024,167.86554756847386,135.99900899221865,100.06595120574032,88.28878709093321,10.260605971751064
side_person11.mp4,side,739,13169,56.11652967318205,848,478,173.7484988457304,167.88804548404207,169.8321849807482,135.9100643388504,98.3751605675045,89.36081347439764,10.691230867430662
side_person11.mp4,side,740,13187,56.11652967318205,848,478,174.7989325622805,167.52505058361146,170.1648405196799,139.4027763266243,96.29117229571158,86.55961313782885,14.329525322479267
side_person11.mp4,side,741,13205,56.11652967318205,848,478,175.8857053190592,168.15190568569105,170.08717978779205,141.3260787632418,95.6403119926314,86.80003317976036,17.138083542596735
side_person11.mp4,side,742,13222,56.11652967318205,848,478,176.15866496202054,168.65359519937624,169.96956937681077,142.07150295542925,96.33058775433925,88.02779062645365,18.207471035763124
side_person11.mp4,side,743,13240,56.11652967318205,848,478,176.022574081128,169.01016099209315,168.82051977846993,143.61681821656313,95.75782106559637,86.19371176665408,20.091169194211055
side_person11.mp4,side,744,13258,56.11652967318205,848,478,175.46930442390982,168.99906478628955,166.95928837336817,143.39405034500916,96.8655009184237,85.80528918936254,20.31805238037903
side_person11.mp4,side,745,13276,56.11652967318205,848,478,174.7546270098169,169.43148847824722,165.86247017708823,144.03872200740113,95.42051523040723,84.0517043117431,21.039286625015567
side_person11.mp4,side,746,13294,56.11652967318205,848,478,174.37669710345023,169.06219493163326,166.05077103302833,144.66734337833003,93.91565688751156,82.01072046794057,21.98649919214535
side_person11.mp4,side,747,13312,56.11652967318205,848,478,174.6710541952007,169.26140317710392,164.9094382603351,146.66989808338374,94.73414068992773,80.09394738961703,23.21713123152983
side_person11.mp4,side,748,13329,56.11652967318205,848,478,174.54153023672828,169.59397496518335,159.54625719029852,146.39070636787469,96.06822882530831,78.66121540868389,24.068109382399353
side_person11.mp4,side,749,13347,56.11652967318205,848,478,173.01523382700225,170.13524762074837,156.56564669645692,151.11887267961353,93.33292665238149,78.57145696771715,28.320700265227096
side_person11.mp4,side,750,13365,56.11652967318205,848,478,172.9216090150551,170.13626629828292,158.03976413849185,153.95285532293988,92.56140291617362,78.80065880006195,29.911064653972204
side_person11.mp4,side,751,13383,56.11652967318205,848,478,173.63748878371194,170.30812400554245,157.52098509734236,153.70384202475614,93.48358514262247,79.18814257687288,30.577966246258622
side_person11.mp4,side,752,13401,56.11652967318205,848,478,174.84399519601394,169.66477187793447,155.6559666149371,155.50073867760162,94.51842034240173,81.34149626805103,31.976006974879816
side_person11.mp4,side,753,13419,56.11652967318205,848,478,175.1507582944567,169.84025321967883,155.33415122075405,153.899477085457,95.0757330217695,82.893340025835,32.21407526626065
side_person11.mp4,side,754,13436,56.11652967318205,848,478,175.2988792244924,169.85909209889587,156.09597753328612,153.43692053895393,95.16838122192868,83.2376992419309,31.423003976226436
side_person11.mp4,side,755,13454,56.11652967318205,848,478,175.51658572341245,169.9212167574204,156.10922867492224,152.86057843939116,95.70892321029065,83.77925768192698,31.481101183104123
side_person11.mp4,side,756,13472,56.11652967318205,848,478,176.55143771842805,170.02292999347304,156.28505047277278,151.47251773057448,96.24978679144071,84.12447653589074,30.886801454688143
side_person11.mp4,side,757,13490,56.11652967318205,848,478,176.44115711022465,170.03859614420728,155.42918408321347,151.0504631918059,96.86755279201562,82.87656228197721,30.16326842324852
side_person11.mp4,side,758,13508,56.11652967318205,848,478,176.51566686594333,169.88727740845954,154.71364209361016,151.07860775337852,97.81613053069749,81.17061725437551,29.900684908071764
side_person11.mp4,side,759,13525,56.11652967318205,848,478,176.5640411555718,169.41712901458126,154.9863492329351,151.42889503853607,98.9318872277897,79.54477805578576,30.043485820166605
side_person11.mp4,side,760,13543,56.11652967318205,848,478,174.84196405579124,167.72210045340648,155.1733181270684,153.34249200080984,96.65456149177628,72.48702615752246,30.19890089021782
